idx,y_true,y_pred,p_yes,lp_yes,lp_no,mode,raw_text
0,1,0,0.1066905825840872,-2.268360137939453,-0.14336001873016357,assist,no
1,1,0,0.10669058968506456,-2.2850515842437744,-0.16005153954029083,assist,no
2,1,0,0.053403333566198224,-2.9775142669677734,-0.1025143414735794,assist,no
3,1,0,0.4378234991142019,-0.9128519892692566,-0.6628519892692566,assist,no
4,1,0,0.01590639509399103,-4.149532794952393,-0.02453301101922989,assist,no
5,1,0,0.007577239685096113,-4.9020586013793945,-0.027058390900492668,assist,no
6,1,0,0.08509903920620716,-2.501572847366333,-0.12657277286052704,assist,no
7,1,0,0.0031726832371710297,-5.775339126586914,-0.02533925138413906,assist,no
8,1,1,0.880797071719777,-0.4280455708503723,-2.4280455112457275,assist,yes
9,1,0,0.0021827164453451808,-6.152163505554199,-0.02716350555419922,assist,no
10,1,0,0.00669285161773124,-5.052188396453857,-0.05218850076198578,assist,no
11,1,0,0.005911069469171754,-5.218120098114014,-0.09312020242214203,assist,no
12,1,0,0.04208773061904093,-3.2279462814331055,-0.10294634848833084,assist,no
13,1,0,0.0293122296913986,-3.5707685947418213,-0.0707685574889183,assist,no
14,1,0,0.24508500761839525,-1.4370965957641602,-0.31209656596183777,assist,no
15,1,0,0.010986941942435578,-4.518340587615967,-0.018340524286031723,assist,no
16,1,0,0.14804719239327382,-1.9179877042770386,-0.167987659573555,assist,no
17,1,0,0.20181323186177208,-1.65891432762146,-0.28391438722610474,assist,no
18,1,1,0.6224593312018546,-0.6887229681015015,-1.1887229681015015,assist,yes
19,1,0,0.014063624718802856,-4.300434589385986,-0.0504344217479229,assist,no
20,1,0,0.012431650853185818,-4.4394989013671875,-0.0644989013671875,assist,no
21,1,0,0.05340333507274787,-2.965402364730835,-0.09040246903896332,assist,no
22,1,0,0.29421497216298875,-1.317016839981079,-0.4420168399810791,assist,no
23,1,0,0.0006263340846572471,-7.394840240478516,-0.019840123131871223,assist,no
24,1,1,0.7310585786300049,-0.5164161920547485,-1.5164161920547485,assist,yes
25,1,1,0.5621765008857981,-0.7666313648223877,-1.0166313648223877,assist,yes
26,1,0,0.009708476123316394,-4.644758701324463,-0.019758664071559906,assist,no
27,1,0,0.0021827164696856935,-6.158951282501221,-0.0339512936770916,assist,no
28,1,0,0.34864513533394575,-1.1963717937469482,-0.5713717937469482,assist,no
29,1,1,0.5621765008857981,-0.6618327498435974,-0.9118327498435974,assist,yes
30,1,0,0.5,-0.7122862339019775,-0.7122862339019775,assist,no
31,1,0,0.2942149597859341,-1.4059464931488037,-0.5309464335441589,assist,no
32,1,0,0.005911069666184324,-5.156414031982422,-0.03141416981816292,assist,no
33,1,1,0.6224593312018546,-0.7995120286941528,-1.2995120286941528,assist,yes
34,1,1,0.7310585903489892,-0.49492329359054565,-1.4949233531951904,assist,yes
35,1,0,0.010986941982915435,-4.536901950836182,-0.036901891231536865,assist,no
36,1,0,0.0019267345110963803,-6.257627964019775,-0.007627884857356548,assist,no
37,1,1,0.8175744673038221,-0.5368140339851379,-2.036813974380493,assist,yes
38,1,0,0.03308597981882656,-3.4792559146881104,-0.10425595939159393,assist,no
39,1,0,0.0005527786863185436,-7.515990734100342,-0.01599082350730896,assist,no
40,1,0,0.09534945975773548,-2.415818691253662,-0.16581863164901733,assist,no
41,1,0,0.0019267343158824051,-6.280041694641113,-0.030041513964533806,assist,no
42,1,0,0.0031726827659043604,-5.775116443634033,-0.025116419419646263,assist,no
43,1,0,0.00048785705647918934,-7.642848491668701,-0.017848355695605278,assist,no
44,1,0,0.001169510368407681,-6.765225410461426,-0.01522549893707037,assist,no
45,1,1,0.880797071719777,-0.2850645184516907,-2.285064458847046,assist,yes
46,1,0,0.00010889689319297607,-9.137921333312988,-0.012921178713440895,assist,no
47,1,0,0.04742587284097443,-3.0711669921875,-0.0711669847369194,assist,no
48,1,0,0.020332351376256382,-3.8989827632904053,-0.023982664570212364,assist,no
49,1,0,0.03308598077224154,-3.4476511478424072,-0.0726512223482132,assist,no
50,1,1,0.7310585786300049,-0.3788348436355591,-1.378834843635559,assist,yes
51,1,1,0.7772998714925403,-0.5430967211723328,-1.7930967807769775,assist,yes
52,1,0,0.03308597481339833,-3.440309524536133,-0.06530941277742386,assist,no
53,1,0,0.09534945718704857,-2.3829104900360107,-0.13291040062904358,assist,no
54,1,0,0.04208772941751998,-3.19746470451355,-0.07246474176645279,assist,no
55,1,0,0.04742587250438209,-3.0889527797698975,-0.08895276486873627,assist,no
56,1,0,0.0004878570961020885,-7.628180027008057,-0.003179972292855382,assist,no
57,1,0,0.0008040859071953091,-7.132384777069092,-0.0073847416788339615,assist,no
58,1,0,0.0021827168489920515,-6.138068199157715,-0.013068384490907192,assist,no
59,1,0,0.0075772412398472724,-4.916823387145996,-0.041823383420705795,assist,no
60,1,0,0.006692850261795965,-5.008841514587402,-0.00884141493588686,assist,no
61,1,0,0.005220125654868455,-5.281370162963867,-0.03137015551328659,assist,no
62,1,0,0.0013250221805946513,-6.651370525360107,-0.026370346546173096,assist,no
63,1,0,0.2689414272294874,-1.4143242835998535,-0.4143243134021759,assist,no
64,1,0,0.010986943602109868,-4.557865619659424,-0.05786570906639099,assist,no
65,1,0,0.13296424535145931,-2.0933713912963867,-0.2183714359998703,assist,no
66,1,0,0.0017007220098035844,-6.401443958282471,-0.02644372172653675,assist,no
67,1,0,0.0019267347134741919,-6.2670674324035645,-0.017067458480596542,assist,no
68,1,0,0.053403331683011195,-2.9407525062561035,-0.0657525435090065,assist,no
69,1,0,0.00150118238237575,-6.507155895233154,-0.007155979052186012,assist,no
70,1,0,0.0013250222619322592,-6.647851467132568,-0.022851349785923958,assist,no
71,1,0,0.001032230906147535,-6.885767936706543,-0.010767810046672821,assist,no
72,1,1,0.851952809486198,-0.380196750164032,-2.1301968097686768,assist,yes
73,1,0,0.0028009273000822866,-5.9510393142700195,-0.07603943347930908,assist,no
74,1,0,0.002800927258462121,-5.924251079559326,-0.04925118386745453,assist,no
75,1,0,0.0013250224320018192,-6.63978910446167,-0.014789115637540817,assist,no
76,1,0,0.0011695105261557417,-6.767768383026123,-0.017768606543540955,assist,no
77,1,0,0.24508500210441886,-1.4632012844085693,-0.33820122480392456,assist,no
78,1,0,0.06008664933244599,-2.929683208465576,-0.17968319356441498,assist,no
79,1,0,0.0330859819640103,-3.4384031295776367,-0.06340324133634567,assist,no
80,1,0,0.047425875197120895,-3.081940174102783,-0.08194021880626678,assist,no
81,1,0,0.18242552602881168,-1.732624888420105,-0.23262490332126617,assist,no
82,1,0,0.06754668832401889,-2.771172046661377,-0.14617200195789337,assist,no
83,1,0,0.0011695100322411949,-6.779814720153809,-0.029814520850777626,assist,no
84,1,0,0.0008040860718127914,-7.144017219543457,-0.01901738904416561,assist,no
85,1,0,0.0010322311078205548,-6.885458946228027,-0.010459015145897865,assist,no
86,1,0,0.32082130082460697,-1.2684009075164795,-0.5184009075164795,assist,no
87,1,0,0.0002034268988786666,-8.51177978515625,-0.01177939586341381,assist,no
88,1,0,0.03308598017635717,-3.4251086711883545,-0.05010872706770897,assist,no
89,1,1,0.7310585786300049,-0.6062864065170288,-1.6062864065170288,assist,yes
90,1,0,0.2942149597859341,-1.3048148155212402,-0.42981475591659546,assist,no
91,1,0,0.0013250222594674832,-6.636293888092041,-0.011293768882751465,assist,no
92,1,0,0.02033235341686262,-3.903282880783081,-0.028282884508371353,assist,no
93,1,0,0.00015843617631829539,-8.763282775878906,-0.013282505795359612,assist,no
94,1,0,0.047425868128681874,-3.069032669067383,-0.06903255730867386,assist,no
95,1,0,0.002800927133601626,-5.881160259246826,-0.006160318851470947,assist,no
96,1,0,0.01590639308217917,-4.147965908050537,-0.022965995594859123,assist,no
97,1,0,0.22270014398423357,-1.5263932943344116,-0.276393324136734,assist,no
98,1,0,0.002182716242507586,-6.140846252441406,-0.01584615930914879,assist,no
99,1,0,0.004609572393034701,-5.3957109451293945,-0.020710991695523262,assist,no
100,1,0,0.0008040858308726696,-7.147467136383057,-0.022467005997896194,assist,no
101,1,0,0.0017007222359190595,-6.385165214538574,-0.010165111161768436,assist,no
102,1,0,0.005220125248624094,-5.280622959136963,-0.030622873455286026,assist,no
103,1,0,0.03732689136002139,-3.341377019882202,-0.0913771316409111,assist,no
104,1,0,0.003593601994499539,-5.647531509399414,-0.02253134548664093,assist,no
105,1,0,0.01590639217832175,-4.176053524017334,-0.05105355381965637,assist,no
106,1,0,0.0010322309993012581,-6.883336544036865,-0.008336507715284824,assist,no
107,1,0,0.0007096703218264191,-7.265545845031738,-0.015545736066997051,assist,no
108,1,0,0.06008665438181589,-2.879695177078247,-0.12969525158405304,assist,no
109,1,0,0.00043055702280564624,-7.759517669677734,-0.009517533704638481,assist,no
110,1,0,0.0003799844270209609,-7.884527683258057,-0.009527452290058136,assist,no
111,1,0,0.060086648911665194,-2.866594076156616,-0.11659405380487442,assist,no
112,1,0,0.002182716599501766,-6.151899814605713,-0.02689988538622856,assist,no
113,1,0,0.025957357009419556,-3.723304271697998,-0.09830426424741745,assist,no
114,1,0,0.07585818211049715,-2.637629508972168,-0.13762953877449036,assist,no
115,1,0,0.053403329046549465,-2.962186574935913,-0.08718656003475189,assist,no
116,1,1,0.6513548511303336,-0.7105076909065247,-1.3355076313018799,assist,yes
117,1,0,0.46879062662624377,-0.915503203868866,-0.790503203868866,assist,no
118,1,0,0.009708474422067633,-4.644442558288574,-0.019442344084382057,assist,no
119,1,0,0.37754066879814546,-1.1551111936569214,-0.6551111936569214,assist,no
120,1,0,0.00012339455742891838,-9.00362777709961,-0.0036276266910135746,assist,no
121,1,0,0.00017952798506061082,-8.634176254272461,-0.009176341816782951,assist,no
122,1,0,0.00037998456604615226,-7.8846869468688965,-0.009687081910669804,assist,no
123,1,0,0.0035936028348630845,-5.657161712646484,-0.032161783427000046,assist,no
124,1,0,0.00522012579028325,-5.291263580322266,-0.04126359894871712,assist,no
125,1,1,0.8519527906914787,-0.36370691657066345,-2.1137068271636963,assist,yes
126,1,0,0.0010322308562094598,-6.900084972381592,-0.02508479729294777,assist,no
127,1,0,0.03732688654095113,-3.3325695991516113,-0.08256957679986954,assist,no
128,1,0,0.0013250226402754404,-6.633634090423584,-0.00863425899296999,assist,no
129,1,0,0.2689414096510108,-1.3203542232513428,-0.320354163646698,assist,no
130,1,0,0.004070137311951585,-5.514133930206299,-0.014133830554783344,assist,no
131,1,1,0.5312093733737563,-0.7348860502243042,-0.8598860502243042,assist,yes
132,1,0,0.08509903804604459,-2.4878954887390137,-0.11289539933204651,assist,no
133,1,0,0.0015011819384521845,-6.517396926879883,-0.0173967145383358,assist,no
134,1,0,0.4073334000459302,-1.1297590732574463,-0.7547590732574463,assist,no
135,1,0,0.1480472036701053,-1.97996187210083,-0.22996191680431366,assist,no
136,1,0,0.006692850156540728,-5.047524452209473,-0.047524336725473404,assist,no
137,1,0,0.2018132174596823,-1.6281718015670776,-0.25317177176475525,assist,no
138,1,0,0.00103223090806823,-6.891776084899902,-0.016775960102677345,assist,no
139,1,0,0.00020342700874085947,-8.516990661621094,-0.016990812495350838,assist,no
140,1,0,0.015906393023865786,-4.155157566070557,-0.030157649889588356,assist,no
141,1,0,0.2018132174596823,-1.7014929056167603,-0.32649287581443787,assist,no
142,1,1,0.7057850278370112,-0.48683905601501465,-1.3618390560150146,assist,yes
143,1,0,0.10669058400428263,-2.305290699005127,-0.1802905946969986,assist,no
144,1,0,0.009708476230763695,-4.678092956542969,-0.05309293046593666,assist,no
145,1,1,0.7310585727705126,-0.461618572473526,-1.4616185426712036,assist,yes
146,1,0,0.005911067608497791,-5.163845539093018,-0.038845326751470566,assist,no
147,1,0,0.1329642384799526,-2.059753894805908,-0.184753879904747,assist,no
148,1,0,0.004070137157169107,-5.556366920471191,-0.05636678263545036,assist,no
149,1,0,0.00460957250413816,-5.401569843292236,-0.026569914072752,assist,no
150,1,0,0.0031726829013935206,-5.784116268157959,-0.03411628678441048,assist,no
151,1,0,0.00013982209986476333,-8.883123397827148,-0.008123571053147316,assist,no
152,1,0,0.003593603421783772,-5.665434837341309,-0.0404350720345974,assist,no
153,1,0,0.047425867792089564,-3.161381244659424,-0.16138112545013428,assist,no
154,1,1,0.8354835411997897,-0.35230645537376404,-1.9773064851760864,assist,yes
155,1,1,0.914900950352329,-0.31697016954421997,-2.691970109939575,assist,yes
156,1,0,0.06754669301670263,-2.755831718444824,-0.1308317482471466,assist,no
157,1,0,0.00970847658892137,-4.682558059692383,-0.05755807086825371,assist,no
158,1,1,0.6791786926816161,-0.47325804829597473,-1.2232580184936523,assist,yes
159,1,0,0.006692850367051205,-5.027655601501465,-0.02765551768243313,assist,no
160,1,1,0.7772998508568416,-0.5538557171821594,-1.8038556575775146,assist,yes
161,1,0,0.29421497216298875,-1.3507623672485352,-0.47576236724853516,assist,no
162,1,0,0.001926734645417934,-6.277085781097412,-0.027085771784186363,assist,no
163,1,0,0.03308597791199666,-3.470258951187134,-0.0952589362859726,assist,no
164,1,0,0.010986944371227304,-4.549670696258545,-0.049670856446027756,assist,no
165,1,0,0.0007096703396589189,-7.2699689865112305,-0.019968902692198753,assist,no
166,1,0,0.003172683354987708,-5.76500129699707,-0.015001459047198296,assist,no
167,1,0,0.0017007220698902112,-6.4122090339660645,-0.037208832800388336,assist,no
168,1,0,0.0013250223371079318,-6.6354146003723145,-0.010414539836347103,assist,no
169,1,0,0.24508501864634827,-1.542250156402588,-0.4172501862049103,assist,no
170,1,0,0.14804718675485834,-2.0203170776367188,-0.2703169882297516,assist,no
171,1,0,0.0013250226612260432,-6.643372058868408,-0.018372243270277977,assist,no
172,1,0,0.002182716234394082,-6.150620460510254,-0.025620363652706146,assist,no
173,1,0,0.003172682913175187,-5.77345609664917,-0.023456119000911713,assist,no
174,1,0,0.20181322226037882,-1.6952093839645386,-0.3202093839645386,assist,no
175,1,0,0.0035936027481589,-5.651707649230957,-0.026707695797085762,assist,no
176,1,0,0.24508500761839525,-1.5146512985229492,-0.38965126872062683,assist,no
177,1,1,0.9324533144915912,-0.2528466284275055,-2.8778467178344727,assist,yes
178,1,0,0.14804719239327382,-1.99602472782135,-0.24602468311786652,assist,no
179,1,1,0.9046505376715775,-0.37527987360954285,-2.6252799034118652,assist,yes
180,1,0,0.1645164628965632,-1.8823457956314087,-0.2573457956314087,assist,no
181,1,0,0.4378234991142019,-0.8433419466018677,-0.5933419466018677,assist,no
182,1,0,0.06754668926255561,-2.750009059906006,-0.12500903010368347,assist,no
183,1,0,0.014063625906851259,-4.289534091949463,-0.039534009993076324,assist,no
184,1,0,0.00013982205553123773,-8.879450798034668,-0.004450654145330191,assist,no
185,1,0,0.005911068308986744,-5.171810626983643,-0.04681053385138512,assist,no
186,1,1,0.5312093733737563,-0.7554193139076233,-0.8804193139076233,assist,yes
187,1,0,0.0009110510689396431,-7.032248497009277,-0.0322483591735363,assist,no
188,1,0,0.08509904268669496,-2.5345168113708496,-0.15951678156852722,assist,no
189,1,0,0.005911069660711753,-5.139325141906738,-0.01432527881115675,assist,no
190,1,0,0.01590639480242408,-4.184446334838867,-0.059446532279253006,assist,no
191,1,0,0.00020342699586046138,-8.5134859085083,-0.013485996052622795,assist,no
192,1,0,0.010986943784269256,-4.523031711578369,-0.023031817749142647,assist,no
193,1,0,0.0075772412398472724,-4.908454418182373,-0.03345441445708275,assist,no
194,1,0,0.022977372084420553,-3.823763608932495,-0.07376370579004288,assist,no
195,1,0,0.00029595713445487514,-8.136880874633789,-0.011880945414304733,assist,no
196,1,1,0.754914997895581,-0.45236510038375854,-1.5773651599884033,assist,yes
197,1,1,0.6513548646660542,-0.5495229959487915,-1.1745229959487915,assist,yes
198,1,1,0.5312093733737563,-0.822985053062439,-0.947985053062439,assist,yes
199,1,0,0.2942149845400438,-1.3378677368164062,-0.462867796421051,assist,no
200,1,0,0.13296422989056964,-2.1373767852783203,-0.26237669587135315,assist,no
201,1,0,8.481100144392352e-05,-9.393757820129395,-0.018757345154881477,assist,no
202,1,0,0.014063625751888418,-4.302252292633057,-0.05225219950079918,assist,no
203,1,0,0.0953494738965146,-2.374664545059204,-0.12466464936733246,assist,no
204,1,0,0.04208772641371775,-3.2128748893737793,-0.08787485212087631,assist,no
205,1,0,0.24508501864634827,-1.4475973844528198,-0.3225974142551422,assist,no
206,1,0,0.04742587553371325,-3.110111951828003,-0.11011200398206711,assist,no
207,1,0,0.24508502416032488,-1.560610294342041,-0.4356103539466858,assist,no
208,1,0,0.4073334000459302,-0.9083606600761414,-0.5333606600761414,assist,no
209,1,0,0.07585818785594478,-2.6213271617889404,-0.12132727354764938,assist,no
210,1,0,0.005220124910087149,-5.267050266265869,-0.017050115391612053,assist,no
211,1,1,0.754914975839675,-0.3944903016090393,-1.5194902420043945,assist,yes
212,1,0,0.015906389379279733,-4.169313430786133,-0.044313281774520874,assist,no
213,1,0,0.0005527787526930066,-7.51393461227417,-0.01393482182174921,assist,no
214,1,0,0.3486451488696663,-1.119455337524414,-0.49445539712905884,assist,no
215,1,0,0.01798620772493562,-4.041871070861816,-0.04187094420194626,assist,no
216,1,1,0.6224593171945417,-0.5730822682380676,-1.0730822086334229,assist,yes
217,1,1,0.8807970873650403,-0.26539745926856995,-2.265397548675537,assist,yes
218,1,0,0.0005527787038125873,-7.522387504577637,-0.02238762564957142,assist,no
219,1,0,0.00048785717682382133,-7.634701728820801,-0.00970183964818716,assist,no
220,1,1,0.7549149813536518,-0.4162643253803253,-1.541264295578003,assist,yes
221,1,0,0.0010322312624365634,-6.884252071380615,-0.009252290241420269,assist,no
222,1,0,0.29421497216298875,-1.4083006381988525,-0.5333006381988525,assist,no
223,1,0,0.04208773242132242,-3.214906930923462,-0.08990704268217087,assist,no
224,1,0,0.008577485714667635,-4.779137134552002,-0.02913716994225979,assist,no
225,1,0,0.001926734473486347,-6.26398229598999,-0.013982197269797325,assist,no
226,1,0,0.0024726234506656126,-6.023507118225098,-0.023507237434387207,assist,no
227,1,1,0.5312093733737563,-0.9084511995315552,-1.0334511995315552,assist,yes
228,1,0,0.24508500761839525,-1.502960205078125,-0.3779601752758026,assist,no
229,1,0,0.2018132270610754,-1.7218576669692993,-0.3468576967716217,assist,no
230,1,0,0.32082130082460697,-1.2716515064239502,-0.5216515064239502,assist,no
231,1,0,0.004609573016923394,-5.399692058563232,-0.024692241102457047,assist,no
232,1,0,0.002800927414537748,-5.893263816833496,-0.018263977020978928,assist,no
233,1,0,0.009708477448499847,-4.6725687980651855,-0.047568898648023605,assist,no
234,1,0,0.004070138123615894,-5.556350231170654,-0.056350331753492355,assist,no
235,1,0,0.24508501313237172,-1.582283854484558,-0.4572838544845581,assist,no
236,1,0,0.46879062662624377,-0.9414003491401672,-0.8164003491401672,assist,no
237,1,0,0.0015011823411941554,-6.505198001861572,-0.00519805820658803,assist,no
238,1,0,0.00012339460861953257,-9.016837120056152,-0.016837384551763535,assist,no
239,1,0,0.0008040861092258604,-7.1409382820129395,-0.015938498079776764,assist,no
240,1,0,0.001700722360836013,-6.392256736755371,-0.017256706953048706,assist,no
241,1,0,0.4073333856566001,-1.0244240760803223,-0.6494240164756775,assist,no
242,1,0,0.00460957164949623,-5.408649921417236,-0.033649805933237076,assist,no
243,1,1,0.9399133515091156,-0.16239473223686218,-2.9123947620391846,assist,yes
244,1,0,0.03308597505175204,-3.4576785564422607,-0.08267845213413239,assist,no
245,1,0,0.003172682365327746,-5.77632474899292,-0.026324598118662834,assist,no
246,1,0,0.00359360309497565,-5.641229629516602,-0.016229772940278053,assist,no
247,1,0,0.0019267346149717144,-6.2630934715271,-0.013093446381390095,assist,no
248,1,0,0.06754669583231304,-2.732917547225952,-0.10791762173175812,assist,no
249,1,0,0.2942149845400438,-1.3608582019805908,-0.4858582615852356,assist,no
250,1,0,0.003172682930847687,-5.770700454711914,-0.0207004826515913,assist,no
251,1,0,0.008577484558364407,-4.810255527496338,-0.06025542691349983,assist,no
252,1,0,0.46879062662624377,-0.8993377685546875,-0.7743377685546875,assist,no
253,1,0,0.0003799844807915123,-7.894975185394287,-0.019975095987319946,assist,no
254,1,0,0.00857748436828718,-4.799986839294434,-0.049986716359853745,assist,no
255,1,0,0.0009110512384815421,-7.010915756225586,-0.010915804654359818,assist,no
256,1,0,0.32082130082460697,-1.272093415260315,-0.5220934152603149,assist,no
257,1,0,0.07585817166422973,-2.711329460144043,-0.21132934093475342,assist,no
258,1,0,0.29421497216298875,-1.3311089277267456,-0.4561089277267456,assist,no
259,1,0,0.010986940303001465,-4.520995140075684,-0.020994925871491432,assist,no
260,1,1,0.6224593312018546,-0.7685209512710571,-1.2685209512710571,assist,yes
261,1,0,0.0015011823111804523,-6.5122761726379395,-0.012276208959519863,assist,no
262,1,0,0.029312232235297192,-3.5645642280578613,-0.0645642802119255,assist,no
263,1,0,0.012431651241939954,-4.394387245178223,-0.019387276843190193,assist,no
264,1,1,0.679178699175393,-0.47341489791870117,-1.2234148979187012,assist,yes
265,1,0,0.3775406828054583,-1.0596742630004883,-0.5596743226051331,assist,no
266,1,0,0.004609571675135486,-5.405276775360107,-0.030276665464043617,assist,no
267,1,0,0.003593602928236824,-5.642494201660156,-0.01749429851770401,assist,no
268,1,0,0.0600866518571309,-2.8800411224365234,-0.13004115223884583,assist,no
269,1,1,0.5621765008857981,-0.7581535577774048,-1.0081535577774048,assist,yes
270,1,0,0.0009110513927646977,-7.010284423828125,-0.01028464175760746,assist,no
271,1,1,0.6513548782017746,-0.5464684367179871,-1.1714684963226318,assist,yes
272,1,0,0.0007096705311932044,-7.264354705810547,-0.014354892075061798,assist,no
273,1,0,0.020332353787881955,-3.9530205726623535,-0.0780205950140953,assist,no
274,1,0,0.0015011819272842978,-6.518661975860596,-0.018661756068468094,assist,no
275,1,0,0.0028009271075890227,-5.8939738273620605,-0.018973877653479576,assist,no
276,1,0,0.015906393986036643,-4.159430503845215,-0.034430649131536484,assist,no
277,1,1,0.7772998611746911,-0.41696834564208984,-1.6669683456420898,assist,yes
278,1,0,0.000430557143851741,-7.765275955200195,-0.015276100486516953,assist,no
279,1,1,0.8354835330070839,-0.2797333300113678,-1.9047333002090454,assist,yes
280,1,0,0.0024726229407059006,-6.027617454528809,-0.02761736698448658,assist,no
281,1,0,0.0019267349301796595,-6.261437892913818,-0.011438031680881977,assist,no
282,1,0,4.5397849973222e-05,-10.01081657409668,-0.010816161520779133,assist,no
283,1,0,0.0006263340899038307,-7.384809494018555,-0.009809385053813457,assist,no
284,1,1,0.9579122732859019,-0.15530940890312195,-3.2803094387054443,assist,yes
285,1,0,0.004070138629490473,-5.516549110412598,-0.016549335792660713,assist,no
286,1,0,0.004609572499864951,-5.386588096618652,-0.01158816646784544,assist,no
287,1,0,0.00757724015432278,-4.8905863761901855,-0.015586228109896183,assist,no
288,1,0,0.008577485603789237,-4.828375339508057,-0.07837536185979843,assist,no
289,1,0,0.029312227783474795,-3.5811479091644287,-0.08114780485630035,assist,no
290,1,0,0.24508501313237172,-1.433476209640503,-0.30847620964050293,assist,no
291,1,0,0.005911068352767307,-5.183455944061279,-0.05845585837960243,assist,no
292,1,0,0.005911069168180337,-5.133729457855225,-0.008729510940611362,assist,no
293,1,0,0.01590639042892043,-4.176130771636963,-0.051130689680576324,assist,no
294,1,0,0.07585818054355695,-2.618065595626831,-0.11806560307741165,assist,no
295,1,0,0.0019267350850972196,-6.256153583526611,-0.00615380285307765,assist,no
296,1,0,0.00591106763038807,-5.144086837768555,-0.019086629152297974,assist,no
297,1,0,0.0002034269788128769,-8.515145301818848,-0.015145305544137955,assist,no
298,1,0,0.3208212878370535,-1.3446762561798096,-0.5946761965751648,assist,no
299,1,0,0.0031726827717951933,-5.763537883758545,-0.013537861406803131,assist,no
300,1,0,0.0600866447038573,-2.873222589492798,-0.12322249263525009,assist,no
301,1,0,0.053403333566198224,-3.001067876815796,-0.12606795132160187,assist,no
302,1,0,0.13296425394084313,-2.140557289123535,-0.2655574083328247,assist,no
303,1,0,0.0013250223617556941,-6.632173538208008,-0.007173496298491955,assist,no
304,1,0,0.37754066879814546,-1.0554273128509521,-0.5554273128509521,assist,no
305,1,0,0.009708477573855047,-4.6464738845825195,-0.021473998203873634,assist,no
306,1,0,0.006692851085263475,-5.024275302886963,-0.02427532710134983,assist,no
307,1,0,0.010986942306754304,-4.518415927886963,-0.018415898084640503,assist,no
308,1,0,0.0011695103869022799,-6.763298988342285,-0.013299092650413513,assist,no
309,1,1,0.7057850278370112,-0.8200900554656982,-1.6950900554656982,assist,yes
310,1,0,0.010986940363721243,-4.542244911193848,-0.04224470257759094,assist,no
311,1,1,0.7057850278370112,-0.47933244705200195,-1.354332447052002,assist,yes
312,1,0,0.015906392878082327,-4.168848037719727,-0.04384811222553253,assist,no
313,1,0,0.37754066879814546,-1.1462396383285522,-0.6462396383285522,assist,no
314,1,0,0.0028009272974810267,-5.883144855499268,-0.008144973777234554,assist,no
315,1,0,0.2689414213699951,-1.4621100425720215,-0.4621100425720215,assist,no
316,1,0,0.16451646904109268,-1.8666738271713257,-0.24167387187480927,assist,no
317,1,0,0.0330859781503504,-3.4367098808288574,-0.061709873378276825,assist,no
318,1,0,0.08509904036636974,-2.487767457962036,-0.11276739835739136,assist,no
319,1,0,0.003172682606851875,-5.762246608734131,-0.01224653422832489,assist,no
320,1,0,0.0024726235884925795,-6.010871410369873,-0.010871585458517075,assist,no
321,1,0,0.0040701372100216595,-5.523341655731201,-0.023341530933976173,assist,no
322,1,0,0.0011695100083070151,-6.776434421539307,-0.02643420174717903,assist,no
323,1,0,0.0031726832077168614,-5.766598701477051,-0.016598816961050034,assist,no
324,1,1,0.9324533079218341,-0.15051914751529694,-2.7755191326141357,assist,yes
325,1,1,0.8933094145755219,-0.33340802788734436,-2.4584081172943115,assist,yes
326,1,0,0.08509904616718289,-2.5346274375915527,-0.15962745249271393,assist,no
327,1,0,0.24508502416032488,-1.4632372856140137,-0.33823734521865845,assist,no
328,1,0,0.004609572572509522,-5.395148754119873,-0.02014883980154991,assist,no
329,1,0,0.000911051020196353,-7.007453918457031,-0.0074537270702421665,assist,no
330,1,0,0.015906392440731963,-4.150829792022705,-0.02582983858883381,assist,no
331,1,0,0.014063628412084082,-4.279630661010742,-0.029630759730935097,assist,no
332,1,0,0.4073334000459302,-0.9803718328475952,-0.6053718328475952,assist,no
333,1,0,0.0028009263636286927,-5.896538734436035,-0.021538518369197845,assist,no
334,1,0,0.0040701376101910085,-5.535851955413818,-0.03585192933678627,assist,no
335,1,0,0.008577486490816461,-4.785470008850098,-0.035470135509967804,assist,no
336,1,0,0.0011695104913423747,-6.764991283416748,-0.014991477131843567,assist,no
337,1,0,0.00037998453951462323,-7.894525051116943,-0.019525116309523582,assist,no
338,1,0,0.0066928517663269035,-5.049377918243408,-0.04937804490327835,assist,no
339,1,0,0.04208772340991573,-3.1916189193725586,-0.06661880761384964,assist,no
340,1,1,0.7310585727705126,-0.44247308373451233,-1.44247305393219,assist,yes
341,1,0,0.017986213910014467,-4.050711631774902,-0.05071185529232025,assist,no
342,1,0,0.0005527785741508645,-7.517275333404541,-0.017275219783186913,assist,no
343,1,0,0.01590639066217393,-4.192808151245117,-0.06780808418989182,assist,no
344,1,0,0.1645164628965632,-1.9723949432373047,-0.3473949432373047,assist,no
345,1,0,0.0024726232898674935,-6.017422199249268,-0.017422253265976906,assist,no
346,1,0,0.11920293297380237,-2.172924518585205,-0.17292462289333344,assist,no
347,1,0,0.005220125848318164,-5.29766321182251,-0.04766324162483215,assist,no
348,1,1,0.7981867777396212,-0.46442902088165283,-1.8394290208816528,assist,yes
349,1,1,0.6513548511303336,-0.6032753586769104,-1.2282752990722656,assist,yes
350,1,0,0.0031726833726602103,-5.775815963745117,-0.02581613138318062,assist,no
351,1,0,0.11920292515117029,-2.2220301628112793,-0.22203019261360168,assist,no
352,1,0,0.0017007227687927098,-6.392270088195801,-0.017270298674702644,assist,no
353,1,0,0.0024726236022752763,-6.020440578460693,-0.020440759137272835,assist,no
354,1,0,0.0024726236160579735,-6.013765335083008,-0.013765521347522736,assist,no
355,1,1,0.5312093733737563,-0.962509274482727,-1.087509274482727,assist,yes
356,1,0,0.003593602901558612,-5.6521124839782715,-0.027112573385238647,assist,no
357,1,0,0.0005527787012399338,-7.506170272827148,-0.0061703892424702644,assist,no
358,1,0,0.007577242724564895,-4.902721881866455,-0.027722075581550598,assist,no
359,1,0,0.010986944654586371,-4.56521463394165,-0.06521482020616531,assist,no
360,1,1,0.754914975839675,-0.47060972452163696,-1.5956096649169922,assist,yes
361,1,1,0.5621765008857981,-0.7081373929977417,-0.9581373929977417,assist,yes
362,1,0,0.002472623544847372,-6.011972904205322,-0.011973061598837376,assist,no
363,1,0,0.00026119035849232503,-8.2590913772583,-0.009091528132557869,assist,no
364,1,0,0.04742587587030561,-3.0793323516845703,-0.07933241128921509,assist,no
365,1,1,0.679178699175393,-0.611534833908081,-1.361534833908081,assist,yes
366,1,0,0.20181322226037882,-1.7749109268188477,-0.39991092681884766,assist,no
367,1,0,0.4073334000459302,-0.992348849773407,-0.617348849773407,assist,no
368,1,0,0.0075772397971502385,-4.900674819946289,-0.025674624368548393,assist,no
369,1,0,0.04208772641371775,-3.244474411010742,-0.1194743737578392,assist,no
370,1,0,0.00043055702200401653,-7.785589694976807,-0.0355895571410656,assist,no
371,1,0,0.022977370662700766,-3.7900800704956055,-0.040080104023218155,assist,no
372,1,0,0.0006263340951504142,-7.383485317230225,-0.008485216647386551,assist,no
373,1,0,0.22270012850745968,-1.6165099143981934,-0.3665098547935486,assist,no
374,1,0,0.005911068768682665,-5.17299747467041,-0.04799745976924896,assist,no
375,1,0,0.037326887076403345,-3.3521478176116943,-0.10214781016111374,assist,no
376,1,0,0.3486451217982255,-1.1647744178771973,-0.5397743582725525,assist,no
377,1,0,0.00012339456392110508,-9.011775016784668,-0.011774918995797634,assist,no
378,1,0,0.022977368990089356,-3.796642541885376,-0.046642500907182693,assist,no
379,1,0,0.24508501313237172,-1.6003332138061523,-0.47533321380615234,assist,no
380,1,0,0.002472622743153968,-6.032614707946777,-0.03261454030871391,assist,no
381,1,0,0.11920291107043361,-2.1710915565490723,-0.1710914522409439,assist,no
382,1,0,0.0024726225961385863,-6.03090238571167,-0.030902158468961716,assist,no
383,1,0,0.0005527785082909534,-7.502626419067383,-0.0026261862367391586,assist,no
384,1,0,0.0013250223765443516,-6.640092849731445,-0.01509281899780035,assist,no
385,1,0,9.610238337122392e-05,-9.264900207519531,-0.014899873174726963,assist,no
386,1,0,0.00048785721724145916,-7.644572734832764,-0.019572928547859192,assist,no
387,1,0,0.5,-0.7054758071899414,-0.7054758071899414,assist,no
388,1,0,0.02033235304584329,-3.919781446456909,-0.044781431555747986,assist,no
389,1,0,0.11920292045759123,-2.245863437652588,-0.2458634227514267,assist,no
390,1,0,0.05340332603345051,-3.0013482570648193,-0.12634818255901337,assist,no
391,1,0,0.02297737141537594,-3.828275203704834,-0.07827527076005936,assist,no
392,1,1,0.5621765008857981,-0.6413665413856506,-0.8913665413856506,assist,yes
393,1,1,0.7772998560157665,-0.37619200348854065,-1.6261919736862183,assist,yes
394,1,0,0.0011695102813742775,-6.758935451507568,-0.008935465477406979,assist,no
395,1,0,0.37754066879814546,-1.1524856090545654,-0.6524856090545654,assist,no
396,1,0,0.16451645880021026,-1.8126956224441528,-0.18769559264183044,assist,no
397,1,0,0.0008040857964526581,-7.13356351852417,-0.008563345298171043,assist,no
398,1,0,0.0009110513029074721,-7.022371768951416,-0.022371888160705566,assist,no
399,1,0,0.04742587688008271,-3.0846853256225586,-0.08468540757894516,assist,no
400,1,0,0.0758581737534831,-2.611827850341797,-0.11182776093482971,assist,no
401,1,0,0.017986209962091555,-4.046604156494141,-0.046604156494140625,assist,no
402,1,0,0.0013250224615791362,-6.647988796234131,-0.022988829761743546,assist,no
403,1,0,0.13296425050508953,-2.083969831466675,-0.20896992087364197,assist,no
404,1,0,0.0024726231750117,-6.034448146820068,-0.034448154270648956,assist,no
405,1,0,0.005220125326003969,-5.302462577819824,-0.05246250703930855,assist,no
406,1,0,0.005911069753745469,-5.171590805053711,-0.046590957790613174,assist,no
407,1,1,0.9399133540338004,-0.17656223475933075,-2.9265623092651367,assist,yes
408,1,0,0.004070137293075673,-5.571131229400635,-0.07113112509250641,assist,no
409,1,0,0.0031726831959351938,-5.7685933113098145,-0.018593423068523407,assist,no
410,1,0,0.0021827164818559496,-6.1450700759887695,-0.020070092752575874,assist,no
411,1,0,0.037326887879581695,-3.3823330402374268,-0.13233305513858795,assist,no
412,1,0,0.26894141551050293,-1.3534890413284302,-0.3534890115261078,assist,no
413,1,0,0.004070138667242311,-5.5179266929626465,-0.017926927655935287,assist,no
414,1,0,0.025957354654703464,-3.6836795806884766,-0.058679480105638504,assist,no
415,1,0,0.29421497216298875,-1.287295937538147,-0.412295937538147,assist,no
416,1,1,0.679178699175393,-0.5166393518447876,-1.2666393518447876,assist,yes
417,1,0,0.0021827165183667197,-6.162693023681641,-0.03769305720925331,assist,no
418,1,0,0.08509905312815914,-2.521395683288574,-0.14639578759670258,assist,no
419,1,0,0.1480472055495773,-1.9258568286895752,-0.17585688829421997,assist,no
420,1,0,0.11920293140927592,-2.1845593452453613,-0.1845594346523285,assist,no
421,1,0,0.0031726829485201865,-5.804124355316162,-0.054124388843774796,assist,no
422,1,0,0.0007096702511568873,-7.267572402954102,-0.01757219433784485,assist,no
423,1,0,0.003593602274620699,-5.6615681648254395,-0.03656807914376259,assist,no
424,1,0,0.0007096703356961413,-7.256753921508789,-0.006753832101821899,assist,no
425,1,0,0.004070137640392471,-5.544672012329102,-0.04467199370265007,assist,no
426,1,0,0.012431648474925493,-4.411800861358643,-0.03680066764354706,assist,no
427,1,1,0.5312093733737563,-0.7348860502243042,-0.8598860502243042,assist,yes
428,1,0,0.0028009270217474362,-5.889780521392822,-0.014780540950596333,assist,no
429,1,0,0.03732688306051187,-3.329007625579834,-0.07900750637054443,assist,no
430,1,0,0.005911069666184324,-5.140965461730957,-0.015965599566698074,assist,no
431,1,0,0.0075772422483346815,-4.906804084777832,-0.03180421516299248,assist,no
432,1,1,0.966914017797636,-0.17645561695098877,-3.551455497741699,assist,yes
433,1,0,0.0019267349606258844,-6.2689433097839355,-0.018943464383482933,assist,no
434,1,0,0.00970847869309798,-4.636157035827637,-0.011157265864312649,assist,no
435,1,1,0.5621765008857981,-0.6042174100875854,-0.8542174100875854,assist,yes
436,1,0,0.11920291419948606,-2.1614911556243896,-0.16149108111858368,assist,no
437,1,0,0.37754066879814546,-1.0496028661727905,-0.5496028661727905,assist,no
438,1,0,0.005220126370632409,-5.291562557220459,-0.04156268760561943,assist,no
439,1,0,0.029312231387330967,-3.614772081375122,-0.11477210372686386,assist,no
440,1,0,0.22270013366638422,-1.5506277084350586,-0.3006276786327362,assist,no
441,1,0,0.0021827167333745984,-6.1416544914245605,-0.016654623672366142,assist,no
442,1,0,0.0003799845766587643,-7.884634971618652,-0.009635134600102901,assist,no
443,1,0,0.2942149845400438,-1.3222684860229492,-0.447268545627594,assist,no
444,1,0,0.0005527785453371524,-7.512455463409424,-0.012455297634005547,assist,no
445,1,0,0.22270012850745968,-1.5101070404052734,-0.26010698080062866,assist,no
446,1,0,0.010986944492666904,-4.539138317108154,-0.039138488471508026,assist,no
447,1,0,0.10669060246682488,-2.3223836421966553,-0.19738373160362244,assist,no
448,1,0,0.014063624408877203,-4.295989513397217,-0.045989323407411575,assist,no
449,1,0,0.07585818419975078,-2.6102991104125977,-0.11029917001724243,assist,no
450,1,0,0.13296425222296632,-2.079434871673584,-0.20443497598171234,assist,no
451,1,0,0.005911068456746143,-5.134372234344482,-0.009372166357934475,assist,no
452,1,0,0.0013250223728471873,-6.6437907218933105,-0.01879068836569786,assist,no
453,1,0,0.1645164628965632,-1.874379277229309,-0.24937927722930908,assist,no
454,1,0,0.46879062662624377,-0.9408087730407715,-0.8158087730407715,assist,no
455,1,0,0.07585817323116976,-2.6174216270446777,-0.11742153018712997,assist,no
456,1,0,0.0159063894375931,-4.169826030731201,-0.04482588544487953,assist,no
457,1,0,0.0028009268266529306,-5.891124725341797,-0.016124675050377846,assist,no
458,1,0,0.00048785712459878877,-7.635898113250732,-0.01089811697602272,assist,no
459,1,1,0.880797068590724,-0.3001333177089691,-2.300133228302002,assist,yes
460,1,1,0.5926665999540697,-0.6871591806411743,-1.0621591806411743,assist,yes
461,1,0,0.07585818733363135,-2.6431727409362793,-0.14317284524440765,assist,no
462,1,0,0.0010322308153946887,-6.881049633026123,-0.006049418356269598,assist,no
463,1,0,0.24508500210441886,-1.5038554668426514,-0.3788554072380066,assist,no
464,1,1,0.6513548782017746,-0.66823810338974,-1.2932381629943848,assist,yes
465,1,0,0.11920291263495983,-2.166257858276367,-0.16625776886940002,assist,no
466,1,0,0.00023050676019668292,-8.392631530761719,-0.01763169653713703,assist,no
467,1,0,0.003172682913175187,-5.800601005554199,-0.05060102790594101,assist,no
468,1,0,0.00048785700879547543,-7.637336730957031,-0.012336497195065022,assist,no
469,1,0,0.0021827159950457455,-6.145361423492432,-0.020361216738820076,assist,no
470,1,0,0.0004878571028005159,-7.638901710510254,-0.013901669532060623,assist,no
471,1,0,0.00033535000745402285,-8.017520904541016,-0.017520537599921227,assist,no
472,1,0,0.02297737174989824,-3.820605754852295,-0.07060583680868149,assist,no
473,1,0,0.09534946168575072,-2.361220121383667,-0.11122008413076401,assist,no
474,1,1,0.9241418158002492,-0.17916661500930786,-2.679166555404663,assist,yes
475,1,0,0.11920290950590741,-2.206472873687744,-0.2064727544784546,assist,no
476,1,0,0.01406362952265135,-4.292691707611084,-0.04269188642501831,assist,no
477,1,0,0.2689414096510108,-1.5011036396026611,-0.5011035799980164,assist,no
478,1,0,0.0017007227687927098,-6.389695167541504,-0.01469537802040577,assist,no
479,1,0,0.04208772791561884,-3.233722686767578,-0.10872268676757812,assist,no
480,1,1,0.9859363752295428,-0.19527800381183624,-4.445278167724609,assist,yes
481,1,1,0.5312093733737563,-0.7348860502243042,-0.8598860502243042,assist,yes
482,1,0,0.02297736823741426,-3.811065196990967,-0.06106512248516083,assist,no
483,1,0,0.0015011820082514785,-6.529043197631836,-0.029043031856417656,assist,no
484,1,0,0.06008665059478843,-2.8665995597839355,-0.11659956723451614,assist,no
485,1,0,7.484619377544902e-05,-9.521000862121582,-0.021000411361455917,assist,no
486,1,0,0.002182716615728775,-6.155278205871582,-0.0302782841026783,assist,no
487,1,0,0.000911051082502994,-7.028952598571777,-0.028952475637197495,assist,no
488,1,0,0.3486451488696663,-1.2450535297393799,-0.6200535893440247,assist,no
489,1,0,0.017986209435701905,-4.034912109375,-0.03491207957267761,assist,no
490,1,0,0.0031726822534019366,-5.7837042808532715,-0.03370409458875656,assist,no
491,1,0,0.0015011822316092411,-6.52131462097168,-0.021314604207873344,assist,no
492,1,0,0.020332351784377613,-3.9330005645751953,-0.058000486344099045,assist,no
493,1,1,0.7981867777396212,-0.3952733278274536,-1.7702733278274536,assist,yes
494,1,0,0.40733341443526055,-1.015364408493042,-0.6403644680976868,assist,no
495,1,0,0.2942149845400438,-1.3535821437835693,-0.4785822033882141,assist,no
496,1,0,0.001700722060402849,-6.401940822601318,-0.026940615847706795,assist,no
497,1,0,0.00669285052802981,-5.043536186218262,-0.04353612661361694,assist,no
498,1,1,0.6791787056691698,-0.46426329016685486,-1.2142633199691772,assist,yes
499,1,0,0.34864513533394575,-1.2557364702224731,-0.6307364702224731,assist,no
500,1,0,0.07585817427579646,-2.5823581218719482,-0.08235803991556168,assist,no
501,1,0,0.0031726826009610422,-5.765740394592285,-0.015740318223834038,assist,no
502,1,0,0.07585818106587033,-2.6735427379608154,-0.17354275286197662,assist,no
503,1,0,0.003172682327037337,-5.763704776763916,-0.013704613782465458,assist,no
504,1,0,0.29421496597446145,-1.3310528993606567,-0.45605286955833435,assist,no
505,1,0,0.46879062662624377,-0.9439730644226074,-0.8189730644226074,assist,no
506,1,0,0.003593603255044931,-5.648282527923584,-0.023282716050744057,assist,no
507,1,0,0.10669059962643358,-2.2977118492126465,-0.17271190881729126,assist,no
508,1,0,0.05340332791663734,-2.990312337875366,-0.11531230062246323,assist,no
509,1,0,0.0021827167496016086,-6.14704704284668,-0.02204718254506588,assist,no
510,1,0,0.012431652819824507,-4.4136576652526855,-0.03865782544016838,assist,no
511,1,0,0.14804720179063335,-1.991530418395996,-0.24153044819831848,assist,no
512,1,0,0.0003799845080305446,-7.888967990875244,-0.013967973180115223,assist,no
513,1,0,0.0015011825666459474,-6.5203118324279785,-0.02031203918159008,assist,no
514,1,0,0.003593602271285923,-5.638638496398926,-0.013638409785926342,assist,no
515,1,0,0.13296425222296632,-2.098924398422241,-0.22392450273036957,assist,no
516,1,0,0.053403329799824234,-2.980935573577881,-0.10593557357788086,assist,no
517,1,0,0.1329642281726931,-2.040337085723877,-0.1653369814157486,assist,no
518,1,0,0.004070137198696112,-5.514822483062744,-0.014822355471551418,assist,no
519,1,0,0.002800927625239858,-5.880432605743408,-0.005432841368019581,assist,no
520,1,0,0.0031726822416202724,-5.776703357696533,-0.02670316770672798,assist,no
521,1,0,0.001700722803579719,-6.407845973968506,-0.032846204936504364,assist,no
522,1,0,0.060086653961035054,-2.831958055496216,-0.08195812255144119,assist,no
523,1,0,0.4073334000459302,-0.962431788444519,-0.587431788444519,assist,no
524,1,0,0.002182716595445013,-6.135101318359375,-0.010101387277245522,assist,no
525,1,0,0.053403324903538434,-2.956270456314087,-0.08127035945653915,assist,no
526,1,0,0.5,-0.7792432308197021,-0.7792432308197021,assist,no
527,1,0,0.0675466845698721,-2.7619354724884033,-0.13693536818027496,assist,no
528,1,1,0.932453304167687,-0.1875026971101761,-2.81250262260437,assist,yes
529,1,0,0.001700722762467799,-6.383133888244629,-0.008134094998240471,assist,no
530,1,0,0.11920291732853862,-2.220390558242798,-0.22039051353931427,assist,no
531,1,0,0.3208212878370535,-1.3306286334991455,-0.5806285738945007,assist,no
532,1,0,0.05340332603345051,-2.977154016494751,-0.10215394198894501,assist,no
533,1,0,0.34864513533394575,-1.2042582035064697,-0.5792582035064697,assist,no
534,1,0,0.0066928496488390145,-5.020203590393066,-0.020203398540616035,assist,no
535,1,0,0.4073334000459302,-0.9153020977973938,-0.5403020977973938,assist,no
536,1,0,0.015906389233496306,-4.151750564575195,-0.026750406250357628,assist,no
537,1,1,0.6513548646660542,-0.528298020362854,-1.153298020362854,assist,yes
538,1,0,0.025957359081569886,-3.673292875289917,-0.04829294979572296,assist,no
539,1,0,0.0028009263428186164,-5.908736705780029,-0.03373648226261139,assist,no
540,1,0,0.0007096703224868821,-7.265749931335449,-0.015749823302030563,assist,no
541,1,0,0.0024726232898674935,-6.016523838043213,-0.01652389205992222,assist,no
542,1,0,0.020332352971639423,-3.931602716445923,-0.05660269781947136,assist,no
543,1,0,0.0013250221534821167,-6.647947788238525,-0.022947588935494423,assist,no
544,1,0,0.22270013366638422,-1.5903240442276,-0.3403240144252777,assist,no
545,1,0,0.46879062662624377,-0.8380482196807861,-0.7130482196807861,assist,no
546,1,0,0.2942149783515162,-1.288563847541809,-0.41356387734413147,assist,no
547,1,1,0.5312093733737563,-0.780448317527771,-0.905448317527771,assist,yes
548,1,0,0.29421496597446145,-1.3436453342437744,-0.468645304441452,assist,no
549,1,0,0.18242553269617778,-1.757845401763916,-0.2578454613685608,assist,no
550,1,0,0.00023050670686196282,-8.380244255065918,-0.005244189407676458,assist,no
551,1,0,0.00317268297208352,-5.7701802253723145,-0.020180266350507736,assist,no
552,1,0,0.2018132270610754,-1.737416386604309,-0.36241641640663147,assist,no
553,1,0,0.0009110513825921811,-7.010169506072998,-0.010169712826609612,assist,no
554,1,1,0.6513548782017746,-0.5837311148643494,-1.2087311744689941,assist,yes
555,1,0,0.18242552380635632,-1.8838692903518677,-0.3838692903518677,assist,no
556,1,0,0.34864513533394575,-1.202102541923523,-0.577102541923523,assist,no
557,1,0,0.001501182191125644,-6.514784812927246,-0.014784769155085087,assist,no
558,1,0,0.02931222841944938,-3.562934637069702,-0.06293455511331558,assist,no
559,1,0,0.0004878570519378831,-7.6310577392578125,-0.00605759397149086,assist,no
560,1,0,0.07585818524437762,-2.5987420082092285,-0.09874208271503448,assist,no
561,1,0,0.0035936033784316726,-5.6373090744018555,-0.012309296987950802,assist,no
562,1,0,0.0004305571286207735,-7.769340515136719,-0.019340625032782555,assist,no
563,1,0,0.24508501313237172,-1.4749904870986938,-0.34999048709869385,assist,no
564,1,0,0.003593603421783772,-5.665434837341309,-0.0404350720345974,assist,no
565,1,0,0.3208212878370535,-1.302112102508545,-0.5521120429039001,assist,no
566,1,0,0.02297737016091733,-3.7986183166503906,-0.04861832782626152,assist,no
567,1,0,0.004609572277658035,-5.384000778198242,-0.009000799618661404,assist,no
568,1,0,0.29421496597446145,-1.3631259202957153,-0.48812589049339294,assist,no
569,1,0,0.009708474296712474,-4.655019760131836,-0.03001953288912773,assist,no
570,1,0,0.001169510373847269,-6.781396865844727,-0.031396958976984024,assist,no
571,1,0,0.16451647108926923,-1.9014523029327393,-0.27645236253738403,assist,no
572,1,0,0.06754668691621381,-2.727449417114258,-0.10244935005903244,assist,no
573,1,0,0.1066905825840872,-2.3182687759399414,-0.19326865673065186,assist,no
574,1,0,0.06008665059478843,-2.840968608856201,-0.09096861630678177,assist,no
575,1,0,0.10669059678604234,-2.311021327972412,-0.1860213577747345,assist,no
576,1,0,0.0004878570778233294,-7.6370530128479,-0.012052920646965504,assist,no
577,1,0,0.0004878571395851019,-7.633677005767822,-0.008677040226757526,assist,no
578,1,0,0.007577241884158658,-4.933316230773926,-0.05831631273031235,assist,no
579,1,0,0.03308598077224154,-3.44541335105896,-0.07041342556476593,assist,no
580,1,0,0.06754669301670263,-2.7523136138916016,-0.12731364369392395,assist,no
581,1,1,0.817574471748733,-0.3238748610019684,-1.823874831199646,assist,yes
582,1,0,0.2018132174596823,-1.7822086811065674,-0.407208651304245,assist,no
583,1,0,0.13296425050508953,-2.1004245281219482,-0.2254246175289154,assist,no
584,1,0,0.4378234991142019,-1.0590740442276,-0.8090740442276001,assist,no
585,1,0,0.017986212133449052,-4.048059940338135,-0.048060063272714615,assist,no
586,1,1,0.8175744806385543,-0.3279525935649872,-1.8279526233673096,assist,yes
587,1,0,0.20181323186177208,-1.67276930809021,-0.29776936769485474,assist,no
588,1,0,0.13296423676207594,-2.0666606426239014,-0.19166061282157898,assist,no
589,1,0,0.005911069874142047,-5.143570899963379,-0.018571073189377785,assist,no
590,1,0,0.0028009271648167487,-5.893601894378662,-0.01860196515917778,assist,no
591,1,0,0.00043055709134498705,-7.758881092071533,-0.008881115354597569,assist,no
592,1,1,0.8933093975331751,-0.2705927789211273,-2.39559268951416,assist,yes
593,1,0,0.00012339463343923193,-9.009340286254883,-0.00934075191617012,assist,no
594,1,0,0.46879062662624377,-0.890761137008667,-0.765761137008667,assist,no
595,1,0,0.0035936026080982987,-5.635130882263184,-0.01013088971376419,assist,no
596,1,0,0.00048785721724145916,-7.6385393142700195,-0.013539507985115051,assist,no
597,1,0,0.07585818263281055,-2.6194465160369873,-0.11944655328989029,assist,no
598,1,0,0.005220126883274219,-5.265531539916992,-0.015531769022345543,assist,no
599,1,0,0.0040701369835107245,-5.518449783325195,-0.018449602648615837,assist,no
600,1,0,0.40733341443526055,-1.1029226779937744,-0.7279227375984192,assist,no
601,1,0,0.10669059252545564,-2.3309903144836426,-0.20599029958248138,assist,no
602,1,0,0.0006263342548797565,-7.389115810394287,-0.014115964993834496,assist,no
603,1,0,0.006692850849987034,-5.053158283233643,-0.05315827205777168,assist,no
604,1,0,0.006692851871582167,-5.011270523071289,-0.011270665563642979,assist,no
605,1,0,0.0040701383576772585,-5.52964448928833,-0.029644647613167763,assist,no
606,1,0,0.06008664596619963,-2.895073413848877,-0.14507333934307098,assist,no
607,1,0,0.007577240903684833,-4.903532981872559,-0.028532933443784714,assist,no
608,1,0,0.002182716684693567,-6.148220062255859,-0.02322017215192318,assist,no
609,1,0,0.08509904268669496,-2.5262134075164795,-0.1512133777141571,assist,no
610,1,1,0.5312093733737563,-0.7304901480674744,-0.8554901480674744,assist,yes
611,1,0,0.006692849983179163,-5.027440071105957,-0.02743992954492569,assist,no
612,1,0,0.008577487266965358,-4.772409439086914,-0.022409657016396523,assist,no
613,1,0,0.0013250225299766842,-6.632668495178223,-0.0076685803942382336,assist,no
614,1,0,0.0008040857859770027,-7.1393890380859375,-0.014388851821422577,assist,no
615,1,0,0.11920291263495983,-2.164367198944092,-0.16436710953712463,assist,no
616,1,0,0.0009110512656082488,-7.0202717781066895,-0.02027185633778572,assist,no
617,1,0,0.08509905312815914,-2.51961088180542,-0.14461098611354828,assist,no
618,1,0,0.03308597886541159,-3.450387477874756,-0.07538749277591705,assist,no
619,1,0,0.005220125654868455,-5.281370162963867,-0.03137015551328659,assist,no
620,1,0,0.0005527786937792386,-7.507635116577148,-0.0076352194882929325,assist,no
621,1,1,0.6224593171945417,-0.8306553959846497,-1.3306553363800049,assist,yes
622,1,0,0.46879062662624377,-0.9012982249259949,-0.7762982249259949,assist,no
623,1,1,0.7310585669110203,-0.47890764474868774,-1.478907585144043,assist,yes
624,1,0,0.0035936019011258242,-5.675349712371826,-0.05034952238202095,assist,no
625,1,0,0.08509904616718289,-2.563305139541626,-0.18830515444278717,assist,no
626,1,0,0.007577239671089346,-4.900320053100586,-0.025319840759038925,assist,no
627,1,0,0.10669060104662924,-2.2838563919067383,-0.15885646641254425,assist,no
628,1,0,0.0011695101268900015,-6.763518810272217,-0.01351869199424982,assist,no
629,1,0,0.00669284961169011,-5.03641414642334,-0.036413948982954025,assist,no
630,1,0,0.029312228843432455,-3.560715675354004,-0.060715608298778534,assist,no
631,1,0,0.0010322311712035123,-6.887161731719971,-0.01216186210513115,assist,no
632,1,0,0.0013250226784794808,-6.6578826904296875,-0.03288288787007332,assist,no
633,1,0,0.3208212878370535,-1.2689895629882812,-0.5189895033836365,assist,no
634,1,0,0.4378234991142019,-1.0382301807403564,-0.7882301807403564,assist,no
635,1,0,0.010986943844989052,-4.541179180145264,-0.041179291903972626,assist,no
636,1,0,0.18242551491653522,-1.7392549514770508,-0.239254891872406,assist,no
637,1,0,0.16451645880021026,-1.929656982421875,-0.3046569526195526,assist,no
638,1,0,0.24508500210441886,-1.487769365310669,-0.36276930570602417,assist,no
639,1,0,0.14804720179063335,-1.9703046083450317,-0.22030463814735413,assist,no
640,1,1,0.6224593312018546,-0.607171893119812,-1.107171893119812,assist,yes
641,1,0,0.0028009267850327715,-5.900411605834961,-0.025411540642380714,assist,no
642,1,0,0.10669059820623795,-2.3743584156036377,-0.24935846030712128,assist,no
643,1,0,0.2018132174596823,-1.713005542755127,-0.33800551295280457,assist,no
644,1,0,0.37754066879814546,-1.2488622665405273,-0.7488622665405273,assist,no
645,1,0,0.0031726822180569445,-5.795153617858887,-0.0451534204185009,assist,no
646,1,1,0.5312093733737563,-1.1903002262115479,-1.3153002262115479,assist,Yes
647,1,0,0.025957359269947192,-3.6936450004577637,-0.06864508241415024,assist,no
648,1,0,0.3775406547908327,-1.1432147026062012,-0.6432146430015564,assist,no
649,1,0,0.29421497216298875,-1.3670263290405273,-0.49202632904052734,assist,no
650,1,0,0.00048785710915834536,-7.63364315032959,-0.008643122389912605,assist,no
651,1,0,0.2018132174596823,-1.7004092931747437,-0.32540926337242126,assist,no
652,1,0,0.5,-0.7780670523643494,-0.7780670523643494,assist,no
653,1,0,0.20181322226037882,-1.6506989002227783,-0.2756989002227783,assist,no
654,1,0,0.02931222799546632,-3.5776097774505615,-0.07760968059301376,assist,no
655,1,0,0.0028009273625125377,-5.906862735748291,-0.03186287730932236,assist,no
656,1,1,0.7310585727705126,-0.40818336606025696,-1.4081833362579346,assist,yes
657,1,0,0.008577486997689203,-4.7846903800964355,-0.03469056636095047,assist,no
658,1,0,0.001926734931970614,-6.268413066864014,-0.018413206562399864,assist,no
659,1,0,0.08509905312815914,-2.549626111984253,-0.1746262162923813,assist,no
660,1,1,0.5312093733737563,-0.6964155435562134,-0.8214155435562134,assist,yes
661,1,0,0.0035936027881762157,-5.651926517486572,-0.026926575228571892,assist,no
662,1,1,0.5926665999540697,-0.6127750277519226,-0.9877750277519226,assist,yes
663,1,0,0.006692850973816738,-5.075079441070557,-0.07507944852113724,assist,no
664,1,0,0.0007096705470443199,-7.277953624725342,-0.02795383334159851,assist,no
665,1,0,0.00359360194114313,-5.6514105796813965,-0.026410400867462158,assist,no
666,1,0,0.004070137130742831,-5.515379905700684,-0.015379761345684528,assist,no
667,1,0,0.0021827165873315084,-6.152346611022949,-0.027346676215529442,assist,no
668,1,0,0.22270013366638422,-1.5744843482971191,-0.32448431849479675,assist,no
669,1,0,0.13296423160844623,-2.077775001525879,-0.20277492702007294,assist,no
670,1,0,0.025957356444287677,-3.6961381435394287,-0.07113811373710632,assist,no
671,1,1,0.5621765008857981,-0.6081216335296631,-0.8581216335296631,assist,yes
672,1,0,0.0003353501529459164,-8.02712631225586,-0.027126379311084747,assist,no
673,1,0,0.00150118213947416,-6.508865833282471,-0.008865755051374435,assist,no
674,1,0,0.14804720179063335,-1.9618604183197021,-0.21186044812202454,assist,no
675,1,0,0.025957359646701823,-3.7085440158843994,-0.08354411274194717,assist,no
676,1,0,0.3775406828054583,-1.0488708019256592,-0.548870861530304,assist,no
677,1,0,0.0005527786101680067,-7.527620315551758,-0.027620267122983932,assist,no
678,1,0,0.16451645880021026,-1.8085962533950806,-0.18359622359275818,assist,no
679,1,0,0.004070137882004175,-5.5344743728637695,-0.034474413841962814,assist,no
680,1,0,0.004070137534687356,-5.537411689758301,-0.0374116450548172,assist,no
681,1,0,0.0004305571290215885,-7.762094974517822,-0.012095085345208645,assist,no
682,1,0,0.37754066879814546,-1.0828379392623901,-0.5828379392623901,assist,no
683,1,0,0.09534946361376598,-2.4083151817321777,-0.15831516683101654,assist,no
684,1,0,0.001926734204843272,-6.269786834716797,-0.019786596298217773,assist,no
685,1,0,0.1480471961522176,-1.9877251386642456,-0.2377251237630844,assist,no
686,1,0,0.08509904848750824,-2.516448974609375,-0.14144901931285858,assist,no
687,1,0,0.4073333856566001,-1.1019372940063477,-0.7269372344017029,assist,no
688,1,0,0.0004878570542085362,-7.637726306915283,-0.012726166285574436,assist,no
689,1,0,0.06008665354025422,-2.886885404586792,-0.13688546419143677,assist,no
690,1,0,0.18242551491653522,-1.816863775253296,-0.3168637156486511,assist,no
691,1,1,0.6224593312018546,-0.6264915466308594,-1.1264915466308594,assist,yes
692,1,1,0.6224593452091672,-0.6754140257835388,-1.1754140853881836,assist,yes
693,1,0,0.003593603421783772,-5.665434837341309,-0.0404350720345974,assist,no
694,1,0,0.0021827167496016086,-6.149173259735107,-0.024173399433493614,assist,no
695,1,0,0.0003799845281945047,-7.9023003578186035,-0.02730039320886135,assist,no
696,1,0,0.2689414213699951,-1.414089560508728,-0.414089560508728,assist,no
697,1,0,0.022977371666267666,-3.800175428390503,-0.0501755066215992,assist,no
698,1,0,0.2018132270610754,-1.6610203981399536,-0.286020427942276,assist,no
699,1,0,0.0004305571578802641,-7.758034706115723,-0.008034883998334408,assist,no
700,1,0,0.0031726829190660204,-5.771006107330322,-0.021006131544709206,assist,no
701,1,0,0.46879062662624377,-0.8629931211471558,-0.7379931211471558,assist,no
702,1,0,0.37754066879814546,-1.2360560894012451,-0.7360560894012451,assist,no
703,1,0,0.037326884934594504,-3.334836721420288,-0.08483665436506271,assist,no
704,1,0,0.09534947261117097,-2.4050650596618652,-0.1550651490688324,assist,no
705,1,0,0.001169510537034919,-6.755772590637207,-0.005772823467850685,assist,no
706,1,1,0.8354835411997897,-0.4239928424358368,-2.048992872238159,assist,yes
707,1,1,0.6791786861878392,-0.6693955063819885,-1.4193954467773438,assist,yes
708,1,0,0.005220126496374735,-5.269754886627197,-0.019755041226744652,assist,no
709,1,0,0.08509904442693891,-2.4777324199676514,-0.10273241251707077,assist,no
710,1,0,0.0010322308677336307,-6.900604724884033,-0.02560456097126007,assist,no
711,1,0,0.0953494738965146,-2.3907365798950195,-0.1407366842031479,assist,no
712,1,0,0.037326888415033926,-3.3546998500823975,-0.10469987988471985,assist,no
713,1,0,0.03732688359596404,-3.3495662212371826,-0.09956611692905426,assist,no
714,1,0,0.5,-0.9168624877929688,-0.9168624877929688,assist,no
715,1,0,0.37754066879814546,-1.0643655061721802,-0.5643655061721802,assist,no
716,1,0,0.006692849661221982,-5.040776252746582,-0.04077606275677681,assist,no
717,1,0,0.0035936019011258242,-5.653521537780762,-0.028521347790956497,assist,no
718,1,0,0.11920291107043361,-2.1953983306884766,-0.1953982263803482,assist,no
719,1,0,0.24508500210441886,-1.4869422912597656,-0.36194223165512085,assist,no
720,1,0,0.005911069304994615,-5.139639854431152,-0.014639930799603462,assist,no
721,1,0,0.004070138410529827,-5.532553672790527,-0.03255384415388107,assist,no
722,1,0,0.005911070191551213,-5.156287670135498,-0.03128789737820625,assist,no
723,1,0,0.00043055718072671704,-7.769516468048096,-0.019516699016094208,assist,no
724,1,0,0.007577242304361764,-4.905023097991943,-0.030023235827684402,assist,no
725,1,1,0.9525741214369554,-0.21138107776641846,-3.211380958557129,assist,yes
726,1,0,0.3775406828054583,-1.047555685043335,-0.5475557446479797,assist,no
727,1,0,0.32082130082460697,-1.2340351343154907,-0.4840351343154907,assist,no
728,1,0,0.24508500761839525,-1.5318244695663452,-0.4068244397640228,assist,no
729,1,0,0.017986206277364275,-4.0709075927734375,-0.07090738415718079,assist,no
730,1,0,0.0007096703515472524,-7.269574165344238,-0.01957409828901291,assist,no
731,1,0,0.06754669677084987,-2.7764365673065186,-0.15143665671348572,assist,no
732,1,0,0.08509903920620716,-2.4917120933532715,-0.11671201884746552,assist,no
733,1,0,0.001325022481297348,-6.643172740936279,-0.018172789365053177,assist,no
734,1,0,0.002472623209468438,-6.013153076171875,-0.013153097592294216,assist,no
735,1,0,0.025957360023456458,-3.677025556564331,-0.05202566832304001,assist,no
736,1,0,0.08509904964767095,-2.571141004562378,-0.1961410641670227,assist,no
737,1,0,0.007577240231359997,-4.935061931610107,-0.06006179377436638,assist,no
738,1,0,0.00020342706831271126,-8.506638526916504,-0.0066389706917107105,assist,no
739,1,0,0.0008040859027057419,-7.132304668426514,-0.007304627448320389,assist,no
740,1,0,0.00669285075092327,-5.043559551239014,-0.04355952516198158,assist,no
741,1,1,0.5926665999540697,-0.559063732624054,-0.934063732624054,assist,yes
742,1,1,0.7310585786300049,-0.42353713512420654,-1.4235371351242065,assist,yes
743,1,0,0.00012339456656394225,-9.013015747070312,-0.013015670701861382,assist,no
744,1,0,0.06754668926255561,-2.7105934619903564,-0.08559343218803406,assist,no
745,1,0,0.037326887076403345,-3.3329272270202637,-0.08292721956968307,assist,no
746,1,1,0.7981867873410141,-0.473568856716156,-1.8485689163208008,assist,yes
747,1,0,0.03308597910376534,-3.458048105239868,-0.08304812759160995,assist,no
748,1,0,0.0010322311251068155,-6.893164157867432,-0.018164243549108505,assist,no
749,1,0,0.014063626836628337,-4.2668328285217285,-0.016832813620567322,assist,no
750,1,0,0.001700722591695217,-6.382509231567383,-0.007509337738156319,assist,no
751,1,1,0.6224593171945417,-0.796809732913971,-1.2968096733093262,assist,yes
752,1,0,3.5356252453943694e-05,-10.261497497558594,-0.01149754598736763,assist,no
753,1,0,0.5,-0.761763870716095,-0.761763870716095,assist,no
754,1,0,0.017986213120429816,-4.082317352294922,-0.0823175311088562,assist,no
755,1,0,0.4073334000459302,-0.9969751834869385,-0.6219751834869385,assist,no
756,1,0,0.010986944209307839,-4.530438423156738,-0.03043856844305992,assist,no
757,1,0,0.07585818315512395,-2.5848097801208496,-0.08480982482433319,assist,no
758,1,0,0.24508501313237172,-1.4445573091506958,-0.3195573091506958,assist,no
759,1,0,0.0028009268916844316,-5.886524677276611,-0.011524650268256664,assist,no
760,1,0,0.0021827165873315084,-6.152346611022949,-0.027346676215529442,assist,no
761,1,0,0.1329642384799526,-2.091184377670288,-0.2161843627691269,assist,no
762,1,0,0.10669060530721626,-2.3026022911071777,-0.17760241031646729,assist,no
763,1,0,0.2942149845400438,-1.3306858539581299,-0.45568591356277466,assist,no
764,1,0,0.0031726830309918535,-5.773619651794434,-0.02361971139907837,assist,no
765,1,0,0.0013250225675645276,-6.64162015914917,-0.016620272770524025,assist,no
766,1,0,0.09534946618445303,-2.411381721496582,-0.16138173639774323,assist,no
767,1,0,0.017986211607059335,-4.042350769042969,-0.04235086217522621,assist,no
768,1,1,0.5312093733737563,-0.6838433742523193,-0.8088433742523193,assist,yes
769,1,1,0.5621765008857981,-0.7357631325721741,-0.9857631325721741,assist,yes
770,1,0,0.16451645470385742,-1.8465807437896729,-0.22158068418502808,assist,no
771,1,1,0.8175744761936437,-0.604029655456543,-2.104029655456543,assist,yes
772,1,0,0.005911067958742257,-5.152928829193115,-0.027928676456212997,assist,no
773,1,0,0.003593602688132928,-5.636963844299316,-0.011963874101638794,assist,no
774,1,1,0.5926665999540697,-0.6433686017990112,-1.0183686017990112,assist,yes
775,1,0,0.0008040859954901364,-7.161592483520508,-0.03659255802631378,assist,no
776,1,1,0.9740426409184302,-0.15510709583759308,-3.780107021331787,assist,yes
777,1,0,0.0003799844571784567,-7.878756999969482,-0.003756848396733403,assist,no
778,1,0,0.1645164608483867,-1.8742791414260864,-0.24927912652492523,assist,no
779,1,1,0.5621765008857981,-0.6819995641708374,-0.9319995641708374,assist,yes
780,1,0,0.04208772340991573,-3.174769878387451,-0.04976976662874222,assist,no
781,1,0,0.09534945847239201,-2.4363086223602295,-0.18630854785442352,assist,no
782,1,0,0.008577485999783523,-4.759607791900635,-0.009607860818505287,assist,no
783,1,0,0.004609571897342374,-5.39939022064209,-0.02439015917479992,assist,no
784,1,0,0.00015843622544639557,-8.764779090881348,-0.014779130928218365,assist,no
785,1,0,0.006692851221476155,-5.035300254821777,-0.035300299525260925,assist,no
786,1,0,0.05340333243628599,-2.9803175926208496,-0.10531764477491379,assist,no
787,1,0,0.1329642264548166,-2.06402587890625,-0.18902575969696045,assist,no
788,1,0,0.0003799845416371455,-7.906251430511475,-0.03125150129199028,assist,no
789,1,0,0.001325022396262562,-6.638432025909424,-0.01343201007694006,assist,no
790,1,0,0.0013250221386934614,-6.635687351226807,-0.010687140747904778,assist,no
791,1,0,0.09534947004048376,-2.476247549057007,-0.2262476086616516,assist,no
792,1,0,0.01590639077880068,-4.163733005523682,-0.038732945919036865,assist,no
793,1,0,0.05340333243628599,-2.9803175926208496,-0.10531764477491379,assist,no
794,1,0,0.0011695101780221189,-6.76179313659668,-0.011793062090873718,assist,no
795,1,0,0.5,-0.7431634068489075,-0.7431634068489075,assist,no
796,1,0,0.0010322308734957164,-6.891043186187744,-0.016043027862906456,assist,no
797,1,0,0.4073333856566001,-1.1078524589538574,-0.7328523993492126,assist,no
798,1,1,0.6224593312018546,-0.607171893119812,-1.107171893119812,assist,yes
799,1,0,0.0066928523854755334,-5.037257194519043,-0.03725741431117058,assist,no
800,1,0,0.11920291732853862,-2.2088053226470947,-0.20880527794361115,assist,no
801,1,0,0.0002611903798929528,-8.267767906188965,-0.017768139019608498,assist,no
802,1,0,0.004070137345928228,-5.520511627197266,-0.020511535927653313,assist,no
803,1,0,0.03732688654095113,-3.3282456398010254,-0.0782456174492836,assist,no
804,1,0,0.0021827164331749247,-6.152098655700684,-0.027098650112748146,assist,no
805,1,0,0.0001795279265516634,-8.646430015563965,-0.021429777145385742,assist,no
806,1,1,0.7549149923816048,-0.32346734404563904,-1.4484673738479614,assist,yes
807,1,0,0.0035936027948457686,-5.651512622833252,-0.02651268243789673,assist,no
808,1,0,0.2942149597859341,-1.308617353439331,-0.4336172938346863,assist,no
809,1,0,0.0009110511503197507,-7.008982181549072,-0.008982133120298386,assist,no
810,1,0,0.015906391478561197,-4.145951747894287,-0.020951732993125916,assist,no
811,1,0,0.00023050668722362835,-8.405678749084473,-0.03067859821021557,assist,no
812,1,0,0.017986210027890265,-4.038978099822998,-0.038978103548288345,assist,no
813,1,0,0.004609571640949812,-5.398199558258057,-0.02319944091141224,assist,no
814,1,0,0.0013250225231985486,-6.6304612159729,-0.0054612960666418076,assist,no
815,1,0,0.18242552825126704,-1.7893946170806885,-0.28939464688301086,assist,no
816,1,0,0.010986940060122357,-4.514741897583008,-0.01474166102707386,assist,no
817,1,0,0.008577483988132736,-4.782542705535889,-0.03254253789782524,assist,no
818,1,0,7.484624535400897e-05,-9.50577163696289,-0.0057718753814697266,assist,no
819,1,0,0.0052201249197596335,-5.273226261138916,-0.023226112127304077,assist,no
820,1,1,0.9241418231126367,-0.20863933861255646,-2.70863938331604,assist,yes
821,1,0,0.003593602107881911,-5.6424126625061035,-0.01741253025829792,assist,no
822,1,0,0.0002611902597576333,-8.274382591247559,-0.024382364004850388,assist,no
823,1,0,0.0075772409457051364,-4.886587619781494,-0.011587576940655708,assist,no
824,1,0,0.10669059678604234,-2.3141911029815674,-0.18919113278388977,assist,no
825,1,0,0.007577241954192508,-4.905409336090088,-0.030409427359700203,assist,no
826,1,0,0.002182716098492905,-6.129788875579834,-0.004788716323673725,assist,no
827,1,0,0.009708474296712474,-4.652665138244629,-0.0276649110019207,assist,no
828,1,0,0.004070137172269837,-5.541309833526611,-0.041309699416160583,assist,no
829,1,0,0.46879062662624377,-0.8784719705581665,-0.7534719705581665,assist,no
830,1,1,0.817574471748733,-0.2994517385959625,-1.7994517087936401,assist,yes
831,1,0,0.0006263343061796998,-7.396057605743408,-0.021057842299342155,assist,no
832,1,0,0.11920291107043361,-2.1695165634155273,-0.169516459107399,assist,no
833,1,0,0.0028009276226385973,-5.902927398681641,-0.027927633374929428,assist,no
834,1,0,0.26894141551050293,-1.3297213315963745,-0.3297213017940521,assist,no
835,1,0,0.002800926606846471,-5.8826189041137695,-0.007618775125592947,assist,no
836,1,0,0.007577242864632608,-4.908127307891846,-0.033127520233392715,assist,no
837,1,0,0.0035936019111301506,-5.633878231048584,-0.008878043852746487,assist,no
838,1,0,0.0004878570419470094,-7.637455463409424,-0.012455297634005547,assist,no
839,1,0,0.0013250224172131609,-6.64577579498291,-0.020775794982910156,assist,no
840,1,1,0.5312093733737563,-0.7357277870178223,-0.8607277870178223,assist,yes
841,1,0,0.0004305571490623352,-7.757470607757568,-0.007470765151083469,assist,no
842,1,0,0.033085978627057866,-3.474158763885498,-0.09915877133607864,assist,no
843,1,0,0.010986941132838456,-4.5253496170043945,-0.025349479168653488,assist,no
844,1,0,0.006692851060497534,-5.02201509475708,-0.02201511524617672,assist,no
845,1,0,0.004609572042631499,-5.39169979095459,-0.016699761152267456,assist,no
846,1,0,1.8925140821472067e-05,-10.878320693969727,-0.0033203016500920057,assist,no
847,1,0,0.10669060246682488,-2.319448947906494,-0.1944490373134613,assist,no
848,1,0,0.20181322226037882,-1.7103759050369263,-0.33537590503692627,assist,no
849,1,0,0.0013250224788325714,-6.651786804199219,-0.02678685076534748,assist,no
850,1,0,0.0005527785813542928,-7.519087314605713,-0.019087214022874832,assist,no
851,1,0,0.01798620890931226,-4.039382457733154,-0.03938239812850952,assist,no
852,1,0,0.29421496597446145,-1.241019606590271,-0.3660195767879486,assist,no
853,1,0,0.00522012615783771,-5.291481971740723,-0.04148206114768982,assist,no
854,1,0,0.04742587149460509,-3.074707508087158,-0.07470747083425522,assist,no
855,1,1,0.6513548782017746,-0.5696684718132019,-1.1946685314178467,assist,yes
856,1,0,0.001325022476367795,-6.6430816650390625,-0.01808170974254608,assist,no
857,1,0,0.0021827163844939,-6.155359268188477,-0.030359240248799324,assist,no
858,1,0,0.0021827165508207375,-6.12843656539917,-0.003436613827943802,assist,no
859,1,0,0.4378234991142019,-0.9577674865722656,-0.7077674865722656,assist,no
860,1,0,0.01798621193605291,-4.085057735443115,-0.08505784720182419,assist,no
861,1,0,0.007577241688063882,-4.892374515533447,-0.017374571412801743,assist,no
862,1,1,0.7772998508568416,-0.38930970430374146,-1.6393096446990967,assist,yes
863,1,0,0.005911068484108996,-5.149385452270508,-0.02438538894057274,assist,no
864,1,0,0.00023050679153217819,-8.394207954406738,-0.019208256155252457,assist,no
865,1,1,0.7981867825403176,-0.43413934111595154,-1.809139370918274,assist,yes
866,1,0,0.09534947004048376,-2.4359617233276367,-0.1859617829322815,assist,no
867,1,0,0.010986941294757876,-4.532508850097656,-0.0325087271630764,assist,no
868,1,0,0.03308597588599003,-3.435441017150879,-0.06044093891978264,assist,no
869,1,0,0.0019267344806501625,-6.26870584487915,-0.01870574988424778,assist,no
870,1,0,0.22270013366638422,-1.6044374704360962,-0.3544374406337738,assist,no
871,1,0,0.4073333856566001,-1.0264697074890137,-0.6514696478843689,assist,no
872,1,0,0.00029595702891924955,-8.134395599365234,-0.009395313449203968,assist,no
873,1,0,0.0017007227276807902,-6.387196063995361,-0.012196250259876251,assist,no
874,1,0,0.008577486775932374,-4.777527332305908,-0.027527492493391037,assist,no
875,1,1,0.7057850154599563,-0.5091693997383118,-1.384169340133667,assist,yes
876,1,0,0.012431652270995075,-4.406403541564941,-0.03140365704894066,assist,no
877,1,0,0.1192029188930649,-2.1424078941345215,-0.1424078643321991,assist,no
878,1,0,0.005911068232370761,-5.154069423675537,-0.029069317504763603,assist,no
879,1,0,0.1066905854244781,-2.2826616764068604,-0.1576615869998932,assist,no
880,1,0,0.02931222757148327,-3.559715747833252,-0.059715636074543,assist,no
881,1,0,0.007577241036749131,-4.887801170349121,-0.012801139615476131,assist,no
882,1,1,0.6224593171945417,-0.6529131531715393,-1.1529130935668945,assist,yes
883,1,0,0.05340332829327471,-3.064268112182617,-0.1892680823802948,assist,no
884,1,0,0.0019267343696110198,-6.269176483154297,-0.019176330417394638,assist,no
885,1,0,0.0006263342653729264,-7.400920391082764,-0.0259205624461174,assist,no
886,1,0,0.0031726824536902304,-5.769150257110596,-0.019150134176015854,assist,no
887,1,0,0.005220125490436211,-5.267948627471924,-0.017948588356375694,assist,no
888,1,0,0.22270013882530884,-1.6025924682617188,-0.35259246826171875,assist,no
889,1,0,0.13296423504419938,-2.09397029876709,-0.21897025406360626,assist,no
890,1,0,0.025957354372137545,-3.6841981410980225,-0.05919802933931351,assist,no
891,1,0,0.005911069731855184,-5.159409999847412,-0.03441014885902405,assist,no
892,1,0,0.0004878570937179025,-7.649986267089844,-0.024986207485198975,assist,no
893,1,1,0.5312093733737563,-0.765529990196228,-0.890529990196228,assist,yes
894,1,0,0.02595735757455145,-3.722618341445923,-0.09761835634708405,assist,no
895,1,0,0.03308597886541159,-3.450387477874756,-0.07538749277591705,assist,no
896,1,0,0.007577242948673238,-4.90044641494751,-0.025446638464927673,assist,no
897,1,0,0.0010322310703669909,-6.887833118438721,-0.012833151035010815,assist,no
898,1,0,0.004070136900456717,-5.513870716094971,-0.013870514929294586,assist,no
899,1,0,0.022977372084420553,-3.832536220550537,-0.08253631740808487,assist,no
900,1,0,0.04742587385075148,-3.143385410308838,-0.14338542520999908,assist,no
901,1,0,0.0953494648991095,-2.409034013748169,-0.15903401374816895,assist,no
902,1,0,0.03308598029553404,-3.441267490386963,-0.06626754999160767,assist,no
903,1,1,0.7772998611746911,-0.3286181688308716,-1.5786181688308716,assist,yes
904,1,0,0.0011695105354030426,-6.756983757019043,-0.006983988452702761,assist,no
905,1,0,0.012431653300050275,-4.392022609710693,-0.017022809013724327,assist,no
906,1,1,0.9149009619539553,-0.29208508133888245,-2.6670851707458496,assist,yes
907,1,0,0.000626334218736617,-7.406963348388672,-0.031963445246219635,assist,no
908,1,0,0.24508501864634827,-1.4355610609054565,-0.31056109070777893,assist,no
909,1,1,0.5926665999540697,-0.72126305103302,-1.09626305103302,assist,yes
910,1,0,0.09534946875514017,-2.392317056655884,-0.14231710135936737,assist,no
911,1,0,0.05340333243628599,-2.9781737327575684,-0.10317378491163254,assist,no
912,1,0,0.017986209172507078,-4.06704044342041,-0.06704039871692657,assist,no
913,1,0,0.24508501313237172,-1.4880318641662598,-0.36303186416625977,assist,no
914,1,0,0.03732688332823794,-3.3417885303497314,-0.09178841859102249,assist,no
915,1,0,0.020332351784377613,-3.918010950088501,-0.04301087185740471,assist,no
916,1,0,0.0002959571807472763,-8.14235782623291,-0.017358053475618362,assist,no
917,1,0,0.22270014398423357,-1.6317859888076782,-0.3817860186100006,assist,no
918,1,0,0.2942149783515162,-1.2670150995254517,-0.39201512932777405,assist,no
919,1,0,0.2018132174596823,-1.7381923198699951,-0.36319229006767273,assist,no
920,1,1,0.5312093733737563,-0.7348860502243042,-0.8598860502243042,assist,yes
921,1,0,5.144219879528006e-05,-9.891658782958984,-0.016658492386341095,assist,no
922,1,0,0.020332351858581475,-3.9536757469177246,-0.07867567241191864,assist,no
923,1,0,0.24508501864634827,-1.6080631017684937,-0.48306313157081604,assist,no
924,1,0,0.10669060246682488,-2.327714204788208,-0.20271429419517517,assist,no
925,1,0,0.0003353500836343198,-8.02815055847168,-0.028150418773293495,assist,no
926,1,0,0.32082130082460697,-1.3102777004241943,-0.5602777004241943,assist,no
927,1,0,0.13296424706933604,-2.1468794345855713,-0.27187949419021606,assist,no
928,1,0,0.4073334000459302,-0.987234354019165,-0.612234354019165,assist,no
929,1,0,0.22270012850745968,-1.5314013957977295,-0.2814013361930847,assist,no
930,1,0,0.0011695105033094697,-6.7602972984313965,-0.010297502391040325,assist,no
931,1,0,0.000911051092675507,-7.028448581695557,-0.028448469936847687,assist,no
932,1,0,0.03308597981882656,-3.440476417541504,-0.06547646224498749,assist,no
933,1,0,0.20181322226037882,-1.6850192546844482,-0.31001925468444824,assist,no
934,1,0,0.2689414213699951,-1.3950293064117432,-0.39502930641174316,assist,no
935,1,0,0.0009110512554357338,-7.020266532897949,-0.02026659995317459,assist,no
936,1,0,0.16451646494473965,-1.8695148229599,-0.2445148378610611,assist,no
937,1,0,0.0007096704400492965,-7.2759928703308105,-0.025992928072810173,assist,no
938,1,0,6.605215146716571e-05,-9.629201889038086,-0.004201989155262709,assist,no
939,1,0,0.00048785701651569546,-7.646848678588867,-0.021848460659384727,assist,no
940,1,0,0.0009110513232525035,-7.0020012855529785,-0.002001427114009857,assist,no
941,1,0,0.006692852212113911,-5.0325422286987305,-0.03254242241382599,assist,no
942,1,0,0.2018132270610754,-1.6466039419174194,-0.2716039717197418,assist,no
943,1,0,0.00043055700857672004,-7.755922794342041,-0.005922625306993723,assist,no
944,1,0,0.07585817793199003,-2.7784252166748047,-0.2784251868724823,assist,no
945,1,0,0.32082129433083023,-1.2162110805511475,-0.4662110507488251,assist,no
946,1,0,0.24508501313237172,-1.679847240447998,-0.554847240447998,assist,no
947,1,0,0.015906393811096483,-4.159440994262695,-0.03444112837314606,assist,no
948,1,1,0.5926666143433998,-0.8044969439506531,-1.1794970035552979,assist,yes
949,1,0,0.4073334000459302,-1.0743578672409058,-0.6993578672409058,assist,no
950,1,1,0.7057850154599563,-0.5934329628944397,-1.468432903289795,assist,yes
951,1,0,0.03732688814730781,-3.313119888305664,-0.06311991065740585,assist,no
952,1,1,0.9241418137109955,-0.2563231885433197,-2.7563230991363525,assist,yes
953,1,1,0.6224593312018546,-0.5808948278427124,-1.0808948278427124,assist,yes
954,1,0,0.00591106819953534,-5.161992073059082,-0.03699196130037308,assist,no
955,1,0,0.0013250225207337722,-6.657764911651611,-0.032764989882707596,assist,no
956,1,0,0.025957359269947192,-3.681602954864502,-0.05660303682088852,assist,no
957,1,0,0.0015011821590179648,-6.512428283691406,-0.012428218498826027,assist,no
958,1,0,0.1480471961522176,-1.9847227334976196,-0.23472271859645844,assist,no
959,1,0,0.06754669864792355,-2.715958595275879,-0.09095871448516846,assist,no
960,1,0,0.004070137444082972,-5.526966094970703,-0.026966027915477753,assist,no
961,1,1,0.7310585727705126,-0.3950255215167999,-1.3950254917144775,assist,yes
962,1,0,0.02033235371367809,-3.9181792736053467,-0.04317929223179817,assist,no
963,1,0,0.0035936023880030797,-5.650009632110596,-0.025009578093886375,assist,no
964,1,0,0.0015011823321202451,-6.518373012542725,-0.01837306283414364,assist,no
965,1,0,0.4378234991142019,-0.8698606491088867,-0.6198606491088867,assist,no
966,1,0,0.46879062662624377,-0.879682183265686,-0.754682183265686,assist,no
967,1,0,0.04742587637519415,-3.0552875995635986,-0.055287670344114304,assist,no
968,1,0,0.0008040860785471438,-7.139453887939453,-0.014454065822064877,assist,no
969,1,0,0.0066928511595613,-5.016871929168701,-0.016871964558959007,assist,no
970,1,0,0.0028009267486151326,-5.895688533782959,-0.020688455551862717,assist,no
971,1,0,0.46879062662624377,-0.8886422514915466,-0.7636422514915466,assist,no
972,1,0,0.22270013366638422,-1.533724308013916,-0.28372427821159363,assist,no
973,1,0,0.0006263342642070186,-7.383944511413574,-0.008944680914282799,assist,no
974,1,0,0.02033235490094001,-3.910642623901367,-0.035642702132463455,assist,no
975,1,0,0.13296424535145931,-2.0585544109344482,-0.18355445563793182,assist,no
976,1,0,0.00037998449441102816,-7.881217002868652,-0.006216949317604303,assist,no
977,1,0,0.2018132270610754,-1.6791430711746216,-0.30414310097694397,assist,no
978,1,0,0.03308598077224154,-3.4348905086517334,-0.05989058315753937,assist,no
979,1,0,0.02033235304584329,-3.924935817718506,-0.049935802817344666,assist,no
980,1,0,0.053403329046549465,-3.002058982849121,-0.1270589679479599,assist,no
981,1,0,0.02297737032817847,-3.795802116394043,-0.04580213502049446,assist,no
982,1,0,0.0007096702300220753,-7.282422065734863,-0.03242182731628418,assist,no
983,1,0,0.00522012560650603,-5.275977611541748,-0.025977594777941704,assist,no
984,1,0,0.012431651584958318,-4.406909465789795,-0.0319095253944397,assist,no
985,1,0,0.00048785706011223443,-7.652631759643555,-0.02763163112103939,assist,no
986,1,0,0.37754066879814546,-1.079728603363037,-0.5797286033630371,assist,no
987,1,0,0.4378234991142019,-0.9990461468696594,-0.7490461468696594,assist,no
988,1,0,0.0017007222137818787,-6.389059543609619,-0.014059427194297314,assist,no
989,1,0,0.022977370662700766,-3.775665760040283,-0.02566579356789589,assist,no
990,1,0,0.0015011824773028186,-6.523380279541016,-0.023380426689982414,assist,no
991,1,0,0.5,-0.8252424001693726,-0.8252424001693726,assist,no
992,1,0,0.2018132270610754,-1.6908849477767944,-0.3158849775791168,assist,no
993,1,0,0.042087727615238615,-3.2140231132507324,-0.08902310580015182,assist,no
994,1,0,0.0028009266445647384,-5.902758598327637,-0.027758482843637466,assist,no
995,1,0,0.0035936023146380092,-5.6411848068237305,-0.0161847323179245,assist,no
996,1,0,0.0010322310521203835,-6.906896114349365,-0.03189612925052643,assist,no
997,1,0,0.01798620762623757,-4.026081562042236,-0.026081429794430733,assist,no
998,1,0,0.0019267347707847262,-6.262089729309082,-0.012089785188436508,assist,no
999,1,0,0.007577240777623922,-4.906037330627441,-0.031037265434861183,assist,no
1000,1,0,0.014063626423394072,-4.313631057739258,-0.06363101303577423,assist,no
1001,1,0,0.4378234991142019,-0.8463543653488159,-0.5963543653488159,assist,no
1002,1,0,0.06754668597767712,-2.7330403327941895,-0.10804025083780289,assist,no
1003,1,0,0.008577486110661925,-4.805318832397461,-0.055318914353847504,assist,no
1004,1,1,0.9525741281688026,-0.17586228251457214,-3.1758623123168945,assist,yes
1005,1,0,0.0035936033817664495,-5.658789157867432,-0.03378938138484955,assist,no
1006,1,0,0.32082130731838393,-1.1871373653411865,-0.4371373951435089,assist,no
1007,1,0,0.0004878571100666068,-7.660239219665527,-0.035239193588495255,assist,no
1008,1,0,0.1645164608483867,-1.844394326210022,-0.21939431130886078,assist,no
1009,1,1,0.8519528019683106,-0.2023477554321289,-1.952347755432129,assist,yes
1010,1,0,0.029312231811314076,-3.5729122161865234,-0.07291225343942642,assist,no
1011,1,0,0.03732688895048618,-3.3187763690948486,-0.06877641379833221,assist,no
1012,1,1,0.9149009526726544,-0.3670695126056671,-2.7420694828033447,assist,yes
1013,1,0,0.02297737183352882,-3.8122434616088867,-0.06224354729056358,assist,no
1014,1,0,0.11920293297380237,-2.195143938064575,-0.19514404237270355,assist,no
1015,1,0,0.22270013882530884,-1.5313667058944702,-0.2813667058944702,assist,no
1016,1,0,0.0028009266341596987,-5.903174877166748,-0.028174757957458496,assist,no
1017,1,0,0.09534945975773548,-2.469072103500366,-0.21907204389572144,assist,no
1018,1,0,0.0066928503732426895,-5.011248588562012,-0.011248505674302578,assist,no
1019,1,1,0.7310585903489892,-0.4565207362174988,-1.4565207958221436,assist,yes
1020,1,0,0.18242553269617778,-1.7924058437347412,-0.292405903339386,assist,no
1021,1,1,0.8175744739711884,-0.24285639822483063,-1.7428563833236694,assist,yes
1022,1,1,0.5621765008857981,-0.7186227440834045,-0.9686227440834045,assist,yes
1023,1,0,0.009708474296712474,-4.6722493171691895,-0.04724908992648125,assist,no
1024,1,0,0.08509904848750824,-2.5107641220092773,-0.13576416671276093,assist,no
1025,1,0,0.34864513533394575,-1.1303200721740723,-0.5053200721740723,assist,no
1026,1,0,0.18242552380635632,-1.8336158990859985,-0.33361589908599854,assist,no
1027,1,0,0.003593602851536967,-5.639975547790527,-0.014975623227655888,assist,no
1028,1,0,0.08509905312815914,-2.5389997959136963,-0.16399990022182465,assist,no
1029,1,0,0.001700722060402849,-6.38666296005249,-0.01166275329887867,assist,no
1030,1,0,0.002472622954488594,-6.021815299987793,-0.021815218031406403,assist,no
1031,1,0,0.0006263341586923741,-7.383749008178711,-0.008749009110033512,assist,no
1032,1,0,0.00029595701982610345,-8.140111923217773,-0.015111606568098068,assist,no
1033,1,0,0.0021827165305369762,-6.152565956115723,-0.02756599523127079,assist,no
1034,1,0,0.02931223128133519,-3.534212350845337,-0.034212369471788406,assist,no
1035,1,0,0.0066928516796460995,-5.019988536834717,-0.0199886504560709,assist,no
1036,1,0,0.005220124861724731,-5.282610893249512,-0.032610733062028885,assist,no
1037,1,1,0.9525741288419872,-0.20820780098438263,-3.208207845687866,assist,yes
1038,1,1,0.6791787121629466,-0.4838640093803406,-1.2338640689849854,assist,yes
1039,1,1,0.7310585786300049,-0.5165327787399292,-1.5165327787399292,assist,yes
1040,1,0,0.10669059678604234,-2.2907183170318604,-0.16571834683418274,assist,no
1041,1,0,0.04742587536541707,-3.0582075119018555,-0.05820756033062935,assist,no
1042,1,0,0.007577241295874348,-4.9040656089782715,-0.029065612703561783,assist,no
1043,1,1,0.8519528132451416,-0.2874409258365631,-2.0374410152435303,assist,yes
1044,1,0,0.009708477358960417,-4.64858341217041,-0.02358350344002247,assist,no
1045,1,0,0.0008040860104553625,-7.150111675262451,-0.025111768394708633,assist,no
1046,1,0,0.00023050662133327246,-8.384770393371582,-0.009769956581294537,assist,no
1047,1,0,0.0017007227039623754,-6.388096332550049,-0.013096504844725132,assist,no
1048,1,1,0.7057850278370112,-0.4880460500717163,-1.3630460500717163,assist,yes
1049,1,0,0.01098694400690851,-4.5256667137146,-0.025666840374469757,assist,no
1050,1,0,0.010986942832992484,-4.5360493659973145,-0.036049384623765945,assist,no
1051,1,0,0.003593601734387053,-5.643807888031006,-0.018807651475071907,assist,no
1052,1,0,0.0007096704849607859,-7.26114559173584,-0.011145712807774544,assist,no
1053,1,0,0.0009110512401769612,-7.025397777557373,-0.025397827848792076,assist,no
1054,1,0,0.46879062662624377,-0.975117564201355,-0.850117564201355,assist,no
1055,1,0,0.00037998445532125014,-7.8997297286987305,-0.024729572236537933,assist,no
1056,1,0,0.00020342690759187285,-8.5216703414917,-0.021669995039701462,assist,no
1057,1,0,0.2689414213699951,-1.3494024276733398,-0.34940242767333984,assist,no
1058,1,0,0.0011695103379459888,-6.7643303871154785,-0.014330449514091015,assist,no
1059,1,0,0.001325022476367795,-6.650993347167969,-0.02599339187145233,assist,no
1060,1,0,0.015906393286276015,-4.164223670959473,-0.039223771542310715,assist,no
1061,1,0,0.34864513533394575,-1.1527055501937866,-0.5277055501937866,assist,no
1062,1,0,0.03308597505175204,-3.446258783340454,-0.07125867903232574,assist,no
1063,1,0,0.0019267348997334354,-6.270978927612305,-0.020979050546884537,assist,no
1064,1,0,0.03732689109229525,-3.316256284713745,-0.06625638902187347,assist,no
1065,1,0,0.005220125819300707,-5.26716423034668,-0.017164254561066628,assist,no
1066,1,0,0.06008665101556925,-2.8697357177734375,-0.1197357326745987,assist,no
1067,1,0,0.00020342688637711048,-8.511944770812988,-0.011944320052862167,assist,no
1068,1,0,0.003172682388891075,-5.77442741394043,-0.024427270516753197,assist,no
1069,1,0,0.04742587317756679,-3.081190347671509,-0.08119034767150879,assist,no
1070,1,0,0.00280092632200854,-5.900478363037109,-0.02547813206911087,assist,no
1071,1,0,0.0035936030749669904,-5.673725605010986,-0.04872574284672737,assist,no
1072,1,0,0.0015011819887076757,-6.537440299987793,-0.03744012117385864,assist,no
1073,1,0,0.010986941497157156,-4.544104099273682,-0.044103994965553284,assist,no
1074,1,1,0.5312093733737563,-0.7147426605224609,-0.8397426605224609,assist,yes
1075,1,0,0.11920291419948606,-2.19862961769104,-0.19862954318523407,assist,no
1076,1,0,0.0035936020545255004,-5.653839588165283,-0.028839441016316414,assist,no
1077,1,1,0.7310585669110203,-0.41591960191726685,-1.415919542312622,assist,yes
1078,1,0,0.003593602147899219,-5.641448497772217,-0.016448376700282097,assist,no
1079,1,0,0.015906390895427426,-4.156576633453369,-0.03157658129930496,assist,no
1080,1,0,0.0005527786328073543,-7.545180320739746,-0.0451803132891655,assist,no
1081,1,0,0.005911068155754778,-5.149047374725342,-0.024047255516052246,assist,no
1082,1,0,0.0003799845635698761,-7.902910232543945,-0.02791036106646061,assist,no
1083,1,0,0.00043055711419143645,-7.757056713104248,-0.007056789472699165,assist,no
1084,1,0,0.04742587014823577,-3.0832266807556152,-0.08322661370038986,assist,no
1085,1,0,0.004070137247773484,-5.550174713134766,-0.05017459765076637,assist,no
1086,1,0,0.020332352452212373,-3.9565775394439697,-0.08157749474048615,assist,no
1087,1,0,0.020332351042339016,-3.8986072540283203,-0.02360713854432106,assist,no
1088,1,0,0.017986207198546027,-4.07427453994751,-0.07427438348531723,assist,no
1089,1,0,0.0031726835906210784,-5.765462398529053,-0.015462635084986687,assist,no
1090,1,0,0.0009110510180770795,-7.008269786834717,-0.008269593119621277,assist,no
1091,1,0,0.004609571700774742,-5.431374549865723,-0.0563744455575943,assist,no
1092,1,0,0.3486451285660856,-1.0634585618972778,-0.43845853209495544,assist,no
1093,1,0,0.0007096705179839416,-7.265784740447998,-0.015784908086061478,assist,no
1094,1,0,0.022977368070153135,-3.830127000808716,-0.08012691885232925,assist,no
1095,1,0,0.00029595708375368217,-8.137431144714355,-0.01243104413151741,assist,no
1096,1,0,0.00460957314511971,-5.40476131439209,-0.029761524870991707,assist,no
1097,1,0,0.0024726234897165856,-6.0127973556518555,-0.012797490693628788,assist,no
1098,1,0,0.01590639491905086,-4.156616687774658,-0.03161689266562462,assist,no
1099,1,0,0.3486451488696663,-1.107804536819458,-0.4828045964241028,assist,no
1100,1,0,0.1480471980316895,-1.9920740127563477,-0.24207401275634766,assist,no
1101,1,0,0.012431649183829966,-4.40372896194458,-0.028728825971484184,assist,no
1102,1,0,0.11920291732853862,-2.1814568042755127,-0.1814567595720291,assist,no
1103,1,0,0.46879062662624377,-0.879854142665863,-0.754854142665863,assist,no
1104,1,0,0.015906388417109146,-4.148780345916748,-0.023780135437846184,assist,no
1105,1,1,0.7772998560157665,-0.3710755407810211,-1.6210755109786987,assist,yes
1106,1,0,0.5,-0.9139701128005981,-0.9139701128005981,assist,no
1107,1,0,0.010986941820996006,-4.542042255401611,-0.04204218089580536,assist,no
1108,1,0,0.03308597958047282,-3.454172134399414,-0.07917217165231705,assist,no
1109,1,0,0.00023050666790723546,-8.39626407623291,-0.021263841539621353,assist,no
1110,1,0,0.04742587452393617,-3.100830554962158,-0.10083058476448059,assist,no
1111,1,1,0.880797068590724,-0.20317205786705017,-2.203171968460083,assist,yes
1112,1,0,0.00017952797703652551,-8.639969825744629,-0.014969868585467339,assist,no
1113,1,0,0.46879062662624377,-0.885428249835968,-0.760428249835968,assist,no
1114,1,0,0.0011695102835501123,-6.753480434417725,-0.003480450250208378,assist,no
1115,1,0,0.012431652957031865,-4.402925491333008,-0.027925662696361542,assist,no
1116,1,0,0.03308598077224154,-3.4385783672332764,-0.06357844173908234,assist,no
1117,1,0,0.34864513533394575,-1.208970069885254,-0.5839700698852539,assist,no
1118,1,1,0.6513548646660542,-0.5887689590454102,-1.2137689590454102,assist,yes
1119,1,0,0.02033235490094001,-3.92749285697937,-0.052492935210466385,assist,no
1120,1,0,0.1480472055495773,-1.9320721626281738,-0.1820722222328186,assist,no
1121,1,0,0.2689414272294874,-1.4303531646728516,-0.43035319447517395,assist,no
1122,1,0,0.13296422989056964,-2.057504653930664,-0.1825045645236969,assist,no
1123,1,0,0.014063624822111409,-4.2884721755981445,-0.0384720154106617,assist,no
1124,1,0,0.04208772671409796,-3.2052619457244873,-0.08026191592216492,assist,no
1125,1,0,0.10669059820623795,-2.2695937156677246,-0.1445937603712082,assist,no
1126,1,1,0.7981867873410141,-0.3428477644920349,-1.7178478240966797,assist,yes
1127,1,0,0.00015843621172593366,-8.762137413024902,-0.012137366458773613,assist,no
1128,1,0,0.025957359081569886,-3.6847667694091797,-0.05976684391498566,assist,no
1129,1,0,0.005220124745654927,-5.280893325805664,-0.030893143266439438,assist,no
1130,1,1,0.5926665999540697,-0.5648361444473267,-0.9398361444473267,assist,yes
1131,1,0,0.0075772428086055225,-4.906564712524414,-0.03156491741538048,assist,no
1132,1,0,0.0017007227403306115,-6.387407302856445,-0.012407496571540833,assist,no
1133,1,0,0.0019267343534924355,-6.265319347381592,-0.015319186262786388,assist,no
1134,1,0,0.34864513533394575,-1.1875648498535156,-0.5625648498535156,assist,no
1135,1,0,0.001032231236507169,-6.915626049041748,-0.04062624275684357,assist,no
1136,1,0,0.00669285052802981,-5.031569480895996,-0.03156942129135132,assist,no
1137,1,0,0.0021827169331696743,-6.131707191467285,-0.006707415450364351,assist,no
1138,1,1,0.6224593171945417,-0.5184019207954407,-1.018401861190796,assist,yes
1139,1,0,0.18242551713899047,-1.7136503458023071,-0.21365030109882355,assist,no
1140,1,0,0.07585817688736327,-2.617922306060791,-0.11792226135730743,assist,no
1141,1,0,0.012431649503980388,-4.404190540313721,-0.0291904304176569,assist,no
1142,1,0,0.03308598053388778,-3.446396589279175,-0.07139665633440018,assist,no
1143,1,0,0.029312231175339414,-3.569185733795166,-0.06918574869632721,assist,no
1144,1,0,0.5,-0.8365471959114075,-0.8365471959114075,assist,no
1145,1,0,0.0013250225835855758,-6.636355876922607,-0.011356002651154995,assist,no
1146,1,1,0.9740426450627306,-0.22792735695838928,-3.8529274463653564,assist,yes
1147,1,0,0.0011695104434739968,-6.77280855178833,-0.022808704525232315,assist,no
1148,1,0,0.012431651859373016,-4.410069465637207,-0.0350695475935936,assist,no
1149,1,0,0.0009110513690288258,-7.011474609375,-0.01147480122745037,assist,no
1150,1,1,0.96267311131724,-0.0813784971833229,-3.33137845993042,assist,yes
1151,1,0,0.0009110513859830198,-7.022826671600342,-0.02282688207924366,assist,no
1152,1,0,0.005911070191551213,-5.162975311279297,-0.03797553852200508,assist,no
1153,1,1,0.9241418220680101,-0.25541064143180847,-2.755410671234131,assist,yes
1154,1,0,0.00132502270312725,-6.647810935974121,-0.022811152040958405,assist,no
1155,1,0,0.2689414096510108,-1.4764673709869385,-0.4764673113822937,assist,no
1156,1,0,0.006692850701391389,-5.035501003265381,-0.03550096973776817,assist,no
1157,1,1,0.9626731089077046,-0.21681462228298187,-3.4668145179748535,assist,yes
1158,1,0,0.1329642333263228,-2.1215097904205322,-0.24650973081588745,assist,no
1159,1,0,0.005911069928867763,-5.163832187652588,-0.038832370191812515,assist,no
1160,1,0,0.005220125577488575,-5.27227783203125,-0.02227780967950821,assist,no
1161,1,0,0.008577487409523327,-4.788128852844238,-0.038129087537527084,assist,no
1162,1,0,0.003172682748231862,-5.770691871643066,-0.02069184184074402,assist,no
1163,1,0,0.00037998457701251805,-7.91454553604126,-0.0395456999540329,assist,no
1164,1,0,0.0008040861137154288,-7.140826225280762,-0.015826446935534477,assist,no
1165,1,0,0.0011695102160992287,-6.764542579650879,-0.014542537741363049,assist,no
1166,1,0,0.13296424878721277,-2.0637919902801514,-0.18879206478595734,assist,no
1167,1,0,0.0024726227408568523,-6.010402202606201,-0.010402034036815166,assist,no
1168,1,0,0.4378234991142019,-0.9151652455329895,-0.6651652455329895,assist,no
1169,1,0,0.029312230115381685,-3.556880474090576,-0.05688045173883438,assist,no
1170,1,0,0.008577484384126949,-4.772519111633301,-0.02251899056136608,assist,no
1171,1,0,0.2689414330889798,-1.4363634586334229,-0.4363635182380676,assist,no
1172,1,0,0.07585817584273653,-2.6263587474823,-0.12635868787765503,assist,no
1173,1,0,0.22270014398423357,-1.5806678533554077,-0.3306678831577301,assist,no
1174,1,0,0.16451645675203383,-1.8627803325653076,-0.23778028786182404,assist,no
1175,1,0,0.07585818002124356,-2.6320860385894775,-0.13208603858947754,assist,no
1176,1,0,0.0009110510816552844,-7.007741928100586,-0.007741804234683514,assist,no
1177,1,0,0.007577242612510723,-4.925471305847168,-0.050471484661102295,assist,no
1178,1,0,0.0010322309695304799,-6.89323091506958,-0.018230849876999855,assist,no
1179,1,0,0.0004878571899936131,-7.653069496154785,-0.0280696339905262,assist,no
1180,1,1,0.9924227579477601,-0.109015092253685,-4.984014987945557,assist,yes
1181,1,0,0.09534945975773548,-2.401867151260376,-0.1518670916557312,assist,no
1182,1,0,0.008577483940613431,-4.7734293937683105,-0.02342922054231167,assist,no
1183,1,0,0.06754669630158146,-2.741264820098877,-0.11626490205526352,assist,no
1184,1,1,0.679178699175393,-0.7209978103637695,-1.4709978103637695,assist,yes
1185,1,0,0.37754066879814546,-0.9831129908561707,-0.48311299085617065,assist,no
1186,1,0,0.00026119027143069835,-8.277471542358398,-0.027471359819173813,assist,no
1187,1,0,0.004609572076817176,-5.427735328674316,-0.052735306322574615,assist,no
1188,1,0,0.004070138078313694,-5.519966125488281,-0.019966214895248413,assist,no
1189,1,0,0.4073334000459302,-0.9469656944274902,-0.5719656944274902,assist,no
1190,1,1,0.5926665999540697,-0.7470790147781372,-1.1220790147781372,assist,yes
1191,1,0,0.1192029188930649,-2.201510429382324,-0.20151039958000183,assist,no
1192,1,0,0.015906393461216167,-4.158590793609619,-0.033590905368328094,assist,no
1193,1,0,0.029312230115381685,-3.569650650024414,-0.06965062767267227,assist,no
1194,1,0,0.004070138678567862,-5.51176643371582,-0.01176667120307684,assist,no
1195,1,0,0.2942149597859341,-1.3690252304077148,-0.49402517080307007,assist,no
1196,1,0,0.025957356915230906,-3.6761112213134766,-0.05111121013760567,assist,no
1197,1,0,0.033085978388704126,-3.445411205291748,-0.07041120529174805,assist,no
1198,1,1,0.9241418252018903,-0.2219499796628952,-2.721950054168701,assist,yes
1199,1,0,0.0003799844825602806,-7.885664463043213,-0.0106643782928586,assist,no
1200,1,0,0.10669060104662924,-2.3088958263397217,-0.18389590084552765,assist,no
1201,1,0,0.10669060104662924,-2.243727922439575,-0.11872799694538116,assist,no
1202,1,0,0.02931223053936477,-3.5325088500976562,-0.03250884264707565,assist,no
1203,1,0,0.005911068013467956,-5.152220726013184,-0.027220582589507103,assist,no
1204,1,0,0.06008665438181589,-2.8939521312713623,-0.14395220577716827,assist,no
1205,1,0,0.012431650304356473,-4.441161155700684,-0.06616111099720001,assist,no
1206,1,0,0.0009110512045731597,-7.051516056060791,-0.05151606723666191,assist,no
1207,1,0,0.46879062662624377,-0.8394133448600769,-0.7144133448600769,assist,no
1208,1,0,0.04742587637519415,-3.0573554039001465,-0.057355474680662155,assist,no
1209,1,0,0.0040701368249530774,-5.532312870025635,-0.032312650233507156,assist,no
1210,1,0,0.0059110693816106135,-5.1365556716918945,-0.011555761098861694,assist,no
1211,1,1,0.8175744850834649,-0.3110620379447937,-1.8110620975494385,assist,yes
1212,1,0,0.22270014398423357,-1.5538156032562256,-0.303815633058548,assist,no
1213,1,0,0.3486451421018059,-1.066932201385498,-0.44193223118782043,assist,no
1214,1,0,0.02931222894942822,-3.55021071434021,-0.05021065101027489,assist,no
1215,1,0,0.004070138621940107,-5.511326313018799,-0.011326536536216736,assist,no
1216,1,0,0.24508501864634827,-1.4763442277908325,-0.3513442575931549,assist,no
1217,1,0,0.4073334000459302,-1.012861967086792,-0.637861967086792,assist,no
1218,1,0,0.00522012510353683,-5.2735371589660645,-0.02353704534471035,assist,no
1219,1,0,0.00023050669258929332,-8.384516716003418,-0.009516588412225246,assist,no
1220,1,0,0.02931222820745785,-3.5966365337371826,-0.09663644433021545,assist,no
1221,1,0,0.020332352452212373,-3.9122612476348877,-0.037261202931404114,assist,no
1222,1,0,0.020332351116542875,-3.932283878326416,-0.05728376656770706,assist,no
1223,1,0,0.01798620890931226,-4.039492130279541,-0.03949207067489624,assist,no
1224,1,0,0.000295957242470489,-8.13999080657959,-0.014991242438554764,assist,no
1225,1,0,0.4378234991142019,-0.9245821833610535,-0.6745821833610535,assist,no
1226,1,0,0.001032231053080731,-6.8870439529418945,-0.0120439687743783,assist,no
1227,1,0,0.34864513533394575,-1.2158520221710205,-0.5908520221710205,assist,no
1228,1,0,0.0021827162952453585,-6.144802093505859,-0.019802024587988853,assist,no
1229,1,1,0.9046505299595163,-0.2576008439064026,-2.507600784301758,assist,yes
1230,1,0,0.002800927560208341,-5.918658256530762,-0.04365846887230873,assist,no
1231,1,0,0.01098694441170717,-4.560389041900635,-0.0603892058134079,assist,no
1232,1,0,0.13296423676207594,-2.0227413177490234,-0.14774128794670105,assist,no
1233,1,0,0.0017007227719551652,-6.408339023590088,-0.0333392359316349,assist,no
1234,1,0,0.4378234991142019,-0.958720862865448,-0.708720862865448,assist,no
1235,1,1,0.6513548646660542,-0.6423910856246948,-1.2673910856246948,assist,yes
1236,1,1,0.7772998663336157,-0.4025592505931854,-1.6525592803955078,assist,yes
1237,1,0,0.008577486775932374,-4.790349960327148,-0.04035012051463127,assist,no
1238,1,0,0.09534946875514017,-2.4192934036254883,-0.16929344832897186,assist,no
1239,1,0,0.2689414096510108,-1.3644163608551025,-0.36441630125045776,assist,no
1240,1,0,0.0031726833667693765,-5.776751518249512,-0.02675168402493,assist,no
1241,1,0,0.0031726821591486257,-5.794679164886475,-0.0446789488196373,assist,no
1242,1,0,0.015906389379279733,-4.189852714538574,-0.06485256552696228,assist,no
1243,1,0,0.32082129433083023,-1.1645777225494385,-0.4145776927471161,assist,no
1244,1,0,0.29421497216298875,-1.4177418947219849,-0.5427418947219849,assist,no
1245,1,0,0.0953494674697966,-2.4301111698150635,-0.18011119961738586,assist,no
1246,1,0,0.10669060246682488,-2.389000177383423,-0.26400026679039,assist,no
1247,1,0,0.16451645880021026,-1.8710541725158691,-0.24605414271354675,assist,no
1248,1,0,0.00857748452668487,-4.78287410736084,-0.03287400305271149,assist,no
1249,1,0,0.24508501313237172,-1.6439125537872314,-0.5189125537872314,assist,no
1250,1,1,0.7981867777396212,-0.3681892156600952,-1.7431892156600952,assist,yes
1251,1,0,0.0009110509773870306,-7.035874366760254,-0.035874128341674805,assist,no
1252,1,0,0.5,-0.8277876377105713,-0.8277876377105713,assist,no
1253,1,0,0.00669284961169011,-5.062155246734619,-0.06215504929423332,assist,no
1254,1,0,0.22270013366638422,-1.65243661403656,-0.40243658423423767,assist,no
1255,1,0,0.0046095714956607,-5.385158061981201,-0.010157912969589233,assist,no
1256,1,0,0.0024726229407059006,-6.0163092613220215,-0.01630917377769947,assist,no
1257,1,1,0.6224593312018546,-0.6286678314208984,-1.1286678314208984,assist,yes
1258,1,0,0.014063627663096904,-4.295872688293457,-0.04587273299694061,assist,no
1259,1,0,0.00037998446416509095,-7.883682727813721,-0.008682594634592533,assist,no
1260,1,0,0.0002305067112618085,-8.396585464477539,-0.02158541791141033,assist,no
1261,1,0,0.0021827162039684453,-6.136916160583496,-0.011916049756109715,assist,no
1262,1,0,0.0019267346848189251,-6.283083915710449,-0.033083926886320114,assist,no
1263,1,0,0.11920293453832885,-2.2072253227233887,-0.20722544193267822,assist,no
1264,1,0,0.06754669160889748,-2.7481489181518555,-0.12314892560243607,assist,no
1265,1,0,0.2689414272294874,-1.4156394004821777,-0.4156394302845001,assist,no
1266,1,0,0.0004878570855435506,-7.642645359039307,-0.017645282670855522,assist,no
1267,1,0,0.015906388912772775,-4.155965328216553,-0.030965149402618408,assist,no
1268,1,0,0.2942149597859341,-1.4464666843414307,-0.5714666247367859,assist,no
1269,1,1,0.6513548511303336,-0.5455306172370911,-1.1705305576324463,assist,yes
1270,1,0,0.060086647228542,-2.8645784854888916,-0.11457843333482742,assist,no
1271,1,0,0.000552778693264708,-7.506491661071777,-0.006491763051599264,assist,no
1272,1,0,0.2689414272294874,-1.44387686252594,-0.44387689232826233,assist,no
1273,1,0,0.002182716919985227,-6.144163131713867,-0.019163349643349648,assist,no
1274,1,0,0.0015011823907516671,-6.518859386444092,-0.01885947585105896,assist,no
1275,1,0,0.00029595712866832546,-8.140079498291016,-0.015079549513757229,assist,no
1276,1,0,0.006692849537392301,-5.04313325881958,-0.043133050203323364,assist,no
1277,1,0,0.00048785710870421464,-7.638763904571533,-0.01376387570053339,assist,no
1278,1,1,0.5312093733737563,-0.7093451619148254,-0.8343451619148254,assist,yes
1279,1,0,0.005911068155754778,-5.160677909851074,-0.03567779064178467,assist,no
1280,1,0,0.004609571658042649,-5.403834342956543,-0.028834229335188866,assist,no
1281,1,0,0.0002959572300707354,-8.133580207824707,-0.008580601774156094,assist,no
1282,1,1,0.5621765008857981,-0.7819241285324097,-1.0319241285324097,assist,yes
1283,1,0,0.0013250222200310669,-6.64027214050293,-0.015271991491317749,assist,no
1284,1,0,0.033085978627057866,-3.485806465148926,-0.11080647259950638,assist,no
1285,1,0,0.001032231105899859,-6.89570426940918,-0.02070433646440506,assist,no
1286,1,0,0.5,-0.7882612943649292,-0.7882612943649292,assist,no
1287,1,0,0.29421496597446145,-1.2438092231750488,-0.36880919337272644,assist,no
1288,1,0,0.24508501313237172,-1.512913465499878,-0.38791346549987793,assist,no
1289,1,0,0.0010322310252306468,-6.8911662101745605,-0.01616619899868965,assist,no
1290,1,0,0.32082130082460697,-1.2291349172592163,-0.4791349172592163,assist,no
1291,1,1,0.5312093733737563,-0.8058874011039734,-0.9308874011039734,assist,yes
1292,1,1,0.7549149868676283,-0.4468104839324951,-1.5718104839324951,assist,yes
1293,1,0,0.01406362936768847,-4.284616470336914,-0.03461663797497749,assist,no
1294,1,0,0.017986213778417023,-4.073554515838623,-0.07355473190546036,assist,no
1295,1,0,0.37754066879814546,-1.134521484375,-0.634521484375,assist,no
1296,1,0,0.06754668410060376,-2.7338855266571045,-0.10888541489839554,assist,no
1297,1,0,0.0028009271882280915,-5.889880180358887,-0.014880259521305561,assist,no
1298,1,0,0.07585817897661679,-2.682547092437744,-0.18254707753658295,assist,no
1299,1,0,0.0031726824477993983,-5.7767229080200195,-0.026722783222794533,assist,no
1300,1,0,0.03308597969964969,-3.416696548461914,-0.041696589440107346,assist,no
1301,1,0,0.010986943602109868,-4.532288551330566,-0.03228864073753357,assist,no
1302,1,0,0.46879062662624377,-0.8372862339019775,-0.7122862339019775,assist,no
1303,1,0,0.001169510486990704,-6.766139030456543,-0.01613922044634819,assist,no
1304,1,0,0.025957358422249308,-3.679961919784546,-0.05496196821331978,assist,no
1305,1,0,0.0028009272272469963,-5.911834239959717,-0.03683433309197426,assist,no
1306,1,0,0.0008040861092258604,-7.1409382820129395,-0.015938498079776764,assist,no
1307,1,0,0.4073334000459302,-1.1261427402496338,-0.7511427402496338,assist,no
1308,1,0,0.01590639101205418,-4.180911064147949,-0.05591101944446564,assist,no
1309,1,0,0.24508502416032488,-1.480349063873291,-0.3553491234779358,assist,no
1310,1,0,0.0013250225478463147,-6.654175281524658,-0.029175380244851112,assist,no
1311,1,0,0.007577241519982652,-4.904016017913818,-0.029016051441431046,assist,no
1312,1,0,0.0052201266027720895,-5.268596172332764,-0.0185963474214077,assist,no
1313,1,0,0.015906389204339618,-4.180102825164795,-0.05510266497731209,assist,no
1314,1,0,0.022977369826395047,-3.787294626235962,-0.037294622510671616,assist,no
1315,1,0,0.004609572264838404,-5.397622585296631,-0.02262260392308235,assist,no
1316,1,1,0.7772998714925403,-0.4149898886680603,-1.664989948272705,assist,yes
1317,1,0,0.34864513533394575,-1.1286183595657349,-0.5036183595657349,assist,no
1318,1,0,0.2942149783515162,-1.328955054283142,-0.4539550840854645,assist,no
1319,1,0,0.0534033328129234,-2.9999446868896484,-0.12494474649429321,assist,no
1320,1,0,0.00020342703147097573,-8.507440567016602,-0.007440829649567604,assist,no
1321,1,0,0.29421497216298875,-1.3647031784057617,-0.4897031784057617,assist,no
1322,1,0,0.002800926649767258,-5.884427547454834,-0.009427433833479881,assist,no
1323,1,0,0.003172683472804391,-5.7728271484375,-0.022827347740530968,assist,no
1324,1,0,0.1645164608483867,-1.8395150899887085,-0.2145150750875473,assist,no
1325,1,0,0.00013982212564461725,-8.89147663116455,-0.016476988792419434,assist,no
1326,1,0,0.0008040859131813987,-7.142541885375977,-0.017541857436299324,assist,no
1327,1,0,0.03308597934211908,-3.449617385864258,-0.0746174156665802,assist,no
1328,1,0,0.02931223265928031,-3.5405688285827637,-0.040568895637989044,assist,no
1329,1,0,0.4073334000459302,-0.924492597579956,-0.549492597579956,assist,no
1330,1,0,0.017986209238305784,-4.0346598625183105,-0.034659821540117264,assist,no
1331,1,0,1.4738983594227247e-05,-11.134378433227539,-0.009378543123602867,assist,no
1332,1,0,0.0600866518571309,-2.9081807136535645,-0.15818074345588684,assist,no
1333,1,0,0.0015011823349122177,-6.516673564910889,-0.01667361706495285,assist,no
1334,1,0,0.5,-0.8728390336036682,-0.8728390336036682,assist,no
1335,1,0,0.0009110511342132705,-7.014131546020508,-0.014131479896605015,assist,no
1336,1,1,0.6224593312018546,-0.5148497819900513,-1.0148497819900513,assist,yes
1337,1,0,0.002472623684971461,-6.030716419219971,-0.030716633424162865,assist,no
1338,1,0,0.0008040859954901364,-7.1476616859436035,-0.022661760449409485,assist,no
1339,1,0,0.10669060388702058,-2.289321184158325,-0.16432128846645355,assist,no
1340,1,0,0.03308598172565655,-3.462677001953125,-0.08767710626125336,assist,no
1341,1,0,0.00012339454657030597,-9.050762176513672,-0.05076193809509277,assist,no
1342,1,0,0.005911067936851978,-5.13970422744751,-0.01470407098531723,assist,no
1343,1,0,0.017986207198546027,-4.058274745941162,-0.058274589478969574,assist,no
1344,1,0,0.008577483592138543,-4.775528430938721,-0.02552821673452854,assist,no
1345,1,0,0.10669060246682488,-2.3046844005584717,-0.17968448996543884,assist,no
1346,1,0,0.3775406828054583,-1.0733006000518799,-0.5733006596565247,assist,no
1347,1,0,0.012431650075677586,-4.4212493896484375,-0.046249326318502426,assist,no
1348,1,0,0.09534946939781196,-2.3583884239196777,-0.10838847607374191,assist,no
1349,1,0,0.009708478093183752,-4.636600017547607,-0.011600185185670853,assist,no
1350,1,0,0.033085981248949035,-3.434950113296509,-0.05995020270347595,assist,no
1351,1,0,0.053403324150263734,-2.9556798934936523,-0.08067978173494339,assist,no
1352,1,0,0.029312234037225486,-3.561190605163574,-0.06119072064757347,assist,no
1353,1,0,0.0013250225305928786,-6.6481804847717285,-0.02318057045340538,assist,no
1354,1,0,0.22270012850745968,-1.5554137229919434,-0.3054136633872986,assist,no
1355,1,0,0.009708476839631754,-4.688705921173096,-0.06370595842599869,assist,no
1356,1,1,0.7057850278370112,-0.6045839786529541,-1.479583978652954,assist,yes
1357,1,0,0.00020342695892403017,-8.51050853729248,-0.010508443228900433,assist,no
1358,1,0,0.02931223159932252,-3.571458339691162,-0.0714583694934845,assist,no
1359,1,0,0.09534945975773548,-2.4352340698242188,-0.18523401021957397,assist,no
1360,1,0,0.5,-0.9139701128005981,-0.9139701128005981,assist,no
1361,1,0,0.00669285072615733,-5.032960891723633,-0.032960861921310425,assist,no
1362,1,0,0.047425871662901256,-3.055182456970215,-0.05518242344260216,assist,no
1363,1,0,0.010986940201801838,-4.5354437828063965,-0.03544355928897858,assist,no
1364,1,0,0.16451645880021026,-1.878383994102478,-0.25338396430015564,assist,no
1365,1,0,0.0015011820110434502,-6.518904209136963,-0.01890404522418976,assist,no
1366,1,0,0.025957356632664963,-3.6968297958374023,-0.07182977348566055,assist,no
1367,1,0,0.04742587216778976,-3.070584535598755,-0.07058451324701309,assist,no
1368,1,0,0.4378234991142019,-1.0520926713943481,-0.8020926713943481,assist,no
1369,1,1,0.7981867729389246,-0.30755606293678284,-1.6825560331344604,assist,yes
1370,1,1,0.9525741322079105,-0.30086028575897217,-3.3008604049682617,assist,yes
1371,1,0,0.0013250226402754404,-6.633634090423584,-0.00863425899296999,assist,no
1372,1,1,0.8354835330070839,-0.404850035905838,-2.0298500061035156,assist,yes
1373,1,0,0.004609573085294762,-5.411050796508789,-0.03605099394917488,assist,no
1374,1,0,0.24508501313237172,-1.4783612489700317,-0.35336124897003174,assist,no
1375,1,0,0.025957356255910384,-3.6556060314178467,-0.030605994164943695,assist,no
1376,1,0,0.020332354752532263,-3.9250967502593994,-0.050096821039915085,assist,no
1377,1,0,0.18242551936144574,-1.7773785591125488,-0.27737852931022644,assist,no
1378,1,0,0.01098694441170717,-4.535862922668457,-0.035863086581230164,assist,no
1379,1,0,0.07585818419975078,-2.637423038482666,-0.1374230980873108,assist,no
1380,1,0,0.015906391595187953,-4.1578497886657715,-0.03284978121519089,assist,no
1381,1,0,0.005220126506047222,-5.278451442718506,-0.028451599180698395,assist,no
1382,1,0,0.0019267348424228969,-6.283395290374756,-0.03339538350701332,assist,no
1383,1,0,0.2689414213699951,-1.4443341493606567,-0.44433414936065674,assist,no
1384,1,1,0.6224593171945417,-0.6858115792274475,-1.1858115196228027,assist,yes
1385,1,0,0.017986210751676075,-4.0425004959106445,-0.04250054061412811,assist,no
1386,1,1,0.6513548782017746,-0.6753062605857849,-1.3003063201904297,assist,yes
1387,1,0,0.0031726824065635715,-5.80108642578125,-0.05108628794550896,assist,no
1388,1,0,0.0002959569881378691,-8.138374328613281,-0.0133739048615098,assist,no
1389,1,1,0.8175744850834649,-0.3577691912651062,-1.857769250869751,assist,yes
1390,1,0,0.00029595700880410844,-8.152524948120117,-0.027524594217538834,assist,no
1391,1,0,0.004609571824697813,-5.3902363777160645,-0.01523630041629076,assist,no
1392,1,1,0.8175744850834649,-0.3114446997642517,-1.8114447593688965,assist,yes
1393,1,0,0.4378234991142019,-0.9621678590774536,-0.7121678590774536,assist,no
1394,1,0,0.0019267348442138514,-6.263485431671143,-0.013485525734722614,assist,no
1395,1,0,0.0007096703198450303,-7.267425060272217,-0.017424948513507843,assist,no
1396,1,0,0.0017007223070742848,-6.385936737060547,-0.01093667559325695,assist,no
1397,1,0,0.08509903688588204,-2.5351569652557373,-0.16015686094760895,assist,no
1398,1,1,0.7549149813536518,-0.42609110474586487,-1.5510910749435425,assist,yes
1399,1,0,0.020332353750780022,-3.9003803730010986,-0.025380393490195274,assist,no
1400,1,0,0.0035936028215239795,-5.674026966094971,-0.049027033150196075,assist,no
1401,1,0,0.04742587688008271,-3.091932535171509,-0.09193261712789536,assist,no
1402,1,1,0.9706877711565677,-0.09322207421064377,-3.593222141265869,assist,yes
1403,1,1,0.7549149868676283,-0.5074225664138794,-1.6324225664138794,assist,yes
1404,1,0,0.3208212878370535,-1.25225830078125,-0.5022582411766052,assist,no
1405,1,0,0.007577240805637457,-4.901614665985107,-0.026614604517817497,assist,no
1406,1,1,0.6224593452091672,-0.6472854018211365,-1.1472854614257812,assist,yes
1407,1,0,0.0015011819970835913,-6.526556968688965,-0.026556795462965965,assist,no
1408,1,0,0.012431653094239228,-4.407603740692139,-0.032603923231363297,assist,no
1409,1,0,0.0017007225711392591,-6.386988162994385,-0.011988257057964802,assist,no
1410,1,0,0.005911068828880942,-5.139709949493408,-0.01470994483679533,assist,no
1411,1,0,0.003593602061195052,-5.664703845977783,-0.03970370069146156,assist,no
1412,1,0,0.4073334000459302,-1.0335724353790283,-0.6585724353790283,assist,no
1413,1,0,0.03308598077224154,-3.468684196472168,-0.09368427097797394,assist,no
1414,1,0,0.3775406828054583,-1.10005784034729,-0.6000578999519348,assist,no
1415,1,0,0.22270013366638422,-1.5577048063278198,-0.30770477652549744,assist,no
1416,1,0,0.4378234991142019,-0.9917830228805542,-0.7417830228805542,assist,no
1417,1,0,0.04742587553371325,-3.0811092853546143,-0.08110933750867844,assist,no
1418,1,1,0.9706877671287282,-0.1575971394777298,-3.657597064971924,assist,yes
1419,1,0,0.16451647108926923,-1.8841438293457031,-0.2591438889503479,assist,no
1420,1,0,0.022977370244547896,-3.8425869941711426,-0.09258700907230377,assist,no
1421,1,1,0.5312093733737563,-0.7143315672874451,-0.8393315672874451,assist,yes
1422,1,0,0.002800927398930185,-5.891460418701172,-0.01646057330071926,assist,no
1423,1,0,0.002472622825850124,-6.017993450164795,-0.017993316054344177,assist,no
1424,1,0,0.40733341443526055,-1.0540320873260498,-0.6790321469306946,assist,no
1425,1,1,0.7310585786300049,-0.5269759893417358,-1.5269759893417358,assist,yes
1426,1,0,0.0059110693816106135,-5.184576511383057,-0.059576600790023804,assist,no
1427,1,0,0.0013250226341134984,-6.654007434844971,-0.029007598757743835,assist,no
1428,1,0,0.22270013366638422,-1.5977916717529297,-0.3477916419506073,assist,no
1429,1,0,0.014063625751888418,-4.299032688140869,-0.04903259500861168,assist,no
1430,1,1,0.5621765008857981,-0.6779914498329163,-0.9279914498329163,assist,yes
1431,1,0,0.047425876711786524,-3.059358835220337,-0.05935891345143318,assist,no
1432,1,1,0.7057850340255386,-0.43065330386161804,-1.3056533336639404,assist,yes
1433,1,0,0.0066928511595613,-5.016871929168701,-0.016871964558959007,assist,no
1434,1,0,0.0159063946857973,-4.154107570648193,-0.02910776063799858,assist,no
1435,1,0,0.24508502416032488,-1.5615458488464355,-0.4365459084510803,assist,no
1436,1,0,0.0075772417721044994,-4.92194128036499,-0.04694134742021561,assist,no
1437,1,0,0.0028009271960318725,-5.906119346618652,-0.03111942857503891,assist,no
1438,1,0,0.06008665522337757,-2.889496326446533,-0.13949641585350037,assist,no
1439,1,0,0.0007096705589326568,-7.263753890991211,-0.013754116371273994,assist,no
1440,1,0,0.0003353500080784514,-8.017446517944336,-0.017446152865886688,assist,no
1441,1,0,0.004070137663043568,-5.506491184234619,-0.006491171196103096,assist,no
1442,1,0,0.40733341443526055,-1.0003998279571533,-0.6253998875617981,assist,no
1443,1,0,0.022977370077286757,-3.8221089839935303,-0.07210899144411087,assist,no
1444,1,0,0.001700722278612194,-6.403906345367432,-0.028906267136335373,assist,no
1445,1,0,0.03732688573777281,-3.3176820278167725,-0.06768198311328888,assist,no
1446,1,0,0.001700722128395613,-6.384899616241455,-0.009899449534714222,assist,no
1447,1,0,0.012431649000886873,-4.405865669250488,-0.030865518376231194,assist,no
1448,1,0,0.0007096704717515239,-7.273637771606445,-0.02363787405192852,assist,no
1449,1,1,0.8354835371034369,-0.3122812509536743,-1.9372812509536743,assist,yes
1450,1,0,0.00037998452677948997,-7.890383720397949,-0.015383752062916756,assist,no
1451,1,0,0.2689414272294874,-1.456841230392456,-0.45684126019477844,assist,no
1452,1,0,0.2689414330889798,-1.5374763011932373,-0.5374763607978821,assist,no
1453,1,0,0.20181322226037882,-1.71914803981781,-0.34414803981781006,assist,no
1454,1,0,0.24508500761839525,-1.5454760789871216,-0.4204760491847992,assist,no
1455,1,0,0.005220126863929244,-5.268130302429199,-0.018130527809262276,assist,no
1456,1,0,0.0005527787598964373,-7.514127731323242,-0.01412795390933752,assist,no
1457,1,0,0.4378234991142019,-0.9352182745933533,-0.6852182745933533,assist,no
1458,1,0,0.0019267345522883225,-6.2668914794921875,-0.016891421750187874,assist,no
1459,1,0,0.4073334000459302,-1.07880437374115,-0.7038043737411499,assist,no
1460,1,0,0.0010322311375913372,-6.883118152618408,-0.008118250407278538,assist,no
1461,1,0,0.0021827159463647305,-6.147079944610596,-0.022079715505242348,assist,no
1462,1,0,0.0028009265353118283,-5.89968204498291,-0.02468189038336277,assist,no
1463,1,0,0.1329642436335826,-2.1376991271972656,-0.262699156999588,assist,no
1464,1,0,0.2018132174596823,-1.7606996297836304,-0.385699599981308,assist,no
1465,1,0,0.010986941213798165,-4.530937194824219,-0.030937064439058304,assist,no
1466,1,0,0.0005527786564757643,-7.51383638381958,-0.013836419209837914,assist,no
1467,1,0,0.012431651722165666,-4.416055202484131,-0.04105527326464653,assist,no
1468,1,0,0.1066905854244781,-2.3400075435638428,-0.2150074541568756,assist,no
1469,1,0,0.2942149845400438,-1.285092830657959,-0.41009289026260376,assist,no
1470,1,0,0.2689414213699951,-1.3686918020248413,-0.3686918020248413,assist,no
1471,1,0,0.3775406828054583,-1.1531922817230225,-0.6531923413276672,assist,no
1472,1,1,0.817574471748733,-0.2726183235645294,-1.772618293762207,assist,yes
1473,1,0,0.16451646494473965,-1.8601200580596924,-0.23512007296085358,assist,no
1474,1,0,0.0017007227434930668,-6.404200077056885,-0.029200272634625435,assist,no
1475,1,0,0.025957354372137545,-3.6945362091064453,-0.06953609734773636,assist,no
1476,1,0,0.2942149783515162,-1.2838000059127808,-0.40880003571510315,assist,no
1477,1,0,0.01590639270314218,-4.155892848968506,-0.030892912298440933,assist,no
1478,1,1,0.7057850278370112,-0.5329309701919556,-1.4079309701919556,assist,yes
1479,1,1,0.7310585903489892,-0.5147051215171814,-1.5147051811218262,assist,yes
1480,1,0,0.0002034269831694817,-8.50936222076416,-0.009362245909869671,assist,no
1481,1,0,0.004609571410196518,-5.4002203941345215,-0.025220226496458054,assist,no
1482,1,0,0.0008040859487238072,-7.131595611572266,-0.006595627870410681,assist,no
1483,1,0,0.5,-0.9296221733093262,-0.9296221733093262,assist,no
1484,1,0,0.29421497216298875,-1.4582374095916748,-0.5832374095916748,assist,no
1485,1,0,0.07585818733363135,-2.609177350997925,-0.10917745530605316,assist,no
1486,1,0,0.10669059394565118,-2.3816659450531006,-0.2566659450531006,assist,no
1487,1,0,0.00020342700646784796,-8.516998291015625,-0.016998430714011192,assist,no
1488,1,0,0.00043055716709900806,-7.766020774841309,-0.01602097414433956,assist,no
1489,1,0,0.14804720179063335,-1.9902191162109375,-0.2402191460132599,assist,no
1490,1,0,0.005911068243315901,-5.16566801071167,-0.040667906403541565,assist,no
1491,1,0,0.00591106763038807,-5.144086837768555,-0.019086629152297974,assist,no
1492,1,0,0.00857748424156903,-4.782379150390625,-0.03237901255488396,assist,no
1493,1,0,0.0011695100779337212,-6.762078285217285,-0.012078125029802322,assist,no
1494,1,0,0.053403333566198224,-3.1155645847320557,-0.24056465923786163,assist,no
1495,1,0,0.01590639054554718,-4.160432815551758,-0.03543274104595184,assist,no
1496,1,0,0.008577483924773664,-4.771684169769287,-0.02168399468064308,assist,no
1497,1,1,0.6513548646660542,-0.5664390325546265,-1.1914390325546265,assist,yes
1498,1,0,0.006692850949050797,-5.032630920410156,-0.03263092413544655,assist,no
1499,1,0,0.010986944249787705,-4.581263065338135,-0.0812632143497467,assist,no
1500,1,0,0.0010322312245028202,-6.87836217880249,-0.0033623608760535717,assist,no
1501,1,0,0.04208772431105632,-3.2039289474487305,-0.0789288580417633,assist,no
1502,1,0,0.008577485825546034,-4.789957046508789,-0.03995709493756294,assist,no
1503,1,0,0.1645164628965632,-1.8842709064483643,-0.25927090644836426,assist,no
1504,1,0,0.22270013882530884,-1.5998342037200928,-0.3498342037200928,assist,no
1505,1,0,0.00020342689300672349,-8.508424758911133,-0.00842434074729681,assist,no
1506,1,0,0.11920292045759123,-2.162414312362671,-0.1624142974615097,assist,no
1507,1,0,0.0021827160234430044,-6.144592761993408,-0.019592568278312683,assist,no
1508,1,0,0.004070137262874213,-5.529574394226074,-0.029574282467365265,assist,no
1509,1,0,0.010986942752032762,-4.5536208152771,-0.053620826452970505,assist,no
1510,1,0,0.03308597719693549,-3.4507617950439453,-0.07576175779104233,assist,no
1511,1,0,0.0007096704175935529,-7.256204128265381,-0.006204154342412949,assist,no
1512,1,0,0.0075772402873870645,-4.908900260925293,-0.03390013054013252,assist,no
1513,1,1,0.5621765008857981,-0.6672433018684387,-0.9172433018684387,assist,yes
1514,1,0,0.0028009274353478324,-5.90326452255249,-0.028264690190553665,assist,no
1515,1,0,0.08509904616718289,-2.541720390319824,-0.1667204052209854,assist,no
1516,1,0,0.0004305570604822416,-7.775618553161621,-0.025618504732847214,assist,no
1517,1,0,0.0009110510452037798,-7.028259754180908,-0.02825959026813507,assist,no
1518,1,0,0.0013250223555937534,-6.6555256843566895,-0.030525637790560722,assist,no
1519,1,0,0.002472622660457815,-6.048574924468994,-0.048574723303318024,assist,no
1520,1,0,0.06008665311947337,-2.817554473876953,-0.0675545260310173,assist,no
1521,1,0,0.29421497216298875,-1.3525168895721436,-0.47751688957214355,assist,no
1522,1,1,0.5312093733737563,-0.6552067399024963,-0.7802067399024963,assist,yes
1523,1,1,0.8933094060543487,-0.26969480514526367,-2.3946948051452637,assist,yes
1524,1,0,0.00023050673444148458,-8.381589889526367,-0.006589943543076515,assist,no
1525,1,0,0.11920292515117029,-2.1654906272888184,-0.16549065709114075,assist,no
1526,1,0,0.0017007224936591127,-6.399878025054932,-0.02487807348370552,assist,no
1527,1,0,0.0005527787014971991,-7.5056891441345215,-0.005689261015504599,assist,no
1528,1,0,0.2689414272294874,-1.3957209587097168,-0.3957209885120392,assist,no
1529,1,1,0.5312093733737563,-0.8830628395080566,-1.0080628395080566,assist,yes
1530,1,0,0.18242553047372242,-1.7104777097702026,-0.21047775447368622,assist,no
1531,1,0,0.37754066879814546,-1.09403657913208,-0.5940365791320801,assist,no
1532,1,0,0.006692849685987919,-5.03240966796875,-0.03240948170423508,assist,no
1533,1,0,0.4378234991142019,-0.9662317633628845,-0.7162317633628845,assist,no
1534,1,0,0.008577486300739193,-4.776027202606201,-0.02602730691432953,assist,no
1535,1,0,0.025957359835079137,-3.691760778427124,-0.06676088273525238,assist,no
1536,1,0,0.2689414213699951,-1.3950293064117432,-0.39502930641174316,assist,no
1537,1,0,0.0017007223434425125,-6.389337539672852,-0.014337499625980854,assist,no
1538,1,0,0.025957359364135853,-3.6804652214050293,-0.05546530708670616,assist,no
1539,1,0,0.20181321265898594,-1.668473243713379,-0.29347318410873413,assist,no
1540,1,0,0.005220126902619193,-5.270872116088867,-0.02087234891951084,assist,no
1541,1,0,0.0010322310838118598,-6.879158020019531,-0.004158065654337406,assist,no
1542,1,0,0.0031726825008168893,-5.795146465301514,-0.045146357268095016,assist,no
1543,1,0,0.2689414096510108,-1.5008251667022705,-0.5008251070976257,assist,no
1544,1,0,0.2689414096510108,-1.4448716640472412,-0.44487160444259644,assist,no
1545,1,0,0.02931223287127187,-3.5620484352111816,-0.06204850971698761,assist,no
1546,1,0,0.012431648520661262,-4.432980537414551,-0.05798034742474556,assist,no
1547,1,0,0.010986942994911927,-4.5554327964782715,-0.05543283000588417,assist,no
1548,1,0,0.01098694441170717,-4.535862922668457,-0.035863086581230164,assist,no
1549,1,1,0.7057850340255386,-0.49343785643577576,-1.3684378862380981,assist,yes
1550,1,1,0.5621765008857981,-0.720781683921814,-0.970781683921814,assist,yes
1551,1,0,0.00020342690872837801,-8.517580032348633,-0.017579691484570503,assist,no
1552,1,0,0.0006263340925271224,-7.3811869621276855,-0.006186857353895903,assist,no
1553,1,1,0.7981867873410141,-0.3195013403892517,-1.6945013999938965,assist,yes
1554,1,0,0.0008040857904665693,-7.13912296295166,-0.01412278227508068,assist,no
1555,1,0,0.017986207461740823,-4.050177574157715,-0.0501774325966835,assist,no
1556,1,0,0.008577487124407394,-4.792617321014404,-0.042617522180080414,assist,no
1557,1,0,0.20181322226037882,-1.765383243560791,-0.390383243560791,assist,no
1558,1,0,0.014063625235345626,-4.288058757781982,-0.038058627396821976,assist,no
1559,1,0,0.0017007223386988303,-6.396530628204346,-0.02153058536350727,assist,no
1560,1,1,0.9875683515250744,-0.1581452339887619,-4.533145427703857,assist,yes
1561,1,0,0.001325022698197696,-6.636534690856934,-0.011534903198480606,assist,no
1562,1,0,0.4378234991142019,-0.9353171586990356,-0.6853171586990356,assist,no
1563,1,1,0.9399133498259924,-0.44805455207824707,-3.198054552078247,assist,yes
1564,1,0,0.0019267349212248879,-6.283087253570557,-0.033087387681007385,assist,no
1565,1,0,0.06008665017400762,-2.899407386779785,-0.14940738677978516,assist,no
1566,1,0,0.007577240357420899,-4.901269912719727,-0.026269791647791862,assist,no
1567,1,0,0.02595735569077852,-3.6700186729431152,-0.04501861333847046,assist,no
1568,1,0,0.008577486839291468,-4.791186332702637,-0.04118650034070015,assist,no
1569,1,0,0.0008040858810061674,-7.139265060424805,-0.01426499243825674,assist,no
1570,1,0,0.00033534997810588034,-8.006467819213867,-0.006467364728450775,assist,no
1571,1,1,0.6513548646660542,-0.49747157096862793,-1.122471570968628,assist,yes
1572,1,0,0.00037998448822033914,-7.890087604522705,-0.015087534673511982,assist,no
1573,1,0,0.0293122296913986,-3.5954296588897705,-0.09542962163686752,assist,no
1574,1,0,0.06754668832401889,-2.7520487308502197,-0.12704868614673615,assist,no
1575,1,0,0.060086643862295744,-2.8448164463043213,-0.09481633454561234,assist,no
1576,1,0,0.0004305571558761893,-7.771460056304932,-0.02146022953093052,assist,no
1577,1,0,0.006692850404200114,-5.0505547523498535,-0.05055467411875725,assist,no
1578,1,0,0.005911067805510302,-5.168973445892334,-0.04397326707839966,assist,no
1579,1,0,0.01798620963309802,-4.036037445068359,-0.03603742644190788,assist,no
1580,1,0,0.005220125809628221,-5.287956237792969,-0.03795626014471054,assist,no
1581,1,1,0.8933094003735664,-0.27442342042922974,-2.399423360824585,assist,yes
1582,1,1,0.8807970873650403,-0.20643416047096252,-2.2064342498779297,assist,yes
1583,1,0,0.0600866447038573,-2.870370388031006,-0.1203702911734581,assist,no
1584,1,0,0.002182716181656311,-6.144774913787842,-0.019774792715907097,assist,no
1585,1,0,0.04208772611333754,-3.221536159515381,-0.09653611481189728,assist,no
1586,1,0,0.24508501864634827,-1.494248628616333,-0.3692486584186554,assist,no
1587,1,1,0.6224593312018546,-0.7614165544509888,-1.2614165544509888,assist,yes
1588,1,0,0.00033535027158742144,-8.044971466064453,-0.04497188702225685,assist,no
1589,1,0,0.29421496597446145,-1.3569384813308716,-0.4819384515285492,assist,no
1590,1,0,0.001700722411435288,-6.390929698944092,-0.015929698944091797,assist,no
1591,1,1,0.867035752930664,-0.5518849492073059,-2.426884889602661,assist,yes
1592,1,0,0.025957354372137545,-3.6771414279937744,-0.05214131623506546,assist,no
1593,1,0,0.1329642384799526,-2.0751473903656006,-0.2001473754644394,assist,no
1594,1,0,0.005220126757531883,-5.274999141693115,-0.02499934658408165,assist,no
1595,1,0,0.003172682542052717,-5.773780345916748,-0.023780250921845436,assist,no
1596,1,0,0.008577485223634738,-4.789194107055664,-0.03919408470392227,assist,no
1597,1,0,0.003593603241705824,-5.650746822357178,-0.025747006759047508,assist,no
1598,1,0,0.0009110511308224326,-7.009321689605713,-0.009321619756519794,assist,no
1599,1,0,8.481105530809691e-05,-9.385209083557129,-0.01020924374461174,assist,no
1600,1,0,0.0024726234644483086,-6.017965793609619,-0.01796591840684414,assist,no
1601,1,0,0.0031726829249568538,-5.7729172706604,-0.02291729673743248,assist,no
1602,1,0,0.01590639042892043,-4.163339138031006,-0.03833905607461929,assist,no
1603,1,0,0.006692849661221982,-5.020389556884766,-0.020389366894960403,assist,no
1604,1,0,0.22270014914315833,-1.5810203552246094,-0.33102041482925415,assist,no
1605,1,0,0.022977367819261435,-3.805847644805908,-0.05584755167365074,assist,no
1606,1,0,0.0003799845766587643,-7.881769180297852,-0.00676934327930212,assist,no
1607,1,0,0.0013250226168600612,-6.6454997062683105,-0.020499857142567635,assist,no
1608,1,1,0.6791787121629466,-0.6392928957939148,-1.3892929553985596,assist,yes
1609,1,0,0.037326884399142314,-3.3498082160949707,-0.09980813413858414,assist,no
1610,1,0,0.002182716595445013,-6.141494274139404,-0.01649434305727482,assist,no
1611,1,0,0.2689414096510108,-1.4220185279846191,-0.42201846837997437,assist,no
1612,1,0,0.14804719427274565,-2.034611940383911,-0.28461191058158875,assist,no
1613,1,0,0.0013250222619322592,-6.644768714904785,-0.019768597558140755,assist,no
1614,1,0,0.0031726826009610422,-5.765740394592285,-0.015740318223834038,assist,no
1615,1,0,0.0675466977093867,-2.753995656967163,-0.12899576127529144,assist,no
1616,1,1,0.7310585786300049,-0.4114164113998413,-1.4114164113998413,assist,yes
1617,1,0,0.005220126506047222,-5.2885518074035645,-0.03855196386575699,assist,no
1618,1,0,0.2018132270610754,-1.7589784860610962,-0.3839785158634186,assist,no
1619,1,0,0.4378234991142019,-0.9844493269920349,-0.7344493269920349,assist,no
1620,1,0,0.06008664638698042,-2.862724542617798,-0.11272447556257248,assist,no
1621,1,0,0.0009110509790824494,-7.016304016113281,-0.016303779557347298,assist,no
1622,1,0,0.022977370746331334,-3.835695266723633,-0.0856953039765358,assist,no
1623,1,0,0.08509904268669496,-2.521641492843628,-0.14664146304130554,assist,no
1624,1,0,0.13296423676207594,-2.0927793979644775,-0.21777936816215515,assist,no
1625,1,0,0.017986210356883813,-4.058243751525879,-0.0582437738776207,assist,no
1626,1,0,0.00033535028563707605,-8.010855674743652,-0.010856137610971928,assist,no
1627,1,0,0.0008040861092258604,-7.1409382820129395,-0.015938498079776764,assist,no
1628,1,0,0.46879061178313897,-1.0012626647949219,-0.8762626051902771,assist,no
1629,1,1,0.6513548782017746,-0.47048133611679077,-1.0954813957214355,assist,yes
1630,1,0,0.007577240539508873,-4.907370567321777,-0.032370470464229584,assist,no
1631,1,0,0.010986940930439183,-4.534952640533447,-0.03495248407125473,assist,no
1632,1,0,0.1480471980316895,-2.054795742034912,-0.3047957420349121,assist,no
1633,1,0,0.004609573119480448,-5.399287223815918,-0.024287428706884384,assist,no
1634,1,0,0.08509904268669496,-2.4932825565338135,-0.11828252673149109,assist,no
1635,1,1,0.5312093733737563,-0.7522677779197693,-0.8772677779197693,assist,yes
1636,1,0,0.007577241660050344,-4.935951232910156,-0.06095128506422043,assist,no
1637,1,0,0.18242551936144574,-1.817123532295227,-0.31712350249290466,assist,no
1638,1,0,0.03732688627322502,-3.394597291946411,-0.14459726214408875,assist,no
1639,1,0,0.00460957112816473,-5.40501594543457,-0.030015716329216957,assist,no
1640,1,0,0.00033535009112746467,-8.011926651000977,-0.011926533654332161,assist,no
1641,1,0,0.32082130082460697,-1.3414294719696045,-0.5914294719696045,assist,no
1642,1,0,0.0011695104717598561,-6.778783321380615,-0.02878349833190441,assist,no
1643,1,0,0.00037998445142996024,-7.885913848876953,-0.010913682170212269,assist,no
1644,1,0,0.0031726825950702097,-5.798615455627441,-0.04861537739634514,assist,no
1645,1,0,0.005911068308986744,-5.172763347625732,-0.04776325449347496,assist,no
1646,1,0,0.0017007226138324027,-6.389988422393799,-0.014988541603088379,assist,no
1647,1,0,0.060086648911665194,-2.854963541030884,-0.104963518679142,assist,no
1648,1,0,0.01098694263059318,-4.5876288414001465,-0.08762884140014648,assist,no
1649,1,0,0.08509904152653235,-2.4737777709960938,-0.09877772629261017,assist,no
1650,1,0,0.017986213811316386,-4.024479866027832,-0.02448008395731449,assist,no
1651,1,0,0.32082130082460697,-1.3413922786712646,-0.5913922786712646,assist,no
1652,1,0,0.11920291107043361,-2.181849718093872,-0.1818496137857437,assist,no
1653,1,0,0.06754668879328725,-2.738579034805298,-0.11357899755239487,assist,no
1654,1,1,0.6224593312018546,-0.5993404388427734,-1.0993404388427734,assist,yes
1655,1,0,0.24508500210441886,-1.492278814315796,-0.3672787547111511,assist,no
1656,1,0,0.0010322310290720375,-6.891202449798584,-0.016202442348003387,assist,no
1657,1,0,0.00669285154343341,-5.028814792633057,-0.028814885765314102,assist,no
1658,1,0,0.0850990438468576,-2.5029592514038086,-0.1279592365026474,assist,no
1659,1,0,0.02033235304584329,-3.9523348808288574,-0.07733486592769623,assist,no
1660,1,0,0.003172683001537686,-5.776033878326416,-0.026033928617835045,assist,no
1661,1,1,0.7981867777396212,-0.7778358459472656,-2.1528358459472656,assist,yes
1662,1,1,0.7310585727705126,-0.43593648076057434,-1.435936450958252,assist,yes
1663,1,0,0.5,-0.8252424001693726,-0.8252424001693726,assist,no
1664,1,0,0.00048785705125668717,-7.629001140594482,-0.00400099391117692,assist,no
1665,1,0,0.06008664512463808,-2.836031913757324,-0.08603182435035706,assist,no
1666,1,0,0.22270012850745968,-1.6116259098052979,-0.3616258502006531,assist,no
1667,1,0,0.5,-0.9139701128005981,-0.9139701128005981,assist,no
1668,1,0,0.0013250227117539686,-6.640501499176025,-0.015501721762120724,assist,no
1669,1,0,0.10669060246682488,-2.3230390548706055,-0.19803914427757263,assist,no
1670,1,0,0.0015011825987536356,-6.512584686279297,-0.012584914453327656,assist,no
1671,1,0,0.0007096704598631885,-7.27569580078125,-0.025695886462926865,assist,no
1672,1,0,0.022977371917159397,-3.819873332977295,-0.06987342238426208,assist,no
1673,1,0,0.000203426962144129,-8.51045036315918,-0.01045028492808342,assist,no
1674,1,1,0.7310585669110203,-0.41344743967056274,-1.413447380065918,assist,yes
1675,1,0,0.008577485698827865,-4.801101207733154,-0.05110124126076698,assist,no
1676,1,1,0.679178699175393,-0.47087931632995605,-1.220879316329956,assist,yes
1677,1,0,0.2689414330889798,-1.330057144165039,-0.33005720376968384,assist,no
1678,1,0,0.03308597934211908,-3.446134090423584,-0.07113412022590637,assist,no
1679,1,0,0.008577486078982382,-4.784875392913818,-0.03487547114491463,assist,no
1680,1,0,0.0028009270815764205,-5.885127544403076,-0.010127585381269455,assist,no
1681,1,0,0.00043055703322683185,-7.755092144012451,-0.005092032253742218,assist,no
1682,1,0,0.09534946682712482,-2.3609089851379395,-0.11090900748968124,assist,no
1683,1,0,0.00010889694673593318,-9.138245582580566,-0.013245919719338417,assist,no
1684,1,0,0.004070138395429092,-5.516373157501221,-0.016373325139284134,assist,no
1685,1,0,0.01098694214483487,-4.526987075805664,-0.02698703110218048,assist,no
1686,1,1,0.7981867729389246,-0.352768212556839,-1.7277681827545166,assist,yes
1687,1,0,0.4378234991142019,-0.8465274572372437,-0.5965274572372437,assist,no
1688,1,1,0.9241418158002492,-0.3859317898750305,-2.8859317302703857,assist,yes
1689,1,0,0.0008040858144109249,-7.132987022399902,-0.007986871525645256,assist,no
1690,1,0,0.005220126244890085,-5.2753119468688965,-0.02531205303966999,assist,no
1691,1,0,0.053403333942835626,-2.9647157192230225,-0.08971580117940903,assist,no
1692,1,1,0.7981867729389246,-0.416402131319046,-1.7914021015167236,assist,yes
1693,1,0,0.0005527786093962107,-7.506835460662842,-0.006835410837084055,assist,no
1694,1,0,0.00048785716456229143,-7.642201900482178,-0.0172019861638546,assist,no
1695,1,0,0.0009110513876784394,-7.017914772033691,-0.01791498437523842,assist,no
1696,1,0,0.037326884399142314,-3.3163044452667236,-0.06630436331033707,assist,no
1697,1,1,0.7310585786300049,-0.46839749813079834,-1.4683974981307983,assist,yes
1698,1,0,0.006692851989220403,-5.024840354919434,-0.024840515106916428,assist,no
1699,1,0,0.02931222863144092,-3.5788938999176025,-0.07889382541179657,assist,no
1700,1,0,0.24508501313237172,-1.4954713582992554,-0.37047135829925537,assist,no
1701,1,0,0.008577486205700558,-4.78378963470459,-0.033789727836847305,assist,no
1702,1,0,0.025957355502401233,-3.675189971923828,-0.05018990486860275,assist,no
1703,1,0,0.13296424706933604,-2.13482666015625,-0.2598267197608948,assist,no
1704,1,0,0.002472623478231005,-6.038965702056885,-0.03896583244204521,assist,no
1705,1,0,0.34864513533394575,-1.104588270187378,-0.47958827018737793,assist,no
1706,1,0,0.08509903688588204,-2.5117053985595703,-0.13670529425144196,assist,no
1707,1,0,0.06754669442450784,-2.7323007583618164,-0.10730081051588058,assist,no
1708,1,0,0.00023050663796682954,-8.382332801818848,-0.007332437206059694,assist,no
1709,1,0,0.003593602061195052,-5.660092830657959,-0.035092685371637344,assist,no
1710,1,0,0.002472622685726084,-6.011932849884033,-0.011932658962905407,assist,no
1711,1,0,0.4073334000459302,-1.2433239221572876,-0.8683239221572876,assist,no
1712,1,0,0.0017007226581067746,-6.398581027984619,-0.02358117327094078,assist,no
1713,1,0,0.009708477833519396,-4.636581897735596,-0.01158203836530447,assist,no
1714,1,0,0.006692850094625882,-5.024513244628906,-0.02451311983168125,assist,no
1715,1,0,0.009708476087500627,-4.665111064910889,-0.04011102393269539,assist,no
1716,1,0,0.06754668926255561,-2.74489164352417,-0.11989161372184753,assist,no
1717,1,0,0.0010322310718075126,-6.881682395935059,-0.006682429928332567,assist,no
1718,1,0,0.03308598101059528,-3.431053638458252,-0.05605372041463852,assist,no
1719,1,0,0.24508500761839525,-1.546268343925476,-0.4212683141231537,assist,no
1720,1,0,0.029312228313453616,-3.55595326423645,-0.05595317855477333,assist,no
1721,1,0,0.0059110678602359995,-5.151307582855225,-0.02630741335451603,assist,no
1722,1,0,0.042087728816759526,-3.1923892498016357,-0.06738927215337753,assist,no
1723,1,0,0.033085977316112354,-3.435659885406494,-0.060659851878881454,assist,no
1724,1,0,7.484619576191993e-05,-9.504591941833496,-0.004591517616063356,assist,no
1725,1,1,0.7981867825403176,-0.3712173402309418,-1.7462173700332642,assist,yes
1726,1,0,0.0002305067784399502,-8.388412475585938,-0.013412720523774624,assist,no
1727,1,0,0.07585818002124356,-2.607032537460327,-0.10703253746032715,assist,no
1728,1,0,0.004609571324732338,-5.407373428344727,-0.03237324208021164,assist,no
1729,1,1,0.679178699175393,-0.6036361455917358,-1.3536361455917358,assist,yes
1730,1,0,0.3486451285660856,-1.0634585618972778,-0.43845853209495544,assist,no
1731,1,0,0.0007096704677887455,-7.286270618438721,-0.03627071529626846,assist,no
1732,1,0,0.00010889689319297607,-9.137921333312988,-0.012921178713440895,assist,no
1733,1,0,0.26894141551050293,-1.3828086853027344,-0.382808655500412,assist,no
1734,1,0,0.0011695100376807811,-6.761763095855713,-0.011762901209294796,assist,no
1735,1,0,0.03732689015525377,-3.310652256011963,-0.06065233424305916,assist,no
1736,1,0,0.00033535017480092736,-8.027668952941895,-0.027669085189700127,assist,no
1737,1,0,0.0015011820054595065,-6.510989665985107,-0.010989498347043991,assist,no
1738,1,0,0.0004878570964426864,-7.630104064941406,-0.005104010924696922,assist,no
1739,1,0,0.008577483497099938,-4.777596950531006,-0.027596725150942802,assist,no
1740,1,0,0.005911067805510302,-5.134256839752197,-0.00925666093826294,assist,no
1741,1,0,0.0003353500455441691,-8.009567260742188,-0.009567007422447205,assist,no
1742,1,0,0.004609571948620888,-5.402393817901611,-0.0273937676101923,assist,no
1743,1,0,0.06754668503914042,-2.7116281986236572,-0.08662810176610947,assist,no
1744,1,0,0.22270013366638422,-1.594746708869934,-0.3447466790676117,assist,no
1745,1,1,0.7549149813536518,-0.4009418785572052,-1.5259418487548828,assist,yes
1746,1,0,0.0758581784543034,-2.6146793365478516,-0.11467931419610977,assist,no
1747,1,0,0.014063624047297284,-4.288076400756836,-0.03807618468999863,assist,no
1748,1,0,0.4073333856566001,-1.0831711292266846,-0.7081710696220398,assist,no
1749,1,0,0.03308598172565655,-3.46557354927063,-0.09057365357875824,assist,no
1750,1,0,0.3208212878370535,-1.2535555362701416,-0.5035554766654968,assist,no
1751,1,0,0.0019267348101857198,-6.271899700164795,-0.02189977653324604,assist,no
1752,1,0,0.001501182491262682,-6.53300142288208,-0.033001579344272614,assist,no
1753,1,0,0.0006263341726832649,-7.387638568878174,-0.012638592161238194,assist,no
1754,1,0,0.00023050681471186232,-8.39691162109375,-0.021912023425102234,assist,no
1755,1,0,0.02931223350724656,-3.5691628456115723,-0.06916294246912003,assist,no
1756,1,1,0.8175744673038221,-0.32789331674575806,-1.8278932571411133,assist,yes
1757,1,0,0.24508500761839525,-1.457045316696167,-0.3320452868938446,assist,no
1758,1,0,0.0010322311481551635,-6.889051914215088,-0.014052022248506546,assist,no
1759,1,0,0.37754066879814546,-1.053362488746643,-0.5533624887466431,assist,no
1760,1,0,0.0097084747265016,-4.646272659301758,-0.021272476762533188,assist,no
1761,1,0,0.4378234991142019,-0.9206886291503906,-0.6706886291503906,assist,no
1762,1,0,0.02931223191730985,-3.558495283126831,-0.05849532410502434,assist,no
1763,1,1,0.8175744673038221,-0.3327036499977112,-1.8327035903930664,assist,yes
1764,1,0,0.004609572222106307,-5.39582633972168,-0.020826349034905434,assist,no
1765,1,0,0.0010322310060236924,-6.895771503448486,-0.02077147364616394,assist,no
1766,1,0,0.0024726234644483086,-6.016555309295654,-0.016555434092879295,assist,no
1767,1,0,0.005911070071154632,-5.156209468841553,-0.0312096755951643,assist,no
1768,1,0,0.0017007223228865573,-6.391919136047363,-0.016919083893299103,assist,no
1769,1,0,0.0024726229728655185,-6.037813663482666,-0.037813588976860046,assist,no
1770,1,0,0.24508501313237172,-1.4880318641662598,-0.36303186416625977,assist,no
1771,1,0,0.4073334000459302,-1.0487451553344727,-0.6737451553344727,assist,no
1772,1,0,0.0003799845472972049,-7.902594089508057,-0.027594175189733505,assist,no
1773,1,1,0.7772998560157665,-0.4184556305408478,-1.6684556007385254,assist,yes
1774,1,0,0.0019267348943605722,-6.26315450668335,-0.013154626823961735,assist,no
1775,1,1,0.8519528057272543,-0.3997757136821747,-2.149775743484497,assist,yes
1776,1,0,0.0046095717520532545,-5.403253078460693,-0.028252985328435898,assist,no
1777,1,0,0.10669058826486906,-2.2927327156066895,-0.16773265600204468,assist,no
1778,1,0,0.004609571213628908,-5.396604061126709,-0.02160385064780712,assist,no
1779,1,1,0.6513548646660542,-0.5765022039413452,-1.2015022039413452,assist,yes
1780,1,0,0.0021827166400692896,-6.191993713378906,-0.06699380278587341,assist,no
1781,1,0,0.0013250222446788268,-6.635986328125,-0.010986197739839554,assist,no
1782,1,0,0.005911068024413097,-5.1583075523376465,-0.03330741077661514,assist,no
1783,1,0,0.09534947132582737,-2.383720874786377,-0.13372094929218292,assist,no
1784,1,0,0.025957356632664963,-3.715606451034546,-0.09060642868280411,assist,no
1785,1,0,0.40733341443526055,-1.1050078868865967,-0.7300079464912415,assist,no
1786,1,1,0.7981867729389246,-0.3883759081363678,-1.7633758783340454,assist,yes
1787,1,0,0.001700722278612194,-6.434230804443359,-0.05923072621226311,assist,no
1788,1,1,0.5621765008857981,-0.6393232941627502,-0.8893232941627502,assist,yes
1789,1,1,0.5621765008857981,-0.7554788589477539,-1.005478858947754,assist,yes
1790,1,0,0.001700722133139294,-6.421560287475586,-0.046560123562812805,assist,no
1791,1,0,0.01243164865786858,-4.428196430206299,-0.0531962513923645,assist,no
1792,1,1,0.6224593312018546,-0.6705795526504517,-1.1705795526504517,assist,yes
1793,1,0,0.009708477842473338,-4.654668807983398,-0.02966894954442978,assist,no
1794,1,0,0.03308598017635717,-3.429248094558716,-0.0542481504380703,assist,no
1795,1,1,0.5926665999540697,-0.6167868375778198,-0.9917868375778198,assist,yes
1796,1,0,0.02931222757148327,-3.53828501701355,-0.03828490525484085,assist,no
1797,1,0,0.0015011821618099368,-6.52034854888916,-0.020348485559225082,assist,no
1798,1,0,0.0019267342764814216,-6.279633045196533,-0.029632844030857086,assist,no
1799,1,1,0.5312093733737563,-0.7740671038627625,-0.8990671038627625,assist,yes
1800,1,0,0.042087730468850816,-3.171525239944458,-0.04652530327439308,assist,no
1801,1,0,0.010986940080362283,-4.5142436027526855,-0.014243368059396744,assist,no
1802,1,0,0.0009110513416901886,-7.002519130706787,-0.002519292524084449,assist,no
1803,1,0,0.22270014398423357,-1.5995217561721802,-0.34952178597450256,assist,no
1804,1,1,0.6513548782017746,-0.702157199382782,-1.3271572589874268,assist,yes
1805,1,1,0.8933094046341532,-0.1684720665216446,-2.2934720516204834,assist,yes
1806,1,1,0.5926665999540697,-0.6068204641342163,-0.9818204641342163,assist,yes
1807,1,1,0.679178699175393,-0.45744335651397705,-1.207443356513977,assist,yes
1808,1,0,0.0002959569986087635,-8.135377883911133,-0.010377495549619198,assist,no
1809,1,0,0.00015843625037928108,-8.777259826660156,-0.02726002410054207,assist,no
1810,1,0,0.4378234991142019,-0.9718616604804993,-0.7218616604804993,assist,no
1811,1,0,0.01798620759333822,-4.039900302886963,-0.039900168776512146,assist,no
1812,1,0,0.00048785720725058216,-7.642114162445068,-0.017114335671067238,assist,no
1813,1,0,0.13296423676207594,-2.0666606426239014,-0.19166061282157898,assist,no
1814,1,0,0.0017007225663955767,-6.383378028869629,-0.008378120139241219,assist,no
1815,1,0,0.00048785717455316767,-7.650293350219727,-0.02529345639050007,assist,no
1816,1,0,0.005220125171244219,-5.281406879425049,-0.03140677884221077,assist,no
1817,1,0,0.0031726825302710515,-5.767518997192383,-0.017518898472189903,assist,no
1818,1,0,0.020332351376256382,-3.899285316467285,-0.024285217747092247,assist,no
1819,1,0,0.07585818106587033,-2.644218683242798,-0.14421869814395905,assist,no
1820,1,0,0.04208772641371775,-3.211092233657837,-0.08609219640493393,assist,no
1821,1,1,0.5926666143433998,-0.7061969637870789,-1.0811970233917236,assist,yes
1822,1,0,0.04208773031866069,-3.250936508178711,-0.1259365677833557,assist,no
1823,1,0,0.09534947453918644,-2.3552095890045166,-0.10520970076322556,assist,no
1824,1,0,0.1480471980316895,-1.9227722883224487,-0.17277228832244873,assist,no
1825,1,0,0.00012339453582660046,-9.003926277160645,-0.003925951663404703,assist,no
1826,1,1,0.817574471748733,-0.31229904294013977,-1.8122990131378174,assist,yes
1827,1,0,0.003593603048288778,-5.674983978271484,-0.04998410865664482,assist,no
1828,1,0,0.0021827163844939,-6.143157482147217,-0.01815745420753956,assist,no
1829,1,1,0.6513548646660542,-0.5372493267059326,-1.1622493267059326,assist,yes
1830,1,0,0.0010322311846483823,-6.895528793334961,-0.02052893675863743,assist,no
1831,1,0,0.012431651722165666,-4.3995771408081055,-0.02457721158862114,assist,no
1832,1,0,0.09534945782972029,-2.359957456588745,-0.10995737463235855,assist,no
1833,1,0,0.0017007227656302545,-6.401230335235596,-0.026230543851852417,assist,no
1834,1,0,0.01243164806330356,-4.405497074127197,-0.03049684688448906,assist,no
1835,1,0,0.0005527786966091575,-7.50632381439209,-0.006323922425508499,assist,no
1836,1,0,0.0007096702537987388,-7.264340877532959,-0.014340672641992569,assist,no
1837,1,0,0.3775406828054583,-1.1679208278656006,-0.6679208874702454,assist,no
1838,1,0,0.0010322308427645937,-6.895127296447754,-0.020127108320593834,assist,no
1839,1,0,0.24508500210441886,-1.483762502670288,-0.3587624430656433,assist,no
1840,1,0,0.0011695101018679027,-6.763537883758545,-0.01353774406015873,assist,no
1841,1,0,0.05340333243628599,-2.9917080402374268,-0.11670809239149094,assist,no
1842,1,0,0.2689414213699951,-1.4254997968673706,-0.4254997968673706,assist,no
1843,1,0,0.46879062662624377,-0.869968593120575,-0.744968593120575,assist,no
1844,1,0,0.18242551491653522,-1.7795467376708984,-0.27954667806625366,assist,no
1845,1,0,0.00757724279459875,-4.904006004333496,-0.02900620736181736,assist,no
1846,1,0,0.02931222841944938,-3.5803353786468506,-0.08033529669046402,assist,no
1847,1,0,0.0003799845380996085,-7.890102386474609,-0.0151024479418993,assist,no
1848,1,0,0.014063624667148581,-4.283011436462402,-0.033011265099048615,assist,no
1849,1,0,0.012431648474925493,-4.412227630615234,-0.037227436900138855,assist,no
1850,1,0,0.04208772371029592,-3.197572946548462,-0.07257284224033356,assist,no
1851,1,1,0.679178699175393,-0.4568765163421631,-1.206876516342163,assist,yes
1852,1,0,0.004070137814050883,-5.519833087921143,-0.019833112135529518,assist,no
1853,1,0,0.0007096704743933763,-7.267788410186768,-0.017788516357541084,assist,no
1854,1,0,0.0010322311980932527,-6.908308982849121,-0.03330913931131363,assist,no
1855,1,0,0.0007096704809980072,-7.258857250213623,-0.0088573656976223,assist,no
1856,1,0,0.033085978388704126,-3.411241054534912,-0.03624105453491211,assist,no
1857,1,0,0.03308598053388778,-3.4937355518341064,-0.11873561888933182,assist,no
1858,1,0,0.015906389554219844,-4.15533971786499,-0.03033958002924919,assist,no
1859,1,0,0.22270014398423357,-1.571146011352539,-0.32114604115486145,assist,no
1860,1,1,0.5312093733737563,-0.6939547657966614,-0.8189547657966614,assist,yes
1861,1,0,0.0010322312422692567,-6.903470516204834,-0.028470715507864952,assist,no
1862,1,1,0.9399133498259924,-0.17435789108276367,-2.9243578910827637,assist,yes
1863,1,0,0.012431650510167475,-4.394378185272217,-0.01937815733253956,assist,no
1864,1,0,0.22270013366638422,-1.6153016090393066,-0.36530157923698425,assist,no
1865,1,0,0.07585818054355695,-2.590512990951538,-0.09051299840211868,assist,no
1866,1,0,0.0059110683965478686,-5.164678573608398,-0.03967849537730217,assist,no
1867,1,0,0.012431653185710805,-4.414093017578125,-0.03909320756793022,assist,no
1868,1,0,0.001325022537987208,-6.643267631530762,-0.01826772280037403,assist,no
1869,1,0,0.18242551491653522,-1.8205628395080566,-0.32056277990341187,assist,no
1870,1,0,0.10669058400428263,-2.243079900741577,-0.11807979643344879,assist,no
1871,1,0,0.002182716453458685,-6.155550956726074,-0.030550960451364517,assist,no
1872,1,0,0.002800926769425212,-5.891199111938477,-0.01619904115796089,assist,no
1873,1,0,0.0004305570155909794,-7.777878284454346,-0.027878131717443466,assist,no
1874,1,0,0.05340333130637379,-2.991372585296631,-0.11637261509895325,assist,no
1875,1,0,0.4073334000459302,-1.1076411008834839,-0.7326411008834839,assist,no
1876,1,0,0.022977370411809046,-3.846423625946045,-0.09642364829778671,assist,no
1877,1,0,0.002472623475933889,-6.014151096343994,-0.014151225797832012,assist,no
1878,1,1,0.7981867825403176,-0.3205671012401581,-1.6955671310424805,assist,yes
1879,1,0,0.047425869811643456,-3.1420814990997314,-0.14208142459392548,assist,no
1880,1,0,0.5,-0.7364535331726074,-0.7364535331726074,assist,no
1881,1,0,0.00017952802116899934,-8.647242546081543,-0.0222428347915411,assist,no
1882,1,1,0.679178699175393,-0.4500201940536499,-1.20002019405365,assist,yes
1883,1,0,0.16451646699291617,-1.8448741436004639,-0.21987417340278625,assist,no
1884,1,0,0.007577241954192508,-4.905079364776611,-0.03007945604622364,assist,no
1885,1,0,0.3486451285660856,-1.067629098892212,-0.4426290690898895,assist,no
1886,1,1,0.9046505428129514,-0.2764104902744293,-2.5264105796813965,assist,yes
1887,1,1,0.5621765008857981,-0.6503045558929443,-0.9003045558929443,assist,yes
1888,1,0,0.0007096702775754029,-7.289731025695801,-0.03973085433244705,assist,no
1889,1,0,0.3486451217982255,-1.1969263553619385,-0.5719262957572937,assist,no
1890,1,0,0.05340332641008787,-2.9633076190948486,-0.08830755203962326,assist,no
1891,1,0,0.0035936024146812867,-5.642298698425293,-0.017298651859164238,assist,no
1892,1,0,0.40733341443526055,-1.0549683570861816,-0.6799684166908264,assist,no
1893,1,0,0.012431651950844584,-4.410487651824951,-0.035487741231918335,assist,no
1894,1,1,0.5926665999540697,-0.702161431312561,-1.077161431312561,assist,yes
1895,1,0,0.006692849809817602,-5.044018268585205,-0.04401810094714165,assist,no
1896,1,0,0.04208773001828046,-3.195214033126831,-0.07021408528089523,assist,no
1897,1,0,0.0008040859476014153,-7.147638320922852,-0.022638335824012756,assist,no
1898,1,0,0.0021827161045780323,-6.141493797302246,-0.01649364084005356,assist,no
1899,1,0,0.22270013366638422,-1.6707749366760254,-0.420774906873703,assist,no
1900,1,0,0.05340333431947304,-2.959265947341919,-0.08426603674888611,assist,no
1901,1,0,0.00043055705457022245,-7.753434181213379,-0.0034341190475970507,assist,no
1902,1,0,0.2689414096510108,-1.3918354511260986,-0.39183539152145386,assist,no
1903,1,0,0.00591106995075805,-5.200779914855957,-0.07578010112047195,assist,no
1904,1,0,0.0259573558791558,-3.7128257751464844,-0.0878257229924202,assist,no
1905,1,1,0.5312093733737563,-0.7573214769363403,-0.8823214769363403,assist,yes
1906,1,1,0.5621765008857981,-0.6930617094039917,-0.9430617094039917,assist,yes
1907,1,0,0.4378234991142019,-0.947598934173584,-0.697598934173584,assist,no
1908,1,0,0.012431651584958318,-4.418896198272705,-0.043896257877349854,assist,no
1909,1,0,0.16451645880021026,-1.9002882242202759,-0.2752881944179535,assist,no
1910,1,0,0.24508500210441886,-1.4103806018829346,-0.2853805422782898,assist,no
1911,1,0,0.05340333243628599,-2.9803175926208496,-0.10531764477491379,assist,no
1912,1,0,0.014063626190949804,-4.280828475952148,-0.030828414484858513,assist,no
1913,1,0,0.02297736882282822,-3.809044361114502,-0.05904431268572807,assist,no
1914,1,0,0.06754669630158146,-2.70513916015625,-0.08013924211263657,assist,no
1915,1,0,0.006692851097646446,-5.039389133453369,-0.03938915953040123,assist,no
1916,1,0,0.37754066879814546,-1.0632994174957275,-0.5632994174957275,assist,no
1917,1,1,0.754914975839675,-0.4602378010749817,-1.585237741470337,assist,yes
1918,1,0,0.24508500761839525,-1.43691885471344,-0.31191882491111755,assist,no
1919,1,0,0.02931223255328453,-3.562074661254883,-0.062074724584817886,assist,no
1920,1,0,0.14804720179063335,-1.9616268873214722,-0.21162691712379456,assist,no
1921,1,1,0.6513548646660542,-0.5039128065109253,-1.1289128065109253,assist,yes
1922,1,0,0.1192029188930649,-2.2017319202423096,-0.20173189043998718,assist,no
1923,1,0,0.004070138244421757,-5.534826755523682,-0.03482688590884209,assist,no
1924,1,0,0.01798621167285805,-4.041873931884766,-0.041874028742313385,assist,no
1925,1,0,0.0028009269515134124,-5.901766777038574,-0.02676677145063877,assist,no
1926,1,0,0.0031726826009610422,-5.765740394592285,-0.015740318223834038,assist,no
1927,1,0,0.008577483893094128,-4.805853366851807,-0.055853188037872314,assist,no
1928,1,0,0.002472622858009741,-6.024960517883301,-0.02496039681136608,assist,no
1929,1,0,0.22270013882530884,-1.602668285369873,-0.35266828536987305,assist,no
1930,1,0,0.00757724079163069,-4.921575546264648,-0.046575482934713364,assist,no
1931,1,0,0.32082130082460697,-1.3749780654907227,-0.6249780654907227,assist,no
1932,1,0,0.001032230910469099,-6.880277633666992,-0.0052775111980736256,assist,no
1933,1,1,0.9149009584734678,-0.245982363820076,-2.6209824085235596,assist,yes
1934,1,0,0.042087728215999064,-3.2247731685638428,-0.09977317601442337,assist,no
1935,1,0,0.0015011821953136025,-6.53287935256958,-0.032879311591386795,assist,no
1936,1,0,0.06008665354025422,-2.839468002319336,-0.08946806192398071,assist,no
1937,1,0,0.01798621062007865,-4.075213432312012,-0.0752134695649147,assist,no
1938,1,0,0.004609572563963101,-5.395166397094727,-0.020166480913758278,assist,no
1939,1,0,0.4378234991142019,-0.9871733784675598,-0.7371733784675598,assist,no
1940,1,0,0.03308598172565655,-3.4353268146514893,-0.060326918959617615,assist,no
1941,1,1,0.5312093733737563,-0.696909487247467,-0.821909487247467,assist,yes
1942,1,0,0.002800927201234393,-5.891305923461914,-0.016306007280945778,assist,no
1943,1,0,0.0024726228488212783,-6.013545513153076,-0.013545388355851173,assist,no
1944,1,0,0.01798620667215645,-4.048105239868164,-0.04810505360364914,assist,no
1945,1,0,0.007577240987725441,-4.9160237312316895,-0.04102369397878647,assist,no
1946,1,0,0.010986943298510892,-4.525806427001953,-0.02580648846924305,assist,no
1947,1,0,0.02931223350724656,-3.5896952152252197,-0.08969531208276749,assist,no
1948,1,0,0.004070137059014368,-5.509570121765137,-0.009569959715008736,assist,no
1949,1,0,0.06008665143635008,-2.8618550300598145,-0.11185505241155624,assist,no
1950,1,1,0.9149009549929797,-0.2774529457092285,-2.6524529457092285,assist,yes
1951,1,0,0.0011695101410329274,-6.766852378845215,-0.016852272674441338,assist,no
1952,1,1,0.8354835371034369,-0.37053704261779785,-1.9955370426177979,assist,yes
1953,1,0,0.0028009273833226214,-5.897195816040039,-0.022195965051651,assist,no
1954,1,0,0.07585818419975078,-2.6402587890625,-0.14025884866714478,assist,no
1955,1,1,0.6224593312018546,-0.5894483327865601,-1.08944833278656,assist,yes
1956,1,0,0.0005527786955800961,-7.5103068351745605,-0.010306941345334053,assist,no
1957,1,0,0.010986940525640651,-4.5451483726501465,-0.045148178935050964,assist,no
1958,1,0,0.017986213252027258,-4.056615352630615,-0.05661553889513016,assist,no
1959,1,0,0.004070136840053805,-5.5448198318481445,-0.04481961578130722,assist,no
1960,1,0,0.0031726823299827534,-5.7688164710998535,-0.018816309049725533,assist,no
1961,1,0,0.0179862111793677,-4.024558067321777,-0.024558136239647865,assist,no
1962,1,1,0.893309411735131,-0.36687344312667847,-2.4918735027313232,assist,yes
1963,1,0,0.20181323186177208,-1.6598594188690186,-0.28485947847366333,assist,no
1964,1,0,0.009708476230763695,-4.667460918426514,-0.04246089234948158,assist,no
1965,1,0,0.029312230115381685,-3.544022798538208,-0.04402277618646622,assist,no
1966,1,0,0.047425868970162655,-3.0614655017852783,-0.06146540865302086,assist,no
1967,1,0,0.010986942549633462,-4.536392688751221,-0.036392681300640106,assist,no
1968,1,0,0.04208772401067611,-3.196263551712036,-0.07126345485448837,assist,no
1969,1,0,0.01798621351522214,-4.032900333404541,-0.03290053457021713,assist,no
1970,1,0,0.00857748734616423,-4.797987461090088,-0.0479876883327961,assist,no
1971,1,0,0.0017007222280129232,-6.3987908363342285,-0.02379072830080986,assist,no
1972,1,0,0.006692852088284183,-5.060181617736816,-0.060181792825460434,assist,no
1973,1,0,0.0028009274301453112,-5.902731418609619,-0.027731584385037422,assist,no
1974,1,0,0.0010322310084245616,-6.8823676109313965,-0.007367583457380533,assist,no
1975,1,0,0.14804719427274565,-1.9208576679229736,-0.17085763812065125,assist,no
1976,1,0,0.16451646904109268,-1.8613057136535645,-0.23630575835704803,assist,no
1977,1,0,0.2942149783515162,-1.3086105585098267,-0.43361058831214905,assist,no
1978,1,0,0.0021827159341944774,-6.144449710845947,-0.019449476152658463,assist,no
1979,1,0,0.2942149783515162,-1.3301538228988647,-0.45515385270118713,assist,no
1980,1,1,0.8670357512127872,-0.21563299000263214,-2.090632915496826,assist,yes
1981,1,0,0.0675466845698721,-2.7417373657226562,-0.1167372614145279,assist,no
1982,1,0,0.07585818315512395,-2.7023613452911377,-0.20236138999462128,assist,no
1983,1,0,0.22270013366638422,-1.584324598312378,-0.33432456851005554,assist,no
1984,1,0,0.0009110510282495921,-7.016022682189941,-0.01602249965071678,assist,no
1985,1,0,0.0021827163236426213,-6.134243488311768,-0.009243432432413101,assist,no
1986,1,0,0.0013250221251371941,-6.636785507202148,-0.011785286478698254,assist,no
1987,1,0,0.007577240875671297,-4.910583972930908,-0.035583920776844025,assist,no
1988,1,0,0.0008040857919630916,-7.142428874969482,-0.017428696155548096,assist,no
1989,1,0,0.008577486015623293,-4.784551620483398,-0.03455169126391411,assist,no
1990,1,0,0.07585818002124356,-2.6253082752227783,-0.12530827522277832,assist,no
1991,1,0,0.0003353500296212386,-8.01167106628418,-0.011670765466988087,assist,no
1992,1,0,0.008577483845574824,-4.769920825958252,-0.01992064155638218,assist,no
1993,1,0,0.012431652728352931,-4.408877849578857,-0.03387800231575966,assist,no
1994,1,0,0.46879062662624377,-0.8513173460960388,-0.7263173460960388,assist,no
1995,1,0,0.002472622660457815,-6.016287326812744,-0.016287125647068024,assist,no
1996,1,0,0.20181323186177208,-1.691319227218628,-0.3163192868232727,assist,no
1997,1,0,0.0017007225078901596,-6.384409427642822,-0.009409484453499317,assist,no
1998,1,0,0.03308597648187432,-3.4486582279205322,-0.07365816831588745,assist,no
1999,1,0,0.0046095725981487815,-5.387698650360107,-0.012698741629719734,assist,no
2000,1,0,0.0011695102634236385,-6.752761363983154,-0.002761362586170435,assist,no
2001,1,0,0.10669059394565118,-2.323669910430908,-0.1986699104309082,assist,no
2002,1,0,0.13296423160844623,-2.081902503967285,-0.2069024294614792,assist,no
2003,1,1,0.6224593312018546,-0.5322962999343872,-1.0322962999343872,assist,yes
2004,1,1,0.5312093733737563,-0.8053973913192749,-0.9303973913192749,assist,yes
2005,1,0,0.020332355271959375,-3.947080612182617,-0.07208070904016495,assist,no
2006,1,0,0.0031726822651836004,-5.781580924987793,-0.031580742448568344,assist,no
2007,1,0,0.005911067953269688,-5.133980751037598,-0.008980597369372845,assist,no
2008,1,1,0.7981867729389246,-0.28359583020210266,-1.6585958003997803,assist,yes
2009,1,0,0.00359360311498431,-5.666274547576904,-0.041274696588516235,assist,no
2010,1,0,0.00023050672285164625,-8.38338851928711,-0.008388523012399673,assist,no
2011,1,0,0.008577486419537485,-4.762659072875977,-0.012659191153943539,assist,no
2012,1,0,0.014063626784974054,-4.279579162597656,-0.029579143971204758,assist,no
2013,1,0,0.0009110512876486988,-7.022477626800537,-0.022477729246020317,assist,no
2014,1,0,0.1066905911052601,-2.2693886756896973,-0.14438864588737488,assist,no
2015,1,0,0.0008040858937266077,-7.1610026359558105,-0.03600258380174637,assist,no
2016,1,0,0.0021827165427072332,-6.163811683654785,-0.03881172835826874,assist,no
2017,1,0,0.5,-0.9144633412361145,-0.9144633412361145,assist,no
2018,1,1,0.679178699175393,-0.5645202398300171,-1.314520239830017,assist,yes
2019,1,0,0.008577483805975407,-4.765467166900635,-0.015466977842152119,assist,no
2020,1,1,0.5312093733737563,-0.80500328540802,-0.93000328540802,assist,yes
2021,1,0,0.0008040860920158484,-7.134862899780273,-0.009863094426691532,assist,no
2022,1,0,0.2689414096510108,-1.4274826049804688,-0.427482545375824,assist,no
2023,1,0,0.0004305571025678041,-7.76535177230835,-0.015351821668446064,assist,no
2024,1,0,0.003593603421783772,-5.665434837341309,-0.0404350720345974,assist,no
2025,1,0,0.09534947196849917,-2.371920108795166,-0.12192019075155258,assist,no
2026,1,1,0.6791787056691698,-0.49852582812309265,-1.248525857925415,assist,yes
2027,1,0,0.0009110512164410934,-7.025109767913818,-0.0251097921282053,assist,no
2028,1,0,0.0009110511223453379,-7.00925874710083,-0.009258667938411236,assist,no
2029,1,0,0.2018132174596823,-1.7847034931182861,-0.40970346331596375,assist,no
2030,1,0,6.605214906820569e-05,-9.632075309753418,-0.00707537354901433,assist,no
2031,1,0,0.0007096705609140462,-7.263941764831543,-0.01394199300557375,assist,no
2032,1,1,0.8175744761936437,-0.46591222286224365,-1.9659122228622437,assist,yes
2033,1,0,0.06754669207816587,-2.7558608055114746,-0.1308608204126358,assist,no
2034,1,0,0.32082130082460697,-1.2345473766326904,-0.48454737663269043,assist,no
2035,1,1,0.5926665855647394,-0.6572547554969788,-1.032254695892334,assist,yes
2036,1,0,0.001926734404534621,-6.256618499755859,-0.006618365179747343,assist,no
2037,1,0,0.00029595712866832546,-8.134283065795898,-0.009283117018640041,assist,no
2038,1,0,0.0006263342070775403,-7.385923862457275,-0.010923940688371658,assist,no
2039,1,0,0.015906392586515414,-4.18112850189209,-0.05612855777144432,assist,no
2040,1,0,0.005220125093864346,-5.283972263336182,-0.03397214785218239,assist,no
2041,1,0,0.2018132174596823,-1.6921164989471436,-0.31711646914482117,assist,no
2042,1,1,0.6513548646660542,-0.5963348150253296,-1.2213348150253296,assist,yes
2043,1,0,0.0850990490675896,-2.4717676639556885,-0.09676771610975266,assist,no
2044,1,0,0.0021827166644098044,-6.156489849090576,-0.03148994967341423,assist,no
2045,1,1,0.7549149868676283,-0.49932146072387695,-1.624321460723877,assist,yes
2046,1,0,0.004070138387878727,-5.5287346839904785,-0.028734849765896797,assist,no
2047,1,0,0.004609571794785348,-5.395204067230225,-0.020203983411192894,assist,no
2048,1,0,0.4073334000459302,-0.9584334492683411,-0.5834334492683411,assist,no
2049,1,0,0.37754066879814546,-1.1338882446289062,-0.6338882446289062,assist,no
2050,1,0,0.025957356915230906,-3.6857357025146484,-0.06073569133877754,assist,no
2051,1,0,0.00026119038427035416,-8.261955261230469,-0.011955510824918747,assist,no
2052,1,0,0.0019267347672028178,-6.2802557945251465,-0.030255848541855812,assist,no
2053,1,0,0.4378234991142019,-1.0145899057388306,-0.7645899057388306,assist,no
2054,1,0,0.0006263342758660966,-7.406002521514893,-0.03100270964205265,assist,no
2055,1,0,0.009708477269420993,-4.6634626388549805,-0.038462720811367035,assist,no
2056,1,0,0.0011695101083954067,-6.779555320739746,-0.02955518662929535,assist,no
2057,1,0,0.3208213138121609,-1.2005610466003418,-0.4505611062049866,assist,no
2058,1,0,0.2689414330889798,-1.4330852031707764,-0.43308526277542114,assist,no
2059,1,0,0.020332351858581475,-3.957756996154785,-0.08275692164897919,assist,no
2060,1,0,0.0013250224541848069,-6.6506476402282715,-0.025647668167948723,assist,no
2061,1,1,0.5621765008857981,-0.7913254499435425,-1.0413254499435425,assist,yes
2062,1,0,0.0013250226304163332,-6.638904094696045,-0.01390425581485033,assist,no
2063,1,0,0.0006263341511139748,-7.4031500816345215,-0.02815007045865059,assist,no
2064,1,0,0.022977370244547896,-3.8039486408233643,-0.05394865572452545,assist,no
2065,1,0,0.06008665059478843,-2.821321725845337,-0.07132173329591751,assist,no
2066,1,0,0.3775406828054583,-1.1747210025787354,-0.6747210621833801,assist,no
2067,1,0,0.0007096705576117306,-7.271018981933594,-0.021019205451011658,assist,no
2068,1,0,0.0019267350788288787,-6.267063140869141,-0.017063356935977936,assist,no
2069,1,0,0.0011695101671429448,-6.776927471160889,-0.026927387341856956,assist,no
2070,1,0,0.009708474296712474,-4.655019760131836,-0.03001953288912773,assist,no
2071,1,0,0.0031726828071401915,-5.78315544128418,-0.03315543010830879,assist,no
2072,1,1,0.7057850278370112,-0.488653302192688,-1.363653302192688,assist,yes
2073,1,1,0.8670357666736773,-0.31945961713790894,-2.1944596767425537,assist,yes
2074,1,0,0.004070138433180928,-5.5304951667785645,-0.03049534372985363,assist,no
2075,1,0,0.0005527785417354384,-7.5097432136535645,-0.00974304135888815,assist,no
2076,1,0,0.004070136847604169,-5.5206780433654785,-0.020677829161286354,assist,no
2077,1,1,0.679178699175393,-0.5646501779556274,-1.3146501779556274,assist,yes
2078,1,0,0.0006263341764724648,-7.379133224487305,-0.004133253823965788,assist,no
2079,1,0,0.18242553269617778,-1.8043451309204102,-0.30434519052505493,assist,no
2080,1,0,0.0004878570514837524,-7.638772487640381,-0.013772341422736645,assist,no
2081,1,0,0.0021827167272894694,-6.138036251068115,-0.013036380521953106,assist,no
2082,1,0,0.008577484669242795,-4.772439002990723,-0.022438915446400642,assist,no
2083,1,0,0.025957354466326184,-3.6817474365234375,-0.056747328490018845,assist,no
2084,1,0,0.0675466977093867,-2.7200260162353516,-0.09502612054347992,assist,no
2085,1,1,0.8519528057272543,-0.3010718524456024,-2.051071882247925,assist,yes
2086,1,1,0.9324533088603709,-0.27016758918762207,-2.895167589187622,assist,yes
2087,1,0,0.0850990438468576,-2.5037755966186523,-0.12877558171749115,assist,no
2088,1,0,0.03308597648187432,-3.439521312713623,-0.06452125310897827,assist,no
2089,1,0,0.0009110511613399741,-7.008002281188965,-0.008002244867384434,assist,no
2090,1,0,0.37754066879814546,-1.1507670879364014,-0.6507670879364014,assist,no
2091,1,1,0.6224593312018546,-0.623422384262085,-1.123422384262085,assist,yes
2092,1,0,0.014063629625959938,-4.317627429962158,-0.06762761622667313,assist,no
2093,1,0,0.0004878570782774601,-7.6328444480896,-0.007844356819987297,assist,no
2094,1,0,0.2942149597859341,-1.3602755069732666,-0.4852754473686218,assist,no
2095,1,0,0.00043055706128387135,-7.763574600219727,-0.013574553653597832,assist,no
2096,1,0,0.02931223202330563,-3.580437660217285,-0.08043770492076874,assist,no
2097,1,0,0.0052201265253921944,-5.277663707733154,-0.02766386792063713,assist,no
2098,1,0,0.18242553269617778,-1.7605938911437988,-0.2605939507484436,assist,no
2099,1,0,0.46879062662624377,-0.9561907052993774,-0.8311907052993774,assist,no
2100,1,0,0.22270012850745968,-1.651141881942749,-0.40114182233810425,assist,no
2101,1,1,0.8519528057272543,-0.3010718524456024,-2.051071882247925,assist,yes
2102,1,1,0.5926665999540697,-0.779625415802002,-1.154625415802002,assist,yes
2103,1,0,0.0013250223580585298,-6.6667070388793945,-0.04170699417591095,assist,no
2104,1,0,0.005911067805510302,-5.171824932098389,-0.046824753284454346,assist,no
2105,1,0,0.00020342698866259218,-8.517251968383789,-0.01725202053785324,assist,no
2106,1,0,0.00048785718545230555,-7.6534647941589355,-0.028464922681450844,assist,no
2107,1,0,0.3486451217982255,-1.1699130535125732,-0.5449129939079285,assist,no
2108,1,0,0.03732689055684297,-3.365522623062134,-0.11552271246910095,assist,no
2109,1,0,0.04208772776542873,-3.177036762237549,-0.05203675851225853,assist,no
2110,1,1,0.8175744761936437,-0.2995723485946655,-1.7995723485946655,assist,yes
2111,1,0,0.1329642264548166,-2.0790915489196777,-0.20409142971038818,assist,no
2112,1,0,0.0001795280043685677,-8.630941390991211,-0.0059415861032903194,assist,no
2113,1,0,0.0028009271075890227,-5.895818710327148,-0.020818760618567467,assist,no
2114,1,0,0.002800926337616097,-5.8904924392700195,-0.015492213889956474,assist,no
2115,1,1,0.7772998611746911,-0.5427659749984741,-1.7927659749984741,assist,yes
2116,1,0,0.0028009265561219055,-5.894620418548584,-0.019620271399617195,assist,no
2117,1,0,0.0019267351110660604,-6.269690990447998,-0.0196912232786417,assist,no
2118,1,0,0.0009110511028480203,-7.0184326171875,-0.01843251660466194,assist,no
2119,1,0,0.01798620877771485,-4.023784160614014,-0.0237840935587883,assist,no
2120,1,0,0.2942149597859341,-1.3545353412628174,-0.4795352816581726,assist,no
2121,1,0,0.29421497216298875,-1.236043095588684,-0.3610430955886841,assist,no
2122,1,0,0.008577484304928105,-4.79805326461792,-0.048053134232759476,assist,no
2123,1,0,0.06008664428307651,-2.907965898513794,-0.1579657942056656,assist,no
2124,1,0,0.37754066879814546,-1.2030035257339478,-0.7030035257339478,assist,no
2125,1,0,0.002472622862603971,-6.018744945526123,-0.018744826316833496,assist,no
2126,1,0,0.2942149845400438,-1.274919033050537,-0.3999190926551819,assist,no
2127,1,0,0.0017007226644316852,-6.398873805999756,-0.023873955011367798,assist,no
2128,1,0,0.4073334000459302,-0.9892289638519287,-0.6142289638519287,assist,no
2129,1,1,0.5926665999540697,-0.6968966722488403,-1.0718966722488403,assist,yes
2130,1,1,0.8354835207180245,-0.5085440874099731,-2.1335439682006836,assist,yes
2131,1,0,0.0015011819887076757,-6.51051664352417,-0.010516464710235596,assist,no
2132,1,0,0.07585818785594478,-2.6186273097991943,-0.11862742155790329,assist,no
2133,1,0,0.05340332678672523,-2.970618963241577,-0.09561890363693237,assist,no
2134,1,0,0.3208213138121609,-1.2276394367218018,-0.47763949632644653,assist,no
2135,1,0,0.08509905080783367,-2.515190601348877,-0.14019067585468292,assist,no
2136,1,0,0.3775406547908327,-1.082122802734375,-0.5821227431297302,assist,no
2137,1,0,0.08509904500702024,-2.4835221767425537,-0.10852217674255371,assist,no
2138,1,0,0.0011695100137466014,-6.764995098114014,-0.014994882978498936,assist,no
2139,1,1,0.7981867825403176,-0.27404138445854187,-1.6490414142608643,assist,yes
2140,1,0,0.00591106763038807,-5.144086837768555,-0.019086629152297974,assist,no
2141,1,0,0.46879062662624377,-0.9777317643165588,-0.8527317643165588,assist,no
2142,1,0,0.017986210027890265,-4.04728364944458,-0.04728365316987038,assist,no
2143,1,0,0.46879062662624377,-0.9780300855636597,-0.8530300855636597,assist,no
2144,1,0,0.08509904964767095,-2.615041494369507,-0.2400415539741516,assist,no
2145,1,0,0.05340332753999997,-2.9680986404418945,-0.09309859573841095,assist,no
2146,1,0,0.03732688600549891,-3.3321197032928467,-0.0821196660399437,assist,no
2147,1,0,0.5,-0.7716524004936218,-0.7716524004936218,assist,no
2148,1,0,0.1645164628965632,-1.8658579587936401,-0.24085795879364014,assist,no
2149,1,0,0.00015843615854071335,-8.754000663757324,-0.004000281449407339,assist,no
2150,1,0,0.001325022131299134,-6.646068096160889,-0.02106788009405136,assist,no
2151,1,0,0.2689414272294874,-1.4348294734954834,-0.4348295032978058,assist,no
2152,1,0,0.017986209567299315,-4.058591365814209,-0.058591343462467194,assist,no
2153,1,0,0.1480471980316895,-1.9669307470321655,-0.21693074703216553,assist,no
2154,1,0,0.04742587098971659,-3.0509867668151855,-0.05098671838641167,assist,no
2155,1,0,0.3208212878370535,-1.237302541732788,-0.4873024821281433,assist,no
2156,1,0,0.053403324903538434,-2.957737922668457,-0.08273782581090927,assist,no
2157,1,0,0.0003799845720599657,-7.894550800323486,-0.019550951197743416,assist,no
2158,1,0,0.015906394860737468,-4.192724227905273,-0.06772442907094955,assist,no
2159,1,0,0.4073334000459302,-0.9219998121261597,-0.5469998121261597,assist,no
2160,1,0,0.004609572264838404,-5.406462669372559,-0.031462687999010086,assist,no
2161,1,0,0.05340332753999997,-2.9686126708984375,-0.09361262619495392,assist,no
2162,1,0,0.0015011819663719016,-6.527070999145508,-0.027070805430412292,assist,no
2163,1,1,0.835483553488848,-0.5082300901412964,-2.133230209350586,assist,yes
2164,1,0,0.4073334000459302,-0.9679533839225769,-0.5929533839225769,assist,no
2165,1,0,0.004070137647942838,-5.517310619354248,-0.017310602590441704,assist,no
2166,1,0,0.022977370829961912,-3.8101301193237305,-0.06013016030192375,assist,no
2167,1,0,0.0009110511130205339,-7.0199456214904785,-0.019945532083511353,assist,no
2168,1,0,0.3208212878370535,-1.2792551517486572,-0.5292550921440125,assist,no
2169,1,0,0.04742587486052853,-3.0974621772766113,-0.09746221452951431,assist,no
2170,1,1,0.6513548646660542,-0.5049431324005127,-1.1299431324005127,assist,yes
2171,1,0,0.0009110511965199192,-7.00536584854126,-0.005365850869566202,assist,no
2172,1,0,0.029312230115381685,-3.56441330909729,-0.06441328674554825,assist,no
2173,1,0,4.539788138587833e-05,-10.010162353515625,-0.010162632912397385,assist,no
2174,1,0,0.008577483528779474,-4.780175685882568,-0.0301754642277956,assist,no
2175,1,0,0.11920292515117029,-2.2005834579467773,-0.20058348774909973,assist,no
2176,1,0,0.0035936022879598023,-5.657297611236572,-0.0322975292801857,assist,no
2177,1,0,0.10669060246682488,-2.2648303508758545,-0.13983044028282166,assist,no
2178,1,0,0.01590638902939951,-4.188002109527588,-0.06300193816423416,assist,no
2179,1,0,0.0015011825443101646,-6.523150444030762,-0.02315063588321209,assist,no
2180,1,0,0.4378234844434674,-1.0059878826141357,-0.755987823009491,assist,no
2181,1,0,0.4073333856566001,-1.0244240760803223,-0.6494240164756775,assist,no
2182,1,0,0.0021827164392600527,-6.135294437408447,-0.010294434614479542,assist,no
2183,1,0,0.18242551936144574,-1.7605382204055786,-0.2605381906032562,assist,no
2184,1,0,0.02931222757148327,-3.5690977573394775,-0.06909764558076859,assist,no
2185,1,0,0.0007096702617242935,-7.258607387542725,-0.00860719382762909,assist,no
2186,1,0,0.004609572640880884,-5.416549205780029,-0.041549306362867355,assist,no
2187,1,0,0.0015011824814907776,-6.512353420257568,-0.012353570200502872,assist,no
2188,1,0,0.001501182304200521,-6.5148515701293945,-0.014851601794362068,assist,no
2189,1,0,0.004070137308176402,-5.532738208770752,-0.032738108187913895,assist,no
2190,1,0,0.14804719239327382,-1.9439173936843872,-0.19391734898090363,assist,no
2191,1,1,0.7057850402140659,-0.5902971625328064,-1.4652972221374512,assist,yes
2192,1,0,0.0002959571600810249,-8.134449005126953,-0.009449162520468235,assist,no
2193,1,0,0.08509903920620716,-2.5138821601867676,-0.1388820856809616,assist,no
2194,1,0,0.4073334000459302,-0.9526413679122925,-0.5776413679122925,assist,no
2195,1,0,0.007577242080253438,-4.907814025878906,-0.032814133912324905,assist,no
2196,1,0,0.004609571581124883,-5.411598205566406,-0.036598075181245804,assist,no
2197,1,1,0.7310585903489892,-0.6308037638664246,-1.6308038234710693,assist,yes
2198,1,0,0.18242553269617778,-1.7832529544830322,-0.283253014087677,assist,no
2199,1,1,0.7310585786300049,-0.4530287981033325,-1.4530287981033325,assist,yes
2200,1,0,0.18242552825126704,-1.788589596748352,-0.28858962655067444,assist,no
2201,1,0,0.0046095722990240826,-5.413201808929443,-0.03820183500647545,assist,no
2202,1,0,0.001325022148552565,-6.645608901977539,-0.020608698949217796,assist,no
2203,1,0,0.0035936030749669904,-5.661699295043945,-0.036699432879686356,assist,no
2204,1,0,0.07585818158818373,-2.5881423950195312,-0.08814241737127304,assist,no
2205,1,0,0.0010322312504322142,-6.879288673400879,-0.004288880620151758,assist,no
2206,1,0,0.008577483845574824,-4.764438152313232,-0.014437967911362648,assist,no
2207,1,0,0.5,-0.8316782116889954,-0.8316782116889954,assist,no
2208,1,0,0.06008665648572012,-2.8697826862335205,-0.11978279799222946,assist,no
2209,1,0,0.010986943096111581,-4.525094985961914,-0.025095028802752495,assist,no
2210,1,0,0.4378235137849365,-1.088346242904663,-0.8383463025093079,assist,no
2211,1,0,0.2689414213699951,-1.3204689025878906,-0.3204689025878906,assist,no
2212,1,0,0.0031726823299827534,-5.7688164710998535,-0.018816309049725533,assist,no
2213,1,0,0.007577240651563013,-4.907424449920654,-0.03242436796426773,assist,no
2214,1,1,0.9770226354423304,-0.4100205898284912,-4.16002082824707,assist,yes
2215,1,0,0.0007096704876026383,-7.27014684677124,-0.020146971568465233,assist,no
2216,1,0,0.4378234991142019,-0.9503003358840942,-0.7003003358840942,assist,no
2217,1,0,0.00033535003430445337,-8.011000633239746,-0.011000346392393112,assist,no
2218,1,0,0.00280092717522179,-5.893835067749023,-0.018835142254829407,assist,no
2219,1,0,0.1329642264548166,-2.0345711708068848,-0.15957105159759521,assist,no
2220,1,0,0.0021827167739421247,-6.149148464202881,-0.024148615077137947,assist,no
2221,1,0,0.006692850428966053,-5.024721622467041,-0.024721547961235046,assist,no
2222,1,0,0.2018132270610754,-1.6248462200164795,-0.24984624981880188,assist,no
2223,1,0,0.04208773212094217,-3.209743022918701,-0.08474312722682953,assist,no
2224,1,0,0.0031726826009610422,-5.765740394592285,-0.015740318223834038,assist,no
2225,1,0,0.010986943156831373,-4.544166564941406,-0.04416661337018013,assist,no
2226,1,0,0.08509904558710156,-2.498337984085083,-0.1233379915356636,assist,no
2227,1,0,0.022977369659133905,-3.8059186935424805,-0.05591868236660957,assist,no
2228,1,0,0.0015011825917737032,-6.523316383361816,-0.023316606879234314,assist,no
2229,1,0,0.04208772401067611,-3.1917431354522705,-0.06674303859472275,assist,no
2230,1,1,0.8807970842359877,-0.41215819120407104,-2.412158250808716,assist,yes
2231,1,0,0.32082129433083023,-1.160638689994812,-0.4106386601924896,assist,no
2232,1,0,0.0004305570717050579,-7.781519889831543,-0.03151986747980118,assist,no
2233,1,0,0.08509904036636974,-2.542710542678833,-0.16771048307418823,assist,no
2234,1,0,0.009708477770841793,-4.685957431793213,-0.060957565903663635,assist,no
2235,1,0,0.4073334000459302,-1.026384711265564,-0.651384711265564,assist,no
2236,1,0,0.008577483908933897,-4.777044296264648,-0.02704411931335926,assist,no
2237,1,0,0.29421496597446145,-1.30409574508667,-0.42909571528434753,assist,no
2238,1,0,0.00023050682630170523,-8.402392387390137,-0.027392840012907982,assist,no
2239,1,1,0.5621765008857981,-0.7490413784980774,-0.9990413784980774,assist,yes
2240,1,0,0.5,-0.8252424001693726,-0.8252424001693726,assist,no
2241,1,0,0.2689414096510108,-1.4493279457092285,-0.44932788610458374,assist,no
2242,1,1,0.9046505428129514,-0.23260346055030823,-2.4826035499572754,assist,yes
2243,1,0,0.0008040858144109249,-7.139011383056641,-0.014011232182383537,assist,no
2244,1,0,0.009708474404159754,-4.684754371643066,-0.059754155576229095,assist,no
2245,1,0,0.014063630013367147,-4.2801337242126465,-0.030133938416838646,assist,no
2246,1,0,0.02297736915735049,-3.778130054473877,-0.028130020946264267,assist,no
2247,1,0,4.5397856061272135e-05,-10.014744758605957,-0.014744480140507221,assist,no
2248,1,0,0.00280092661855214,-5.900827407836914,-0.025827283039689064,assist,no
2249,1,0,0.005220126360959922,-5.2727837562561035,-0.022783884778618813,assist,no
2250,1,0,0.06008664933244599,-2.85701584815979,-0.10701583325862885,assist,no
2251,1,0,0.0373268852023206,-3.330901622772217,-0.08090156316757202,assist,no
2252,1,0,0.29421497216298875,-1.340640902519226,-0.4656409025192261,assist,no
2253,1,0,0.005220124711801235,-5.264850616455078,-0.014850427396595478,assist,no
2254,1,0,0.5,-0.7764291763305664,-0.7764291763305664,assist,no
2255,1,0,0.0009110510197724983,-7.011982440948486,-0.011982249096035957,assist,no
2256,1,0,0.014063625312827045,-4.276301383972168,-0.02630125917494297,assist,no
2257,1,0,0.004609572940005605,-5.405341148376465,-0.030341314151883125,assist,no
2258,1,0,0.0024726237355080193,-6.01782751083374,-0.017827745527029037,assist,no
2259,1,0,0.0015011822092734634,-6.525887489318848,-0.02588745765388012,assist,no
2260,1,0,0.06008665480259672,-2.821877956390381,-0.07187803834676743,assist,no
2261,1,0,0.015906390895427426,-4.218336582183838,-0.09333653002977371,assist,no
2262,1,0,0.017986210883273495,-4.053691387176514,-0.05369143933057785,assist,no
2263,1,0,0.002472622858009741,-6.016055583953857,-0.016055462881922722,assist,no
2264,1,1,0.5926665999540697,-0.5700657963752747,-0.9450657963752747,assist,yes
2265,1,0,0.16451646699291617,-1.857507348060608,-0.2325073778629303,assist,no
2266,1,0,0.05340333243628599,-2.9803175926208496,-0.10531764477491379,assist,no
2267,1,1,0.6224593312018546,-0.6867700815200806,-1.1867700815200806,assist,yes
2268,1,0,0.0017007225695580318,-6.3939528465271,-0.01895293965935707,assist,no
2269,1,0,0.001700722449384745,-6.396794319152832,-0.021794341504573822,assist,no
2270,1,0,0.014063623789025917,-4.291748046875,-0.0417478121817112,assist,no
2271,1,0,0.0015011822316092411,-6.529824256896973,-0.029824240133166313,assist,no
2272,1,0,0.010986942023395294,-4.540858745574951,-0.040858689695596695,assist,no
2273,1,0,0.001169510036592864,-6.7597455978393555,-0.0097454022616148,assist,no
2274,1,1,0.9241418137109955,-0.22007307410240173,-2.7200729846954346,assist,yes
2275,1,0,0.4073334000459302,-0.9778331518173218,-0.6028331518173218,assist,no
2276,1,0,0.005911068713956958,-5.151462554931641,-0.026462530717253685,assist,no
2277,1,0,0.00317268302510102,-5.778483867645264,-0.028483925387263298,assist,no
2278,1,0,0.005220125674213427,-5.2716217041015625,-0.0216217003762722,assist,no
2279,1,1,0.8354835330070839,-0.2673167288303375,-1.8923166990280151,assist,yes
2280,1,0,0.014063623892334462,-4.303243160247803,-0.05324293300509453,assist,no
2281,1,0,0.00020342699775463752,-8.563286781311035,-0.06328687816858292,assist,no
2282,1,0,0.004609571974260146,-5.413322925567627,-0.03832288086414337,assist,no
2283,1,0,0.005911068790572947,-5.156467437744141,-0.03146742656826973,assist,no
2284,1,1,0.5926665999540697,-0.6192415356636047,-0.9942415356636047,assist,yes
2285,1,0,0.1480471980316895,-1.967319130897522,-0.21731913089752197,assist,no
2286,1,0,0.03308597576681317,-3.4378905296325684,-0.0628904476761818,assist,no
2287,1,1,0.8519528132451416,-0.30070701241493225,-2.0507071018218994,assist,yes
2288,1,0,0.0052201248423797645,-5.255800247192383,-0.00580008327960968,assist,no
2289,1,0,0.46879062662624377,-0.925923228263855,-0.800923228263855,assist,no
2290,1,1,0.8175744761936437,-0.36699914932250977,-1.8669991493225098,assist,yes
2291,1,0,0.3775406547908327,-1.1355946063995361,-0.6355945467948914,assist,no
2292,1,1,0.7549149813536518,-0.44293585419654846,-1.567935824394226,assist,yes
2293,1,1,0.8354835330070839,-0.42664554715156555,-2.051645517349243,assist,yes
2294,1,0,0.0004878571386768405,-7.6343994140625,-0.009399446658790112,assist,no
2295,1,1,0.9669140201811735,-0.1627204865217209,-3.5377204418182373,assist,yes
2296,1,0,0.001032231013706474,-6.927090644836426,-0.05209062248468399,assist,no
2297,1,0,0.022977370662700766,-3.80081844329834,-0.05081847682595253,assist,no
2298,1,0,0.07585817949893016,-2.5919644832611084,-0.0919644758105278,assist,no
2299,1,0,0.10669059820623795,-2.254573106765747,-0.12957315146923065,assist,no
2300,1,0,0.008577486712573282,-4.776677131652832,-0.026677284389734268,assist,no
2301,1,0,0.0059110683965478686,-5.156346321105957,-0.031346242874860764,assist,no
2302,1,0,0.01798621062007865,-4.082646369934082,-0.08264640718698502,assist,no
2303,1,0,0.0021827168104528996,-6.146383285522461,-0.02138345316052437,assist,no
2304,1,0,0.0028009268474630112,-5.892195701599121,-0.01719565875828266,assist,no
2305,1,1,0.7981867873410141,-0.3033732771873474,-1.6783733367919922,assist,yes
2306,1,1,0.754914975839675,-0.38192492723464966,-1.5069248676300049,assist,yes
2307,1,0,0.0003353500324311675,-8.017051696777344,-0.01705140434205532,assist,no
2308,1,0,0.4073333856566001,-1.0030219554901123,-0.6280218958854675,assist,no
2309,1,0,0.0017007225869515342,-6.388942241668701,-0.013942345045506954,assist,no
2310,1,0,0.4378234991142019,-0.9127157926559448,-0.6627157926559448,assist,no
2311,1,0,0.005220125654868455,-5.273761749267578,-0.023761741816997528,assist,no
2312,1,0,0.0017007225569082116,-6.408297061920166,-0.03329714760184288,assist,no
2313,1,0,0.4073334000459302,-0.9261264801025391,-0.5511264801025391,assist,no
2314,1,0,0.00013982202994669858,-8.879133224487305,-0.0041328975930809975,assist,no
2315,1,0,0.0017007222817746488,-6.396273136138916,-0.021273059770464897,assist,no
2316,1,0,0.06754668738548215,-2.7619400024414062,-0.13693994283676147,assist,no
2317,1,0,0.01098694392594878,-4.597012996673584,-0.09701311588287354,assist,no
2318,1,0,0.009708475236876214,-4.640294075012207,-0.01529394555836916,assist,no
2319,1,0,0.004070137059014368,-5.526538848876953,-0.026538686826825142,assist,no
2320,1,0,0.001325022296439125,-6.64824914932251,-0.023249058052897453,assist,no
2321,1,0,0.16451646699291617,-1.9223748445510864,-0.2973748743534088,assist,no
2322,1,1,0.6224593312018546,-0.607171893119812,-1.107171893119812,assist,yes
2323,1,1,0.6224593171945417,-0.8239384293556213,-1.3239383697509766,assist,yes
2324,1,0,0.11920291263495983,-2.179792642593384,-0.17979255318641663,assist,no
2325,1,0,0.008577487409523327,-4.799389839172363,-0.049390073865652084,assist,no
2326,1,0,0.04208772325972562,-3.180466890335083,-0.055466774851083755,assist,no
2327,1,0,0.0008040860332773324,-7.130953788757324,-0.005953910294920206,assist,no
2328,1,0,0.042087723109535534,-3.199230670928955,-0.07423055171966553,assist,no
2329,1,0,0.10669059252545564,-2.312828302383423,-0.18782828748226166,assist,no
2330,1,0,0.2689414272294874,-1.375201940536499,-0.3752019703388214,assist,no
2331,1,0,0.017986209830494145,-4.048625946044922,-0.04862593859434128,assist,no
2332,1,1,0.8933094145755219,-0.22220268845558167,-2.347202777862549,assist,yes
2333,1,0,0.18242551936144574,-1.7923771142959595,-0.2923770844936371,assist,no
2334,1,0,0.09534946554178125,-2.356574535369873,-0.10657454282045364,assist,no
2335,1,0,0.005220126007914177,-5.257885456085205,-0.007885516621172428,assist,no
2336,1,0,0.0005527785993628637,-7.507931709289551,-0.007931641303002834,assist,no
2337,1,0,0.02931223159932252,-3.5744402408599854,-0.07444027066230774,assist,no
2338,1,0,0.060086652698692546,-2.8128480911254883,-0.06284813582897186,assist,no
2339,1,0,0.0008040859820214333,-7.135471343994141,-0.010471401736140251,assist,no
2340,1,1,0.7981867777396212,-0.41927993297576904,-1.794279932975769,assist,yes
2341,1,0,0.00757724241641593,-4.896548748016357,-0.02154890075325966,assist,no
2342,1,0,0.0850990542883219,-2.517758369445801,-0.14275848865509033,assist,no
2343,1,1,0.5926665855647394,-0.744051992893219,-1.1190519332885742,assist,yes
2344,1,0,0.06008664596619963,-2.905345916748047,-0.1553458422422409,assist,no
2345,1,1,0.8519528019683106,-0.4978013038635254,-2.2478013038635254,assist,yes
2346,1,0,0.022977368070153135,-3.8137621879577637,-0.0637621060013771,assist,no
2347,1,0,0.5,-0.8190782070159912,-0.8190782070159912,assist,no
2348,1,0,0.0675466977093867,-2.7916948795318604,-0.1666949838399887,assist,no
2349,1,0,0.001700722411435288,-6.4016432762146,-0.02664327621459961,assist,no
2350,1,0,0.00116951026287968,-6.766909122467041,-0.016909120604395866,assist,no
2351,1,0,0.000487857199530359,-7.638929843902588,-0.013930001296103,assist,no
2352,1,1,0.7772998560157665,-0.3372327387332916,-1.5872327089309692,assist,yes
2353,1,0,0.005911067477156122,-5.1438140869140625,-0.018813852220773697,assist,no
2354,1,0,0.0002959570165195049,-8.143975257873535,-0.01897493004798889,assist,no
2355,1,0,0.0015011820501310564,-6.529163360595703,-0.029163222759962082,assist,no
2356,1,1,0.5621765008857981,-0.7358576059341431,-0.9858576059341431,assist,yes
2357,1,1,0.9241418220680101,-0.3327343165874481,-2.8327343463897705,assist,yes
2358,1,0,0.04742587587030561,-3.132791042327881,-0.13279110193252563,assist,no
2359,1,1,0.5621765008857981,-0.7334283590316772,-0.9834283590316772,assist,yes
2360,1,0,0.017986206145766886,-4.046270370483398,-0.04627015441656113,assist,no
2361,1,1,0.5312093733737563,-0.7487108111381531,-0.8737108111381531,assist,yes
2362,1,0,0.4378234991142019,-0.993868887424469,-0.743868887424469,assist,no
2363,1,0,0.11920293140927592,-2.1805927753448486,-0.1805928647518158,assist,no
2364,1,0,0.007577241870151889,-4.898094177246094,-0.023094257339835167,assist,no
2365,1,0,0.22270012850745968,-1.5954291820526123,-0.34542912244796753,assist,no
2366,1,0,0.0024726227477481983,-6.023221969604492,-0.023221803829073906,assist,no
2367,1,0,0.01590639246988865,-4.14311408996582,-0.018114138394594193,assist,no
2368,1,0,0.00048785718454404407,-7.6499457359313965,-0.024945862591266632,assist,no
2369,1,0,0.006692851295773981,-5.044118881225586,-0.044118937104940414,assist,no
2370,1,0,0.13296424019782924,-2.1045596599578857,-0.22955965995788574,assist,no
2371,1,0,0.11920293140927592,-2.1908466815948486,-0.1908467710018158,assist,no
2372,1,0,0.0004305570588789821,-7.7721943855285645,-0.022194333374500275,assist,no
2373,1,0,0.08509905312815914,-2.510227918624878,-0.1352280229330063,assist,no
2374,1,1,0.7057850402140659,-0.497919499874115,-1.3729195594787598,assist,yes
2375,1,0,0.03308598077224154,-3.4348905086517334,-0.05989058315753937,assist,no
2376,1,0,0.029312227783474795,-3.5811479091644287,-0.08114780485630035,assist,no
2377,1,1,0.7057850154599563,-0.7729974389076233,-1.6479973793029785,assist,yes
2378,1,0,0.46879062662624377,-0.8790603280067444,-0.7540603280067444,assist,no
2379,1,0,0.01406362817963978,-4.283127784729004,-0.03312786668539047,assist,no
2380,1,0,0.0019267344108029596,-6.259174346923828,-0.009174215607345104,assist,no
2381,1,0,0.01590638961253321,-4.168126106262207,-0.04312597215175629,assist,no
2382,1,0,0.0004878570328643971,-7.652942657470703,-0.02794247306883335,assist,no
2383,1,0,0.02033235497514388,-3.9213719367980957,-0.04637201875448227,assist,no
2384,1,0,0.004070137398780782,-5.52297830581665,-0.022978227585554123,assist,no
2385,1,0,0.20181323186177208,-1.646850824356079,-0.2718508839607239,assist,no
2386,1,0,0.13296423160844623,-2.0631773471832275,-0.18817727267742157,assist,no
2387,1,0,0.00757723953102169,-4.9245405197143555,-0.049540288746356964,assist,no
2388,1,0,0.010986940525640651,-4.532500267028809,-0.032500073313713074,assist,no
2389,1,0,0.0474258782264522,-3.0665669441223145,-0.06656705588102341,assist,no
2390,1,1,0.7310585786300049,-0.4881652593612671,-1.488165259361267,assist,yes
2391,1,0,0.0017007222564750129,-6.383786678314209,-0.008786587044596672,assist,no
2392,1,1,0.7981867873410141,-0.33823055028915405,-1.7132306098937988,assist,yes
2393,1,0,0.22270014914315833,-1.5405738353729248,-0.2905738949775696,assist,no
2394,1,0,0.18242552825126704,-1.8863641023635864,-0.3863641321659088,assist,no
2395,1,0,0.008577483893094128,-4.815098285675049,-0.0650981068611145,assist,no
2396,1,0,0.03732688895048618,-3.355912685394287,-0.10591273009777069,assist,no
2397,1,0,0.012431648978018987,-4.426905632019043,-0.05190547928214073,assist,no
2398,1,0,0.32082130082460697,-1.189742922782898,-0.43974292278289795,assist,no
2399,1,1,0.5312093733737563,-0.7220051288604736,-0.8470051288604736,assist,yes
2400,1,0,0.001032231079010121,-6.903979301452637,-0.028979342430830002,assist,no
2401,1,0,0.0015011821813537417,-6.5233988761901855,-0.023398825898766518,assist,no
2402,1,0,0.07585818158818373,-2.6248016357421875,-0.12480165809392929,assist,no
2403,1,0,0.5,-0.8210339546203613,-0.8210339546203613,assist,no
2404,1,0,0.06754669583231304,-2.765491247177124,-0.14049132168293,assist,no
2405,1,0,0.0009110512113548363,-7.020534992218018,-0.02053501084446907,assist,no
2406,1,0,0.4378234991142019,-0.9263577461242676,-0.6763577461242676,assist,no
2407,1,1,0.8175744761936437,-0.39504504203796387,-1.8950450420379639,assist,yes
2408,1,1,0.9465966709534505,-0.14446066319942474,-3.019460678100586,assist,yes
2409,1,0,0.24508502416032488,-1.4682424068450928,-0.34324246644973755,assist,no
2410,1,0,0.0009110510536808738,-7.020416736602783,-0.020416582003235817,assist,no
2411,1,0,0.00460957236739544,-5.4251275062561035,-0.0501275472342968,assist,no
2412,1,0,0.00460957314511971,-5.403016567230225,-0.028016777709126472,assist,no
2413,1,0,0.5,-0.7926294207572937,-0.7926294207572937,assist,no
2414,1,0,0.005220125654868455,-5.281370162963867,-0.03137015551328659,assist,no
2415,1,0,0.020332353936289693,-3.9265382289886475,-0.05153825879096985,assist,no
2416,1,0,0.05340332829327471,-2.9809155464172363,-0.10591551661491394,assist,no
2417,1,0,0.22270013366638422,-1.5426788330078125,-0.2926788032054901,assist,no
2418,1,0,0.020332351264950595,-3.9299521446228027,-0.05495204031467438,assist,no
2419,1,0,0.0021827163439263808,-6.14698600769043,-0.021985961124300957,assist,no
2420,1,0,0.0011695104347706556,-6.7972412109375,-0.04724135622382164,assist,no
2421,1,0,0.02931222799546632,-3.5644466876983643,-0.0644465908408165,assist,no
2422,1,1,0.7981867825403176,-0.49506840109825134,-1.8700684309005737,assist,yes
2423,1,0,0.02595735456051482,-3.6684272289276123,-0.04342712461948395,assist,no
2424,1,0,0.4378234991142019,-0.9641093015670776,-0.7141093015670776,assist,no
2425,1,0,0.03308597910376534,-3.4417240619659424,-0.06672408431768417,assist,no
2426,1,0,0.46879062662624377,-0.9209001064300537,-0.7959001064300537,assist,no
2427,1,0,0.22270013366638422,-1.569213628768921,-0.3192135989665985,assist,no
2428,1,0,0.010986943561630004,-4.53446626663208,-0.03446635231375694,assist,no
2429,1,0,0.001700722310236739,-6.401847839355469,-0.026847779750823975,assist,no
2430,1,0,0.4073333856566001,-1.0244240760803223,-0.6494240164756775,assist,no
2431,1,0,0.014063628231294069,-4.300487041473389,-0.050487127155065536,assist,no
2432,1,0,0.46879062662624377,-0.8234116435050964,-0.6984116435050964,assist,no
2433,1,1,0.5926665855647394,-0.7153473496437073,-1.0903472900390625,assist,yes
2434,1,0,0.18242551936144574,-1.9645845890045166,-0.4645845592021942,assist,no
2435,1,0,0.009708474225080954,-4.677312850952148,-0.052312616258859634,assist,no
2436,1,0,0.003593602614767851,-5.645684242248535,-0.020684251561760902,assist,no
2437,1,1,0.8175744761936437,-0.41536641120910645,-1.9153664112091064,assist,yes
2438,1,0,0.0035936022145947348,-5.650574684143066,-0.0255745816975832,assist,no
2439,1,0,0.0019267346024350357,-6.263084888458252,-0.013084856793284416,assist,no
2440,1,0,0.04208772851637929,-3.2056796550750732,-0.08067966997623444,assist,no
2441,1,0,0.5,-0.8059839010238647,-0.8059839010238647,assist,no
2442,1,0,0.01243164902375476,-4.427896022796631,-0.05289587378501892,assist,no
2443,1,1,0.754914997895581,-0.5204381346702576,-1.6454381942749023,assist,yes
2444,1,1,0.5621765008857981,-0.6014024615287781,-0.8514024615287781,assist,yes
2445,1,0,0.5,-0.8314245939254761,-0.8314245939254761,assist,no
2446,1,1,0.5312093733737563,-0.7567457556724548,-0.8817457556724548,assist,yes
2447,1,0,0.015906389962413444,-4.143298149108887,-0.018298037350177765,assist,no
2448,1,0,0.060086655644158424,-2.828587532043457,-0.07858762890100479,assist,no
2449,1,0,0.0009110513775059229,-7.0227131843566895,-0.02271338552236557,assist,no
2450,1,0,0.002472622660457815,-6.01765251159668,-0.01765231043100357,assist,no
2451,1,0,0.07585818628900447,-2.6555070877075195,-0.1555071771144867,assist,no
2452,1,0,0.002800927419740269,-5.887495517730713,-0.012495679780840874,assist,no
2453,1,0,0.0024726234690425402,-6.011674880981445,-0.01167500764131546,assist,no
2454,1,0,0.004070137255323848,-5.525044918060303,-0.02504480443894863,assist,no
2455,1,0,0.2942149845400438,-1.312626600265503,-0.4376266598701477,assist,no
2456,1,0,0.00132502270312725,-6.647810935974121,-0.022811152040958405,assist,no
2457,1,1,0.8933094032139576,-0.27598026394844055,-2.400980234146118,assist,yes
2458,1,1,0.5621765155565327,-0.8139786124229431,-1.063978672027588,assist,yes
2459,1,0,0.060086646807761206,-2.8606655597686768,-0.11066550016403198,assist,no
2460,1,0,0.012431651767901451,-4.421474933624268,-0.04647500813007355,assist,no
2461,1,0,0.1480471980316895,-1.9868030548095703,-0.2368030548095703,assist,no
2462,1,0,0.0015011823684158874,-6.52341365814209,-0.023413732647895813,assist,no
2463,1,0,0.29421497216298875,-1.3481268882751465,-0.4731268882751465,assist,no
2464,1,1,0.7981867777396212,-0.3476448059082031,-1.7226448059082031,assist,yes
2465,1,0,0.0013250223198544983,-6.63264274597168,-0.007642672397196293,assist,no
2466,1,0,0.014063627146554044,-4.3034257888793945,-0.05342579632997513,assist,no
2467,1,0,0.014063628205466925,-4.27854061126709,-0.02854069508612156,assist,no
2468,1,0,0.16451646494473965,-1.851025104522705,-0.22602511942386627,assist,no
2469,1,1,0.7981867825403176,-0.3732028901576996,-1.748202919960022,assist,yes
2470,1,0,0.0006263340479311639,-7.3849005699157715,-0.009900393895804882,assist,no
2471,1,0,0.5,-0.8634878993034363,-0.8634878993034363,assist,no
2472,1,0,0.02595735898738123,-3.6843647956848145,-0.059364866465330124,assist,no
2473,1,0,0.020332351264950595,-3.953885555267334,-0.07888545095920563,assist,no
2474,1,0,0.5,-0.8314438462257385,-0.8314438462257385,assist,no
2475,1,0,0.0002034269323108621,-8.50566577911377,-0.005665554199367762,assist,no
2476,1,0,0.00522012654473717,-5.277963638305664,-0.027963802218437195,assist,no
2477,1,0,0.01406362763726976,-4.269011497497559,-0.019011540338397026,assist,no
2478,1,0,0.01098694441170717,-4.535862922668457,-0.035863086581230164,assist,no
2479,1,0,0.060086646807761206,-2.852860689163208,-0.10286062955856323,assist,no
2480,1,1,0.8807970748488297,-0.2533159554004669,-2.2533159255981445,assist,yes
2481,1,0,0.09534945590170514,-2.412033796310425,-0.16203369200229645,assist,no
2482,1,0,0.0002034269659324807,-8.51190185546875,-0.011901795864105225,assist,no
2483,1,0,0.0019267350501736068,-6.256402492523193,-0.006402693688869476,assist,no
2484,1,0,0.047425868128681874,-3.097010850906372,-0.09701073914766312,assist,no
2485,1,0,0.004070138606839371,-5.523382186889648,-0.023382406681776047,assist,no
2486,1,0,0.2689414213699951,-1.3950293064117432,-0.39502930641174316,assist,no
2487,1,0,0.0052201254614187564,-5.288883209228516,-0.03888316452503204,assist,no
2488,1,0,0.0007096705146816258,-7.261456489562988,-0.011456652544438839,assist,no
2489,1,0,0.22270013882530884,-1.6170002222061157,-0.3670002222061157,assist,no
2490,1,0,0.11920292515117029,-2.244035243988037,-0.2440352737903595,assist,no
2491,1,0,0.08509904036636974,-2.528028964996338,-0.15302890539169312,assist,no
2492,1,0,0.007577240049272032,-4.903288841247559,-0.02828867919743061,assist,no
2493,1,0,0.017986209962091555,-4.056863784790039,-0.05686378479003906,assist,no
2494,1,0,0.000430557158681894,-7.758646488189697,-0.008646667934954166,assist,no
2495,1,0,0.04208772521219692,-3.2474424839019775,-0.12244241684675217,assist,no
2496,1,0,0.01798621154126062,-4.091104030609131,-0.09110412001609802,assist,no
2497,1,0,0.1066905911052601,-2.2915589809417725,-0.16655895113945007,assist,no
2498,1,0,0.24508500761839525,-1.4863238334655762,-0.3613238036632538,assist,no
2499,1,1,0.6224593171945417,-0.6105504631996155,-1.1105504035949707,assist,yes
2500,1,0,0.3486451488696663,-1.121131420135498,-0.4961314797401428,assist,no
2501,1,1,0.9241418137109955,-0.42301663756370544,-2.9230165481567383,assist,yes
2502,1,1,0.7549149868676283,-0.5407726764678955,-1.6657726764678955,assist,yes
2503,1,0,0.09534945718704857,-2.381558895111084,-0.13155880570411682,assist,no
2504,1,1,0.6513548511303336,-0.5883551239967346,-1.2133550643920898,assist,yes
2505,1,0,0.014063624098951557,-4.312012195587158,-0.06201198324561119,assist,no
2506,1,0,0.015906390953740808,-4.164813041687012,-0.03981299325823784,assist,no
2507,1,0,0.05340333431947304,-2.9915804862976074,-0.11658057570457458,assist,no
2508,1,0,0.08509904268669496,-2.5207228660583496,-0.14572283625602722,assist,no
2509,1,0,0.06008665017400762,-2.8683269023895264,-0.11832690238952637,assist,no
2510,1,0,0.02033235482673614,-3.93875789642334,-0.06375797092914581,assist,no
2511,1,0,0.02931223202330563,-3.5625126361846924,-0.06251268088817596,assist,no
2512,1,0,0.0059110676249154994,-5.137023448944092,-0.012023239396512508,assist,no
2513,1,0,0.0040701385313356995,-5.515163421630859,-0.015163622796535492,assist,no
2514,1,0,0.03308597886541159,-3.450387477874756,-0.07538749277591705,assist,no
2515,1,1,0.880797071719777,-0.2519763112068176,-2.251976251602173,assist,yes
2516,1,0,0.008577486205700558,-4.7769775390625,-0.02697763219475746,assist,no
2517,1,0,0.0109869436223498,-4.515069007873535,-0.015069099143147469,assist,no
2518,1,0,0.01798621259404007,-4.04486608505249,-0.04486623406410217,assist,no
2519,1,0,0.012431651447750972,-4.4176812171936035,-0.042681265622377396,assist,no
2520,1,0,0.10669059394565118,-2.3176333904266357,-0.19263339042663574,assist,no
2521,1,0,0.0005527787295391233,-7.517408847808838,-0.01740901544690132,assist,no
2522,1,0,0.06008664596619963,-2.8753464221954346,-0.1253463476896286,assist,no
2523,1,0,0.0008040860912675871,-7.171429634094238,-0.0464298278093338,assist,no
2524,1,0,0.0002959570242349015,-8.156274795532227,-0.03127449378371239,assist,no
2525,1,0,0.012431653551597116,-4.422024726867676,-0.04702494665980339,assist,no
2526,1,0,0.4073334000459302,-1.0182669162750244,-0.6432669162750244,assist,no
2527,1,0,0.004609571256360996,-5.391366958618164,-0.016366757452487946,assist,no
2528,1,0,0.5,-0.9481432437896729,-0.9481432437896729,assist,no
2529,1,0,0.32082130731838393,-1.1420247554779053,-0.39202478528022766,assist,no
2530,1,0,0.01406362456384003,-4.314691066741943,-0.06469088792800903,assist,no
2531,1,0,0.0004878571173326976,-7.638728141784668,-0.013728130608797073,assist,no
2532,1,1,0.6791786861878392,-0.5086079239845276,-1.2586078643798828,assist,yes
2533,1,0,0.025957356444287677,-3.7152059078216553,-0.09020587801933289,assist,no
2534,1,0,0.007577242836619065,-4.9254937171936035,-0.05049392580986023,assist,no
2535,1,0,0.0758581737534831,-2.6444106101989746,-0.14441052079200745,assist,no
2536,1,0,0.0009110510248587547,-7.009397506713867,-0.009397320449352264,assist,no
2537,1,0,0.1480472036701053,-1.925982117652893,-0.17598216235637665,assist,no
2538,1,0,0.010986942165074797,-4.529958724975586,-0.029958682134747505,assist,no
2539,1,0,0.0013250226911114625,-6.628134727478027,-0.003134934464469552,assist,no
2540,1,0,0.0024726231658232377,-6.020064830780029,-0.020064834505319595,assist,no
2541,1,0,0.0028009265092992313,-5.89855432510376,-0.023554161190986633,assist,no
2542,1,0,0.32082129433083023,-1.213302493095398,-0.46330246329307556,assist,no
2543,1,0,0.2018132270610754,-1.732164978981018,-0.35716500878334045,assist,no
2544,1,0,0.24508502416032488,-1.4703493118286133,-0.34534937143325806,assist,no
2545,1,0,0.00591106981941633,-5.167508602142334,-0.04250876605510712,assist,no
2546,1,0,0.0052201253453489395,-5.291595458984375,-0.04159539192914963,assist,no
2547,1,0,0.03732689082456911,-3.3401551246643066,-0.0901552215218544,assist,no
2548,1,0,0.004070138576637903,-5.541717529296875,-0.04171774163842201,assist,no
2549,1,1,0.8933094174159129,-0.29040324687957764,-2.415403366088867,assist,yes
2550,1,1,0.5621765155565327,-0.7677797675132751,-1.01777982711792,assist,yes
2551,1,0,0.014063629574305644,-4.292182922363281,-0.042183104902505875,assist,no
2552,1,0,0.46879062662624377,-0.8541238903999329,-0.7291238903999329,assist,no
2553,1,0,0.37754066879814546,-1.0640665292739868,-0.5640665292739868,assist,no
2554,1,0,0.02297737254438874,-3.77908992767334,-0.029090045019984245,assist,no
2555,1,0,0.0019267349964449726,-6.269159317016602,-0.01915949024260044,assist,no
2556,1,0,0.0028009273391011932,-5.890081882476807,-0.01508201565593481,assist,no
2557,1,0,0.07585818263281055,-2.5933806896209717,-0.09338072687387466,assist,no
2558,1,0,0.020332352155396922,-3.914580821990967,-0.03958076238632202,assist,no
2559,1,0,0.3208213138121609,-1.225010871887207,-0.4750109314918518,assist,no
2560,1,0,0.32082130082460697,-1.2246544361114502,-0.4746544361114502,assist,no
2561,1,0,0.004070137557338452,-5.51798152923584,-0.01798149012029171,assist,no
2562,1,0,0.0019267342227528093,-6.262779712677002,-0.012779483571648598,assist,no
2563,1,0,0.010986944695066241,-4.542433738708496,-0.042433928698301315,assist,no
2564,1,0,0.008577486110661925,-4.805318832397461,-0.055318914353847504,assist,no
2565,1,0,0.0019267346203445767,-6.263156414031982,-0.013156391680240631,assist,no
2566,1,0,0.11920293453832885,-2.1728334426879883,-0.17283356189727783,assist,no
2567,1,0,0.0003799844372798155,-7.8902058601379395,-0.015205656178295612,assist,no
2568,1,0,0.0031726829956468527,-5.806070804595947,-0.056070853024721146,assist,no
2569,1,0,0.003172683561166906,-5.7852983474731445,-0.03529857471585274,assist,no
2570,1,0,0.0059110681448096385,-5.143272876739502,-0.018272755667567253,assist,no
2571,1,0,0.0179862133836247,-4.065357685089111,-0.06535787880420685,assist,no
2572,1,0,0.0028009271440066668,-5.904516696929932,-0.029516760259866714,assist,no
2573,1,0,0.000911051224918189,-7.018069267272949,-0.018069300800561905,assist,no
2574,1,0,0.2942149783515162,-1.2424280643463135,-0.36742809414863586,assist,no
2575,1,0,0.06008665438181589,-2.911390781402588,-0.16139085590839386,assist,no
2576,1,0,0.004070137712120944,-5.51453161239624,-0.01453161146491766,assist,no
2577,1,0,0.37754066879814546,-1.0110846757888794,-0.5110846757888794,assist,no
2578,1,0,0.2689414096510108,-1.4888365268707275,-0.48883646726608276,assist,no
2579,1,0,0.00043055718072671704,-7.769516468048096,-0.019516699016094208,assist,no
2580,1,0,0.005911070038319199,-5.164056777954102,-0.03905697911977768,assist,no
2581,1,0,0.0013250227277750188,-6.643725872039795,-0.018726106733083725,assist,no
2582,1,0,0.004609572640880884,-5.420899391174316,-0.045899491757154465,assist,no
2583,1,0,0.0600866476493228,-2.8638720512390137,-0.11387200653553009,assist,no
2584,1,0,0.03308597886541159,-3.450387477874756,-0.07538749277591705,assist,no
2585,1,0,0.13296424019782924,-2.094417095184326,-0.21941709518432617,assist,no
2586,1,1,0.7772998663336157,-0.3539216220378876,-1.60392165184021,assist,yes
2587,1,0,0.004070137398780782,-5.5188307762146,-0.01883069798350334,assist,no
2588,1,0,0.2942149845400438,-1.3954849243164062,-0.520484983921051,assist,no
2589,1,0,0.24508502416032488,-1.4763562679290771,-0.3513563275337219,assist,no
2590,1,0,0.015906391653501335,-4.166233062744141,-0.04123305901885033,assist,no
2591,1,0,0.07585818628900447,-2.618203639984131,-0.11820372939109802,assist,no
2592,1,0,0.004609572666520145,-5.395679473876953,-0.02067958004772663,assist,no
2593,1,0,0.06754669067036073,-2.742772340774536,-0.11777233332395554,assist,no
2594,1,0,0.025957359646701823,-3.6911675930023193,-0.0661676898598671,assist,no
2595,1,0,0.4073334000459302,-1.0900557041168213,-0.7150557041168213,assist,no
2596,1,0,0.04208772461143651,-3.2229628562927246,-0.09796277433633804,assist,no
2597,1,0,0.22270014398423357,-1.5702619552612305,-0.32026198506355286,assist,no
2598,1,0,0.006692852360709588,-5.045746803283691,-0.04574701935052872,assist,no
2599,1,0,0.007577239713109644,-4.88844633102417,-0.013446124270558357,assist,no
2600,1,0,0.002800927279272204,-5.8953166007995605,-0.0203167125582695,assist,no
2601,1,1,0.7057850278370112,-0.4952218532562256,-1.3702218532562256,assist,yes
2602,1,0,0.007577240931698369,-4.906153678894043,-0.031153634190559387,assist,no
2603,1,0,0.001325022313692558,-6.63545036315918,-0.01045028492808342,assist,no
2604,1,0,0.005911070103990062,-5.1469526290893555,-0.02195284143090248,assist,no
2605,1,0,0.0052201245908951935,-5.280901908874512,-0.030901696532964706,assist,no
2606,1,0,0.0017007221204894773,-6.395925521850586,-0.020925350487232208,assist,no
2607,1,1,0.7310585669110203,-0.5395532250404358,-1.539553165435791,assist,yes
2608,1,0,0.0010322309311165735,-6.895234107971191,-0.0202340055257082,assist,no
2609,1,1,0.9399133481428692,-0.3732762634754181,-3.1232762336730957,assist,yes
2610,1,0,0.0019267345916893117,-6.28720760345459,-0.03720756620168686,assist,no
2611,1,0,0.37754066879814546,-1.0496028661727905,-0.5496028661727905,assist,no
2612,1,0,0.13296424878721277,-2.0729405879974365,-0.1979406625032425,assist,no
2613,1,0,0.46879062662624377,-0.841713011264801,-0.716713011264801,assist,no
2614,1,0,0.00522012579028325,-5.274670124053955,-0.02467014268040657,assist,no
2615,1,0,0.0005527786760279299,-7.5198187828063965,-0.019818853586912155,assist,no
2616,1,0,0.0004305570552716484,-7.764929294586182,-0.01492923405021429,assist,no
2617,1,0,0.009708476947079058,-4.66481351852417,-0.0398135669529438,assist,no
2618,1,0,0.2018132198600306,-1.6167865991592407,-0.24178658425807953,assist,no
2619,1,0,0.0011695101475604319,-6.771202087402344,-0.02120198681950569,assist,no
2620,1,0,0.0008040857814874362,-7.1330366134643555,-0.008036421611905098,assist,no
2621,1,0,0.0008040860351479857,-7.134402275085449,-0.009402398951351643,assist,no
2622,1,0,0.0031726820884586454,-5.812924385070801,-0.06292414665222168,assist,no
2623,1,0,0.0534033328129234,-3.0414280891418457,-0.16642814874649048,assist,no
2624,1,0,0.00026119022206336424,-8.259554862976074,-0.009554491378366947,assist,no
2625,1,0,0.08509903804604459,-2.538755416870117,-0.16375532746315002,assist,no
2626,1,0,0.29421496597446145,-1.2449175119400024,-0.36991748213768005,assist,no
2627,1,0,0.015906390079040187,-4.157980918884277,-0.03298081457614899,assist,no
2628,1,0,0.06008665101556925,-2.892069101333618,-0.14206911623477936,assist,no
2629,1,0,0.008577483497099938,-4.7690629959106445,-0.019062770530581474,assist,no
2630,1,0,0.04742587250438209,-3.0982258319854736,-0.09822581708431244,assist,no
2631,1,0,0.13296423504419938,-2.1020026206970215,-0.2270025759935379,assist,no
2632,1,0,0.0059110701368254946,-5.148993968963623,-0.023994186893105507,assist,no
2633,1,0,0.004070138040561864,-5.517602920532227,-0.01760300062596798,assist,no
2634,1,0,0.46879062662624377,-0.9218457341194153,-0.7968457341194153,assist,no
2635,1,0,0.025957357386174145,-3.6921067237854004,-0.06710673123598099,assist,no
2636,1,0,0.022977368404675395,-3.8128480911254883,-0.06284802407026291,assist,no
2637,1,0,0.0021827166562962998,-6.1468610763549805,-0.02186117321252823,assist,no
2638,1,0,0.0009110511587968458,-7.016356945037842,-0.016356905922293663,assist,no
2639,1,0,0.18242553269617778,-1.8029632568359375,-0.3029633164405823,assist,no
2640,1,0,0.3208212878370535,-1.1440727710723877,-0.3940727114677429,assist,no
2641,1,0,0.0009110511944006454,-7.015832901000977,-0.015832901000976562,assist,no
2642,1,1,0.679178699175393,-0.5426926612854004,-1.2926926612854004,assist,yes
2643,1,0,0.1480472036701053,-1.9475154876708984,-0.19751553237438202,assist,no
2644,1,1,0.5312093733737563,-0.7958667874336243,-0.9208667874336243,assist,yes
2645,1,0,0.003172682135585299,-5.76892614364624,-0.018925920128822327,assist,no
2646,1,0,0.5,-0.7616374492645264,-0.7616374492645264,assist,no
2647,1,0,0.0028009263948438074,-5.892205238342285,-0.01720503345131874,assist,no
2648,1,0,0.08509903804604459,-2.5208888053894043,-0.14588871598243713,assist,no
2649,1,0,0.001032230827399033,-6.886498928070068,-0.011498725041747093,assist,no
2650,1,0,0.007577239713109644,-4.896756172180176,-0.021755965426564217,assist,no
2651,1,0,0.04742587250438209,-3.084825277328491,-0.08482526242733002,assist,no
2652,1,0,0.0011695100278895259,-6.773928165435791,-0.02392796240746975,assist,no
2653,1,0,0.00026119019896042784,-8.265019416809082,-0.015018956735730171,assist,no
2654,1,0,0.22270014398423357,-1.6903334856033325,-0.4403335154056549,assist,no
2655,1,0,0.2018132270610754,-1.7162325382232666,-0.341232568025589,assist,no
2656,1,0,0.0075772399792382,-4.912006378173828,-0.037006206810474396,assist,no
2657,1,0,0.0028009265379130882,-5.888256072998047,-0.013255919329822063,assist,no
2658,1,1,0.7772998663336157,-0.3865843713283539,-1.6365844011306763,assist,yes
2659,1,0,0.029312232977267646,-3.5505378246307373,-0.05053790286183357,assist,no
2660,1,0,0.010986940970919038,-4.549583435058594,-0.04958328232169151,assist,no
2661,1,0,0.0011695101247141669,-6.758857250213623,-0.008857130073010921,assist,no
2662,1,0,0.18242551936144574,-1.781314730644226,-0.2813147008419037,assist,no
2663,1,0,0.16451646494473965,-1.8524653911590576,-0.2274654060602188,assist,no
2664,1,1,0.966914019704466,-0.28681761026382446,-3.6618175506591797,assist,yes
2665,1,0,0.1645164628965632,-1.885099172592163,-0.2600991725921631,assist,no
2666,1,0,0.0028009270282505863,-5.880428314208984,-0.0054283360950648785,assist,no
2667,1,0,0.5,-0.8689212799072266,-0.8689212799072266,assist,no
2668,1,0,0.3486451217982255,-1.265634298324585,-0.6406342387199402,assist,no
2669,1,0,0.16451646699291617,-1.9054512977600098,-0.28045132756233215,assist,no
2670,1,0,0.025957356444287677,-3.721559524536133,-0.09655949473381042,assist,no
2671,1,0,0.012431652499674001,-4.44187593460083,-0.06687606871128082,assist,no
2672,1,1,0.7057850278370112,-0.5580254793167114,-1.4330254793167114,assist,yes
2673,1,0,0.0021827164777991977,-6.142061233520508,-0.017061248421669006,assist,no
2674,1,0,0.033085978388704126,-3.454503297805786,-0.07950329780578613,assist,no
2675,1,0,0.0001584362000709185,-8.763136863708496,-0.013136743567883968,assist,no
2676,1,0,0.0013250221645736081,-6.6345109939575195,-0.009510803036391735,assist,no
2677,1,0,0.003172683095791022,-5.76945161819458,-0.019451698288321495,assist,no
2678,1,0,0.012431653322918172,-4.392889022827148,-0.017889223992824554,assist,no
2679,1,0,0.01798621055427994,-4.0622406005859375,-0.062240634113550186,assist,no
2680,1,0,0.00020342692085110044,-8.521645545959473,-0.021645264700055122,assist,no
2681,1,0,0.022977369659133905,-3.809572458267212,-0.05957244709134102,assist,no
2682,1,0,0.20181321265898594,-1.715440273284912,-0.34044021368026733,assist,no
2683,1,0,0.005220125654868455,-5.281370162963867,-0.03137015551328659,assist,no
2684,1,0,0.001700722637550816,-6.3887434005737305,-0.013743533752858639,assist,no
2685,1,0,0.24508500761839525,-1.511487603187561,-0.38648757338523865,assist,no
2686,1,0,0.008577487061048297,-4.786416053771973,-0.036416247487068176,assist,no
2687,1,0,0.012431651539222537,-4.432183742523193,-0.057183798402547836,assist,no
2688,1,0,0.002472623110692459,-6.027198791503906,-0.027198772877454758,assist,no
2689,1,0,0.0017007227877674422,-6.3899736404418945,-0.01497386209666729,assist,no
2690,1,0,0.22270014914315833,-1.5082862377166748,-0.2582862973213196,assist,no
2691,1,0,0.017986211607059335,-4.0564284324646,-0.05642852559685707,assist,no
2692,1,1,0.9149009596336303,-0.3624505400657654,-2.73745059967041,assist,yes
2693,1,0,0.014063629470997055,-4.2791242599487305,-0.029124435037374496,assist,no
2694,1,0,0.001032231117424033,-6.886453628540039,-0.01145370677113533,assist,no
2695,1,0,0.0008040859169227048,-7.134018898010254,-0.00901887472718954,assist,no
2696,1,0,0.5,-0.9407864809036255,-0.9407864809036255,assist,no
2697,1,0,0.017986206014169497,-4.063474178314209,-0.06347395479679108,assist,no
2698,1,0,0.04208772446124641,-3.1837620735168457,-0.05876198783516884,assist,no
2699,1,0,0.0009110512045731597,-7.011219024658203,-0.01121903583407402,assist,no
2700,1,0,0.001501182142266132,-6.515166282653809,-0.015166206285357475,assist,no
2701,1,0,0.37754066879814546,-1.0511966943740845,-0.5511966943740845,assist,no
2702,1,0,0.0035936020345168464,-5.665603160858154,-0.04060300812125206,assist,no
2703,1,0,0.0006263341913377869,-7.38938045501709,-0.014380508102476597,assist,no
2704,1,0,0.0203323520069892,-3.942518711090088,-0.06751864403486252,assist,no
2705,1,0,0.10669059678604234,-2.2802515029907227,-0.15525153279304504,assist,no
2706,1,0,0.16451647108926923,-1.8736588954925537,-0.2486589550971985,assist,no
2707,1,0,0.0001795280340409729,-8.63998794555664,-0.014988305978477001,assist,no
2708,1,0,0.3208212878370535,-1.1800172328948975,-0.4300171732902527,assist,no
2709,1,0,0.22270013366638422,-1.5308927297592163,-0.2808926999568939,assist,no
2710,1,0,0.00013982213169897757,-8.8785400390625,-0.003540439996868372,assist,no
2711,1,0,0.004609573085294762,-5.393326282501221,-0.01832647994160652,assist,no
2712,1,0,0.012431653460125537,-4.4151716232299805,-0.04017183557152748,assist,no
2713,1,1,0.7772998714925403,-0.44029873609542847,-1.6902987957000732,assist,yes
2714,1,0,0.4073334000459302,-1.2487194538116455,-0.8737194538116455,assist,no
2715,1,0,0.0035936023679944244,-5.664645671844482,-0.039645612239837646,assist,no
2716,1,0,0.02931222820745785,-3.5808892250061035,-0.08088913559913635,assist,no
2717,1,0,0.00359360311498431,-5.649439334869385,-0.024439483880996704,assist,no
2718,1,1,0.7549149923816048,-0.45786020159721375,-1.5828602313995361,assist,yes
2719,1,0,0.1645164608483867,-1.8538637161254883,-0.2288637012243271,assist,no
2720,1,0,0.0021827165873315084,-6.152346611022949,-0.027346676215529442,assist,no
2721,1,0,0.16451645470385742,-1.8565597534179688,-0.23155969381332397,assist,no
2722,1,0,0.1480472055495773,-1.9547150135040283,-0.2047150731086731,assist,no
2723,1,0,0.07585817427579646,-2.6247029304504395,-0.12470284849405289,assist,no
2724,1,0,0.008577486395777826,-4.806985855102539,-0.056985970586538315,assist,no
2725,1,0,0.0015011825303503006,-6.533170700073242,-0.03317088261246681,assist,no
2726,1,0,0.007577239699102878,-4.9443254470825195,-0.06932523846626282,assist,no
2727,1,0,0.13296423676207594,-2.0626320838928223,-0.18763205409049988,assist,no
2728,1,1,0.6224593312018546,-0.5495731830596924,-1.0495731830596924,assist,yes
2729,1,0,0.46879062662624377,-0.8098733425140381,-0.6848733425140381,assist,no
2730,1,0,0.04208773121980142,-3.2013440132141113,-0.0763440951704979,assist,no
2731,1,0,0.008577486110661925,-4.795777797698975,-0.045777879655361176,assist,no
2732,1,0,0.012431650052809698,-4.404703617095947,-0.029703551903367043,assist,no
2733,1,0,0.004070138335026158,-5.533224582672119,-0.03322473540902138,assist,no
2734,1,0,0.2689414330889798,-1.4170598983764648,-0.4170599579811096,assist,no
2735,1,0,0.04742587385075148,-3.067952871322632,-0.06795288622379303,assist,no
2736,1,0,0.1480471961522176,-1.9906079769134521,-0.24060796201229095,assist,no
2737,1,0,0.00970847519210651,-4.6630096435546875,-0.038009509444236755,assist,no
2738,1,0,0.025957356255910384,-3.737741231918335,-0.11274119466543198,assist,no
2739,1,0,0.10669058968506456,-2.243917942047119,-0.11891789734363556,assist,no
2740,1,0,0.04742586846527418,-3.066833019256592,-0.06683291494846344,assist,no
2741,1,0,0.042087727615238615,-3.207244634628296,-0.0822446271777153,assist,no
2742,1,0,0.24508500761839525,-1.4757726192474365,-0.35077258944511414,assist,no
2743,1,0,0.025957358704815272,-3.677902936935425,-0.05290299654006958,assist,no
2744,1,0,0.00020342699358745004,-8.530494689941406,-0.03049476630985737,assist,no
2745,1,0,0.004070138153817359,-5.5479536056518555,-0.047953713685274124,assist,no
2746,1,1,0.7057850278370112,-0.492598295211792,-1.367598295211792,assist,yes
2747,1,0,0.003593602147899219,-5.640614986419678,-0.015614865347743034,assist,no
2748,1,0,0.0031726828689939385,-5.762592792510986,-0.0125928008928895,assist,no
2749,1,0,0.5,-0.8025990724563599,-0.8025990724563599,assist,no
2750,1,0,0.2942149597859341,-1.3262910842895508,-0.451291024684906,assist,no
2751,1,0,0.029312231811314076,-3.572673797607422,-0.07267383486032486,assist,no
2752,1,0,0.0006263341825934798,-7.392970561981201,-0.017970601096749306,assist,no
2753,1,0,0.03308597743528921,-3.455143451690674,-0.08014342188835144,assist,no
2754,1,0,0.004609572119549272,-5.397472381591797,-0.02247236855328083,assist,no
2755,1,0,0.34864513533394575,-1.1754752397537231,-0.5504752397537231,assist,no
2756,1,1,0.5312093733737563,-0.7717564105987549,-0.8967564105987549,assist,yes
2757,1,0,0.0259573547488921,-3.673802137374878,-0.04880204051733017,assist,no
2758,1,0,0.2689414096510108,-1.434861660003662,-0.43486160039901733,assist,no
2759,1,0,0.29421496597446145,-1.3177746534347534,-0.44277462363243103,assist,no
2760,1,0,0.00020342697047850278,-8.53896713256836,-0.03896709531545639,assist,no
2761,1,0,0.002472623652811833,-6.02445650100708,-0.024456702172756195,assist,no
2762,1,0,0.0011695103825506096,-6.768045902252197,-0.018046002835035324,assist,no
2763,1,0,0.18242551936144574,-1.7765989303588867,-0.27659890055656433,assist,no
2764,1,0,0.0330859781503504,-3.4674088954925537,-0.09240888804197311,assist,no
2765,1,0,0.010986943116351513,-4.542812347412109,-0.04281239211559296,assist,no
2766,1,0,0.0373268854700467,-3.322108268737793,-0.07210821658372879,assist,no
2767,1,0,0.0085774847167621,-4.778480529785156,-0.028480447828769684,assist,no
2768,1,0,0.00048785702287352384,-7.6474127769470215,-0.02241257205605507,assist,no
2769,1,0,0.0004305570757132066,-7.756760120391846,-0.0067601073533296585,assist,no
2770,1,0,0.0028009268786781307,-5.894942760467529,-0.01994272880256176,assist,no
2771,1,0,0.0953494738965146,-2.3996224403381348,-0.14962254464626312,assist,no
2772,1,0,0.033085977316112354,-3.4175188541412354,-0.042518820613622665,assist,no
2773,1,0,0.00591106763038807,-5.144086837768555,-0.019086629152297974,assist,no
2774,1,0,0.0008040857635291703,-7.141266345977783,-0.01626613177359104,assist,no
2775,1,0,0.005911069633348897,-5.141569137573242,-0.016569269821047783,assist,no
2776,1,0,0.002800927065968859,-5.89713191986084,-0.02213195525109768,assist,no
2777,1,0,0.05340333507274787,-2.9893765449523926,-0.11437664926052094,assist,no
2778,1,0,0.07585817793199003,-2.607482433319092,-0.10748240351676941,assist,no
2779,1,0,0.2689414330889798,-1.4227700233459473,-0.42277008295059204,assist,no
2780,1,0,0.0002611903825680314,-8.257427215576172,-0.00742745865136385,assist,no
2781,1,0,0.007577241632036804,-4.920078277587891,-0.045078326016664505,assist,no
2782,1,0,0.07585818211049715,-2.6701712608337402,-0.17017129063606262,assist,no
2783,1,0,0.22270012850745968,-1.5890719890594482,-0.33907192945480347,assist,no
2784,1,0,0.0007096703878727169,-7.262679100036621,-0.012679084204137325,assist,no
2785,1,0,0.004609571358918011,-5.39544677734375,-0.020446598529815674,assist,no
2786,1,0,0.002182716571104499,-6.135772705078125,-0.010772762820124626,assist,no
2787,1,0,0.020332352823231693,-3.9121317863464355,-0.03713176026940346,assist,no
2788,1,0,0.03732689015525377,-3.301708221435547,-0.05170829966664314,assist,no
2789,1,0,0.16451645880021026,-1.877114176750183,-0.2521141469478607,assist,no
2790,1,0,0.0011695103727593515,-6.761493682861328,-0.011493775062263012,assist,no
2791,1,1,0.6791787056691698,-0.4681271016597748,-1.2181271314620972,assist,yes
2792,1,0,0.0019267343158824051,-6.267483234405518,-0.017483053728938103,assist,no
2793,1,1,0.7057850278370112,-0.4451327323913574,-1.3201327323913574,assist,yes
2794,1,0,0.04208772851637929,-3.2002320289611816,-0.07523204386234283,assist,no
2795,1,1,0.6224593312018546,-0.514373779296875,-1.014373779296875,assist,yes
2796,1,0,0.14804719239327382,-1.9735838174819946,-0.22358377277851105,assist,no
2797,1,0,0.002472623524173327,-6.014373779296875,-0.014373928308486938,assist,no
2798,1,0,0.2689414096510108,-1.4666881561279297,-0.4666880965232849,assist,no
2799,1,0,0.06754669395523943,-2.751004219055176,-0.12600426375865936,assist,no
2800,1,0,0.0004878572338172329,-7.63107442855835,-0.006074656266719103,assist,no
2801,1,0,0.2018132270610754,-1.67402184009552,-0.2990218698978424,assist,no
2802,1,0,0.025957356350099027,-3.6769859790802,-0.05198594555258751,assist,no
2803,1,0,0.025957359646701823,-3.681121587753296,-0.05612168461084366,assist,no
2804,1,0,0.0009110511706647788,-7.051349639892578,-0.051349613815546036,assist,no
2805,1,0,0.0035936022145947348,-5.6433234214782715,-0.018323319032788277,assist,no
2806,1,1,0.9706877726405082,-0.1747516393661499,-3.6747517585754395,assist,yes
2807,1,0,0.047425871831197425,-3.0764596462249756,-0.0764596164226532,assist,no
2808,1,0,0.0007096703172031786,-7.270472526550293,-0.020472411066293716,assist,no
2809,1,0,0.03732689055684297,-3.3111324310302734,-0.0611325204372406,assist,no
2810,1,0,0.03308597958047282,-3.4812164306640625,-0.10621646791696548,assist,no
2811,1,0,0.13296423160844623,-2.06292724609375,-0.18792717158794403,assist,no
2812,1,0,0.02033235497514388,-3.9187333583831787,-0.04373344033956528,assist,no
2813,1,0,0.0019267348119766739,-6.263893127441406,-0.013893204741179943,assist,no
2814,1,0,0.004070137855577895,-5.515041351318359,-0.015041385777294636,assist,no
2815,1,1,0.7057850278370112,-0.5227669477462769,-1.3977669477462769,assist,yes
2816,1,1,0.7549149923816048,-0.41601333022117615,-1.5410133600234985,assist,yes
2817,1,0,0.04742587216778976,-3.065443992614746,-0.0654439702630043,assist,no
2818,1,0,0.0028009273013829173,-5.882601737976074,-0.007601857651025057,assist,no
2819,1,0,0.015906388387952466,-4.171081066131592,-0.046080853790044785,assist,no
2820,1,0,0.00043055698993883155,-7.769521236419678,-0.019521024078130722,assist,no
2821,1,1,0.7310585669110203,-0.4046702980995178,-1.404670238494873,assist,yes
2822,1,0,0.00048785717500729833,-7.633641242980957,-0.008641350083053112,assist,no
2823,1,0,0.0011695101214504147,-6.801784038543701,-0.05178391560912132,assist,no
2824,1,0,0.0010322311750449035,-6.911133766174316,-0.03613390028476715,assist,no
2825,1,0,0.005220125538798635,-5.279062747955322,-0.029062718152999878,assist,no
2826,1,0,0.017986212396643917,-4.049469470977783,-0.049469608813524246,assist,no
2827,1,0,0.005911067717949184,-5.148090839385986,-0.023090645670890808,assist,no
2828,1,0,0.020332351339154453,-3.9064478874206543,-0.03144778683781624,assist,no
2829,1,0,0.02297737174989824,-3.798482656478882,-0.0484827384352684,assist,no
2830,1,0,0.11920292045759123,-2.2091293334960938,-0.20912931859493256,assist,no
2831,1,0,0.009708476230763695,-4.667606353759766,-0.042606327682733536,assist,no
2832,1,0,0.029312227359491745,-3.550629138946533,-0.05062901973724365,assist,no
2833,1,0,0.037326887745718636,-3.2996222972869873,-0.0496223084628582,assist,no
2834,1,0,0.13296424878721277,-2.044759750366211,-0.1697598248720169,assist,no
2835,1,0,0.0373268854700467,-3.340822696685791,-0.09082264453172684,assist,no
2836,1,0,0.03308597529010575,-3.4623939990997314,-0.08739390224218369,assist,no
2837,1,0,0.005911068856243796,-5.134003162384033,-0.009003162384033203,assist,no
2838,1,0,0.09534946875514017,-2.4374935626983643,-0.18749360740184784,assist,no
2839,1,0,0.0028009264728815954,-5.896216869354248,-0.02121669240295887,assist,no
2840,1,0,0.00037998444895368487,-7.893198013305664,-0.018197840079665184,assist,no
2841,1,0,0.002800927222044476,-5.89711332321167,-0.022113414481282234,assist,no
2842,1,0,0.010986943966428644,-4.539811611175537,-0.03981173411011696,assist,no
2843,1,0,0.002472623478231005,-6.022026062011719,-0.022026192396879196,assist,no
2844,1,0,0.008577486047302837,-4.794963836669922,-0.044963911175727844,assist,no
2845,1,0,0.2942149845400438,-1.3122551441192627,-0.43725520372390747,assist,no
2846,1,0,0.0003799845384533621,-7.8824992179870605,-0.007499280385673046,assist,no
2847,1,0,0.008577483703016914,-4.8015923500061035,-0.0515921488404274,assist,no
2848,1,0,0.02595735653847632,-3.6858880519866943,-0.06088802590966225,assist,no
2849,1,0,0.20181322226037882,-1.7299178838729858,-0.35491788387298584,assist,no
2850,1,0,0.000911051080807575,-7.01830530166626,-0.018305176869034767,assist,no
2851,1,0,0.0046095725554166815,-5.411070346832275,-0.03607042878866196,assist,no
2852,1,0,0.00043055710858002765,-7.76948881149292,-0.019488874822854996,assist,no
2853,1,0,0.3775406547908327,-1.2060623168945312,-0.7060622572898865,assist,no
2854,1,0,0.11920292202211755,-2.1875522136688232,-0.18755221366882324,assist,no
2855,1,0,0.24508500210441886,-1.4855425357818604,-0.3605424761772156,assist,no
2856,1,0,0.060086648490884395,-2.8368747234344482,-0.08687469363212585,assist,no
2857,1,0,0.20181321265898594,-1.6108298301696777,-0.23582977056503296,assist,no
2858,1,0,0.01406362719820833,-4.2983832359313965,-0.04838324710726738,assist,no
2859,1,0,0.015906392761455564,-4.159183502197266,-0.034183569252491,assist,no
2860,1,0,0.0007096702306825382,-7.261314868927002,-0.011314631439745426,assist,no
2861,1,1,0.880797068590724,-0.4004884660243988,-2.4004883766174316,assist,yes
2862,1,0,0.24508500210441886,-1.4771614074707031,-0.35216134786605835,assist,no
2863,1,0,0.2689414330889798,-1.4965105056762695,-0.4965105652809143,assist,no
2864,1,0,0.03308597719693549,-3.467599868774414,-0.09259983152151108,assist,no
2865,1,0,0.34864513533394575,-1.095775842666626,-0.470775842666626,assist,no
2866,1,0,0.0002034269647959752,-8.519091606140137,-0.019091540947556496,assist,no
2867,1,0,0.005220125635523485,-5.2878336906433105,-0.03783367946743965,assist,no
2868,1,0,0.5,-0.9020106196403503,-0.9020106196403503,assist,no
2869,1,0,0.00970847855878882,-4.668575286865234,-0.043575502932071686,assist,no
2870,1,1,0.8933094032139576,-0.25472691655158997,-2.3797268867492676,assist,yes
2871,1,0,0.007577242220321141,-4.896664619445801,-0.02166474610567093,assist,no
2872,1,0,0.29421497216298875,-1.302704095840454,-0.4277040958404541,assist,no
2873,1,0,0.029312232235297192,-3.5362071990966797,-0.036207251250743866,assist,no
2874,1,0,0.0066928511595613,-5.016871929168701,-0.016871964558959007,assist,no
2875,1,0,0.00012339457001112126,-9.016785621643066,-0.016785573214292526,assist,no
2876,1,0,0.012431649664055602,-4.438573837280273,-0.06357374042272568,assist,no
2877,1,0,0.10669059820623795,-2.3278374671936035,-0.2028375118970871,assist,no
2878,1,0,0.4073333856566001,-1.0224823951721191,-0.6474823355674744,assist,no
2879,1,0,0.0019267343839386509,-6.267022132873535,-0.017021987587213516,assist,no
2880,1,0,0.00669285137007181,-5.039090156555176,-0.039090223610401154,assist,no
2881,1,0,0.2018132174596823,-1.7276641130447388,-0.3526640832424164,assist,no
2882,1,0,0.20181322226037882,-1.678656816482544,-0.30365681648254395,assist,no
2883,1,0,0.06754669489377622,-2.7132763862609863,-0.0882764458656311,assist,no
2884,1,0,0.08509904616718289,-2.5187675952911377,-0.1437676101922989,assist,no
2885,1,1,0.5312093733737563,-0.684456467628479,-0.809456467628479,assist,yes
2886,1,0,9.610244019975147e-05,-9.264578819274902,-0.014579076319932938,assist,no
2887,1,0,0.0011695102106596415,-6.76759672164917,-0.01759667508304119,assist,no
2888,1,0,0.11920292828022305,-2.228925943374634,-0.22892600297927856,assist,no
2889,1,0,0.13296424019782924,-2.0897057056427,-0.2147057056427002,assist,no
2890,1,0,0.002182716392607404,-6.146237373352051,-0.02123734913766384,assist,no
2891,1,1,0.9046505376715775,-0.34473368525505066,-2.594733715057373,assist,yes
2892,1,0,0.0293122296913986,-3.587942361831665,-0.08794232457876205,assist,no
2893,1,0,0.009708478630420372,-4.646973609924316,-0.021973833441734314,assist,no
2894,1,0,0.0017007220888649358,-6.396339416503906,-0.02133922651410103,assist,no
2895,1,1,0.5312093733737563,-0.7106482982635498,-0.8356482982635498,assist,yes
2896,1,0,0.10669058400428263,-2.30336856842041,-0.1783684641122818,assist,no
2897,1,0,0.0040701379650582015,-5.526024341583252,-0.026024403050541878,assist,no
2898,1,0,0.0059110681119742174,-5.142894268035889,-0.017894141376018524,assist,no
2899,1,0,0.03732689109229525,-3.327988624572754,-0.07798872888088226,assist,no
2900,1,0,0.46879062662624377,-0.8878465294837952,-0.7628465294837952,assist,no
2901,1,1,0.7981867873410141,-0.45548170804977417,-1.830481767654419,assist,yes
2902,1,0,0.053403329046549465,-2.9805712699890137,-0.10557125508785248,assist,no
2903,1,0,0.001926734428712498,-6.259528636932373,-0.009528514929115772,assist,no
2904,1,0,0.5,-0.7897717356681824,-0.7897717356681824,assist,no
2905,1,0,0.4378234844434674,-1.0006461143493652,-0.7506460547447205,assist,no
2906,1,0,0.32082130731838393,-1.2085145711898804,-0.45851460099220276,assist,no
2907,1,0,0.003172682642196871,-5.7819390296936035,-0.03193896636366844,assist,no
2908,1,0,0.07585818211049715,-2.6284165382385254,-0.12841656804084778,assist,no
2909,1,0,0.0019267346095988521,-6.271920680999756,-0.02192065306007862,assist,no
2910,1,0,0.29421497216298875,-1.3027414083480835,-0.4277414083480835,assist,no
2911,1,0,0.01590638827132573,-4.1643242835998535,-0.039324063807725906,assist,no
2912,1,0,0.0005527785412209079,-7.510183811187744,-0.010183637961745262,assist,no
2913,1,0,0.00010889695961464081,-9.138245582580566,-0.013246037997305393,assist,no
2914,1,0,0.04742587317756679,-3.098212957382202,-0.09821295738220215,assist,no
2915,1,0,0.003172683561166906,-5.789050102233887,-0.039050329476594925,assist,no
2916,1,1,0.6224593452091672,-0.6485175490379333,-1.1485176086425781,assist,yes
2917,1,0,0.008577485033557495,-4.786790370941162,-0.03679032623767853,assist,no
2918,1,0,0.0021827160842942746,-6.1399126052856445,-0.01491243951022625,assist,no
2919,1,0,0.02033235482673614,-3.9385929107666016,-0.06359298527240753,assist,no
2920,1,0,0.04742587115801275,-3.140265941619873,-0.14026589691638947,assist,no
2921,1,1,0.679178699175393,-0.6086405515670776,-1.3586405515670776,assist,yes
2922,1,0,0.1066905854244781,-2.3309881687164307,-0.2059880793094635,assist,no
2923,1,0,0.24508501864634827,-1.4947481155395508,-0.36974814534187317,assist,no
2924,1,0,0.0024726227247770446,-6.030790328979492,-0.03079015389084816,assist,no
2925,1,1,0.9525741288419872,-0.21399183571338654,-3.21399188041687,assist,yes
2926,1,0,0.0003799844967546462,-7.876915454864502,-0.0019154074834659696,assist,no
2927,1,1,0.6513548646660542,-0.5162162780761719,-1.1412162780761719,assist,yes
2928,1,0,0.34864513533394575,-1.12490713596344,-0.49990713596343994,assist,no
2929,1,1,0.7057850154599563,-0.5311184525489807,-1.406118392944336,assist,yes
2930,1,0,0.006692851246242097,-5.039066791534424,-0.03906683996319771,assist,no
2931,1,0,0.10669059820623795,-2.3280138969421387,-0.20301394164562225,assist,no
2932,1,0,0.008577484938518875,-4.795594692230225,-0.04559463635087013,assist,no
2933,1,0,0.015906391303621065,-4.169517993927002,-0.044517967849969864,assist,no
2934,1,0,0.0028009267434126127,-5.905653476715088,-0.030653396621346474,assist,no
2935,1,0,0.002800927065968859,-5.903269290924072,-0.0282693263143301,assist,no
2936,1,0,0.00029595714547687475,-8.144401550292969,-0.019401658326387405,assist,no
2937,1,0,0.0003799844445317646,-7.882500648498535,-0.007500463631004095,assist,no
2938,1,0,0.012431648017567791,-4.409645080566406,-0.034644849598407745,assist,no
2939,1,0,0.13296424706933604,-2.174201250076294,-0.2992013096809387,assist,no
2940,1,0,0.0024726229958366742,-6.027334213256836,-0.027334148064255714,assist,no
2941,1,0,0.0031726825597252145,-5.767108917236328,-0.017108827829360962,assist,no
2942,1,0,0.00970847662473714,-4.659604072570801,-0.034604087471961975,assist,no
2943,1,0,0.06754669160889748,-2.724154233932495,-0.09915424138307571,assist,no
2944,1,1,0.7981867825403176,-0.3260485827922821,-1.7010486125946045,assist,yes
2945,1,0,0.24508501864634827,-1.493299126625061,-0.3682991564273834,assist,no
2946,1,0,0.02595735682104226,-3.678304433822632,-0.05330441892147064,assist,no
2947,1,0,0.03308597803117354,-3.432941436767578,-0.05794142559170723,assist,no
2948,1,0,0.4378234991142019,-0.8643466234207153,-0.6143466234207153,assist,no
2949,1,0,0.0006263342368081865,-7.382922172546387,-0.007922298274934292,assist,no
2950,1,0,0.005220126138492738,-5.269200801849365,-0.0192008875310421,assist,no
2951,1,0,0.015906393286276015,-4.184702396392822,-0.059702496975660324,assist,no
2952,1,0,0.0953494674697966,-2.3897640705108643,-0.13976410031318665,assist,no
2953,1,0,0.004609571771282696,-5.381806373596191,-0.0068062846548855305,assist,no
2954,1,0,0.0011695103140118028,-6.760427474975586,-0.010427516885101795,assist,no
2955,1,0,0.005220126660807012,-5.284737586975098,-0.03473777323961258,assist,no
2956,1,1,0.9399133515091156,-0.1518218219280243,-2.9018218517303467,assist,yes
2957,1,0,0.0015011821981055747,-6.509112358093262,-0.009112318977713585,assist,no
2958,1,0,0.0010322311375913372,-6.885063171386719,-0.010063269175589085,assist,no
2959,1,0,0.0003353500405487399,-8.027177810668945,-0.027177542448043823,assist,no
2960,1,0,0.0017007220445905786,-6.41178560256958,-0.03678538650274277,assist,no
2961,1,0,0.05340333055309901,-2.9439656734466553,-0.06896568834781647,assist,no
2962,1,0,0.0007096702808777176,-7.2639617919921875,-0.013961625285446644,assist,no
2963,1,0,0.0031726831399722733,-5.75826358795166,-0.008263682015240192,assist,no
2964,1,0,0.0850990519679964,-2.512068748474121,-0.13706883788108826,assist,no
2965,1,0,0.07585818158818373,-2.591597080230713,-0.09159710258245468,assist,no
2966,1,0,0.009708478308078396,-4.64680814743042,-0.021808337420225143,assist,no
2967,1,1,0.731058584489497,-0.45545288920402527,-1.4554529190063477,assist,yes
2968,1,0,0.06008665017400762,-2.8605151176452637,-0.11051511764526367,assist,no
2969,1,0,0.46879062662624377,-0.9161549210548401,-0.7911549210548401,assist,no
2970,1,0,0.004070137315726767,-5.515921115875244,-0.01592101715505123,assist,no
2971,1,0,0.007577240203346464,-4.906786918640137,-0.03178677707910538,assist,no
2972,1,0,0.0031726832842977003,-5.779430389404297,-0.029430529102683067,assist,no
2973,1,0,0.3775406547908327,-1.1173300743103027,-0.617330014705658,assist,no
2974,1,0,0.008577486110661925,-4.805318832397461,-0.055318914353847504,assist,no
2975,1,0,0.0008040860882745416,-7.161044597625732,-0.03604478761553764,assist,no
2976,1,0,0.0011695105163644821,-6.763546466827393,-0.013546681962907314,assist,no
2977,1,0,0.04208773001828046,-3.1810996532440186,-0.05609970539808273,assist,no
2978,1,0,0.0035936021012123592,-5.669921875,-0.044921740889549255,assist,no
2979,1,0,0.00218271607212402,-6.1565656661987305,-0.03156549483537674,assist,no
2980,1,0,0.4378234991142019,-0.9829842448234558,-0.7329842448234558,assist,no
2981,1,0,0.00460957275625756,-5.389595985412598,-0.01459611114114523,assist,no
2982,1,0,0.0017007225822078518,-6.392682075500488,-0.01768217608332634,assist,no
2983,1,0,0.0046095720340850795,-5.391777515411377,-0.016777483746409416,assist,no
2984,1,0,0.01798620785653302,-4.045342445373535,-0.045342326164245605,assist,no
2985,1,0,0.053403329423186846,-2.9768035411834717,-0.10180353373289108,assist,no
2986,1,1,0.7549149923816048,-0.44874128699302673,-1.5737413167953491,assist,yes
2987,1,0,0.006692850478497932,-5.04205322265625,-0.04205315560102463,assist,no
2988,1,0,0.047425871831197425,-3.1157658100128174,-0.115765780210495,assist,no
2989,1,0,0.11920292828022305,-2.162872076034546,-0.16287213563919067,assist,no
2990,1,0,0.0008040859470402194,-7.127798557281494,-0.0027985714841634035,assist,no
2991,1,0,0.08509904268669496,-2.489384651184082,-0.11438462138175964,assist,no
2992,1,0,0.20181322226037882,-1.677689790725708,-0.302689790725708,assist,no
2993,1,0,0.04208772611333754,-3.1995999813079834,-0.07459993660449982,assist,no
2994,1,0,0.37754066879814546,-1.013728380203247,-0.5137283802032471,assist,no
2995,1,0,0.0009110511265838854,-7.032078742980957,-0.03207866847515106,assist,no
2996,1,0,0.0028009266809823755,-5.8898606300354,-0.014860527589917183,assist,no
2997,1,0,0.26894141551050293,-1.3808473348617554,-0.380847305059433,assist,no
2998,1,0,0.0017007227087060582,-6.393538951873779,-0.018539126962423325,assist,no
2999,1,0,0.009708474278804592,-4.643458843231201,-0.018458614125847816,assist,no
3000,0,0,0.0005527787431741877,-7.504034996032715,-0.004035188350826502,assist,no
3001,0,0,0.010986941274517948,-4.52114200592041,-0.021141881123185158,assist,no
3002,0,0,0.000709670367398364,-7.259594917297363,-0.0095948725938797,assist,no
3003,0,0,0.005220125069683134,-5.262771129608154,-0.012771009467542171,assist,no
3004,0,0,0.00048785701787808716,-7.630295276641846,-0.005295061506330967,assist,no
3005,0,0,0.0006263340321914147,-7.385022163391113,-0.010021962225437164,assist,no
3006,0,0,0.0019267350555464702,-6.262223720550537,-0.01222392451018095,assist,no
3007,0,0,0.0017007225031464774,-6.395510196685791,-0.020510250702500343,assist,no
3008,0,0,0.0021827167698853724,-6.139132976531982,-0.01413312554359436,assist,no
3009,0,0,0.0008040858488309371,-7.133869171142578,-0.00886906310915947,assist,no
3010,0,0,0.004609572179374208,-5.395041465759277,-0.020041465759277344,assist,no
3011,0,0,0.002182716938240615,-6.13355827331543,-0.008558499626815319,assist,no
3012,0,0,0.000709670394477347,-7.260942459106445,-0.01094245258718729,assist,no
3013,0,0,0.0008040858914818239,-7.138782978057861,-0.013782923109829426,assist,no
3014,0,0,0.0024726233128386523,-6.0144782066345215,-0.014478269964456558,assist,no
3015,0,0,0.0013250225598621006,-6.627932071685791,-0.0029321794863790274,assist,no
3016,0,0,0.0011695100126586841,-6.767826557159424,-0.017826341092586517,assist,no
3017,0,0,0.000430557035230906,-7.759439468383789,-0.009439361281692982,assist,no
3018,0,0,0.0017007227877674422,-6.380166053771973,-0.005166275426745415,assist,no
3019,0,0,0.0017007227340057008,-6.382958889007568,-0.007959078997373581,assist,no
3020,0,0,0.004070137772523869,-5.514652252197266,-0.014652266167104244,assist,no
3021,0,0,0.0015011822734888253,-6.518342971801758,-0.018342982977628708,assist,no
3022,0,0,0.0017007223671609223,-6.3792877197265625,-0.004287693649530411,assist,no
3023,0,0,0.11920291107043361,-2.1638338565826416,-0.16383375227451324,assist,no
3024,0,0,0.0008040858521981123,-7.130686283111572,-0.005686179269105196,assist,no
3025,0,0,0.0010322309791339567,-6.9065470695495605,-0.03154701367020607,assist,no
3026,0,0,0.002182715931151914,-6.13043212890625,-0.005431892815977335,assist,no
3027,0,0,0.01590639512314773,-4.143827438354492,-0.018827656283974648,assist,no
3028,0,0,0.004609572837448555,-5.381374359130859,-0.006374502554535866,assist,no
3029,0,0,0.010986941517397084,-4.518579483032227,-0.018579380586743355,assist,no
3030,0,0,0.00280092661855214,-5.883613109588623,-0.008612984791398048,assist,no
3031,0,0,0.00043055698552986894,-7.759312629699707,-0.009312407113611698,assist,no
3032,0,0,0.03308597969964969,-3.432074546813965,-0.05707458779215813,assist,no
3033,0,0,0.0004305570672960943,-7.76214599609375,-0.012145963497459888,assist,no
3034,0,0,0.00048785702877722167,-7.626801490783691,-0.0018012979999184608,assist,no
3035,0,0,0.0028009276226385973,-5.886006832122803,-0.011007066816091537,assist,no
3036,0,0,0.004070137308176402,-5.515018939971924,-0.01501883938908577,assist,no
3037,0,0,0.0031726822740198485,-5.765266418457031,-0.01526623871177435,assist,no
3038,0,0,0.0007096703870471383,-7.253014087677002,-0.0030140706803649664,assist,no
3039,0,0,0.0009110510714827715,-7.008818626403809,-0.008818491362035275,assist,no
3040,0,0,0.0035936021979208555,-5.633761405944824,-0.008761298842728138,assist,no
3041,0,0,0.06754669395523943,-2.7037367820739746,-0.07873682677745819,assist,no
3042,0,0,0.006692852422624454,-5.007267951965332,-0.007268177345395088,assist,no
3043,0,0,0.008577487266965358,-4.767439842224121,-0.017440060153603554,assist,no
3044,0,0,0.00033535020914451875,-8.008246421813965,-0.008246656507253647,assist,no
3045,0,0,0.0010322311375913372,-6.887547969818115,-0.012548067606985569,assist,no
3046,0,0,0.004609571743506835,-5.399124622344971,-0.024124527350068092,assist,no
3047,0,0,0.0031726830427735208,-5.7591400146484375,-0.009140077978372574,assist,no
3048,0,0,0.0004878572045257975,-7.633647918701172,-0.008648086339235306,assist,no
3049,0,0,0.0009110511638831027,-7.025084018707275,-0.025083985179662704,assist,no
3050,0,0,0.00037998453951462323,-7.891686916351318,-0.016686981543898582,assist,no
3051,0,0,0.09534946425643774,-2.3630282878875732,-0.11302828043699265,assist,no
3052,0,0,0.04208772476162661,-3.175245761871338,-0.05024568364024162,assist,no
3053,0,0,0.0004305571406452214,-7.777210235595703,-0.027210373431444168,assist,no
3054,0,0,0.00317268257150688,-5.7929840087890625,-0.042983923107385635,assist,no
3055,0,0,0.0007096703812680869,-7.2598371505737305,-0.009837125428020954,assist,no
3056,0,0,0.01798621295593302,-4.0207390785217285,-0.020739248022437096,assist,no
3057,0,0,0.004070137051464004,-5.515917778015137,-0.015917614102363586,assist,no
3058,0,0,0.0015011825778138389,-6.510680675506592,-0.010680889710783958,assist,no
3059,0,0,0.0021827168510204276,-6.137588024139404,-0.01258821040391922,assist,no
3060,0,0,0.005220125741920824,-5.260373592376709,-0.01037360168993473,assist,no
3061,0,0,0.0052201245328602945,-5.269309043884277,-0.019308820366859436,assist,no
3062,0,0,0.00023050675289937645,-8.380727767944336,-0.005727902054786682,assist,no
3063,0,0,0.0009110513175304634,-7.002175331115723,-0.002175466390326619,assist,no
3064,0,0,0.10669058826486906,-2.27258038520813,-0.1475803256034851,assist,no
3065,0,0,0.001325022313692558,-6.64780330657959,-0.022803228348493576,assist,no
3066,0,0,0.0006263341152623183,-7.380659103393555,-0.005659034941345453,assist,no
3067,0,0,0.2942149845400438,-1.2800755500793457,-0.4050756096839905,assist,no
3068,0,0,0.001501182583397785,-6.522836685180664,-0.022836903110146523,assist,no
3069,0,0,0.14804719991116141,-1.940719485282898,-0.19071950018405914,assist,no
3070,0,0,0.00669285026798745,-5.024531364440918,-0.02453126572072506,assist,no
3071,0,0,0.00037998453314705655,-7.885404109954834,-0.010404158383607864,assist,no
3072,0,0,0.00015843628888510608,-8.760181427001953,-0.010181867517530918,assist,no
3073,0,0,0.005220125224442882,-5.259425163269043,-0.009425072930753231,assist,no
3074,0,0,0.0006263341572349894,-7.38179349899292,-0.00679349759593606,assist,no
3075,0,0,0.0010322309003854494,-6.900064468383789,-0.025064336135983467,assist,no
3076,0,0,0.00017952800512082578,-8.629585266113281,-0.004585465416312218,assist,no
3077,0,0,0.015906388621205934,-4.158022880554199,-0.0330226831138134,assist,no
3078,0,0,0.0008040859872592623,-7.132108688354492,-0.007108752615749836,assist,no
3079,0,0,0.0017007226707565954,-6.416345119476318,-0.041345272213220596,assist,no
3080,0,0,0.0004878570805481134,-7.63331413269043,-0.008314046077430248,assist,no
3081,0,0,0.0004878570321832012,-7.631064414978027,-0.006064229179173708,assist,no
3082,0,0,0.1329642264548166,-2.0283937454223633,-0.15339362621307373,assist,no
3083,0,0,0.0021827161410887955,-6.135546684265137,-0.010546544566750526,assist,no
3084,0,0,0.0017007227972548082,-6.391705513000488,-0.016705740243196487,assist,no
3085,0,0,0.003593601789410847,-5.629948139190674,-0.004947918001562357,assist,no
3086,0,0,0.0021827165467639856,-6.136194705963135,-0.011194752529263496,assist,no
3087,0,0,0.020332355717182622,-3.897846221923828,-0.022846341133117676,assist,no
3088,0,0,0.0046095720447681034,-5.38271427154541,-0.007714242208749056,assist,no
3089,0,0,0.00460957306820192,-5.393429279327393,-0.018429473042488098,assist,no
3090,0,0,0.0008040861107223832,-7.135039329528809,-0.010039547458291054,assist,no
3091,0,0,0.000552778658533887,-7.508580207824707,-0.008580246940255165,assist,no
3092,0,0,0.13296425222296632,-2.061988353729248,-0.1869884580373764,assist,no
3093,0,0,0.0024726225823558947,-6.012991428375244,-0.012991195544600487,assist,no
3094,0,0,0.0015011825882837373,-6.506114482879639,-0.006114704068750143,assist,no
3095,0,0,0.0003353501223489035,-8.004633903503418,-0.004633879289031029,assist,no
3096,0,0,0.0021827160842942746,-6.1364336013793945,-0.01143343560397625,assist,no
3097,0,0,0.002472623220954017,-6.012675762176514,-0.012675788253545761,assist,no
3098,0,0,0.0009110512274613176,-7.005337238311768,-0.005337274633347988,assist,no
3099,0,0,0.007577239720113026,-4.890574932098389,-0.015574726276099682,assist,no
3100,0,0,0.03732689082456911,-3.3059685230255127,-0.055968619883060455,assist,no
3101,0,0,0.09534947261117097,-2.4076032638549805,-0.15760335326194763,assist,no
3102,0,0,0.008577483766375987,-4.76373291015625,-0.01373271644115448,assist,no
3103,0,0,0.002472623220954017,-6.017572402954102,-0.01757242903113365,assist,no
3104,0,0,0.0021827159565066087,-6.137441158294678,-0.012440933845937252,assist,no
3105,0,0,0.0003799844915809989,-7.881535053253174,-0.006534992251545191,assist,no
3106,0,0,0.0040701371156421015,-5.511369705200195,-0.011369557119905949,assist,no
3107,0,0,0.0021827169078149676,-6.132881164550781,-0.007881376892328262,assist,no
3108,0,0,0.03732689109229525,-3.3279783725738525,-0.0779784768819809,assist,no
3109,0,0,0.0017007220698902112,-6.384830951690674,-0.009830750524997711,assist,no
3110,0,0,0.0010322312341062992,-6.88054895401001,-0.005549145396798849,assist,no
3111,0,0,0.020332354492818717,-3.8992059230804443,-0.024205980822443962,assist,no
3112,0,0,0.0008040860710645301,-7.137361526489258,-0.012361695058643818,assist,no
3113,0,0,0.0004305570532675741,-7.759695529937744,-0.009695464745163918,assist,no
3114,0,0,0.00048785700834134483,-7.65570068359375,-0.030700448900461197,assist,no
3115,0,0,0.00669285057756169,-5.029675483703613,-0.029675431549549103,assist,no
3116,0,0,0.001032230984415869,-6.8816237449646,-0.006623694207519293,assist,no
3117,0,0,0.0004878570092496061,-7.634452819824219,-0.009452586993575096,assist,no
3118,0,0,0.010986942003155366,-4.523862838745117,-0.02386278100311756,assist,no
3119,0,0,0.00103223081683521,-6.8839874267578125,-0.008987213484942913,assist,no
3120,0,0,0.00048785716910359876,-7.634715557098389,-0.009715652093291283,assist,no
3121,0,0,0.0009110511791418739,-7.0159010887146,-0.015901071950793266,assist,no
3122,0,0,0.004609572957098447,-5.385595798492432,-0.01059596799314022,assist,no
3123,0,0,0.0024726229774597493,-6.02682638168335,-0.02682630904018879,assist,no
3124,0,0,0.0003353500062051657,-8.019095420837402,-0.019095050171017647,assist,no
3125,0,0,0.0009110511325178516,-7.004892826080322,-0.004892758093774319,assist,no
3126,0,0,0.000295957242470489,-8.136799812316895,-0.011800248175859451,assist,no
3127,0,0,0.017986212528241355,-4.042081356048584,-0.042081501334905624,assist,no
3128,0,0,0.0031726835081493966,-5.780666828155518,-0.03066703863441944,assist,no
3129,0,0,0.09534946425643774,-2.362041473388672,-0.11204146593809128,assist,no
3130,0,0,0.0011695102541763398,-6.76450777053833,-0.014507761225104332,assist,no
3131,0,0,0.00359360194114313,-5.641996383666992,-0.01699620485305786,assist,no
3132,0,0,0.005220125974060477,-5.266059398651123,-0.016059452667832375,assist,no
3133,0,0,0.0008040860104553625,-7.1301679611206055,-0.00516805425286293,assist,no
3134,0,0,0.0066928516610716415,-5.011857509613037,-0.011857620440423489,assist,no
3135,0,0,0.0373268852023206,-3.2927629947662354,-0.042762935161590576,assist,no
3136,0,0,0.029312234037225486,-3.5340170860290527,-0.03401720151305199,assist,no
3137,0,0,0.0009110511291270135,-7.012457370758057,-0.012457299046218395,assist,no
3138,0,0,0.0031726830162647703,-5.758674621582031,-0.008674676530063152,assist,no
3139,0,0,0.0001398220365869602,-8.893778800964355,-0.018778521567583084,assist,no
3140,0,0,0.0021827165366221047,-6.132887840270996,-0.007887882180511951,assist,no
3141,0,0,0.0013250221306829399,-6.631997108459473,-0.006996891926974058,assist,no
3142,0,0,0.0011695101290658365,-6.764580249786377,-0.014580133371055126,assist,no
3143,0,0,0.0035936031516668526,-5.636290073394775,-0.01129023265093565,assist,no
3144,0,0,0.002800926543115607,-5.880919933319092,-0.0059197815135121346,assist,no
3145,0,0,0.005220125069683134,-5.263779163360596,-0.013779043219983578,assist,no
3146,0,0,0.0007096704981700481,-7.253546714782715,-0.003546854481101036,assist,no
3147,0,0,0.003172682091404061,-5.760477066040039,-0.010476828552782536,assist,no
3148,0,0,0.0008040859483496765,-7.138751983642578,-0.013751999475061893,assist,no
3149,0,0,0.0004305570650916126,-7.7574968338012695,-0.007496796082705259,assist,no
3150,0,0,0.00037998460389780344,-7.8841471672058105,-0.00914740189909935,assist,no
3151,0,0,0.0011695100006915943,-6.7601189613342285,-0.010118735022842884,assist,no
3152,0,0,0.03308597803117354,-3.411283254623413,-0.03628324344754219,assist,no
3153,0,0,0.0066928493702222355,-5.010431289672852,-0.010431055910885334,assist,no
3154,0,0,0.005220125069683134,-5.264901638031006,-0.014901517890393734,assist,no
3155,0,0,0.005911067947797117,-5.140835285186768,-0.015835130587220192,assist,no
3156,0,0,0.017986210027890265,-4.061978816986084,-0.06197882071137428,assist,no
3157,0,0,0.007577241309881117,-4.902923107147217,-0.027923112735152245,assist,no
3158,0,0,0.004609572816082505,-5.386571884155273,-0.011572022922337055,assist,no
3159,0,0,0.0005527787629836218,-7.508654594421387,-0.0086548225954175,assist,no
3160,0,0,0.0011695102498246702,-6.757493495941162,-0.007493482902646065,assist,no
3161,0,0,0.004609572222106307,-5.384514808654785,-0.009514817968010902,assist,no
3162,0,0,0.0024726235999781602,-6.00521993637085,-0.00522011611610651,assist,no
3163,0,0,0.0015011822050855052,-6.507791519165039,-0.007791484706103802,assist,no
3164,0,0,0.0001398220725224992,-8.879396438598633,-0.004396416246891022,assist,no
3165,0,0,0.00043055699915757207,-7.758523941040039,-0.008523750118911266,assist,no
3166,0,0,0.0007096704291516562,-7.256296634674072,-0.006296677049249411,assist,no
3167,0,0,0.0017007223671609223,-6.39353084564209,-0.018530819565057755,assist,no
3168,0,0,0.0008040858473344148,-7.143024921417236,-0.018024811521172523,assist,no
3169,0,0,0.007577242290354993,-4.898294925689697,-0.02329506166279316,assist,no
3170,0,0,0.004070136885355989,-5.516149044036865,-0.01614883914589882,assist,no
3171,0,0,0.0015011819761438028,-6.50788688659668,-0.00788669940084219,assist,no
3172,0,0,0.0002959571542944747,-8.131467819213867,-0.006467957049608231,assist,no
3173,0,0,0.0008040859827696945,-7.1337151527404785,-0.008715211413800716,assist,no
3174,0,0,0.005911068270678751,-5.136561870574951,-0.011561770923435688,assist,no
3175,0,0,0.002182716583274756,-6.137465476989746,-0.012465540319681168,assist,no
3176,0,0,0.0021827163966641563,-6.143959045410156,-0.01895902305841446,assist,no
3177,0,0,0.015906393402902782,-4.144168853759766,-0.01916896179318428,assist,no
3178,0,0,0.006692849927455804,-5.008913993835449,-0.008913843892514706,assist,no
3179,0,0,0.0019267350904700832,-6.25686502456665,-0.006865246687084436,assist,no
3180,0,0,0.0019267348764510292,-6.259441375732422,-0.009441486559808254,assist,no
3181,0,0,0.0019267345648250004,-6.262597560882568,-0.012597509659826756,assist,no
3182,0,0,0.0009110510418129423,-7.0063300132751465,-0.006329845637083054,assist,no
3183,0,0,0.020332354492818717,-3.8973851203918457,-0.02238517813384533,assist,no
3184,0,0,0.002472622785650603,-6.006745338439941,-0.006745188031345606,assist,no
3185,0,0,0.001700722326049012,-6.393346309661865,-0.018346259370446205,assist,no
3186,0,0,0.007577240903684833,-4.898338317871094,-0.02333826944231987,assist,no
3187,0,0,0.009708476759046271,-4.64022159576416,-0.01522162463515997,assist,no
3188,0,0,0.0011695105076611402,-6.753818988800049,-0.0038191964849829674,assist,no
3189,0,0,0.002182716181656311,-6.1345906257629395,-0.009590504691004753,assist,no
3190,0,0,0.0009110512219512056,-7.005248546600342,-0.005248576868325472,assist,no
3191,0,0,0.007577242150287289,-4.90290641784668,-0.02790653519332409,assist,no
3192,0,0,0.004070137330827497,-5.510808944702148,-0.010808849707245827,assist,no
3193,0,0,0.025957358940286904,-3.6524665355682373,-0.027466604486107826,assist,no
3194,0,0,0.001325022128218164,-6.630273342132568,-0.005273123737424612,assist,no
3195,0,0,0.014063628747836966,-4.277515888214111,-0.027516011148691177,assist,no
3196,0,0,0.00013982207317350543,-8.880073547363281,-0.005073529668152332,assist,no
3197,0,0,0.005911068445801002,-5.135324001312256,-0.010323931463062763,assist,no
3198,0,0,0.003593602227933838,-5.632504940032959,-0.007504841312766075,assist,no
3199,0,0,0.017986212791436227,-4.04162073135376,-0.0416208915412426,assist,no
3200,0,0,0.0007096703462635487,-7.252216815948486,-0.002216741442680359,assist,no
3201,0,0,0.053403329423186846,-2.937570810317993,-0.06257080286741257,assist,no
3202,0,0,0.0010322309119096206,-6.885025978088379,-0.010025857016444206,assist,no
3203,0,0,0.0004878570996216012,-7.640187740325928,-0.015187692828476429,assist,no
3204,0,0,0.0008040860078364477,-7.127684116363525,-0.002684206236153841,assist,no
3205,0,0,0.0017007225197493657,-6.380264759063721,-0.005264822859317064,assist,no
3206,0,0,0.0007096704133005432,-7.255558490753174,-0.005558510776609182,assist,no
3207,0,0,0.00970847864832826,-4.644703388214111,-0.019703613594174385,assist,no
3208,0,0,0.0013250225996066243,-6.639464855194092,-0.01446499302983284,assist,no
3209,0,1,0.9149009526726544,-0.14986804127693176,-2.5248680114746094,assist,yes
3210,0,0,0.0024726230027280215,-6.010437488555908,-0.010437426157295704,assist,no
3211,0,0,0.0028009270139436556,-5.882815361022949,-0.007815377786755562,assist,no
3212,0,0,0.0008040859801507802,-7.128293037414551,-0.003293092828243971,assist,no
3213,0,0,0.000911051080807575,-7.0222930908203125,-0.0222929660230875,assist,no
3214,0,0,0.04208773212094217,-3.1738693714141846,-0.04886947572231293,assist,no
3215,0,0,0.0024726237056455075,-6.01187801361084,-0.011878236196935177,assist,no
3216,0,0,0.0675466845698721,-2.7233998775482178,-0.09839977324008942,assist,no
3217,0,0,0.0017007220880743224,-6.379566669464111,-0.004566479008644819,assist,no
3218,0,0,0.002472623294461725,-6.017969608306885,-0.017969664186239243,assist,no
3219,0,0,0.0031726834904768943,-5.761617183685303,-0.01161738857626915,assist,no
3220,0,0,0.00460957238876149,-5.384902000427246,-0.00990204606205225,assist,no
3221,0,0,0.0003799844383410763,-7.888330936431885,-0.013330735266208649,assist,no
3222,0,0,0.002182716184698874,-6.128873348236084,-0.0038732285611331463,assist,no
3223,0,0,0.13296424019782924,-2.0353312492370605,-0.16033124923706055,assist,no
3224,0,0,0.002472623726319554,-6.008246898651123,-0.008247129619121552,assist,no
3225,0,0,0.00037998459222392933,-7.885434627532959,-0.010434831492602825,assist,no
3226,0,0,0.00013982209009966837,-8.87993049621582,-0.004930599592626095,assist,no
3227,0,0,0.0002959571895648773,-8.134105682373047,-0.009105939418077469,assist,no
3228,0,0,0.00017952797837387304,-8.646178245544434,-0.021178295835852623,assist,no
3229,0,0,0.00037998459045516055,-7.8904571533203125,-0.015457352623343468,assist,no
3230,0,0,0.008577486189860784,-4.763546943664551,-0.013547034934163094,assist,no
3231,0,0,0.001325022395030174,-6.633503437042236,-0.008503420278429985,assist,no
3232,0,0,0.0009110513537700514,-7.005803108215332,-0.005803283303976059,assist,no
3233,0,0,0.0002959569889645186,-8.1397705078125,-0.014770086854696274,assist,no
3234,0,0,0.0017007220983522983,-6.388285160064697,-0.013284975662827492,assist,no
3235,0,0,0.0008040860766764903,-7.127264499664307,-0.0022646752186119556,assist,no
3236,0,0,0.01590639448170044,-4.145079612731934,-0.02007978968322277,assist,no
3237,0,0,0.0008040859999797041,-7.144548416137695,-0.01954849623143673,assist,no
3238,0,0,0.007577242822612295,-4.892174243927002,-0.017174450680613518,assist,no
3239,0,0,0.0006263340980651829,-7.38715124130249,-0.012151145376265049,assist,no
3240,0,0,0.0019267350842017427,-6.263814449310303,-0.013814668171107769,assist,no
3241,0,0,0.0031726829603018532,-5.759549140930176,-0.009549178183078766,assist,no
3242,0,0,0.0003353500318067389,-8.008224487304688,-0.008224193006753922,assist,no
3243,0,0,0.022977368488305953,-3.7863717079162598,-0.03637164458632469,assist,no
3244,0,0,0.0015011822204413522,-6.511868953704834,-0.011868929490447044,assist,no
3245,0,0,0.005911068856243796,-5.150676250457764,-0.025676250457763672,assist,no
3246,0,0,0.0021827159281093507,-6.1341471672058105,-0.00914692971855402,assist,no
3247,0,0,0.0003353500492907412,-8.00571060180664,-0.005710359662771225,assist,no
3248,0,0,0.0011695103550806907,-6.753564357757568,-0.003564434824511409,assist,no
3249,0,0,0.0009110514012417947,-7.0198822021484375,-0.019882429391145706,assist,no
3250,0,1,0.5312093733737563,-0.6763410568237305,-0.8013410568237305,assist,yes
3251,0,0,0.009708476374026765,-4.644679546356201,-0.019679535180330276,assist,no
3252,0,0,0.002182716283075103,-6.139115333557129,-0.014115259051322937,assist,no
3253,0,0,0.0011695101714946144,-6.7659125328063965,-0.015912452712655067,assist,no
3254,0,0,0.00043055705447001864,-7.765266418457031,-0.01526635605841875,assist,no
3255,0,0,0.006692850305136358,-5.020436763763428,-0.020436670631170273,assist,no
3256,0,0,0.10669060104662924,-2.2633702754974365,-0.1383703500032425,assist,no
3257,0,0,0.00591106912987234,-5.134708404541016,-0.009708451107144356,assist,no
3258,0,0,0.0013250226371944694,-6.6309661865234375,-0.005966352764517069,assist,no
3259,0,0,0.0011695100213620223,-6.766207695007324,-0.016207486391067505,assist,no
3260,0,0,0.0019267349355525226,-6.259928226470947,-0.009928368031978607,assist,no
3261,0,0,0.001501182318160383,-6.510551929473877,-0.010551970452070236,assist,no
3262,0,0,0.0035936020745341545,-5.636041164398193,-0.011041022837162018,assist,no
3263,0,0,0.008577484732601871,-4.765852928161621,-0.015852848067879677,assist,no
3264,0,0,0.0005527786086244147,-7.511940956115723,-0.011940904892981052,assist,no
3265,0,0,0.0066928502927533886,-5.018956661224365,-0.018956566229462624,assist,no
3266,0,0,0.0015011823069924935,-6.507029056549072,-0.007029090076684952,assist,no
3267,0,0,0.00407013714584356,-5.510813236236572,-0.010813095606863499,assist,no
3268,0,0,0.004609572358849021,-5.386363506317139,-0.011363545432686806,assist,no
3269,0,0,0.0013250225466139263,-6.63023567199707,-0.005235769785940647,assist,no
3270,0,0,0.00037998460000651207,-7.8854780197143555,-0.010478244163095951,assist,no
3271,0,0,0.0007096705140211628,-7.254721164703369,-0.004721326753497124,assist,no
3272,0,0,0.002182716853048804,-6.131605625152588,-0.006605812348425388,assist,no
3273,0,0,0.00043055711659632594,-7.758322238922119,-0.008322320878505707,assist,no
3274,0,0,0.004070137557338452,-5.526217460632324,-0.026217421516776085,assist,no
3275,0,0,0.0035936033750968957,-5.648306369781494,-0.0233065914362669,assist,no
3276,0,0,0.0035936029482454826,-5.635003566741943,-0.010003669187426567,assist,no
3277,0,0,0.010986944017028478,-4.5149245262146,-0.014924653805792332,assist,no
3278,0,0,0.022977371457191226,-3.780017614364624,-0.030017683282494545,assist,no
3279,0,0,0.0015011820920106356,-6.5259222984313965,-0.02592218853533268,assist,no
3280,0,0,0.004070138078313694,-5.526163101196289,-0.026163190603256226,assist,no
3281,0,0,0.0024726227500453143,-6.00912618637085,-0.009126021526753902,assist,no
3282,0,0,0.012431652682617146,-4.3932061195373535,-0.018206268548965454,assist,no
3283,0,0,0.015906394365073663,-4.147600173950195,-0.022600343450903893,assist,no
3284,0,0,0.0015011825359342464,-6.515141010284424,-0.015141196548938751,assist,no
3285,0,0,0.0005527786214876804,-7.512165069580078,-0.012165041640400887,assist,no
3286,0,0,0.0008040860373927696,-7.134809494018555,-0.009809620678424835,assist,no
3287,0,0,0.020332355494570995,-3.9085559844970703,-0.03355609253048897,assist,no
3288,0,0,0.1645164608483867,-1.8232735395431519,-0.19827352464199066,assist,no
3289,0,0,0.029312233295254994,-3.569822311401367,-0.06982240080833435,assist,no
3290,0,0,0.033085974694221476,-3.424830675125122,-0.04983055964112282,assist,no
3291,0,0,0.005911070060209488,-5.14942741394043,-0.024427618831396103,assist,no
3292,0,0,0.006692851592965296,-5.009174823760986,-0.009174924343824387,assist,no
3293,0,0,0.0009110513893738587,-7.015721797943115,-0.015722012147307396,assist,no
3294,0,0,0.0021827167942258885,-6.132842540740967,-0.00784270092844963,assist,no
3295,0,0,0.010986943986668577,-4.529077529907227,-0.02907765470445156,assist,no
3296,0,0,0.006692850348476751,-5.01546049118042,-0.015460404567420483,assist,no
3297,0,0,0.0010322311625603814,-6.883100509643555,-0.008100631646811962,assist,no
3298,0,0,0.0035936019511474565,-5.635903835296631,-0.010903659276664257,assist,no
3299,0,0,0.014063625028728518,-4.2824625968933105,-0.03246245160698891,assist,no
3300,0,0,0.0013250223494318128,-6.632854461669922,-0.007854410447180271,assist,no
3301,0,0,0.005220125316331485,-5.259397983551025,-0.00939791090786457,assist,no
3302,0,0,0.04208772611333754,-3.1767466068267822,-0.051746562123298645,assist,no
3303,0,0,0.003593602511389792,-5.631287574768066,-0.006287555210292339,assist,no
3304,0,0,0.002182716201940069,-6.130092144012451,-0.005092032253742218,assist,no
3305,0,0,0.00013982211194093165,-8.878079414367676,-0.0030796739738434553,assist,no
3306,0,0,0.0021827164068060362,-6.137576103210449,-0.012576085515320301,assist,no
3307,0,0,0.002182715990988994,-6.1311845779418945,-0.006184369325637817,assist,no
3308,0,0,0.003593602067864603,-5.640616416931152,-0.015616273507475853,assist,no
3309,0,0,0.0046095728118092935,-5.419616222381592,-0.04461636021733284,assist,no
3310,0,0,6.605211705132452e-05,-9.639641761779785,-0.01464134082198143,assist,no
3311,0,0,0.015906389670846583,-4.165116310119629,-0.04011617973446846,assist,no
3312,0,0,0.0017007223497674216,-6.38487434387207,-0.009874307550489902,assist,no
3313,0,0,0.012431651859373016,-4.410537242889404,-0.03553732484579086,assist,no
3314,0,0,0.02595735945832451,-3.659374237060547,-0.03437432646751404,assist,no
3315,0,0,0.002182716627899032,-6.135457515716553,-0.01045759953558445,assist,no
3316,0,0,0.0008040860039080759,-7.1280975341796875,-0.0030976191628724337,assist,no
3317,0,0,0.005911068478636425,-5.135369300842285,-0.010369236581027508,assist,no
3318,0,0,0.0028009263532236543,-5.895064353942871,-0.020064134150743484,assist,no
3319,0,0,0.002182716128918541,-6.139187335968018,-0.014187190681695938,assist,no
3320,0,0,0.005911068079138798,-5.132153034210205,-0.007152901962399483,assist,no
3321,0,0,0.0013250223334107674,-6.62915563583374,-0.0041555725038051605,assist,no
3322,0,0,0.0008040858368587588,-7.135931491851807,-0.010931368917226791,assist,no
3323,0,0,0.002182716307415614,-6.134459972381592,-0.009459909051656723,assist,no
3324,0,0,0.010986944047388376,-4.525519371032715,-0.02551950141787529,assist,no
3325,0,0,0.0010322308384430297,-6.878437519073486,-0.00343732675537467,assist,no
3326,0,0,0.0001584362136438476,-8.764647483825684,-0.014647449366748333,assist,no
3327,0,0,0.0013250226747823157,-6.637727737426758,-0.012727932073175907,assist,no
3328,0,0,8.481102640151281e-05,-9.387822151184082,-0.012821970507502556,assist,no
3329,0,0,0.0019267347475023214,-6.2636895179748535,-0.013689561747014523,assist,no
3330,0,0,0.007577240525502107,-4.898370742797852,-0.023370644077658653,assist,no
3331,0,0,0.00023050671061792863,-8.386506080627441,-0.011506031267344952,assist,no
3332,0,0,0.0024726231152866905,-6.011737823486328,-0.011737806722521782,assist,no
3333,0,0,0.0008040860897710644,-7.139029026031494,-0.014029217883944511,assist,no
3334,0,0,0.0031726822858015127,-5.765320301055908,-0.0153201250359416,assist,no
3335,0,0,0.0019267344412491757,-6.273771286010742,-0.023771170526742935,assist,no
3336,0,0,0.0009110512918872468,-7.011050701141357,-0.011050808243453503,assist,no
3337,0,0,0.0002959569779425248,-8.135327339172363,-0.01032688096165657,assist,no
3338,0,0,8.4811020951912e-05,-9.383964538574219,-0.008964293636381626,assist,no
3339,0,0,0.004609571982806564,-5.3860321044921875,-0.011032061651349068,assist,no
3340,0,0,0.0006263340117880366,-7.385799884796143,-0.01079965103417635,assist,no
3341,0,0,0.003172682332928169,-5.758422374725342,-0.008422213606536388,assist,no
3342,0,0,0.0013250227179159113,-6.633460521697998,-0.008460748940706253,assist,no
3343,0,0,0.0009110512300044464,-7.0141072273254395,-0.014107266440987587,assist,no
3344,0,0,0.0005527787439459839,-7.508575916290283,-0.008576110005378723,assist,no
3345,0,0,0.00023050672810999878,-8.380725860595703,-0.0057258871383965015,assist,no
3346,0,0,0.009708475541310206,-4.638578414916992,-0.013578317128121853,assist,no
3347,0,0,0.0024726233656723194,-6.009753227233887,-0.009753311984241009,assist,no
3348,0,0,0.005220126148165224,-5.260933876037598,-0.01093396358191967,assist,no
3349,0,0,0.0021827162201954516,-6.135373115539551,-0.010373012162744999,assist,no
3350,0,0,0.0035936030749669904,-5.633272647857666,-0.008272785693407059,assist,no
3351,0,0,0.0004305571625898398,-7.75277853012085,-0.0027787189465016127,assist,no
3352,0,0,0.00460957275625756,-5.389159679412842,-0.01415980514138937,assist,no
3353,0,0,0.0008040860703162687,-7.144537925720215,-0.019538093358278275,assist,no
3354,0,0,0.0046095725084113704,-5.383955478668213,-0.008955550380051136,assist,no
3355,0,0,0.0006263342519649872,-7.382690906524658,-0.007691056467592716,assist,no
3356,0,0,0.0007096702597429048,-7.257078647613525,-0.007078451104462147,assist,no
3357,0,0,0.009708477914104884,-4.660499095916748,-0.035499244928359985,assist,no
3358,0,0,0.0019267350215183352,-6.26399564743042,-0.013995833694934845,assist,no
3359,0,0,0.009708477609670817,-4.638055324554443,-0.013055441901087761,assist,no
3360,0,0,0.0474258688018665,-3.0727689266204834,-0.07276882976293564,assist,no
3361,0,0,0.0021827160274997554,-6.146273136138916,-0.021272944286465645,assist,no
3362,0,0,0.00033535011524602593,-8.003323554992676,-0.0033235095907002687,assist,no
3363,0,0,0.007577240644559629,-4.883384704589844,-0.00838462170213461,assist,no
3364,0,0,0.022977369240981062,-3.8178517818450928,-0.06785175204277039,assist,no
3365,0,0,0.009708474619054318,-4.657923221588135,-0.032923027873039246,assist,no
3366,0,0,0.0035936020878732573,-5.635365009307861,-0.010364871472120285,assist,no
3367,0,0,0.0008040859401188029,-7.142370700836182,-0.01737070642411709,assist,no
3368,0,0,0.00150118207665479,-6.51468563079834,-0.014685510657727718,assist,no
3369,0,0,0.060086655644158424,-2.828293800354004,-0.07829389721155167,assist,no
3370,0,0,0.04742587637519415,-3.0543482303619385,-0.05434830114245415,assist,no
3371,0,0,0.0009110513317296001,-7.012543678283691,-0.012543829157948494,assist,no
3372,0,0,0.00037998450130922475,-7.880169868469238,-0.005169833078980446,assist,no
3373,0,0,0.0008040859401188029,-7.132907390594482,-0.00790739618241787,assist,no
3374,0,0,0.0021827169280987328,-6.1428680419921875,-0.01786826364696026,assist,no
3375,0,0,0.0035936029682541414,-5.641011714935303,-0.01601182296872139,assist,no
3376,0,0,0.0031726834757498084,-5.758901119232178,-0.008901319466531277,assist,no
3377,0,0,0.0019267348254088314,-6.255631923675537,-0.005632007960230112,assist,no
3378,0,0,0.0850990438468576,-2.4732189178466797,-0.0982189029455185,assist,no
3379,0,0,0.00012339456690866013,-9.0147066116333,-0.014706538058817387,assist,no
3380,0,0,0.0003353499795108445,-8.00580883026123,-0.005808379966765642,assist,no
3381,0,0,0.0017007224881248166,-6.382421970367432,-0.0074220155365765095,assist,no
3382,0,0,0.022977369826395047,-3.775078058242798,-0.025078054517507553,assist,no
3383,0,0,0.00010889689643800302,-9.143587112426758,-0.018586987629532814,assist,no
3384,0,0,0.010986941355477658,-4.5248894691467285,-0.024889351800084114,assist,no
3385,0,0,0.0015011825331422734,-6.511730670928955,-0.011730855330824852,assist,no
3386,0,0,0.0013250225275119076,-6.632606506347656,-0.007606589701026678,assist,no
3387,0,0,0.0013250224751354066,-6.636620998382568,-0.011621042154729366,assist,no
3388,0,0,0.0011695101170987455,-6.766011714935303,-0.016011588275432587,assist,no
3389,0,0,0.0007096704948677324,-7.258774280548096,-0.008774415589869022,assist,no
3390,0,0,0.0035936024480290474,-5.642112731933594,-0.017112694680690765,assist,no
3391,0,0,0.00037998443161975777,-7.880870819091797,-0.00587060023099184,assist,no
3392,0,0,0.0021827163520398846,-6.14020299911499,-0.015202956274151802,assist,no
3393,0,0,0.006692850732348815,-5.009032726287842,-0.009032697416841984,assist,no
3394,0,0,0.008577485920584663,-4.787505626678467,-0.03750568628311157,assist,no
3395,0,0,0.0028009264806853743,-5.888266563415527,-0.01326638925820589,assist,no
3396,0,0,0.005220126065949093,-5.25971794128418,-0.009718012996017933,assist,no
3397,0,0,0.007577242136280519,-4.904752731323242,-0.02975284680724144,assist,no
3398,0,0,0.0013250223654528584,-6.633294105529785,-0.008294066414237022,assist,no
3399,0,0,0.015906388387952466,-4.143887996673584,-0.018887784332036972,assist,no
3400,0,0,0.025957356255910384,-3.6637022495269775,-0.038702212274074554,assist,no
3401,0,0,0.03732688426527926,-3.299626588821411,-0.04962650313973427,assist,no
3402,0,0,0.010986942185314727,-4.518683910369873,-0.018683869391679764,assist,no
3403,0,0,0.0031726821650394574,-5.761499881744385,-0.011499667540192604,assist,no
3404,0,0,0.0024726234506656126,-6.007443904876709,-0.007444024085998535,assist,no
3405,0,0,0.02931223234129297,-3.5384268760681152,-0.03842693194746971,assist,no
3406,0,0,0.02595735898738123,-3.6861705780029297,-0.06117064878344536,assist,no
3407,0,0,0.0031726830354099787,-5.757687091827393,-0.0076871528290212154,assist,no
3408,0,0,0.0004878572079317783,-7.629743576049805,-0.004743750672787428,assist,no
3409,0,0,0.0017007224920778854,-6.388427257537842,-0.013427305035293102,assist,no
3410,0,0,0.0011695103548087112,-6.7561187744140625,-0.006118851248174906,assist,no
3411,0,0,0.015906390137353562,-4.162400722503662,-0.03740062192082405,assist,no
3412,0,0,0.0007096702868218837,-7.272278785705566,-0.02227862738072872,assist,no
3413,0,0,0.006692849537392301,-5.0428619384765625,-0.042861729860305786,assist,no
3414,0,0,0.001325022588515129,-6.635441780090332,-0.010441909544169903,assist,no
3415,0,0,0.008577486791772148,-4.767238616943359,-0.017238778993487358,assist,no
3416,0,0,0.0010322311654414249,-6.878483295440674,-0.0034834202378988266,assist,no
3417,0,0,0.0006263342012480021,-7.3921685218811035,-0.017168590798974037,assist,no
3418,0,0,0.0007096704823189335,-7.265832901000977,-0.015833018347620964,assist,no
3419,0,0,0.009708474735455544,-4.636681079864502,-0.011680898256599903,assist,no
3420,0,0,0.0024726230302934095,-6.009008884429932,-0.009008833207190037,assist,no
3421,0,0,0.029312230009385914,-3.548398494720459,-0.048398468643426895,assist,no
3422,0,0,0.00048785717546142915,-7.633572101593018,-0.008572209626436234,assist,no
3423,0,0,0.06008664638698042,-2.81469464302063,-0.06469457596540451,assist,no
3424,0,0,0.00037998451652063284,-7.878006935119629,-0.0030069397762417793,assist,no
3425,0,0,0.000626334167145204,-7.381263256072998,-0.006263270508497953,assist,no
3426,0,0,0.0015011825205783957,-6.508633136749268,-0.00863331276923418,assist,no
3427,0,0,0.002800927531594474,-5.885988235473633,-0.010988437570631504,assist,no
3428,0,0,0.00150118259316969,-6.504527568817139,-0.004527793265879154,assist,no
3429,0,0,0.0011695104619685972,-6.761362552642822,-0.011362721212208271,assist,no
3430,0,0,0.00043055709855965515,-7.7649383544921875,-0.014938394539058208,assist,no
3431,0,0,0.005911068604505545,-5.146310329437256,-0.021310286596417427,assist,no
3432,0,0,0.012431651241939954,-4.396477699279785,-0.021477730944752693,assist,no
3433,0,0,0.0059110695567328965,-5.148351192474365,-0.023351311683654785,assist,no
3434,0,0,0.001926734804812857,-6.261192321777344,-0.011192395351827145,assist,no
3435,0,0,0.0019267348907786633,-6.259185791015625,-0.009185909293591976,assist,no
3436,0,0,0.012431648817943782,-4.404228687286377,-0.02922852151095867,assist,no
3437,0,0,0.001032230977693435,-6.8794846534729,-0.004484596196562052,assist,no
3438,0,0,0.10669059536584675,-2.291536331176758,-0.166536346077919,assist,no
3439,0,0,0.01098694261035325,-4.517398357391357,-0.017398355528712273,assist,no
3440,0,0,0.11920293140927592,-2.1324031352996826,-0.13240322470664978,assist,no
3441,0,0,0.005220126032095393,-5.266036510467529,-0.01603657566010952,assist,no
3442,0,0,0.002800926457274038,-5.885991096496582,-0.010990913957357407,assist,no
3443,0,0,0.0002611903308903816,-8.25727653503418,-0.007276580203324556,assist,no
3444,0,0,0.02297736798652257,-3.7924458980560303,-0.04244581237435341,assist,no
3445,0,0,0.003593602664789494,-5.640560150146484,-0.01556017342954874,assist,no
3446,0,0,0.003172683466913557,-5.763721466064453,-0.013721663504838943,assist,no
3447,0,0,0.0052201262352176,-5.266034126281738,-0.016034230589866638,assist,no
3448,0,0,0.001032230937358833,-6.882344722747803,-0.007344626355916262,assist,no
3449,0,0,0.0013250224997831716,-6.639640808105469,-0.01464087050408125,assist,no
3450,0,0,0.00017952789462250302,-8.636517524719238,-0.011517108418047428,assist,no
3451,0,0,0.0003799844256059464,-7.879804611206055,-0.004804376512765884,assist,no
3452,0,0,0.001926734409012005,-6.26368522644043,-0.013685094192624092,assist,no
3453,0,0,0.006692851729177988,-5.022555351257324,-0.02255547232925892,assist,no
3454,0,0,0.005220126351287435,-5.268674850463867,-0.018674977123737335,assist,no
3455,0,0,0.002472623232439596,-6.013062000274658,-0.013062031008303165,assist,no
3456,0,0,0.0031726834904768943,-5.774695873260498,-0.024696078151464462,assist,no
3457,0,0,0.0004878570293448849,-7.627610683441162,-0.0026104918215423822,assist,no
3458,0,0,0.000626334211449694,-7.379452705383301,-0.0044527905993163586,assist,no
3459,0,0,0.002182716096464529,-6.139354228973389,-0.014354068785905838,assist,no
3460,0,0,0.0013250223087630053,-6.665584087371826,-0.040584005415439606,assist,no
3461,0,0,0.042087728215999064,-3.204263687133789,-0.07926369458436966,assist,no
3462,0,0,0.04208773121980142,-3.18841814994812,-0.06341823190450668,assist,no
3463,0,0,0.0015011819440361278,-6.518232345581055,-0.018232136964797974,assist,no
3464,0,0,0.01798620818552652,-4.0557355880737305,-0.05573548749089241,assist,no
3465,0,0,0.004070137251548666,-5.5147013664245605,-0.01470125187188387,assist,no
3466,0,0,0.0006263343018075454,-7.382711410522461,-0.00771164009347558,assist,no
3467,0,0,0.0007096704720817556,-7.255119800567627,-0.005119903478771448,assist,no
3468,0,0,0.00857748478012118,-4.760381698608398,-0.010381624102592468,assist,no
3469,0,0,0.009708474977211935,-4.6387128829956055,-0.013712726533412933,assist,no
3470,0,0,0.000552778507776423,-7.50988245010376,-0.009882216341793537,assist,no
3471,0,0,0.003172682282856096,-5.770191192626953,-0.020191015675663948,assist,no
3472,0,0,0.0009110512918872468,-7.008991241455078,-0.008991348557174206,assist,no
3473,0,0,0.001325022507177501,-6.639420509338379,-0.014420577324926853,assist,no
3474,0,0,0.2689414272294874,-1.4028886556625366,-0.402888685464859,assist,no
3475,0,0,0.0015011821673938809,-6.50855016708374,-0.008550107479095459,assist,no
3476,0,0,0.005220124852052247,-5.259899139404297,-0.009898977354168892,assist,no
3477,0,0,0.0010322309522442217,-6.8831257820129395,-0.008125700056552887,assist,no
3478,0,0,0.001700722579045397,-6.383791923522949,-0.008792022243142128,assist,no
3479,0,0,0.0011695103325064012,-6.7617011070251465,-0.01170116476714611,assist,no
3480,0,0,0.00591106822142562,-5.141640663146973,-0.016640555113554,assist,no
3481,0,0,0.0004878570760068068,-7.638376235961914,-0.013376140035688877,assist,no
3482,0,0,0.002472623055561682,-6.011679172515869,-0.011679131537675858,assist,no
3483,0,0,0.0019267347654118637,-6.262322902679443,-0.012322955764830112,assist,no
3484,0,0,0.012431651973712475,-4.3924336433410645,-0.017433734610676765,assist,no
3485,0,0,0.009708478254354735,-4.6406331062316895,-0.015633290633559227,assist,no
3486,0,0,0.002800926714798754,-5.885245323181152,-0.010245232842862606,assist,no
3487,0,0,0.000552778623545803,-7.513659954071045,-0.013659929856657982,assist,no
3488,0,0,0.017986210356883813,-4.023661136627197,-0.023661158978939056,assist,no
3489,0,0,0.0017007227972548082,-6.387299060821533,-0.01229928806424141,assist,no
3490,0,0,0.001501182438215201,-6.510544300079346,-0.010544421151280403,assist,no
3491,0,0,0.06754668644694548,-2.7663745880126953,-0.14137451350688934,assist,no
3492,0,0,0.0008040858035611387,-7.129560947418213,-0.004560783039778471,assist,no
3493,0,0,0.0007096705133606997,-7.258676052093506,-0.008676213212311268,assist,no
3494,0,0,0.09534946297109421,-2.37235689163208,-0.12235686928033829,assist,no
3495,0,0,0.0035936021012123592,-5.633641719818115,-0.00864158570766449,assist,no
3496,0,0,0.004070136870255261,-5.518219470977783,-0.01821926236152649,assist,no
3497,0,0,0.005220125761265794,-5.261905670166016,-0.01190568320453167,assist,no
3498,0,0,0.00116951026287968,-6.76427698135376,-0.014276979491114616,assist,no
3499,0,0,0.0013250226390430521,-6.633523464202881,-0.00852363184094429,assist,no
3500,0,0,0.000911051120649919,-7.009142875671387,-0.009142794646322727,assist,no
3501,0,0,0.0011695104570729675,-6.752871513366699,-0.0028716777451336384,assist,no
3502,0,0,0.0035936032450406006,-5.633121967315674,-0.008122152648866177,assist,no
3503,0,0,0.005911068440328432,-5.133579254150391,-0.008579183369874954,assist,no
3504,0,0,0.0028009267460138727,-5.882326126098633,-0.00732604693621397,assist,no
3505,0,0,0.1645164628965632,-1.8784780502319336,-0.2534780502319336,assist,no
3506,0,0,0.0002959571080020777,-8.129057884216309,-0.0040578655898571014,assist,no
3507,0,0,0.0017007225561175975,-6.382464408874512,-0.007464494090527296,assist,no
3508,0,0,0.04742587351415913,-3.108189821243286,-0.10818982869386673,assist,no
3509,0,0,0.0013250226113143135,-6.631466388702393,-0.00646653538569808,assist,no
3510,0,0,0.0013250221892213672,-6.629066467285156,-0.004066294990479946,assist,no
3511,0,0,0.0011695102552642573,-6.76420259475708,-0.014202586375176907,assist,no
3512,0,0,0.004609572102456433,-5.4016218185424805,-0.026621801778674126,assist,no
3513,0,0,0.014063628489565516,-4.275190830230713,-0.025190934538841248,assist,no
3514,0,0,0.0011695104576169265,-6.7602434158325195,-0.010243580676615238,assist,no
3515,0,0,0.003593602104547135,-5.637864589691162,-0.01286445651203394,assist,no
3516,0,0,0.0031726823771094106,-5.759058952331543,-0.00905880518257618,assist,no
3517,0,0,0.00033535026089407354,-8.002427101135254,-0.002427490195259452,assist,no
3518,0,0,0.0009110511240407569,-7.0111846923828125,-0.011184615083038807,assist,no
3519,0,0,0.0035936023012989055,-5.632612228393555,-0.00761215016245842,assist,no
3520,0,0,0.0017007225537457565,-6.387214183807373,-0.012214267626404762,assist,no
3521,0,0,0.005220125712903368,-5.260566711425781,-0.010566715151071548,assist,no
3522,0,0,0.005220125306659001,-5.277083873748779,-0.027083799242973328,assist,no
3523,0,0,0.0017007222944244666,-6.400838851928711,-0.025838783010840416,assist,no
3524,0,0,0.001926735005399745,-6.261033535003662,-0.011033712886273861,assist,no
3525,0,0,0.0011695104913423747,-6.764171600341797,-0.014171794056892395,assist,no
3526,0,0,0.004609571636676603,-5.387045383453369,-0.012045265175402164,assist,no
3527,0,0,0.0009110510324881389,-7.007225513458252,-0.007225335575640202,assist,no
3528,0,0,0.06008665354025422,-2.816971778869629,-0.06697183847427368,assist,no
3529,0,0,0.001325022602071401,-6.639586925506592,-0.01458706520497799,assist,no
3530,0,0,0.0009110511265838854,-7.012599468231201,-0.012599393725395203,assist,no
3531,0,0,0.02033235534616325,-3.917046308517456,-0.04204640910029411,assist,no
3532,0,0,0.0006263340977737061,-7.382614612579346,-0.00761451618745923,assist,no
3533,0,0,0.0019267348674962572,-6.276648044586182,-0.026648150756955147,assist,no
3534,0,0,0.0011695105348590836,-6.754227161407471,-0.004227392375469208,assist,no
3535,0,0,0.03732688948593843,-3.3252954483032227,-0.07529550790786743,assist,no
3536,0,0,0.0008040860923899792,-7.131309986114502,-0.006310181226581335,assist,no
3537,0,0,0.0052201246295851276,-5.265853404998779,-0.01585320010781288,assist,no
3538,0,0,0.000804085906447048,-7.137539863586426,-0.012539827264845371,assist,no
3539,0,0,0.0019267343678200661,-6.2558393478393555,-0.005839194171130657,assist,no
3540,0,0,0.06008665311947337,-2.867403984069824,-0.1174040362238884,assist,no
3541,0,0,0.0006263341907548331,-7.38743782043457,-0.012437872588634491,assist,no
3542,0,0,0.0075772399162077515,-4.885936737060547,-0.010936557315289974,assist,no
3543,0,0,0.002472623659703182,-6.010547637939453,-0.010547841899096966,assist,no
3544,0,0,0.0019267344519948995,-6.2600603103637695,-0.010060200467705727,assist,no
3545,0,0,0.010986941213798165,-4.519775390625,-0.019775260239839554,assist,no
3546,0,0,0.0031726829102297705,-5.7551589012146,-0.0051589226350188255,assist,no
3547,0,0,0.03308598029553404,-3.420747756958008,-0.04574781656265259,assist,no
3548,0,0,0.0004305571272179213,-7.755390644073486,-0.005390750709921122,assist,no
3549,0,0,0.00013982208358960546,-8.882025718688965,-0.007025775499641895,assist,no
3550,0,0,0.0028009265301093093,-5.8871073722839355,-0.012107215821743011,assist,no
3551,0,0,0.0005527787580955796,-7.5049309730529785,-0.004931192379444838,assist,no
3552,0,0,0.0009110509954008541,-7.003445148468018,-0.003444929840043187,assist,no
3553,0,0,0.00048785708917659586,-7.636802673339844,-0.011802604421973228,assist,no
3554,0,0,0.0013250224332342073,-6.631432056427002,-0.006432068534195423,assist,no
3555,0,0,0.00020342702730378757,-8.508231163024902,-0.008231405168771744,assist,no
3556,0,0,0.004070137213796842,-5.514556407928467,-0.014556284062564373,assist,no
3557,0,0,0.0013250224369313723,-6.633499622344971,-0.008499637246131897,assist,no
3558,0,0,0.00048785714616999724,-7.6294074058532715,-0.004407453816384077,assist,no
3559,0,0,0.004609572766940585,-5.381739139556885,-0.006739267613738775,assist,no
3560,0,0,0.07585817740967664,-2.5935397148132324,-0.09353967756032944,assist,no
3561,0,0,0.0035936021745774254,-5.632678985595703,-0.007678871974349022,assist,no
3562,0,0,0.03308598112977216,-3.411770820617676,-0.036770906299352646,assist,no
3563,0,0,0.0040701368174027135,-5.506825923919678,-0.006825702264904976,assist,no
3564,0,0,0.0009110511435380747,-7.0197834968566895,-0.019783440977334976,assist,no
3565,0,0,0.03308598017635717,-3.4339189529418945,-0.05891900882124901,assist,no
3566,0,0,0.00970847470859372,-4.645824432373047,-0.0208242479711771,assist,no
3567,0,0,0.0008040858802579062,-7.140664577484131,-0.015664508566260338,assist,no
3568,0,0,0.0024726234529627283,-6.0096516609191895,-0.009651781059801579,assist,no
3569,0,0,0.0021827168104528996,-6.142038345336914,-0.017038512974977493,assist,no
3570,0,0,0.0006263340307340304,-7.38104772567749,-0.006047522183507681,assist,no
3571,0,0,0.0009110513300341806,-7.04486608505249,-0.04486623406410217,assist,no
3572,0,0,0.00020342691971459519,-8.516940116882324,-0.016939830034971237,assist,no
3573,0,0,0.005911069622403753,-5.137760639190674,-0.012760769575834274,assist,no
3574,0,0,0.0031726825302710515,-5.7776689529418945,-0.027668854221701622,assist,no
3575,0,0,0.0007096702973892904,-7.259885311126709,-0.009885167703032494,assist,no
3576,0,0,0.0019267348782419833,-6.2686567306518555,-0.018656842410564423,assist,no
3577,0,0,0.05340332565681314,-2.941474676132202,-0.06647459417581558,assist,no
3578,0,0,0.0019267349068972529,-6.268567085266113,-0.01856721192598343,assist,no
3579,0,0,0.00970847666055291,-4.644779682159424,-0.01977970078587532,assist,no
3580,0,0,0.0031726824360177332,-5.7599077224731445,-0.009907593950629234,assist,no
3581,0,0,0.004609571628130185,-5.388136863708496,-0.013136743567883968,assist,no
3582,0,0,0.10669059678604234,-2.279489278793335,-0.15448930859565735,assist,no
3583,0,0,0.0028009266575710376,-5.883172988891602,-0.008172878064215183,assist,no
3584,0,0,0.0015011822246293104,-6.507070541381836,-0.007070519961416721,assist,no
3585,0,0,0.0010322308773371067,-6.884150981903076,-0.009150827303528786,assist,no
3586,0,0,0.18242552158390105,-1.749640941619873,-0.24964092671871185,assist,no
3587,0,0,0.0010322310444376016,-6.897429466247559,-0.02242947369813919,assist,no
3588,0,0,0.008577487076888072,-4.766313552856445,-0.016313748434185982,assist,no
3589,0,0,0.0031726832607343654,-5.766554832458496,-0.01655496470630169,assist,no
3590,0,0,0.0534033326246047,-2.9362406730651855,-0.061240728944540024,assist,no
3591,0,0,0.0035936032583797077,-5.635042190551758,-0.01004237961024046,assist,no
3592,0,0,0.0758581763650499,-2.6159892082214355,-0.11598915606737137,assist,no
3593,0,0,0.007577242948673238,-4.884174346923828,-0.009174570441246033,assist,no
3594,0,0,0.0017007227450742944,-6.383981227874756,-0.008981424383819103,assist,no
3595,0,0,0.0019267346848189251,-6.268932342529297,-0.01893235370516777,assist,no
3596,0,0,0.001325022629183945,-6.6429572105407715,-0.017957370728254318,assist,no
3597,0,0,0.0006263341467418215,-7.382019519805908,-0.007019501645117998,assist,no
3598,0,0,0.014063630039194294,-4.285038948059082,-0.03503916412591934,assist,no
3599,0,0,0.00026119042889553325,-8.255104064941406,-0.005104485433548689,assist,no
3600,0,0,0.001926734705414898,-6.25701379776001,-0.007013819646090269,assist,no
3601,0,0,0.0028009267434126127,-5.885255813598633,-0.010255733504891396,assist,no
3602,0,0,0.0031726823579642056,-5.754119873046875,-0.004119719844311476,assist,no
3603,0,0,0.0028009264819860045,-5.881293296813965,-0.006293123122304678,assist,no
3604,0,0,0.3775406828054583,-1.058058738708496,-0.5580587983131409,assist,no
3605,0,0,0.00407013697596036,-5.517678260803223,-0.01767807826399803,assist,no
3606,0,0,0.006692849921264319,-5.02632474899292,-0.026324598118662834,assist,no
3607,0,0,0.00023050662916714116,-8.379984855651855,-0.0049844528548419476,assist,no
3608,0,0,0.08509904268669496,-2.537080764770508,-0.16208073496818542,assist,no
3609,0,0,0.0013250221362286856,-6.6570611000061035,-0.0320608876645565,assist,no
3610,0,0,0.004609572623788044,-5.394853115081787,-0.01985321193933487,assist,no
3611,0,0,0.0066928512276676405,-5.0151190757751465,-0.01511912140995264,assist,no
3612,0,0,0.0005527786917211159,-7.506761074066162,-0.006761173252016306,assist,no
3613,0,0,0.0008040860246723272,-7.133844375610352,-0.008844486437737942,assist,no
3614,0,0,0.0001795279320682205,-8.633068084716797,-0.008067877031862736,assist,no
3615,0,0,0.003593602377998752,-5.6390299797058105,-0.014029922895133495,assist,no
3616,0,0,0.008577484273248568,-4.763281345367432,-0.013281211256980896,assist,no
3617,0,0,0.0031726835965119127,-5.758910179138184,-0.008910417556762695,assist,no
3618,0,0,0.014063624047297284,-4.2677202224731445,-0.01772000640630722,assist,no
3619,0,0,0.0007096703231473451,-7.255091190338135,-0.005091083236038685,assist,no
3620,0,0,0.005911070147770638,-5.147261619567871,-0.022261839359998703,assist,no
3621,0,0,0.002800927110190283,-5.883453369140625,-0.008453420363366604,assist,no
3622,0,0,0.002472623505796398,-6.011663436889648,-0.011663578450679779,assist,no
3623,0,0,0.0009110510214679171,-7.01015043258667,-0.0101502425968647,assist,no
3624,0,0,0.0004878570794127867,-7.62935733795166,-0.0043572490103542805,assist,no
3625,0,0,0.02595735898738123,-3.660754442214966,-0.03575451299548149,assist,no
3626,0,0,0.0002959571049710282,-8.134137153625488,-0.009137124754488468,assist,no
3627,0,0,0.029312230433368995,-3.5373544692993164,-0.03735445812344551,assist,no
3628,0,0,0.0004878571577503306,-7.63450813293457,-0.009508204646408558,assist,no
3629,0,0,0.0013250226655394028,-6.629348278045654,-0.004348465707153082,assist,no
3630,0,0,0.003593602584754866,-5.633086204528809,-0.008086205460131168,assist,no
3631,0,0,0.007577242059243283,-4.888615608215332,-0.013615713454782963,assist,no
3632,0,0,0.0005527787532075374,-7.521731376647949,-0.021731587126851082,assist,no
3633,0,0,0.0758581784543034,-2.5863449573516846,-0.08634493499994278,assist,no
3634,0,0,0.0011695102911655352,-6.759118556976318,-0.00911857932806015,assist,no
3635,0,0,0.005911070005483769,-5.141960144042969,-0.01696033962070942,assist,no
3636,0,0,0.0003799845296095196,-7.883298873901367,-0.008298913016915321,assist,no
3637,0,0,0.0004305570139877201,-7.763389587402344,-0.013389430940151215,assist,no
3638,0,0,0.0005527786729407457,-7.522023677825928,-0.022023743018507957,assist,no
3639,0,0,0.0006263341925036946,-7.387284278869629,-0.012284333817660809,assist,no
3640,0,0,0.0009110512573430803,-7.001788139343262,-0.001788208493962884,assist,no
3641,0,0,0.033085974694221476,-3.420822858810425,-0.04582274332642555,assist,no
3642,0,0,0.00029595702643930063,-8.134282112121582,-0.009281817823648453,assist,no
3643,0,0,0.0007096704281609616,-7.254696369171143,-0.004696410149335861,assist,no
3644,0,0,0.0028009275107843882,-5.884419918060303,-0.009420112706720829,assist,no
3645,0,0,0.001032230989697781,-6.881568908691406,-0.006568863056600094,assist,no
3646,0,0,0.017986206606357753,-4.020435810089111,-0.020435620099306107,assist,no
3647,0,0,0.16451645880021026,-1.84340500831604,-0.21840497851371765,assist,no
3648,0,0,0.0009110510960663448,-7.011048793792725,-0.011048685759305954,assist,no
3649,0,0,0.008577484336607643,-4.759859561920166,-0.009859435260295868,assist,no
3650,0,0,0.00048785701878634847,-7.636934757232666,-0.011934543959796429,assist,no
3651,0,0,0.0009110513953078267,-7.0081467628479,-0.008146983571350574,assist,no
3652,0,0,0.00150118196357993,-6.520545482635498,-0.020545287057757378,assist,no
3653,0,0,0.009708477555947162,-4.639862060546875,-0.014862172305583954,assist,no
3654,0,0,0.007577241940185738,-4.890256404876709,-0.015256494283676147,assist,no
3655,0,0,0.00037998456852242834,-7.880767822265625,-0.0057679638266563416,assist,no
3656,0,0,0.004070137753647955,-5.517680644989014,-0.017680654302239418,assist,no
3657,0,0,0.053403329046549465,-2.94326114654541,-0.06826113164424896,assist,no
3658,0,0,0.0024726233404040437,-6.008394241333008,-0.008394315838813782,assist,no
3659,0,0,0.0013250224948536185,-6.633296489715576,-0.008296548388898373,assist,no
3660,0,0,0.0021827167698853724,-6.133553504943848,-0.008553653955459595,assist,no
3661,0,0,0.00037998458391071615,-7.879640579223633,-0.00464076129719615,assist,no
3662,0,0,0.0011695105261557417,-6.7582621574401855,-0.008262380957603455,assist,no
3663,0,0,0.0017007227687927098,-6.3899030685424805,-0.014903279021382332,assist,no
3664,0,0,0.0005527786104252719,-7.507513999938965,-0.007513951975852251,assist,no
3665,0,0,0.020332351042339016,-3.89595103263855,-0.020950917154550552,assist,no
3666,0,0,0.00023050666468783673,-8.386482238769531,-0.011481990106403828,assist,no
3667,0,0,0.0008040861114706445,-7.140585422515869,-0.015585641376674175,assist,no
3668,0,0,0.0028009269202982916,-5.892841815948486,-0.017841799184679985,assist,no
3669,0,0,0.00317268296324727,-5.763947010040283,-0.013947048224508762,assist,no
3670,0,0,0.0011695102607038447,-6.756776332855225,-0.006776329129934311,assist,no
3671,0,0,0.0004305570901425424,-7.766984462738037,-0.01698448322713375,assist,no
3672,0,0,0.0059110688179358,-5.140554428100586,-0.015554421581327915,assist,no
3673,0,0,0.0006263341620443583,-7.377233982086182,-0.0022339883726090193,assist,no
3674,0,0,0.0021827167982826413,-6.135347366333008,-0.010347528383135796,assist,no
3675,0,0,0.0035936027114763618,-5.638070583343506,-0.01307061966508627,assist,no
3676,0,0,0.0021827168875312034,-6.135491371154785,-0.010491574183106422,assist,no
3677,0,0,0.00026119036408567075,-8.254069328308105,-0.004069500602781773,assist,no
3678,0,0,0.0008040858989644358,-7.134827136993408,-0.009827091358602047,assist,no
3679,0,0,0.008577484067331578,-4.762811183929443,-0.012811025604605675,assist,no
3680,0,0,0.0028009273338986725,-5.8806023597717285,-0.005602491088211536,assist,no
3681,0,0,0.005911068308986744,-5.146417617797852,-0.0214175246655941,assist,no
3682,0,0,0.0013250222508407673,-6.6377716064453125,-0.012771480716764927,assist,no
3683,0,0,0.001501182372603846,-6.511729717254639,-0.011729794554412365,assist,no
3684,0,0,0.001700722348186194,-6.383780479431152,-0.008780442178249359,assist,no
3685,0,0,0.14804719051380197,-2.016925811767578,-0.26692575216293335,assist,no
3686,0,0,0.0008040858256348416,-7.12923002243042,-0.004229885526001453,assist,no
3687,0,0,0.006692849710753855,-5.023956775665283,-0.02395659312605858,assist,no
3688,0,0,0.0035936019611517833,-5.634370803833008,-0.009370630607008934,assist,no
3689,0,0,0.025957356915230906,-3.668666124343872,-0.043666113168001175,assist,no
3690,0,0,0.0005527785229550734,-7.507503509521484,-0.007503303233534098,assist,no
3691,0,0,0.001700722778280076,-6.385997772216797,-0.010997988283634186,assist,no
3692,0,0,0.01098694208411508,-4.515828609466553,-0.015828559175133705,assist,no
3693,0,0,0.0021827164970687706,-6.129466533660889,-0.004466557409614325,assist,no
3694,0,0,0.0035936030582931077,-5.637898921966553,-0.012899055145680904,assist,no
3695,0,0,0.0021827159767903647,-6.136724472045898,-0.011724256910383701,assist,no
3696,0,0,0.0008040859431118479,-7.134941577911377,-0.0099415872246027,assist,no
3697,0,0,0.00020342705637939773,-8.507146835327148,-0.007147220429033041,assist,no
3698,0,0,0.005220126138492738,-5.2702131271362305,-0.020213212817907333,assist,no
3699,0,0,0.009708476768000214,-4.644803047180176,-0.01980307698249817,assist,no
3700,0,0,0.0009110512172888031,-7.010268688201904,-0.010268713347613811,assist,no
3701,0,0,0.008577486791772148,-4.760370254516602,-0.010370416566729546,assist,no
3702,0,0,0.07585817270885642,-2.6197593212127686,-0.1197592169046402,assist,no
3703,0,0,0.005220125703230883,-5.272969722747803,-0.022969724610447884,assist,no
3704,0,0,0.0024726230796813966,-6.007606029510498,-0.007605998311191797,assist,no
3705,0,0,0.005911067542826956,-5.188699245452881,-0.06369902193546295,assist,no
3706,0,0,0.0015011821206283487,-6.507278919219971,-0.007278828416019678,assist,no
3707,0,0,0.0011695103031326274,-6.764199733734131,-0.014199766330420971,assist,no
3708,0,0,0.017986212396643917,-4.040546894073486,-0.04054703190922737,assist,no
3709,0,0,0.0005527787598964373,-7.508558750152588,-0.008558972738683224,assist,no
3710,0,0,0.0005527787120450787,-7.51191520690918,-0.011915342882275581,assist,no
3711,0,0,0.20181322226037882,-1.6339340209960938,-0.25893402099609375,assist,no
3712,0,0,0.0006263342671217881,-7.387128829956055,-0.01212900411337614,assist,no
3713,0,0,0.0011695103499130821,-6.758408546447754,-0.008408619090914726,assist,no
3714,0,0,0.004609572068270756,-5.3856587409973145,-0.010658716782927513,assist,no
3715,0,0,0.002800927601828512,-5.882939338684082,-0.007939565926790237,assist,no
3716,0,0,0.005911068068193657,-5.1350626945495605,-0.010062560439109802,assist,no
3717,0,0,0.002800926852665531,-5.891109466552734,-0.016109425574541092,assist,no
3718,0,0,0.00017952796550190346,-8.639662742614746,-0.014662721194326878,assist,no
3719,0,0,0.00150118213947416,-6.508022308349609,-0.008022230118513107,assist,no
3720,0,0,0.0028009270815764205,-5.891366481781006,-0.016366522759199142,assist,no
3721,0,0,0.0006263341779298492,-7.4062113761901855,-0.031211407855153084,assist,no
3722,0,0,0.0015011820473390845,-6.523088455200195,-0.02308831550180912,assist,no
3723,0,0,0.008577484970198416,-4.767326354980469,-0.01732630282640457,assist,no
3724,0,0,0.0011695104804631978,-6.766073226928711,-0.01607341133058071,assist,no
3725,0,0,0.004070137247773484,-5.5078020095825195,-0.007801894098520279,assist,no
3726,0,0,0.0021827165366221047,-6.134335041046143,-0.009335082955658436,assist,no
3727,0,0,0.004070137327052315,-5.511468887329102,-0.011468791402876377,assist,no
3728,0,0,0.0003799846040746803,-7.879226207733154,-0.004226442892104387,assist,no
3729,0,0,0.0028009270581650786,-5.888215065002441,-0.013215097598731518,assist,no
3730,0,0,0.004070138667242311,-5.512537002563477,-0.012537237256765366,assist,no
3731,0,0,0.0007096703475844745,-7.253148078918457,-0.0031480062752962112,assist,no
3732,0,0,0.0002959570019153618,-8.136818885803223,-0.011818508617579937,assist,no
3733,0,0,0.010986944492666904,-4.521338939666748,-0.021339111030101776,assist,no
3734,0,0,0.0011695101214504147,-6.760167121887207,-0.010166998952627182,assist,no
3735,0,0,0.004070137595090279,-5.514679431915283,-0.014679402112960815,assist,no
3736,0,0,0.0013250221707355476,-6.63668155670166,-0.011681370437145233,assist,no
3737,0,0,0.0021827163439263808,-6.134344577789307,-0.00934453122317791,assist,no
3738,0,0,0.003172682757068111,-5.755098819732666,-0.005098792724311352,assist,no
3739,0,0,0.014063625855196977,-4.2874908447265625,-0.037490759044885635,assist,no
3740,0,0,0.0002611904008072044,-8.26714038848877,-0.017140701413154602,assist,no
3741,0,0,0.00037998448362154145,-7.885597229003906,-0.010597147047519684,assist,no
3742,0,0,0.01590639060386055,-4.143552303314209,-0.018552232533693314,assist,no
3743,0,0,0.001325022588515129,-6.629876613616943,-0.004876743070781231,assist,no
3744,0,0,0.003593602434689943,-5.6339945793151855,-0.008994538336992264,assist,no
3745,0,0,0.0013250225472301205,-6.630212783813477,-0.005212882068008184,assist,no
3746,0,0,0.0009110512028777407,-7.013915061950684,-0.01391507126390934,assist,no
3747,0,0,0.0600866518571309,-2.824455738067627,-0.07445576786994934,assist,no
3748,0,0,0.001700722542677164,-6.385693550109863,-0.010693627409636974,assist,no
3749,0,0,0.00037998460097933486,-7.878384113311768,-0.0033843403216451406,assist,no
3750,0,0,0.0013250222255768126,-6.63203763961792,-0.007037494797259569,assist,no
3751,0,0,0.0031726824477993983,-5.770176887512207,-0.020176762714982033,assist,no
3752,0,0,0.00010889688609447992,-9.143617630004883,-0.018617410212755203,assist,no
3753,0,0,0.004070137357253774,-5.512420654296875,-0.012420565821230412,assist,no
3754,0,0,0.0013250225650997508,-6.6453166007995605,-0.0203167125582695,assist,no
3755,0,0,0.015906389962413444,-4.142282009124756,-0.017281897366046906,assist,no
3756,0,0,0.0019267346624319986,-6.256897449493408,-0.006897449027746916,assist,no
3757,0,0,0.0017007226154136298,-6.38224983215332,-0.007249952293932438,assist,no
3758,0,0,0.0010322312422692567,-6.891721248626709,-0.016721447929739952,assist,no
3759,0,0,0.00033535024036596866,-8.0118989944458,-0.011899322271347046,assist,no
3760,0,0,0.22270013882530884,-1.5892138481140137,-0.33921384811401367,assist,no
3761,0,0,0.00857748634033862,-4.765044212341309,-0.015044321306049824,assist,no
3762,0,0,0.000158436201398705,-8.770978927612305,-0.020978815853595734,assist,no
3763,0,0,0.001325022423375102,-6.633444786071777,-0.008444790728390217,assist,no
3764,0,0,0.003593603181679843,-5.642121315002441,-0.017121482640504837,assist,no
3765,0,0,0.0006263340695004506,-7.384505748748779,-0.009505607187747955,assist,no
3766,0,0,0.0004878571954431821,-7.633553504943848,-0.008553653955459595,assist,no
3767,0,0,0.010986940242281688,-4.518239498138428,-0.018239278346300125,assist,no
3768,0,0,0.002182716895644709,-6.129371166229248,-0.0043713729828596115,assist,no
3769,0,0,0.0124316506702427,-4.396030426025391,-0.02103041112422943,assist,no
3770,0,0,0.0011695100322411949,-6.760151386260986,-0.01015118695795536,assist,no
3771,0,0,0.0009110513376635677,-7.012580871582031,-0.01258102897554636,assist,no
3772,0,0,0.0031726832607343654,-5.761292457580566,-0.011292589828372002,assist,no
3773,0,0,0.0007096703660774379,-7.272140979766846,-0.022140933200716972,assist,no
3774,0,0,0.0028009275667114923,-5.879581928253174,-0.004582142923027277,assist,no
3775,0,0,0.0046095724528596406,-5.39321756362915,-0.018217623233795166,assist,no
3776,0,0,0.0035936032617144846,-5.635935306549072,-0.010935496538877487,assist,no
3777,0,0,0.010986942195434692,-4.513202667236328,-0.013202627189457417,assist,no
3778,0,0,0.0009110513537700514,-7.01987886428833,-0.019879039376974106,assist,no
3779,0,0,0.0006263342012480021,-7.394476413726807,-0.019476482644677162,assist,no
3780,0,0,0.0019267349400299086,-6.256466865539551,-0.006467009428888559,assist,no
3781,0,0,0.0010322311539172507,-6.884954929351807,-0.009955042973160744,assist,no
3782,0,0,0.015906388621205934,-4.17446231842041,-0.04946212098002434,assist,no
3783,0,0,0.0009110513071460202,-7.008070945739746,-0.008071069605648518,assist,no
3784,0,0,0.005220126302925003,-5.274503231048584,-0.024503348395228386,assist,no
3785,0,0,0.1645164608483867,-1.8503981828689575,-0.22539816796779633,assist,no
3786,0,0,0.002472623270342008,-6.0055108070373535,-0.005510853137820959,assist,no
3787,0,0,0.009708475693527207,-4.642878532409668,-0.017878450453281403,assist,no
3788,0,0,0.0035936020845384817,-5.633118152618408,-0.008118013851344585,assist,no
3789,0,0,0.0008040857814874362,-7.133798122406006,-0.008797930553555489,assist,no
3790,0,0,0.009708478200631072,-4.6376261711120605,-0.012626349925994873,assist,no
3791,0,0,0.0006263342124698633,-7.378459930419922,-0.003460017265751958,assist,no
3792,0,0,0.0028009271713198996,-5.881021499633789,-0.00602157274261117,assist,no
3793,0,0,0.00857748528699382,-4.770142078399658,-0.02014206349849701,assist,no
3794,0,0,0.009708476893355406,-4.645853042602539,-0.020853085443377495,assist,no
3795,0,0,0.00757723984617392,-4.8898186683654785,-0.014818479306995869,assist,no
3796,0,0,0.0006263340744555572,-7.378091335296631,-0.003091201651841402,assist,no
3797,0,0,0.0031726830162647703,-5.757931232452393,-0.00793128740042448,assist,no
3798,0,0,0.00116951026287968,-6.762872695922852,-0.012872694060206413,assist,no
3799,0,0,0.00033535009581068035,-8.008258819580078,-0.008258716203272343,assist,no
3800,0,0,0.2018132174596823,-1.6289788484573364,-0.25397881865501404,assist,no
3801,0,0,0.0008040859139296601,-7.137348651885986,-0.012348624877631664,assist,no
3802,0,0,0.0010322311289482067,-6.884981155395508,-0.009981244802474976,assist,no
3803,0,0,0.0006263340957333679,-7.3857102394104,-0.010710139758884907,assist,no
3804,0,0,0.008577486736332941,-4.759950637817383,-0.009950793348252773,assist,no
3805,0,0,0.017986210455581873,-4.029242038726807,-0.02924206666648388,assist,no
3806,0,0,0.0004305570391388507,-7.752753257751465,-0.0027531597297638655,assist,no
3807,0,0,0.0015011824870747232,-6.509685039520264,-0.009685193188488483,assist,no
3808,0,0,0.3775406828054583,-1.0206682682037354,-0.5206683278083801,assist,no
3809,0,0,0.0011695104907984157,-6.755505561828613,-0.005505755078047514,assist,no
3810,0,0,7.484621189764171e-05,-9.50383472442627,-0.0038345158100128174,assist,no
3811,0,0,0.037326887076403345,-3.2940621376037598,-0.04406213015317917,assist,no
3812,0,0,0.001926734605121467,-6.256884574890137,-0.006884544622153044,assist,no
3813,0,0,0.017986208481620684,-4.023329734802246,-0.02332965098321438,assist,no
3814,0,0,0.0009110513406305515,-7.007293224334717,-0.007293384987860918,assist,no
3815,0,0,0.04208772371029592,-3.1901519298553467,-0.06515182554721832,assist,no
3816,0,0,0.0010322311625603814,-6.886532306671143,-0.011532428674399853,assist,no
3817,0,0,0.0040701371156421015,-5.508235454559326,-0.008235306479036808,assist,no
3818,0,0,0.0009110512571311529,-7.007974147796631,-0.007974216714501381,assist,no
3819,0,0,0.03308598172565655,-3.4121439456939697,-0.037144050002098083,assist,no
3820,0,0,0.0017007227371681562,-6.385815143585205,-0.010815335437655449,assist,no
3821,0,0,0.0015011820096474642,-6.514616012573242,-0.01461584772914648,assist,no
3822,0,0,0.025957356255910384,-3.6575169563293457,-0.03251691907644272,assist,no
3823,0,0,0.0031726827894676926,-5.77061128616333,-0.020611269399523735,assist,no
3824,0,0,0.00017952792404413753,-8.634031295776367,-0.009031043387949467,assist,no
3825,0,0,0.01798621219924777,-4.026545524597168,-0.026545651257038116,assist,no
3826,0,0,0.01798621187025419,-4.031088352203369,-0.031088460236787796,assist,no
3827,0,0,0.00170072236241724,-6.383249759674072,-0.008249730803072453,assist,no
3828,0,0,0.022977370746331334,-3.7854692935943604,-0.035469330847263336,assist,no
3829,0,0,0.00020342703999476998,-8.506404876708984,-0.006405181251466274,assist,no
3830,0,0,0.0021827160660388934,-6.140511989593506,-0.015511815436184406,assist,no
3831,0,0,0.006692849364030752,-5.031834125518799,-0.031833890825510025,assist,no
3832,0,0,0.00103223105788247,-6.882995128631592,-0.007995149120688438,assist,no
3833,0,0,0.000487857156842069,-7.634357452392578,-0.009357522241771221,assist,no
3834,0,0,0.0010322311750449035,-6.887582778930664,-0.012582913041114807,assist,no
3835,0,0,0.0040701383425765245,-5.510697364807129,-0.010697519406676292,assist,no
3836,0,0,0.0035936029749236947,-5.64247989654541,-0.01748000644147396,assist,no
3837,0,0,0.001700722178994881,-6.381192207336426,-0.006192070432007313,assist,no
3838,0,0,0.0028009272688671624,-5.891477584838867,-0.016477692872285843,assist,no
3839,0,0,0.0013250221818270395,-6.634346008300781,-0.009345830418169498,assist,no
3840,0,0,0.015906391420247818,-4.1619768142700195,-0.03697679564356804,assist,no
3841,0,0,0.004070138402979459,-5.523764133453369,-0.02376430295407772,assist,no
3842,0,0,0.006692851010965651,-5.015415668487549,-0.015415681526064873,assist,no
3843,0,0,0.0015011825861897578,-6.507103443145752,-0.007103662937879562,assist,no
3844,0,0,0.004070137802725333,-5.513734340667725,-0.013734362088143826,assist,no
3845,0,0,0.0085774864116176,-4.7715559005737305,-0.02155601792037487,assist,no
3846,0,0,0.002472623435734358,-6.006014823913574,-0.0060149370692670345,assist,no
3847,0,0,0.0028009276122335546,-5.8884663581848145,-0.013466589152812958,assist,no
3848,0,0,0.00010889690079850814,-9.137786865234375,-0.01278678048402071,assist,no
3849,0,0,0.003593601954482232,-5.643973350524902,-0.018973175436258316,assist,no
3850,0,0,0.0015011821883336718,-6.507868766784668,-0.007868721149861813,assist,no
3851,0,0,0.0017007227087060582,-6.387060165405273,-0.012060340493917465,assist,no
3852,0,0,0.0035936027614980053,-5.637041091918945,-0.012041142210364342,assist,no
3853,0,0,0.0015011821729778252,-6.5054426193237305,-0.005442563444375992,assist,no
3854,0,0,0.0004878570156074342,-7.638665676116943,-0.01366545632481575,assist,no
3855,0,0,0.0009110513304580356,-7.007196426391602,-0.007196575868874788,assist,no
3856,0,0,0.037326887745718636,-3.294322967529297,-0.04432297870516777,assist,no
3857,0,0,0.007577241954192508,-4.905498027801514,-0.030498119071125984,assist,no
3858,0,0,0.0009110513849233827,-7.003626823425293,-0.0036270327400416136,assist,no
3859,0,0,0.0031726825302710515,-5.761612892150879,-0.011612793430685997,assist,no
3860,0,0,0.005220125209934157,-5.2676262855529785,-0.017626192420721054,assist,no
3861,0,0,0.0007096702336546212,-7.255162239074707,-0.00516200577840209,assist,no
3862,0,0,0.0008040857769978696,-7.144874095916748,-0.01987389847636223,assist,no
3863,0,0,0.007577242262341453,-4.896252155303955,-0.021252287551760674,assist,no
3864,0,0,0.11920290950590741,-2.1606497764587402,-0.16064965724945068,assist,no
3865,0,0,0.001926734249617115,-6.2584428787231445,-0.008442663587629795,assist,no
3866,0,0,0.03308598160647967,-3.417165517807007,-0.042165618389844894,assist,no
3867,0,0,0.00857748452668487,-4.762760639190674,-0.012760534882545471,assist,no
3868,0,0,0.0040701383274757905,-5.514529228210449,-0.014529379084706306,assist,no
3869,0,0,0.000552778623545803,-7.511868953704834,-0.011868929490447044,assist,no
3870,0,0,0.0013250226562964895,-6.6302876472473145,-0.0052878279238939285,assist,no
3871,0,0,0.03732688814730781,-3.3140296936035156,-0.06402971595525742,assist,no
3872,0,0,0.02595735945832451,-3.6819252967834473,-0.05692538619041443,assist,no
3873,0,0,0.005220126496374735,-5.259398937225342,-0.009399091824889183,assist,no
3874,0,0,0.00043055714705826057,-7.774583339691162,-0.024583492428064346,assist,no
3875,0,0,0.0004878571700118603,-7.644083023071289,-0.019083119928836823,assist,no
3876,0,0,0.001700722284937103,-6.3938117027282715,-0.018811628222465515,assist,no
3877,0,0,0.008577484772201294,-4.761952877044678,-0.01195280160754919,assist,no
3878,0,0,0.06008665438181589,-2.823270082473755,-0.07327015697956085,assist,no
3879,0,0,0.042087725812957326,-3.180900812149048,-0.05590075999498367,assist,no
3880,0,0,0.0031726830162647703,-5.7606401443481445,-0.010640199296176434,assist,no
3881,0,0,0.001700722696846851,-6.3798441886901855,-0.004844356793910265,assist,no
3882,0,0,0.022977370746331334,-3.7928152084350586,-0.04281524568796158,assist,no
3883,0,0,0.00017952801444046806,-8.627483367919922,-0.0024836191441863775,assist,no
3884,0,0,0.004070137187370566,-5.509200096130371,-0.009199965745210648,assist,no
3885,0,0,0.0031726823947819073,-5.7931694984436035,-0.043169356882572174,assist,no
3886,0,0,0.0015011826057335683,-6.507084846496582,-0.007085079327225685,assist,no
3887,0,0,0.0040701385067970055,-5.5077924728393555,-0.007792667951434851,assist,no
3888,0,0,0.029312228737436687,-3.534916639328003,-0.03491656854748726,assist,no
3889,0,0,0.0003799846022174731,-7.877240180969238,-0.002240411238744855,assist,no
3890,0,0,0.26894141551050293,-1.3907002210617065,-0.39070019125938416,assist,no
3891,0,0,0.0019267344770682547,-6.261207580566406,-0.01120748370885849,assist,no
3892,0,0,0.11920293140927592,-2.142157554626465,-0.142157644033432,assist,no
3893,0,0,0.0007096703718564891,-7.253461837768555,-0.0034617993514984846,assist,no
3894,0,0,0.003593602914897718,-5.653387546539307,-0.028387639671564102,assist,no
3895,0,0,0.0017007222580562402,-6.390026092529297,-0.015026002191007137,assist,no
3896,0,0,0.0009110511698170691,-7.006529808044434,-0.00652978103607893,assist,no
3897,0,0,0.00359360272148069,-5.645824909210205,-0.020824948325753212,assist,no
3898,0,0,0.002800927266265902,-5.8836822509765625,-0.00868235807865858,assist,no
3899,0,0,0.0004878570156074342,-7.636984825134277,-0.011984605342149734,assist,no
3900,0,0,0.00043055702881786864,-7.756616592407227,-0.006616470403969288,assist,no
3901,0,0,0.02595735851643796,-3.654900550842285,-0.029900602996349335,assist,no
3902,0,0,0.08509904152653235,-2.5168616771698,-0.14186163246631622,assist,no
3903,0,0,0.0004305571462566306,-7.763525009155273,-0.013525160029530525,assist,no
3904,0,0,0.0015011822483610745,-6.504904270172119,-0.004904264584183693,assist,no
3905,0,0,0.001032231236987343,-6.878695964813232,-0.003696158993989229,assist,no
3906,0,0,0.0019267344018481897,-6.270827770233154,-0.020827634260058403,assist,no
3907,0,0,0.00970847798573643,-4.647443771362305,-0.022443927824497223,assist,no
3908,0,0,0.0019267343391648046,-6.261485576629639,-0.011485408060252666,assist,no
3909,0,0,0.015906394248446885,-4.154525279998779,-0.02952544204890728,assist,no
3910,0,0,0.0004878572031634052,-7.62940788269043,-0.0044080475345253944,assist,no
3911,0,0,0.0007096704010819773,-7.26366662979126,-0.01366663258522749,assist,no
3912,0,0,0.00029595710703765284,-8.129684448242188,-0.0046844263561069965,assist,no
3913,0,0,0.0007096704083470705,-7.2745890617370605,-0.02458907477557659,assist,no
3914,0,0,0.0028009263636286927,-5.881337642669678,-0.006337426602840424,assist,no
3915,0,0,0.0009110509867118335,-7.005320072174072,-0.005319844000041485,assist,no
3916,0,0,0.020332355680080683,-3.8966596126556396,-0.02165973000228405,assist,no
3917,0,0,0.11920293140927592,-2.1497628688812256,-0.14976295828819275,assist,no
3918,0,0,0.010986943359230686,-4.523594379425049,-0.0235944464802742,assist,no
3919,0,0,0.0019267349615213615,-6.256428241729736,-0.006428396794945002,assist,no
3920,0,0,0.009708475407001092,-4.647308349609375,-0.022308237850666046,assist,no
3921,0,0,0.0007096704717515239,-7.262144565582275,-0.012144668027758598,assist,no
3922,0,0,0.004609571803331766,-5.415947914123535,-0.04094783216714859,assist,no
3923,0,0,0.0010322309436010927,-6.8862175941467285,-0.011217503808438778,assist,no
3924,0,0,0.0013250225472301205,-6.6300506591796875,-0.005050757434219122,assist,no
3925,0,0,0.0013250224566495835,-6.634487628936768,-0.009487658739089966,assist,no
3926,0,0,0.0008040860703162687,-7.139364242553711,-0.014364410191774368,assist,no
3927,0,0,0.0028009267798302516,-5.883551120758057,-0.008551053702831268,assist,no
3928,0,0,0.0006263340383124282,-7.382719993591309,-0.00771980220451951,assist,no
3929,0,0,0.012431652110919829,-4.393555641174316,-0.018555743619799614,assist,no
3930,0,0,0.007577241975202662,-4.887405872344971,-0.01240596640855074,assist,no
3931,0,0,0.07585817897661679,-2.6068711280822754,-0.1068711131811142,assist,no
3932,0,0,0.0019267344322944065,-6.2624897956848145,-0.012489675544202328,assist,no
3933,0,0,0.0011695101258020842,-6.764168739318848,-0.014168620109558105,assist,no
3934,0,0,0.32082130082460697,-1.1781646013259888,-0.42816460132598877,assist,no
3935,0,0,0.00026119021452451107,-8.260298728942871,-0.010298328474164009,assist,no
3936,0,0,0.0017007227063342168,-6.379891872406006,-0.004892046097666025,assist,no
3937,0,0,0.014063628876972696,-4.269118309020996,-0.01911844126880169,assist,no
3938,0,0,0.003172682114967388,-5.758909702301025,-0.00890947226434946,assist,no
3939,0,0,0.00247262344607138,-6.021795272827148,-0.02179539017379284,assist,no
3940,0,0,0.00170072266126923,-6.388116359710693,-0.013116506859660149,assist,no
3941,0,0,0.005220125277641548,-5.26040506362915,-0.010404983535408974,assist,no
3942,0,0,0.03732688881662312,-3.2884607315063477,-0.03846077248454094,assist,no
3943,0,0,0.0066928524659648604,-5.008275508880615,-0.008275740779936314,assist,no
3944,0,0,0.0028009266549697777,-5.889781475067139,-0.014781363308429718,assist,no
3945,0,0,0.010986941395957515,-4.522292613983154,-0.022292500361800194,assist,no
3946,0,0,0.0008040860613371324,-7.142245769500732,-0.017245925962924957,assist,no
3947,0,0,0.004070136945758904,-5.523843765258789,-0.02384357526898384,assist,no
3948,0,0,0.004609572371668651,-5.383197784423828,-0.008197826333343983,assist,no
3949,0,0,0.00020342692160877062,-8.51467227935791,-0.01467200182378292,assist,no
3950,0,0,0.004609571816151394,-5.387091159820557,-0.012091080658137798,assist,no
3951,0,0,0.0021827164919978304,-6.133719444274902,-0.00871946569532156,assist,no
3952,0,0,0.0013250224369313723,-6.636795520782471,-0.011795535683631897,assist,no
3953,0,0,0.0005527786695962964,-7.506121635437012,-0.006121694575995207,assist,no
3954,0,0,0.002800926903390101,-5.87925910949707,-0.004259086679667234,assist,no
3955,0,0,0.0005527786384671914,-7.508501052856445,-0.008501055650413036,assist,no
3956,0,0,0.001926734804812857,-6.2634429931640625,-0.013443066738545895,assist,no
3957,0,0,0.00015843620493946904,-8.762998580932617,-0.012998491525650024,assist,no
3958,0,0,0.0019267345039325641,-6.256892204284668,-0.006892121396958828,assist,no
3959,0,0,0.00522012634161495,-5.256704330444336,-0.006704455241560936,assist,no
3960,0,0,0.0031726822416202724,-5.761456489562988,-0.01145629957318306,assist,no
3961,0,0,0.22270013366638422,-1.546863079071045,-0.29686304926872253,assist,no
3962,0,0,0.0008040859461048928,-7.13283109664917,-0.007831109687685966,assist,no
3963,0,0,0.000626334068917497,-7.385922431945801,-0.010922289453446865,assist,no
3964,0,0,0.003593602844867414,-5.639346122741699,-0.014346196316182613,assist,no
3965,0,0,0.003172682418345236,-5.774738311767578,-0.02473817765712738,assist,no
3966,0,0,0.0028009274405503535,-5.894885063171387,-0.0198852326720953,assist,no
3967,0,0,0.0066928513143484384,-5.013355731964111,-0.013355790637433529,assist,no
3968,0,0,0.5,-0.7631814479827881,-0.7631814479827881,assist,no
3969,0,0,0.006692850045094007,-5.0177154541015625,-0.017715321853756905,assist,no
3970,0,0,0.001032230792826522,-6.882282733917236,-0.007282497361302376,assist,no
3971,0,0,0.005911069961703194,-5.1445488929748535,-0.019549081102013588,assist,no
3972,0,0,0.001169510520716153,-6.762744426727295,-0.012744645588099957,assist,no
3973,0,0,0.0010322309752925658,-6.88328218460083,-0.008282124996185303,assist,no
3974,0,0,0.0011695100757578866,-6.765760898590088,-0.015760736539959908,assist,no
3975,0,0,0.033085981248949035,-3.4592361450195312,-0.08423623442649841,assist,no
3976,0,0,0.0013250223901006214,-6.635387897491455,-0.010387877002358437,assist,no
3977,0,0,0.0009110511240407569,-7.013929843902588,-0.013929766602814198,assist,no
3978,0,0,0.0035936031950189497,-5.640717029571533,-0.015717200934886932,assist,no
3979,0,0,0.0005527785803252314,-7.505451202392578,-0.005451099947094917,assist,no
3980,0,0,0.009708476391934647,-4.641755104064941,-0.01675509475171566,assist,no
3981,0,0,0.0010322310506798618,-6.880385875701904,-0.005385889206081629,assist,no
3982,0,0,0.00020342702609625008,-8.501465797424316,-0.001466033631004393,assist,no
3983,0,0,0.060086643862295744,-2.8240509033203125,-0.07405079156160355,assist,no
3984,0,0,0.00857748568298809,-4.772280693054199,-0.022280724719166756,assist,no
3985,0,0,0.015906394306760274,-4.155660629272461,-0.03066079504787922,assist,no
3986,0,0,0.0007096705074165317,-7.262179374694824,-0.012179527431726456,assist,no
3987,0,0,0.004070138606839371,-5.5175275802612305,-0.017527800053358078,assist,no
3988,0,0,0.007577241884158658,-4.915148735046387,-0.040148817002773285,assist,no
3989,0,0,0.0019267346310903012,-6.2589521408081055,-0.008952124044299126,assist,no
3990,0,0,0.0035936017877434587,-5.63386869430542,-0.008868472650647163,assist,no
3991,0,0,0.07585818054355695,-2.607886791229248,-0.10788679867982864,assist,no
3992,0,0,0.00218271658124638,-6.138774394989014,-0.013774457387626171,assist,no
3993,0,0,0.08509905254807776,-2.495130777359009,-0.12013087421655655,assist,no
3994,0,0,0.00062633429656096,-7.381813049316406,-0.006813270505517721,assist,no
3995,0,0,0.000230506635391311,-8.380692481994629,-0.005692106205970049,assist,no
3996,0,0,0.0035936024180160627,-5.635217666625977,-0.010217620991170406,assist,no
3997,0,0,0.0003799845564948016,-7.884403705596924,-0.009403815492987633,assist,no
3998,0,0,0.001032230802429997,-6.89263391494751,-0.01763368770480156,assist,no
3999,0,0,0.0008040860875262801,-7.130800724029541,-0.005800913088023663,assist,no
4000,0,0,0.0019267347851123604,-6.261203765869141,-0.011203829199075699,assist,no
4001,0,0,0.0013250226045361775,-6.63949728012085,-0.014497421681880951,assist,no
4002,0,0,0.0013250226045361775,-6.653476715087891,-0.028476856648921967,assist,no
4003,0,0,0.001325022126369582,-6.636684417724609,-0.011684197932481766,assist,no
4004,0,0,0.0019267348424228969,-6.266903400421143,-0.01690349355340004,assist,no
4005,0,0,0.0024726225777616647,-6.019315719604492,-0.019315484911203384,assist,no
4006,0,0,0.003172682748231862,-5.765045642852783,-0.015045613050460815,assist,no
4007,0,0,0.0017007223956230144,-6.391470432281494,-0.016470422968268394,assist,no
4008,0,0,0.005220125468673119,-5.257623195648193,-0.00762315234169364,assist,no
4009,0,0,0.047425868128681874,-3.0669589042663574,-0.06695879250764847,assist,no
4010,0,0,0.11920291576401235,-2.1797640323638916,-0.17976397275924683,assist,no
4011,0,0,0.0015011823349122177,-6.532358646392822,-0.032358698546886444,assist,no
4012,0,0,0.001926734212007087,-6.257016658782959,-0.007016424089670181,assist,no
4013,0,0,0.0015011823300262656,-6.505865573883057,-0.005865622777491808,assist,no
4014,0,0,0.0007096704806677758,-7.257710933685303,-0.007711048703640699,assist,no
4015,0,0,0.0013250225823531875,-6.632771015167236,-0.007771139964461327,assist,no
4016,0,0,0.014063625338654184,-4.266180515289307,-0.01618039235472679,assist,no
4017,0,0,0.0004878571859064363,-7.635520935058594,-0.010521064512431622,assist,no
4018,0,0,0.005911068456746143,-5.1368327140808105,-0.0118326460942626,assist,no
4019,0,0,0.029312229585402833,-3.5437495708465576,-0.043749529868364334,assist,no
4020,0,0,0.0006263342747001887,-7.377985954284668,-0.002986140549182892,assist,no
4021,0,0,0.04742587620689797,-3.0695831775665283,-0.06958324462175369,assist,no
4022,0,0,0.0021827162627913446,-6.144191265106201,-0.019191181287169456,assist,no
4023,0,0,0.0028009263948438074,-5.885128498077393,-0.010128293186426163,assist,no
4024,0,0,0.00218271594230798,-6.133748531341553,-0.00874830037355423,assist,no
4025,0,0,0.00043055717210919515,-7.756709098815918,-0.006709309760481119,assist,no
4026,0,0,0.000709670394477347,-7.258884429931641,-0.008884423412382603,assist,no
4027,0,0,0.007577240721596851,-4.8863630294799805,-0.011362956836819649,assist,no
4028,0,0,0.0003799844694713956,-7.886796951293945,-0.011796832084655762,assist,no
4029,0,0,0.0011695102846380299,-6.762871265411377,-0.012871282175183296,assist,no
4030,0,0,0.005911068593560405,-5.141629695892334,-0.016629651188850403,assist,no
4031,0,0,0.0006263341138049338,-7.3922247886657715,-0.017224717885255814,assist,no
4032,0,0,0.002800926873475611,-5.909045696258545,-0.034045662730932236,assist,no
4033,0,0,0.0021827167455448562,-6.138871669769287,-0.013871807605028152,assist,no
4034,0,0,0.0006263342811126815,-7.3825602531433105,-0.007560449652373791,assist,no
4035,0,0,0.0024726232898674935,-6.01942253112793,-0.019422585144639015,assist,no
4036,0,0,0.0010322309580063078,-6.883355617523193,-0.008355541154742241,assist,no
4037,0,0,0.0017007224003666962,-6.383232593536377,-0.00823258701711893,assist,no
4038,0,0,0.0011695101116591588,-6.759738922119141,-0.009738790802657604,assist,no
4039,0,0,0.00317268295441102,-5.780661106109619,-0.030661141499876976,assist,no
4040,0,0,0.0002034270214318407,-8.509149551391602,-0.00914976466447115,assist,no
4041,0,0,0.0040701376819194815,-5.509823322296143,-0.009823313914239407,assist,no
4042,0,0,0.0011695101603434609,-6.753476619720459,-0.0034765300806611776,assist,no
4043,0,0,0.000158436280770851,-8.770994186401367,-0.020994575694203377,assist,no
4044,0,0,0.0010322312513925621,-6.880481243133545,-0.0054814512841403484,assist,no
4045,0,0,0.000626334021115295,-7.383541107177734,-0.00854088831692934,assist,no
4046,0,0,0.0007096702954079016,-7.260987758636475,-0.010987612418830395,assist,no
4047,0,0,0.0010322309099889254,-6.894870281219482,-0.019870158284902573,assist,no
4048,0,0,0.008577484479165563,-4.763526916503906,-0.013526806607842445,assist,no
4049,0,0,0.010986941335237732,-4.518253326416016,-0.018253207206726074,assist,no
4050,0,0,0.042087729267329864,-3.172689914703369,-0.04768994823098183,assist,no
4051,0,0,0.00103223110109812,-6.881042957305908,-0.006043019704520702,assist,no
4052,0,0,0.0013250225188851895,-6.630654335021973,-0.005654411856085062,assist,no
4053,0,0,0.0010322309791339567,-6.8804426193237305,-0.005442563444375992,assist,no
4054,0,0,0.0008040858054317913,-7.14447021484375,-0.019470052793622017,assist,no
4055,0,0,0.029312229161419755,-3.53515362739563,-0.035153571516275406,assist,no
4056,0,0,0.01406362559692558,-4.274367809295654,-0.02436770498752594,assist,no
4057,0,0,0.0015011820654869021,-6.5085859298706055,-0.008585802279412746,assist,no
4058,0,0,0.001325022541684373,-6.6328206062316895,-0.00782070029526949,assist,no
4059,0,0,0.005220125016484473,-5.260432720184326,-0.010432589799165726,assist,no
4060,0,0,0.00037998444612365585,-7.891835689544678,-0.01683550886809826,assist,no
4061,0,0,0.02931223234129297,-3.5307254791259766,-0.03072553500533104,assist,no
4062,0,0,0.0046095720340850795,-5.396748065948486,-0.02174803428351879,assist,no
4063,0,0,0.0031726822534019366,-5.78860330581665,-0.03860311955213547,assist,no
4064,0,0,0.0019267344484129915,-6.276211261749268,-0.026211149990558624,assist,no
4065,0,0,0.000804085825821907,-7.12677001953125,-0.0017698828596621752,assist,no
4066,0,0,0.0035936031016452034,-5.645545959472656,-0.02054610475897789,assist,no
4067,0,0,0.0017007222794028082,-6.380085468292236,-0.005085390526801348,assist,no
4068,0,0,0.002182716674551686,-6.140501499176025,-0.015501604415476322,assist,no
4069,0,0,0.00023050662498192356,-8.398932456970215,-0.023932036012411118,assist,no
4070,0,0,0.012431651973712475,-4.393092155456543,-0.01809224672615528,assist,no
4071,0,0,0.00116951044673775,-6.764447212219238,-0.014447367750108242,assist,no
4072,0,0,0.017986206540559057,-4.042459487915039,-0.04245929419994354,assist,no
4073,0,0,0.0017007221643685299,-6.378880023956299,-0.0038798784371465445,assist,no
4074,0,0,0.004070138217995474,-5.5098700523376465,-0.009870176203548908,assist,no
4075,0,0,0.001032231083331686,-6.882421970367432,-0.0074220155365765095,assist,no
4076,0,0,0.022977367902892003,-3.806687831878662,-0.056687742471694946,assist,no
4077,0,0,0.0011695104320508616,-6.7554931640625,-0.0054933070205152035,assist,no
4078,0,0,0.00037998457488999557,-7.879244327545166,-0.0042444858700037,assist,no
4079,0,0,0.0024726234047232915,-6.009739398956299,-0.009739499539136887,assist,no
4080,0,0,0.001501182304200521,-6.520751476287842,-0.020751507952809334,assist,no
4081,0,0,0.03308597624352061,-3.4102303981781006,-0.035230331122875214,assist,no
4082,0,0,0.00317268293673852,-5.767032623291016,-0.017032653093338013,assist,no
4083,0,0,0.0003353501835429321,-8.021466255187988,-0.021466413512825966,assist,no
4084,0,0,0.0015011824005235711,-6.509542942047119,-0.009543037973344326,assist,no
4085,0,0,0.001325022635962081,-6.631314754486084,-0.006314919795840979,assist,no
4086,0,0,0.0035936026781285993,-5.633867263793945,-0.008867290802299976,assist,no
4087,0,0,0.015906391128680933,-4.1891045570373535,-0.06410451978445053,assist,no
4088,0,0,0.001032230876856933,-6.882559776306152,-0.00755962124094367,assist,no
4089,0,0,0.3486451217982255,-1.1521754264831543,-0.5271753668785095,assist,no
4090,0,0,0.015906389233496306,-4.156002521514893,-0.031002363190054893,assist,no
4091,0,0,0.006692852224496884,-5.009606838226318,-0.009607033804059029,assist,no
4092,0,0,0.001325022722845465,-6.6379828453063965,-0.012983076274394989,assist,no
4093,0,0,0.0031726824109816957,-5.756865501403809,-0.006865364965051413,assist,no
4094,0,0,0.017986211903153554,-4.026828289031982,-0.026828398928046227,assist,no
4095,0,0,0.0010322309099889254,-6.903179168701172,-0.028179045766592026,assist,no
4096,0,0,0.00029595716696977515,-8.131461143493652,-0.006461324170231819,assist,no
4097,0,0,0.0075772397551299425,-4.902706623077393,-0.02770642191171646,assist,no
4098,0,0,0.0011695102585280099,-6.767913818359375,-0.017913812771439552,assist,no
4099,0,0,0.03308597743528921,-3.448699951171875,-0.07369992136955261,assist,no
4100,0,0,0.0028009276226385973,-5.887269496917725,-0.012269731611013412,assist,no
4101,0,0,0.029312233083263427,-3.5371792316436768,-0.037179313600063324,assist,no
4102,0,0,0.0005527786760279299,-7.534932613372803,-0.034932684153318405,assist,no
4103,0,0,0.0017007220390562838,-6.381631374359131,-0.006631155032664537,assist,no
4104,0,0,0.0019267347385475506,-6.2562971115112305,-0.006297150626778603,assist,no
4105,0,0,0.00033535019072386475,-8.010425567626953,-0.010425747372210026,assist,no
4106,0,0,0.0010322308197162529,-6.894773483276367,-0.019773272797465324,assist,no
4107,0,0,0.0015011824410071741,-6.532439708709717,-0.032439831644296646,assist,no
4108,0,0,0.001926735093156515,-6.271041393280029,-0.021041616797447205,assist,no
4109,0,0,0.0004305570889400977,-7.763296604156494,-0.013296621851623058,assist,no
4110,0,0,0.0008040858768907309,-7.130107879638672,-0.005107806529849768,assist,no
4111,0,0,0.0019267348666007803,-6.25583553314209,-0.005835638847202063,assist,no
4112,0,0,0.002800927068570119,-5.8789849281311035,-0.003984964452683926,assist,no
4113,0,0,0.007577241576009728,-4.914525032043457,-0.039525073021650314,assist,no
4114,0,0,0.0024726232117655536,-6.011934757232666,-0.011934779584407806,assist,no
4115,0,0,0.003593601821091213,-5.638411521911621,-0.013411309570074081,assist,no
4116,0,0,0.00857748385349471,-4.760254383087158,-0.010254199616611004,assist,no
4117,0,0,0.0019267347430249357,-6.255987167358398,-0.005987208802253008,assist,no
4118,0,0,0.0953494648991095,-2.491239309310913,-0.24123930931091309,assist,no
4119,0,0,0.004070137957507836,-5.5177178382873535,-0.01771789789199829,assist,no
4120,0,0,0.0010322308139541674,-6.88893985748291,-0.013939641416072845,assist,no
4121,0,0,0.0011695100023234703,-6.756685733795166,-0.006685508880764246,assist,no
4122,0,0,0.0010322311308689023,-6.897256851196289,-0.022256942465901375,assist,no
4123,0,0,0.0006263340566754693,-7.387625217437744,-0.012625055387616158,assist,no
4124,0,0,0.0024726229958366742,-6.017704963684082,-0.017704898491501808,assist,no
4125,0,0,0.004609571484977677,-5.381308555603027,-0.006308404263108969,assist,no
4126,0,0,0.0019267343284190815,-6.259204864501953,-0.009204690344631672,assist,no
4127,0,0,0.00037998457488999557,-7.888205528259277,-0.013205686584115028,assist,no
4128,0,0,0.008577484574204177,-4.770022869110107,-0.020022770389914513,assist,no
4129,0,0,0.0008040860590923484,-7.1359710693359375,-0.010971223004162312,assist,no
4130,0,0,0.0021827165325653524,-6.130490303039551,-0.00549034308642149,assist,no
4131,0,0,0.00317268293673852,-5.773269176483154,-0.023269206285476685,assist,no
4132,0,0,0.06008665522337757,-2.8369953632354736,-0.0869954526424408,assist,no
4133,0,0,0.0003799845925776831,-7.8844313621521,-0.009431567043066025,assist,no
4134,0,0,0.0004305571648945258,-7.75658655166626,-0.006586745847016573,assist,no
4135,0,0,0.0011695100637907963,-6.762922763824463,-0.012922591529786587,assist,no
4136,0,0,0.05340332735168128,-2.9311304092407227,-0.056130360811948776,assist,no
4137,0,0,0.0017007221347205216,-6.386064529418945,-0.011064366437494755,assist,no
4138,0,0,0.02931222746548751,-3.557257652282715,-0.05725753679871559,assist,no
4139,0,0,0.04208772986809033,-3.1736414432525635,-0.04864149168133736,assist,no
4140,0,0,0.0035936027281502424,-5.648425102233887,-0.023425143212080002,assist,no
4141,0,0,0.014063625519444161,-4.274656295776367,-0.024656185880303383,assist,no
4142,0,0,0.0009110511333655611,-7.012673854827881,-0.012673787772655487,assist,no
4143,0,0,0.03732688346210099,-3.294454336166382,-0.04445422813296318,assist,no
4144,0,0,0.0024726227661251215,-6.017836570739746,-0.01783641241490841,assist,no
4145,0,0,0.015906395210617815,-4.14816427230835,-0.023164495825767517,assist,no
4146,0,0,0.005911069545787752,-5.134978294372559,-0.009978411719202995,assist,no
4147,0,0,0.014063625364481323,-4.271297454833984,-0.021297333762049675,assist,no
4148,0,0,0.006692851320539924,-5.043116092681885,-0.04311615228652954,assist,no
4149,0,0,0.002182716512281591,-6.136291027069092,-0.01129105780273676,assist,no
4150,0,0,0.0010322308547689387,-6.882307052612305,-0.007306876126676798,assist,no
4151,0,0,0.001501182323744328,-6.5095109939575195,-0.009511038661003113,assist,no
4152,0,0,0.002182716451430309,-6.1375555992126465,-0.012555602006614208,assist,no
4153,0,0,0.0011695102269784032,-6.764312267303467,-0.014312234707176685,assist,no
4154,0,0,0.0013250224985507835,-6.639976501464844,-0.014976562932133675,assist,no
4155,0,0,0.0017007221473703384,-6.386031627655029,-0.011031472124159336,assist,no
4156,0,0,0.0019267349785354285,-6.257842063903809,-0.007842227816581726,assist,no
4157,0,0,0.0005527787277382657,-7.506907939910889,-0.0069081042893230915,assist,no
4158,0,0,0.0004878570110661284,-7.629334926605225,-0.004334697499871254,assist,no
4159,0,0,0.002182716660353052,-6.149465560913086,-0.024465659633278847,assist,no
4160,0,0,0.000230506757621163,-8.380744934082031,-0.005745088681578636,assist,no
4161,0,0,0.0021827160518402638,-6.146255970001221,-0.021255789324641228,assist,no
4162,0,0,0.001325022684025229,-6.632745742797852,-0.007745944429188967,assist,no
4163,0,0,0.002182716668466557,-6.131654262542725,-0.006654364988207817,assist,no
4164,0,0,0.003593602928236824,-5.633738040924072,-0.008738137781620026,assist,no
4165,0,0,0.0002959570727316849,-8.131455421447754,-0.006455283612012863,assist,no
4166,0,0,0.006692849438328558,-5.043838977813721,-0.043838754296302795,assist,no
4167,0,0,0.003593602508055016,-5.64054012298584,-0.015540102496743202,assist,no
4168,0,0,0.004070138233096207,-5.51246976852417,-0.012469896115362644,assist,no
4169,0,0,0.0019267348442138514,-6.2576518058776855,-0.007651899941265583,assist,no
4170,0,0,0.02033235345396455,-3.9005842208862305,-0.025584226474165916,assist,no
4171,0,0,0.014063629186898446,-4.280519008636475,-0.030519163236021996,assist,no
4172,0,0,0.0015011820724668318,-6.510690212249756,-0.01069008931517601,assist,no
4173,0,0,0.007577242094260209,-4.884403705596924,-0.009403815492987633,assist,no
4174,0,0,0.015906388038072268,-4.156749248504639,-0.03174901381134987,assist,no
4175,0,0,0.004609572153734951,-5.383763313293457,-0.008763307705521584,assist,no
4176,0,0,0.017986209501500608,-4.024214267730713,-0.0242142416536808,assist,no
4177,0,0,0.009708477502223504,-4.646108627319336,-0.021108733490109444,assist,no
4178,0,0,0.014063626294258367,-4.272066593170166,-0.022066539153456688,assist,no
4179,0,0,0.10669060175672705,-2.2458839416503906,-0.12088402360677719,assist,no
4180,0,0,0.001700722398785469,-6.3898701667785645,-0.014870159327983856,assist,no
4181,0,0,0.003172682745286445,-5.757866859436035,-0.007866828702390194,assist,no
4182,0,0,0.0028009265249067895,-5.890954494476318,-0.015954336151480675,assist,no
4183,0,0,0.004609571179443237,-5.396631717681885,-0.021631499752402306,assist,no
4184,0,0,0.00280092717522179,-5.886202812194824,-0.011202886700630188,assist,no
4185,0,0,0.00757724079163069,-4.891488075256348,-0.016488011926412582,assist,no
4186,0,0,0.0008040857799909139,-7.13137149810791,-0.006371304392814636,assist,no
4187,0,0,0.000626334068917497,-7.387261867523193,-0.012261725030839443,assist,no
4188,0,0,0.010986943865228983,-4.520035743713379,-0.02003585733473301,assist,no
4189,0,0,0.001700722803579719,-6.3830132484436035,-0.00801347941160202,assist,no
4190,0,0,0.0021827160599537667,-6.141989231109619,-0.016989054158329964,assist,no
4191,0,0,0.20181322226037882,-1.6655879020690918,-0.2905879020690918,assist,no
4192,0,0,0.0007096703304124375,-7.265353679656982,-0.015353582799434662,assist,no
4193,0,0,0.00023050664343980673,-8.399261474609375,-0.02426113374531269,assist,no
4194,0,0,0.0008040857814874362,-7.129540920257568,-0.004540728405117989,assist,no
4195,0,0,0.0007096702382778612,-7.25364875793457,-0.0036485311575233936,assist,no
4196,0,0,0.0013250225527758677,-6.632758617401123,-0.007758719846606255,assist,no
4197,0,0,0.00591107023533179,-5.150972366333008,-0.025972601026296616,assist,no
4198,0,0,0.003172682499344182,-5.757801055908203,-0.007800947409123182,assist,no
4199,0,0,0.010986942691312972,-4.524256706237793,-0.024256711825728416,assist,no
4200,0,0,0.0009110510659726601,-7.007187366485596,-0.007187225390225649,assist,no
4201,0,0,0.14804720179063335,-1.9157460927963257,-0.16574612259864807,assist,no
4202,0,0,0.0075772403083972165,-4.88940954208374,-0.014409414492547512,assist,no
4203,0,0,0.0024726228465241627,-6.014219284057617,-0.014219158329069614,assist,no
4204,0,0,0.003172682851321439,-5.763915538787842,-0.01391554158180952,assist,no
4205,0,0,0.0017007220857024816,-6.388515472412109,-0.013515280559659004,assist,no
4206,0,0,0.0008040857949561359,-7.140443325042725,-0.015443149954080582,assist,no
4207,0,0,0.0010322311212654243,-6.899881362915039,-0.02488144487142563,assist,no
4208,0,0,0.0005527786980241169,-7.50176477432251,-0.0017648849170655012,assist,no
4209,0,0,0.0011695100539995406,-6.7726054191589355,-0.02260523848235607,assist,no
4210,0,0,0.0046095714486554,-5.386370658874512,-0.01137049961835146,assist,no
4211,0,0,0.003593602756495841,-5.632579803466797,-0.007579852361232042,assist,no
4212,0,0,0.04208772641371775,-3.199748992919922,-0.07474895566701889,assist,no
4213,0,0,0.004070137089215825,-5.513850212097168,-0.013850057497620583,assist,no
4214,0,0,0.0019267347295927792,-6.261238098144531,-0.01123813260346651,assist,no
4215,0,0,0.0013250225287442959,-6.627198696136475,-0.002198780421167612,assist,no
4216,0,0,0.002800926821450411,-5.888372898101807,-0.013372845947742462,assist,no
4217,0,0,0.0040701385955138215,-5.5137200355529785,-0.013720252551138401,assist,no
4218,0,0,0.006692851791092847,-5.022376537322998,-0.022376667708158493,assist,no
4219,0,0,0.02033235156176603,-3.902438163757324,-0.027438074350357056,assist,no
4220,0,0,0.0004305571265164951,-7.752808570861816,-0.002808675868436694,assist,no
4221,0,0,0.00048785715230076186,-7.636821746826172,-0.011821807362139225,assist,no
4222,0,0,0.002472623333512696,-6.005591869354248,-0.005591941066086292,assist,no
4223,0,0,0.001700722360836013,-6.381901741027832,-0.0069017112255096436,assist,no
4224,0,0,0.001700722232756605,-6.383128643035889,-0.00812853779643774,assist,no
4225,0,0,0.0006263341123475495,-7.379918098449707,-0.004918025340884924,assist,no
4226,0,0,0.001032231132789598,-6.884992599487305,-0.009992692619562149,assist,no
4227,0,0,0.001501182143662118,-6.504541397094727,-0.004541321657598019,assist,no
4228,0,0,0.0011695105114688524,-6.754504203796387,-0.004504414740949869,assist,no
4229,0,0,0.0007096703482449376,-7.2570271492004395,-0.007027077488601208,assist,no
4230,0,0,0.060086643862295744,-2.8370790481567383,-0.08707893639802933,assist,no
4231,0,0,0.0004305571457055101,-7.7509446144104,-0.0009447640040889382,assist,no
4232,0,0,0.0005527785664329058,-7.513378620147705,-0.013378492556512356,assist,no
4233,0,0,0.004070138148154584,-5.506152629852295,-0.006152736488729715,assist,no
4234,0,0,0.0010322311078205548,-6.887465000152588,-0.012465069070458412,assist,no
4235,0,0,0.00460957149993391,-5.390194416046143,-0.015194267965853214,assist,no
4236,0,0,0.007577240910688217,-4.884983062744141,-0.00998301524668932,assist,no
4237,0,0,0.009708475120474984,-4.646947383880615,-0.021947242319583893,assist,no
4238,0,0,0.00048785722814059806,-7.642063140869141,-0.017063356935977936,assist,no
4239,0,0,0.004070138557761984,-5.51486349105835,-0.014863698743283749,assist,no
4240,0,0,0.0005527787074143023,-7.505430698394775,-0.005430825985968113,assist,no
4241,0,0,0.012431649343905175,-4.392296314239502,-0.017296191304922104,assist,no
4242,0,0,0.029312230751356316,-3.548969030380249,-0.04896903038024902,assist,no
4243,0,0,0.13296424706933604,-2.055271625518799,-0.1802716851234436,assist,no
4244,0,0,0.00407013861438974,-5.521413803100586,-0.021414024755358696,assist,no
4245,0,0,0.04208772986809033,-3.1711435317993164,-0.046143580228090286,assist,no
4246,0,0,0.000295957007701909,-8.134224891662598,-0.009224534034729004,assist,no
4247,0,0,0.0007096704291516562,-7.257735729217529,-0.007735771592706442,assist,no
4248,0,0,0.0006263342455524946,-7.387112140655518,-0.01211228035390377,assist,no
4249,0,0,0.0031726822003844495,-5.772275447845459,-0.022275244817137718,assist,no
4250,0,0,0.017986206573458403,-4.023570537567139,-0.0235703457146883,assist,no
4251,0,0,0.00359360226628376,-5.632675647735596,-0.007675559725612402,assist,no
4252,0,0,0.005911069939812908,-5.146607398986816,-0.02160758338868618,assist,no
4253,0,0,0.001325022207090993,-6.630758285522461,-0.0057581267319619656,assist,no
4254,0,0,0.0015011825806058117,-6.507203578948975,-0.00720379501581192,assist,no
4255,0,0,0.001325022251456961,-6.631898403167725,-0.006898277904838324,assist,no
4256,0,0,0.00043055705406920384,-7.756625652313232,-0.006625588983297348,assist,no
4257,0,0,0.10669059678604234,-2.2548022270202637,-0.12980225682258606,assist,no
4258,0,0,0.0008040860190603673,-7.129708290100098,-0.004708393942564726,assist,no
4259,0,0,0.0021827164970687706,-6.130227088928223,-0.005227112676948309,assist,no
4260,0,0,0.008577486253219876,-4.766144752502441,-0.016144851222634315,assist,no
4261,0,0,0.05340333243628599,-2.9478962421417236,-0.07289629429578781,assist,no
4262,0,0,0.000430557074510762,-7.7575883865356445,-0.007588370703160763,assist,no
4263,0,0,0.0015011820975945795,-6.522902488708496,-0.022902382537722588,assist,no
4264,0,0,0.010986943116351513,-4.540097236633301,-0.04009728133678436,assist,no
4265,0,0,0.008577487061048297,-4.770055294036865,-0.020055487751960754,assist,no
4266,0,0,0.0004878570333185277,-7.633368492126465,-0.008368308655917645,assist,no
4267,0,0,0.004609571461475027,-5.396980285644531,-0.021980129182338715,assist,no
4268,0,0,0.00048785721179188987,-7.656029224395752,-0.031029406934976578,assist,no
4269,0,0,0.005220125093864346,-5.277232646942139,-0.02723253145813942,assist,no
4270,0,0,0.0015011825010345866,-6.514690399169922,-0.014690562151372433,assist,no
4271,0,0,0.01098694327827096,-4.527143955230713,-0.027144014835357666,assist,no
4272,0,0,0.0009110511164113716,-7.009927272796631,-0.009927187114953995,assist,no
4273,0,0,0.017986212791436227,-4.052837371826172,-0.05283753201365471,assist,no
4274,0,0,0.0007096703330542893,-7.259868144989014,-0.00986805185675621,assist,no
4275,0,0,0.029312230433368995,-3.5343499183654785,-0.03434990718960762,assist,no
4276,0,0,0.0005527786410398447,-7.513553142547607,-0.013553149998188019,assist,no
4277,0,0,0.0015011820557150003,-6.525557518005371,-0.02555738389492035,assist,no
4278,0,0,0.00023050669698913875,-8.38208293914795,-0.007082830648869276,assist,no
4279,0,0,0.0011695100953403987,-6.7625956535339355,-0.012595508247613907,assist,no
4280,0,0,0.0031726833608785423,-5.766906261444092,-0.01690642535686493,assist,no
4281,0,0,0.003172683466913557,-5.772531032562256,-0.022531230002641678,assist,no
4282,0,0,0.03308597791199666,-3.4345297813415527,-0.05952976644039154,assist,no
4283,0,0,0.001926735093156515,-6.266818523406982,-0.01681874692440033,assist,no
4284,0,0,0.007577241744090961,-4.897905349731445,-0.022905413061380386,assist,no
4285,0,0,0.006692850193689635,-5.012142658233643,-0.012142548337578773,assist,no
4286,0,0,0.004609571260634205,-5.3846235275268555,-0.009623327292501926,assist,no
4287,0,0,0.2689414330889798,-1.4267914295196533,-0.4267914891242981,assist,no
4288,0,0,0.0035936023513205443,-5.640474319458008,-0.015474255196750164,assist,no
4289,0,0,0.000626334054489393,-7.37657356262207,-0.0015733970794826746,assist,no
4290,0,0,0.0013250222311225587,-6.636626720428467,-0.01162657979875803,assist,no
4291,0,0,0.0009110510430845063,-7.007240295410156,-0.007240129169076681,assist,no
4292,0,0,0.0011695101693187794,-6.758227348327637,-0.008227266371250153,assist,no
4293,0,0,0.001700722816229541,-6.38250732421875,-0.0075075626373291016,assist,no
4294,0,0,0.004609572397307911,-5.383838176727295,-0.008838224224746227,assist,no
4295,0,0,0.00043055704925942556,-7.76179313659668,-0.011793062090873718,assist,no
4296,0,0,0.003172682642196871,-5.763619422912598,-0.013619359582662582,assist,no
4297,0,0,0.0008040860950088938,-7.133105754852295,-0.008105953224003315,assist,no
4298,0,0,0.00460957215800816,-5.382524013519287,-0.007524008862674236,assist,no
4299,0,0,0.0021827167739421247,-6.1315388679504395,-0.006539018824696541,assist,no
4300,0,0,0.002182716169486056,-6.148587703704834,-0.023587577044963837,assist,no
4301,0,0,0.005220126003077935,-5.266336441040039,-0.016336500644683838,assist,no
4302,0,0,0.004609572491318529,-5.388176441192627,-0.0131765091791749,assist,no
4303,0,0,0.2018132270610754,-1.6070455312728882,-0.23204556107521057,assist,no
4304,0,0,0.001325022360523306,-6.636567115783691,-0.011567072942852974,assist,no
4305,0,0,0.1480471980316895,-1.9489327669143677,-0.19893276691436768,assist,no
4306,0,0,0.0010322312168200367,-6.881607532501221,-0.0066077071242034435,assist,no
4307,0,0,0.008577486158181243,-4.761369705200195,-0.011369792744517326,assist,no
4308,0,0,0.07585818733363135,-2.6278700828552246,-0.12787018716335297,assist,no
4309,0,0,0.0004305569863314984,-7.759476661682129,-0.009476440958678722,assist,no
4310,0,0,0.008577484463325792,-4.770843505859375,-0.020843394100666046,assist,no
4311,0,0,0.007577241519982652,-4.908054828643799,-0.033054862171411514,assist,no
4312,0,0,0.01243164957258405,-4.43007230758667,-0.055072203278541565,assist,no
4313,0,0,0.001032231116943859,-6.878357887268066,-0.0033579650335013866,assist,no
4314,0,0,0.0007096703495658634,-7.26099157333374,-0.010991503484547138,assist,no
4315,0,0,0.0010322311779259472,-6.887563705444336,-0.012563842348754406,assist,no
4316,0,0,0.0009110513482599386,-7.004040718078613,-0.004040887113660574,assist,no
4317,0,0,0.0009110510630056772,-7.004424095153809,-0.004423950798809528,assist,no
4318,0,0,0.04208772851637929,-3.1916654109954834,-0.06666542589664459,assist,no
4319,0,0,0.11920291732853862,-2.145047187805176,-0.1450471431016922,assist,no
4320,0,0,0.0013250223937977857,-6.629734039306641,-0.004734021611511707,assist,no
4321,0,0,0.001501182143662118,-6.51054048538208,-0.010540409944951534,assist,no
4322,0,0,0.00043055714705826057,-7.759648323059082,-0.009648475795984268,assist,no
4323,0,0,0.003172682145894254,-5.757081985473633,-0.007081765215843916,assist,no
4324,0,0,0.001926734792276177,-6.258618354797363,-0.008618421852588654,assist,no
4325,0,0,0.01798621025818575,-4.025885581970215,-0.025885598734021187,assist,no
4326,0,0,0.06754668738548215,-2.7118921279907227,-0.08689206838607788,assist,no
4327,0,0,0.0001584362509694086,-8.76153564453125,-0.011535845696926117,assist,no
4328,0,0,0.003172683248952698,-5.75973653793335,-0.009736666455864906,assist,no
4329,0,0,0.0015011824975446205,-6.5064826011657715,-0.0064827618189156055,assist,no
4330,0,0,0.0009110514054803435,-7.014252185821533,-0.014252417720854282,assist,no
4331,0,0,0.0010322310324332546,-6.879169940948486,-0.004169936757534742,assist,no
4332,0,0,0.005220125335676455,-5.26785135269165,-0.01785128377377987,assist,no
4333,0,0,0.0028009274041327055,-5.886131763458252,-0.011131919920444489,assist,no
4334,0,0,0.005911069699019755,-5.146494388580322,-0.021494532003998756,assist,no
4335,0,0,0.003172683384441879,-5.766523838043213,-0.01652400940656662,assist,no
4336,0,0,0.003172683574421283,-5.757184982299805,-0.0071852137334644794,assist,no
4337,0,0,0.0024726231727145846,-6.008896350860596,-0.008896357379853725,assist,no
4338,0,0,0.07585818263281055,-2.599411964416504,-0.09941200166940689,assist,no
4339,0,0,0.002800927453556656,-5.88959264755249,-0.014592821709811687,assist,no
4340,0,0,0.0008040858151591859,-7.1303277015686035,-0.0053275516256690025,assist,no
4341,0,0,0.003172682524380219,-5.758054733276367,-0.008054632693529129,assist,no
4342,0,0,0.003593603048288778,-5.633774757385254,-0.008774887770414352,assist,no
4343,0,0,0.06754668550840877,-2.717573404312134,-0.09257331490516663,assist,no
4344,0,0,0.014063625183691352,-4.268091678619385,-0.01809154450893402,assist,no
4345,0,0,0.004070138523785333,-5.509457111358643,-0.009457310661673546,assist,no
4346,0,0,0.0013250225897475172,-6.638403415679932,-0.013403546065092087,assist,no
4347,0,0,0.0019267343158824051,-6.2669267654418945,-0.016926584765315056,assist,no
4348,0,0,0.18242552380635632,-1.7654061317443848,-0.26540613174438477,assist,no
4349,0,0,0.0004878572181497207,-7.631746768951416,-0.006746964529156685,assist,no
4350,0,0,0.00970847764548659,-4.640106201171875,-0.0151063222438097,assist,no
4351,0,0,0.0675466911396291,-2.7153329849243164,-0.0903329849243164,assist,no
4352,0,0,0.0031726823299827534,-5.762350082397461,-0.012349920347332954,assist,no
4353,0,0,0.0011695103194513908,-6.761321067810059,-0.011321114376187325,assist,no
4354,0,0,0.002472623060155913,-6.0173869132995605,-0.017386874184012413,assist,no
4355,0,0,0.0015011823453821144,-6.504485130310059,-0.004485189449042082,assist,no
4356,0,0,0.005220126452848545,-5.260406017303467,-0.010406163521111012,assist,no
4357,0,0,0.0007096705232676466,-7.257885932922363,-0.007886108011007309,assist,no
4358,0,0,0.001169510023537857,-6.756126403808594,-0.006126197054982185,assist,no
4359,0,0,0.04208772626352765,-3.1867778301239014,-0.061777789145708084,assist,no
4360,0,0,0.0015011823879596947,-6.518492698669434,-0.018492786213755608,assist,no
4361,0,0,0.03732688573777281,-3.306607246398926,-0.0566072016954422,assist,no
4362,0,0,0.0019267346275083932,-6.255836486816406,-0.005836468189954758,assist,no
4363,0,0,0.00033535000901509433,-8.006453514099121,-0.006453151814639568,assist,no
4364,0,0,9.610244610634052e-05,-9.268518447875977,-0.01851876638829708,assist,no
4365,0,0,0.0013250223445022604,-6.634459018707275,-0.009458963759243488,assist,no
4366,0,0,0.000261190207228847,-8.25727653503418,-0.007276106625795364,assist,no
4367,0,0,0.0006263340601731915,-7.39233922958374,-0.0173390731215477,assist,no
4368,0,0,0.015906391128680933,-4.157325267791748,-0.03232523053884506,assist,no
4369,0,0,0.0019267351003203332,-6.254171371459961,-0.004171598702669144,assist,no
4370,0,0,0.0010322307947472171,-6.882997512817383,-0.00799727812409401,assist,no
4371,0,0,0.001325022709289192,-6.636492729187012,-0.011492949910461903,assist,no
4372,0,0,0.001169510089084874,-6.752685070037842,-0.002684919396415353,assist,no
4373,0,0,0.0013250221288343582,-6.636458873748779,-0.011458655819296837,assist,no
4374,0,0,0.00037998456215486117,-7.891964435577393,-0.016964560374617577,assist,no
4375,0,0,0.00407013722512239,-5.523143768310547,-0.023143647238612175,assist,no
4376,0,0,0.025957357762928745,-3.700836658477783,-0.075836680829525,assist,no
4377,0,0,0.005220124924595876,-5.262096881866455,-0.012096733786165714,assist,no
4378,0,0,0.0003353500624037435,-8.017115592956543,-0.017115389928221703,assist,no
4379,0,0,0.0017007224960309537,-6.381200313568115,-0.006200363393872976,assist,no
4380,0,0,0.001700722308655512,-6.388601779937744,-0.01360171940177679,assist,no
4381,0,0,0.0031726831164089397,-5.76143217086792,-0.011432257480919361,assist,no
4382,0,0,0.001325022594677071,-6.6292500495910645,-0.004250183701515198,assist,no
4383,0,0,0.037326884131416216,-3.294548273086548,-0.04454818367958069,assist,no
4384,0,0,0.0007096704492957793,-7.267339706420898,-0.01733977720141411,assist,no
4385,0,0,0.002472623124475154,-6.0166916847229,-0.016691671684384346,assist,no
4386,0,0,0.001926734992863064,-6.258729457855225,-0.008729629218578339,assist,no
4387,0,0,0.033085978507881,-3.4301376342773438,-0.05513763800263405,assist,no
4388,0,0,0.006692850428966053,-5.021239757537842,-0.021239683032035828,assist,no
4389,0,0,0.0017007226422944988,-6.381147861480713,-0.0061479974538087845,assist,no
4390,0,0,0.008577486395777826,-4.765735626220703,-0.015735741704702377,assist,no
4391,0,0,0.001169510279742401,-6.755473613739014,-0.005473626311868429,assist,no
4392,0,0,0.0007096704658073563,-7.256193161010742,-0.006193255074322224,assist,no
4393,0,0,0.008577486760092604,-4.772756576538086,-0.022756734862923622,assist,no
4394,0,0,0.003172683219498529,-5.768317699432373,-0.018317818641662598,assist,no
4395,0,0,0.0028009268474630112,-5.894657135009766,-0.019657092168927193,assist,no
4396,0,0,0.060086648070103596,-2.836120128631592,-0.08612009137868881,assist,no
4397,0,0,0.00280092637923625,-5.8870530128479,-0.012052802368998528,assist,no
4398,0,0,0.020332351116542875,-3.938483238220215,-0.06348312646150589,assist,no
4399,0,0,0.022977371958974688,-3.7773971557617188,-0.027397247031331062,assist,no
4400,0,0,0.015906394948207555,-4.14391565322876,-0.01891585998237133,assist,no
4401,0,0,0.0021827169098433442,-6.131154537200928,-0.006154750473797321,assist,no
4402,0,0,0.0024726227546395447,-6.015594959259033,-0.015594796277582645,assist,no
4403,0,0,0.012431649092358419,-4.402220726013184,-0.027220582589507103,assist,no
4404,0,0,0.007577241043752515,-4.887096881866455,-0.01209685206413269,assist,no
4405,0,0,0.0031726830280464366,-5.7638773918151855,-0.013877450488507748,assist,no
4406,0,0,0.00407013858418827,-5.521682262420654,-0.02168247662484646,assist,no
4407,0,0,0.000552778702783526,-7.512162685394287,-0.01216280460357666,assist,no
4408,0,0,0.0035936021245557893,-5.635085582733154,-0.010085455141961575,assist,no
4409,0,0,0.0031726834256777174,-5.761690139770508,-0.011690324172377586,assist,no
4410,0,0,0.0009110510861057591,-7.003416061401367,-0.0034159424249082804,assist,no
4411,0,0,0.005220126786549345,-5.268733501434326,-0.018733711913228035,assist,no
4412,0,0,0.020332352378008508,-3.9128222465515137,-0.03782219812273979,assist,no
4413,0,0,0.0059110698577243305,-5.1344099044799805,-0.009410074912011623,assist,no
4414,0,0,0.0011695102900776174,-6.762999057769775,-0.012999079190194607,assist,no
4415,0,0,0.0009110514084473275,-7.0053887367248535,-0.005388971883803606,assist,no
4416,0,0,0.010986944310507505,-4.526795864105225,-0.026796018704771996,assist,no
4417,0,0,0.007577242430422701,-4.902454853057861,-0.027455007657408714,assist,no
4418,0,0,0.000139822111062073,-8.90183162689209,-0.02683188021183014,assist,no
4419,0,0,0.0013250222261930067,-6.632896423339844,-0.007896278984844685,assist,no
4420,0,0,0.007577240707590084,-4.885220527648926,-0.010220453143119812,assist,no
4421,0,0,0.002472622713291468,-6.012914180755615,-0.012914001010358334,assist,no
4422,0,0,0.01406362376319878,-4.272429943084717,-0.022429706528782845,assist,no
4423,0,0,0.0024726236631488563,-6.003528118133545,-0.0035283234901726246,assist,no
4424,0,0,0.0005527787197630395,-7.503956317901611,-0.003956467844545841,assist,no
4425,0,0,0.0008040859371257579,-7.140531063079834,-0.015531064942479134,assist,no
4426,0,0,0.0024726233162843266,-6.005309581756592,-0.005309646483510733,assist,no
4427,0,0,0.0004305570919462094,-7.756612300872803,-0.006612325552850962,assist,no
4428,0,0,0.0008040861241910885,-7.144612789154053,-0.019613023847341537,assist,no
4429,0,0,0.005911069797526043,-5.137051582336426,-0.012051742523908615,assist,no
4430,0,0,0.0013250223654528584,-6.632684707641602,-0.007684668526053429,assist,no
4431,0,0,0.0013250223050658412,-6.635313987731934,-0.010313902981579304,assist,no
4432,0,0,0.004070136964634814,-5.5107293128967285,-0.010729127563536167,assist,no
4433,0,0,0.008577486039382952,-4.763067722320557,-0.013067795895040035,assist,no
4434,0,0,0.0005527785337602149,-7.504487037658691,-0.004486850928515196,assist,no
4435,0,0,0.00460957154693921,-5.391427993774414,-0.01642785593867302,assist,no
4436,0,0,0.0024726226558635838,-6.01622200012207,-0.016221797093749046,assist,no
4437,0,0,0.007577242409412545,-4.8887248039245605,-0.01372495573014021,assist,no
4438,0,0,0.0013250225472301205,-6.630457878112793,-0.005457976367324591,assist,no
4439,0,0,0.0003353502422392557,-8.024165153503418,-0.02416548691689968,assist,no
4440,0,0,0.0006263342519649872,-7.382828712463379,-0.00782886240631342,assist,no
4441,0,0,0.001501181985915704,-6.51072883605957,-0.010728655382990837,assist,no
4442,0,0,0.00015843621703708007,-8.757999420166016,-0.00799940712749958,assist,no
4443,0,0,0.005220124537696537,-5.259350776672363,-0.009350554086267948,assist,no
4444,0,0,0.0028009269983360944,-5.883882522583008,-0.008882533758878708,assist,no
4445,0,0,0.03308597958047282,-3.4106438159942627,-0.03564385324716568,assist,no
4446,0,0,0.0017007226391320437,-6.385875225067139,-0.010875359177589417,assist,no
4447,0,0,0.0009110513427498256,-7.012476444244385,-0.012476607225835323,assist,no
4448,0,0,0.0013250225860503523,-6.639700889587402,-0.014701017178595066,assist,no
4449,0,0,0.22270013882530884,-1.5180128812789917,-0.2680128812789917,assist,no
4450,0,0,0.001501182131796237,-6.505867958068848,-0.005867874715477228,assist,no
4451,0,0,0.0010322311087809025,-6.885148048400879,-0.010148118250072002,assist,no
4452,0,0,0.005220124784344862,-5.265829086303711,-0.01582891121506691,assist,no
4453,0,0,0.00048785704149287876,-7.6345953941345215,-0.009595227427780628,assist,no
4454,0,0,0.001926735028682153,-6.255738735198975,-0.005738925188779831,assist,no
4455,0,0,0.0021827167272894694,-6.129522323608398,-0.004522453062236309,assist,no
4456,0,0,0.0005527786346082117,-7.506688117980957,-0.0066881137900054455,assist,no
4457,0,0,0.00407013782537643,-5.514915466308594,-0.014915493316948414,assist,no
4458,0,0,0.003593602461368151,-5.640939235687256,-0.015939202159643173,assist,no
4459,0,0,0.0006263342799467738,-7.384507656097412,-0.009507850743830204,assist,no
4460,0,0,0.008577485888905119,-4.770998954772949,-0.020999010652303696,assist,no
4461,0,0,0.06754669864792355,-2.772812843322754,-0.14781296253204346,assist,no
4462,0,0,0.0008040859752870817,-7.1360344886779785,-0.01103453803807497,assist,no
4463,0,0,0.0024726234070204076,-6.010646820068359,-0.010646921582520008,assist,no
4464,0,0,0.0017007225031464774,-6.404011249542236,-0.029011303558945656,assist,no
4465,0,0,0.0011695103597043404,-6.761566638946533,-0.011566719971597195,assist,no
4466,0,0,0.0019267349051062985,-6.265137195587158,-0.015137321315705776,assist,no
4467,0,0,0.16451646904109268,-1.8242961168289185,-0.19929616153240204,assist,no
4468,0,0,0.003172683039828104,-5.765070915222168,-0.015070977620780468,assist,no
4469,0,0,0.0010322308975044064,-6.881899833679199,-0.0068996986374258995,assist,no
4470,0,0,0.005911068177645059,-5.146358013153076,-0.02135789766907692,assist,no
4471,0,0,0.0024726237286166702,-6.009737968444824,-0.009738200344145298,assist,no
4472,0,0,0.0015011822679048808,-6.510711193084717,-0.010711200535297394,assist,no
4473,0,0,0.0035936024780420313,-5.639095306396484,-0.014095277525484562,assist,no
4474,0,0,0.0008040858420965868,-7.132016658782959,-0.0070165423676371574,assist,no
4475,0,0,0.0007096703350356782,-7.2541046142578125,-0.004104523919522762,assist,no
4476,0,0,0.0024726236642974146,-6.010868549346924,-0.010868755169212818,assist,no
4477,0,0,0.0008040860063399253,-7.131953239440918,-0.00695332745090127,assist,no
4478,0,0,0.0953494648991095,-2.498171806335449,-0.24817180633544922,assist,no
4479,0,0,0.00043055703282601695,-7.764980316162109,-0.014980203472077847,assist,no
4480,0,0,0.0004878570251441768,-7.62932825088501,-0.004328050650656223,assist,no
4481,0,0,0.0040701367947516215,-5.517506122589111,-0.017505895346403122,assist,no
4482,0,0,0.05340332998814293,-2.931170701980591,-0.05617070570588112,assist,no
4483,0,0,0.0021827159341944774,-6.133936882019043,-0.008936647325754166,assist,no
4484,0,0,0.009708474511607036,-4.6809492111206055,-0.05594900622963905,assist,no
4485,0,0,0.00020342704359370547,-8.519182205200195,-0.01918252743780613,assist,no
4486,0,0,0.0019267345809435871,-6.268652439117432,-0.01865239627659321,assist,no
4487,0,0,0.006692850571370205,-5.012157440185547,-0.012157387100160122,assist,no
4488,0,0,0.006692851264816554,-5.012692451477051,-0.012692502699792385,assist,no
4489,0,0,0.005911067750784603,-5.1530561447143555,-0.028055956587195396,assist,no
4490,0,0,0.3208212878370535,-1.2684135437011719,-0.5184134840965271,assist,no
4491,0,0,0.0017007222422439682,-6.384625434875488,-0.009625335223972797,assist,no
4492,0,0,0.0035936019378083545,-5.633368015289307,-0.00836783554404974,assist,no
4493,0,0,0.0015011821967095887,-6.508874893188477,-0.008874853141605854,assist,no
4494,0,0,0.012431649481112502,-4.4032745361328125,-0.028274424374103546,assist,no
4495,0,0,0.00669285241024148,-5.011315822601318,-0.011316046118736267,assist,no
4496,0,0,0.0005527785111208713,-7.506774425506592,-0.006774197798222303,assist,no
4497,0,0,0.00033535020321244366,-8.005897521972656,-0.005897738970816135,assist,no
4498,0,0,0.005220126680151985,-5.255738735198975,-0.005738925188779831,assist,no
4499,0,0,0.0017007226865688716,-6.403958797454834,-0.028958959504961967,assist,no
4500,0,0,0.00407013825952249,-5.5162882804870605,-0.01628841459751129,assist,no
4501,0,0,0.0017007225940670581,-6.3776774406433105,-0.002677548211067915,assist,no
4502,0,0,0.003593602701472033,-5.636014461517334,-0.01101449504494667,assist,no
4503,0,0,0.001325022327248827,-6.636600017547607,-0.011599949561059475,assist,no
4504,0,0,0.00037998443338852574,-7.886835098266602,-0.011834884062409401,assist,no
4505,0,0,0.0046095715127535365,-5.385434150695801,-0.010434005409479141,assist,no
4506,0,0,0.0021827165366221047,-6.13029146194458,-0.005291503854095936,assist,no
4507,0,0,0.001926734940925386,-6.25834321975708,-0.008343364112079144,assist,no
4508,0,0,0.0003353499983998084,-8.014975547790527,-0.014975153841078281,assist,no
4509,0,0,0.010986940161321984,-4.511715412139893,-0.011715184897184372,assist,no
4510,0,0,0.00247262272707416,-6.012821674346924,-0.012821500189602375,assist,no
4511,0,0,0.0013250223611395,-6.630901336669922,-0.00590129429474473,assist,no
4512,0,0,0.4378234991142019,-0.875748336315155,-0.625748336315155,assist,no
4513,0,0,0.0003799844719476711,-7.877233982086182,-0.002233869396150112,assist,no
4514,0,0,0.0004878571603615822,-7.628462791442871,-0.003462868509814143,assist,no
4515,0,0,0.005220125016484473,-5.256984710693359,-0.006984580308198929,assist,no
4516,0,0,0.0013250223087630053,-6.6298956871032715,-0.004895605146884918,assist,no
4517,0,0,0.01098694516058473,-4.525232315063477,-0.025232547894120216,assist,no
4518,0,0,0.01098694406762831,-4.5197858810424805,-0.019786013290286064,assist,no
4519,0,0,0.017986209369903194,-4.0207319259643555,-0.020731892436742783,assist,no
4520,0,0,0.003172682371218578,-5.761494159698486,-0.01149401068687439,assist,no
4521,0,0,0.012431647994699906,-4.4039483070373535,-0.028948074206709862,assist,no
4522,0,0,0.001032231236507169,-6.884007930755615,-0.009008124470710754,assist,no
4523,0,0,0.003593602964919365,-5.639343738555908,-0.014343845658004284,assist,no
4524,0,0,0.014063626733319769,-4.274499416351318,-0.02449939399957657,assist,no
4525,0,0,0.04208772596314743,-3.179631471633911,-0.05463142320513725,assist,no
4526,0,0,0.001501182422859352,-6.509799003601074,-0.009799114428460598,assist,no
4527,0,0,0.0008040859580770728,-7.131355285644531,-0.0063553135842084885,assist,no
4528,0,0,0.000804085986511001,-7.1451616287231445,-0.020161692053079605,assist,no
4529,0,0,0.0007096702821986433,-7.262117862701416,-0.012117697857320309,assist,no
4530,0,0,0.002472623632137787,-6.013363361358643,-0.013363554142415524,assist,no
4531,0,0,0.007577240210349847,-4.885636329650879,-0.01063618902117014,assist,no
4532,0,0,0.04208773242132242,-3.197377920150757,-0.07237803190946579,assist,no
4533,0,0,0.0013250223445022604,-6.634421348571777,-0.009421293623745441,assist,no
4534,0,0,0.0011695102966051225,-6.761834621429443,-0.011834648437798023,assist,no
4535,0,0,0.0019267347152651462,-6.259208679199219,-0.009208706207573414,assist,no
4536,0,0,0.004070138610614555,-5.50949239730835,-0.009492618031799793,assist,no
4537,0,0,0.004609572469952481,-5.391014575958252,-0.016014639288187027,assist,no
4538,0,0,0.37754066879814546,-1.094048261642456,-0.594048261642456,assist,no
4539,0,0,0.0009110512834101506,-7.013883113861084,-0.013883211649954319,assist,no
4540,0,0,0.004609573036152841,-5.380441665649414,-0.005441852379590273,assist,no
4541,0,0,0.08509904790742691,-2.4677770137786865,-0.09277705103158951,assist,no
4542,0,0,0.020332351302052524,-3.8979434967041016,-0.022943394258618355,assist,no
4543,0,0,0.0035936028948890596,-5.645991802215576,-0.020991889759898186,assist,no
4544,0,0,0.005220124619912643,-5.268825054168701,-0.018824847415089607,assist,no
4545,0,0,0.11920291419948606,-2.160918712615967,-0.16091863811016083,assist,no
4546,0,0,0.0028009273729175796,-5.8975019454956055,-0.02250209078192711,assist,no
4547,0,0,0.004070138395429092,-5.509829521179199,-0.00982968881726265,assist,no
4548,0,0,0.017986208284224578,-4.023626327514648,-0.023626232519745827,assist,no
4549,0,0,0.00857748413069065,-4.764606952667236,-0.01460680179297924,assist,no
4550,0,0,0.004070137640392471,-5.532411575317383,-0.03241155669093132,assist,no
4551,0,0,0.04208773031866069,-3.1710472106933594,-0.04604727029800415,assist,no
4552,0,0,0.0024726233151357684,-6.006274223327637,-0.006274287588894367,assist,no
4553,0,0,0.022977370662700766,-3.7945480346679688,-0.044548068195581436,assist,no
4554,0,0,0.0008040858102954888,-7.129262447357178,-0.004262291360646486,assist,no
4555,0,0,0.001700722786976828,-6.382697105407715,-0.007697326596826315,assist,no
4556,0,0,0.0031726822592927683,-5.76490592956543,-0.014905745163559914,assist,no
4557,0,0,0.02033235490094001,-3.909442663192749,-0.03444274142384529,assist,no
4558,0,0,0.0008040857972009193,-7.132884979248047,-0.007884806953370571,assist,no
4559,0,0,0.02931223287127187,-3.5357837677001953,-0.03578384220600128,assist,no
4560,0,0,0.00033535025660112364,-8.015018463134766,-0.01501883938908577,assist,no
4561,0,0,0.001700722498402795,-6.388338565826416,-0.01333861704915762,assist,no
4562,0,0,0.060086648490884395,-2.8234829902648926,-0.07348296046257019,assist,no
4563,0,0,0.0008040859932453525,-7.132256507873535,-0.007256579585373402,assist,no
4564,0,0,0.0005527786358945382,-7.517062187194824,-0.01706218533217907,assist,no
4565,0,0,0.0011695102585280099,-6.757051467895508,-0.007051462307572365,assist,no
4566,0,0,0.04208773182056191,-3.17903733253479,-0.0540374293923378,assist,no
4567,0,0,0.0035936027681675578,-5.640443801879883,-0.015443854033946991,assist,no
4568,0,0,0.0005527785386482552,-7.513636589050293,-0.013636411167681217,assist,no
4569,0,0,0.02931223234129297,-3.5392189025878906,-0.0392189584672451,assist,no
4570,0,0,0.04208772671409796,-3.220930576324463,-0.0959305465221405,assist,no
4571,0,0,0.002800926553520646,-5.886949062347412,-0.011948914267122746,assist,no
4572,0,0,0.003172682282856096,-5.75812292098999,-0.008122744038701057,assist,no
4573,0,0,0.014063625286999904,-4.2939324378967285,-0.04393231123685837,assist,no
4574,0,0,0.01243164806330356,-4.393024921417236,-0.018024694174528122,assist,no
4575,0,0,0.008577483988132736,-4.767663955688477,-0.01766378805041313,assist,no
4576,0,0,0.002182716593416637,-6.134395599365234,-0.009395667351782322,assist,no
4577,0,0,0.00460957159394451,-5.386136054992676,-0.011135927401483059,assist,no
4578,0,0,0.0031726834610227225,-5.768274784088135,-0.018274979665875435,assist,no
4579,0,0,0.001926735089574606,-6.2734575271606445,-0.02345774881541729,assist,no
4580,0,0,0.0011695104086606324,-6.755561351776123,-0.005561474710702896,assist,no
4581,0,0,0.001926734783321406,-6.265007972717285,-0.015008035115897655,assist,no
4582,0,0,0.002182716228308955,-6.131166934967041,-0.006166835315525532,assist,no
4583,0,0,0.006692850887135945,-5.008246898651123,-0.0082468930631876,assist,no
4584,0,0,0.0005527785355610718,-7.509485244750977,-0.009485061280429363,assist,no
4585,0,0,0.0004878571695577295,-7.6346049308776855,-0.009605026803910732,assist,no
4586,0,0,0.0028009266679760764,-5.887200832366943,-0.012200725264847279,assist,no
4587,0,0,0.0028009270555638182,-5.891773700714111,-0.016773732379078865,assist,no
4588,0,0,0.000709670312579938,-7.259762287139893,-0.009762165136635303,assist,no
4589,0,0,0.0024726228327414702,-6.005996227264404,-0.005996095947921276,assist,no
4590,0,0,0.0017007222627999218,-6.383840084075928,-0.00883999653160572,assist,no
4591,0,0,0.0019267345424380754,-6.256369590759277,-0.006369527895003557,assist,no
4592,0,0,0.012431652751220826,-4.392538070678711,-0.017538225278258324,assist,no
4593,0,0,0.00037998449034286103,-7.886782169342041,-0.011782105080783367,assist,no
4594,0,0,0.000911051035031267,-7.007975101470947,-0.007974926382303238,assist,no
4595,0,0,0.0010322310060236924,-6.883090019226074,-0.008089989423751831,assist,no
4596,0,0,0.10669058826486906,-2.2548115253448486,-0.12981146574020386,assist,no
4597,0,0,0.037326891226158315,-3.3045520782470703,-0.05455218628048897,assist,no
4598,0,0,0.0017007222477782634,-6.382328510284424,-0.007328413892537355,assist,no
4599,0,0,0.0031726832283347794,-5.762733459472656,-0.012733581475913525,assist,no
4600,0,0,0.005220126056276607,-5.264720916748047,-0.014720986597239971,assist,no
4601,0,0,0.004609572867361029,-5.390143394470215,-0.015143544413149357,assist,no
4602,0,0,0.002800927232449517,-5.883176803588867,-0.008176898583769798,assist,no
4603,0,0,0.00037998454128339174,-7.882450580596924,-0.007450650446116924,assist,no
4604,0,0,0.03308597552845946,-3.424276351928711,-0.049276262521743774,assist,no
4605,0,0,0.0009110513105368587,-7.0111236572265625,-0.011123784817755222,assist,no
4606,0,0,0.002800927310487329,-5.89115047454834,-0.016150597482919693,assist,no
4607,0,0,0.0024726226581606994,-6.012989044189453,-0.012988842092454433,assist,no
4608,0,0,0.005911070021901485,-5.136031627655029,-0.01103182602673769,assist,no
4609,0,0,0.00020342690872837801,-8.508157730102539,-0.008157389238476753,assist,no
4610,0,0,0.0008040858825026897,-7.134961128234863,-0.009961062110960484,assist,no
4611,0,0,0.0004878571250529195,-7.632443428039551,-0.007443432696163654,assist,no
4612,0,0,4.539786041591961e-05,-10.012996673583984,-0.01299649104475975,assist,no
4613,0,0,0.0008040860665749619,-7.127871990203857,-0.0028721531853079796,assist,no
4614,0,0,0.0004305571518680399,-7.755906581878662,-0.005906745791435242,assist,no
4615,0,0,0.0015011823739998322,-6.507853031158447,-0.007853109389543533,assist,no
4616,0,0,0.002182716571104499,-6.134497165679932,-0.009497223421931267,assist,no
4617,0,0,0.0035936034117794407,-5.6339640617370605,-0.008964293636381626,assist,no
4618,0,0,0.0005527786901775238,-7.503999710083008,-0.003999806474894285,assist,no
4619,0,0,0.010986944907585547,-4.512874603271484,-0.012874812819063663,assist,no
4620,0,0,0.04208772611333754,-3.221323013305664,-0.09632296860218048,assist,no
4621,0,0,0.0031726826539785367,-5.770267009735107,-0.020266950130462646,assist,no
4622,0,0,0.0006263341516969285,-7.388510704040527,-0.013510693795979023,assist,no
4623,0,0,0.0015011825708339068,-6.511898994445801,-0.01189920399338007,assist,no
4624,0,0,0.0008040860372057044,-7.127625465393066,-0.0026255918201059103,assist,no
4625,0,0,0.0015011824870747232,-6.513097763061523,-0.013097916729748249,assist,no
4626,0,0,0.0019267342388713928,-6.261155128479004,-0.011154907755553722,assist,no
4627,0,0,0.0024726230739386076,-6.030285835266113,-0.030285801738500595,assist,no
4628,0,0,0.003172683095791022,-5.770480155944824,-0.020480236038565636,assist,no
4629,0,0,0.0009110512478063475,-7.0039191246032715,-0.003919183276593685,assist,no
4630,0,0,0.006692849859349477,-5.009034156799316,-0.009033996611833572,assist,no
4631,0,0,0.00010889693243752726,-9.126709938049316,-0.0017101438716053963,assist,no
4632,0,0,0.00023050677736681678,-8.386846542358398,-0.011846782639622688,assist,no
4633,0,0,0.053403324903538434,-2.98980450630188,-0.11480440944433212,assist,no
4634,0,0,0.0009110512380576873,-7.006444931030273,-0.00644497899338603,assist,no
4635,0,0,0.002472622630595316,-6.012999057769775,-0.012998844496905804,assist,no
4636,0,0,0.01798620785653302,-4.041862487792969,-0.0418623685836792,assist,no
4637,0,0,0.0758581847220642,-2.5966336727142334,-0.09663373976945877,assist,no
4638,0,0,0.04742587115801275,-3.0548665523529053,-0.05486650764942169,assist,no
4639,0,0,0.00522012585799065,-5.265868186950684,-0.01586821861565113,assist,no
4640,0,0,0.0008040857826098279,-7.131389617919922,-0.006389427464455366,assist,no
4641,0,0,0.0002959571217795761,-8.138463973999023,-0.013464001938700676,assist,no
4642,0,0,0.0010322311616000333,-6.884288311004639,-0.009288432076573372,assist,no
4643,0,0,0.0005527786194295579,-7.506727695465088,-0.006727663800120354,assist,no
4644,0,0,0.0017007223339551487,-6.3836588859558105,-0.00865884032100439,assist,no
4645,0,0,0.0015011821408701458,-6.512002468109131,-0.012002390809357166,assist,no
4646,0,0,0.0002611903032884411,-8.25403881072998,-0.004038750194013119,assist,no
4647,0,0,0.0031726828984481046,-5.758244037628174,-0.008244055323302746,assist,no
4648,0,0,0.006692849946030257,-5.020873546600342,-0.020873399451375008,assist,no
4649,0,0,0.00857748713232728,-4.760169982910156,-0.010170185007154942,assist,no
4650,0,0,0.001926734337373851,-6.273569583892822,-0.023569414392113686,assist,no
4651,0,0,0.0011695103635120517,-6.755076885223389,-0.005076969508081675,assist,no
4652,0,0,0.008577486775932374,-4.768622398376465,-0.018622558563947678,assist,no
4653,0,0,0.0004878571972597053,-7.632518768310547,-0.007518921047449112,assist,no
4654,0,0,0.0031726835258219,-5.7603535652160645,-0.010353781282901764,assist,no
4655,0,0,0.002182715970705238,-6.133113384246826,-0.008113166317343712,assist,no
4656,0,0,0.010986945221304533,-4.537600517272949,-0.03760075569152832,assist,no
4657,0,0,0.001325022672317539,-6.636526107788086,-0.011526300571858883,assist,no
4658,0,0,0.0031726827600135274,-5.76849889755249,-0.018498871475458145,assist,no
4659,0,0,0.00013982211861374752,-8.886423110961914,-0.011423418298363686,assist,no
4660,0,0,0.0028009275237906917,-5.886223316192627,-0.01122351549565792,assist,no
4661,0,0,0.014063627120726901,-4.266383171081543,-0.016383176669478416,assist,no
4662,0,0,0.03732689162774753,-3.325679302215576,-0.07567942142486572,assist,no
4663,0,0,0.015906389816630014,-4.155959606170654,-0.030959485098719597,assist,no
4664,0,0,0.0003353501876017201,-8.009180068969727,-0.009180239401757717,assist,no
4665,0,0,0.001169510436946491,-6.7663960456848145,-0.016396192833781242,assist,no
4666,0,0,0.0009110512503494764,-7.011001110076904,-0.011001171544194221,assist,no
4667,0,0,0.0013250225108746658,-6.647884368896484,-0.022884439677000046,assist,no
4668,0,0,0.004609571957167308,-5.385526657104492,-0.010526608675718307,assist,no
4669,0,0,0.005220126747859396,-5.267386436462402,-0.01738663949072361,assist,no
4670,0,0,0.0017007220572403947,-6.385863304138184,-0.01086309552192688,assist,no
4671,0,0,0.0002611902174427768,-8.26038932800293,-0.010388938710093498,assist,no
4672,0,0,0.0035936027348197944,-5.636099338531494,-0.011099381372332573,assist,no
4673,0,0,0.0005527786369235996,-7.519229888916016,-0.019229888916015625,assist,no
4674,0,0,0.04742587721667508,-3.063628911972046,-0.06362900137901306,assist,no
4675,0,0,0.0003799845968227282,-7.884341716766357,-0.009341932833194733,assist,no
4676,0,0,0.00132502250101556,-6.639608383178711,-0.014608446508646011,assist,no
4677,0,0,0.004070137821601248,-5.508677959442139,-0.008677985519170761,assist,no
4678,0,0,0.0010322312288243859,-6.8949079513549805,-0.019908137619495392,assist,no
4679,0,0,0.004070138197231967,-5.507617473602295,-0.007617592345923185,assist,no
4680,0,0,0.0010322311596793377,-6.883130073547363,-0.008130192756652832,assist,no
4681,0,0,0.16451645675203383,-1.805835485458374,-0.18083544075489044,assist,no
4682,0,0,0.009708474422067633,-4.642592906951904,-0.017592692747712135,assist,no
4683,0,0,0.002182716303358862,-6.13631010055542,-0.011310035362839699,assist,no
4684,0,0,0.014063630245811478,-4.278675079345703,-0.02867531031370163,assist,no
4685,0,0,0.003593602461368151,-5.637038230895996,-0.012038197368383408,assist,no
4686,0,0,0.00043055707881952185,-7.752442836761475,-0.002442830940708518,assist,no
4687,0,0,0.0075772426335208795,-4.885504722595215,-0.010504904203116894,assist,no
4688,0,0,0.0009110510943709261,-7.0091071128845215,-0.00910700298845768,assist,no
4689,0,0,0.002472623032590525,-6.013077259063721,-0.013077208772301674,assist,no
4690,0,0,0.0019267345361697363,-6.2540106773376465,-0.004010611213743687,assist,no
4691,0,0,0.004070137166607063,-5.507366180419922,-0.0073660449124872684,assist,no
4692,0,0,0.0019267349248067965,-6.261058807373047,-0.011058943346142769,assist,no
4693,0,0,0.033085978507881,-3.4148733615875244,-0.03987336531281471,assist,no
4694,0,0,0.017986213877115107,-4.028712272644043,-0.028712494298815727,assist,no
4695,0,0,0.18242552825126704,-1.753333330154419,-0.25333335995674133,assist,no
4696,0,0,0.0008040861110965138,-7.130143642425537,-0.005143860820680857,assist,no
4697,0,0,0.012431649618319825,-4.394618034362793,-0.01961793377995491,assist,no
4698,0,0,0.0010322309973805628,-6.884958267211914,-0.009958229027688503,assist,no
4699,0,0,0.00043055700837631264,-7.767009735107422,-0.017009565606713295,assist,no
4700,0,0,0.002182716796254265,-6.133080959320068,-0.008081120438873768,assist,no
4701,0,0,0.0019267349686851794,-6.255014896392822,-0.0050150551833212376,assist,no
4702,0,0,0.001926734523633058,-6.270920753479004,-0.020920680835843086,assist,no
4703,0,0,0.0017007223118179666,-6.383049488067627,-0.008049429394304752,assist,no
4704,0,0,0.002472623060155913,-6.02412223815918,-0.024122199043631554,assist,no
4705,0,0,0.002182716398692532,-6.134354591369629,-0.00935456994920969,assist,no
4706,0,0,0.0015011825303503006,-6.518171787261963,-0.018171969801187515,assist,no
4707,0,0,0.03308597707775863,-3.42197585105896,-0.04697581008076668,assist,no
4708,0,0,0.0017007224525471998,-6.395848274230957,-0.02084829844534397,assist,no
4709,0,0,0.0010322310876532512,-6.887757778167725,-0.012757827527821064,assist,no
4710,0,0,0.0035936031316581934,-5.636067867279053,-0.011068020947277546,assist,no
4711,0,0,0.0006263342793638198,-7.38132905960083,-0.006329253315925598,assist,no
4712,0,0,0.00280092731829111,-5.886418342590332,-0.011418468318879604,assist,no
4713,0,0,0.000911051363094858,-7.011022090911865,-0.011022276245057583,assist,no
4714,0,0,0.0015011822986165766,-6.509939670562744,-0.009939698502421379,assist,no
4715,0,0,0.015906395210617815,-4.158041954040527,-0.03304217755794525,assist,no
4716,0,0,0.0006263341735576958,-7.382629871368408,-0.0076298960484564304,assist,no
4717,0,0,0.0035936017410566038,-5.64569616317749,-0.02069592848420143,assist,no
4718,0,0,0.0008040860343997244,-7.136027812957764,-0.011027935892343521,assist,no
4719,0,0,0.004609571282000249,-5.3930559158325195,-0.018055720254778862,assist,no
4720,0,0,0.022977367233847502,-3.774237632751465,-0.024237513542175293,assist,no
4721,0,0,0.005220126056276607,-5.261075496673584,-0.01107556652277708,assist,no
4722,0,0,0.0005527785965329453,-7.507517337799072,-0.007517264690250158,assist,no
4723,0,0,0.00970847563980356,-4.642457485198975,-0.017457397654652596,assist,no
4724,0,0,0.0011695099930761738,-6.770223140716553,-0.02022290788590908,assist,no
4725,0,0,0.07585818576669104,-2.5830886363983154,-0.083088718354702,assist,no
4726,0,0,0.003172682866048522,-5.772439956665039,-0.02243996411561966,assist,no
4727,0,0,0.0015011819070425033,-6.503483772277832,-0.00348353898152709,assist,no
4728,0,0,0.001700722539514709,-6.386890411376953,-0.011890486814081669,assist,no
4729,0,0,0.0005527787650417449,-7.509615421295166,-0.009615653194487095,assist,no
4730,0,0,0.004609571794785348,-5.385949611663818,-0.010949527844786644,assist,no
4731,0,0,0.007577239503008159,-4.883856773376465,-0.00885653868317604,assist,no
4732,0,0,0.0031726825008168893,-5.763752460479736,-0.013752352446317673,assist,no
4733,0,0,0.047425868128681874,-3.0551271438598633,-0.05512703210115433,assist,no
4734,0,0,0.0004305570945515062,-7.760653495788574,-0.010653526522219181,assist,no
4735,0,0,0.0015011823670199008,-6.513094902038574,-0.013094975613057613,assist,no
4736,0,0,0.005220125248624094,-5.26116418838501,-0.011164102703332901,assist,no
4737,0,0,0.01406362792136834,-4.2767333984375,-0.026733461767435074,assist,no
4738,0,0,0.0009110511541344436,-7.007321357727051,-0.007321313489228487,assist,no
4739,0,0,0.015906392411575272,-4.156101703643799,-0.03110174834728241,assist,no
4740,0,0,0.010986944087868242,-4.520523548126221,-0.020523682236671448,assist,no
4741,0,0,0.02931223350724656,-3.5653398036956787,-0.06533990055322647,assist,no
4742,0,0,0.00970847469068584,-4.672040939331055,-0.047040753066539764,assist,no
4743,0,0,0.0019267348818238922,-6.263667106628418,-0.013667220249772072,assist,no
4744,0,0,0.00029595721353773146,-8.134303092956543,-0.009303431026637554,assist,no
4745,0,0,0.3208212878370535,-1.276857852935791,-0.5268577933311462,assist,no
4746,0,0,0.0009110513707242452,-7.039733409881592,-0.03973360359668732,assist,no
4747,0,0,0.0005527787105014865,-7.508457660675049,-0.008457793854176998,assist,no
4748,0,0,0.0003353501231294396,-8.004145622253418,-0.004145600367337465,assist,no
4749,0,0,0.0019267344340853601,-6.266839027404785,-0.016838908195495605,assist,no
4750,0,0,0.0059110681448096385,-5.138280391693115,-0.013280270621180534,assist,no
4751,0,0,0.001926735089574606,-6.26754093170166,-0.017541153356432915,assist,no
4752,0,0,0.0004878572099753667,-7.65232515335083,-0.027325332164764404,assist,no
4753,0,0,0.0003799845672842902,-7.879624366760254,-0.004624505061656237,assist,no
4754,0,0,0.0010322310991774247,-6.881534576416016,-0.006534636951982975,assist,no
4755,0,0,0.0031726835538033625,-5.755691051483154,-0.0056912763975560665,assist,no
4756,0,0,0.0008040860373927696,-7.1388468742370605,-0.013847000896930695,assist,no
4757,0,0,0.00017952804256656635,-8.641637802124023,-0.01663821004331112,assist,no
4758,0,0,0.00026119033849003533,-8.251914024353027,-0.0019140986260026693,assist,no
4759,0,0,0.05340332565681314,-2.9969849586486816,-0.12198487669229507,assist,no
4760,0,0,0.0013250221996966652,-6.630148887634277,-0.005148723255842924,assist,no
4761,0,0,0.005911069841306616,-5.148956775665283,-0.023956943303346634,assist,no
4762,0,0,0.0024726230440761036,-6.009827136993408,-0.009827091358602047,assist,no
4763,0,0,0.0004305570879380605,-7.754752159118652,-0.004752174485474825,assist,no
4764,0,0,0.000552778660077479,-7.5099263191223145,-0.00992636103183031,assist,no
4765,0,0,0.16451646699291617,-1.8462811708450317,-0.22128120064735413,assist,no
4766,0,0,0.0015011820138354222,-6.516364574432373,-0.016364412382245064,assist,no
4767,0,0,0.0015011822637169224,-6.507847309112549,-0.007847313769161701,assist,no
4768,0,0,0.012431650098545475,-4.393873691558838,-0.018873630091547966,assist,no
4769,0,0,0.0011695100627028793,-6.764420986175537,-0.014420812949538231,assist,no
4770,0,0,0.08509904210661365,-2.4750821590423584,-0.10008212178945541,assist,no
4771,0,0,0.012431651127600503,-4.396842956542969,-0.02184297889471054,assist,no
4772,0,0,0.02297737141537594,-3.7819643020629883,-0.031964369118213654,assist,no
4773,0,0,0.0017007223798107408,-6.398026943206787,-0.023026924580335617,assist,no
4774,0,0,0.0021827166218139037,-6.135615348815918,-0.01061542984098196,assist,no
4775,0,0,0.002472623129069385,-6.007069110870361,-0.007069099694490433,assist,no
4776,0,0,0.006692849710753855,-5.024414539337158,-0.02441435679793358,assist,no
4777,0,0,0.009708475532356268,-4.644946098327637,-0.01994599960744381,assist,no
4778,0,0,0.00522012512771804,-5.25919771194458,-0.009197602979838848,assist,no
4779,0,0,0.0004878571000757319,-7.635515213012695,-0.010515166446566582,assist,no
4780,0,0,0.005911069425391183,-5.135307788848877,-0.010307885706424713,assist,no
4781,0,0,0.0021827161877414386,-6.137269496917725,-0.012269378639757633,assist,no
4782,0,0,0.0021827162222238274,-6.148711204528809,-0.023711102083325386,assist,no
4783,0,0,0.0009110513444452451,-7.01284122467041,-0.012841389514505863,assist,no
4784,0,0,0.4073334000459302,-0.9503687620162964,-0.5753687620162964,assist,no
4785,0,0,0.03308597803117354,-3.4125356674194336,-0.0375356562435627,assist,no
4786,0,0,0.005220124677947543,-5.265800476074219,-0.01580028049647808,assist,no
4787,0,0,0.0004305571278191437,-7.75836181640625,-0.008361924439668655,assist,no
4788,0,0,0.0035936028748804008,-5.6371169090271,-0.012116990983486176,assist,no
4789,0,0,0.033085981487302796,-3.4479963779449463,-0.07299647480249405,assist,no
4790,0,0,0.04742587216778976,-3.0823171138763428,-0.08231709152460098,assist,no
4791,0,0,0.06008665311947337,-2.8500313758850098,-0.10003142803907394,assist,no
4792,0,0,0.04742587351415913,-3.0606095790863037,-0.06060958653688431,assist,no
4793,0,0,0.0007096703244682709,-7.256282329559326,-0.00628222431987524,assist,no
4794,0,0,0.000552778518581564,-7.508540630340576,-0.00854041613638401,assist,no
4795,0,0,0.004070137240223119,-5.512211322784424,-0.012211205437779427,assist,no
4796,0,0,0.0003353501009622176,-8.007503509521484,-0.007503421511501074,assist,no
4797,0,0,0.0003353501863528623,-8.013294219970703,-0.013294386677443981,assist,no
4798,0,0,0.0024726231658232377,-6.019388675689697,-0.019388679414987564,assist,no
4799,0,0,0.0024726227799078144,-6.019704818725586,-0.0197046659886837,assist,no
4800,0,0,0.0003353500973717522,-8.008386611938477,-0.008386513218283653,assist,no
4801,0,0,0.020332354938041947,-3.8978376388549805,-0.022837718948721886,assist,no
4802,0,0,0.04208772701447818,-3.2051219940185547,-0.0801219716668129,assist,no
4803,0,0,0.00029595704407449374,-8.14406967163086,-0.019069436937570572,assist,no
4804,0,0,0.00029595700053761256,-8.131547927856445,-0.00654754601418972,assist,no
4805,0,0,0.0075772408476577615,-4.908011436462402,-0.03301138058304787,assist,no
4806,0,0,0.007577242388402388,-4.911032676696777,-0.03603282570838928,assist,no
4807,0,0,0.0017007225410959367,-6.378822326660156,-0.0038224030286073685,assist,no
4808,0,0,0.0009110512456870736,-7.005823612213135,-0.00582366855815053,assist,no
4809,0,0,0.006692849525009333,-5.015476226806641,-0.015476016327738762,assist,no
4810,0,0,0.0006263341219662863,-7.396986484527588,-0.021986426785588264,assist,no
4811,0,0,0.000804085857810071,-7.1424174308776855,-0.017417334020137787,assist,no
4812,0,0,0.03308598089141842,-3.431142568588257,-0.056142646819353104,assist,no
4813,0,0,0.001700722156857701,-6.3838605880737305,-0.008860438130795956,assist,no
4814,0,0,0.00048785720180101287,-7.642361640930176,-0.017361802980303764,assist,no
4815,0,0,0.0052201246586025775,-5.270728588104248,-0.02072838880121708,assist,no
4816,0,0,0.0006263341394548992,-7.383574485778809,-0.008574455976486206,assist,no
4817,0,0,0.05340333431947304,-2.9747109413146973,-0.09971103072166443,assist,no
4818,0,0,0.0002959572030668294,-8.130698204040527,-0.005698506720364094,assist,no
4819,0,0,0.001926734903315344,-6.26890754699707,-0.01890767179429531,assist,no
4820,0,0,0.0006263342257320632,-7.383572101593018,-0.008572209626436234,assist,no
4821,0,0,0.0028009265119004908,-5.885401725769043,-0.010401562787592411,assist,no
4822,0,0,0.00023050668346766292,-8.382174491882324,-0.007174324709922075,assist,no
4823,0,0,0.005911069359720328,-5.134716510772705,-0.009716596454381943,assist,no
4824,0,0,0.008577486633374416,-4.767232894897461,-0.01723303832113743,assist,no
4825,0,0,0.003593602014508193,-5.645834445953369,-0.020834287628531456,assist,no
4826,0,0,0.009708476338210996,-4.66775369644165,-0.0427536815404892,assist,no
4827,0,0,0.0010322308610111978,-6.882289886474609,-0.00728971604257822,assist,no
4828,0,0,0.0015011821562259924,-6.504513263702393,-0.004513196647167206,assist,no
4829,0,0,0.007577241716077422,-4.887635707855225,-0.012635767459869385,assist,no
4830,0,0,0.0031726831252451896,-5.7639007568359375,-0.013900846242904663,assist,no
4831,0,0,0.0021827169017298383,-6.137874603271484,-0.012874812819063663,assist,no
4832,0,0,0.00010889695282036178,-9.144098281860352,-0.01909867487847805,assist,no
4833,0,0,0.0003353502864176125,-8.002187728881836,-0.002188194077461958,assist,no
4834,0,0,0.001700722193225925,-6.38721227645874,-0.012212147936224937,assist,no
4835,0,0,0.0011695102324179906,-6.758392333984375,-0.008392306044697762,assist,no
4836,0,0,0.029312233083263427,-3.5393223762512207,-0.03932245820760727,assist,no
4837,0,0,0.00043055718112753195,-7.755187034606934,-0.005187266506254673,assist,no
4838,0,0,0.000911051050290036,-7.015670299530029,-0.015670141205191612,assist,no
4839,0,0,0.0013250221959995013,-6.629839897155762,-0.004839729983359575,assist,no
4840,0,0,0.03308598053388778,-3.4214048385620117,-0.04640490561723709,assist,no
4841,0,0,0.000295957061434138,-8.134471893310547,-0.009471717290580273,assist,no
4842,0,0,0.0007096704109889225,-7.263803482055664,-0.013803498819470406,assist,no
4843,0,0,0.0003799844822065269,-7.883227825164795,-0.008227739483118057,assist,no
4844,0,0,0.004609572063997548,-5.381174087524414,-0.006174062378704548,assist,no
4845,0,0,0.015906389554219844,-4.1699323654174805,-0.044932227581739426,assist,no
4846,0,0,0.0011695099996036772,-6.756896018981934,-0.006895791739225388,assist,no
4847,0,0,0.01406362458966717,-4.271088600158691,-0.02108842320740223,assist,no
4848,0,0,0.0031726833078610365,-5.774664878845215,-0.024665025994181633,assist,no
4849,0,0,0.002472622858009741,-6.015795707702637,-0.01579558663070202,assist,no
4850,0,0,0.0035936025580766574,-5.635306358337402,-0.010306351818144321,assist,no
4851,0,0,0.005911068068193657,-5.150543689727783,-0.02554355561733246,assist,no
4852,0,0,0.00048785710881774736,-7.6284589767456055,-0.0034589481074362993,assist,no
4853,0,0,0.0013250221288343582,-6.6478095054626465,-0.022809287533164024,assist,no
4854,0,0,0.0017007227703739372,-6.3871355056762695,-0.012135717086493969,assist,no
4855,0,0,0.0024726234862709113,-6.006431579589844,-0.006431713234633207,assist,no
4856,0,0,0.0013250224128998024,-6.63200044631958,-0.007000443059951067,assist,no
4857,0,0,0.00023050673529999115,-8.380082130432129,-0.005082188174128532,assist,no
4858,0,0,0.014063629419342763,-4.29749870300293,-0.04749887436628342,assist,no
4859,0,0,0.07585818211049715,-2.588146209716797,-0.08814623951911926,assist,no
4860,0,0,0.010986940879839367,-4.513486862182617,-0.013486701063811779,assist,no
4861,0,0,0.0021827166704949334,-6.128907680511475,-0.003907783888280392,assist,no
4862,0,0,0.0007096704096679966,-7.263923168182373,-0.01392318308353424,assist,no
4863,0,0,0.0004878572173549919,-7.6274094581604,-0.0024096521083265543,assist,no
4864,0,0,0.0031726833166972872,-5.755599021911621,-0.005599171854555607,assist,no
4865,0,0,0.0013250226612260432,-6.641270637512207,-0.016270821914076805,assist,no
4866,0,0,0.0035936031516668526,-5.634610652923584,-0.009610812179744244,assist,no
4867,0,0,0.003172683039828104,-5.762803077697754,-0.012803140096366405,assist,no
4868,0,0,0.015906391157837624,-4.155173301696777,-0.03017326630651951,assist,no
4869,0,0,0.0035936022446077173,-5.638296127319336,-0.013296033255755901,assist,no
4870,0,0,0.001325022206474799,-6.6337809562683105,-0.008780797012150288,assist,no
4871,0,0,0.002182716522423472,-6.1442341804504395,-0.01923421584069729,assist,no
4872,0,0,0.0004878570834999626,-7.6311445236206055,-0.0061444430612027645,assist,no
4873,0,0,0.003172682684905409,-5.7553534507751465,-0.0053534009493887424,assist,no
4874,0,0,0.0007096703726820679,-7.260901927947998,-0.010901890695095062,assist,no
4875,0,0,0.005911068298041604,-5.146301746368408,-0.021301651373505592,assist,no
4876,0,0,0.0028009269046907316,-5.890945911407471,-0.015945889055728912,assist,no
4877,0,0,0.00037998451121432764,-7.88426399230957,-0.009263982996344566,assist,no
4878,0,0,0.005220126244890085,-5.26017951965332,-0.010179625824093819,assist,no
4879,0,0,0.0031726824536902304,-5.7583184242248535,-0.008318301290273666,assist,no
4880,0,0,0.005911069512952324,-5.152805328369141,-0.02780544012784958,assist,no
4881,0,0,0.006692849791243149,-5.014230728149414,-0.014230557717382908,assist,no
4882,0,0,0.0017007225442583918,-6.382401466369629,-0.007401544600725174,assist,no
4883,0,0,0.00460957246140606,-5.384243488311768,-0.009243549779057503,assist,no
4884,0,0,0.0009110513397828418,-7.004721641540527,-0.00472180126234889,assist,no
4885,0,0,0.0015011821876356791,-6.505462646484375,-0.0054626003839075565,assist,no
4886,0,0,0.025957356632664963,-3.6572484970092773,-0.03224847465753555,assist,no
4887,0,0,0.0035936020578602765,-5.634393215179443,-0.009393068961799145,assist,no
4888,0,0,0.0004305570059714238,-7.774069309234619,-0.024069134145975113,assist,no
4889,0,0,0.014063629057762712,-4.2719879150390625,-0.02198806032538414,assist,no
4890,0,0,0.0019267343194643127,-6.25919246673584,-0.009192287921905518,assist,no
4891,0,0,0.0017007223007493755,-6.398242950439453,-0.023242885246872902,assist,no
4892,0,0,4.539788641697874e-05,-10.008919715881348,-0.00892010610550642,assist,no
4893,0,0,0.00023050681964827683,-8.386547088623047,-0.011547512374818325,assist,no
4894,0,0,0.0010322309349579638,-6.897481441497803,-0.022481342777609825,assist,no
4895,0,0,0.0019267344457265607,-6.254703998565674,-0.004703885409981012,assist,no
4896,0,0,0.005220124639257609,-5.270671844482422,-0.02067164145410061,assist,no
4897,0,0,0.0031726821503123784,-5.7648844718933105,-0.014884253032505512,assist,no
4898,0,0,0.01798621308753046,-4.026182174682617,-0.026182351633906364,assist,no
4899,0,0,0.0007096705655372885,-7.254654884338379,-0.004655119031667709,assist,no
4900,0,0,0.0015011823397981694,-6.505594730377197,-0.005594785790890455,assist,no
4901,0,0,0.015906393694469712,-4.200500011444092,-0.07550013810396194,assist,no
4902,0,0,0.32082130731838393,-1.15742027759552,-0.4074203073978424,assist,no
4903,0,0,0.000804086100994985,-7.136180400848389,-0.011180606670677662,assist,no
4904,0,0,0.0010322309157510111,-6.885037422180176,-0.01003730483353138,assist,no
4905,0,0,0.017986212100549695,-4.02689790725708,-0.026898028329014778,assist,no
4906,0,0,0.00017952798740096917,-8.63298511505127,-0.00798521563410759,assist,no
4907,0,0,0.009708478173769242,-4.638705730438232,-0.013705906458199024,assist,no
4908,0,0,0.0021827169362122387,-6.1489739418029785,-0.023974167183041573,assist,no
4909,0,0,0.0017007224485941312,-6.380317687988281,-0.0053177098743617535,assist,no
4910,0,0,0.0009110512554357338,-7.00986385345459,-0.009863920509815216,assist,no
4911,0,0,0.0002305067938930718,-8.384344100952148,-0.009344412945210934,assist,no
4912,0,0,0.008577487227365925,-4.763951301574707,-0.013951514847576618,assist,no
4913,0,0,0.0009110512791716026,-7.012800693511963,-0.012800786644220352,assist,no
4914,0,0,0.0007096705351559831,-7.2675628662109375,-0.01756305806338787,assist,no
4915,0,0,0.004070137829151614,-5.51254415512085,-0.012544183060526848,assist,no
4916,0,0,0.015906390837114055,-4.146432399749756,-0.021432343870401382,assist,no
4917,0,0,0.0017007227766988482,-6.385889530181885,-0.010889745317399502,assist,no
4918,0,0,0.00522012569839464,-5.262854099273682,-0.012854100205004215,assist,no
4919,0,0,0.0009110510990333279,-7.007378101348877,-0.007377996575087309,assist,no
4920,0,0,0.0004878571563879383,-7.6400861740112305,-0.01508624292910099,assist,no
4921,0,0,0.005911068637340969,-5.141973972320557,-0.016973935067653656,assist,no
4922,0,0,0.014063624873765687,-4.274423122406006,-0.024422965943813324,assist,no
4923,0,0,0.0004878571468511933,-7.632532596588135,-0.00753264594823122,assist,no
4924,0,0,0.0006263341464503445,-7.399609565734863,-0.02460954710841179,assist,no
4925,0,0,0.02297737016091733,-3.781726598739624,-0.03172660991549492,assist,no
4926,0,0,0.006692849364030752,-5.020707607269287,-0.020707372575998306,assist,no
4927,0,0,0.001325022369766217,-6.632622241973877,-0.00762220611795783,assist,no
4928,0,0,0.0008040858084248359,-7.1373209953308105,-0.012320837005972862,assist,no
4929,0,0,0.0005527785072618923,-7.512084484100342,-0.012084249407052994,assist,no
4930,0,0,0.0017007226098793334,-6.379680156707764,-0.004680273588746786,assist,no
4931,0,0,0.000626334188423018,-7.382673263549805,-0.0076733119785785675,assist,no
4932,0,0,0.0002305067029986838,-8.381446838378906,-0.0064467559568583965,assist,no
4933,0,0,0.004609572260565194,-5.39033842086792,-0.01533843856304884,assist,no
4934,0,0,0.001700722012175425,-6.379471302032471,-0.004471066873520613,assist,no
4935,0,0,0.0008040858334915837,-7.132051944732666,-0.007051817607134581,assist,no
4936,0,0,0.010986944047388376,-4.537687301635742,-0.037687432020902634,assist,no
4937,0,0,0.0005527786292056399,-7.508600234985352,-0.008600221015512943,assist,no
4938,0,0,0.004070137187370566,-5.556175231933594,-0.056175101548433304,assist,no
4939,0,0,0.00247262269261743,-6.013006210327148,-0.013006022199988365,assist,no
4940,0,0,0.001032230983935695,-6.887597560882568,-0.012597509659826756,assist,no
4941,0,0,0.03308597946129594,-3.4203569889068604,-0.04535702243447304,assist,no
4942,0,0,0.003172683561166906,-5.756742000579834,-0.0067422278225421906,assist,no
4943,0,0,0.0002959571252239508,-8.130764961242676,-0.005765000823885202,assist,no
4944,0,0,0.0017007227846049867,-6.398154258728027,-0.023154478520154953,assist,no
4945,0,0,0.0010322311375913372,-6.883320331573486,-0.008320429362356663,assist,no
4946,0,0,0.1480472036701053,-1.9189680814743042,-0.16896812617778778,assist,no
4947,0,0,4.006367402157703e-05,-10.131089210510254,-0.006088756024837494,assist,no
4948,0,0,0.004609572837448555,-5.392039775848389,-0.017039919272065163,assist,no
4949,0,0,0.014063626733319769,-4.274499416351318,-0.02449939399957657,assist,no
4950,0,0,0.010986944715306174,-4.513918876647949,-0.01391906850039959,assist,no
4951,0,0,0.053403330364780316,-2.9300553798675537,-0.055055391043424606,assist,no
4952,0,0,0.04208772641371775,-3.1882998943328857,-0.06329985707998276,assist,no
4953,0,0,0.0035936023863356917,-5.631274223327637,-0.006274168845266104,assist,no
4954,0,0,0.003172682188602785,-5.772963523864746,-0.02296331711113453,assist,no
4955,0,0,0.0021827163408838167,-6.132338047027588,-0.007337999064475298,assist,no
4956,0,0,0.0002611904148513684,-8.25262451171875,-0.002624878427013755,assist,no
4957,0,0,0.03308598172565655,-3.4303205013275146,-0.055320605635643005,assist,no
4958,0,0,0.00359360219458608,-5.6359734535217285,-0.01097334548830986,assist,no
4959,0,0,0.0003799845487122197,-7.888634204864502,-0.013634294271469116,assist,no
4960,0,0,0.2942149783515162,-1.2826389074325562,-0.40763893723487854,assist,no
4961,0,0,0.06754669207816587,-2.7430226802825928,-0.11802269518375397,assist,no
4962,0,0,0.09534946811246839,-2.367205858230591,-0.1172058954834938,assist,no
4963,0,0,0.002800927564110232,-5.880630016326904,-0.005630230065435171,assist,no
4964,0,0,0.0017007222406627408,-6.3934326171875,-0.01843251660466194,assist,no
4965,0,0,0.006692851128603872,-5.011894226074219,-0.011894256807863712,assist,no
4966,0,0,0.0009110512384815421,-7.015859603881836,-0.015859652310609818,assist,no
4967,0,0,0.02931223287127187,-3.56601619720459,-0.06601627171039581,assist,no
4968,0,0,0.004070138486033497,-5.509863376617432,-0.009863566607236862,assist,no
4969,0,0,0.0009110510714827715,-7.007136821746826,-0.007136686705052853,assist,no
4970,0,0,0.009708474619054318,-4.663161754608154,-0.03816156089305878,assist,no
4971,0,0,0.0005527787285100618,-7.513732433319092,-0.013732599094510078,assist,no
4972,0,0,0.0010322309733718704,-6.885207653045654,-0.010207591578364372,assist,no
4973,0,0,0.0007096704010819773,-7.254679203033447,-0.0046792058274149895,assist,no
4974,0,0,0.0017007220208721736,-6.385876178741455,-0.010875948704779148,assist,no
4975,0,0,0.00048785710461703857,-7.656344890594482,-0.03134485334157944,assist,no
4976,0,0,0.006692850082242913,-5.014235973358154,-0.01423584669828415,assist,no
4977,0,0,0.0017007226090887198,-6.383042335510254,-0.008042451925575733,assist,no
4978,0,0,0.0028009275576070802,-5.887424945831299,-0.012425157241523266,assist,no
4979,0,0,0.00033535018822614907,-8.008339881896973,-0.00834005419164896,assist,no
4980,0,0,0.025957358422249308,-3.6693010330200195,-0.04430108144879341,assist,no
4981,0,0,0.001325022471438242,-6.629870414733887,-0.004870455712080002,assist,no
4982,0,0,0.008577487108567618,-4.766791820526123,-0.016792019829154015,assist,no
4983,0,0,0.008577486886810788,-4.770167827606201,-0.02016800083220005,assist,no
4984,0,0,0.001700722180576108,-6.3847880363464355,-0.009787900373339653,assist,no
4985,0,0,0.0028009275810184264,-5.888245582580566,-0.013245802372694016,assist,no
4986,0,0,0.002800927480869892,-5.880150318145752,-0.00515050208196044,assist,no
4987,0,0,0.002182716339869629,-6.13292932510376,-0.007929276674985886,assist,no
4988,0,0,0.002182715986932243,-6.136612415313721,-0.01161220483481884,assist,no
4989,0,0,0.0031726832371710297,-5.76995849609375,-0.019958620890975,assist,no
4990,0,0,0.0019267346149717144,-6.260388374328613,-0.010388349182903767,assist,no
4991,0,0,0.001926734395579851,-6.256418704986572,-0.006418565753847361,assist,no
4992,0,0,0.0007096703218264191,-7.265454292297363,-0.015454183332622051,assist,no
4993,0,0,0.05340332866991209,-2.9343371391296387,-0.05933711677789688,assist,no
4994,0,0,0.0004878572170143937,-7.629838943481445,-0.004839136730879545,assist,no
4995,0,0,0.009708478308078396,-4.638022422790527,-0.013022612780332565,assist,no
4996,0,0,0.03308597505175204,-3.443828821182251,-0.06882871687412262,assist,no
4997,0,0,0.0011695103520889172,-6.757529258728027,-0.007529333233833313,assist,no
4998,0,0,0.0009110510642772414,-7.0064377784729,-0.006437635514885187,assist,no
4999,0,0,0.11920292515117029,-2.143991708755493,-0.14399173855781555,assist,no
5000,0,0,0.008577485770106835,-4.76472282409668,-0.014722866006195545,assist,no
5001,0,0,0.012431649984206032,-4.397574424743652,-0.022574353963136673,assist,no
5002,0,0,0.029312229744396488,-3.53124737739563,-0.031247342005372047,assist,no
5003,0,0,0.007577241407928499,-4.887760162353516,-0.012760180979967117,assist,no
5004,0,0,0.0008040860186862366,-7.134991645812988,-0.009991749189794064,assist,no
5005,0,0,0.0006263340695004506,-7.3835320472717285,-0.008531905710697174,assist,no
5006,0,0,0.01098694248891367,-4.52267599105835,-0.022675978019833565,assist,no
5007,0,0,0.0008040860957571554,-7.147220134735107,-0.02222033403813839,assist,no
5008,0,0,0.004070138116065527,-5.509136199951172,-0.009136298671364784,assist,no
5009,0,0,0.0005527785908731088,-7.507565975189209,-0.007565891835838556,assist,no
5010,0,0,0.2689414213699951,-1.3698958158493042,-0.3698958158493042,assist,no
5011,0,0,0.037326891226158315,-3.2954323291778564,-0.0454324372112751,assist,no
5012,0,0,0.0021827167414881035,-6.133485317230225,-0.008485453203320503,assist,no
5013,0,0,0.0011695105131007287,-6.762567043304443,-0.012567255645990372,assist,no
5014,0,0,0.0007096705523280251,-7.259751796722412,-0.00975201278924942,assist,no
5015,0,0,0.0011695102824621948,-6.758344650268555,-0.008344665169715881,assist,no
5016,0,0,0.0059110699726483374,-5.140280723571777,-0.015280913561582565,assist,no
5017,0,0,0.012431653482993433,-4.389069557189941,-0.014069771394133568,assist,no
5018,0,0,0.0010322311193447285,-6.8906474113464355,-0.015647491440176964,assist,no
5019,0,0,0.0017007224059009919,-6.381758689880371,-0.006758686620742083,assist,no
5020,0,0,0.003593602791510992,-5.635583877563477,-0.010583936236798763,assist,no
5021,0,0,0.001700722178994881,-6.383545398712158,-0.008545261807739735,assist,no
5022,0,0,0.014063626630011202,-4.282825469970703,-0.03282544016838074,assist,no
5023,0,0,0.0019267346024350357,-6.257480144500732,-0.007480112835764885,assist,no
5024,0,0,0.0028009274769680015,-5.893570423126221,-0.018570605665445328,assist,no
5025,0,0,0.004609571969986936,-5.385469913482666,-0.01046986784785986,assist,no
5026,0,0,0.002182716112691535,-6.13880729675293,-0.01380714401602745,assist,no
5027,0,0,0.000626334304722315,-7.3826799392700195,-0.007680173497647047,assist,no
5028,0,0,0.0008040857904665693,-7.147337913513184,-0.02233773283660412,assist,no
5029,0,0,0.002182716193826566,-6.138847351074219,-0.013847235590219498,assist,no
5030,0,0,0.009708478594604598,-4.643555641174316,-0.018555860966444016,assist,no
5031,0,0,0.0017007220319407623,-6.393452167510986,-0.01845194399356842,assist,no
5032,0,0,0.0003799844928191367,-7.884434223175049,-0.009434165433049202,assist,no
5033,0,0,0.007577240651563013,-4.891337871551514,-0.016337789595127106,assist,no
5034,0,0,0.0003799845462359437,-7.888157367706299,-0.013157450594007969,assist,no
5035,0,0,0.00048785710098399316,-7.635660648345947,-0.010660603642463684,assist,no
5036,0,0,0.0017007222541031723,-6.3801116943359375,-0.005111601669341326,assist,no
5037,0,0,0.0024726228120674305,-6.009316444396973,-0.009316304698586464,assist,no
5038,0,0,0.0009110512240704796,-7.009986877441406,-0.009986910037696362,assist,no
5039,0,0,0.025957358422249308,-3.6625216007232666,-0.03752164915204048,assist,no
5040,0,0,0.002800926960617823,-5.882444381713867,-0.007444379385560751,assist,no
5041,0,0,0.0004305571083796203,-7.756783962249756,-0.006784025114029646,assist,no
5042,0,0,0.0005527785888149862,-7.507566452026367,-0.007566364947706461,assist,no
5043,0,0,0.000626334297435391,-7.390263080596924,-0.015263303183019161,assist,no
5044,0,0,0.0015011820557150003,-6.518498420715332,-0.018498286604881287,assist,no
5045,0,0,0.0021827161106631595,-6.1311564445495605,-0.006156290881335735,assist,no
5046,0,0,0.002472622784502045,-6.010715007781982,-0.010714856907725334,assist,no
5047,0,0,0.0006263341686025884,-7.379494667053223,-0.004494683817028999,assist,no
5048,0,0,0.005220125200261672,-5.270643711090088,-0.02064361609518528,assist,no
5049,0,0,0.009708477448499847,-4.681594371795654,-0.056594472378492355,assist,no
5050,0,0,0.0003799845628623686,-7.89657735824585,-0.021577484905719757,assist,no
5051,0,0,0.017986212330845203,-4.029661178588867,-0.029661312699317932,assist,no
5052,0,0,0.001926735060919334,-6.273717880249023,-0.023718087002635002,assist,no
5053,0,0,0.007577242934666467,-4.8988213539123535,-0.023821575567126274,assist,no
5054,0,0,0.020332354789634202,-3.896921396255493,-0.021921468898653984,assist,no
5055,0,0,0.0013250222089395748,-6.635704517364502,-0.010704359970986843,assist,no
5056,0,0,0.02033235141335831,-3.8993916511535645,-0.024391554296016693,assist,no
5057,0,0,9.610245433976828e-05,-9.264698028564453,-0.014698432758450508,assist,no
5058,0,0,0.0024726236665945306,-6.017548561096191,-0.01754876784980297,assist,no
5059,0,0,0.0035936018744476203,-5.650798320770264,-0.025798123329877853,assist,no
5060,0,0,0.005220124764999895,-5.2957072257995605,-0.04570704698562622,assist,no
5061,0,0,0.0010322309023061444,-6.890751361846924,-0.015751231461763382,assist,no
5062,0,0,0.0010322310636445568,-6.903152942657471,-0.028152968734502792,assist,no
5063,0,0,0.0001584362937536593,-8.758012771606445,-0.008013242855668068,assist,no
5064,0,0,0.0010322309983409105,-6.883994102478027,-0.008994065225124359,assist,no
5065,0,0,0.009708474242988834,-4.640988826751709,-0.01598859392106533,assist,no
5066,0,0,0.0011695100083070151,-6.7539896965026855,-0.003989476710557938,assist,no
5067,0,0,0.0010322311884897737,-6.890756130218506,-0.01575627736747265,assist,no
5068,0,0,0.001926734584525495,-6.25909948348999,-0.009099442511796951,assist,no
5069,0,0,0.0017007223276302393,-6.382762908935547,-0.00776285957545042,assist,no
5070,0,0,0.0031726832666251993,-5.784920692443848,-0.0349208265542984,assist,no
5071,0,0,0.014063630116675739,-4.269553184509277,-0.019553406164050102,assist,no
5072,0,0,0.0010322311030188157,-6.887531757354736,-0.012531821615993977,assist,no
5073,0,0,0.0009110511333655611,-7.040500164031982,-0.04050009697675705,assist,no
5074,0,0,0.00043055699013923906,-7.755536079406738,-0.005535867530852556,assist,no
5075,0,0,0.005220126065949093,-5.261830806732178,-0.01183087844401598,assist,no
5076,0,0,0.00037998452288819936,-7.886855125427246,-0.01185514684766531,assist,no
5077,0,0,0.0028009275393982556,-5.899686336517334,-0.0246865414083004,assist,no
5078,0,0,0.001169510342297659,-6.754238128662109,-0.004238194786012173,assist,no
5079,0,0,0.0011695104238914791,-6.765921115875244,-0.015921251848340034,assist,no
5080,0,0,0.000911051131670142,-7.025295734405518,-0.025295665487647057,assist,no
5081,0,0,0.0017007220509154867,-6.391482830047607,-0.01648261770606041,assist,no
5082,0,0,0.06754669536304464,-2.697561025619507,-0.07256109267473221,assist,no
5083,0,0,0.0009110511134443886,-7.004698753356934,-0.004698664415627718,assist,no
5084,0,0,0.0019267348800329376,-6.260225296020508,-0.010225408710539341,assist,no
5085,0,0,0.0006263341328966695,-7.3786301612854,-0.0036301210056990385,assist,no
5086,0,0,0.003172683231280196,-5.765129566192627,-0.015129689127206802,assist,no
5087,0,0,0.0035936029615845884,-5.644045352935791,-0.019045459106564522,assist,no
5088,0,0,0.02297736773563088,-3.778752088546753,-0.02875199168920517,assist,no
5089,0,0,0.00026119032675617004,-8.256539344787598,-0.006539374124258757,assist,no
5090,0,0,0.0013250221756650996,-6.631820201873779,-0.006820019334554672,assist,no
5091,0,0,0.004070137738547225,-5.526179790496826,-0.02617979608476162,assist,no
5092,0,0,0.004070137564888817,-5.549421310424805,-0.0494212731719017,assist,no
5093,0,0,0.0003799844549674965,-7.883421897888184,-0.008421740494668484,assist,no
5094,0,0,0.00132502216026025,-6.6319427490234375,-0.006942554842680693,assist,no
5095,0,0,0.0035936027514936763,-5.633211612701416,-0.008211660198867321,assist,no
5096,0,0,0.017986207198546027,-4.048573970794678,-0.0485738143324852,assist,no
5097,0,0,0.004070138301049507,-5.509026527404785,-0.009026671759784222,assist,no
5098,0,0,0.0013250223937977857,-6.632619857788086,-0.00761984009295702,assist,no
5099,0,0,0.007577241435942037,-4.898903846740723,-0.023903869092464447,assist,no
5100,0,0,0.014063629651787082,-4.270925045013428,-0.020925233140587807,assist,no
5101,0,0,0.0007096703340449837,-7.256336688995361,-0.0063365972600877285,assist,no
5102,0,0,0.00522012577093828,-5.266346454620361,-0.016346469521522522,assist,no
5103,0,0,0.0004305570973572105,-7.761783599853516,-0.01178363710641861,assist,no
5104,0,0,0.0035936018944562735,-5.637969970703125,-0.01296977885067463,assist,no
5105,0,0,0.006692849834583539,-5.013696193695068,-0.013696029782295227,assist,no
5106,0,0,0.012431648795075896,-4.434712886810303,-0.059712719172239304,assist,no
5107,0,0,0.0013250224997831716,-6.635402679443359,-0.010402741841971874,assist,no
5108,0,0,0.0019267347278018251,-6.266766548156738,-0.016766581684350967,assist,no
5109,0,0,0.0028009269176970312,-5.884264945983887,-0.009264928288757801,assist,no
5110,0,0,0.01243164916096208,-4.417301177978516,-0.04230104014277458,assist,no
5111,0,0,0.004609572290477663,-5.393374443054199,-0.01837446726858616,assist,no
5112,0,0,0.002472623078532839,-6.008307456970215,-0.008307425305247307,assist,no
5113,0,0,0.014063629290207031,-4.274559020996094,-0.024559183046221733,assist,no
5114,0,0,0.022977367902892003,-3.7901647090911865,-0.04016461968421936,assist,no
5115,0,0,0.047425875197120895,-3.11559796333313,-0.11559800803661346,assist,no
5116,0,0,0.006692849834583539,-5.008506774902344,-0.008506610989570618,assist,no
5117,0,0,0.0009110510002751828,-7.008854389190674,-0.008854175917804241,assist,no
5118,0,0,0.0011695103433855766,-6.754665374755859,-0.004665441811084747,assist,no
5119,0,0,0.00150118239354364,-6.514606475830078,-0.014606567099690437,assist,no
5120,0,0,0.06754669442450784,-2.708918571472168,-0.08391862362623215,assist,no
5121,0,0,0.00407013842563056,-5.536390781402588,-0.03639095649123192,assist,no
5122,0,0,0.0052201246295851276,-5.263802528381348,-0.01380232349038124,assist,no
5123,0,0,0.0004878571141537829,-7.631672382354736,-0.00667236465960741,assist,no
5124,0,0,0.004070136885355989,-5.515994548797607,-0.015994343906641006,assist,no
5125,0,0,0.0028009265613244253,-5.884825229644775,-0.00982508435845375,assist,no
5126,0,0,0.03732689136002139,-3.3249402046203613,-0.07494031637907028,assist,no
5127,0,0,0.0005527786966091575,-7.5098114013671875,-0.009811509400606155,assist,no
5128,0,0,0.0031726824507448143,-5.7597503662109375,-0.009750242345035076,assist,no
5129,0,0,0.0035936031016452034,-5.663658142089844,-0.03865828737616539,assist,no
5130,0,0,0.0003799845531341412,-7.880212306976318,-0.005212408024817705,assist,no
5131,0,0,0.005220125113209313,-5.261745929718018,-0.011745817959308624,assist,no
5132,0,0,0.004070136813627531,-5.508244514465332,-0.008244291879236698,assist,no
5133,0,0,0.0004878571282318343,-7.642005920410156,-0.017005931586027145,assist,no
5134,0,0,0.0011695101644231514,-6.756735801696777,-0.006735715549439192,assist,no
5135,0,0,0.00103223090806823,-6.88645076751709,-0.011450642719864845,assist,no
5136,0,0,0.00020342701593872934,-8.516472816467285,-0.01647300273180008,assist,no
5137,0,0,0.009708476929171173,-4.640747547149658,-0.015747593715786934,assist,no
5138,0,0,0.003593602964919365,-5.634340763092041,-0.009340870194137096,assist,no
5139,0,0,0.0758581737534831,-2.606475830078125,-0.10647574067115784,assist,no
5140,0,0,0.0002959570189650101,-8.126738548278809,-0.0017382287187501788,assist,no
5141,0,0,0.0010322311731242079,-6.884953022003174,-0.009953154250979424,assist,no
5142,0,0,0.020332352266702717,-3.900327682495117,-0.02532762847840786,assist,no
5143,0,0,0.0001795279342414097,-8.6379976272583,-0.012997431680560112,assist,no
5144,0,0,0.0006263343035564071,-7.378995418548584,-0.003995650913566351,assist,no
5145,0,0,0.005220124910087149,-5.2707319259643555,-0.02073177509009838,assist,no
5146,0,0,0.008577486205700558,-4.778720855712891,-0.028720948845148087,assist,no
5147,0,0,0.004070138285948773,-5.5091962814331055,-0.009196422062814236,assist,no
5148,0,0,0.006692849760285728,-5.0145111083984375,-0.014510933309793472,assist,no
5149,0,0,0.0005527785880431904,-7.506028652191162,-0.006028563715517521,assist,no
5150,0,0,0.0008040857859770027,-7.129433631896973,-0.004433445632457733,assist,no
5151,0,0,0.002472622784502045,-6.017763137817383,-0.017762986943125725,assist,no
5152,0,0,0.0850990519679964,-2.473776340484619,-0.0987764298915863,assist,no
5153,0,0,0.0011695100017795118,-6.775152683258057,-0.025152457877993584,assist,no
5154,0,0,0.0006263341662707734,-7.38463830947876,-0.00963832251727581,assist,no
5155,0,0,0.02033235363947422,-3.9122061729431152,-0.03720618784427643,assist,no
5156,0,0,0.00029595713335267516,-8.135252952575684,-0.010253019630908966,assist,no
5157,0,0,0.0004305571715079727,-7.757447719573975,-0.007447929121553898,assist,no
5158,0,0,0.002800927266265902,-5.883911609649658,-0.008911716751754284,assist,no
5159,0,0,0.00026119041442578764,-8.261975288391113,-0.01197565346956253,assist,no
5160,0,0,0.008577485880985234,-4.759621620178223,-0.009621675126254559,assist,no
5161,0,0,0.04742587351415913,-3.0747008323669434,-0.07470083981752396,assist,no
5162,0,0,0.03732689109229525,-3.3003644943237305,-0.050364598631858826,assist,no
5163,0,0,0.00043055699154209085,-7.761814594268799,-0.011814385652542114,assist,no
5164,0,0,0.0019267347492932755,-6.261600494384766,-0.011600539088249207,assist,no
5165,0,0,0.0019267348889877092,-6.26670503616333,-0.01670515350997448,assist,no
5166,0,0,0.02297737225168171,-3.7951674461364746,-0.045167550444602966,assist,no
5167,0,0,0.005911069425391183,-5.144377708435059,-0.019377805292606354,assist,no
5168,0,0,0.0008040858982161747,-7.129587173461914,-0.004587126895785332,assist,no
5169,0,0,0.09534945718704857,-2.372243881225586,-0.12224379181861877,assist,no
5170,0,0,0.005220125780610766,-5.264440536499023,-0.01444055326282978,assist,no
5171,0,0,0.002182716738445539,-6.129826545715332,-0.004826680291444063,assist,no
5172,0,0,0.0013250226242543916,-6.6308674812316895,-0.0058676376938819885,assist,no
5173,0,0,0.005911068122919358,-5.144781112670898,-0.01978098787367344,assist,no
5174,0,0,0.006692850868561489,-5.0135979652404785,-0.013597956858575344,assist,no
5175,0,0,0.015906392965552404,-4.143099308013916,-0.018099388107657433,assist,no
5176,0,0,0.0015011819649759157,-6.510883808135986,-0.010883613489568233,assist,no
5177,0,0,0.0031726830309918535,-5.758943557739258,-0.008943617343902588,assist,no
5178,0,0,0.4073334000459302,-0.9322482943534851,-0.5572482943534851,assist,no
5179,0,0,0.0024726237446964848,-6.014251708984375,-0.014251947402954102,assist,no
5180,0,0,0.006692851357688838,-5.026383399963379,-0.02638346515595913,assist,no
5181,0,0,0.0028009265899382823,-5.884252071380615,-0.009251936338841915,assist,no
5182,0,0,0.0007096705668582149,-7.25865364074707,-0.008653877303004265,assist,no
5183,0,0,0.0002611902531915344,-8.254528045654297,-0.004527793265879154,assist,no
5184,0,0,0.0006263340141198512,-7.387181758880615,-0.012181528843939304,assist,no
5185,0,0,0.0009110513563131805,-7.0140299797058105,-0.014030157588422298,assist,no
5186,0,0,0.005911067542826956,-5.150496482849121,-0.025496259331703186,assist,no
5187,0,0,0.005911069217433477,-5.138748645782471,-0.013748707249760628,assist,no
5188,0,0,0.03308597898458846,-3.4142019748687744,-0.039201993495225906,assist,no
5189,0,0,0.00218271619179819,-6.1352362632751465,-0.010236146859824657,assist,no
5190,0,0,0.006692852472156347,-5.02017068862915,-0.020170921459794044,assist,no
5191,0,0,0.0017007221015147523,-6.385915279388428,-0.01091509684920311,assist,no
5192,0,0,0.0024726234506656126,-6.016047954559326,-0.016048073768615723,assist,no
5193,0,0,0.0005527785875286599,-7.511973857879639,-0.011973768472671509,assist,no
5194,0,0,0.0015011824884707094,-6.507993221282959,-0.00799337588250637,assist,no
5195,0,0,0.015906393927723257,-4.143476963043213,-0.018477104604244232,assist,no
5196,0,0,0.001032230971451175,-6.884295463562012,-0.009295400232076645,assist,no
5197,0,0,0.0024726235953839277,-6.0075154304504395,-0.007515608333051205,assist,no
5198,0,0,0.006692852503113781,-5.015207767486572,-0.015208004973828793,assist,no
5199,0,0,0.00970847610540851,-4.638608932495117,-0.013608893379569054,assist,no
5200,0,0,0.0008040861137154288,-7.135964870452881,-0.010965092107653618,assist,no
5201,0,0,0.009708478075275865,-4.640344142913818,-0.015344308689236641,assist,no
5202,0,0,0.0017007222928432395,-6.380176544189453,-0.005176474340260029,assist,no
5203,0,0,0.012431648612132808,-4.420356750488281,-0.045356567949056625,assist,no
5204,0,0,0.0002305066708046943,-8.379599571228027,-0.004599349107593298,assist,no
5205,0,0,0.010986942003155366,-4.522526741027832,-0.022526683285832405,assist,no
5206,0,0,0.0009110509960366361,-7.0158467292785645,-0.015846511349081993,assist,no
5207,0,0,0.0007096704413702227,-7.258823394775391,-0.0088234543800354,assist,no
5208,0,0,0.18242552602881168,-1.7393913269042969,-0.23939134180545807,assist,no
5209,0,0,0.0005527785700346197,-7.5122504234313965,-0.012250302359461784,assist,no
5210,0,0,0.0003799844294972361,-7.8796000480651855,-0.0045998236164450645,assist,no
5211,0,0,0.002182716615728775,-6.1423187255859375,-0.017318803817033768,assist,no
5212,0,0,0.005911069031366064,-5.150583267211914,-0.02558329701423645,assist,no
5213,0,0,0.004070138640816025,-5.509823322296143,-0.009823550470173359,assist,no
5214,0,0,0.0008040858810061674,-7.132826328277588,-0.007826260291039944,assist,no
5215,0,0,0.025957359929267794,-3.661007881164551,-0.03600798919796944,assist,no
5216,0,0,0.004609573008376972,-5.3990983963012695,-0.024098576977849007,assist,no
5217,0,0,0.001501182134588209,-6.507145881652832,-0.007145800162106752,assist,no
5218,0,0,0.0002611903978889366,-8.256497383117676,-0.006497684866189957,assist,no
5219,0,0,0.002472623027996294,-6.011720657348633,-0.011720605194568634,assist,no
5220,0,0,0.0013250224899240656,-6.639729976654053,-0.014730031602084637,assist,no
5221,0,0,0.0011695104695840209,-6.7725372314453125,-0.022537406533956528,assist,no
5222,0,0,0.0028009271908293514,-5.883589267730713,-0.008589347824454308,assist,no
5223,0,0,0.00970847848715727,-4.644596099853516,-0.01959630846977234,assist,no
5224,0,0,0.16451645880021026,-1.8411805629730225,-0.21618053317070007,assist,no
5225,0,0,0.0017007227956735806,-6.384148120880127,-0.009148347191512585,assist,no
5226,0,0,0.0011695103172755556,-6.757596015930176,-0.007596060633659363,assist,no
5227,0,0,0.0005527785780098438,-7.506685733795166,-0.006685627158731222,assist,no
5228,0,0,0.0017007225414912433,-6.378597736358643,-0.0035978129599243402,assist,no
5229,0,0,0.0010322308754164115,-6.882287979125977,-0.007287822663784027,assist,no
5230,0,0,0.006692850243221512,-5.017620086669922,-0.017619984224438667,assist,no
5231,0,0,0.0002959570216860651,-8.127470016479492,-0.002469706116244197,assist,no
5232,0,0,0.0011695104788313213,-6.757435321807861,-0.00743550481274724,assist,no
5233,0,0,0.005220124910087149,-5.264887809753418,-0.014887658879160881,assist,no
5234,0,0,0.000179527915184213,-8.636701583862305,-0.011701282113790512,assist,no
5235,0,0,0.0028009268812793906,-5.885016918182373,-0.010016887448728085,assist,no
5236,0,0,0.005220124639257609,-5.263647079467773,-0.013646876439452171,assist,no
5237,0,0,0.00247262333695837,-6.0065507888793945,-0.0065508619882166386,assist,no
5238,0,0,0.006692850484689416,-5.009732246398926,-0.009732180275022984,assist,no
5239,0,0,0.000430557131426478,-7.761837005615234,-0.011837122030556202,assist,no
5240,0,0,0.0011695102824621948,-6.767640113830566,-0.0176401287317276,assist,no
5241,0,0,0.0035936018410998656,-5.643749713897705,-0.018749507144093513,assist,no
5242,0,0,0.0004878571554796769,-7.646470546722412,-0.02147061377763748,assist,no
5243,0,0,0.0031726835493852378,-5.762688159942627,-0.01268838346004486,assist,no
5244,0,0,0.0003799845850604158,-7.877461910247803,-0.002462095348164439,assist,no
5245,0,0,0.0059110676686960585,-5.138577461242676,-0.01357725914567709,assist,no
5246,0,0,0.001501182061298944,-6.5079545974731445,-0.007954467087984085,assist,no
5247,0,0,0.0013250223266326328,-6.631992816925049,-0.006992748472839594,assist,no
5248,0,0,0.0035936029949323535,-5.640697956085205,-0.01569807156920433,assist,no
5249,0,0,0.00033535019665593973,-8.005193710327148,-0.005193907767534256,assist,no
5250,0,0,0.0007096705622349727,-7.255773067474365,-0.005773297511041164,assist,no
5251,0,0,0.0021827159382512284,-6.139101505279541,-0.014101272448897362,assist,no
5252,0,0,0.0009110511977914835,-7.020047187805176,-0.02004719153046608,assist,no
5253,0,0,0.00048785712459878877,-7.6559062004089355,-0.030906204134225845,assist,no
5254,0,0,4.5397888361774e-05,-10.012847900390625,-0.012848333455622196,assist,no
5255,0,0,0.00029595707714048374,-8.14395809173584,-0.018957968801259995,assist,no
5256,0,0,0.007577241253854041,-4.886450290679932,-0.011450288817286491,assist,no
5257,0,0,0.0028009269879310543,-5.888216972351074,-0.013216979801654816,assist,no
5258,0,0,0.0031726822592927683,-5.758837699890137,-0.008837515488266945,assist,no
5259,0,0,0.0024726228855751265,-6.015727519989014,-0.015727410092949867,assist,no
5260,0,0,0.0024726235310646755,-6.009697437286377,-0.009697589091956615,assist,no
5261,0,0,0.009708476696368677,-4.642852783203125,-0.01785280555486679,assist,no
5262,0,0,0.0003799845738287344,-7.8842973709106445,-0.009297526441514492,assist,no
5263,0,0,0.14804719239327382,-1.986556887626648,-0.23655684292316437,assist,no
5264,0,0,0.002800927258462121,-5.881882190704346,-0.00688229501247406,assist,no
5265,0,0,0.0024726232967588416,-6.008917331695557,-0.008917388506233692,assist,no
5266,0,0,0.0007096703872122538,-7.257819652557373,-0.007819635793566704,assist,no
5267,0,0,0.0028009267551182826,-5.880927085876465,-0.005927009973675013,assist,no
5268,0,0,0.010986940808999623,-4.5443034172058105,-0.044303249567747116,assist,no
5269,0,0,0.0019267350000268819,-6.265196323394775,-0.015196498483419418,assist,no
5270,0,0,0.00033535028563707605,-8.013571739196777,-0.013572202064096928,assist,no
5271,0,0,0.0013250223851710686,-6.636858940124512,-0.011858915910124779,assist,no
5272,0,0,0.0003799845830263318,-7.887089252471924,-0.012089432217180729,assist,no
5273,0,0,0.0010322310607635136,-6.880065441131592,-0.005065464414656162,assist,no
5274,0,0,0.0024726231704174694,-6.0106892585754395,-0.0106892641633749,assist,no
5275,0,0,0.005220126868765487,-5.263805389404297,-0.013805615715682507,assist,no
5276,0,0,0.008577483528779474,-4.780959129333496,-0.030958907678723335,assist,no
5277,0,0,0.0024726235930868116,-6.015754222869873,-0.015754399821162224,assist,no
5278,0,0,0.0009110513355442936,-7.005337238311768,-0.005337393376976252,assist,no
5279,0,0,0.0011695101954287976,-6.756802082061768,-0.006802022457122803,assist,no
5280,0,0,0.004070137444082972,-5.508716106414795,-0.00871603935956955,assist,no
5281,0,0,0.01798620683665319,-4.018411159515381,-0.018410982564091682,assist,no
5282,0,0,0.005220126322269976,-5.2577714920043945,-0.007771613076329231,assist,no
5283,0,0,0.002472623701051275,-6.014654159545898,-0.014654380269348621,assist,no
5284,0,0,0.002182716898687274,-6.132383823394775,-0.007384031545370817,assist,no
5285,0,0,0.001700722574301714,-6.388246059417725,-0.013246155343949795,assist,no
5286,0,0,0.017986210291085103,-4.038926601409912,-0.0389266200363636,assist,no
5287,0,0,0.0008040858361104976,-7.133042812347412,-0.008042688481509686,assist,no
5288,0,0,0.0059110690970369155,-5.138463020324707,-0.013463061302900314,assist,no
5289,0,0,0.001700722468359474,-6.380682945251465,-0.00568297877907753,assist,no
5290,0,0,0.0046095717605996725,-5.3911638259887695,-0.01616373471915722,assist,no
5291,0,0,0.010986940060122357,-4.525986194610596,-0.02598595805466175,assist,no
5292,0,0,0.0021827162090393842,-6.132755279541016,-0.007755171041935682,assist,no
5293,0,0,0.004609571863156699,-5.383971214294434,-0.008971145376563072,assist,no
5294,0,0,0.0066928523978585066,-5.018970966339111,-0.018971187993884087,assist,no
5295,0,0,0.003172682359436914,-5.761453151702881,-0.011452998965978622,assist,no
5296,0,0,0.0005527786919783813,-7.512017250061035,-0.01201734971255064,assist,no
5297,0,0,0.0008040858174039693,-7.144620418548584,-0.019620271399617195,assist,no
5298,0,0,0.0019267343785657894,-6.259240627288818,-0.009240479208528996,assist,no
5299,0,0,0.007577241590016498,-4.892578125,-0.017578167840838432,assist,no
5300,0,0,0.13296423160844623,-2.0296661853790283,-0.15466611087322235,assist,no
5301,0,0,0.0019267342406623464,-6.257521152496338,-0.007520932704210281,assist,no
5302,0,0,0.0003353500276698992,-8.001798629760742,-0.0017983231227844954,assist,no
5303,0,0,0.022977368655567088,-3.7821803092956543,-0.03218025341629982,assist,no
5304,0,0,0.0031726821179128037,-5.7592878341674805,-0.009287605062127113,assist,no
5305,0,0,0.004070138486033497,-5.507731914520264,-0.007732104510068893,assist,no
5306,0,0,0.0010322308638922404,-6.910372734069824,-0.03537256643176079,assist,no
5307,0,0,0.005911069157235196,-5.137692451477051,-0.012692502699792385,assist,no
5308,0,0,0.001325022611930508,-6.638034820556641,-0.013034967705607414,assist,no
5309,0,0,0.0010322310770894253,-6.887618541717529,-0.01261858083307743,assist,no
5310,0,0,0.003172683204771444,-5.761356830596924,-0.011356945149600506,assist,no
5311,0,0,0.0013250224566495835,-6.639398574829102,-0.01439860463142395,assist,no
5312,0,0,0.004070138561537168,-5.5158867835998535,-0.01588699221611023,assist,no
5313,0,0,0.0013250224295370428,-6.6319475173950195,-0.006947526708245277,assist,no
5314,0,0,0.22270013882530884,-1.5651880502700806,-0.31518805027008057,assist,no
5315,0,0,0.0017007220825400275,-6.3956427574157715,-0.020642563700675964,assist,no
5316,0,0,0.0011695100637907963,-6.764567852020264,-0.014567679725587368,assist,no
5317,0,0,0.0004305570656928349,-7.75746488571167,-0.007464849390089512,assist,no
5318,0,0,0.0040701384294057445,-5.5134968757629395,-0.013497051782906055,assist,no
5319,0,0,0.0024726233266213478,-6.01432991027832,-0.014329979196190834,assist,no
5320,0,0,0.46879062662624377,-0.8094542026519775,-0.6844542026519775,assist,no
5321,0,0,0.004609572828902135,-5.395210266113281,-0.02021040767431259,assist,no
5322,0,0,0.003593603098310427,-5.633840560913086,-0.008840705268085003,assist,no
5323,0,0,0.0017007225505833018,-6.383914470672607,-0.008914552628993988,assist,no
5324,0,0,0.0046095715127535365,-5.415241718292236,-0.04024157300591469,assist,no
5325,0,0,0.005220125490436211,-5.2702717781066895,-0.02027173899114132,assist,no
5326,0,0,0.01590639413182011,-4.151817798614502,-0.02681795321404934,assist,no
5327,0,0,0.00048785704013048695,-7.6318182945251465,-0.006818125024437904,assist,no
5328,0,0,0.00020342705562172706,-8.503677368164062,-0.003677749540656805,assist,no
5329,0,0,0.0002611902272919238,-8.257200241088867,-0.00719988951459527,assist,no
5330,0,0,0.0017007226003919681,-6.380584716796875,-0.0055848280899226665,assist,no
5331,0,0,0.0008040860501132123,-7.1389479637146,-0.013948106206953526,assist,no
5332,0,0,0.0006263341925036946,-7.379916191101074,-0.004916246049106121,assist,no
5333,0,0,0.0015011821932196235,-6.504235744476318,-0.004235702101141214,assist,no
5334,0,0,0.029312230009385914,-3.5389938354492188,-0.03899380937218666,assist,no
5335,0,0,0.007577242388402388,-4.90769100189209,-0.03269115090370178,assist,no
5336,0,0,0.042087729117139754,-3.2596774101257324,-0.1346774399280548,assist,no
5337,0,0,0.00023050676534772295,-8.384319305419922,-0.009319493547081947,assist,no
5338,0,0,0.008577484194049724,-4.764311790466309,-0.014311647042632103,assist,no
5339,0,0,0.001926734792276177,-6.258423328399658,-0.008423395454883575,assist,no
5340,0,0,0.017986212133449052,-4.056149959564209,-0.056150082498788834,assist,no
5341,0,0,0.0006263340645453442,-7.379957675933838,-0.004957526456564665,assist,no
5342,0,0,0.00023050666297082419,-8.37911605834961,-0.004115802235901356,assist,no
5343,0,0,0.0015011822930326318,-6.513367176055908,-0.013367200270295143,assist,no
5344,0,0,0.0024726227178856986,-6.0083394050598145,-0.008339227177202702,assist,no
5345,0,0,0.006692851023348621,-5.016353607177734,-0.01635362207889557,assist,no
5346,0,0,0.002182716761771867,-6.139032363891602,-0.014032509177923203,assist,no
5347,0,0,0.005911068856243796,-5.162469863891602,-0.03746986389160156,assist,no
5348,0,0,0.01243165069311059,-4.396236896514893,-0.021236883476376534,assist,no
5349,0,0,0.002800927218142585,-5.881620407104492,-0.006620496977120638,assist,no
5350,0,0,0.0007096702478545729,-7.2566304206848145,-0.006630207411944866,assist,no
5351,0,0,0.00043055712280895715,-7.755857467651367,-0.00585756404325366,assist,no
5352,0,0,0.0019267351074841515,-6.258347034454346,-0.008347265422344208,assist,no
5353,0,0,0.002800927484771783,-5.8860650062561035,-0.011065191589295864,assist,no
5354,0,0,0.000911051248654057,-7.00812292098999,-0.00812298059463501,assist,no
5355,0,0,0.0011695102645115562,-6.755093574523926,-0.005093574058264494,assist,no
5356,0,0,0.006692850057476976,-5.011263370513916,-0.01126324012875557,assist,no
5357,0,0,0.0015011821073664814,-6.513053894042969,-0.013053794391453266,assist,no
5358,0,0,0.004609571213628908,-5.388384819030762,-0.013384608551859856,assist,no
5359,0,0,0.0009110511749033263,-7.0139851570129395,-0.013985135592520237,assist,no
5360,0,0,0.0031726824330723167,-5.761502742767334,-0.011502613313496113,assist,no
5361,0,0,0.005220125918443684,-5.2576584815979,-0.00765852490440011,assist,no
5362,0,0,0.0019267343123004976,-6.2690110206604,-0.019010838121175766,assist,no
5363,0,0,0.005220126254562572,-5.283384323120117,-0.03338443115353584,assist,no
5364,0,0,0.0009110513690288258,-7.008848667144775,-0.008848858997225761,assist,no
5365,0,0,0.0010322310991774247,-6.889379978179932,-0.01438003871589899,assist,no
5366,0,0,0.0017007220793775735,-6.389819145202637,-0.01481894962489605,assist,no
5367,0,0,0.005911067750784603,-5.135861396789551,-0.010861208662390709,assist,no
5368,0,0,0.000911051314775407,-7.012497901916504,-0.012498034164309502,assist,no
5369,0,0,0.005220126675315743,-5.257716655731201,-0.007716844789683819,assist,no
5370,0,0,0.001700722372299911,-6.378559112548828,-0.0035590894985944033,assist,no
5371,0,0,0.0011695099974278428,-6.7663397789001465,-0.01633954979479313,assist,no
5372,0,0,0.009708477072434253,-4.647463798522949,-0.022463859990239143,assist,no
5373,0,0,0.0009110512028777407,-7.016032695770264,-0.016032705083489418,assist,no
5374,0,0,0.0015011820738628175,-6.511966705322266,-0.01196658331900835,assist,no
5375,0,0,0.001169510542474508,-6.759211540222168,-0.009211777709424496,assist,no
5376,0,0,0.0017007222477782634,-6.38240909576416,-0.0074089993722736835,assist,no
5377,0,0,0.0009110510257064639,-7.008211135864258,-0.008210950531065464,assist,no
5378,0,0,0.0007096705143513944,-7.254593372344971,-0.0045935348607599735,assist,no
5379,0,0,0.0003353500581888498,-8.00424861907959,-0.00424840347841382,assist,no
5380,0,0,0.005911070251749507,-5.1376776695251465,-0.012677907012403011,assist,no
5381,0,0,0.0009110511916455893,-7.002290725708008,-0.002290722681209445,assist,no
5382,0,0,0.012431648131907214,-4.401731014251709,-0.026730792596936226,assist,no
5383,0,0,0.00048785722768646724,-7.634555339813232,-0.009555554948747158,assist,no
5384,0,0,0.0010322309003854494,-6.8850507736206055,-0.010050641372799873,assist,no
5385,0,0,0.001700722381391968,-6.3847880363464355,-0.00978801865130663,assist,no
5386,0,0,0.002472622929220322,-6.011673450469971,-0.011673358269035816,assist,no
5387,0,0,0.005220124682783785,-5.261290073394775,-0.011289878748357296,assist,no
5388,0,0,0.006692851500093009,-5.010570049285889,-0.010570135898888111,assist,no
5389,0,0,0.00522012542756506,-5.258004188537598,-0.008004137314856052,assist,no
5390,0,0,0.020332352711925895,-3.8996005058288574,-0.024600474163889885,assist,no
5391,0,0,0.025957356726853616,-3.659998893737793,-0.034998875111341476,assist,no
5392,0,0,0.0028009272896772452,-5.881227970123291,-0.006228085607290268,assist,no
5393,0,0,0.0013250226205572264,-6.633299350738525,-0.008299504406750202,assist,no
5394,0,0,0.0052201247263099606,-5.257976531982422,-0.007976345717906952,assist,no
5395,0,0,0.0008040859169227048,-7.135846138000488,-0.010846114717423916,assist,no
5396,0,0,0.002800927210338804,-5.879031658172607,-0.004031745251268148,assist,no
5397,0,0,0.0059110692064883365,-5.1483235359191895,-0.02332359552383423,assist,no
5398,0,0,0.001325022584817964,-6.635588645935059,-0.010588772594928741,assist,no
5399,0,0,0.015906388300482414,-4.147402763366699,-0.02240254543721676,assist,no
5400,0,0,0.09534945975773548,-2.377751588821411,-0.12775152921676636,assist,no
5401,0,0,0.0002959570812737327,-8.134184837341309,-0.009184728376567364,assist,no
5402,0,0,0.0009110510011228924,-7.003987789154053,-0.003987576812505722,assist,no
5403,0,0,0.005911068921914645,-5.140921592712402,-0.01592160388827324,assist,no
5404,0,0,0.0005527786410398447,-7.519050598144531,-0.019050605595111847,assist,no
5405,0,0,0.02931222852544515,-3.5375654697418213,-0.03756539151072502,assist,no
5406,0,0,0.0021827161623867407,-6.130896091461182,-0.005895961541682482,assist,no
5407,0,0,0.0007096703409798449,-7.263844966888428,-0.013844884932041168,assist,no
5408,0,0,0.20181323186177208,-1.653186321258545,-0.2781863808631897,assist,no
5409,0,0,0.0035936031950189497,-5.6350321769714355,-0.010032348334789276,assist,no
5410,0,0,0.010986940626840283,-4.5174360275268555,-0.017435843124985695,assist,no
5411,0,0,0.0007096704492957793,-7.28525972366333,-0.03525979444384575,assist,no
5412,0,0,0.0021827168875312034,-6.140410900115967,-0.015411103144288063,assist,no
5413,0,0,0.0002959571051432469,-8.12690544128418,-0.0019054129952564836,assist,no
5414,0,0,0.005220125267969063,-5.260597229003906,-0.010597147047519684,assist,no
5415,0,0,0.0007096702954079016,-7.262242794036865,-0.01224264781922102,assist,no
5416,0,0,0.0021827167739421247,-6.130040168762207,-0.005040319636464119,assist,no
5417,0,0,0.006692850682816934,-5.008046627044678,-0.008046590723097324,assist,no
5418,0,0,0.005220124881069698,-5.294795036315918,-0.04479487985372543,assist,no
5419,0,0,0.0075772408476577615,-4.888592720031738,-0.013592664152383804,assist,no
5420,0,0,0.0013250223968787561,-6.632525444030762,-0.007525428663939238,assist,no
5421,0,0,0.0011695102367696604,-6.757682800292969,-0.00768277607858181,assist,no
5422,0,0,0.00359360213956228,-5.631580829620361,-0.006580706220120192,assist,no
5423,0,0,0.010986941132838456,-4.519733905792236,-0.019733767956495285,assist,no
5424,0,0,0.000911051008328422,-7.004273891448975,-0.004273687023669481,assist,no
5425,0,0,0.0009110513893738587,-7.01138973236084,-0.011389946565032005,assist,no
5426,0,0,0.0005527787045843834,-7.504878044128418,-0.004878166597336531,assist,no
5427,0,0,0.00407013861438974,-5.5092902183532715,-0.009290440008044243,assist,no
5428,0,0,0.04742587351415913,-3.066642999649048,-0.06664300709962845,assist,no
5429,0,0,0.0002959572457770901,-8.136798858642578,-0.01179930567741394,assist,no
5430,0,0,0.0017007227735363927,-6.38828182220459,-0.01328203547745943,assist,no
5431,0,0,0.002182716398692532,-6.140440940856934,-0.015440919436514378,assist,no
5432,0,0,0.001032231013706474,-6.886306285858154,-0.011306263506412506,assist,no
5433,0,0,0.0017007227387493837,-6.380675792694092,-0.005675985477864742,assist,no
5434,0,0,0.0015011822427771302,-6.50870943069458,-0.008709421381354332,assist,no
5435,0,0,0.0008040858256348416,-7.140524864196777,-0.015524727292358875,assist,no
5436,0,0,0.0009110512656082488,-7.0100178718566895,-0.01001795008778572,assist,no
5437,0,0,0.007577240364424282,-4.8856120109558105,-0.010611890815198421,assist,no
5438,0,0,0.0011695103390339063,-6.755677700042725,-0.005677763372659683,assist,no
5439,0,0,0.03732689136002139,-3.305372714996338,-0.055372826755046844,assist,no
5440,0,0,0.0003799845968227282,-7.877081394195557,-0.0020816102623939514,assist,no
5441,0,0,0.009708478594604598,-4.653308391571045,-0.02830861136317253,assist,no
5442,0,0,0.06754668691621381,-2.7197391986846924,-0.09473913162946701,assist,no
5443,0,0,0.0003799845122755887,-7.8882269859313965,-0.013226979412138462,assist,no
5444,0,0,0.0001584362178485052,-8.757018089294434,-0.0070180813781917095,assist,no
5445,0,0,0.008577485120676232,-4.761254787445068,-0.011254752986133099,assist,no
5446,0,0,0.00037998458983609147,-7.878021717071533,-0.0030219147447496653,assist,no
5447,0,0,0.0009110513334250193,-7.006410121917725,-0.006410274654626846,assist,no
5448,0,0,0.00757724178611127,-4.888825416564941,-0.013825485482811928,assist,no
5449,0,0,0.0534033328129234,-2.9849283695220947,-0.1099284291267395,assist,no
5450,0,0,0.010986942569873391,-4.516260623931885,-0.016260618343949318,assist,no
5451,0,0,0.0004878572014604148,-7.628368377685547,-0.003368539037182927,assist,no
5452,0,0,0.010986942023395294,-4.523838043212891,-0.023837987333536148,assist,no
5453,0,0,0.005911068265206182,-5.141830921173096,-0.016830820590257645,assist,no
5454,0,0,0.0003353500862100883,-8.003751754760742,-0.0037516227457672358,assist,no
5455,0,0,0.0013250224652763007,-6.631926536560059,-0.006926572881639004,assist,no
5456,0,0,0.08509904674726423,-2.4965403079986572,-0.12154033035039902,assist,no
5457,0,0,0.0011695104848148687,-6.77244758605957,-0.022447774186730385,assist,no
5458,0,0,0.0005527786459278858,-7.504948139190674,-0.004948155488818884,assist,no
5459,0,0,0.0024726234139117557,-6.019571304321289,-0.01957140862941742,assist,no
5460,0,0,0.001700722732424473,-6.389928340911865,-0.014928529970347881,assist,no
5461,0,0,0.02931222947940706,-3.5602622032165527,-0.06026215851306915,assist,no
5462,0,0,0.005911069545787752,-5.14174747467041,-0.016747592017054558,assist,no
5463,0,0,0.00010889692574465708,-9.128957748413086,-0.003957892768085003,assist,no
5464,0,0,0.0021827160558970152,-6.135311603546143,-0.010311424732208252,assist,no
5465,0,0,0.0015011819021565529,-6.516129016876221,-0.01612878032028675,assist,no
5466,0,0,0.006692849738615533,-5.007609844207764,-0.007609665859490633,assist,no
5467,0,0,0.0005527785715782116,-7.5077104568481445,-0.007710338570177555,assist,no
5468,0,0,0.0007096702445522584,-7.263596057891846,-0.013595839962363243,assist,no
5469,0,0,0.001169510036592864,-6.7584404945373535,-0.008440298959612846,assist,no
5470,0,0,0.017986212857234944,-4.029715538024902,-0.029715701937675476,assist,no
5471,0,0,0.0028009271778230505,-5.878914833068848,-0.0039149085059762,assist,no
5472,0,0,0.001700722250150104,-6.388349533081055,-0.013349438086152077,assist,no
5473,0,0,0.008577485548350038,-4.760441303253174,-0.010441319085657597,assist,no
5474,0,0,0.0009110512904037549,-7.002587795257568,-0.0025879007298499346,assist,no
5475,0,0,0.0059110681283919275,-5.134847164154053,-0.00984704028815031,assist,no
5476,0,0,0.0013250225293604903,-6.633780002593994,-0.00878008734434843,assist,no
5477,0,0,0.006692850342285266,-5.026681900024414,-0.02668181248009205,assist,no
5478,0,0,0.009708475944237564,-4.643810749053955,-0.0188106931746006,assist,no
5479,0,0,0.001325022297671513,-6.633732318878174,-0.00873222853988409,assist,no
5480,0,0,0.001032230937358833,-6.881701946258545,-0.006701849866658449,assist,no
5481,0,0,0.0024726230877213018,-6.0029377937316895,-0.0029377657920122147,assist,no
5482,0,0,0.00048785707736919884,-7.630361557006836,-0.005361463874578476,assist,no
5483,0,0,0.0006263342070775403,-7.402933120727539,-0.02793319895863533,assist,no
5484,0,0,0.0013250224467904776,-6.641518592834473,-0.016518615186214447,assist,no
5485,0,0,0.010986942185314727,-4.54768180847168,-0.047681767493486404,assist,no
5486,0,0,0.06754668973182397,-2.715843677520752,-0.09084365516901016,assist,no
5487,0,0,0.0013250223827062924,-6.6365861892700195,-0.011586163192987442,assist,no
5488,0,0,0.017986207790734322,-4.034499645233154,-0.03449952229857445,assist,no
5489,0,0,0.00522012675269564,-5.260547637939453,-0.010547841899096966,assist,no
5490,0,0,0.001169510418451891,-6.75675630569458,-0.006756437011063099,assist,no
5491,0,0,0.0009110511795657286,-7.006454944610596,-0.006454928312450647,assist,no
5492,0,0,0.01590639544387138,-4.193719863891602,-0.06872010231018066,assist,no
5493,0,0,0.0009110512923111017,-7.007152557373047,-0.007152664940804243,assist,no
5494,0,0,0.0021827162587345927,-6.144258975982666,-0.01925889030098915,assist,no
5495,0,0,0.0004878570146991731,-7.634551525115967,-0.009551303461194038,assist,no
5496,0,0,0.0024726236803772283,-6.008992671966553,-0.008992884308099747,assist,no
5497,0,0,0.0006263340362720903,-7.387237071990967,-0.012236877344548702,assist,no
5498,0,0,0.0003353502107055912,-8.00413990020752,-0.004140139557421207,assist,no
5499,0,0,0.002800926545716867,-5.8926496505737305,-0.01764949969947338,assist,no
5500,0,0,0.006692851890156625,-5.024468421936035,-0.024468567222356796,assist,no
5501,0,0,0.022977370788146625,-3.777841806411743,-0.027841845527291298,assist,no
5502,0,0,0.012431649709791376,-4.393322944641113,-0.01832285150885582,assist,no
5503,0,0,0.00280092747176548,-5.884307384490967,-0.009307565167546272,assist,no
5504,0,0,0.0011695102150113114,-6.770084857940674,-0.020084815099835396,assist,no
5505,0,0,0.0007096705602535831,-7.290258407592773,-0.040258634835481644,assist,no
5506,0,0,0.000335350216949881,-8.013349533081055,-0.013349791057407856,assist,no
5507,0,0,0.0028009266861848954,-5.8900346755981445,-0.015034575015306473,assist,no
5508,0,0,0.001501181985915704,-6.503889083862305,-0.003888903185725212,assist,no
5509,0,0,0.010986942934192136,-4.518629550933838,-0.01862957887351513,assist,no
5510,0,0,0.0004305571648945258,-7.752776622772217,-0.002776816952973604,assist,no
5511,0,0,0.04742587216778976,-3.065431594848633,-0.06543157249689102,assist,no
5512,0,0,0.0031726826259970814,-5.75469446182251,-0.004694393370300531,assist,no
5513,0,0,0.0005527785499679275,-7.510770797729492,-0.010770640335977077,assist,no
5514,0,0,0.0003799845271332436,-7.884549617767334,-0.009549650363624096,assist,no
5515,0,0,0.005911069808471186,-5.148650169372559,-0.023650331422686577,assist,no
5516,0,0,0.0009110512160172388,-7.003958225250244,-0.003958248998969793,assist,no
5517,0,0,0.0015011819468280993,-6.51166296005249,-0.01166275329887867,assist,no
5518,0,0,0.00048785709689681714,-7.630398273468018,-0.005398220382630825,assist,no
5519,0,0,0.0002611903660311823,-8.259230613708496,-0.009230793453752995,assist,no
5520,0,0,0.0010322308240378168,-6.881106853485107,-0.0061066471971571445,assist,no
5521,0,0,0.0015011821659978947,-6.510628700256348,-0.010628639720380306,assist,no
5522,0,0,0.005911069403500898,-5.141406536102295,-0.016406629234552383,assist,no
5523,0,0,0.004609571803331766,-5.384770393371582,-0.009770311415195465,assist,no
5524,0,0,0.0066928493702222355,-5.0135273933410645,-0.013527159579098225,assist,no
5525,0,0,0.0035936023579900963,-5.633049964904785,-0.008049902506172657,assist,no
5526,0,0,0.037326887611855576,-3.2888307571411133,-0.03883076459169388,assist,no
5527,0,0,0.0017007224177601973,-6.389964580535889,-0.01496458426117897,assist,no
5528,0,0,0.0017007227846049867,-6.387105464935303,-0.012105684727430344,assist,no
5529,0,0,0.0009110510782644468,-7.004806995391846,-0.004806867800652981,assist,no
5530,0,0,0.008577483829735057,-4.772396087646484,-0.022395901381969452,assist,no
5531,0,0,0.010986944270027638,-4.519773006439209,-0.019773157313466072,assist,no
5532,0,0,0.0015011825708339068,-6.509617805480957,-0.00961801502853632,assist,no
5533,0,0,0.0011695104532652557,-6.764397621154785,-0.014397782273590565,assist,no
5534,0,0,0.002800926372733101,-5.882376670837402,-0.007376458030194044,assist,no
5535,0,0,0.001032230965689089,-6.897311687469482,-0.0223116185516119,assist,no
5536,0,0,0.01098694070779999,-4.518172264099121,-0.018172087147831917,assist,no
5537,0,0,0.0007096705648768254,-7.258857250213623,-0.008857483975589275,assist,no
5538,0,0,0.0009110514016656497,-7.006435394287109,-0.0064356219954788685,assist,no
5539,0,0,0.0004878570900848571,-7.642052173614502,-0.01705210655927658,assist,no
5540,0,0,0.0010322311155033374,-6.884369373321533,-0.009369449689984322,assist,no
5541,0,0,0.0066928493702222355,-5.008570671081543,-0.00857043731957674,assist,no
5542,0,0,0.2018132270610754,-1.7339210510253906,-0.358921080827713,assist,no
5543,0,0,0.0035936023646596484,-5.635403156280518,-0.010403095744550228,assist,no
5544,0,0,0.0005527785154943807,-7.507568359375,-0.007568139582872391,assist,no
5545,0,0,0.0003353502082078753,-8.00925064086914,-0.009250872768461704,assist,no
5546,0,0,0.32082129433083023,-1.1964731216430664,-0.446473091840744,assist,no
5547,0,0,0.0007096705209560257,-7.252213001251221,-0.0022131730802357197,assist,no
5548,0,0,0.0009110511189545,-7.011142730712891,-0.011142647825181484,assist,no
5549,0,0,0.000261190393997913,-8.254070281982422,-0.004070568829774857,assist,no
5550,0,0,0.002182716814509652,-6.1352081298828125,-0.01020829938352108,assist,no
5551,0,0,0.0013250223445022604,-6.629294395446777,-0.0042943404987454414,assist,no
5552,0,0,0.0006263340721237423,-7.379449367523193,-0.004449230153113604,assist,no
5553,0,0,0.022977371248114782,-3.793811082839966,-0.043811142444610596,assist,no
5554,0,0,0.004070137085440645,-5.513442516326904,-0.013442360796034336,assist,no
5555,0,0,0.0011695103129238853,-6.757596492767334,-0.0075965337455272675,assist,no
5556,0,0,0.0373268854700467,-3.301043748855591,-0.05104369670152664,assist,no
5557,0,0,0.002182716806396147,-6.1461615562438965,-0.021161722019314766,assist,no
5558,0,0,0.2018132270610754,-1.6278553009033203,-0.2528553307056427,assist,no
5559,0,0,0.009708475836790268,-4.636661052703857,-0.01166098564863205,assist,no
5560,0,0,0.009708477287328876,-4.641042709350586,-0.016042793169617653,assist,no
5561,0,0,0.008577485619629007,-4.767559051513672,-0.017559075728058815,assist,no
5562,0,0,0.005220125882171863,-5.2638020515441895,-0.013802087865769863,assist,no
5563,0,0,0.005220124494170363,-5.2638044357299805,-0.013804204761981964,assist,no
5564,0,0,0.0021827162749615994,-6.137988567352295,-0.012988489121198654,assist,no
5565,0,0,0.007577241547996189,-4.888383865356445,-0.013383902609348297,assist,no
5566,0,0,0.0017007223355363758,-6.407161712646484,-0.03216166794300079,assist,no
5567,0,0,0.009708474619054318,-4.644962787628174,-0.019962593913078308,assist,no
5568,0,0,0.0009110514080234727,-7.0071845054626465,-0.0071847401559352875,assist,no
5569,0,0,0.0009110510070568579,-7.012638092041016,-0.012637886218726635,assist,no
5570,0,0,0.16451645470385742,-1.8453171253204346,-0.2203170657157898,assist,no
5571,0,0,0.0006263340461823029,-7.392244815826416,-0.01724463701248169,assist,no
5572,0,0,0.07585817532042316,-2.6159660816192627,-0.11596601456403732,assist,no
5573,0,0,0.010986942428193881,-4.517554759979248,-0.017554741352796555,assist,no
5574,0,0,0.0017007222216880143,-6.390074729919434,-0.01507461816072464,assist,no
5575,0,0,0.01098694392594878,-4.518832683563232,-0.018832802772521973,assist,no
5576,0,0,0.0008040859131813987,-7.146979808807373,-0.02197978086769581,assist,no
5577,0,0,0.0075772397971502385,-4.883730888366699,-0.00873069278895855,assist,no
5578,0,0,0.0024726233404040437,-6.015976905822754,-0.015976980328559875,assist,no
5579,0,0,0.0004878572335901675,-7.636996746063232,-0.011996973305940628,assist,no
5580,0,0,0.0024726236620002985,-6.019758224487305,-0.019758429378271103,assist,no
5581,0,0,0.0009110513893738587,-7.0220489501953125,-0.02204916439950466,assist,no
5582,0,0,0.0024726225708703187,-6.004336833953857,-0.004336596466600895,assist,no
5583,0,0,0.004609572076817176,-5.396893501281738,-0.02189347892999649,assist,no
5584,0,0,0.006692850676625449,-5.013291835784912,-0.013291798532009125,assist,no
5585,0,0,0.004070138572862719,-5.5148234367370605,-0.014823648147284985,assist,no
5586,0,0,0.003172683511094814,-5.756288528442383,-0.00628873985260725,assist,no
5587,0,0,0.00029595706226078774,-8.143904685974121,-0.018904512748122215,assist,no
5588,0,0,0.002800927097183982,-5.89484977722168,-0.01984982378780842,assist,no
5589,0,0,0.012431652179523503,-4.396605491638184,-0.02160559967160225,assist,no
5590,0,0,0.004609571878112931,-5.382291793823242,-0.007291728165000677,assist,no
5591,0,0,0.0015011822197433591,-6.506601810455322,-0.006601785775274038,assist,no
5592,0,0,0.0035936033851012264,-5.633641242980957,-0.008641467429697514,assist,no
5593,0,0,0.0028009264806853743,-5.886086940765381,-0.011086766608059406,assist,no
5594,0,0,0.0015011822350992066,-6.506527900695801,-0.006527886260300875,assist,no
5595,0,0,0.0013250224196779375,-6.6314520835876465,-0.006452085450291634,assist,no
5596,0,0,0.0040701376932450305,-5.514613151550293,-0.014613145962357521,assist,no
5597,0,0,0.1066905854244781,-2.267631769180298,-0.1426316797733307,assist,no
5598,0,0,0.0031726828778301875,-5.798028469085693,-0.048028480261564255,assist,no
5599,0,0,0.06008665059478843,-2.8225364685058594,-0.07253647595643997,assist,no
5600,0,0,0.00026119032566181995,-8.25637435913086,-0.00637438427656889,assist,no
5601,0,0,0.0075772396500791974,-4.890307426452637,-0.015307211317121983,assist,no
5602,0,0,0.0028009274353478324,-5.883439540863037,-0.00843970850110054,assist,no
5603,0,0,0.0035936022779554746,-5.634549617767334,-0.009549533016979694,assist,no
5604,0,0,0.003593602468037703,-5.633031368255615,-0.008031336590647697,assist,no
5605,0,0,0.0028009265509193865,-5.88996696472168,-0.014966815710067749,assist,no
5606,0,0,0.000709670539118762,-7.260803699493408,-0.010803896933794022,assist,no
5607,0,0,0.0028009270594657083,-5.880016326904297,-0.005016359966248274,assist,no
5608,0,0,0.0004305571577800603,-7.752042293548584,-0.0020424711983650923,assist,no
5609,0,0,0.03308598053388778,-3.4207653999328613,-0.0457654669880867,assist,no
5610,0,0,0.00043055697891642493,-7.7552995681762695,-0.005299330223351717,assist,no
5611,0,0,0.0007096704895840275,-7.261048793792725,-0.011048921383917332,assist,no
5612,0,0,0.0021827166765800623,-6.1297078132629395,-0.004707919433712959,assist,no
5613,0,0,0.017986211738656763,-4.033120155334473,-0.033120255917310715,assist,no
5614,0,0,0.005911067608497791,-5.134538173675537,-0.009537961333990097,assist,no
5615,0,0,0.00048785720588818976,-7.633467197418213,-0.008467367850244045,assist,no
5616,0,0,0.03732688359596404,-3.3114638328552246,-0.06146372854709625,assist,no
5617,0,0,0.0011695104108364678,-6.766113758087158,-0.0161138828843832,assist,no
5618,0,0,0.0035936018711128447,-5.635313510894775,-0.010313312523066998,assist,no
5619,0,0,0.0005527786145415168,-7.504911422729492,-0.004911382216960192,assist,no
5620,0,0,0.003172683559694197,-5.75632381439209,-0.006324041169136763,assist,no
5621,0,0,0.003172682518489387,-5.772695541381836,-0.02269543893635273,assist,no
5622,0,0,0.014063626500875498,-4.2790913581848145,-0.02909131906926632,assist,no
5623,0,0,0.01798620667215645,-4.04121208190918,-0.041211895644664764,assist,no
5624,0,0,0.025957357009419556,-3.6586570739746094,-0.03365706652402878,assist,no
5625,0,0,0.006692850812838121,-5.022171497344971,-0.02217148058116436,assist,no
5626,0,0,0.00037998444187861246,-7.885585308074951,-0.010585116222500801,assist,no
5627,0,0,0.002182716631955785,-6.139212608337402,-0.014212694019079208,assist,no
5628,0,0,0.00218271658124638,-6.136277675628662,-0.011277738027274609,assist,no
5629,0,0,0.017986212528241355,-4.028796672821045,-0.028796818107366562,assist,no
5630,0,0,0.0028009270815764205,-5.889866828918457,-0.014866869896650314,assist,no
5631,0,0,0.0017007222359190595,-6.3859405517578125,-0.010940448381006718,assist,no
5632,0,0,0.0017007226090887198,-6.388298034667969,-0.013298151083290577,assist,no
5633,0,0,0.04208772611333754,-3.2332820892333984,-0.10828204452991486,assist,no
5634,0,0,0.00043055705557225955,-7.7537641525268555,-0.0037640926893800497,assist,no
5635,0,0,0.00043055704004068407,-7.754331588745117,-0.004331492818892002,assist,no
5636,0,0,0.0002959571796450762,-8.132413864135742,-0.007414087653160095,assist,no
5637,0,0,0.0028009273833226214,-5.909129619598389,-0.03412976861000061,assist,no
5638,0,0,0.001926734967789702,-6.259511470794678,-0.009511629119515419,assist,no
5639,0,0,0.0013250223753119637,-6.64553165435791,-0.02053162269294262,assist,no
5640,0,0,0.000487857166151749,-7.6299333572387695,-0.004933446180075407,assist,no
5641,0,0,0.005911067477156122,-5.142076015472412,-0.017075780779123306,assist,no
5642,0,0,0.01243165263688136,-4.390838623046875,-0.01583876833319664,assist,no
5643,0,0,0.02931223287127187,-3.543618679046631,-0.04361875355243683,assist,no
5644,0,0,0.0015011819398481703,-6.5080389976501465,-0.008038786239922047,assist,no
5645,0,0,0.002182716786112383,-6.135347843170166,-0.010347999632358551,assist,no
5646,0,0,0.0006263341502395441,-7.381191253662109,-0.006191241089254618,assist,no
5647,0,0,0.0008040861215721734,-7.1313605308532715,-0.006360762286931276,assist,no
5648,0,0,0.0015011819217003541,-6.510798931121826,-0.010798707604408264,assist,no
5649,0,0,0.003593603188349396,-5.6341023445129395,-0.009102514013648033,assist,no
5650,0,0,0.00043055702841705374,-7.754337787628174,-0.004337664693593979,assist,no
5651,0,0,0.004070137402555965,-5.513655185699463,-0.013655108399689198,assist,no
5652,0,0,0.007577242080253438,-4.888510704040527,-0.013510812073946,assist,no
5653,0,0,0.0015011820075534856,-6.504561424255371,-0.004561258014291525,assist,no
5654,0,0,0.005220125142226766,-5.259833335876465,-0.009833229705691338,assist,no
5655,0,0,0.0009110512766284738,-7.008913516998291,-0.008913607336580753,assist,no
5656,0,0,0.001325022296439125,-6.645442485809326,-0.02044239453971386,assist,no
5657,0,0,0.0035936020078386416,-5.643589019775391,-0.01858885958790779,assist,no
5658,0,0,0.004070137213796842,-5.509774684906006,-0.009774561040103436,assist,no
5659,0,0,0.002472623390940595,-6.0077595710754395,-0.007759666070342064,assist,no
5660,0,0,0.0028009264936916735,-5.88823938369751,-0.013239214196801186,assist,no
5661,0,0,0.0008040860991243315,-7.131585121154785,-0.00658532464876771,assist,no
5662,0,0,0.0011695103882621773,-6.752587795257568,-0.0025879007298499346,assist,no
5663,0,0,0.00033534997810588034,-8.010665893554688,-0.010665439069271088,assist,no
5664,0,0,0.0015011824584570028,-6.506375789642334,-0.006375924218446016,assist,no
5665,0,0,0.004070138365227625,-5.516264915466309,-0.016265075653791428,assist,no
5666,0,0,0.004609571572578465,-5.401859283447266,-0.02685915119946003,assist,no
5667,0,0,0.0017007225885327618,-6.3918256759643555,-0.016825780272483826,assist,no
5668,0,0,0.0007096702471941099,-7.256185531616211,-0.006185317412018776,assist,no
5669,0,0,0.01406362978092282,-4.2736287117004395,-0.02362890914082527,assist,no
5670,0,0,0.022977371582637088,-3.7976646423339844,-0.047664716839790344,assist,no
5671,0,0,0.007577240875671297,-4.887522220611572,-0.012522168457508087,assist,no
5672,0,0,0.0021827165386504805,-6.1396260261535645,-0.014626068994402885,assist,no
5673,0,0,0.005220125316331485,-5.260197162628174,-0.010197089985013008,assist,no
5674,0,0,0.0017007224565002684,-6.380449295043945,-0.005449321586638689,assist,no
5675,0,0,0.009708475872606034,-4.650793075561523,-0.025793012231588364,assist,no
5676,0,0,0.0011695101018679027,-6.759252548217773,-0.009252408519387245,assist,no
5677,0,0,0.0017007222691248307,-6.391731262207031,-0.016731178387999535,assist,no
5678,0,0,0.0006263342280638786,-7.414407730102539,-0.039407841861248016,assist,no
5679,0,0,0.0028009265509193865,-5.917675018310547,-0.042674869298934937,assist,no
5680,0,0,0.00020342691753629346,-8.505594253540039,-0.005593955982476473,assist,no
5681,0,0,0.012431652385334538,-4.403419494628906,-0.02841961942613125,assist,no
5682,0,0,0.11920292202211755,-2.167285919189453,-0.16728591918945312,assist,no
5683,0,0,0.00037998447141704054,-7.880873203277588,-0.0058730891905725,assist,no
5684,0,0,0.002472622936111669,-6.010819435119629,-0.010819345712661743,assist,no
5685,0,0,0.00026119033076878715,-8.263285636901855,-0.01328568160533905,assist,no
5686,0,0,0.0035936026414460608,-5.644314765930176,-0.019314782693982124,assist,no
5687,0,0,0.008577483726776566,-4.765437126159668,-0.015436927787959576,assist,no
5688,0,0,0.0007096703475844745,-7.267169952392578,-0.017169879749417305,assist,no
5689,0,0,0.025957358563532287,-3.6544413566589355,-0.029441410675644875,assist,no
5690,0,0,0.0013250225626349743,-6.637845516204834,-0.012845626100897789,assist,no
5691,0,0,0.01590639054554718,-4.153702259063721,-0.028702184557914734,assist,no
5692,0,0,0.005220126641462038,-5.274682521820068,-0.024682704359292984,assist,no
5693,0,0,0.0011695102520005048,-6.7679009437561035,-0.01790093258023262,assist,no
5694,0,0,0.001325022396262562,-6.637864589691162,-0.012864573858678341,assist,no
5695,0,0,0.007577239573041987,-4.899997711181641,-0.024997485801577568,assist,no
5696,0,0,0.0015011824570610166,-6.504547595977783,-0.0045477296225726604,assist,no
5697,0,0,0.0007096703733425307,-7.256919860839844,-0.00691982451826334,assist,no
5698,0,0,0.00037998444152485887,-7.889890670776367,-0.014890477992594242,assist,no
5699,0,0,0.03308597517092889,-3.4223744869232178,-0.047374386340379715,assist,no
5700,0,0,0.0011695102258904857,-6.764394760131836,-0.014394726604223251,assist,no
5701,0,0,0.004609572192193837,-5.385711669921875,-0.010711672715842724,assist,no
5702,0,0,0.005911068133864498,-5.144858360290527,-0.019858237355947495,assist,no
5703,0,0,0.005220125084191861,-5.277159214019775,-0.02715909667313099,assist,no
5704,0,0,0.012431651722165666,-4.397832870483398,-0.02283294126391411,assist,no
5705,0,0,0.001169509994164091,-6.761449813842773,-0.011449581943452358,assist,no
5706,0,0,0.0031726826215789567,-5.758904933929443,-0.008904864080250263,assist,no
5707,0,0,0.0005527786204586191,-7.5137553215026855,-0.01375529170036316,assist,no
5708,0,0,0.0015011825729278866,-6.505776405334473,-0.005776616279035807,assist,no
5709,0,0,0.0013250224036568908,-6.630368232727051,-0.0053682224825024605,assist,no
5710,0,0,0.008577487076888072,-4.778450012207031,-0.02845020778477192,assist,no
5711,0,0,0.005911069748272897,-5.137458324432373,-0.01245847623795271,assist,no
5712,0,0,0.0021827162161386997,-6.1353044509887695,-0.0103043457493186,assist,no
5713,0,0,0.004609572393034701,-5.399089336395264,-0.024089382961392403,assist,no
5714,0,0,0.0008040858821285592,-7.132009506225586,-0.0070094396360218525,assist,no
5715,0,0,0.0031726828822483126,-5.756031513214111,-0.0060315257869660854,assist,no
5716,0,0,0.0013250223753119637,-6.632021427154541,-0.007021395489573479,assist,no
5717,0,0,0.14804719239327382,-1.987993836402893,-0.23799379169940948,assist,no
5718,0,0,0.0003799844372798155,-7.888603687286377,-0.013603483326733112,assist,no
5719,0,0,0.04208773031866069,-3.184152126312256,-0.059152185916900635,assist,no
5720,0,0,0.001700722326049012,-6.3957839012146,-0.02078385092318058,assist,no
5721,0,0,0.0031726822622381843,-5.762711048126221,-0.012710864655673504,assist,no
5722,0,0,0.04208772506200682,-3.17533802986145,-0.050337959080934525,assist,no
5723,0,0,0.0008040859782801269,-7.14055061340332,-0.015550666488707066,assist,no
5724,0,0,0.005911070175133498,-5.139294147491455,-0.01429437194019556,assist,no
5725,0,0,0.0007096704770352288,-7.275002956390381,-0.025003066286444664,assist,no
5726,0,0,4.006368898317421e-05,-10.129244804382324,-0.004244723357260227,assist,no
5727,0,0,0.006692851289582496,-5.008424758911133,-0.008424813859164715,assist,no
5728,0,0,0.005220125935370534,-5.262608528137207,-0.012608574703335762,assist,no
5729,0,0,0.0035936023146380092,-5.634385585784912,-0.00938551127910614,assist,no
5730,0,0,0.022977369742764476,-3.794541120529175,-0.04454111307859421,assist,no
5731,0,0,0.0005527786973809535,-7.5031657218933105,-0.003165831323713064,assist,no
5732,0,0,0.01590639217832175,-4.146928787231445,-0.0219288170337677,assist,no
5733,0,0,0.0002034269964760686,-8.502547264099121,-0.002547354670241475,assist,no
5734,0,0,0.0024726235976810437,-6.006552696228027,-0.00655287504196167,assist,no
5735,0,0,0.001169510127977919,-6.7591986656188965,-0.009198548272252083,assist,no
5736,0,0,0.01406362384068019,-4.280616283416748,-0.030616052448749542,assist,no
5737,0,0,0.004609571371737637,-5.390133857727051,-0.015133681707084179,assist,no
5738,0,0,0.0028009271648167487,-5.880962371826172,-0.005962442606687546,assist,no
5739,0,0,0.0534033271633626,-2.960319757461548,-0.08531970530748367,assist,no
5740,0,0,5.144223259355019e-05,-9.878342628479004,-0.0033429949544370174,assist,no
5741,0,0,0.002182716796254265,-6.131085395812988,-0.00608555693179369,assist,no
5742,0,0,0.0005527785160089112,-7.515081882476807,-0.015081663616001606,assist,no
5743,0,0,0.0035936028615412953,-5.633322715759277,-0.008322793990373611,assist,no
5744,0,0,0.0293122339312297,-3.5723938941955566,-0.0723940059542656,assist,no
5745,0,0,0.0046095728459949765,-5.396728992462158,-0.021729137748479843,assist,no
5746,0,0,0.2689414213699951,-1.3976428508758545,-0.3976428508758545,assist,no
5747,0,0,0.0007096702934265129,-7.260933876037598,-0.010933727025985718,assist,no
5748,0,0,0.0007096702339848525,-7.2693705558776855,-0.019370323047041893,assist,no
5749,0,0,0.07585818419975078,-2.608217477798462,-0.10821753740310669,assist,no
5750,0,0,0.005911067652278348,-5.1445631980896,-0.019562993198633194,assist,no
5751,0,0,0.01798620894221161,-4.02321720123291,-0.02321714349091053,assist,no
5752,0,0,8.481105787493888e-05,-9.378885269165039,-0.0038854596205055714,assist,no
5753,0,0,0.0005527787655562757,-7.517145156860352,-0.017145389690995216,assist,no
5754,0,0,0.0008040860439400562,-7.128838062286377,-0.0038381970953196287,assist,no
5755,0,0,0.0004878572122460206,-7.631217002868652,-0.006217186339199543,assist,no
5756,0,0,0.00669285223068837,-5.013460159301758,-0.013460355810821056,assist,no
5757,0,0,0.0040701385162349646,-5.525755405426025,-0.02575560286641121,assist,no
5758,0,0,0.020332351598867964,-3.898928165435791,-0.023928077891469002,assist,no
5759,0,0,0.0008040859782801269,-7.131462574005127,-0.006462627090513706,assist,no
5760,0,0,0.000626334038603905,-7.381838798522949,-0.006838607601821423,assist,no
5761,0,0,0.002800926359726803,-5.881894588470459,-0.006894371006637812,assist,no
5762,0,0,0.0009110513736912293,-7.005819797515869,-0.005819994490593672,assist,no
5763,0,0,0.010986941213798165,-4.512202739715576,-0.012202609330415726,assist,no
5764,0,0,0.007577242661534423,-4.888557434082031,-0.013557619415223598,assist,no
5765,0,0,0.005911069179125481,-5.13947057723999,-0.014470632188022137,assist,no
5766,0,0,0.002472623146297753,-6.006966590881348,-0.0069665866903960705,assist,no
5767,0,0,0.042087727615238615,-3.1716268062591553,-0.046626798808574677,assist,no
5768,0,0,0.0028009274873730438,-5.886308670043945,-0.011308856308460236,assist,no
5769,0,0,0.020332355494570995,-3.9039363861083984,-0.028936494141817093,assist,no
5770,0,0,0.0008040858200228832,-7.132054328918457,-0.007054185029119253,assist,no
5771,0,0,0.0009110513385112773,-7.01588249206543,-0.015882650390267372,assist,no
5772,0,0,0.014063629057762712,-4.277184009552002,-0.027184154838323593,assist,no
5773,0,0,0.000911051079112156,-7.004856109619141,-0.004855982959270477,assist,no
5774,0,0,0.00043055705867857467,-7.754614353179932,-0.004614300560206175,assist,no
5775,0,0,0.0028009273872245124,-5.882343292236328,-0.007343442644923925,assist,no
5776,0,0,0.0008040861017432465,-7.133738994598389,-0.008739201352000237,assist,no
5777,0,0,0.0009110514092950374,-7.005519390106201,-0.005519626196473837,assist,no
5778,0,0,0.0024726233358098124,-6.024413585662842,-0.024413658306002617,assist,no
5779,0,0,0.004070138082088877,-5.514767646789551,-0.014767737127840519,assist,no
5780,0,0,0.001926734946298249,-6.263768196105957,-0.01376834325492382,assist,no
5781,0,0,0.009708474368343994,-4.646751403808594,-0.02175118401646614,assist,no
5782,0,0,0.005911069901504904,-5.137020587921143,-0.01202076580375433,assist,no
5783,0,0,0.025957355031458025,-3.6535260677337646,-0.028525982052087784,assist,no
5784,0,0,0.009708476463566184,-4.652477741241455,-0.02747773937880993,assist,no
5785,0,0,0.004070138278398408,-5.5146355628967285,-0.014635701663792133,assist,no
5786,0,0,0.0035936023413162166,-5.634572505950928,-0.009572438895702362,assist,no
5787,0,0,0.007577239601055517,-4.8983659744262695,-0.023365752771496773,assist,no
5788,0,0,0.1066905911052601,-2.285184621810913,-0.1601845920085907,assist,no
5789,0,0,0.0015011824158794205,-6.507864475250244,-0.007864581421017647,assist,no
5790,0,0,0.0010322312312252555,-6.881551265716553,-0.006551454309374094,assist,no
5791,0,0,0.0015011820277952813,-6.514655590057373,-0.01465543732047081,assist,no
5792,0,0,0.0015011825666459474,-6.5204854011535645,-0.020485607907176018,assist,no
5793,0,0,0.001501182475208839,-6.505492687225342,-0.005492832977324724,assist,no
5794,0,0,0.020332351042339016,-3.9165854454040527,-0.04158532992005348,assist,no
5795,0,0,0.0019267348263043082,-6.255959987640381,-0.005960072390735149,assist,no
5796,0,0,0.05340333431947304,-2.963625431060791,-0.08862552046775818,assist,no
5797,0,0,0.005220125828973193,-5.2555999755859375,-0.005600001662969589,assist,no
5798,0,0,0.001926734761829955,-6.258297443389893,-0.008297494612634182,assist,no
5799,0,0,0.0019267346740732003,-6.26240348815918,-0.012403493747115135,assist,no
5800,0,0,0.0007096705417606146,-7.274786472320557,-0.024786673486232758,assist,no
5801,0,0,0.004609572634471069,-5.380258083343506,-0.005258182529360056,assist,no
5802,0,0,0.006692850237030027,-5.01267671585083,-0.012676612474024296,assist,no
5803,0,0,0.0017007223007493755,-6.397952079772949,-0.022952014580368996,assist,no
5804,0,0,0.0017007225553269838,-6.381885051727295,-0.006885136477649212,assist,no
5805,0,0,0.0007096705543094146,-7.255629062652588,-0.005629281513392925,assist,no
5806,0,0,0.005220126162673953,-5.261009216308594,-0.011009306646883488,assist,no
5807,0,0,0.0066928498903068975,-5.00934362411499,-0.009343468584120274,assist,no
5808,0,0,0.0009110510316404296,-7.007258415222168,-0.007258236408233643,assist,no
5809,0,0,0.0002611903015861188,-8.253571510314941,-0.003571443259716034,assist,no
5810,0,0,0.008577484225729261,-4.778183937072754,-0.028183797374367714,assist,no
5811,0,0,0.0017007223553017173,-6.379398822784424,-0.004398789722472429,assist,no
5812,0,0,0.003593602181246977,-5.651116847991943,-0.026116736233234406,assist,no
5813,0,0,0.0004878570174239567,-7.640144348144531,-0.01514413207769394,assist,no
5814,0,0,0.0007096704241981833,-7.264157772064209,-0.01415780745446682,assist,no
5815,0,0,0.0059110683965478686,-5.143095016479492,-0.01809493824839592,assist,no
5816,0,0,0.012431651150468393,-4.406023025512695,-0.031023049727082253,assist,no
5817,0,0,0.005911069726382612,-5.134323596954346,-0.009323745034635067,assist,no
5818,0,0,0.00020342702408368766,-8.511564254760742,-0.011564481072127819,assist,no
5819,0,0,0.004609573025469814,-5.399553298950195,-0.024553483352065086,assist,no
5820,0,0,0.0059110686209232575,-5.1350178718566895,-0.010017831809818745,assist,no
5821,0,0,0.0002959572078889553,-8.130077362060547,-0.005077681038528681,assist,no
5822,0,0,0.001926734815558583,-6.25920295715332,-0.009203036315739155,assist,no
5823,0,0,0.014063630039194294,-4.305931091308594,-0.05593130737543106,assist,no
5824,0,0,0.10669059252545564,-2.2852606773376465,-0.1602606624364853,assist,no
5825,0,0,0.042087729717900216,-3.1752686500549316,-0.05026869475841522,assist,no
5826,0,0,0.003172682624524373,-5.766645431518555,-0.016645362600684166,assist,no
5827,0,0,0.0017007225094713874,-6.395829677581787,-0.020829735323786736,assist,no
5828,0,0,0.0024726235930868116,-6.012157917022705,-0.012158093973994255,assist,no
5829,0,0,0.003593602714811137,-5.647916793823242,-0.022916831076145172,assist,no
5830,0,0,0.0019267342979728671,-6.2610883712768555,-0.011088181287050247,assist,no
5831,0,0,0.005220126573754628,-5.268811225891113,-0.01881139539182186,assist,no
5832,0,0,0.0010322309378390068,-6.8877692222595215,-0.012769126333296299,assist,no
5833,0,0,0.004070137647942838,-5.514902591705322,-0.014902574941515923,assist,no
5834,0,0,0.0031726829190660204,-5.765034198760986,-0.015034222975373268,assist,no
5835,0,0,0.005911068900024362,-5.143362522125244,-0.018362529575824738,assist,no
5836,0,0,0.000335350154819203,-8.009139060974121,-0.009139133617281914,assist,no
5837,0,0,0.0021827166512253587,-6.129633903503418,-0.004633998032659292,assist,no
5838,0,0,0.0015011823600399698,-6.515141010284424,-0.01514107920229435,assist,no
5839,0,0,0.01798621358102086,-4.041787624359131,-0.041787829250097275,assist,no
5840,0,0,0.007577241870151889,-4.893364906311035,-0.018364986404776573,assist,no
5841,0,0,0.015906392382418578,-4.145435810089111,-0.02043585292994976,assist,no
5842,0,0,0.003593603335079574,-5.643884181976318,-0.018884392455220222,assist,no
5843,0,0,0.0013250222680941995,-6.634313583374023,-0.009313470683991909,assist,no
5844,0,0,0.00048785717909447505,-7.644082069396973,-0.01908218488097191,assist,no
5845,0,0,0.06008664638698042,-2.827406644821167,-0.07740657776594162,assist,no
5846,0,0,0.001325022642740217,-6.636711597442627,-0.011711767874658108,assist,no
5847,0,0,0.0031726823299827534,-5.768158435821533,-0.01815827377140522,assist,no
5848,0,0,0.003172682312310257,-5.774844169616699,-0.024844001978635788,assist,no
5849,0,0,0.0009110511231930472,-7.010197639465332,-0.010197561234235764,assist,no
5850,0,0,0.0024726233564838556,-6.010615348815918,-0.01061542984098196,assist,no
5851,0,0,0.004070137802725333,-5.510519981384277,-0.01052000280469656,assist,no
5852,0,0,0.0035936032083580564,-5.657289505004883,-0.03228968009352684,assist,no
5853,0,0,0.00591106864281354,-5.137615203857422,-0.012615167535841465,assist,no
5854,0,0,0.0017007223402800578,-6.38295841217041,-0.007958370260894299,assist,no
5855,0,0,0.0017007221299768398,-6.392475605010986,-0.017475439235568047,assist,no
5856,0,0,0.04208772671409796,-3.1762137413024902,-0.05121371150016785,assist,no
5857,0,0,0.0006263341190515175,-7.382641315460205,-0.007641253061592579,assist,no
5858,0,0,0.0008040860127001462,-7.133805751800537,-0.008805847726762295,assist,no
5859,0,0,0.002182716151230674,-6.137519359588623,-0.012519224546849728,assist,no
5860,0,0,0.00359360194114313,-5.635311603546143,-0.010311424732208252,assist,no
5861,0,0,0.0008040859700492528,-7.132812023162842,-0.007812066003680229,assist,no
5862,0,0,0.0005527787192485087,-7.512022972106934,-0.012023121118545532,assist,no
5863,0,0,0.004609572995557341,-5.388391017913818,-0.013391195796430111,assist,no
5864,0,0,0.0004305570775168736,-7.754255771636963,-0.004255762789398432,assist,no
5865,0,0,0.06754669864792355,-2.6986136436462402,-0.07361376285552979,assist,no
5866,0,0,0.0028009266341596987,-5.8833465576171875,-0.00834643840789795,assist,no
5867,0,0,0.0019267346190013613,-6.253879070281982,-0.0038790472317487,assist,no
5868,0,0,0.006692851103837931,-5.011468410491943,-0.011468437500298023,assist,no
5869,0,0,0.002800927411936487,-5.88732385635376,-0.012324015609920025,assist,no
5870,0,0,0.0009110511198022095,-7.017578601837158,-0.017578519880771637,assist,no
5871,0,0,0.002800926831855451,-5.912840843200684,-0.037840794771909714,assist,no
5872,0,0,0.005220125650032214,-5.261897563934326,-0.011897555552423,assist,no
5873,0,0,0.0028009275393982556,-5.88978385925293,-0.014784064143896103,assist,no
5874,0,0,0.0013250222126367386,-6.630859851837158,-0.005859697237610817,assist,no
5875,0,0,0.0021827160741523964,-6.136382102966309,-0.011381932534277439,assist,no
5876,0,0,0.015906394656640607,-4.144771099090576,-0.019771287217736244,assist,no
5877,0,0,0.0052201268494205125,-5.260834217071533,-0.010834439657628536,assist,no
5878,0,0,0.02297737225168171,-3.7975833415985107,-0.0475834459066391,assist,no
5879,0,0,0.009708476212855812,-4.642622470855713,-0.017622442916035652,assist,no
5880,0,0,0.0019267350483826522,-6.2590203285217285,-0.009020528756082058,assist,no
5881,0,0,0.0002959572190487327,-8.128684043884277,-0.0036844005808234215,assist,no
5882,0,0,0.0066928516239227265,-5.0127997398376465,-0.012799845077097416,assist,no
5883,0,0,0.007577241463955575,-4.898385524749756,-0.02338555082678795,assist,no
5884,0,0,0.0004305570348300912,-7.757378578186035,-0.007378470152616501,assist,no
5885,0,0,0.0011695103205393083,-6.755845546722412,-0.005845594219863415,assist,no
5886,0,0,0.0013250222027776349,-6.65049409866333,-0.025493936613202095,assist,no
5887,0,0,0.005911068188590199,-5.1420063972473145,-0.01700628362596035,assist,no
5888,0,0,0.004070137349703409,-5.5099873542785645,-0.009987263940274715,assist,no
5889,0,0,0.0019267343015547745,-6.268723487854004,-0.018723299726843834,assist,no
5890,0,0,0.0008040860329032017,-7.134725093841553,-0.009725214913487434,assist,no
5891,0,0,0.0008040859128072683,-7.131289005279541,-0.00628897687420249,assist,no
5892,0,0,0.012431653254314487,-4.393984794616699,-0.018984990194439888,assist,no
5893,0,0,0.0017007220580310082,-6.379302501678467,-0.00430229352787137,assist,no
5894,0,0,0.14804719051380197,-1.9406569004058838,-0.190656840801239,assist,no
5895,0,0,0.0031726821591486257,-5.768278121948242,-0.018277905881404877,assist,no
5896,0,0,0.01798620578387407,-4.023245334625244,-0.02324509806931019,assist,no
5897,0,0,0.005220125538798635,-5.269120693206787,-0.01912066340446472,assist,no
5898,0,0,0.0007096705562908041,-7.267221450805664,-0.01722167246043682,assist,no
5899,0,0,0.0010322309147906634,-6.879471778869629,-0.00447166059166193,assist,no
5900,0,0,0.002800927274069683,-5.885432243347168,-0.010432353243231773,assist,no
5901,0,0,0.10669060388702058,-2.284369707107544,-0.1593698114156723,assist,no
5902,0,0,0.00857748664921419,-4.783998966217041,-0.033999111503362656,assist,no
5903,0,0,0.001700722277030967,-6.382326126098633,-0.00732604693621397,assist,no
5904,0,0,0.0019267350179364262,-6.27320671081543,-0.02320689521729946,assist,no
5905,0,0,0.006692851772518389,-5.011836051940918,-0.011836179532110691,assist,no
5906,0,0,0.0006263341030202897,-7.380535125732422,-0.005535037722438574,assist,no
5907,0,0,0.0013250221768974877,-6.636792182922363,-0.011792001314461231,assist,no
5908,0,0,0.0013250226997381814,-6.628690719604492,-0.003690933110192418,assist,no
5909,0,0,0.0019267345952712197,-6.276360511779785,-0.02636047638952732,assist,no
5910,0,0,0.00048785701197438954,-7.628961563110352,-0.003961335867643356,assist,no
5911,0,0,0.0019267349427163404,-6.254330635070801,-0.004330780357122421,assist,no
5912,0,0,0.012431648086171445,-4.398092269897461,-0.02309204451739788,assist,no
5913,0,0,0.029312234037225486,-3.539127826690674,-0.03912794217467308,assist,no
5914,0,0,0.002800926821450411,-5.92303466796875,-0.04803461581468582,assist,no
5915,0,0,0.00359360312498864,-5.636227607727051,-0.011227759532630444,assist,no
5916,0,0,0.0024726235976810437,-6.009571552276611,-0.009571731090545654,assist,no
5917,0,0,0.001926734533483305,-6.257093906402588,-0.007093838881701231,assist,no
5918,0,0,0.0075772408896780654,-4.889453411102295,-0.014453360810875893,assist,no
5919,0,0,0.02033235542036712,-3.902055501937866,-0.027055606245994568,assist,no
5920,0,0,0.0008040858705305108,-7.138904571533203,-0.013904490508139133,assist,no
5921,0,0,0.00048785712459878877,-7.634389877319336,-0.009389881044626236,assist,no
5922,0,0,0.01098694459386657,-4.517975807189941,-0.01797598786652088,assist,no
5923,0,0,0.003172683338787915,-5.755702972412109,-0.005703129339963198,assist,no
5924,0,0,0.007577242570490411,-4.897024154663086,-0.022024327889084816,assist,no
5925,0,0,0.0028009275862209476,-5.892801761627197,-0.017801983281970024,assist,no
5926,0,0,0.004070137251548666,-5.5099897384643555,-0.009989623911678791,assist,no
5927,0,0,0.0011695102139233937,-6.757560729980469,-0.007560686208307743,assist,no
5928,0,0,0.0066928519334970285,-5.010563850402832,-0.010564002208411694,assist,no
5929,0,0,0.000804085853320504,-7.131375789642334,-0.006375687196850777,assist,no
5930,0,0,0.001501182523370369,-6.511851787567139,-0.011851965449750423,assist,no
5931,0,0,0.0004305571731112325,-7.761738300323486,-0.011738513596355915,assist,no
5932,0,0,0.00029595718267612646,-8.128274917602539,-0.003275151364505291,assist,no
5933,0,0,0.001325022611930508,-6.634758949279785,-0.009759096428751945,assist,no
5934,0,0,0.003593602161238322,-5.638226509094238,-0.01322639174759388,assist,no
5935,0,0,0.005911067515464108,-5.137507915496826,-0.012507687322795391,assist,no
5936,0,0,0.000552778562316661,-7.507120132446289,-0.007119997404515743,assist,no
5937,0,0,0.0008040861152119515,-7.144757270812988,-0.01975749433040619,assist,no
5938,0,0,0.033085976005166884,-3.428687334060669,-0.053687259554862976,assist,no
5939,0,0,0.0024726235609271855,-6.0198259353637695,-0.019826099276542664,assist,no
5940,0,0,0.0046095717392336255,-5.384183406829834,-0.009183310903608799,assist,no
5941,0,0,0.0009110512461109283,-7.005720615386963,-0.005720672197639942,assist,no
5942,0,0,0.0028009271440066668,-5.899380207061768,-0.024380270391702652,assist,no
5943,0,0,0.08509905254807776,-2.489097833633423,-0.11409793049097061,assist,no
5944,0,0,0.0011695101486483492,-6.755494117736816,-0.005494018085300922,assist,no
5945,0,0,0.015906389175182934,-4.1431193351745605,-0.018119173124432564,assist,no
5946,0,0,0.0013250221306829399,-6.6325836181640625,-0.007583401631563902,assist,no
5947,0,0,0.0010322310233099512,-6.887452602386475,-0.012452589347958565,assist,no
5948,0,0,0.005911068724902099,-5.159124374389648,-0.03412435203790665,assist,no
5949,0,0,0.004609571158077193,-5.390191555023193,-0.015191332437098026,assist,no
5950,0,0,0.0010322309983409105,-6.885041236877441,-0.010041199624538422,assist,no
5951,0,0,0.0013250225891313233,-6.63040828704834,-0.005408416967839003,assist,no
5952,0,0,0.005911069009475778,-5.14623498916626,-0.021235015243291855,assist,no
5953,0,0,0.0059110676413332095,-5.13766622543335,-0.012666018679738045,assist,no
5954,0,0,0.0006263340657112515,-7.379909038543701,-0.004908890929073095,assist,no
5955,0,0,0.006692850738540299,-5.0139007568359375,-0.013900728896260262,assist,no
5956,0,0,0.0010322312259433422,-6.889272212982178,-0.014272396452724934,assist,no
5957,0,0,0.005220126394813625,-5.264963626861572,-0.014963761903345585,assist,no
5958,0,0,0.0021827160853084625,-6.131080627441406,-0.006080462131649256,assist,no
5959,0,0,0.0024726227477481983,-6.0157084465026855,-0.015708280727267265,assist,no
5960,0,0,0.004070137413881512,-5.5114359855651855,-0.011435911059379578,assist,no
5961,0,0,0.0013250223445022604,-6.632024765014648,-0.007024710066616535,assist,no
5962,0,0,0.000911050988407252,-7.011198043823242,-0.011197817511856556,assist,no
5963,0,0,0.001032230972411523,-6.889097690582275,-0.014097628183662891,assist,no
5964,0,0,0.0035936019778256612,-5.6369805335998535,-0.01198036503046751,assist,no
5965,0,0,0.18242552380635632,-1.7871824502944946,-0.28718245029449463,assist,no
5966,0,0,0.0009110514084473275,-7.005497932434082,-0.005498167593032122,assist,no
5967,0,0,0.012431650578771143,-4.3953986167907715,-0.020398594439029694,assist,no
5968,0,0,0.0006263341167197026,-7.38378381729126,-0.008783751167356968,assist,no
5969,0,0,0.01406362497707424,-4.2661967277526855,-0.01619657874107361,assist,no
5970,0,0,0.00015843626362026773,-8.753149032592773,-0.0031493136193603277,assist,no
5971,0,0,0.0017007224746843838,-6.3900017738342285,-0.0150018110871315,assist,no
5972,0,0,0.11920291419948606,-2.219125270843506,-0.2191251963376999,assist,no
5973,0,0,0.0011695101040437373,-6.754709243774414,-0.004709105938673019,assist,no
5974,0,0,0.00037998445567500374,-7.886668682098389,-0.011668526567518711,assist,no
5975,0,0,0.0006263341310020696,-7.380462169647217,-0.005462126340717077,assist,no
5976,0,0,0.0011695101399450101,-6.758172512054443,-0.008172404952347279,assist,no
5977,0,0,0.002182716919985227,-6.151546478271484,-0.026546696200966835,assist,no
5978,0,0,0.0010322311904104695,-6.890986919403076,-0.01598706841468811,assist,no
5979,0,0,0.0009110513402066968,-7.017678737640381,-0.017678897827863693,assist,no
5980,0,0,0.0015011825806058117,-6.5106916427612305,-0.01069185882806778,assist,no
5981,0,0,0.04208772701447818,-3.2046546936035156,-0.07965467125177383,assist,no
5982,0,0,0.0019267345701978625,-6.266946792602539,-0.016946744173765182,assist,no
5983,0,0,0.0028009269411083722,-5.888676166534424,-0.013676157221198082,assist,no
5984,0,0,0.007577240763617155,-4.8849968910217285,-0.009996823966503143,assist,no
5985,0,0,0.0005527786706253578,-7.506749153137207,-0.0067492141388356686,assist,no
5986,0,0,0.00015843618074424973,-8.761847496032715,-0.011847253888845444,assist,no
5987,0,0,0.003593602679795987,-5.632566928863525,-0.007566956337541342,assist,no
5988,0,0,0.0035936021345601165,-5.648497581481934,-0.023497456684708595,assist,no
5989,0,0,0.0019267343409557585,-6.283004283905029,-0.033004116266965866,assist,no
5990,0,0,0.0008040859281466232,-7.146914482116699,-0.021914472803473473,assist,no
5991,0,0,0.001700722722937107,-6.387049674987793,-0.012049858458340168,assist,no
5992,0,0,0.004070138655916759,-5.511543273925781,-0.01154350582510233,assist,no
5993,0,0,0.0001584362494203239,-8.757057189941406,-0.0070573813281953335,assist,no
5994,0,0,0.00020342705827357444,-8.505640029907227,-0.005640424322336912,assist,no
5995,0,0,0.004070138433180928,-5.512138366699219,-0.012138543650507927,assist,no
5996,0,0,0.0007096704017424403,-7.26566743850708,-0.015667442232370377,assist,no
5997,0,0,0.0007096705325141306,-7.258902549743652,-0.008902737870812416,assist,no
5998,0,0,0.001926734370506497,-6.255959987640381,-0.00595983536913991,assist,no
5999,0,0,0.0021827160214146287,-6.129567623138428,-0.00456742849200964,assist,no
