idx,y_true,y_pred,p_yes,lp_yes,lp_no,mode,raw_text
0,1,1,0.9999945777787852,-0.0009168949909508228,-12.125916481018066,assist,yes
1,1,1,0.9999251537767303,-0.000336590368533507,-9.500336647033691,assist,yes
2,1,1,0.9999970976875912,-0.0011731653939932585,-12.75117301940918,assist,yes
3,1,1,0.9999885212275794,-0.0011819765204563737,-11.376181602478027,assist,yes
4,1,1,0.9999687980913283,-0.000943096645642072,-10.375943183898926,assist,yes
5,1,1,0.9999957771651975,-0.000557267339900136,-12.375556945800781,assist,yes
6,1,1,0.9999810748581806,-0.00044979469384998083,-10.875450134277344,assist,yes
7,1,1,0.9999898700047941,-0.00034564718953333795,-11.500345230102539,assist,yes
8,1,1,0.9999852610136588,-0.0003502947511151433,-11.125349998474121,assist,yes
9,1,1,0.9999599363010502,-0.0003759154351428151,-10.125375747680664,assist,yes
10,1,1,0.9988304899866612,-0.001604818389751017,-6.751605033874512,assist,yes
11,1,1,0.9999962733622628,-0.00033909291960299015,-12.50033950805664,assist,yes
12,1,1,0.9999938558245194,-0.000436925794929266,-12.000436782836914,assist,yes
13,1,1,0.9999339478269883,-0.0012373419012874365,-9.626236915588379,assist,yes
14,1,1,0.9999977396752422,-0.0005552418879233301,-13.000555038452148,assist,yes
15,1,1,0.9999938558226968,-0.000559292733669281,-12.000558853149414,assist,yes
16,1,1,0.9999945777796065,-0.000436091679148376,-12.125435829162598,assist,yes
17,1,1,0.9999869928751691,-0.000566203030757606,-11.250566482543945,assist,yes
18,1,1,0.9999785550611731,-0.0015244778478518128,-10.751524925231934,assist,yes
19,1,1,0.9999980052711103,-0.0015044810716062784,-13.126504898071289,assist,yes
20,1,1,0.9999687980913283,-0.000943096645642072,-10.375943183898926,assist,yes
21,1,1,0.999999057755684,-0.0003363520372658968,-13.875336647033691,assist,yes
22,1,1,0.9999970976888728,-0.00033825874561443925,-12.750338554382324,assist,yes
23,1,1,0.9999986290429767,-0.0007113072206266224,-13.500711441040039,assist,yes
24,1,1,0.9999970976888728,-0.00033825874561443925,-12.750338554382324,assist,yes
25,1,1,0.9999417087367072,-0.0012292455649003386,-9.751229286193848,assist,yes
26,1,1,0.9999967112494815,-0.0002646096108946949,-12.625264167785645,assist,yes
27,1,1,0.9999970976884631,-0.0005558376433327794,-12.750555992126465,assist,yes
28,1,1,0.9999038975749583,-0.0005274811992421746,-9.250527381896973,assist,yes
29,1,1,0.9999967112494815,-0.0002646096108946949,-12.625264167785645,assist,yes
30,1,1,0.9999938558235915,-0.0009177286992780864,-12.000917434692383,assist,yes
31,1,1,0.9999687980981443,-0.0003668589051812887,-10.375367164611816,assist,yes
32,1,1,0.9999957771671291,-0.0007141662063077092,-12.375714302062988,assist,yes
33,1,0,0.0008040857523987868,-7.126187324523926,-0.0011870964663103223,assist,no
34,1,1,0.9995694429195271,-0.0006933192489668727,-7.750693321228027,assist,yes
35,1,1,0.9999962733622628,-0.00033909291960299015,-12.50033950805664,assist,yes
36,1,1,0.9999938558226968,-0.000559292733669281,-12.000558853149414,assist,yes
37,1,1,0.9999945777796065,-0.000436091679148376,-12.125435829162598,assist,yes
38,1,1,0.9999852610243541,-0.0009265420376323164,-11.125926971435547,assist,yes
39,1,1,0.9999938558235593,-0.00034171465085819364,-12.000341415405273,assist,yes
40,1,1,0.9999967112504603,-0.00043406602344475687,-12.625433921813965,assist,yes
41,1,1,0.9999417087367072,-0.0012292455649003386,-9.751229286193848,assist,yes
42,1,1,0.9999546021340271,-0.0005988473421894014,-10.000598907470703,assist,yes
43,1,1,0.9999967112509874,-0.0007133323233574629,-12.625713348388672,assist,yes
44,1,1,0.999983298573215,-0.0003522014303598553,-11.000351905822754,assist,yes
45,1,1,0.9999977396759139,-0.0004328744253143668,-13.000432968139648,assist,yes
46,1,1,0.9999898700068169,-0.0007202415145002306,-11.500720024108887,assist,yes
47,1,1,0.9999952149033053,-0.0007147617870941758,-12.250714302062988,assist,yes
48,1,1,0.9999417087249679,-0.00039402826223522425,-9.750393867492676,assist,yes
49,1,1,0.9999930377455394,-0.0007169060409069061,-11.875717163085938,assist,yes
50,1,1,0.9999151889345774,-0.0007956438348628581,-9.375795364379883,assist,yes
51,1,1,0.9999986290429767,-0.0007113072206266224,-13.500711441040039,assist,yes
52,1,1,0.9999970976875912,-0.0011731653939932585,-12.75117301940918,assist,yes
53,1,1,0.9999952149056794,-0.0005578630371019244,-12.250557899475098,assist,yes
54,1,1,0.9999898700080238,-0.0007201223634183407,-11.500720024108887,assist,yes
55,1,1,0.9995694429708063,-0.0006932000978849828,-7.750693321228027,assist,yes
56,1,0,0.0019267345925847884,-6.25208854675293,-0.00208850996568799,assist,no
57,1,1,0.9999832985785805,-0.0007266741595230997,-11.000726699829102,assist,yes
58,1,1,0.999983298584846,-0.0005698964232578874,-11.000570297241211,assist,yes
59,1,1,0.9959298619292367,-0.004344074055552483,-5.5043439865112305,assist,yes
60,1,1,0.9999970976888728,-0.00033825874561443925,-12.750338554382324,assist,yes
61,1,1,0.9999921107348785,-0.00026925752172246575,-11.750268936157227,assist,yes
62,1,1,0.9999546021454185,-0.00038115866482257843,-10.000381469726562,assist,yes
63,1,1,0.9999417087274209,-0.0004893536097370088,-9.750489234924316,assist,yes
64,1,0,0.004070137957507836,-5.504154682159424,-0.0041547417640686035,assist,no
65,1,1,0.9999991684721001,-0.000262106885202229,-14.000262260437012,assist,yes
66,1,1,0.9959298624011346,-0.0043434808030724525,-5.504343509674072,assist,yes
67,1,0,0.0009110513226167212,-7.001071453094482,-0.0010715939570218325,assist,no
68,1,1,0.9999970976870223,-0.0007127366843633354,-12.750712394714355,assist,yes
69,1,1,0.999512142833167,-0.0011177966371178627,-7.626117706298828,assist,yes
70,1,1,0.9999945777831684,-0.0005584587925113738,-12.125558853149414,assist,yes
71,1,1,0.9998415638150879,-0.0010707604233175516,-8.751070976257324,assist,yes
72,1,1,0.9999832985758421,-0.00044741155579686165,-11.000447273254395,assist,yes
73,1,1,0.9999885212362298,-0.0007215518853627145,-11.37572193145752,assist,yes
74,1,1,0.9999970976866766,-0.0007128558354452252,-12.750712394714355,assist,yes
75,1,1,0.9999957771669545,-0.00043478095903992653,-12.375434875488281,assist,yes
76,1,1,0.9999921107360475,-0.0009195152088068426,-11.750919342041016,assist,yes
77,1,1,0.9999962733612936,-0.0005567907355725765,-12.500556945800781,assist,yes
78,1,1,0.9997040428046141,-0.0006325627909973264,-8.125632286071777,assist,yes
79,1,1,0.9999646437343156,-0.0005888396990485489,-10.250588417053223,assist,yes
80,1,1,0.9999251537664712,-0.00027855331427417696,-9.50027847290039,assist,yes
81,1,1,0.9999646437446762,-0.0004664763400796801,-10.250466346740723,assist,yes
82,1,1,0.9859363758752212,-0.01437404565513134,-4.264374256134033,assist,yes
83,1,1,0.9999957771664514,-0.0004349001101218164,-12.375434875488281,assist,yes
84,1,1,0.9770226277901335,-0.023347003385424614,-3.7733469009399414,assist,yes
85,1,1,0.9999485577733469,-0.0009634620510041714,-9.87596321105957,assist,yes
86,1,1,0.9999962733612909,-0.0002649671514518559,-12.500265121459961,assist,yes
87,1,1,0.9999970976888728,-0.00033825874561443925,-12.750338554382324,assist,yes
88,1,1,0.9999986290425441,-0.00033682872890494764,-13.500336647033691,assist,yes
89,1,1,0.9999646437398371,-0.0009472650708630681,-10.250946998596191,assist,yes
90,1,1,0.9999417087105045,-0.0006117141456343234,-9.750611305236816,assist,yes
91,1,1,0.9999957771658092,-0.0009157040040008724,-12.37591552734375,assist,yes
92,1,1,0.9999930377423517,-0.0005600076401606202,-11.87555980682373,assist,yes
93,1,1,0.9999938558278152,-0.0002675890573300421,-12.00026798248291,assist,yes
94,1,1,0.9999785550609195,-0.0009332115878351033,-10.750933647155762,assist,yes
95,1,1,0.9999417087180211,-0.00039414744242094457,-9.750393867492676,assist,yes
96,1,1,0.9999251537694313,-0.00062851223628968,-9.500628471374512,assist,yes
97,1,1,0.9999970976888728,-0.00033825874561443925,-12.750338554382324,assist,yes
98,1,1,0.9999957771671291,-0.0007141662063077092,-12.375714302062988,assist,yes
99,1,1,0.9999970976881176,-0.0005559567362070084,-12.750555992126465,assist,yes
100,1,1,0.9999930377444167,-0.00043764073052443564,-11.87543773651123,assist,yes
101,1,1,0.9999930377455394,-0.0007169060409069061,-11.875717163085938,assist,yes
102,1,1,0.9999977396755615,-0.00033766290289349854,-13.000337600708008,assist,yes
103,1,1,0.9999546021394361,-0.0005987281911075115,-10.000598907470703,assist,yes
104,1,1,0.9999921107358342,-0.0005609607324004173,-11.750560760498047,assist,yes
105,1,1,0.9999962733618327,-0.0009152276325039566,-12.50091552734375,assist,yes
106,1,1,0.9999930377423517,-0.0005600076401606202,-11.87555980682373,assist,yes
107,1,1,0.6224593312018546,-0.47423064708709717,-0.9742306470870972,assist,yes
108,1,1,0.9999977396755679,-0.0009136793087236583,-13.000913619995117,assist,yes
109,1,1,0.9999885212343641,-0.00044228785554878414,-11.375442504882812,assist,yes
110,1,1,0.9999885212309662,-0.0005646541831083596,-11.375564575195312,assist,yes
111,1,1,0.9859363701415957,-0.014370167627930641,-4.264369964599609,assist,yes
112,1,1,0.9999898700118077,-0.000271521887043491,-11.500271797180176,assist,yes
113,1,1,0.9999921107394472,-0.0007178590167313814,-11.750718116760254,assist,yes
114,1,1,0.9999952149033053,-0.0007147617870941758,-12.250714302062988,assist,yes
115,1,1,0.9999938558274541,-0.00117649941239506,-12.001176834106445,assist,yes
116,1,1,0.9999962733592903,-0.0004343043256085366,-12.500433921813965,assist,yes
117,1,1,0.9999921107385071,-0.0007179781678132713,-11.750718116760254,assist,yes
118,1,1,0.991422516162345,-0.008824163116514683,-4.758824348449707,assist,yes
119,1,1,0.9999970976893255,-0.0004334702098276466,-12.750433921813965,assist,yes
120,1,1,0.9999957771651975,-0.000557267339900136,-12.375556945800781,assist,yes
121,1,1,0.9999724643102478,-0.0005807381821796298,-10.500580787658691,assist,yes
122,1,1,0.9999885212357318,-0.00044216870446689427,-11.375442504882812,assist,yes
123,1,1,0.9999967112508522,-0.00043394684325903654,-12.625433921813965,assist,yes
124,1,1,0.9999962733622628,-0.00033909291960299015,-12.50033950805664,assist,yes
125,1,1,0.9999982396573113,-0.0009133219718933105,-13.250913619995117,assist,yes
126,1,1,0.9999910602997593,-0.0002703301142901182,-11.625269889831543,assist,yes
127,1,1,0.9999952149056794,-0.0005578630371019244,-12.250557899475098,assist,yes
128,1,1,0.9999885212289465,-0.0011818574275821447,-11.376181602478027,assist,yes
129,1,1,0.9999987901343877,-0.0009126074146479368,-13.6259126663208,assist,yes
130,1,1,0.9999930377455394,-0.0007169060409069061,-11.875717163085938,assist,yes
131,1,1,0.9999930377444167,-0.00043764073052443564,-11.87543773651123,assist,yes
132,1,1,0.9996646500093275,-0.0005975367967039347,-8.000597953796387,assist,yes
133,1,1,0.9999952149069229,-0.0003401654539629817,-12.250340461730957,assist,yes
134,1,1,0.9998415638219115,-0.0008694920688867569,-8.750869750976562,assist,yes
135,1,1,0.9999982396572675,-0.0005547653418034315,-13.250555038452148,assist,yes
136,1,1,0.9997388096964531,-0.0005978942499496043,-8.250597953796387,assist,yes
137,1,1,0.9999885212362298,-0.0007215518853627145,-11.37572193145752,assist,yes
138,1,1,0.9770226319716622,-0.023324644193053246,-3.773324728012085,assist,yes
139,1,1,0.9999832985758421,-0.00044741155579686165,-11.000447273254395,assist,yes
140,1,1,0.9999982396575162,-0.00033718624035827816,-13.250337600708008,assist,yes
141,1,1,0.999968798074867,-0.0007414452848024666,-10.375741004943848,assist,yes
142,1,1,0.9999945777831684,-0.0005584587925113738,-12.125558853149414,assist,yes
143,1,1,0.9999038975928681,-0.000806721393018961,-9.25080680847168,assist,yes
144,1,1,0.9999970976870387,-0.00020632999076042324,-12.750205993652344,assist,yes
145,1,1,0.9999977396759139,-0.0004328744253143668,-13.000432968139648,assist,yes
146,1,0,0.0017007227308432455,-6.376788139343262,-0.001788327470421791,assist,no
147,1,1,0.9997388097586792,-0.0005976559477858245,-8.250597953796387,assist,yes
148,1,1,0.9999938558226968,-0.000559292733669281,-12.000558853149414,assist,yes
149,1,1,0.9999970976885366,-0.000914393924176693,-12.750914573669434,assist,yes
150,1,1,0.9999938558235915,-0.0009177286992780864,-12.000917434692383,assist,yes
151,1,1,0.9999989322970395,-0.0002623452164698392,-13.750262260437012,assist,yes
152,1,1,0.9999952149069229,-0.0003401654539629817,-12.250340461730957,assist,yes
153,1,1,0.9999970976888728,-0.00033825874561443925,-12.750338554382324,assist,yes
154,1,1,0.9999952149070999,-0.0004354958946350962,-12.250435829162598,assist,yes
155,1,1,0.9999962733618327,-0.0009152276325039566,-12.50091552734375,assist,yes
156,1,1,0.9999987901347668,-0.0007110689766705036,-13.625711441040039,assist,yes
157,1,1,0.9999885212339322,-0.0003469580551609397,-11.375347137451172,assist,yes
158,1,1,0.9999938558245194,-0.000436925794929266,-12.000436782836914,assist,yes
159,1,1,0.9999952149063527,-0.00034028460504487157,-12.250340461730957,assist,yes
160,1,1,0.9999986290425441,-0.00033682872890494764,-13.500336647033691,assist,yes
161,1,1,0.9999970976881176,-0.0005559567362070084,-12.750555992126465,assist,yes
162,1,1,0.999983298584846,-0.0005698964232578874,-11.000570297241211,assist,yes
163,1,1,0.9999785550461038,-0.0004522969538811594,-10.750452041625977,assist,yes
164,1,1,0.9999962733622628,-0.00033909291960299015,-12.50033950805664,assist,yes
165,1,0,0.07585818054355695,-2.5789682865142822,-0.07896829396486282,assist,no
166,1,1,0.9999993524051075,-0.0004312062228564173,-14.250431060791016,assist,yes
167,1,1,0.999993855825509,-0.0007161913090385497,-12.000716209411621,assist,yes
168,1,1,0.9999885212326599,-0.0009230881696566939,-11.375923156738281,assist,yes
169,1,1,0.9999785550470954,-0.0007316772826015949,-10.750731468200684,assist,yes
170,1,1,0.999998932297484,-0.0004316828562878072,-13.750432014465332,assist,yes
171,1,1,0.9770226307172037,-0.023307057097554207,-3.7733070850372314,assist,yes
172,1,1,0.999941708759147,-0.0006118332967162132,-9.750612258911133,assist,yes
173,1,1,0.9999785550470954,-0.0007316772826015949,-10.750731468200684,assist,yes
174,1,1,0.999998932297484,-0.0004316828562878072,-13.750432014465332,assist,yes
175,1,1,0.9999970976888728,-0.00033825874561443925,-12.750338554382324,assist,yes
176,1,1,0.9999952149056794,-0.0005578630371019244,-12.250557899475098,assist,yes
177,1,1,0.9999832985847708,-0.00027807659353129566,-11.00027847290039,assist,yes
178,1,1,0.9999977396759139,-0.0004328744253143668,-13.000432968139648,assist,yes
179,1,1,0.9999970976870223,-0.0007127366843633354,-12.750712394714355,assist,yes
180,1,1,0.9999970976884631,-0.0005558376433327794,-12.750555992126465,assist,yes
181,1,1,0.9999898700092503,-0.00021360022947192192,-11.500213623046875,assist,yes
182,1,1,0.9947798751721291,-0.005441022105515003,-5.255441188812256,assist,yes
183,1,1,0.9999852610159743,-0.00044550508027896285,-11.125445365905762,assist,yes
184,1,1,0.9999982396572675,-0.0005547653418034315,-13.250555038452148,assist,yes
185,1,1,0.9999898700133241,-0.0009217780898325145,-11.500922203063965,assist,yes
186,1,1,0.999998239656112,-0.0004323977918829769,-13.250432014465332,assist,yes
187,1,1,0.9999485577733469,-0.0009634620510041714,-9.87596321105957,assist,yes
188,1,1,0.999978555045276,-0.00035696811391972005,-10.750356674194336,assist,yes
189,1,1,0.9999990577555508,-0.0005539313424378633,-13.875554084777832,assist,yes
190,1,1,0.9999810748470987,-0.001189477858133614,-10.876189231872559,assist,yes
191,1,1,0.9988304896823164,-0.0014334175502881408,-6.751433372497559,assist,yes
192,1,1,0.9999810748509311,-0.0009308296139352024,-10.875930786132812,assist,yes
193,1,1,0.9998415638022066,-0.0007122601964510977,-8.750712394714355,assist,yes
194,1,1,0.999989870013041,-0.000563224486541003,-11.500563621520996,assist,yes
195,1,1,0.9999910603038752,-0.0007190502947196364,-11.62571907043457,assist,yes
196,1,1,0.999998239656112,-0.0004323977918829769,-13.250432014465332,assist,yes
197,1,1,0.9999986290429767,-0.0007113072206266224,-13.500711441040039,assist,yes
198,1,1,0.9999832985847708,-0.00027807659353129566,-11.00027847290039,assist,yes
199,1,1,0.9999869928681625,-0.00044371772673912346,-11.250443458557129,assist,yes
200,1,1,0.9999962733624003,-0.00043442347669042647,-12.500434875488281,assist,yes
201,1,1,0.9999982396575209,-0.0009132028790190816,-13.250913619995117,assist,yes
202,1,1,0.9998766053872871,-0.001035987981595099,-9.001035690307617,assist,yes
203,1,1,0.9999977396755615,-0.00033766290289349854,-13.000337600708008,assist,yes
204,1,1,0.9999962733622628,-0.00033909291960299015,-12.50033950805664,assist,yes
205,1,1,0.9999646437398371,-0.0009472650708630681,-10.250946998596191,assist,yes
206,1,1,0.9999977396755615,-0.00033766290289349854,-13.000337600708008,assist,yes
207,1,1,0.9999967112503391,-0.0003387354372534901,-12.625338554382324,assist,yes
208,1,1,0.9999974387187943,-0.0002637753786984831,-12.875264167785645,assist,yes
209,1,1,0.9999970976888728,-0.00033825874561443925,-12.750338554382324,assist,yes
210,1,1,0.9999938558235915,-0.0009177286992780864,-12.000917434692383,assist,yes
211,1,1,0.9999869928687329,-0.0007231004419736564,-11.250722885131836,assist,yes
212,1,1,0.9999930377444167,-0.00043764073052443564,-11.87543773651123,assist,yes
213,1,1,0.999941708759147,-0.0006118332967162132,-9.750612258911133,assist,yes
214,1,1,0.9999930377423517,-0.0005600076401606202,-11.87555980682373,assist,yes
215,1,1,0.9999982396570575,-0.00026306029758416116,-13.250263214111328,assist,yes
216,1,1,0.9998415637773568,-0.0010709986090660095,-8.751070976257324,assist,yes
217,1,1,0.9999938558235593,-0.00034171465085819364,-12.000341415405273,assist,yes
218,1,1,0.9999962733612909,-0.0002649671514518559,-12.500265121459961,assist,yes
219,1,1,0.9999967112494835,-0.0005564333405345678,-12.625555992126465,assist,yes
220,1,1,0.9999910603049403,-0.0007189311436377466,-11.62571907043457,assist,yes
221,1,1,0.9999938558226968,-0.000559292733669281,-12.000558853149414,assist,yes
222,1,1,0.9999898700133241,-0.0009217780898325145,-11.500922203063965,assist,yes
223,1,1,0.999998239656112,-0.0004323977918829769,-13.250432014465332,assist,yes
224,1,1,0.9999921107369384,-0.00034338299883529544,-11.750343322753906,assist,yes
225,1,1,0.9999852610136588,-0.0003502947511151433,-11.125349998474121,assist,yes
226,1,1,0.9999970976893255,-0.0004334702098276466,-12.750433921813965,assist,yes
227,1,1,0.9999910603056529,-0.0011794761521741748,-11.626179695129395,assist,yes
228,1,1,0.9999832985758421,-0.00044741155579686165,-11.000447273254395,assist,yes
229,1,1,0.9999785550601065,-0.0002828436263371259,-10.750283241271973,assist,yes
230,1,1,0.9999945777787852,-0.0009168949909508228,-12.125916481018066,assist,yes
231,1,1,0.9999970976888728,-0.00033825874561443925,-12.750338554382324,assist,yes
232,1,1,0.9999785550470954,-0.0007316772826015949,-10.750731468200684,assist,yes
233,1,1,0.9999921107381727,-0.0004385939973872155,-11.750438690185547,assist,yes
234,1,1,0.9999962733612936,-0.0005567907355725765,-12.500556945800781,assist,yes
235,1,1,0.9999945777787597,-0.0003408804477658123,-12.125340461730957,assist,yes
236,1,1,0.9999832985785805,-0.0007266741595230997,-11.000726699829102,assist,yes
237,1,1,0.9999910603049403,-0.0007189311436377466,-11.62571907043457,assist,yes
238,1,1,0.9999869928751691,-0.000566203030757606,-11.250566482543945,assist,yes
239,1,1,0.9999987901343851,-0.000336590368533507,-13.625336647033691,assist,yes
240,1,1,0.9999962733592903,-0.0004343043256085366,-12.500433921813965,assist,yes
241,1,1,0.999986992876719,-0.0005660838796757162,-11.250566482543945,assist,yes
242,1,1,0.999989870013041,-0.000563224486541003,-11.500563621520996,assist,yes
243,1,1,0.9999967112508522,-0.00043394684325903654,-12.625433921813965,assist,yes
244,1,1,0.9999898700047941,-0.00034564718953333795,-11.500345230102539,assist,yes
245,1,1,0.9999982396575162,-0.00033718624035827816,-13.250337600708008,assist,yes
246,1,1,0.9999962733594437,-0.0007136897183954716,-12.500713348388672,assist,yes
247,1,1,0.9999970976888728,-0.00033825874561443925,-12.750338554382324,assist,yes
248,1,1,0.9999974387167222,-0.0009140365873463452,-12.875913619995117,assist,yes
249,1,1,0.9999756997662087,-0.0005776405450887978,-10.625577926635742,assist,yes
250,1,1,0.9999938558245194,-0.000436925794929266,-12.000436782836914,assist,yes
251,1,1,0.9999938558226968,-0.000559292733669281,-12.000558853149414,assist,yes
252,1,1,0.9999974387178286,-0.0007123793475329876,-12.875712394714355,assist,yes
253,1,1,0.9999724643183433,-0.0004583738627843559,-10.500458717346191,assist,yes
254,1,1,0.9999952149038975,-0.00020823694649152458,-12.250207901000977,assist,yes
255,1,1,0.9999546021454185,-0.00038115866482257843,-10.000381469726562,assist,yes
256,1,1,0.999998239656112,-0.0004323977918829769,-13.250432014465332,assist,yes
257,1,1,0.9999962733594437,-0.0007136897183954716,-12.500713348388672,assist,yes
258,1,1,0.9999869928661214,-0.00034850722295232117,-11.250348091125488,assist,yes
259,1,1,0.9999869928681625,-0.00044371772673912346,-11.250443458557129,assist,yes
260,1,1,0.9999962733612909,-0.0002649671514518559,-12.500265121459961,assist,yes
261,1,1,0.9999977396749723,-0.00026353701832704246,-13.000263214111328,assist,yes
262,1,1,0.9999991684717915,-0.00020430385484360158,-14.000204086303711,assist,yes
263,1,1,0.9999852610136588,-0.0003502947511151433,-11.125349998474121,assist,yes
264,1,1,0.9999957771669545,-0.00043478095903992653,-12.375434875488281,assist,yes
265,1,1,0.9999952149056794,-0.0005578630371019244,-12.250557899475098,assist,yes
266,1,1,0.9999970976893255,-0.0004334702098276466,-12.750433921813965,assist,yes
267,1,1,0.9999991684723166,-0.00033623288618400693,-14.000336647033691,assist,yes
268,1,1,0.9999938558226968,-0.000559292733669281,-12.000558853149414,assist,yes
269,1,1,0.9999986290427577,-0.0004320403386373073,-13.500432014465332,assist,yes
270,1,1,0.880797076413356,-0.12700869143009186,-2.1270086765289307,assist,yes
271,1,1,0.9999974387178286,-0.0007123793475329876,-12.875712394714355,assist,yes
272,1,1,0.99999862904235,-0.0005544078885577619,-13.500554084777832,assist,yes
273,1,1,0.9999756997662087,-0.0005776405450887978,-10.625577926635742,assist,yes
274,1,1,0.6791786861878392,-0.3869526982307434,-1.1369526386260986,assist,yes
275,1,1,0.9999967112520242,-0.0011736417654901743,-12.626173973083496,assist,yes
276,1,1,0.9999986290425441,-0.00033682872890494764,-13.500336647033691,assist,yes
277,1,1,0.9999938558245194,-0.000436925794929266,-12.000436782836914,assist,yes
278,1,1,0.9999962733612936,-0.0005567907355725765,-12.500556945800781,assist,yes
279,1,1,0.9998204720244209,-0.00041106835124082863,-8.625411033630371,assist,yes
280,1,1,0.9999970976884631,-0.0005558376433327794,-12.750555992126465,assist,yes
281,1,1,0.9999980052706298,-0.00033742457162588835,-13.125337600708008,assist,yes
282,1,1,0.9999687981009068,-0.0007415643776766956,-10.375741958618164,assist,yes
283,1,1,0.9999921107404113,-0.0002113357331836596,-11.750211715698242,assist,yes
284,1,1,0.999989870013041,-0.000563224486541003,-11.500563621520996,assist,yes
285,1,1,0.9999974387178435,-0.00020597243565134704,-12.875205993652344,assist,yes
286,1,1,0.9999910603034935,-0.0004396664153318852,-11.625439643859863,assist,yes
287,1,1,0.999983298584846,-0.0005698964232578874,-11.000570297241211,assist,yes
288,1,1,0.9999910603049403,-0.0007189311436377466,-11.62571907043457,assist,yes
289,1,1,0.9999962733612936,-0.0005567907355725765,-12.500556945800781,assist,yes
290,1,1,0.9999869928661214,-0.00034850722295232117,-11.250348091125488,assist,yes
291,1,1,0.9999038975704164,-0.0006495987763628364,-9.250649452209473,assist,yes
292,1,1,0.9999977396752422,-0.0005552418879233301,-13.000555038452148,assist,yes
293,1,1,0.9999962733624003,-0.00043442347669042647,-12.500434875488281,assist,yes
294,1,1,0.9999724643111885,-0.0009392855572514236,-10.50093936920166,assist,yes
295,1,1,0.9999989322971665,-0.0005540504935197532,-13.750554084777832,assist,yes
296,1,1,0.9999251537856476,-0.0003364712174516171,-9.500336647033691,assist,yes
297,1,1,0.9999970976893255,-0.0004334702098276466,-12.750433921813965,assist,yes
298,1,1,0.9999251537374605,-0.0005059154354967177,-9.500505447387695,assist,yes
299,1,1,0.9999724643139837,-0.0003631647559814155,-10.50036334991455,assist,yes
300,1,1,0.9999952149056794,-0.0005578630371019244,-12.250557899475098,assist,yes
301,1,1,0.99999862904235,-0.0005544078885577619,-13.500554084777832,assist,yes
302,1,1,0.9999952149033053,-0.0007147617870941758,-12.250714302062988,assist,yes
303,1,1,0.9999898700118077,-0.000271521887043491,-11.500271797180176,assist,yes
304,1,1,0.9999938558278152,-0.0002675890573300421,-12.00026798248291,assist,yes
305,1,1,0.9999977396749723,-0.00026353701832704246,-13.000263214111328,assist,yes
306,1,0,0.00043055716900287916,-7.75055456161499,-0.0005547653418034315,assist,no
307,1,0,0.0005527785241770837,-7.500638961791992,-0.0006387577159330249,assist,no
308,1,1,0.999993855825509,-0.0007161913090385497,-12.000716209411621,assist,yes
309,1,1,0.9998766053725933,-0.001036107074469328,-9.001035690307617,assist,yes
310,1,1,0.9999930377433283,-0.0003424296446610242,-11.87534236907959,assist,yes
311,1,1,0.9999938558242913,-0.0003415954706724733,-12.000341415405273,assist,yes
312,1,1,0.9999962733612909,-0.0002649671514518559,-12.500265121459961,assist,yes
313,1,1,0.9999785550496493,-0.000731558189727366,-10.750731468200684,assist,yes
314,1,1,0.999998005270348,-0.0005550036439672112,-13.125555038452148,assist,yes
315,1,1,0.9999646437506619,-0.0007457336178049445,-10.25074577331543,assist,yes
316,1,1,0.9999957771651939,-0.00026544384309090674,-12.375265121459961,assist,yes
317,1,1,0.9999938558226968,-0.000559292733669281,-12.000558853149414,assist,yes
318,1,1,0.9998766054081638,-0.0008345934911631048,-9.000834465026855,assist,yes
319,1,1,0.9999938558262653,-0.00020966715237591416,-12.00020980834961,assist,yes
320,1,1,0.9999687980902187,-0.0005845506675541401,-10.375584602355957,assist,yes
321,1,1,0.9999921107369384,-0.00034338299883529544,-11.750343322753906,assist,yes
322,1,1,0.9999869928751246,-0.0002743821241892874,-11.250274658203125,assist,yes
323,1,1,0.9770226300899744,-0.023457050323486328,-3.7734570503234863,assist,yes
324,1,1,0.9999785550609195,-0.0009332115878351033,-10.750933647155762,assist,yes
325,1,1,0.9999962733594437,-0.0007136897183954716,-12.500713348388672,assist,yes
326,1,1,0.9999974387174188,-0.000433112756581977,-12.875432968139648,assist,yes
327,1,1,0.999993855825509,-0.0007161913090385497,-12.000716209411621,assist,yes
328,1,1,0.9999977396749723,-0.00026353701832704246,-13.000263214111328,assist,yes
329,1,0,0.0004878570263646528,-7.62562894821167,-0.0006287504802457988,assist,no
330,1,1,0.7310585903489892,-0.31348079442977905,-1.3134808540344238,assist,yes
331,1,1,0.9999945777804785,-0.0007153574260883033,-12.125715255737305,assist,yes
332,1,1,0.9999151889493518,-0.0005160430446267128,-9.375515937805176,assist,yes
333,1,1,0.9999970976888728,-0.00033825874561443925,-12.750338554382324,assist,yes
334,1,1,0.9999957771651975,-0.000557267339900136,-12.375556945800781,assist,yes
335,1,1,0.9999898700118077,-0.000271521887043491,-11.500271797180176,assist,yes
336,1,1,0.9999962733612936,-0.0005567907355725765,-12.500556945800781,assist,yes
337,1,1,0.9999970976893255,-0.0004334702098276466,-12.750433921813965,assist,yes
338,1,1,0.9999869928687329,-0.0007231004419736564,-11.250722885131836,assist,yes
339,1,1,0.9999930377455394,-0.0007169060409069061,-11.875717163085938,assist,yes
340,1,1,0.9999339478368572,-0.0004017737810499966,-9.625401496887207,assist,yes
341,1,1,0.9999974387174188,-0.000433112756581977,-12.875432968139648,assist,yes
342,1,1,0.9999687980993774,-0.0004621868138201535,-10.375462532043457,assist,yes
343,1,1,0.9999967112509874,-0.0007133323233574629,-12.625713348388672,assist,yes
344,1,1,0.9988304895660451,-0.0016032711137086153,-6.751603126525879,assist,yes
345,1,1,0.9999991684716532,-0.0004314445541240275,-14.000431060791016,assist,yes
346,1,1,0.9999724643196624,-0.0007377525325864553,-10.500738143920898,assist,yes
347,1,1,0.9992903295980512,-0.0009722749819047749,-7.250972270965576,assist,yes
348,1,1,0.999998239656112,-0.0004323977918829769,-13.250432014465332,assist,yes
349,1,1,0.9999724643139837,-0.0003631647559814155,-10.50036334991455,assist,yes
350,1,1,0.9999938558235593,-0.00034171465085819364,-12.000341415405273,assist,yes
351,1,1,0.9999151889455632,-0.0004207202873658389,-9.375420570373535,assist,yes
352,1,1,0.9999974387175236,-0.0007124984404072165,-12.875712394714355,assist,yes
353,1,1,0.9999970976893255,-0.0004334702098276466,-12.750433921813965,assist,yes
354,1,1,0.999978555060233,-0.0005746620590798557,-10.750575065612793,assist,yes
355,1,1,0.9999810748525966,-0.0005721600609831512,-10.875572204589844,assist,yes
356,1,1,0.9999810748581806,-0.00044979469384998083,-10.875450134277344,assist,yes
357,1,1,0.9999952149056746,-0.00026603974401950836,-12.250266075134277,assist,yes
358,1,1,0.999972464306967,-0.0005808573332615197,-10.500580787658691,assist,yes
359,1,1,0.9999832985739504,-0.001945747178979218,-11.001945495605469,assist,yes
360,1,1,0.9999974387174188,-0.000433112756581977,-12.875432968139648,assist,yes
361,1,1,0.9999970976893255,-0.0004334702098276466,-12.750433921813965,assist,yes
362,1,1,0.9999952149069229,-0.0003401654539629817,-12.250340461730957,assist,yes
363,1,1,0.9999970976884631,-0.0005558376433327794,-12.750555992126465,assist,yes
364,1,1,0.9992903297471093,-0.000806602300144732,-7.25080680847168,assist,yes
365,1,1,0.9999785550521221,-0.00022504181833937764,-10.750225067138672,assist,yes
366,1,1,0.9999952149070999,-0.0004354958946350962,-12.250435829162598,assist,yes
367,1,1,0.9999952149070999,-0.0004354958946350962,-12.250435829162598,assist,yes
368,1,1,0.9999910603034935,-0.0004396664153318852,-11.625439643859863,assist,yes
369,1,1,0.9999962733622628,-0.00033909291960299015,-12.50033950805664,assist,yes
370,1,1,0.9995694429761672,-0.0008624648326076567,-7.7508625984191895,assist,yes
371,1,1,0.999989870013041,-0.000563224486541003,-11.500563621520996,assist,yes
372,1,1,0.9999962733612936,-0.0005567907355725765,-12.500556945800781,assist,yes
373,1,1,0.9999962733618327,-0.0009152276325039566,-12.50091552734375,assist,yes
374,1,1,0.9999938558226968,-0.000559292733669281,-12.000558853149414,assist,yes
375,1,1,0.9999952149070999,-0.0004354958946350962,-12.250435829162598,assist,yes
376,1,1,0.9999417087204758,-0.0004894727608188987,-9.750489234924316,assist,yes
377,1,1,0.9999546021526836,-0.00047636605449952185,-10.000476837158203,assist,yes
378,1,1,0.9999974387174188,-0.000433112756581977,-12.875432968139648,assist,yes
379,1,1,0.9999962733594437,-0.0007136897183954716,-12.500713348388672,assist,yes
380,1,1,0.999933947884104,-0.0004020121123176068,-9.625402450561523,assist,yes
381,1,1,0.9999785550486587,-0.00045217780279926956,-10.750452041625977,assist,yes
382,1,1,0.999986992876719,-0.0005660838796757162,-11.250566482543945,assist,yes
383,1,1,0.9999832985765917,-0.0007267932523973286,-11.000726699829102,assist,yes
384,1,1,0.9999974387174188,-0.000433112756581977,-12.875432968139648,assist,yes
385,1,1,0.9999930377433673,-0.0009184433147311211,-11.8759183883667,assist,yes
386,1,1,0.9999485577861156,-0.0004825619689654559,-9.875482559204102,assist,yes
387,1,1,0.9999921107358342,-0.0005609607324004173,-11.750560760498047,assist,yes
388,1,1,0.9999810748590419,-0.0007291757501661777,-10.87572956085205,assist,yes
389,1,1,0.9999952149056746,-0.00026603974401950836,-12.250266075134277,assist,yes
390,1,1,0.9999921107358342,-0.0005609607324004173,-11.750560760498047,assist,yes
391,1,1,0.9999785550609195,-0.0009332115878351033,-10.750933647155762,assist,yes
392,1,1,0.9999910603067174,-0.0011793570592999458,-11.626179695129395,assist,yes
393,1,1,0.999998932297484,-0.0004316828562878072,-13.750432014465332,assist,yes
394,1,1,0.9999251537966449,-0.0004107108688913286,-9.500411033630371,assist,yes
395,1,1,0.9999417087307189,-0.0007687236065976322,-9.750768661499023,assist,yes
396,1,1,0.9999938558226877,-0.0002674698771443218,-12.000267028808594,assist,yes
397,1,1,0.9999898700068169,-0.0007202415145002306,-11.500720024108887,assist,yes
398,1,1,0.9999984465017782,-0.0003369478799868375,-13.375336647033691,assist,yes
399,1,1,0.9988304896823164,-0.0014334175502881408,-6.751433372497559,assist,yes
400,1,1,0.9999977396762754,-0.0007121411035768688,-13.000712394714355,assist,yes
401,1,1,0.9994472214633456,-0.0017273995326831937,-7.50172758102417,assist,yes
402,1,1,0.9998415638462356,-0.0005899119423702359,-8.750590324401855,assist,yes
403,1,1,0.9999977396755679,-0.0009136793087236583,-13.000913619995117,assist,yes
404,1,1,0.999088948999301,-0.0011742371134459972,-7.001174449920654,assist,yes
405,1,1,0.9999599363142769,-0.0007503792876377702,-10.125750541687012,assist,yes
406,1,1,0.9999898700080238,-0.0007201223634183407,-11.500720024108887,assist,yes
407,1,1,0.9999930377433673,-0.0009184433147311211,-11.8759183883667,assist,yes
408,1,1,0.9999962733617375,-0.0005566716426983476,-12.500556945800781,assist,yes
409,1,1,0.9999977396752422,-0.0005552418879233301,-13.000555038452148,assist,yes
410,1,1,0.9999485577703827,-0.0003131137927994132,-9.875312805175781,assist,yes
411,1,1,0.9999970976893255,-0.0004334702098276466,-12.750433921813965,assist,yes
412,1,1,0.9999987901342139,-0.0005541696446016431,-13.625554084777832,assist,yes
413,1,1,0.9999989322966432,-0.00020454221521504223,-13.750204086303711,assist,yes
414,1,1,0.9999962733612909,-0.0002649671514518559,-12.500265121459961,assist,yes
415,1,1,0.9999974387171137,-0.0004332319076638669,-12.875432968139648,assist,yes
416,1,1,0.9992903295980512,-0.0009722749819047749,-7.250972270965576,assist,yes
417,1,1,0.9999852610239177,-0.0005679901223629713,-11.125568389892578,assist,yes
418,1,1,0.999569442857451,-0.0016046992968767881,-7.7516045570373535,assist,yes
419,1,1,0.9999869928770951,-0.0009246364934369922,-11.250925064086914,assist,yes
420,1,1,0.9999869928702881,-0.0002165798214264214,-11.250216484069824,assist,yes
421,1,1,0.9980732656138227,-0.0021942604798823595,-6.252194404602051,assist,yes
422,1,0,0.0007096705067973473,-7.250942230224609,-0.0009423820883966982,assist,no
423,1,1,0.9999869928681625,-0.00044371772673912346,-11.250443458557129,assist,yes
424,1,1,0.999447221371759,-0.0007128558354452252,-7.500712871551514,assist,yes
425,1,0,0.0008040860782665457,-7.126036643981934,-0.0010368215152993798,assist,no
426,1,1,0.9999938558226968,-0.000559292733669281,-12.000558853149414,assist,yes
427,1,1,0.9999952149069229,-0.0003401654539629817,-12.250340461730957,assist,yes
428,1,1,0.9999151889856823,-0.0006386386230587959,-9.375638961791992,assist,yes
429,1,1,0.9999962733612909,-0.0002649671514518559,-12.500265121459961,assist,yes
430,1,1,0.9999785550486587,-0.00045217780279926956,-10.750452041625977,assist,yes
431,1,1,0.9999938558226968,-0.000559292733669281,-12.000558853149414,assist,yes
432,1,1,0.9999962733622628,-0.00033909291960299015,-12.50033950805664,assist,yes
433,1,1,0.9998415638210721,-0.0007121411035768688,-8.750712394714355,assist,yes
434,1,1,0.9999921107381727,-0.0004385939973872155,-11.750438690185547,assist,yes
435,1,1,0.9999977396762754,-0.0007121411035768688,-13.000712394714355,assist,yes
436,1,1,0.9999546021388468,-0.0003069168305955827,-10.000307083129883,assist,yes
437,1,1,0.9999756997530842,-0.0004551566671580076,-10.625454902648926,assist,yes
438,1,1,0.9999898700047941,-0.00034564718953333795,-11.500345230102539,assist,yes
439,1,1,0.9999885212339322,-0.0003469580551609397,-11.375347137451172,assist,yes
440,1,1,0.9999938558278152,-0.0002675890573300421,-12.00026798248291,assist,yes
441,1,1,0.9999986290425441,-0.00033682872890494764,-13.500336647033691,assist,yes
442,1,1,0.9999485577766735,-0.0007621721015311778,-9.875761985778809,assist,yes
443,1,1,0.999998239656112,-0.0004323977918829769,-13.250432014465332,assist,yes
444,1,1,0.9999599363132834,-0.001211028778925538,-10.126211166381836,assist,yes
445,1,1,0.999998005270348,-0.0005550036439672112,-13.125555038452148,assist,yes
446,1,1,0.9999930377444167,-0.00043764073052443564,-11.87543773651123,assist,yes
447,1,1,0.9999898700063808,-0.0004408579843584448,-11.50044059753418,assist,yes
448,1,1,0.9999921107360475,-0.0009195152088068426,-11.750919342041016,assist,yes
449,1,1,0.9975273763535053,-0.0025517542380839586,-6.002551555633545,assist,yes
450,1,1,0.999972464306967,-0.0005808573332615197,-10.500580787658691,assist,yes
451,1,0,0.0600866478597132,-2.8120689392089844,-0.06206889823079109,assist,no
452,1,1,0.9999921107381727,-0.0004385939973872155,-11.750438690185547,assist,yes
453,1,1,0.999993037741106,-0.001177213853225112,-11.876176834106445,assist,yes
454,1,1,0.9999832985758421,-0.00044741155579686165,-11.000447273254395,assist,yes
455,1,1,0.9999970976888728,-0.00033825874561443925,-12.750338554382324,assist,yes
456,1,1,0.9999921107369384,-0.00034338299883529544,-11.750343322753906,assist,yes
457,1,1,0.9999967112508522,-0.00043394684325903654,-12.625433921813965,assist,yes
458,1,1,0.9999967112508522,-0.00043394684325903654,-12.625433921813965,assist,yes
459,1,1,0.9999977396759139,-0.0004328744253143668,-13.000432968139648,assist,yes
460,1,1,0.9999832985765917,-0.0007267932523973286,-11.000726699829102,assist,yes
461,1,1,0.9999785550496493,-0.000731558189727366,-10.750731468200684,assist,yes
462,1,1,0.9999970976893255,-0.0004334702098276466,-12.750433921813965,assist,yes
463,1,1,0.9999952149070999,-0.0004354958946350962,-12.250435829162598,assist,yes
464,1,1,0.9999151889291428,-0.0005162813467904925,-9.375515937805176,assist,yes
465,1,1,0.9999970976888728,-0.00033825874561443925,-12.750338554382324,assist,yes
466,1,1,0.9999970976884631,-0.0005558376433327794,-12.750555992126465,assist,yes
467,1,1,0.9998766054081927,-0.0006772369961254299,-9.000677108764648,assist,yes
468,1,1,0.9999986290427577,-0.0004320403386373073,-13.500432014465332,assist,yes
469,1,1,0.9999724643100346,-0.0002889215829782188,-10.500288963317871,assist,yes
470,1,1,0.9999982396570575,-0.00026306029758416116,-13.250263214111328,assist,yes
471,1,1,0.9999982396563933,-0.0007116645574569702,-13.250711441040039,assist,yes
472,1,1,0.9999724643183433,-0.0004583738627843559,-10.500458717346191,assist,yes
473,1,1,0.9999970976885366,-0.000914393924176693,-12.750914573669434,assist,yes
474,1,1,0.999998005270348,-0.0005550036439672112,-13.125555038452148,assist,yes
475,1,1,0.9999962733622628,-0.00033909291960299015,-12.50033950805664,assist,yes
476,1,1,0.9999962733612936,-0.0005567907355725765,-12.500556945800781,assist,yes
477,1,1,0.9999957771684622,-0.0011744751827791333,-12.376174926757812,assist,yes
478,1,1,0.9996646497186559,-0.0018410414922982454,-8.001840591430664,assist,yes
479,1,1,0.9999938558226877,-0.0002674698771443218,-12.000267028808594,assist,yes
480,1,1,0.9999970976888728,-0.00033825874561443925,-12.750338554382324,assist,yes
481,1,1,0.9933071489425982,-0.006842633243650198,-5.006842613220215,assist,yes
482,1,1,0.9999898700047941,-0.00034564718953333795,-11.500345230102539,assist,yes
483,1,1,0.9999898700080431,-0.00021371940965764225,-11.500213623046875,assist,yes
484,1,1,0.9999977396755615,-0.00033766290289349854,-13.000337600708008,assist,yes
485,1,1,0.9999977396762887,-0.0002057340752799064,-13.000205993652344,assist,yes
486,1,1,0.9999938558252515,-0.0004368066438473761,-12.000436782836914,assist,yes
487,1,1,0.9999952149070999,-0.0004354958946350962,-12.250435829162598,assist,yes
488,1,1,0.999993855825509,-0.0007161913090385497,-12.000716209411621,assist,yes
489,1,1,0.9990889488092022,-0.0014672239776700735,-7.001467227935791,assist,yes
490,1,1,0.9999921107369384,-0.00034338299883529544,-11.750343322753906,assist,yes
491,1,1,0.9999898700047941,-0.00034564718953333795,-11.500345230102539,assist,yes
492,1,1,0.9999977396759139,-0.0004328744253143668,-13.000432968139648,assist,yes
493,1,1,0.9999898700118077,-0.000271521887043491,-11.500271797180176,assist,yes
494,1,1,0.9999885212326599,-0.0009230881696566939,-11.375923156738281,assist,yes
495,1,1,0.9999967112494835,-0.0005564333405345678,-12.625555992126465,assist,yes
496,1,1,0.9999980052693572,-0.00071190285962075,-13.125711441040039,assist,yes
497,1,1,0.9992903294823462,-0.0010468247346580029,-7.251046657562256,assist,yes
498,1,1,0.9525741303566526,-0.04872528836131096,-3.0487253665924072,assist,yes
499,1,1,0.9999967112509874,-0.0007133323233574629,-12.625713348388672,assist,yes
500,1,1,0.9999417087095274,-0.00031990656862035394,-9.750319480895996,assist,yes
501,1,0,0.0005527785685231863,-7.500851154327393,-0.0008510305196978152,assist,no
502,1,1,0.9999251537966449,-0.0004107108688913286,-9.500411033630371,assist,yes
503,1,0,0.022977367484739192,-3.773275136947632,-0.02327502891421318,assist,no
504,1,1,0.9999962733594437,-0.0007136897183954716,-12.500713348388672,assist,yes
505,1,1,0.9999646437343156,-0.0005888396990485489,-10.250588417053223,assist,yes
506,1,1,0.9999952149063736,-0.0009162995265796781,-12.250916481018066,assist,yes
507,1,1,0.9999986290425474,-0.0009128456003963947,-13.5009126663208,assist,yes
508,1,1,0.9999977396762754,-0.0007121411035768688,-13.000712394714355,assist,yes
509,1,1,0.9999984465015583,-0.0005545270396396518,-13.375554084777832,assist,yes
510,1,1,0.9999785550576781,-0.0005747812101617455,-10.750575065612793,assist,yes
511,1,1,0.9999785550576781,-0.0005747812101617455,-10.750575065612793,assist,yes
512,1,1,0.999993855825509,-0.0007161913090385497,-12.000716209411621,assist,yes
513,1,1,0.9999945777804785,-0.0007153574260883033,-12.125715255737305,assist,yes
514,1,1,0.9999921107358342,-0.0005609607324004173,-11.750560760498047,assist,yes
515,1,1,0.9999945777811482,-0.00020883286197204143,-12.125208854675293,assist,yes
516,1,1,0.999978555060233,-0.0005746620590798557,-10.750575065612793,assist,yes
517,1,1,0.9999945777796065,-0.000436091679148376,-12.125435829162598,assist,yes
518,1,1,0.9999982396572675,-0.0005547653418034315,-13.250555038452148,assist,yes
519,1,1,0.999998239656112,-0.0004323977918829769,-13.250432014465332,assist,yes
520,1,1,0.9999885212357318,-0.00044216870446689427,-11.375442504882812,assist,yes
521,1,1,0.9999980052709406,-0.0004326361231505871,-13.125432968139648,assist,yes
522,1,1,0.9999546021472746,-0.0004764852055814117,-10.000476837158203,assist,yes
523,1,1,0.9999938558226968,-0.000559292733669281,-12.000558853149414,assist,yes
524,1,1,0.9999885212275794,-0.0011819765204563737,-11.376181602478027,assist,yes
525,1,1,0.999993855825509,-0.0007161913090385497,-12.000716209411621,assist,yes
526,1,1,0.9999898700133241,-0.0009217780898325145,-11.500922203063965,assist,yes
527,1,1,0.9999599363169888,-0.00047088501742109656,-10.125471115112305,assist,yes
528,1,1,0.9999957771658092,-0.0009157040040008724,-12.37591552734375,assist,yes
529,1,1,0.9999724643102478,-0.0005807381821796298,-10.500580787658691,assist,yes
530,1,1,0.9996646499222978,-0.0008896207436919212,-8.000889778137207,assist,yes
531,1,1,0.9999921107394472,-0.0007178590167313814,-11.750718116760254,assist,yes
532,1,1,0.9914225149110033,-0.00871273037046194,-4.7587127685546875,assist,yes
533,1,1,0.9999977396762587,-0.00012563870404846966,-13.000125885009766,assist,yes
534,1,1,0.9999938558226968,-0.000559292733669281,-12.000558853149414,assist,yes
535,1,1,0.9999967112508522,-0.00043394684325903654,-12.625433921813965,assist,yes
536,1,1,0.9999970976893255,-0.0004334702098276466,-12.750433921813965,assist,yes
537,1,1,0.9999962733592903,-0.0004343043256085366,-12.500433921813965,assist,yes
538,1,1,0.9999687980965317,-0.0019605003762990236,-10.376960754394531,assist,yes
539,1,1,0.9999251537856476,-0.0003364712174516171,-9.500336647033691,assist,yes
540,1,1,0.9999646437474771,-0.00037102968781255186,-10.250370979309082,assist,yes
541,1,1,0.9999921107381727,-0.0004385939973872155,-11.750438690185547,assist,yes
542,1,1,0.9999970976884631,-0.0005558376433327794,-12.750555992126465,assist,yes
543,1,1,0.9999921107394472,-0.0007178590167313814,-11.750718116760254,assist,yes
544,1,1,0.99999862904235,-0.0005544078885577619,-13.500554084777832,assist,yes
545,1,0,0.0019267348666007803,-6.252133846282959,-0.0021339519880712032,assist,no
546,1,1,0.9999982396572675,-0.0005547653418034315,-13.250555038452148,assist,yes
547,1,1,0.9999977396752422,-0.0005552418879233301,-13.000555038452148,assist,yes
548,1,1,0.9999952149063736,-0.0009162995265796781,-12.250916481018066,assist,yes
549,1,1,0.9999986290427577,-0.0004320403386373073,-13.500432014465332,assist,yes
550,1,1,0.9999974387178286,-0.0007123793475329876,-12.875712394714355,assist,yes
551,1,1,0.9999646437531015,-0.00046623803791590035,-10.250466346740723,assist,yes
552,1,1,0.9999921107369872,-0.0009193961159326136,-11.750919342041016,assist,yes
553,1,1,0.999972464306967,-0.0005808573332615197,-10.500580787658691,assist,yes
554,1,1,0.9999980052701097,-0.0002632986579556018,-13.125263214111328,assist,yes
555,1,1,0.9999986290427577,-0.0004320403386373073,-13.500432014465332,assist,yes
556,1,1,0.9999977396759139,-0.0004328744253143668,-13.000432968139648,assist,yes
557,1,1,0.9999910603067174,-0.0011793570592999458,-11.626179695129395,assist,yes
558,1,1,0.9999251537374605,-0.0005059154354967177,-9.500505447387695,assist,yes
559,1,1,0.9999921107381727,-0.0004385939973872155,-11.750438690185547,assist,yes
560,1,1,0.9995694428918709,-0.001142564113251865,-7.751142501831055,assist,yes
561,1,1,0.9984988175799326,-0.0017658369615674019,-6.501765727996826,assist,yes
562,1,1,0.9995694429736371,-0.000985017861239612,-7.750985145568848,assist,yes
563,1,1,0.9999885212362298,-0.0007215518853627145,-11.37572193145752,assist,yes
564,1,1,0.9999952149069229,-0.0003401654539629817,-12.250340461730957,assist,yes
565,1,1,0.9706877716335484,-0.02981463633477688,-3.5298147201538086,assist,yes
566,1,1,0.9999938558242913,-0.0003415954706724733,-12.000341415405273,assist,yes
567,1,1,0.9999938558235593,-0.00034171465085819364,-12.000341415405273,assist,yes
568,1,1,0.9999832985853524,-0.0009284476400353014,-11.00092887878418,assist,yes
569,1,1,0.9999885212266506,-0.0007214327342808247,-11.375720977783203,assist,yes
570,1,1,0.9999938558245194,-0.000436925794929266,-12.000436782836914,assist,yes
571,1,1,0.9998911031009065,-0.000662703241687268,-9.125662803649902,assist,yes
572,1,1,0.9999945777787852,-0.0009168949909508228,-12.125916481018066,assist,yes
573,1,1,0.9999910603008448,-0.0005620330339297652,-11.625561714172363,assist,yes
574,1,1,0.9999810748432487,-0.0007290565990842879,-10.875728607177734,assist,yes
575,1,1,0.9999898700063808,-0.0004408579843584448,-11.50044059753418,assist,yes
576,1,1,0.9999938558245194,-0.000436925794929266,-12.000436782836914,assist,yes
577,1,1,0.9999952149069229,-0.0003401654539629817,-12.250340461730957,assist,yes
578,1,1,0.9999945777787597,-0.0003408804477658123,-12.125340461730957,assist,yes
579,1,1,0.999986992876719,-0.0005660838796757162,-11.250566482543945,assist,yes
580,1,1,0.9999832985709085,-0.0005697772721759975,-11.000569343566895,assist,yes
581,1,1,0.9999485577828026,-0.0007620529504492879,-9.875761985778809,assist,yes
582,1,1,0.9999921107348785,-0.00026925752172246575,-11.750268936157227,assist,yes
583,1,1,0.7772998663336157,-0.2522068917751312,-1.5022069215774536,assist,yes
584,1,1,0.9999952149033053,-0.0007147617870941758,-12.250714302062988,assist,yes
585,1,0,0.11920292671569666,-2.126990795135498,-0.12699083983898163,assist,no
586,1,0,0.008577485049397265,-4.758713245391846,-0.00871320255100727,assist,no
587,1,1,0.9999952149033053,-0.0007147617870941758,-12.250714302062988,assist,yes
588,1,1,0.9999952149048172,-0.0011750705307349563,-12.251174926757812,assist,yes
589,1,1,0.9999952149070999,-0.0004354958946350962,-12.250435829162598,assist,yes
590,1,1,0.9999646437474771,-0.00037102968781255186,-10.250370979309082,assist,yes
591,1,1,0.9996646498424488,-0.0008898589294403791,-8.000889778137207,assist,yes
592,1,1,0.9999151889957868,-0.0006385194719769061,-9.375638961791992,assist,yes
593,1,1,0.9999957771651975,-0.000557267339900136,-12.375556945800781,assist,yes
594,1,1,0.9999832985758421,-0.00044741155579686165,-11.000447273254395,assist,yes
595,1,1,0.999998239656404,-0.00020525732543319464,-13.250205039978027,assist,yes
596,1,1,0.9947798733512836,-0.005442326422780752,-5.255442142486572,assist,yes
597,1,1,0.9999930377444167,-0.00043764073052443564,-11.87543773651123,assist,yes
598,1,1,0.999975699769906,-0.00093606993323192,-10.625936508178711,assist,yes
599,1,1,0.9999885212362298,-0.0007215518853627145,-11.37572193145752,assist,yes
600,1,1,0.9997388097110749,-0.0009726322605274618,-8.250972747802734,assist,yes
601,1,1,0.9999852610120535,-0.0009264229447580874,-11.12592601776123,assist,yes
602,1,1,0.9999921107410112,-0.001178285456262529,-11.751178741455078,assist,yes
603,1,1,0.9999546021508289,-0.0003810394846368581,-10.000381469726562,assist,yes
604,1,1,0.9999992661793069,-0.0005536930402740836,-14.125554084777832,assist,yes
605,1,1,0.9999952149056794,-0.0005578630371019244,-12.250557899475098,assist,yes
606,1,1,0.9999974387187943,-0.0002637753786984831,-12.875264167785645,assist,yes
607,1,1,0.9999986290425441,-0.00033682872890494764,-13.500336647033691,assist,yes
608,1,1,0.9999962733594437,-0.0007136897183954716,-12.500713348388672,assist,yes
609,1,1,0.9999938558234287,-0.000559173640795052,-12.000558853149414,assist,yes
610,1,1,0.9999832985765917,-0.0007267932523973286,-11.000726699829102,assist,yes
611,1,1,0.9999938558226968,-0.000559292733669281,-12.000558853149414,assist,yes
612,1,1,0.9999938558252515,-0.0004368066438473761,-12.000436782836914,assist,yes
613,1,0,0.0003799844343834578,-7.8758134841918945,-0.0008132726070471108,assist,no
614,1,1,0.9999898700068169,-0.0007202415145002306,-11.500720024108887,assist,yes
615,1,1,0.999989870013041,-0.000563224486541003,-11.500563621520996,assist,yes
616,1,1,0.9999417087307189,-0.0007687236065976322,-9.750768661499023,assist,yes
617,1,1,0.9999687981009068,-0.0007415643776766956,-10.375741958618164,assist,yes
618,1,1,0.9984988174274211,-0.0017072877380996943,-6.501707077026367,assist,yes
619,1,1,0.9999921107348785,-0.00026925752172246575,-11.750268936157227,assist,yes
620,1,1,0.9999869928687329,-0.0007231004419736564,-11.250722885131836,assist,yes
621,1,1,0.9999339478505856,-0.0012369846226647496,-9.626236915588379,assist,yes
622,1,1,0.9999785550514841,-0.001192097319290042,-10.751192092895508,assist,yes
623,1,1,0.9999938558245194,-0.000436925794929266,-12.000436782836914,assist,yes
624,1,1,0.9999952149069229,-0.0003401654539629817,-12.250340461730957,assist,yes
625,1,1,0.9999970976881161,-0.0002641328901518136,-12.750264167785645,assist,yes
626,1,1,0.9999546021486685,-0.0012165057705715299,-10.001216888427734,assist,yes
627,1,1,0.9999417087081669,-0.0015616138698533177,-9.751561164855957,assist,yes
628,1,1,0.9999957771651975,-0.000557267339900136,-12.375556945800781,assist,yes
629,1,1,0.9999852610159743,-0.00044550508027896285,-11.125445365905762,assist,yes
630,1,1,0.9999546021508289,-0.0003810394846368581,-10.000381469726562,assist,yes
631,1,1,0.9999938558226968,-0.000559292733669281,-12.000558853149414,assist,yes
632,1,1,0.9999957771651975,-0.000557267339900136,-12.375556945800781,assist,yes
633,1,1,0.9999546021340271,-0.0005988473421894014,-10.000598907470703,assist,yes
634,1,1,0.9994472214765303,-0.0012657972984015942,-7.501266002655029,assist,yes
635,1,1,0.999998005270348,-0.0005550036439672112,-13.125555038452148,assist,yes
636,1,1,0.9999869928681625,-0.00044371772673912346,-11.250443458557129,assist,yes
637,1,1,0.9999417087307189,-0.0007687236065976322,-9.750768661499023,assist,yes
638,1,1,0.9999952149033053,-0.0007147617870941758,-12.250714302062988,assist,yes
639,1,1,0.9999962733624003,-0.00043442347669042647,-12.500434875488281,assist,yes
640,1,1,0.9999785550601065,-0.0002828436263371259,-10.750283241271973,assist,yes
641,1,1,0.9999898700100427,-0.0011805477552115917,-11.501180648803711,assist,yes
642,1,1,0.9999852610178436,-0.0011854295153170824,-11.126185417175293,assist,yes
643,1,1,0.9999599362957241,-0.0005934861255809665,-10.125593185424805,assist,yes
644,1,1,0.9999962733624003,-0.00043442347669042647,-12.500434875488281,assist,yes
645,1,1,0.9999984465028546,-0.0002628219372127205,-13.375263214111328,assist,yes
646,1,1,0.999998932297484,-0.0004316828562878072,-13.750432014465332,assist,yes
647,1,1,0.9859363716137431,-0.014261819422245026,-4.264261722564697,assist,yes
648,1,1,0.9999957771671291,-0.0007141662063077092,-12.375714302062988,assist,yes
649,1,1,0.9999982396570575,-0.00026306029758416116,-13.250263214111328,assist,yes
650,1,1,0.9980732649314692,-0.002026291796937585,-6.252026081085205,assist,yes
651,1,1,0.9997388097477965,-0.0005233110277913511,-8.250523567199707,assist,yes
652,1,1,0.9999938558245194,-0.000436925794929266,-12.000436782836914,assist,yes
653,1,1,0.999988521232334,-0.0005645350320264697,-11.375564575195312,assist,yes
654,1,1,0.9999970976881176,-0.0005559567362070084,-12.750555992126465,assist,yes
655,1,1,0.9999832985709085,-0.0005697772721759975,-11.000569343566895,assist,yes
656,1,1,0.9999038975791924,-0.00035768310772255063,-9.250357627868652,assist,yes
657,1,1,0.999975699750189,-0.0004552758182398975,-10.625454902648926,assist,yes
658,1,1,0.9999921107358342,-0.0005609607324004173,-11.750560760498047,assist,yes
659,1,1,0.9999724643172653,-0.0003630455757956952,-10.50036334991455,assist,yes
660,1,1,0.9999977396755679,-0.0009136793087236583,-13.000913619995117,assist,yes
661,1,1,0.9995694428972819,-0.0013442536583170295,-7.751344203948975,assist,yes
662,1,1,0.999925153794933,-0.0012461524456739426,-9.501246452331543,assist,yes
663,1,1,0.999989870013041,-0.000563224486541003,-11.500563621520996,assist,yes
664,1,1,0.9859363759268757,-0.014241958037018776,-4.264242172241211,assist,yes
665,1,1,0.9999957771671291,-0.0007141662063077092,-12.375714302062988,assist,yes
666,1,1,0.9992903296515899,-0.0010470629204064608,-7.251047134399414,assist,yes
667,1,1,0.9999417087307189,-0.0007687236065976322,-9.750768661499023,assist,yes
668,1,1,0.9999910603049403,-0.0007189311436377466,-11.62571907043457,assist,yes
669,1,1,0.9999986290429767,-0.0007113072206266224,-13.500711441040039,assist,yes
670,1,1,0.9999251537999168,-0.0005060345865786076,-9.500506401062012,assist,yes
671,1,1,0.9999724643139837,-0.0003631647559814155,-10.50036334991455,assist,yes
672,1,1,0.9999921107358342,-0.0005609607324004173,-11.750560760498047,assist,yes
673,1,1,0.9999974387187943,-0.0002637753786984831,-12.875264167785645,assist,yes
674,1,1,0.9999982396575209,-0.0009132028790190816,-13.250913619995117,assist,yes
675,1,1,0.9999974387183302,-0.0011728082317858934,-12.87617301940918,assist,yes
676,1,1,0.9999869928687329,-0.0007231004419736564,-11.250722885131836,assist,yes
677,1,1,0.9999962733594437,-0.0007136897183954716,-12.500713348388672,assist,yes
678,1,1,0.9999991684721989,-0.0005538121913559735,-14.000554084777832,assist,yes
679,1,1,0.9999970976884631,-0.0005558376433327794,-12.750555992126465,assist,yes
680,1,1,0.9999986290427577,-0.0004320403386373073,-13.500432014465332,assist,yes
681,1,1,0.9999962733594437,-0.0007136897183954716,-12.500713348388672,assist,yes
682,1,1,0.9999930377455394,-0.0007169060409069061,-11.875717163085938,assist,yes
683,1,1,0.9999930377455394,-0.0007169060409069061,-11.875717163085938,assist,yes
684,1,1,0.9999756997542271,-0.0007345362100750208,-10.625734329223633,assist,yes
685,1,1,0.9998766054817613,-0.0006775943911634386,-9.000678062438965,assist,yes
686,1,1,0.99999862904235,-0.0005544078885577619,-13.500554084777832,assist,yes
687,1,1,0.9999852610166279,-0.000724887300748378,-11.125724792480469,assist,yes
688,1,1,0.9999982396575209,-0.0009132028790190816,-13.250913619995117,assist,yes
689,1,1,0.9999952149056794,-0.0005578630371019244,-12.250557899475098,assist,yes
690,1,1,0.9999832985765917,-0.0007267932523973286,-11.000726699829102,assist,yes
691,1,1,0.9999977396759139,-0.0004328744253143668,-13.000432968139648,assist,yes
692,1,1,0.9999930377423517,-0.0005600076401606202,-11.87555980682373,assist,yes
693,1,1,0.9999930377444167,-0.00043764073052443564,-11.87543773651123,assist,yes
694,1,1,0.9998415637896111,-0.0005902693956159055,-8.750590324401855,assist,yes
695,1,1,0.9999898700118077,-0.000271521887043491,-11.500271797180176,assist,yes
696,1,1,0.9999952149033053,-0.0007147617870941758,-12.250714302062988,assist,yes
697,1,1,0.9997388097054511,-0.0008152975351549685,-8.250815391540527,assist,yes
698,1,1,0.9999967112494835,-0.0005564333405345678,-12.625555992126465,assist,yes
699,1,1,0.9999921107369384,-0.00034338299883529544,-11.750343322753906,assist,yes
700,1,1,0.9999832985758421,-0.00044741155579686165,-11.000447273254395,assist,yes
701,1,1,0.9999938558235915,-0.0009177286992780864,-12.000917434692383,assist,yes
702,1,1,0.9999724643100346,-0.0002889215829782188,-10.500288963317871,assist,yes
703,1,1,0.9999921107358342,-0.0005609607324004173,-11.750560760498047,assist,yes
704,1,1,0.999998239656112,-0.0004323977918829769,-13.250432014465332,assist,yes
705,1,1,0.9999869928681625,-0.00044371772673912346,-11.250443458557129,assist,yes
706,1,1,0.9999989322970395,-0.0002623452164698392,-13.750262260437012,assist,yes
707,1,1,0.9999970976884631,-0.0005558376433327794,-12.750555992126465,assist,yes
708,1,1,0.9999970976870223,-0.0007127366843633354,-12.750712394714355,assist,yes
709,1,1,0.9999977396767177,-0.0011725700460374355,-13.00117301940918,assist,yes
710,1,1,0.9999957771664514,-0.0004349001101218164,-12.375434875488281,assist,yes
711,1,1,0.9999869928687329,-0.0007231004419736564,-11.250722885131836,assist,yes
712,1,1,0.9999991684721989,-0.0005538121913559735,-14.000554084777832,assist,yes
713,1,1,0.9999982396563933,-0.0007116645574569702,-13.250711441040039,assist,yes
714,1,1,0.999998239656404,-0.00020525732543319464,-13.250205039978027,assist,yes
715,1,1,0.9859363731633717,-0.014327511191368103,-4.264327526092529,assist,yes
716,1,1,0.7772998560157665,-0.25203123688697815,-1.5020312070846558,assist,yes
717,1,1,0.9999852610159743,-0.00044550508027896285,-11.125445365905762,assist,yes
718,1,1,0.9999785550445403,-0.0007317964336834848,-10.750731468200684,assist,yes
719,1,1,0.9999970976881176,-0.0005559567362070084,-12.750555992126465,assist,yes
720,1,1,0.9999938558226968,-0.000559292733669281,-12.000558853149414,assist,yes
721,1,1,0.9999970976888728,-0.00033825874561443925,-12.750338554382324,assist,yes
722,1,1,0.9992903295939645,-0.0008339979685842991,-7.250833988189697,assist,yes
723,1,1,0.9980732649534083,-0.0020896997302770615,-6.252089500427246,assist,yes
724,1,1,0.9999957771669545,-0.00043478095903992653,-12.375434875488281,assist,yes
725,1,1,0.9999982396575209,-0.0009132028790190816,-13.250913619995117,assist,yes
726,1,1,0.9999952149056794,-0.0005578630371019244,-12.250557899475098,assist,yes
727,1,1,0.9999991684717859,-0.0007107115816324949,-14.000710487365723,assist,yes
728,1,1,0.9999952149056794,-0.0005578630371019244,-12.250557899475098,assist,yes
729,1,1,0.9999952149070999,-0.0004354958946350962,-12.250435829162598,assist,yes
730,1,1,0.9999921107394472,-0.0007178590167313814,-11.750718116760254,assist,yes
731,1,1,0.9999938558226968,-0.000559292733669281,-12.000558853149414,assist,yes
732,1,1,0.9999962733624003,-0.00043442347669042647,-12.500434875488281,assist,yes
733,1,1,0.9992903294823462,-0.0010468247346580029,-7.251046657562256,assist,yes
734,1,1,0.999978555060233,-0.0005746620590798557,-10.750575065612793,assist,yes
735,1,1,0.9999898700080431,-0.00021371940965764225,-11.500213623046875,assist,yes
736,1,1,0.9999984465015583,-0.0005545270396396518,-13.375554084777832,assist,yes
737,1,1,0.9999898700047941,-0.00034564718953333795,-11.500345230102539,assist,yes
738,1,1,0.99999862904235,-0.0005544078885577619,-13.500554084777832,assist,yes
739,1,1,0.9990889488639854,-0.0012482955353334546,-7.001248359680176,assist,yes
740,1,0,0.022977368739197652,-3.7733232975006104,-0.023323245346546173,assist,no
741,1,0,0.0011695100038193566,-6.751280307769775,-0.001280084135942161,assist,no
742,1,1,0.999989870013041,-0.000563224486541003,-11.500563621520996,assist,yes
743,1,1,0.9999938558226968,-0.000559292733669281,-12.000558853149414,assist,yes
744,1,1,0.9997388096653553,-0.0005980133428238332,-8.250597953796387,assist,yes
745,1,1,0.9999724643163831,-0.0007378716254606843,-10.500738143920898,assist,yes
746,1,1,0.999972464306967,-0.0005808573332615197,-10.500580787658691,assist,yes
747,1,1,0.9999756997492439,-0.0003599472693167627,-10.625359535217285,assist,yes
748,1,1,0.9999832985765917,-0.0007267932523973286,-11.000726699829102,assist,yes
749,1,1,0.9999938558245194,-0.000436925794929266,-12.000436782836914,assist,yes
750,1,1,0.9999417087307189,-0.0007687236065976322,-9.750768661499023,assist,yes
751,1,1,0.9999970976881176,-0.0005559567362070084,-12.750555992126465,assist,yes
752,1,1,0.9996646499141411,-0.0005158047424629331,-8.000515937805176,assist,yes
753,1,1,0.9999921107381727,-0.0004385939973872155,-11.750438690185547,assist,yes
754,1,1,0.9999967112494835,-0.0005564333405345678,-12.625555992126465,assist,yes
755,1,1,0.9997388097938351,-0.001433893688954413,-8.251434326171875,assist,yes
756,1,1,0.9999974387175236,-0.0007124984404072165,-12.875712394714355,assist,yes
757,1,1,0.9999852610243541,-0.0009265420376323164,-11.125926971435547,assist,yes
758,1,1,0.9999982396572675,-0.0005547653418034315,-13.250555038452148,assist,yes
759,1,1,0.9999930377425382,-0.00091856240760535,-11.8759183883667,assist,yes
760,1,1,0.9999967112509874,-0.0007133323233574629,-12.625713348388672,assist,yes
761,1,1,0.9999952149033053,-0.0007147617870941758,-12.250714302062988,assist,yes
762,1,1,0.999983298584846,-0.0005698964232578874,-11.000570297241211,assist,yes
763,1,1,0.9999952149063736,-0.0009162995265796781,-12.250916481018066,assist,yes
764,1,1,0.9997965730075373,-0.0007572882459498942,-8.500757217407227,assist,yes
765,1,1,0.999986992876719,-0.0005660838796757162,-11.250566482543945,assist,yes
766,1,1,0.9996646499283469,-0.0007675323868170381,-8.000767707824707,assist,yes
767,1,1,0.9999785550540382,-0.001191978226415813,-10.751192092895508,assist,yes
768,1,1,0.9999962733592903,-0.0004343043256085366,-12.500433921813965,assist,yes
769,1,1,0.99999862904235,-0.0005544078885577619,-13.500554084777832,assist,yes
770,1,1,0.9999852610166279,-0.000724887300748378,-11.125724792480469,assist,yes
771,1,1,0.962673116671762,-0.03821457177400589,-3.288214683532715,assist,yes
772,1,1,0.9999832985714141,-0.0009283285471610725,-11.000927925109863,assist,yes
773,1,1,0.9999921107394472,-0.0007178590167313814,-11.750718116760254,assist,yes
774,1,1,0.9999898700103709,-0.00016866691294126213,-11.500168800354004,assist,yes
775,1,1,0.9999952149070999,-0.0004354958946350962,-12.250435829162598,assist,yes
776,1,1,0.9999756997530842,-0.0004551566671580076,-10.625454902648926,assist,yes
777,1,1,0.9999977396759139,-0.0004328744253143668,-13.000432968139648,assist,yes
778,1,1,0.9999967112499589,-0.0009148702956736088,-12.625914573669434,assist,yes
779,1,0,0.0007096703212485139,-7.2508344650268555,-0.000834355247206986,assist,no
780,1,1,0.9820137921105677,-0.018278958275914192,-4.018279075622559,assist,yes
781,1,1,0.9999687980902187,-0.0005845506675541401,-10.375584602355957,assist,yes
782,1,1,0.9999810748554386,-0.0009305914281867445,-10.875930786132812,assist,yes
783,1,1,0.9998766054228863,-0.0006771179032512009,-9.000677108764648,assist,yes
784,1,1,0.9770226325152609,-0.023521792143583298,-3.773521900177002,assist,yes
785,1,1,0.9999970976888728,-0.00033825874561443925,-12.750338554382324,assist,yes
786,1,1,0.9999957771651975,-0.000557267339900136,-12.375556945800781,assist,yes
787,1,1,0.9999869928661214,-0.00034850722295232117,-11.250348091125488,assist,yes
788,1,1,0.9999977396755615,-0.00033766290289349854,-13.000337600708008,assist,yes
789,1,1,0.9999952149063736,-0.0009162995265796781,-12.250916481018066,assist,yes
790,1,1,0.9999967112511362,-0.001505790394730866,-12.626505851745605,assist,yes
791,1,1,0.9999970976866766,-0.0007128558354452252,-12.750712394714355,assist,yes
792,1,1,0.999989870013041,-0.000563224486541003,-11.500563621520996,assist,yes
793,1,1,0.9999986290427577,-0.0004320403386373073,-13.500432014465332,assist,yes
794,1,1,0.9999417087249679,-0.00039402826223522425,-9.750393867492676,assist,yes
795,1,1,0.9999970976884631,-0.0005558376433327794,-12.750555992126465,assist,yes
796,1,1,0.9999938558235915,-0.0009177286992780864,-12.000917434692383,assist,yes
797,1,1,0.9999952149033053,-0.0007147617870941758,-12.250714302062988,assist,yes
798,1,1,0.9999970976893255,-0.0004334702098276466,-12.750433921813965,assist,yes
799,1,1,0.9999646437385282,-0.0005887205479666591,-10.250588417053223,assist,yes
800,1,1,0.9999989322971665,-0.0005540504935197532,-13.750554084777832,assist,yes
801,1,1,0.9998766053872871,-0.001035987981595099,-9.001035690307617,assist,yes
802,1,1,0.9999898700063808,-0.0004408579843584448,-11.50044059753418,assist,yes
803,1,1,0.9999869928687329,-0.0007231004419736564,-11.250722885131836,assist,yes
804,1,1,0.9999898700063808,-0.0004408579843584448,-11.50044059753418,assist,yes
805,1,1,0.9999832985847708,-0.00027807659353129566,-11.00027847290039,assist,yes
806,1,1,0.9999977396762887,-0.0002057340752799064,-13.000205993652344,assist,yes
807,1,1,0.9999869928716545,-0.00013636612857226282,-11.250136375427246,assist,yes
808,1,1,0.9999930377423517,-0.0005600076401606202,-11.87555980682373,assist,yes
809,1,1,0.9999952149070999,-0.0004354958946350962,-12.250435829162598,assist,yes
810,1,1,0.9999869928751246,-0.0002743821241892874,-11.250274658203125,assist,yes
811,1,1,0.9999910603008448,-0.0005620330339297652,-11.625561714172363,assist,yes
812,1,1,0.9999957771651975,-0.000557267339900136,-12.375556945800781,assist,yes
813,1,1,0.9999982396575162,-0.00033718624035827816,-13.250337600708008,assist,yes
814,1,1,0.9999938558245194,-0.000436925794929266,-12.000436782836914,assist,yes
815,1,1,0.9999930377455394,-0.0007169060409069061,-11.875717163085938,assist,yes
816,1,1,0.9999938558274541,-0.00117649941239506,-12.001176834106445,assist,yes
817,1,1,0.9984988174274211,-0.0017072877380996943,-6.501707077026367,assist,yes
818,1,1,0.9999974387174188,-0.000433112756581977,-12.875432968139648,assist,yes
819,1,1,0.9999869928687329,-0.0007231004419736564,-11.250722885131836,assist,yes
820,1,1,0.9999962733612909,-0.0002649671514518559,-12.500265121459961,assist,yes
821,1,1,0.9999977396759139,-0.0004328744253143668,-13.000432968139648,assist,yes
822,1,1,0.9999987901347668,-0.0007110689766705036,-13.625711441040039,assist,yes
823,1,1,0.9999930377423517,-0.0005600076401606202,-11.87555980682373,assist,yes
824,1,1,0.9999930377444167,-0.00043764073052443564,-11.87543773651123,assist,yes
825,1,1,0.9999417087479067,-0.0009706076816655695,-9.750970840454102,assist,yes
826,1,1,0.9997965729303969,-0.0005402297829277813,-8.500539779663086,assist,yes
827,1,1,0.9999938558235593,-0.00034171465085819364,-12.000341415405273,assist,yes
828,1,1,0.999989870013041,-0.000563224486541003,-11.500563621520996,assist,yes
829,1,1,0.9999989322973177,-0.0003364712174516171,-13.750336647033691,assist,yes
830,1,1,0.9999952149033053,-0.0007147617870941758,-12.250714302062988,assist,yes
831,1,1,0.9999962733592903,-0.0004343043256085366,-12.500433921813965,assist,yes
832,1,1,0.9999910603034935,-0.0004396664153318852,-11.625439643859863,assist,yes
833,1,1,0.999088948812381,-0.0016236230731010437,-7.001623630523682,assist,yes
834,1,1,0.9999994284992999,-0.0005535738891921937,-14.375553131103516,assist,yes
835,1,1,0.9999898700068169,-0.0007202415145002306,-11.500720024108887,assist,yes
836,1,1,0.9999852610120535,-0.0009264229447580874,-11.12592601776123,assist,yes
837,1,1,0.9999938558250703,-0.0015087660867720842,-12.001508712768555,assist,yes
838,1,1,0.9999970976884631,-0.0005558376433327794,-12.750555992126465,assist,yes
839,1,1,0.9999869928713427,-0.0011835244949907064,-11.25118350982666,assist,yes
840,1,1,0.9999994284996965,-0.00015901254664640874,-14.37515926361084,assist,yes
841,1,1,0.9999938558245194,-0.000436925794929266,-12.000436782836914,assist,yes
842,1,1,0.9999724643060798,-0.00018606838420964777,-10.5001859664917,assist,yes
843,1,1,0.9999977396752422,-0.0005552418879233301,-13.000555038452148,assist,yes
844,1,1,0.9999898700063808,-0.0004408579843584448,-11.50044059753418,assist,yes
845,1,1,0.9999970976884631,-0.0005558376433327794,-12.750555992126465,assist,yes
846,1,1,0.9999869928687329,-0.0007231004419736564,-11.250722885131836,assist,yes
847,1,1,0.9999151889654784,-0.0006388768670149148,-9.375638961791992,assist,yes
848,1,1,0.9980732653751782,-0.0021920003928244114,-6.25219202041626,assist,yes
849,1,1,0.6791787056691698,-0.387186735868454,-1.1371867656707764,assist,yes
850,1,1,0.9999962733624003,-0.00043442347669042647,-12.500434875488281,assist,yes
851,1,1,0.9999962733612936,-0.0005567907355725765,-12.500556945800781,assist,yes
852,1,1,0.9933071494905445,-0.006923613138496876,-5.006923675537109,assist,yes
853,1,1,0.9999898700048698,-0.0009216589969582856,-11.500921249389648,assist,yes
854,1,1,0.9999987901339932,-0.0011713793501257896,-13.626171112060547,assist,yes
855,1,1,0.9999962733612936,-0.0005567907355725765,-12.500556945800781,assist,yes
856,1,1,0.9999898700080238,-0.0007201223634183407,-11.500720024108887,assist,yes
857,1,1,0.9999687981009068,-0.0007415643776766956,-10.375741958618164,assist,yes
858,1,1,0.9999938558245194,-0.000436925794929266,-12.000436782836914,assist,yes
859,1,1,0.999738809789792,-0.0005975367967039347,-8.250597953796387,assist,yes
860,1,1,0.999447221434146,-0.0009859706042334437,-7.500986099243164,assist,yes
861,1,1,0.9999938558245194,-0.000436925794929266,-12.000436782836914,assist,yes
862,1,1,0.9999967112494835,-0.0005564333405345678,-12.625555992126465,assist,yes
863,1,1,0.9999986290421866,-0.0002627027570270002,-13.500262260437012,assist,yes
864,1,1,0.9999962733612936,-0.0005567907355725765,-12.500556945800781,assist,yes
865,1,1,0.9999982396575162,-0.00033718624035827816,-13.250337600708008,assist,yes
866,1,1,0.9999921107369384,-0.00034338299883529544,-11.750343322753906,assist,yes
867,1,1,0.9999417087548483,-0.0009704885887913406,-9.750970840454102,assist,yes
868,1,1,0.9999977396755615,-0.00033766290289349854,-13.000337600708008,assist,yes
869,1,1,0.9999724643172653,-0.0003630455757956952,-10.50036334991455,assist,yes
870,1,1,0.9999962733622628,-0.00033909291960299015,-12.50033950805664,assist,yes
871,1,1,0.9999967112513791,-0.000713213172275573,-12.625713348388672,assist,yes
872,1,1,0.9999977396752422,-0.0005552418879233301,-13.000555038452148,assist,yes
873,1,1,0.9999038975589669,-0.0006497179274447262,-9.250649452209473,assist,yes
874,1,1,0.9999417087249679,-0.00039402826223522425,-9.750393867492676,assist,yes
875,1,1,0.9999938558226968,-0.000559292733669281,-12.000558853149414,assist,yes
876,1,1,0.9999986290427577,-0.0004320403386373073,-13.500432014465332,assist,yes
877,1,1,0.9626731117188292,-0.03814366087317467,-3.2881436347961426,assist,yes
878,1,1,0.9999852610136588,-0.0003502947511151433,-11.125349998474121,assist,yes
879,1,0,0.09534946939781196,-2.3502860069274902,-0.10028605908155441,assist,no
880,1,1,0.9999646437385282,-0.0005887205479666591,-10.250588417053223,assist,yes
881,1,1,0.9999921107394472,-0.0007178590167313814,-11.750718116760254,assist,yes
882,1,1,0.9999970976881161,-0.0002641328901518136,-12.750264167785645,assist,yes
883,1,1,0.9999982396570575,-0.00026306029758416116,-13.250263214111328,assist,yes
884,1,1,0.9999546021218828,-0.00024911639047786593,-10.000248908996582,assist,yes
885,1,1,0.9999952149076701,-0.0004353767435532063,-12.250435829162598,assist,yes
886,1,1,0.9999885212362298,-0.0007215518853627145,-11.37572193145752,assist,yes
887,1,1,0.9999898700063808,-0.0004408579843584448,-11.50044059753418,assist,yes
888,1,1,0.9999485578001747,-0.0012223399244248867,-9.876222610473633,assist,yes
889,1,1,0.9999970976884631,-0.0005558376433327794,-12.750555992126465,assist,yes
890,1,1,0.999997739674973,-0.0005553610390052199,-13.000555038452148,assist,yes
891,1,1,0.9999938558226968,-0.000559292733669281,-12.000558853149414,assist,yes
892,1,1,0.9999646437464513,-0.0007458527106791735,-10.25074577331543,assist,yes
893,1,1,0.9999646437385282,-0.0005887205479666591,-10.250588417053223,assist,yes
894,1,1,0.9998766054313678,-0.0010356307029724121,-9.001035690307617,assist,yes
895,1,1,0.9999952149076701,-0.0004353767435532063,-12.250435829162598,assist,yes
896,1,1,0.998830489514641,-0.0013296105898916721,-6.75132942199707,assist,yes
897,1,1,0.9999952149049984,-0.00016318420239258558,-12.250163078308105,assist,yes
898,1,1,0.9999724643139837,-0.0003631647559814155,-10.50036334991455,assist,yes
899,1,1,0.9999980052697474,-0.0011723319767042994,-13.126172065734863,assist,yes
900,1,1,0.9999724643102478,-0.0005807381821796298,-10.500580787658691,assist,yes
901,1,1,0.9999980052706298,-0.00033742457162588835,-13.125337600708008,assist,yes
902,1,1,0.9999339478368572,-0.0004017737810499966,-9.625401496887207,assist,yes
903,1,1,0.9999986290427577,-0.0004320403386373073,-13.500432014465332,assist,yes
904,1,1,0.9999970976893255,-0.0004334702098276466,-12.750433921813965,assist,yes
905,1,1,0.9999724643183433,-0.0004583738627843559,-10.500458717346191,assist,yes
906,1,1,0.9999921107360475,-0.0009195152088068426,-11.750919342041016,assist,yes
907,1,1,0.9999984465022684,-0.0007114263135008514,-13.375711441040039,assist,yes
908,1,1,0.9999785550461038,-0.0004522969538811594,-10.750452041625977,assist,yes
909,1,1,0.9999599363122154,-0.00047100416850298643,-10.125471115112305,assist,yes
910,1,1,0.9999970976884631,-0.0005558376433327794,-12.750555992126465,assist,yes
911,1,1,0.9999962733594437,-0.0007136897183954716,-12.500713348388672,assist,yes
912,1,1,0.9999724642966837,-0.0007376333815045655,-10.500737190246582,assist,yes
913,1,0,0.11920290950590741,-2.1270318031311035,-0.12703168392181396,assist,no
914,1,1,0.9999987901343851,-0.000336590368533507,-13.625336647033691,assist,yes
915,1,1,0.9999832985738516,-0.000447530735982582,-11.000447273254395,assist,yes
916,1,1,0.9999921107360475,-0.0009195152088068426,-11.750919342041016,assist,yes
917,1,1,0.9999970976884631,-0.0005558376433327794,-12.750555992126465,assist,yes
918,1,1,0.9999962733624003,-0.00043442347669042647,-12.500434875488281,assist,yes
919,1,1,0.9959298625389287,-0.004240449983626604,-5.5042405128479,assist,yes
920,1,1,0.9999945777831684,-0.0005584587925113738,-12.125558853149414,assist,yes
921,1,1,0.9999910602997593,-0.0002703301142901182,-11.625269889831543,assist,yes
922,1,1,0.9999832985847708,-0.00027807659353129566,-11.00027847290039,assist,yes
923,1,1,0.9999785550461038,-0.0004522969538811594,-10.750452041625977,assist,yes
924,1,1,0.999986992876719,-0.0005660838796757162,-11.250566482543945,assist,yes
925,1,1,0.9999982396570575,-0.00026306029758416116,-13.250263214111328,assist,yes
926,1,1,0.9997965729305034,-0.0011162485461682081,-8.501115798950195,assist,yes
927,1,1,0.9999970976870223,-0.0007127366843633354,-12.750712394714355,assist,yes
928,1,1,0.9999898700063808,-0.0004408579843584448,-11.50044059753418,assist,yes
929,1,1,0.9999962733622628,-0.00033909291960299015,-12.50033950805664,assist,yes
930,1,1,0.9999724643139837,-0.0003631647559814155,-10.50036334991455,assist,yes
931,1,1,0.9999724643196624,-0.0007377525325864553,-10.500738143920898,assist,yes
932,1,1,0.9999938558226968,-0.000559292733669281,-12.000558853149414,assist,yes
933,1,1,0.999972464306967,-0.0005808573332615197,-10.500580787658691,assist,yes
934,1,1,0.9999962733624003,-0.00043442347669042647,-12.500434875488281,assist,yes
935,1,0,0.0013250226016092554,-6.626450538635254,-0.001450677984394133,assist,no
936,1,1,0.9999977396755679,-0.0009136793087236583,-13.000913619995117,assist,yes
937,1,1,0.9999977396752422,-0.0005552418879233301,-13.000555038452148,assist,yes
938,1,1,0.9999957771671291,-0.0007141662063077092,-12.375714302062988,assist,yes
939,1,1,0.9999957771651975,-0.000557267339900136,-12.375556945800781,assist,yes
940,1,1,0.9999417087168354,-0.0007689617923460901,-9.750768661499023,assist,yes
941,1,1,0.9999869928751691,-0.000566203030757606,-11.250566482543945,assist,yes
942,1,1,0.9959298629862879,-0.0042384322732687,-5.504238605499268,assist,yes
943,1,1,0.9999921107358342,-0.0005609607324004173,-11.750560760498047,assist,yes
944,1,1,0.9999930377433673,-0.0009184433147311211,-11.8759183883667,assist,yes
945,1,1,0.9999898700133241,-0.0009217780898325145,-11.500922203063965,assist,yes
946,1,1,0.9959298619820892,-0.004638269543647766,-5.504638195037842,assist,yes
947,1,1,0.9999646437548744,-0.0007456144667230546,-10.25074577331543,assist,yes
948,1,1,0.9999910603034935,-0.0004396664153318852,-11.625439643859863,assist,yes
949,1,1,0.9999982396563933,-0.0007116645574569702,-13.250711441040039,assist,yes
950,1,1,0.9999974387174188,-0.000433112756581977,-12.875432968139648,assist,yes
951,1,1,0.9999785550575506,-0.0002829628065228462,-10.750283241271973,assist,yes
952,1,1,0.9999251537783486,-0.0006283930852077901,-9.500628471374512,assist,yes
953,1,1,0.9999151889250161,-0.0006384003208950162,-9.375638008117676,assist,yes
954,1,1,0.9999938558274541,-0.00117649941239506,-12.001176834106445,assist,yes
955,1,1,0.9999724643102478,-0.0005807381821796298,-10.500580787658691,assist,yes
956,1,1,0.9999417087568196,-0.0015617328463122249,-9.751562118530273,assist,yes
957,1,1,0.999998239656112,-0.0004323977918829769,-13.250432014465332,assist,yes
958,1,1,0.9999339478829526,-0.0007768235518597066,-9.625777244567871,assist,yes
959,1,1,0.9999724643102478,-0.0005807381821796298,-10.500580787658691,assist,yes
960,1,1,0.9999852610119025,-0.00035041390219703317,-11.125349998474121,assist,yes
961,1,1,0.9999646437531015,-0.00046623803791590035,-10.250466346740723,assist,yes
962,1,1,0.9999952149063736,-0.0009162995265796781,-12.250916481018066,assist,yes
963,1,1,0.9999646437381732,-0.00029690624796785414,-10.250296592712402,assist,yes
964,1,1,0.999983298573215,-0.0003522014303598553,-11.000351905822754,assist,yes
965,1,1,0.9999970976870223,-0.0007127366843633354,-12.750712394714355,assist,yes
966,1,1,0.9999921107394472,-0.0007178590167313814,-11.750718116760254,assist,yes
967,1,1,0.9999646437531015,-0.00046623803791590035,-10.250466346740723,assist,yes
968,1,1,0.9999251537732736,-0.0009870424401015043,-9.50098705291748,assist,yes
969,1,1,0.9998766054724108,-0.0005546461907215416,-9.000555038452148,assist,yes
970,1,1,0.9980732656997885,-0.002267648698762059,-6.252267837524414,assist,yes
971,1,1,0.9999869928728917,-0.0011834054021164775,-11.25118350982666,assist,yes
972,1,1,0.9999952149056794,-0.0005578630371019244,-12.250557899475098,assist,yes
973,1,1,0.9999898700063808,-0.0004408579843584448,-11.50044059753418,assist,yes
974,1,1,0.9999756997691039,-0.0005775213940069079,-10.625577926635742,assist,yes
975,1,1,0.9999921107348785,-0.00026925752172246575,-11.750268936157227,assist,yes
976,1,1,0.9999962733592903,-0.0004343043256085366,-12.500433921813965,assist,yes
977,1,1,0.9999970976888728,-0.00033825874561443925,-12.750338554382324,assist,yes
978,1,1,0.9999970976875912,-0.0011731653939932585,-12.75117301940918,assist,yes
979,1,1,0.9999952149056794,-0.0005578630371019244,-12.250557899475098,assist,yes
980,1,1,0.9999885212357318,-0.00044216870446689427,-11.375442504882812,assist,yes
981,1,1,0.9999921107394472,-0.0007178590167313814,-11.750718116760254,assist,yes
982,1,1,0.9998415638273609,-0.0005900310934521258,-8.750590324401855,assist,yes
983,1,1,0.9999970976881161,-0.0002641328901518136,-12.750264167785645,assist,yes
984,1,1,0.9999938558226968,-0.000559292733669281,-12.000558853149414,assist,yes
985,1,1,0.9999982396575162,-0.00033718624035827816,-13.250337600708008,assist,yes
986,1,1,0.9999952149062497,-0.0005577438860200346,-12.250557899475098,assist,yes
987,1,1,0.9999869928770951,-0.0009246364934369922,-11.250925064086914,assist,yes
988,1,1,0.9999962733612909,-0.0002649671514518559,-12.500265121459961,assist,yes
989,1,1,0.999664649985209,-0.0006719953380525112,-8.000672340393066,assist,yes
990,1,1,0.9999952149070999,-0.0004354958946350962,-12.250435829162598,assist,yes
991,1,1,0.9999977396752422,-0.0005552418879233301,-13.000555038452148,assist,yes
992,1,1,0.9999977396759139,-0.0004328744253143668,-13.000432968139648,assist,yes
993,1,1,0.9999417087249679,-0.00039402826223522425,-9.750393867492676,assist,yes
994,1,1,0.9999945777804785,-0.0007153574260883033,-12.125715255737305,assist,yes
995,1,1,0.9999957771658092,-0.0009157040040008724,-12.37591552734375,assist,yes
996,1,1,0.9999417087095274,-0.00031990656862035394,-9.750319480895996,assist,yes
997,1,1,0.9999962733618187,-0.0003392120997887105,-12.50033950805664,assist,yes
998,1,1,0.9999991684716532,-0.0004314445541240275,-14.000431060791016,assist,yes
999,1,1,0.9994472213480906,-0.000649956171400845,-7.500649929046631,assist,yes
1000,1,1,0.9999921107344271,-0.0011781663633883,-11.751177787780762,assist,yes
1001,1,1,0.9999967112494835,-0.0005564333405345678,-12.625555992126465,assist,yes
1002,1,1,0.9999646437474771,-0.00037102968781255186,-10.250370979309082,assist,yes
1003,1,1,0.9999957771664514,-0.0004349001101218164,-12.375434875488281,assist,yes
1004,1,1,0.9994472214628954,-0.0017269235104322433,-7.501727104187012,assist,yes
1005,1,1,0.9999957771662955,-0.000339569611242041,-12.37533950805664,assist,yes
1006,1,1,0.9999785550496493,-0.000731558189727366,-10.750731468200684,assist,yes
1007,1,1,0.9999151889446821,-0.0007955246837809682,-9.375795364379883,assist,yes
1008,1,1,0.9999957771651939,-0.00026544384309090674,-12.375265121459961,assist,yes
1009,1,1,0.9999967112494835,-0.0005564333405345678,-12.625555992126465,assist,yes
1010,1,1,0.9999930377423517,-0.0005600076401606202,-11.87555980682373,assist,yes
1011,1,1,0.9999945777796065,-0.000436091679148376,-12.125435829162598,assist,yes
1012,1,1,0.9999974387176381,-0.0015049570938572288,-12.876504898071289,assist,yes
1013,1,1,0.9999977396755615,-0.00033766290289349854,-13.000337600708008,assist,yes
1014,1,1,0.9999952149063527,-0.00034028460504487157,-12.250340461730957,assist,yes
1015,1,1,0.9999646437488889,-0.0004663571889977902,-10.250466346740723,assist,yes
1016,1,1,0.999986992876719,-0.0005660838796757162,-11.250566482543945,assist,yes
1017,1,1,0.9999967112499589,-0.0009148702956736088,-12.625914573669434,assist,yes
1018,1,1,0.9999785550470954,-0.0007316772826015949,-10.750731468200684,assist,yes
1019,1,1,0.999975699764118,-0.0009363081189803779,-10.625936508178711,assist,yes
1020,1,1,0.9999952149056746,-0.00026603974401950836,-12.250266075134277,assist,yes
1021,1,1,0.9999852610159743,-0.00044550508027896285,-11.125445365905762,assist,yes
1022,1,1,0.9999417087502358,-0.0002619877050165087,-9.750262260437012,assist,yes
1023,1,1,0.9999810748590419,-0.0007291757501661777,-10.87572956085205,assist,yes
1024,1,1,0.9999930377425382,-0.00091856240760535,-11.8759183883667,assist,yes
1025,1,1,0.9999962733594437,-0.0007136897183954716,-12.500713348388672,assist,yes
1026,1,1,0.999986992876719,-0.0005660838796757162,-11.250566482543945,assist,yes
1027,1,1,0.9997965729348599,-0.000757645582780242,-8.500757217407227,assist,yes
1028,1,1,0.999841563815254,-0.0010717130498960614,-8.75107192993164,assist,yes
1029,1,1,0.9999546021496806,-0.0007558587822131813,-10.00075626373291,assist,yes
1030,1,1,0.9999910603008448,-0.0005620330339297652,-11.625561714172363,assist,yes
1031,1,1,0.9999952149056794,-0.0005578630371019244,-12.250557899475098,assist,yes
1032,1,1,0.999972464306967,-0.0005808573332615197,-10.500580787658691,assist,yes
1033,1,1,0.9999970976870223,-0.0007127366843633354,-12.750712394714355,assist,yes
1034,1,1,0.9999339478358692,-0.0003626880934461951,-9.625362396240234,assist,yes
1035,1,1,0.9999962733599074,-0.00020716428116429597,-12.50020694732666,assist,yes
1036,1,1,0.9999962733612936,-0.0005567907355725765,-12.500556945800781,assist,yes
1037,1,1,0.9999938558226968,-0.000559292733669281,-12.000558853149414,assist,yes
1038,1,1,0.7772998508568416,-0.2520602345466614,-1.5020601749420166,assist,yes
1039,1,1,0.9999952149033053,-0.0007147617870941758,-12.250714302062988,assist,yes
1040,1,1,0.9992903297465314,-0.0012657972984015942,-7.251266002655029,assist,yes
1041,1,1,0.9999938558235593,-0.00034171465085819364,-12.000341415405273,assist,yes
1042,1,1,0.9994472214150119,-0.0008152975351549685,-7.500815391540527,assist,yes
1043,1,1,0.9999921107360475,-0.0009195152088068426,-11.750919342041016,assist,yes
1044,1,1,0.9999898700063808,-0.0004408579843584448,-11.50044059753418,assist,yes
1045,1,1,0.9999756997542271,-0.0007345362100750208,-10.625734329223633,assist,yes
1046,1,1,0.9999417087307189,-0.0007687236065976322,-9.750768661499023,assist,yes
1047,1,1,0.9999251537860288,-0.0012462714221328497,-9.501246452331543,assist,yes
1048,1,1,0.999983298584846,-0.0005698964232578874,-11.000570297241211,assist,yes
1049,1,1,0.9999952149056794,-0.0005578630371019244,-12.250557899475098,assist,yes
1050,1,1,0.9999970976888728,-0.00033825874561443925,-12.750338554382324,assist,yes
1051,1,1,0.9999921107358342,-0.0005609607324004173,-11.750560760498047,assist,yes
1052,1,1,0.9999977396759139,-0.0004328744253143668,-13.000432968139648,assist,yes
1053,1,1,0.9999885212362298,-0.0007215518853627145,-11.37572193145752,assist,yes
1054,1,1,0.9999921107358342,-0.0005609607324004173,-11.750560760498047,assist,yes
1055,1,1,0.9999977396759139,-0.0004328744253143668,-13.000432968139648,assist,yes
1056,1,1,0.6224593312018546,-0.4743382930755615,-0.9743382930755615,assist,yes
1057,1,1,0.9999945777831684,-0.0005584587925113738,-12.125558853149414,assist,yes
1058,1,1,0.9999977396755615,-0.00033766290289349854,-13.000337600708008,assist,yes
1059,1,1,0.9999885212357318,-0.00044216870446689427,-11.375442504882812,assist,yes
1060,1,1,0.9999945777794056,-0.0003407612966839224,-12.125340461730957,assist,yes
1061,1,1,0.9999546021340271,-0.0005988473421894014,-10.000598907470703,assist,yes
1062,1,1,0.9999785550609195,-0.0009332115878351033,-10.750933647155762,assist,yes
1063,1,1,0.9999982396563933,-0.0007116645574569702,-13.250711441040039,assist,yes
1064,1,1,0.9992903296439122,-0.0009145130170509219,-7.250914573669434,assist,yes
1065,1,1,0.9999952149063736,-0.0009162995265796781,-12.250916481018066,assist,yes
1066,1,1,0.9999952149063736,-0.0009162995265796781,-12.250916481018066,assist,yes
1067,1,1,0.9999990577558308,-0.00043156370520591736,-13.875432014465332,assist,yes
1068,1,1,0.999978555060233,-0.0005746620590798557,-10.750575065612793,assist,yes
1069,1,1,0.9999832985758421,-0.00044741155579686165,-11.000447273254395,assist,yes
1070,1,1,0.9999339478396867,-0.0004970983718521893,-9.625496864318848,assist,yes
1071,1,1,0.9999977396755615,-0.00033766290289349854,-13.000337600708008,assist,yes
1072,1,1,0.9999952149033053,-0.0007147617870941758,-12.250714302062988,assist,yes
1073,1,1,0.9999869928751691,-0.000566203030757606,-11.250566482543945,assist,yes
1074,1,1,0.9999921107381727,-0.0004385939973872155,-11.750438690185547,assist,yes
1075,1,0,0.0024726230055994165,-6.002739906311035,-0.0027398450765758753,assist,no
1076,1,1,0.9999962733594437,-0.0007136897183954716,-12.500713348388672,assist,yes
1077,1,1,0.9999898700133241,-0.0009217780898325145,-11.500922203063965,assist,yes
1078,1,1,0.9997388097747448,-0.000692961853928864,-8.250693321228027,assist,yes
1079,1,1,0.9999832985765917,-0.0007267932523973286,-11.000726699829102,assist,yes
1080,1,1,0.9999938558242913,-0.0003415954706724733,-12.000341415405273,assist,yes
1081,1,1,0.9999982396572675,-0.0005547653418034315,-13.250555038452148,assist,yes
1082,1,1,0.9999974387187943,-0.0002637753786984831,-12.875264167785645,assist,yes
1083,1,1,0.9999910603034935,-0.0004396664153318852,-11.625439643859863,assist,yes
1084,1,1,0.9999970976881161,-0.0002641328901518136,-12.750264167785645,assist,yes
1085,1,1,0.9998766053934919,-0.0006773561472073197,-9.000677108764648,assist,yes
1086,1,1,0.9998766054223441,-0.0004596845537889749,-9.000459671020508,assist,yes
1087,1,1,0.9999970976866766,-0.0007128558354452252,-12.750712394714355,assist,yes
1088,1,1,0.9999962733622628,-0.00033909291960299015,-12.50033950805664,assist,yes
1089,1,1,0.9999945777787597,-0.0003408804477658123,-12.125340461730957,assist,yes
1090,1,1,0.9999151889755828,-0.0006387577159330249,-9.375638961791992,assist,yes
1091,1,1,0.9999967112494835,-0.0005564333405345678,-12.625555992126465,assist,yes
1092,1,1,0.9999898700100427,-0.0011805477552115917,-11.501180648803711,assist,yes
1093,1,1,0.9999952149056794,-0.0005578630371019244,-12.250557899475098,assist,yes
1094,1,1,0.999975699767012,-0.000936189026106149,-10.625936508178711,assist,yes
1095,1,1,0.9999852610195988,-0.0011853104224428535,-11.126185417175293,assist,yes
1096,1,0,0.09534947261117097,-2.3504583835601807,-0.10045847296714783,assist,no
1097,1,0,0.001926734787351053,-6.252039432525635,-0.0020394970197230577,assist,no
1098,1,1,0.9999967112508522,-0.00043394684325903654,-12.625433921813965,assist,yes
1099,1,1,0.9999982396570575,-0.00026306029758416116,-13.250263214111328,assist,yes
1100,1,1,0.9999970976893255,-0.0004334702098276466,-12.750433921813965,assist,yes
1101,1,1,0.9999832985746017,-0.0007269124034792185,-11.000726699829102,assist,yes
1102,1,1,0.9999986290425441,-0.00033682872890494764,-13.500336647033691,assist,yes
1103,1,1,0.999972464306967,-0.0005808573332615197,-10.500580787658691,assist,yes
1104,1,1,0.8175744739711884,-0.20155133306980133,-1.7015513181686401,assist,yes
1105,1,1,0.9999785550601065,-0.0002828436263371259,-10.750283241271973,assist,yes
1106,1,1,0.9999930377433283,-0.0003424296446610242,-11.87534236907959,assist,yes
1107,1,1,0.9999646437381732,-0.00029690624796785414,-10.250296592712402,assist,yes
1108,1,1,0.9999974387176381,-0.0015049570938572288,-12.876504898071289,assist,yes
1109,1,0,0.029312229744396488,-3.529813051223755,-0.029813015833497047,assist,no
1110,1,1,0.9988304895431991,-0.0014335366431623697,-6.751433372497559,assist,yes
1111,1,1,0.9999251537955864,-0.0007855190197005868,-9.500785827636719,assist,yes
1112,1,1,0.9999945777787852,-0.0009168949909508228,-12.125916481018066,assist,yes
1113,1,1,0.9999724643102478,-0.0005807381821796298,-10.500580787658691,assist,yes
1114,1,1,0.9999599363085124,-0.001211147871799767,-10.126211166381836,assist,yes
1115,1,1,0.999978555060233,-0.0005746620590798557,-10.750575065612793,assist,yes
1116,1,1,0.9995694428224046,-0.0008628221112303436,-7.7508625984191895,assist,yes
1117,1,1,0.9999952149056794,-0.0005578630371019244,-12.250557899475098,assist,yes
1118,1,1,0.9999910603034935,-0.0004396664153318852,-11.625439643859863,assist,yes
1119,1,1,0.9999962733596138,-0.0015061474405229092,-12.501505851745605,assist,yes
1120,1,1,0.9999910603049403,-0.0007189311436377466,-11.62571907043457,assist,yes
1121,1,1,0.9999930377455394,-0.0007169060409069061,-11.875717163085938,assist,yes
1122,1,1,0.9999962733612936,-0.0005567907355725765,-12.500556945800781,assist,yes
1123,1,1,0.9997388095609969,-0.0005230727256275713,-8.25052261352539,assist,yes
1124,1,1,0.9998766054375584,-0.000834355247206986,-9.000834465026855,assist,yes
1125,1,1,0.9999952149033053,-0.0007147617870941758,-12.250714302062988,assist,yes
1126,1,1,0.9999646437638202,-0.0005889588501304388,-10.250589370727539,assist,yes
1127,1,1,0.9999977396759139,-0.0004328744253143668,-13.000432968139648,assist,yes
1128,1,1,0.999986992876719,-0.0005660838796757162,-11.250566482543945,assist,yes
1129,1,1,0.9999785550496493,-0.000731558189727366,-10.750731468200684,assist,yes
1130,1,1,0.9999970976885366,-0.000914393924176693,-12.750914573669434,assist,yes
1131,1,1,0.9999646437506619,-0.0007457336178049445,-10.25074577331543,assist,yes
1132,1,1,0.9998601779750254,-0.0008512687054462731,-8.87585163116455,assist,yes
1133,1,1,0.9999687981009068,-0.0007415643776766956,-10.375741958618164,assist,yes
1134,1,1,0.9999938558226968,-0.000559292733669281,-12.000558853149414,assist,yes
1135,1,1,0.9999921107358342,-0.0005609607324004173,-11.750560760498047,assist,yes
1136,1,1,0.9999970976893255,-0.0004334702098276466,-12.750433921813965,assist,yes
1137,1,1,0.9999989322970395,-0.0002623452164698392,-13.750262260437012,assist,yes
1138,1,1,0.999988521232334,-0.0005645350320264697,-11.375564575195312,assist,yes
1139,1,1,0.9914225131131892,-0.008824044838547707,-4.758823871612549,assist,yes
1140,1,1,0.9999945777804785,-0.0007153574260883033,-12.125715255737305,assist,yes
1141,1,1,0.9999869928770951,-0.0009246364934369922,-11.250925064086914,assist,yes
1142,1,1,0.9999986290425441,-0.00033682872890494764,-13.500336647033691,assist,yes
1143,1,1,0.9999599363058237,-0.00037579628406092525,-10.125375747680664,assist,yes
1144,1,1,0.9999599363105982,-0.0003756771038752049,-10.125375747680664,assist,yes
1145,1,1,0.999986992876719,-0.0005660838796757162,-11.250566482543945,assist,yes
1146,1,1,0.9999970976884631,-0.0005558376433327794,-12.750555992126465,assist,yes
1147,1,1,0.9999810748432487,-0.0007290565990842879,-10.875728607177734,assist,yes
1148,1,1,0.9999952149056746,-0.00026603974401950836,-12.250266075134277,assist,yes
1149,1,1,0.9999962733594437,-0.0007136897183954716,-12.500713348388672,assist,yes
1150,1,1,0.9999977396752422,-0.0005552418879233301,-13.000555038452148,assist,yes
1151,1,0,0.11920292828022305,-2.127091884613037,-0.12709194421768188,assist,no
1152,1,1,0.9999945777787852,-0.0009168949909508228,-12.125916481018066,assist,yes
1153,1,1,0.9999970976870223,-0.0007127366843633354,-12.750712394714355,assist,yes
1154,1,1,0.999978555060233,-0.0005746620590798557,-10.750575065612793,assist,yes
1155,1,1,0.999991060303257,-0.0015116228023543954,-11.626511573791504,assist,yes
1156,1,1,0.9999852610159743,-0.00044550508027896285,-11.125445365905762,assist,yes
1157,1,1,0.9999977396762887,-0.0002057340752799064,-13.000205993652344,assist,yes
1158,1,1,0.9999687981009068,-0.0007415643776766956,-10.375741958618164,assist,yes
1159,1,1,0.9998766053725933,-0.001036107074469328,-9.001035690307617,assist,yes
1160,1,1,0.999941708759147,-0.0006118332967162132,-9.750612258911133,assist,yes
1161,1,1,0.9999982396570575,-0.00026306029758416116,-13.250263214111328,assist,yes
1162,1,1,0.9999986290427577,-0.0004320403386373073,-13.500432014465332,assist,yes
1163,1,1,0.9999993524050067,-0.0003359945258125663,-14.250335693359375,assist,yes
1164,1,1,0.9999982396569469,-0.0011719746980816126,-13.251172065734863,assist,yes
1165,1,1,0.9999952149048172,-0.0011750705307349563,-12.251174926757812,assist,yes
1166,1,1,0.9999885212357318,-0.00044216870446689427,-11.375442504882812,assist,yes
1167,1,1,0.9999938558245194,-0.000436925794929266,-12.000436782836914,assist,yes
1168,1,1,0.9999646437385282,-0.0005887205479666591,-10.250588417053223,assist,yes
1169,1,1,0.9999417087105045,-0.0006117141456343234,-9.750611305236816,assist,yes
1170,1,1,0.9999938558235593,-0.00034171465085819364,-12.000341415405273,assist,yes
1171,1,1,0.9999756997530842,-0.0004551566671580076,-10.625454902648926,assist,yes
1172,1,1,0.9999991684721989,-0.0005538121913559735,-14.000554084777832,assist,yes
1173,1,1,0.9999980052703977,-0.0009135602158494294,-13.125913619995117,assist,yes
1174,1,1,0.9959298628805827,-0.004288049414753914,-5.504288196563721,assist,yes
1175,1,1,0.9999982396572675,-0.0005547653418034315,-13.250555038452148,assist,yes
1176,1,1,0.9999974387178435,-0.00020597243565134704,-12.875205993652344,assist,yes
1177,1,1,0.9999977396749723,-0.00026353701832704246,-13.000263214111328,assist,yes
1178,1,1,0.9999962733622628,-0.00033909291960299015,-12.50033950805664,assist,yes
1179,1,1,0.9999921107369384,-0.00034338299883529544,-11.750343322753906,assist,yes
1180,1,1,0.9999898700063808,-0.0004408579843584448,-11.50044059753418,assist,yes
1181,1,1,0.9999982396572675,-0.0005547653418034315,-13.250555038452148,assist,yes
1182,1,1,0.9999921107369384,-0.00034338299883529544,-11.750343322753906,assist,yes
1183,1,1,0.9999977396762754,-0.0007121411035768688,-13.000712394714355,assist,yes
1184,1,1,0.9999982396563933,-0.0007116645574569702,-13.250711441040039,assist,yes
1185,1,1,0.9914225135804625,-0.008776306174695492,-4.7587761878967285,assist,yes
1186,1,1,0.9999785550461038,-0.0004522969538811594,-10.750452041625977,assist,yes
1187,1,1,0.9999930377455394,-0.0007169060409069061,-11.875717163085938,assist,yes
1188,1,1,0.9998911031104387,-0.00037079135654494166,-9.125370979309082,assist,yes
1189,1,1,0.9999957771658092,-0.0009157040040008724,-12.37591552734375,assist,yes
1190,1,1,0.9999987901342139,-0.0005541696446016431,-13.625554084777832,assist,yes
1191,1,1,0.9770226322643691,-0.023345373570919037,-3.773345470428467,assist,yes
1192,1,1,0.9999938558235593,-0.00034171465085819364,-12.000341415405273,assist,yes
1193,1,1,0.9999967112508522,-0.00043394684325903654,-12.625433921813965,assist,yes
1194,1,1,0.9999898700047941,-0.00034564718953333795,-11.500345230102539,assist,yes
1195,1,1,0.9999962733592903,-0.0004343043256085366,-12.500433921813965,assist,yes
1196,1,1,0.99999862904235,-0.0005544078885577619,-13.500554084777832,assist,yes
1197,1,1,0.9999724643079093,-0.0009394046501256526,-10.50093936920166,assist,yes
1198,1,1,0.9999910603034935,-0.0004396664153318852,-11.625439643859863,assist,yes
1199,1,1,0.9998766054375584,-0.000834355247206986,-9.000834465026855,assist,yes
1200,1,1,0.9999962733612936,-0.0005567907355725765,-12.500556945800781,assist,yes
1201,1,1,0.999989870013041,-0.000563224486541003,-11.500563621520996,assist,yes
1202,1,1,0.9999724643183433,-0.0004583738627843559,-10.500458717346191,assist,yes
1203,1,1,0.9999991684721001,-0.000262106885202229,-14.000262260437012,assist,yes
1204,1,1,0.9999930377423517,-0.0005600076401606202,-11.87555980682373,assist,yes
1205,1,1,0.9999986290427577,-0.0004320403386373073,-13.500432014465332,assist,yes
1206,1,1,0.9995694429763426,-0.0008629412623122334,-7.750863075256348,assist,yes
1207,1,1,0.9999910603010904,-0.0009205871028825641,-11.625920295715332,assist,yes
1208,1,1,0.9999970976888728,-0.00033825874561443925,-12.750338554382324,assist,yes
1209,1,1,0.999998005270348,-0.0005550036439672112,-13.125555038452148,assist,yes
1210,1,1,0.9999952149056794,-0.0005578630371019244,-12.250557899475098,assist,yes
1211,1,1,0.9999962733617375,-0.0005566716426983476,-12.500556945800781,assist,yes
1212,1,1,0.9999945777804785,-0.0007153574260883033,-12.125715255737305,assist,yes
1213,1,1,0.9999938558235915,-0.0009177286992780864,-12.000917434692383,assist,yes
1214,1,1,0.9999970976866766,-0.0007128558354452252,-12.750712394714355,assist,yes
1215,1,1,0.9999921107394472,-0.0007178590167313814,-11.750718116760254,assist,yes
1216,1,1,0.9999993524052108,-0.0007104733376763761,-14.250710487365723,assist,yes
1217,1,1,0.9999921107369384,-0.00034338299883529544,-11.750343322753906,assist,yes
1218,1,1,0.9999485577922447,-0.000482442817883566,-9.875482559204102,assist,yes
1219,1,1,0.9999967112494815,-0.0002646096108946949,-12.625264167785645,assist,yes
1220,1,1,0.9999977396755615,-0.00033766290289349854,-13.000337600708008,assist,yes
1221,1,0,0.0024726230595816345,-6.002551555633545,-0.0025515162851661444,assist,no
1222,1,1,0.9999546021454185,-0.00038115866482257843,-10.000381469726562,assist,yes
1223,1,1,0.9999938558235593,-0.00034171465085819364,-12.000341415405273,assist,yes
1224,1,1,0.9999989322973177,-0.0003364712174516171,-13.750336647033691,assist,yes
1225,1,1,0.9999938558245194,-0.000436925794929266,-12.000436782836914,assist,yes
1226,1,1,0.9999987901342139,-0.0005541696446016431,-13.625554084777832,assist,yes
1227,1,1,0.9999756997691039,-0.0005775213940069079,-10.625577926635742,assist,yes
1228,1,1,0.9999810748574552,-0.00035446559195406735,-10.875354766845703,assist,yes
1229,1,1,0.9999930377433283,-0.0003424296446610242,-11.87534236907959,assist,yes
1230,1,1,0.9999938558226968,-0.000559292733669281,-12.000558853149414,assist,yes
1231,1,1,0.9999970976888728,-0.00033825874561443925,-12.750338554382324,assist,yes
1232,1,1,0.9999832985758421,-0.00044741155579686165,-11.000447273254395,assist,yes
1233,1,1,0.9999921107381727,-0.0004385939973872155,-11.750438690185547,assist,yes
1234,1,1,0.9999962733622628,-0.00033909291960299015,-12.50033950805664,assist,yes
1235,1,1,0.9999957771669545,-0.00043478095903992653,-12.375434875488281,assist,yes
1236,1,1,0.9999785550461038,-0.0004522969538811594,-10.750452041625977,assist,yes
1237,1,1,0.9999980052709406,-0.0004326361231505871,-13.125432968139648,assist,yes
1238,1,1,0.9999986290425441,-0.00033682872890494764,-13.500336647033691,assist,yes
1239,1,1,0.9999970976875912,-0.0011731653939932585,-12.75117301940918,assist,yes
1240,1,1,0.9998204720641809,-0.0006111184484325349,-8.625611305236816,assist,yes
1241,1,1,0.9999646437488889,-0.0004663571889977902,-10.250466346740723,assist,yes
1242,1,1,0.9998911031078338,-0.0010212211636826396,-9.126021385192871,assist,yes
1243,1,1,0.9999646437381732,-0.00029690624796785414,-10.250296592712402,assist,yes
1244,1,1,0.9999952149069229,-0.0003401654539629817,-12.250340461730957,assist,yes
1245,1,1,0.9999756997662087,-0.0005776405450887978,-10.625577926635742,assist,yes
1246,1,1,0.9999869928687329,-0.0007231004419736564,-11.250722885131836,assist,yes
1247,1,1,0.9998766054375584,-0.000834355247206986,-9.000834465026855,assist,yes
1248,1,1,0.9999952149069229,-0.0003401654539629817,-12.250340461730957,assist,yes
1249,1,1,0.9999967112498754,-0.000556314189452678,-12.625555992126465,assist,yes
1250,1,1,0.9999962733612909,-0.0002649671514518559,-12.500265121459961,assist,yes
1251,1,1,0.9999952149056794,-0.0005578630371019244,-12.250557899475098,assist,yes
1252,1,1,0.9999970976885366,-0.000914393924176693,-12.750914573669434,assist,yes
1253,1,1,0.9999962733594437,-0.0007136897183954716,-12.500713348388672,assist,yes
1254,1,1,0.9999952149070999,-0.0004354958946350962,-12.250435829162598,assist,yes
1255,1,1,0.9999921107358342,-0.0005609607324004173,-11.750560760498047,assist,yes
1256,1,1,0.9999952149033053,-0.0007147617870941758,-12.250714302062988,assist,yes
1257,1,1,0.9999984465020202,-0.00043215948971919715,-13.375432014465332,assist,yes
1258,1,1,0.9999852610166279,-0.000724887300748378,-11.125724792480469,assist,yes
1259,1,1,0.9999984465022684,-0.0007114263135008514,-13.375711441040039,assist,yes
1260,1,1,0.9999251537664712,-0.00027855331427417696,-9.50027847290039,assist,yes
1261,1,1,0.999983298584846,-0.0005698964232578874,-11.000570297241211,assist,yes
1262,1,1,0.9999970976884631,-0.0005558376433327794,-12.750555992126465,assist,yes
1263,1,1,0.9999885212362298,-0.0007215518853627145,-11.37572193145752,assist,yes
1264,1,1,0.9999970976884631,-0.0005558376433327794,-12.750555992126465,assist,yes
1265,1,1,0.9999938558226968,-0.000559292733669281,-12.000558853149414,assist,yes
1266,1,1,0.9999938558278152,-0.0002675890573300421,-12.00026798248291,assist,yes
1267,1,1,0.999876605437587,-0.000676998752169311,-9.000677108764648,assist,yes
1268,1,1,0.9999977396759139,-0.0004328744253143668,-13.000432968139648,assist,yes
1269,1,1,0.9968273167002388,-0.003338004695251584,-5.753337860107422,assist,yes
1270,1,1,0.9999921107358342,-0.0005609607324004173,-11.750560760498047,assist,yes
1271,1,1,0.9999938558235915,-0.0009177286992780864,-12.000917434692383,assist,yes
1272,1,1,0.999993855825509,-0.0007161913090385497,-12.000716209411621,assist,yes
1273,1,1,0.962673116404036,-0.03806103765964508,-3.2880611419677734,assist,yes
1274,1,1,0.9999970976893255,-0.0004334702098276466,-12.750433921813965,assist,yes
1275,1,1,0.9999251537783486,-0.0006283930852077901,-9.500628471374512,assist,yes
1276,1,1,0.9999986290425441,-0.00033682872890494764,-13.500336647033691,assist,yes
1277,1,1,0.9999921107381727,-0.0004385939973872155,-11.750438690185547,assist,yes
1278,1,1,0.9999930377444167,-0.00043764073052443564,-11.87543773651123,assist,yes
1279,1,1,0.9999962733612936,-0.0005567907355725765,-12.500556945800781,assist,yes
1280,1,1,0.9999991684723166,-0.00033623288618400693,-14.000336647033691,assist,yes
1281,1,1,0.9999930377423517,-0.0005600076401606202,-11.87555980682373,assist,yes
1282,1,1,0.9999869928687329,-0.0007231004419736564,-11.250722885131836,assist,yes
1283,1,1,0.9999810748581806,-0.00044979469384998083,-10.875450134277344,assist,yes
1284,1,1,0.999998239656112,-0.0004323977918829769,-13.250432014465332,assist,yes
1285,1,1,0.9999952149033053,-0.0007147617870941758,-12.250714302062988,assist,yes
1286,1,1,0.9999938558226968,-0.000559292733669281,-12.000558853149414,assist,yes
1287,1,1,0.9999546021358742,-0.0009573881980031729,-10.000957489013672,assist,yes
1288,1,1,0.999978555060233,-0.0005746620590798557,-10.750575065612793,assist,yes
1289,1,1,0.9999974387166578,-0.0005554801900871098,-12.875555038452148,assist,yes
1290,1,1,0.9999724643196624,-0.0007377525325864553,-10.500738143920898,assist,yes
1291,1,1,0.9999974387166578,-0.0005554801900871098,-12.875555038452148,assist,yes
1292,1,1,0.9999898700047941,-0.00034564718953333795,-11.500345230102539,assist,yes
1293,1,1,0.9999921107388943,-0.001510432455688715,-11.751510620117188,assist,yes
1294,1,1,0.9999962733594437,-0.0007136897183954716,-12.500713348388672,assist,yes
1295,1,1,0.9999785550514841,-0.001192097319290042,-10.751192092895508,assist,yes
1296,1,1,0.9999984465028546,-0.0002628219372127205,-13.375263214111328,assist,yes
1297,1,1,0.9999417087180211,-0.00039414744242094457,-9.750393867492676,assist,yes
1298,1,1,0.9994472212397499,-0.0007121411035768688,-7.500711917877197,assist,yes
1299,1,1,0.9990889486135932,-0.001116486731916666,-7.0011162757873535,assist,yes
1300,1,1,0.9999952149033053,-0.0007147617870941758,-12.250714302062988,assist,yes
1301,1,1,0.9999952149063736,-0.0009162995265796781,-12.250916481018066,assist,yes
1302,1,1,0.9999952149070999,-0.0004354958946350962,-12.250435829162598,assist,yes
1303,1,1,0.9999952149056746,-0.00026603974401950836,-12.250266075134277,assist,yes
1304,1,1,0.9999921107358342,-0.0005609607324004173,-11.750560760498047,assist,yes
1305,1,1,0.999983298584846,-0.0005698964232578874,-11.000570297241211,assist,yes
1306,1,1,0.9999982396572675,-0.0005547653418034315,-13.250555038452148,assist,yes
1307,1,1,0.9999921107381727,-0.0004385939973872155,-11.750438690185547,assist,yes
1308,1,1,0.999983298584846,-0.0005698964232578874,-11.000570297241211,assist,yes
1309,1,1,0.9999599363132834,-0.001211028778925538,-10.126211166381836,assist,yes
1310,1,1,0.9998766054228863,-0.0006771179032512009,-9.000677108764648,assist,yes
1311,1,1,0.9999938558226968,-0.000559292733669281,-12.000558853149414,assist,yes
1312,1,1,0.999569442943125,-0.001142445020377636,-7.751142501831055,assist,yes
1313,1,1,0.9999938558226968,-0.000559292733669281,-12.000558853149414,assist,yes
1314,1,1,0.9999646437474771,-0.00037102968781255186,-10.250370979309082,assist,yes
1315,1,1,0.9999938558235915,-0.0009177286992780864,-12.000917434692383,assist,yes
1316,1,1,0.9999952149056794,-0.0005578630371019244,-12.250557899475098,assist,yes
1317,1,1,0.9999546021340271,-0.0005988473421894014,-10.000598907470703,assist,yes
1318,1,1,0.9999898700080238,-0.0007201223634183407,-11.500720024108887,assist,yes
1319,1,1,0.9999962733612909,-0.0002649671514518559,-12.500265121459961,assist,yes
1320,1,1,0.9999910603010904,-0.0009205871028825641,-11.625920295715332,assist,yes
1321,1,1,0.9999151889600436,-0.0009975224966183305,-9.375997543334961,assist,yes
1322,1,1,0.9999938558235593,-0.00034171465085819364,-12.000341415405273,assist,yes
1323,1,1,0.9999977396755615,-0.00033766290289349854,-13.000337600708008,assist,yes
1324,1,1,0.9999962733599074,-0.00020716428116429597,-12.50020694732666,assist,yes
1325,1,1,0.999989870013041,-0.000563224486541003,-11.500563621520996,assist,yes
1326,1,1,0.9999952149069229,-0.0003401654539629817,-12.250340461730957,assist,yes
1327,1,1,0.9999952149056794,-0.0005578630371019244,-12.250557899475098,assist,yes
1328,1,1,0.9999982396575162,-0.00033718624035827816,-13.250337600708008,assist,yes
1329,1,1,0.9999832985714141,-0.0009283285471610725,-11.000927925109863,assist,yes
1330,1,1,0.9999038975791924,-0.00035768310772255063,-9.250357627868652,assist,yes
1331,1,1,0.9999785550514841,-0.001192097319290042,-10.751192092895508,assist,yes
1332,1,1,0.9999546021340271,-0.0005988473421894014,-10.000598907470703,assist,yes
1333,1,1,0.9046505280315009,-0.1002710685133934,-2.350270986557007,assist,yes
1334,1,1,0.9999810748590419,-0.0007291757501661777,-10.87572956085205,assist,yes
1335,1,1,0.9999986290427577,-0.0004320403386373073,-13.500432014465332,assist,yes
1336,1,1,0.9999952149033053,-0.0007147617870941758,-12.250714302062988,assist,yes
1337,1,1,0.9998766054228863,-0.0006771179032512009,-9.000677108764648,assist,yes
1338,1,1,0.9999977396749723,-0.00026353701832704246,-13.000263214111328,assist,yes
1339,1,1,0.9999962733594437,-0.0007136897183954716,-12.500713348388672,assist,yes
1340,1,1,0.9999251538044995,-0.0007853999268263578,-9.500785827636719,assist,yes
1341,1,0,0.0019267347313837336,-6.252053737640381,-0.0020537730306386948,assist,no
1342,1,1,0.999933947831817,-0.0004972175229340792,-9.625496864318848,assist,yes
1343,1,1,0.9999982396570575,-0.00026306029758416116,-13.250263214111328,assist,yes
1344,1,1,0.9999952149063736,-0.0009162995265796781,-12.250916481018066,assist,yes
1345,1,1,0.9999038976231899,-0.0003000047872774303,-9.250300407409668,assist,yes
1346,1,1,0.9999869928687329,-0.0007231004419736564,-11.250722885131836,assist,yes
1347,1,1,0.9999832985746017,-0.0007269124034792185,-11.000726699829102,assist,yes
1348,1,1,0.9990889486472896,-0.0012485336046665907,-7.001248359680176,assist,yes
1349,1,1,0.9999984465022684,-0.0007114263135008514,-13.375711441040039,assist,yes
1350,1,1,0.9999952149056794,-0.0005578630371019244,-12.250557899475098,assist,yes
1351,1,0,0.0004305571089056899,-7.7505903244018555,-0.0005903884884901345,assist,no
1352,1,1,0.9999982396572675,-0.0005547653418034315,-13.250555038452148,assist,yes
1353,1,1,0.9999832985738516,-0.000447530735982582,-11.000447273254395,assist,yes
1354,1,1,0.9999852610166279,-0.000724887300748378,-11.125724792480469,assist,yes
1355,1,1,0.9999417087343659,-0.0004892344586551189,-9.750489234924316,assist,yes
1356,1,0,0.001169510193524942,-6.751245975494385,-0.0012459142599254847,assist,no
1357,1,1,0.9999952149056794,-0.0005578630371019244,-12.250557899475098,assist,yes
1358,1,1,0.9999151889354586,-0.00042083943844772875,-9.375420570373535,assist,yes
1359,1,1,0.9999970976875912,-0.0011731653939932585,-12.75117301940918,assist,yes
1360,1,1,0.9999952149038975,-0.00020823694649152458,-12.250207901000977,assist,yes
1361,1,1,0.9999832985765917,-0.0007267932523973286,-11.000726699829102,assist,yes
1362,1,1,0.9997388097110749,-0.0009726322605274618,-8.250972747802734,assist,yes
1363,1,1,0.9999038975934638,-0.0004319211875554174,-9.250432014465332,assist,yes
1364,1,1,0.9999810748581806,-0.00044979469384998083,-10.875450134277344,assist,yes
1365,1,1,0.9999970976881161,-0.0002641328901518136,-12.750264167785645,assist,yes
1366,1,1,0.999998932297484,-0.0004316828562878072,-13.750432014465332,assist,yes
1367,1,1,0.9999921107358342,-0.0005609607324004173,-11.750560760498047,assist,yes
1368,1,1,0.9999952149056746,-0.00026603974401950836,-12.250266075134277,assist,yes
1369,1,1,0.9999993524051075,-0.0004312062228564173,-14.250431060791016,assist,yes
1370,1,1,0.999841563758657,-0.0010720703285187483,-8.75107192993164,assist,yes
1371,1,0,0.0758581847220642,-2.5789530277252197,-0.0789530947804451,assist,no
1372,1,1,0.9999898700080431,-0.00021371940965764225,-11.500213623046875,assist,yes
1373,1,1,0.9999977396752422,-0.0005552418879233301,-13.000555038452148,assist,yes
1374,1,1,0.9999952149063736,-0.0009162995265796781,-12.250916481018066,assist,yes
1375,1,1,0.99997569975214,-0.00035982808913104236,-10.625359535217285,assist,yes
1376,1,1,0.999998239656404,-0.00020525732543319464,-13.250205039978027,assist,yes
1377,1,1,0.9999982396570575,-0.00026306029758416116,-13.250263214111328,assist,yes
1378,1,1,0.9999952149070999,-0.0004354958946350962,-12.250435829162598,assist,yes
1379,1,1,0.999988521232334,-0.0005645350320264697,-11.375564575195312,assist,yes
1380,1,1,0.9999910603021549,-0.0009204680100083351,-11.625920295715332,assist,yes
1381,1,1,0.9999945777825158,-0.00026675479602999985,-12.125267028808594,assist,yes
1382,1,1,0.9999885212309662,-0.0005646541831083596,-11.375564575195312,assist,yes
1383,1,1,0.9999251537877276,-0.00041083001997321844,-9.500411033630371,assist,yes
1384,1,1,0.999948557768997,-0.0002101439022226259,-9.87520980834961,assist,yes
1385,1,1,0.9999962733622628,-0.00033909291960299015,-12.50033950805664,assist,yes
1386,1,1,0.9999993524051075,-0.0004312062228564173,-14.250431060791016,assist,yes
1387,1,1,0.9999910603008448,-0.0005620330339297652,-11.625561714172363,assist,yes
1388,1,1,0.7772998663336157,-0.25219032168388367,-1.502190351486206,assist,yes
1389,1,1,0.9999970976888728,-0.00033825874561443925,-12.750338554382324,assist,yes
1390,1,1,0.9999986290425441,-0.00033682872890494764,-13.500336647033691,assist,yes
1391,1,1,0.9995694428224046,-0.0008628221112303436,-7.7508625984191895,assist,yes
1392,1,1,0.9999970976893255,-0.0004334702098276466,-12.750433921813965,assist,yes
1393,1,1,0.9999977396752422,-0.0005552418879233301,-13.000555038452148,assist,yes
1394,1,1,0.9999945777796065,-0.000436091679148376,-12.125435829162598,assist,yes
1395,1,1,0.9999989322973177,-0.0003364712174516171,-13.750336647033691,assist,yes
1396,1,1,0.9999038976277149,-0.000649956171400845,-9.250650405883789,assist,yes
1397,1,1,0.9999970976889796,-0.00043358939001336694,-12.750433921813965,assist,yes
1398,1,1,0.9999957771657924,-0.00033968876232393086,-12.37533950805664,assist,yes
1399,1,1,0.999915188954436,-0.001256034360267222,-9.376255989074707,assist,yes
1400,1,0,0.010986940495280761,-4.511174201965332,-0.011174005456268787,assist,no
1401,1,1,0.9999967112520242,-0.0011736417654901743,-12.626173973083496,assist,yes
1402,1,1,0.9999869928681625,-0.00044371772673912346,-11.250443458557129,assist,yes
1403,1,1,0.999998932297484,-0.0004316828562878072,-13.750432014465332,assist,yes
1404,1,1,0.9999251537643605,-0.0009871615329757333,-9.50098705291748,assist,yes
1405,1,1,0.9999898700080431,-0.00021371940965764225,-11.500213623046875,assist,yes
1406,1,1,0.9999952149076701,-0.0004353767435532063,-12.250435829162598,assist,yes
1407,1,1,0.9999977396752422,-0.0005552418879233301,-13.000555038452148,assist,yes
1408,1,1,0.9999921107358342,-0.0005609607324004173,-11.750560760498047,assist,yes
1409,1,0,0.0003799845403768979,-7.875584602355957,-0.00058466981863603,assist,no
1410,1,0,0.00026119023131213905,-8.250442504882812,-0.00044216870446689427,assist,no
1411,1,1,0.9995694429428996,-0.0007676515378989279,-7.750767707824707,assist,yes
1412,1,1,0.9999869928687329,-0.0007231004419736564,-11.250722885131836,assist,yes
1413,1,1,0.9999962733594437,-0.0007136897183954716,-12.500713348388672,assist,yes
1414,1,1,0.9999756997542271,-0.0007345362100750208,-10.625734329223633,assist,yes
1415,1,1,0.9999957771658092,-0.0009157040040008724,-12.37591552734375,assist,yes
1416,1,1,0.9999974387175236,-0.0007124984404072165,-12.875712394714355,assist,yes
1417,1,1,0.9999952149063736,-0.0009162995265796781,-12.250916481018066,assist,yes
1418,1,1,0.9999962733594437,-0.0007136897183954716,-12.500713348388672,assist,yes
1419,1,1,0.9999970976885366,-0.000914393924176693,-12.750914573669434,assist,yes
1420,1,1,0.9999957771651975,-0.000557267339900136,-12.375556945800781,assist,yes
1421,1,1,0.9999970976884631,-0.0005558376433327794,-12.750555992126465,assist,yes
1422,1,1,0.9999967112504603,-0.00043406602344475687,-12.625433921813965,assist,yes
1423,1,1,0.9999991684721989,-0.0005538121913559735,-14.000554084777832,assist,yes
1424,1,1,0.9999938558245194,-0.000436925794929266,-12.000436782836914,assist,yes
1425,1,1,0.9999952149076701,-0.0004353767435532063,-12.250435829162598,assist,yes
1426,1,1,0.9999945777831684,-0.0005584587925113738,-12.125558853149414,assist,yes
1427,1,1,0.9999957771651975,-0.000557267339900136,-12.375556945800781,assist,yes
1428,1,1,0.9999910603020943,-0.00034445550409145653,-11.625344276428223,assist,yes
1429,1,1,0.9999938558267225,-0.001176618505269289,-12.001176834106445,assist,yes
1430,1,1,0.9999910603008448,-0.0005620330339297652,-11.625561714172363,assist,yes
1431,1,1,0.9999952149048172,-0.0011750705307349563,-12.251174926757812,assist,yes
1432,1,1,0.9999945777787852,-0.0009168949909508228,-12.125916481018066,assist,yes
1433,1,1,0.7310585727705126,-0.3133867084980011,-1.3133866786956787,assist,yes
1434,1,1,0.9999987901347668,-0.0007110689766705036,-13.625711441040039,assist,yes
1435,1,1,0.9999546021496806,-0.0007558587822131813,-10.00075626373291,assist,yes
1436,1,1,0.9999957771651975,-0.000557267339900136,-12.375556945800781,assist,yes
1437,1,1,0.9999982396572675,-0.0005547653418034315,-13.250555038452148,assist,yes
1438,1,1,0.999978555060233,-0.0005746620590798557,-10.750575065612793,assist,yes
1439,1,1,0.9999993524052108,-0.0007104733376763761,-14.250710487365723,assist,yes
1440,1,1,0.9999921107394472,-0.0007178590167313814,-11.750718116760254,assist,yes
1441,1,1,0.999972464306967,-0.0005808573332615197,-10.500580787658691,assist,yes
1442,1,1,0.9999980052706298,-0.00033742457162588835,-13.125337600708008,assist,yes
1443,1,1,0.9999974387167222,-0.0009140365873463452,-12.875913619995117,assist,yes
1444,1,1,0.9999869928770951,-0.0009246364934369922,-11.250925064086914,assist,yes
1445,1,1,0.9999938558226968,-0.000559292733669281,-12.000558853149414,assist,yes
1446,1,1,0.9999962733592903,-0.0004343043256085366,-12.500433921813965,assist,yes
1447,1,1,0.9999993524054555,-0.0002618685248307884,-14.250262260437012,assist,yes
1448,1,1,0.9999970976887209,-9.893881360767409e-05,-12.750099182128906,assist,yes
1449,1,1,0.9999970976893255,-0.0004334702098276466,-12.750433921813965,assist,yes
1450,1,1,0.9999952149056746,-0.00026603974401950836,-12.250266075134277,assist,yes
1451,1,1,0.9999938558235593,-0.00034171465085819364,-12.000341415405273,assist,yes
1452,1,1,0.9997388096503081,-0.0006934384000487626,-8.250693321228027,assist,yes
1453,1,1,0.9999832985709085,-0.0005697772721759975,-11.000569343566895,assist,yes
1454,1,1,0.9999957771671291,-0.0007141662063077092,-12.375714302062988,assist,yes
1455,1,1,0.9999921107381727,-0.0004385939973872155,-11.750438690185547,assist,yes
1456,1,1,0.9999977396759139,-0.0004328744253143668,-13.000432968139648,assist,yes
1457,1,1,0.999968798103096,-0.00046206763363443315,-10.375462532043457,assist,yes
1458,1,1,0.999664650011591,-0.0012498432770371437,-8.001250267028809,assist,yes
1459,1,0,0.0011695101214504147,-6.7512946128845215,-0.0012944899499416351,assist,no
1460,1,1,0.9999921107358342,-0.0005609607324004173,-11.750560760498047,assist,yes
1461,1,1,0.9999952149056746,-0.00026603974401950836,-12.250266075134277,assist,yes
1462,1,1,0.9999952149056794,-0.0005578630371019244,-12.250557899475098,assist,yes
1463,1,1,0.9999885212362298,-0.0007215518853627145,-11.37572193145752,assist,yes
1464,1,1,0.9999962733606195,-0.0011739989276975393,-12.501173973083496,assist,yes
1465,1,1,0.9999785550496493,-0.000731558189727366,-10.750731468200684,assist,yes
1466,1,1,0.9999832985738516,-0.000447530735982582,-11.000447273254395,assist,yes
1467,1,1,0.9999970976881176,-0.0005559567362070084,-12.750555992126465,assist,yes
1468,1,1,0.9999417087249679,-0.00039402826223522425,-9.750393867492676,assist,yes
1469,1,1,0.9999967112498754,-0.000556314189452678,-12.625555992126465,assist,yes
1470,1,1,0.9999986290433008,-0.00015984688070602715,-13.500160217285156,assist,yes
1471,1,1,0.999978555060233,-0.0005746620590798557,-10.750575065612793,assist,yes
1472,1,1,0.9999938558245194,-0.000436925794929266,-12.000436782836914,assist,yes
1473,1,1,0.9999982396575162,-0.00033718624035827816,-13.250337600708008,assist,yes
1474,1,1,0.9626731154669945,-0.03809110447764397,-3.2880911827087402,assist,yes
1475,1,0,0.14804719427274565,-1.910359501838684,-0.1603594720363617,assist,no
1476,1,1,0.9999986290427577,-0.0004320403386373073,-13.500432014465332,assist,yes
1477,1,1,0.9998766054331704,-0.00038521020906046033,-9.000385284423828,assist,yes
1478,1,1,0.9999898700080431,-0.00021371940965764225,-11.500213623046875,assist,yes
1479,1,1,0.9999810748574552,-0.00035446559195406735,-10.875354766845703,assist,yes
1480,1,1,0.9999038975820143,-0.0004320403386373073,-9.250432014465332,assist,yes
1481,1,1,0.999088948999301,-0.0011742371134459972,-7.001174449920654,assist,yes
1482,1,1,0.9999974387166578,-0.0005554801900871098,-12.875555038452148,assist,yes
1483,1,1,0.9999885212362298,-0.0007215518853627145,-11.37572193145752,assist,yes
1484,1,1,0.9999982396572675,-0.0005547653418034315,-13.250555038452148,assist,yes
1485,1,1,0.9999852610142181,-0.0004456242313608527,-11.125445365905762,assist,yes
1486,1,1,0.9999982396572675,-0.0005547653418034315,-13.250555038452148,assist,yes
1487,1,1,0.9999898700133241,-0.0009217780898325145,-11.500922203063965,assist,yes
1488,1,1,0.9999921107404113,-0.0002113357331836596,-11.750211715698242,assist,yes
1489,1,1,0.9998766053787911,-0.0006774752982892096,-9.000677108764648,assist,yes
1490,1,1,0.9999970976881161,-0.0002641328901518136,-12.750264167785645,assist,yes
1491,1,1,0.9999984465022684,-0.0007114263135008514,-13.375711441040039,assist,yes
1492,1,1,0.9999832985738516,-0.000447530735982582,-11.000447273254395,assist,yes
1493,1,1,0.999993855825509,-0.0007161913090385497,-12.000716209411621,assist,yes
1494,1,1,0.9999869928681625,-0.00044371772673912346,-11.250443458557129,assist,yes
1495,1,0,0.008577485120676232,-4.758712291717529,-0.008712257258594036,assist,no
1496,1,1,0.9933071494255341,-0.0069221924059093,-5.006922245025635,assist,yes
1497,1,1,0.999988521232334,-0.0005645350320264697,-11.375564575195312,assist,yes
1498,1,1,0.9999957771664514,-0.0004349001101218164,-12.375434875488281,assist,yes
1499,1,1,0.9995694428918709,-0.001142564113251865,-7.751142501831055,assist,yes
1500,1,1,0.9999724643079093,-0.0009394046501256526,-10.50093936920166,assist,yes
1501,1,1,0.9999980052709406,-0.0004326361231505871,-13.125432968139648,assist,yes
1502,1,1,0.9999832985765917,-0.0007267932523973286,-11.000726699829102,assist,yes
1503,1,1,0.9999957771651975,-0.000557267339900136,-12.375556945800781,assist,yes
1504,1,1,0.9999977396752988,-0.0009137984015978873,-13.000913619995117,assist,yes
1505,1,1,0.999975699767012,-0.000936189026106149,-10.625936508178711,assist,yes
1506,1,1,0.9999938558235593,-0.00034171465085819364,-12.000341415405273,assist,yes
1507,1,1,0.9998204719645173,-0.0016845572972670197,-8.626684188842773,assist,yes
1508,1,1,0.9999785550486587,-0.00045217780279926956,-10.750452041625977,assist,yes
1509,1,1,0.9998766054670604,-0.0006777135422453284,-9.000678062438965,assist,yes
1510,1,1,0.9999785550583656,-0.0009333306807093322,-10.750933647155762,assist,yes
1511,1,1,0.9998766054375584,-0.000834355247206986,-9.000834465026855,assist,yes
1512,1,1,0.9999962733618327,-0.0009152276325039566,-12.50091552734375,assist,yes
1513,1,1,0.9999921107360475,-0.0009195152088068426,-11.750919342041016,assist,yes
1514,1,1,0.9999962733606195,-0.0011739989276975393,-12.501173973083496,assist,yes
1515,1,1,0.9999970976866766,-0.0007128558354452252,-12.750712394714355,assist,yes
1516,1,1,0.9999910603049403,-0.0007189311436377466,-11.62571907043457,assist,yes
1517,1,0,0.00015843615729130346,-8.750255584716797,-0.00025519452174194157,assist,no
1518,1,1,0.9999832985799718,-0.0011872155591845512,-11.001187324523926,assist,yes
1519,1,1,0.9999930377423517,-0.0005600076401606202,-11.87555980682373,assist,yes
1520,1,1,0.9999974387187952,-0.0005555993411689997,-12.875555992126465,assist,yes
1521,1,1,0.9999810748525966,-0.0005721600609831512,-10.875572204589844,assist,yes
1522,1,1,0.9999869928770951,-0.0009246364934369922,-11.250925064086914,assist,yes
1523,1,1,0.9998766054392675,-0.0012949660886079073,-9.00129508972168,assist,yes
1524,1,1,0.9999952149033053,-0.0007147617870941758,-12.250714302062988,assist,yes
1525,1,1,0.999998005270348,-0.0005550036439672112,-13.125555038452148,assist,yes
1526,1,1,0.999988521232334,-0.0005645350320264697,-11.375564575195312,assist,yes
1527,1,1,0.9999967112504603,-0.00043406602344475687,-12.625433921813965,assist,yes
1528,1,1,0.9999898700047941,-0.00034564718953333795,-11.500345230102539,assist,yes
1529,1,1,0.9999898700047941,-0.00034564718953333795,-11.500345230102539,assist,yes
1530,1,1,0.9999970976885366,-0.000914393924176693,-12.750914573669434,assist,yes
1531,1,1,0.9999546021117941,-0.0007557396893389523,-10.000755310058594,assist,yes
1532,1,1,0.9999970976881161,-0.0002641328901518136,-12.750264167785645,assist,yes
1533,1,1,0.9999599363095033,-0.00075049843871966,-10.125750541687012,assist,yes
1534,1,1,0.9999967112503391,-0.0003387354372534901,-12.625338554382324,assist,yes
1535,1,1,0.9999962733594437,-0.0007136897183954716,-12.500713348388672,assist,yes
1536,1,1,0.9999810748531848,-0.0009307105210609734,-10.875930786132812,assist,yes
1537,1,1,0.9999967112508522,-0.00043394684325903654,-12.625433921813965,assist,yes
1538,1,1,0.9999952149070999,-0.0004354958946350962,-12.250435829162598,assist,yes
1539,1,1,0.9999417087274209,-0.0004893536097370088,-9.750489234924316,assist,yes
1540,1,1,0.9999991684723166,-0.00033623288618400693,-14.000336647033691,assist,yes
1541,1,1,0.9999832985847708,-0.00027807659353129566,-11.00027847290039,assist,yes
1542,1,1,0.9999970976888728,-0.00033825874561443925,-12.750338554382324,assist,yes
1543,1,1,0.9999921107381727,-0.0004385939973872155,-11.750438690185547,assist,yes
1544,1,1,0.9999898700080238,-0.0007201223634183407,-11.500720024108887,assist,yes
1545,1,1,0.999968798074867,-0.0007414452848024666,-10.375741004943848,assist,yes
1546,1,1,0.999989870013041,-0.000563224486541003,-11.500563621520996,assist,yes
1547,1,1,0.9994472213842366,-0.0008897398365661502,-7.500889778137207,assist,yes
1548,1,1,0.9999945777831684,-0.0005584587925113738,-12.125558853149414,assist,yes
1549,1,1,0.9999952149033053,-0.0007147617870941758,-12.250714302062988,assist,yes
1550,1,1,0.9999970976870223,-0.0007127366843633354,-12.750712394714355,assist,yes
1551,1,1,0.9998766054664464,-0.0004593271005433053,-9.000459671020508,assist,yes
1552,1,1,0.9999957771657924,-0.00033968876232393086,-12.37533950805664,assist,yes
1553,1,1,0.9999869928661214,-0.00034850722295232117,-11.250348091125488,assist,yes
1554,1,1,0.999933947855276,-0.0009784678695723414,-9.625978469848633,assist,yes
1555,1,1,0.999978555060233,-0.0005746620590798557,-10.750575065612793,assist,yes
1556,1,1,0.9999599363142769,-0.0007503792876377702,-10.125750541687012,assist,yes
1557,1,1,0.9968273174564745,-0.0033382424153387547,-5.75333833694458,assist,yes
1558,1,1,0.9999952149063527,-0.00034028460504487157,-12.250340461730957,assist,yes
1559,1,1,0.9999898700063808,-0.0004408579843584448,-11.50044059753418,assist,yes
1560,1,1,0.9998415637329036,-0.0005896736984141171,-8.750589370727539,assist,yes
1561,1,1,0.9999038975978575,-0.0005272428970783949,-9.250527381896973,assist,yes
1562,1,1,0.9999869928755462,-0.0009247555863112211,-11.250925064086914,assist,yes
1563,1,1,0.9999832985758421,-0.00044741155579686165,-11.000447273254395,assist,yes
1564,1,1,0.9999952149075211,-0.0015073377871885896,-12.251507759094238,assist,yes
1565,1,1,0.9999921107393628,-0.00013136000779923052,-11.750131607055664,assist,yes
1566,1,1,0.9999852610239177,-0.0005679901223629713,-11.125568389892578,assist,yes
1567,1,1,0.9999967112508522,-0.00043394684325903654,-12.625433921813965,assist,yes
1568,1,1,0.9980732653178674,-0.002484808210283518,-6.2524847984313965,assist,yes
1569,1,1,0.9999646437423857,-0.0002967870968859643,-10.250296592712402,assist,yes
1570,1,1,0.9999952149048172,-0.0011750705307349563,-12.251174926757812,assist,yes
1571,1,1,0.9999869928681625,-0.00044371772673912346,-11.250443458557129,assist,yes
1572,1,1,0.999998239656112,-0.0004323977918829769,-13.250432014465332,assist,yes
1573,1,1,0.9999910602997795,-0.0005621521850116551,-11.625561714172363,assist,yes
1574,1,1,0.9999938558235593,-0.00034171465085819364,-12.000341415405273,assist,yes
1575,1,1,0.9999546021424589,-0.0015485212206840515,-10.001548767089844,assist,yes
1576,1,1,0.9999930377423517,-0.0005600076401606202,-11.87555980682373,assist,yes
1577,1,1,0.9999970976866766,-0.0007128558354452252,-12.750712394714355,assist,yes
1578,1,1,0.999983298584846,-0.0005698964232578874,-11.000570297241211,assist,yes
1579,1,1,0.9999646437488889,-0.0004663571889977902,-10.250466346740723,assist,yes
1580,1,1,0.999983298573215,-0.0003522014303598553,-11.000351905822754,assist,yes
1581,1,1,0.9914225127726342,-0.008886550553143024,-4.758886337280273,assist,yes
1582,1,1,0.998830489910915,-0.002086011925712228,-6.752086162567139,assist,yes
1583,1,1,0.9999938558235593,-0.00034171465085819364,-12.000341415405273,assist,yes
1584,1,1,0.9999962733624003,-0.00043442347669042647,-12.500434875488281,assist,yes
1585,1,1,0.9999832985738516,-0.000447530735982582,-11.000447273254395,assist,yes
1586,1,1,0.9999962733622628,-0.00033909291960299015,-12.50033950805664,assist,yes
1587,1,1,0.999978555045276,-0.00035696811391972005,-10.750356674194336,assist,yes
1588,1,1,0.9999945777831684,-0.0005584587925113738,-12.125558853149414,assist,yes
1589,1,1,0.9999910603008448,-0.0005620330339297652,-11.625561714172363,assist,yes
1590,1,1,0.9999970976888728,-0.00033825874561443925,-12.750338554382324,assist,yes
1591,1,1,0.9980732653639846,-0.0021343089174479246,-6.252134323120117,assist,yes
1592,1,1,0.9999910603008448,-0.0005620330339297652,-11.625561714172363,assist,yes
1593,1,1,0.999993855825509,-0.0007161913090385497,-12.000716209411621,assist,yes
1594,1,1,0.999998005270348,-0.0005550036439672112,-13.125555038452148,assist,yes
1595,1,1,0.9999546021418657,-0.0004766043566633016,-10.000476837158203,assist,yes
1596,1,1,0.9994472212362446,-0.000985375139862299,-7.500985145568848,assist,yes
1597,1,1,0.9999952149056794,-0.0005578630371019244,-12.250557899475098,assist,yes
1598,1,1,0.9999869928687329,-0.0007231004419736564,-11.250722885131836,assist,yes
1599,1,1,0.9999921107381727,-0.0004385939973872155,-11.750438690185547,assist,yes
1600,1,1,0.9999982396572675,-0.0005547653418034315,-13.250555038452148,assist,yes
1601,1,1,0.9992903296997625,-0.0008691347320564091,-7.250869274139404,assist,yes
1602,1,0,0.0008040857913083631,-7.126036643981934,-0.0010364643530920148,assist,no
1603,1,1,0.9999977396762754,-0.0007121411035768688,-13.000712394714355,assist,yes
1604,1,1,0.9999832985746017,-0.0007269124034792185,-11.000726699829102,assist,yes
1605,1,1,0.9999832985853524,-0.0009284476400353014,-11.00092887878418,assist,yes
1606,1,1,0.9997388096744597,-0.0011749514378607273,-8.251174926757812,assist,yes
1607,1,1,0.9999957771651975,-0.000557267339900136,-12.375556945800781,assist,yes
1608,1,1,0.9999970976881161,-0.0002641328901518136,-12.750264167785645,assist,yes
1609,1,0,0.0006263342524750716,-7.375807285308838,-0.0008074360666796565,assist,no
1610,1,1,0.9999756997530842,-0.0004551566671580076,-10.625454902648926,assist,yes
1611,1,1,0.9999785550496493,-0.000731558189727366,-10.750731468200684,assist,yes
1612,1,1,0.9999921107381727,-0.0004385939973872155,-11.750438690185547,assist,yes
1613,1,1,0.9999885212339322,-0.0003469580551609397,-11.375347137451172,assist,yes
1614,1,1,0.999983298584846,-0.0005698964232578874,-11.000570297241211,assist,yes
1615,1,1,0.9999970976884631,-0.0005558376433327794,-12.750555992126465,assist,yes
1616,1,1,0.9999970976889796,-0.00043358939001336694,-12.750433921813965,assist,yes
1617,1,1,0.9999885212309662,-0.0005646541831083596,-11.375564575195312,assist,yes
1618,1,1,0.9999921107394472,-0.0007178590167313814,-11.750718116760254,assist,yes
1619,1,1,0.9999546021394361,-0.0005987281911075115,-10.000598907470703,assist,yes
1620,1,1,0.9999952149070999,-0.0004354958946350962,-12.250435829162598,assist,yes
1621,1,1,0.999290329557474,-0.0011435167398303747,-7.251143455505371,assist,yes
1622,1,1,0.9999945777804785,-0.0007153574260883033,-12.125715255737305,assist,yes
1623,1,1,0.9999930377423517,-0.0005600076401606202,-11.87555980682373,assist,yes
1624,1,1,0.9990889486472896,-0.0012485336046665907,-7.001248359680176,assist,yes
1625,1,1,0.9999869928661214,-0.00034850722295232117,-11.250348091125488,assist,yes
1626,1,1,0.9999930377444167,-0.00043764073052443564,-11.87543773651123,assist,yes
1627,1,1,0.9999921107369872,-0.0009193961159326136,-11.750919342041016,assist,yes
1628,1,1,0.9999962733594437,-0.0007136897183954716,-12.500713348388672,assist,yes
1629,1,1,0.9999724642966837,-0.0007376333815045655,-10.500737190246582,assist,yes
1630,1,1,0.9999038976157619,-0.0008064831490628421,-9.25080680847168,assist,yes
1631,1,1,0.9999952149063736,-0.0009162995265796781,-12.250916481018066,assist,yes
1632,1,1,0.9999938558235593,-0.00034171465085819364,-12.000341415405273,assist,yes
1633,1,1,0.999989870013041,-0.000563224486541003,-11.500563621520996,assist,yes
1634,1,1,0.9999962733607647,-0.00016211149340961128,-12.500162124633789,assist,yes
1635,1,1,0.9999977396762887,-0.0002057340752799064,-13.000205993652344,assist,yes
1636,1,1,0.99987660545771,-0.0005547653418034315,-9.000555038452148,assist,yes
1637,1,1,0.9999898700047941,-0.00034564718953333795,-11.500345230102539,assist,yes
1638,1,1,0.9999869928678752,-0.0015156697481870651,-11.25151538848877,assist,yes
1639,1,1,0.9999599363020484,-0.0009519098093733191,-10.125951766967773,assist,yes
1640,1,1,0.9999898700118077,-0.000271521887043491,-11.500271797180176,assist,yes
1641,1,1,0.9999991684716532,-0.0004314445541240275,-14.000431060791016,assist,yes
1642,1,1,0.9999869928661214,-0.00034850722295232117,-11.250348091125488,assist,yes
1643,1,1,0.9999962733594437,-0.0007136897183954716,-12.500713348388672,assist,yes
1644,1,1,0.9999952149070999,-0.0004354958946350962,-12.250435829162598,assist,yes
1645,1,1,0.9999957771671291,-0.0007141662063077092,-12.375714302062988,assist,yes
1646,1,1,0.9999977396755615,-0.00033766290289349854,-13.000337600708008,assist,yes
1647,1,1,0.9999977396752988,-0.0009137984015978873,-13.000913619995117,assist,yes
1648,1,1,0.5621765008857981,-0.5760142207145691,-0.8260142207145691,assist,yes
1649,1,1,0.9999852610239177,-0.0005679901223629713,-11.125568389892578,assist,yes
1650,1,1,0.9999885212362298,-0.0007215518853627145,-11.37572193145752,assist,yes
1651,1,1,0.9999991684716532,-0.0004314445541240275,-14.000431060791016,assist,yes
1652,1,1,0.9999687980813923,-0.0012018608395010233,-10.376201629638672,assist,yes
1653,1,1,0.9999982396570575,-0.00026306029758416116,-13.250263214111328,assist,yes
1654,1,1,0.9999962733592903,-0.0004343043256085366,-12.500433921813965,assist,yes
1655,1,1,0.9999977396752422,-0.0005552418879233301,-13.000555038452148,assist,yes
1656,1,1,0.9999810748590419,-0.0007291757501661777,-10.87572956085205,assist,yes
1657,1,1,0.9999417087168354,-0.0007689617923460901,-9.750768661499023,assist,yes
1658,1,1,0.9999952149063527,-0.00034028460504487157,-12.250340461730957,assist,yes
1659,1,1,0.9999869928770951,-0.0009246364934369922,-11.250925064086914,assist,yes
1660,1,1,0.9999977396762754,-0.0007121411035768688,-13.000712394714355,assist,yes
1661,1,1,0.9999810748432487,-0.0007290565990842879,-10.875728607177734,assist,yes
1662,1,1,0.9999646437385282,-0.0005887205479666591,-10.250588417053223,assist,yes
1663,1,1,0.9999885212266506,-0.0007214327342808247,-11.375720977783203,assist,yes
1664,1,1,0.8807970779778823,-0.12696123123168945,-2.1269612312316895,assist,yes
1665,1,1,0.9999898700063808,-0.0004408579843584448,-11.50044059753418,assist,yes
1666,1,1,0.9999977396762754,-0.0007121411035768688,-13.000712394714355,assist,yes
1667,1,1,0.9999869928702821,-0.0007229813490994275,-11.250722885131836,assist,yes
1668,1,1,0.9999945777787597,-0.0003408804477658123,-12.125340461730957,assist,yes
1669,1,1,0.9999986290427577,-0.0004320403386373073,-13.500432014465332,assist,yes
1670,1,1,0.9999977396752422,-0.0005552418879233301,-13.000555038452148,assist,yes
1671,1,1,0.9999546021454185,-0.00038115866482257843,-10.000381469726562,assist,yes
1672,1,1,0.9999952149069229,-0.0003401654539629817,-12.250340461730957,assist,yes
1673,1,1,0.9999832985714141,-0.0009283285471610725,-11.000927925109863,assist,yes
1674,1,1,0.9959298619292367,-0.004344074055552483,-5.5043439865112305,assist,yes
1675,1,1,0.9999952149069229,-0.0003401654539629817,-12.250340461730957,assist,yes
1676,1,1,0.9999852610120535,-0.0009264229447580874,-11.12592601776123,assist,yes
1677,1,1,0.999972464306967,-0.0005808573332615197,-10.500580787658691,assist,yes
1678,1,1,0.999983298584846,-0.0005698964232578874,-11.000570297241211,assist,yes
1679,1,1,0.9999977396759139,-0.0004328744253143668,-13.000432968139648,assist,yes
1680,1,1,0.9999957771664514,-0.0004349001101218164,-12.375434875488281,assist,yes
1681,1,1,0.9999930377455394,-0.0007169060409069061,-11.875717163085938,assist,yes
1682,1,1,0.999993855825509,-0.0007161913090385497,-12.000716209411621,assist,yes
1683,1,1,0.9999869928681625,-0.00044371772673912346,-11.250443458557129,assist,yes
1684,1,1,0.9999952149070999,-0.0004354958946350962,-12.250435829162598,assist,yes
1685,1,1,0.9999987901340698,-0.00026246439665555954,-13.625262260437012,assist,yes
1686,1,1,0.9995694429708063,-0.0006932000978849828,-7.750693321228027,assist,yes
1687,1,1,0.9999251537732736,-0.0009870424401015043,-9.50098705291748,assist,yes
1688,1,1,0.9999921107410112,-0.001178285456262529,-11.751178741455078,assist,yes
1689,1,1,0.9999962733612909,-0.0002649671514518559,-12.500265121459961,assist,yes
1690,1,1,0.9999930377415106,-0.0002683041093405336,-11.87526798248291,assist,yes
1691,1,1,0.9999977396759139,-0.0004328744253143668,-13.000432968139648,assist,yes
1692,1,1,0.9999756997530842,-0.0004551566671580076,-10.625454902648926,assist,yes
1693,1,1,0.9999945777796065,-0.000436091679148376,-12.125435829162598,assist,yes
1694,1,1,0.9999970976889796,-0.00043358939001336694,-12.750433921813965,assist,yes
1695,1,1,0.9999930377423517,-0.0005600076401606202,-11.87555980682373,assist,yes
1696,1,1,0.999989870013041,-0.000563224486541003,-11.500563621520996,assist,yes
1697,1,1,0.9999898700080238,-0.0007201223634183407,-11.500720024108887,assist,yes
1698,1,1,0.9999989322973177,-0.0003364712174516171,-13.750336647033691,assist,yes
1699,1,1,0.9999417087105045,-0.0006117141456343234,-9.750611305236816,assist,yes
1700,1,1,0.999999057755684,-0.0003363520372658968,-13.875336647033691,assist,yes
1701,1,1,0.99999862904235,-0.0005544078885577619,-13.500554084777832,assist,yes
1702,1,1,0.9999898700080238,-0.0007201223634183407,-11.500720024108887,assist,yes
1703,1,1,0.9999970976866766,-0.0007128558354452252,-12.750712394714355,assist,yes
1704,1,1,0.9996646500251528,-0.0006718761869706213,-8.000672340393066,assist,yes
1705,1,1,0.9994472213899608,-0.000757645582780242,-7.500757694244385,assist,yes
1706,1,1,0.9999921107381727,-0.0004385939973872155,-11.750438690185547,assist,yes
1707,1,1,0.9999952149056746,-0.00026603974401950836,-12.250266075134277,assist,yes
1708,1,1,0.9999945777787597,-0.0003408804477658123,-12.125340461730957,assist,yes
1709,1,1,0.9999977396755679,-0.0009136793087236583,-13.000913619995117,assist,yes
1710,1,1,0.9999898700068169,-0.0007202415145002306,-11.500720024108887,assist,yes
1711,1,1,0.9999785550514841,-0.001192097319290042,-10.751192092895508,assist,yes
1712,1,1,0.9999910603034935,-0.0004396664153318852,-11.625439643859863,assist,yes
1713,1,1,0.9999962733612909,-0.0002649671514518559,-12.500265121459961,assist,yes
1714,1,1,0.9999977396759139,-0.0004328744253143668,-13.000432968139648,assist,yes
1715,1,1,0.9999938558247774,-0.0007163104019127786,-12.000716209411621,assist,yes
1716,1,1,0.9999417087249679,-0.00039402826223522425,-9.750393867492676,assist,yes
1717,1,1,0.9999038975589669,-0.0006497179274447262,-9.250649452209473,assist,yes
1718,1,1,0.9999962733624003,-0.00043442347669042647,-12.500434875488281,assist,yes
1719,1,1,0.9999982396575162,-0.00033718624035827816,-13.250337600708008,assist,yes
1720,1,1,0.9999977396752422,-0.0005552418879233301,-13.000555038452148,assist,yes
1721,1,1,0.9999945777796065,-0.000436091679148376,-12.125435829162598,assist,yes
1722,1,1,0.9999962733618327,-0.0009152276325039566,-12.50091552734375,assist,yes
1723,1,1,0.9999977396755615,-0.00033766290289349854,-13.000337600708008,assist,yes
1724,1,1,0.9999970976888728,-0.00033825874561443925,-12.750338554382324,assist,yes
1725,1,1,0.9999967112508522,-0.00043394684325903654,-12.625433921813965,assist,yes
1726,1,1,0.9999962733612936,-0.0005567907355725765,-12.500556945800781,assist,yes
1727,1,1,0.9999945777787597,-0.0003408804477658123,-12.125340461730957,assist,yes
1728,1,1,0.9999945777796065,-0.000436091679148376,-12.125435829162598,assist,yes
1729,1,1,0.9999646437488889,-0.0004663571889977902,-10.250466346740723,assist,yes
1730,1,1,0.9999970976870223,-0.0007127366843633354,-12.750712394714355,assist,yes
1731,1,1,0.9999910603034935,-0.0004396664153318852,-11.625439643859863,assist,yes
1732,1,1,0.9999921107358342,-0.0005609607324004173,-11.750560760498047,assist,yes
1733,1,1,0.9999989322966363,-0.0007109498255886137,-13.750710487365723,assist,yes
1734,1,1,0.9999974387178286,-0.0007123793475329876,-12.875712394714355,assist,yes
1735,1,1,0.9999962733622628,-0.00033909291960299015,-12.50033950805664,assist,yes
1736,1,1,0.9999986290425441,-0.00033682872890494764,-13.500336647033691,assist,yes
1737,1,1,0.9999957771671291,-0.0007141662063077092,-12.375714302062988,assist,yes
1738,1,1,0.9999921107369872,-0.0009193961159326136,-11.750919342041016,assist,yes
1739,1,1,0.9999930377423517,-0.0005600076401606202,-11.87555980682373,assist,yes
1740,1,1,0.9999785550461038,-0.0004522969538811594,-10.750452041625977,assist,yes
1741,1,1,0.9999646437474771,-0.00037102968781255186,-10.250370979309082,assist,yes
1742,1,1,0.9999832985758421,-0.00044741155579686165,-11.000447273254395,assist,yes
1743,1,1,0.9999724643183433,-0.0004583738627843559,-10.500458717346191,assist,yes
1744,1,1,0.9999974387170195,-0.00033790123416110873,-12.875337600708008,assist,yes
1745,1,1,0.9999417087249679,-0.00039402826223522425,-9.750393867492676,assist,yes
1746,1,1,0.9999910603020943,-0.00034445550409145653,-11.625344276428223,assist,yes
1747,1,1,0.9999970976888728,-0.00033825874561443925,-12.750338554382324,assist,yes
1748,1,1,0.9999832985714141,-0.0009283285471610725,-11.000927925109863,assist,yes
1749,1,1,0.9999977396755615,-0.00033766290289349854,-13.000337600708008,assist,yes
1750,1,1,0.9999962733598878,-0.0007135705673135817,-12.500713348388672,assist,yes
1751,1,1,0.9999921107378787,-0.0003432638186495751,-11.750343322753906,assist,yes
1752,1,1,0.5621765008857981,-0.5760781764984131,-0.8260781764984131,assist,yes
1753,1,1,0.99999862904235,-0.0005544078885577619,-13.500554084777832,assist,yes
1754,1,1,0.9999962733618327,-0.0009152276325039566,-12.50091552734375,assist,yes
1755,1,1,0.9999977396762754,-0.0007121411035768688,-13.000712394714355,assist,yes
1756,1,1,0.9999977396752422,-0.0005552418879233301,-13.000555038452148,assist,yes
1757,1,1,0.9999952149063736,-0.0009162995265796781,-12.250916481018066,assist,yes
1758,1,1,0.9999952149070999,-0.0004354958946350962,-12.250435829162598,assist,yes
1759,1,1,0.9999982396575162,-0.00033718624035827816,-13.250337600708008,assist,yes
1760,1,1,0.9999038975791924,-0.00035768310772255063,-9.250357627868652,assist,yes
1761,1,1,0.9999980052703977,-0.0009135602158494294,-13.125913619995117,assist,yes
1762,1,1,0.9992903295768751,-0.0012650828575715423,-7.251265048980713,assist,yes
1763,1,0,0.0009110512780060019,-7.0011162757873535,-0.001116367639042437,assist,no
1764,1,1,0.9999977396755615,-0.00033766290289349854,-13.000337600708008,assist,yes
1765,1,1,0.9999970976888728,-0.00033825874561443925,-12.750338554382324,assist,yes
1766,1,1,0.9999980052709406,-0.0004326361231505871,-13.125432968139648,assist,yes
1767,1,1,0.9999938558245194,-0.000436925794929266,-12.000436782836914,assist,yes
1768,1,1,0.9999885212339322,-0.0003469580551609397,-11.375347137451172,assist,yes
1769,1,1,0.9999945777796065,-0.000436091679148376,-12.125435829162598,assist,yes
1770,1,1,0.9999646437464513,-0.0007458527106791735,-10.25074577331543,assist,yes
1771,1,1,0.9999921107394472,-0.0007178590167313814,-11.750718116760254,assist,yes
1772,1,1,0.999993855825509,-0.0007161913090385497,-12.000716209411621,assist,yes
1773,1,1,0.999998239656112,-0.0004323977918829769,-13.250432014465332,assist,yes
1774,1,1,0.9999724643183433,-0.0004583738627843559,-10.500458717346191,assist,yes
1775,1,1,0.99999862904235,-0.0005544078885577619,-13.500554084777832,assist,yes
1776,1,1,0.999998239656112,-0.0004323977918829769,-13.250432014465332,assist,yes
1777,1,1,0.9999952149056794,-0.0005578630371019244,-12.250557899475098,assist,yes
1778,1,1,0.9999869928751691,-0.000566203030757606,-11.250566482543945,assist,yes
1779,1,1,0.9999957771664514,-0.0004349001101218164,-12.375434875488281,assist,yes
1780,1,1,0.9999977396752422,-0.0005552418879233301,-13.000555038452148,assist,yes
1781,1,1,0.9990889486152885,-0.005005091894418001,-7.0050048828125,assist,yes
1782,1,1,0.9999984465020202,-0.00043215948971919715,-13.375432014465332,assist,yes
1783,1,1,0.9999989322966432,-0.00020454221521504223,-13.750204086303711,assist,yes
1784,1,1,0.9999945777831684,-0.0005584587925113738,-12.125558853149414,assist,yes
1785,1,1,0.9999938558226877,-0.0002674698771443218,-12.000267028808594,assist,yes
1786,1,1,0.9999970976888728,-0.00033825874561443925,-12.750338554382324,assist,yes
1787,1,1,0.9990889486483492,-0.0012494861148297787,-7.001249313354492,assist,yes
1788,1,1,0.9999974387175236,-0.0007124984404072165,-12.875712394714355,assist,yes
1789,1,1,0.9999852610195988,-0.0011853104224428535,-11.126185417175293,assist,yes
1790,1,1,0.9999952149069229,-0.0003401654539629817,-12.250340461730957,assist,yes
1791,1,1,0.9999970976875912,-0.0011731653939932585,-12.75117301940918,assist,yes
1792,1,1,0.9999930377423404,-0.0002681849291548133,-11.87526798248291,assist,yes
1793,1,1,0.9999980052701097,-0.0002632986579556018,-13.125263214111328,assist,yes
1794,1,1,0.9999962733594437,-0.0007136897183954716,-12.500713348388672,assist,yes
1795,1,1,0.9999982396563933,-0.0007116645574569702,-13.250711441040039,assist,yes
1796,1,1,0.9999810748525966,-0.0005721600609831512,-10.875572204589844,assist,yes
1797,1,1,0.9999952149069229,-0.0003401654539629817,-12.250340461730957,assist,yes
1798,1,1,0.9999952149056794,-0.0005578630371019244,-12.250557899475098,assist,yes
1799,1,1,0.9999869928661214,-0.00034850722295232117,-11.250348091125488,assist,yes
1800,1,1,0.9999921107394472,-0.0007178590167313814,-11.750718116760254,assist,yes
1801,1,1,0.9999885212326599,-0.0009230881696566939,-11.375923156738281,assist,yes
1802,1,1,0.9998601778635324,-0.0016445695655420423,-8.876644134521484,assist,yes
1803,1,1,0.9999339478357,-0.0007765853079035878,-9.625776290893555,assist,yes
1804,1,1,0.999998239656261,-0.0015042430022731423,-13.251503944396973,assist,yes
1805,1,1,0.9999546021496806,-0.0007558587822131813,-10.00075626373291,assist,yes
1806,1,1,0.9626731133251859,-0.038258057087659836,-3.2882580757141113,assist,yes
1807,1,1,0.9999756997513317,-0.0007346553611569107,-10.625734329223633,assist,yes
1808,1,1,0.999986992876719,-0.0005660838796757162,-11.250566482543945,assist,yes
1809,1,1,0.9999962733594437,-0.0007136897183954716,-12.500713348388672,assist,yes
1810,1,1,0.99999862904235,-0.0005544078885577619,-13.500554084777832,assist,yes
1811,1,1,0.9999910603020943,-0.00034445550409145653,-11.625344276428223,assist,yes
1812,1,1,0.9999251537866691,-0.0007856381707824767,-9.500785827636719,assist,yes
1813,1,1,0.9999921107360475,-0.0009195152088068426,-11.750919342041016,assist,yes
1814,1,1,0.9999938558226968,-0.000559292733669281,-12.000558853149414,assist,yes
1815,1,1,0.9999724643131022,-0.0007379907765425742,-10.500738143920898,assist,yes
1816,1,1,0.9999724643050582,-0.0015307862777262926,-10.501530647277832,assist,yes
1817,1,1,0.9999898700047941,-0.00034564718953333795,-11.500345230102539,assist,yes
1818,1,0,0.0002959571405514186,-8.12572956085205,-0.0007296522380784154,assist,no
1819,1,1,0.9999957771671291,-0.0007141662063077092,-12.375714302062988,assist,yes
1820,1,1,0.9999930377463938,-0.00021038226259406656,-11.875210762023926,assist,yes
1821,1,1,0.9999974387174188,-0.000433112756581977,-12.875432968139648,assist,yes
1822,1,0,0.008577484407886601,-4.7587761878967285,-0.00877606961876154,assist,no
1823,1,1,0.999860177913839,-0.000571326119825244,-8.875571250915527,assist,yes
1824,1,1,0.9999898700118346,-0.0005633435794152319,-11.500563621520996,assist,yes
1825,1,1,0.9999938558251888,-0.0019350391812622547,-12.001935005187988,assist,yes
1826,1,1,0.9999885212362298,-0.0007215518853627145,-11.37572193145752,assist,yes
1827,1,1,0.9999930377433283,-0.0003424296446610242,-11.87534236907959,assist,yes
1828,1,1,0.9999852610159743,-0.00044550508027896285,-11.125445365905762,assist,yes
1829,1,1,0.9999967112498754,-0.000556314189452678,-12.625555992126465,assist,yes
1830,1,1,0.9999977396767177,-0.0011725700460374355,-13.00117301940918,assist,yes
1831,1,1,0.9980732656057634,-0.0021923573222011328,-6.252192497253418,assist,yes
1832,1,1,0.9999989322970395,-0.0002623452164698392,-13.750262260437012,assist,yes
1833,1,1,0.9999970976893255,-0.0004334702098276466,-12.750433921813965,assist,yes
1834,1,1,0.9999546021496806,-0.0007558587822131813,-10.00075626373291,assist,yes
1835,1,1,0.9999646437474771,-0.00037102968781255186,-10.250370979309082,assist,yes
1836,1,1,0.9999910603049403,-0.0007189311436377466,-11.62571907043457,assist,yes
1837,1,1,0.9999962733617375,-0.0005566716426983476,-12.500556945800781,assist,yes
1838,1,1,0.9999945777796065,-0.000436091679148376,-12.125435829162598,assist,yes
1839,1,1,0.9999724643196624,-0.0007377525325864553,-10.500738143920898,assist,yes
1840,1,1,0.9999945777796065,-0.000436091679148376,-12.125435829162598,assist,yes
1841,1,1,0.9999986290425441,-0.00033682872890494764,-13.500336647033691,assist,yes
1842,1,1,0.9999984465027567,-0.0011717366287484765,-13.376172065734863,assist,yes
1843,1,1,0.9998766053934919,-0.0006773561472073197,-9.000677108764648,assist,yes
1844,1,1,0.999998005270348,-0.0005550036439672112,-13.125555038452148,assist,yes
1845,1,1,0.9999921107358342,-0.0005609607324004173,-11.750560760498047,assist,yes
1846,1,1,0.9999885212357318,-0.00044216870446689427,-11.375442504882812,assist,yes
1847,1,1,0.9999962733599074,-0.00020716428116429597,-12.50020694732666,assist,yes
1848,1,1,0.9999982396563933,-0.0007116645574569702,-13.250711441040039,assist,yes
1849,1,1,0.9999910603034935,-0.0004396664153318852,-11.625439643859863,assist,yes
1850,1,1,0.9999974387175236,-0.0007124984404072165,-12.875712394714355,assist,yes
1851,1,1,0.9996646499904777,-0.0004945961991325021,-8.000494956970215,assist,yes
1852,1,1,0.9998766053694477,-0.0005545270396396518,-9.000554084777832,assist,yes
1853,1,1,0.9999977396759139,-0.0004328744253143668,-13.000432968139648,assist,yes
1854,1,1,0.9525741308615412,-0.048856645822525024,-3.048856735229492,assist,yes
1855,1,1,0.9999921107358342,-0.0005609607324004173,-11.750560760498047,assist,yes
1856,1,1,0.9999930377423517,-0.0005600076401606202,-11.87555980682373,assist,yes
1857,1,1,0.7772998663336157,-0.25209757685661316,-1.5020976066589355,assist,yes
1858,1,1,0.9999967112494835,-0.0005564333405345678,-12.625555992126465,assist,yes
1859,1,1,0.9999921107381727,-0.0004385939973872155,-11.750438690185547,assist,yes
1860,1,1,0.9999852610159743,-0.00044550508027896285,-11.125445365905762,assist,yes
1861,1,1,0.9998415638380476,-0.0004945961991325021,-8.750494956970215,assist,yes
1862,1,0,0.00020342694287681033,-8.500328063964844,-0.00032789100077934563,assist,no
1863,1,1,0.9999982396563933,-0.0007116645574569702,-13.250711441040039,assist,yes
1864,1,1,0.9999977396755615,-0.00033766290289349854,-13.000337600708008,assist,yes
1865,1,1,0.9998415637833319,-0.0007123793475329876,-8.750712394714355,assist,yes
1866,1,1,0.9998204719506107,-0.0007338214782066643,-8.625733375549316,assist,yes
1867,1,1,0.9999938558274541,-0.00117649941239506,-12.001176834106445,assist,yes
1868,1,1,0.9999038975699747,-0.0008069596369750798,-9.25080680847168,assist,yes
1869,1,1,0.9999962733612909,-0.0002649671514518559,-12.500265121459961,assist,yes
1870,1,1,0.9997388097732703,-0.0009723940747790039,-8.250972747802734,assist,yes
1871,1,1,0.9999251537767303,-0.000336590368533507,-9.500336647033691,assist,yes
1872,1,1,0.9999898700047941,-0.00034564718953333795,-11.500345230102539,assist,yes
1873,1,1,0.999989870013041,-0.000563224486541003,-11.500563621520996,assist,yes
1874,1,1,0.9999921107369384,-0.00034338299883529544,-11.750343322753906,assist,yes
1875,1,1,0.9997388097988206,-0.0011744751827791333,-8.251174926757812,assist,yes
1876,1,1,0.9999921107381727,-0.0004385939973872155,-11.750438690185547,assist,yes
1877,1,1,0.9999930377444167,-0.00043764073052443564,-11.87543773651123,assist,yes
1878,1,1,0.9914225135091834,-0.00882924348115921,-4.758829116821289,assist,yes
1879,1,1,0.9999898700047941,-0.00034564718953333795,-11.500345230102539,assist,yes
1880,1,1,0.9999910603049628,-0.00021252757869660854,-11.625212669372559,assist,yes
1881,1,1,0.9999038975704164,-0.0006495987763628364,-9.250649452209473,assist,yes
1882,1,1,0.9994472213736887,-0.0011091040214523673,-7.5011091232299805,assist,yes
1883,1,1,0.9995694429738375,-0.000985494232736528,-7.750985622406006,assist,yes
1884,1,1,0.9999952149076701,-0.0004353767435532063,-12.250435829162598,assist,yes
1885,1,1,0.999989870013041,-0.000563224486541003,-11.500563621520996,assist,yes
1886,1,1,0.9999339478427199,-0.0012371037155389786,-9.626236915588379,assist,yes
1887,1,1,0.9999952149063736,-0.0009162995265796781,-12.250916481018066,assist,yes
1888,1,1,0.9999962733612936,-0.0005567907355725765,-12.500556945800781,assist,yes
1889,1,1,0.9999957771651975,-0.000557267339900136,-12.375556945800781,assist,yes
1890,1,1,0.9999885212289465,-0.0011818574275821447,-11.376181602478027,assist,yes
1891,1,1,0.9999970976888728,-0.00033825874561443925,-12.750338554382324,assist,yes
1892,1,1,0.9999910603049403,-0.0007189311436377466,-11.62571907043457,assist,yes
1893,1,1,0.9999974387178286,-0.0007123793475329876,-12.875712394714355,assist,yes
1894,1,1,0.9997965730803683,-0.0007578838267363608,-8.500758171081543,assist,yes
1895,1,1,0.9999957771658092,-0.0009157040040008724,-12.37591552734375,assist,yes
1896,1,1,0.9999938558245194,-0.000436925794929266,-12.000436782836914,assist,yes
1897,1,1,0.999998239656112,-0.0004323977918829769,-13.250432014465332,assist,yes
1898,1,1,0.9999898700118077,-0.000271521887043491,-11.500271797180176,assist,yes
1899,1,1,0.9999038975978575,-0.0005272428970783949,-9.250527381896973,assist,yes
1900,1,1,0.999983298578557,-0.00022027450904715806,-11.00022029876709,assist,yes
1901,1,1,0.9999910603034935,-0.0004396664153318852,-11.625439643859863,assist,yes
1902,1,1,0.9933071481562795,-0.006842751521617174,-5.006842613220215,assist,yes
1903,1,1,0.9998415637896111,-0.0005902693956159055,-8.750590324401855,assist,yes
1904,1,1,0.9999852610159743,-0.00044550508027896285,-11.125445365905762,assist,yes
1905,1,1,0.9999980052706298,-0.00033742457162588835,-13.125337600708008,assist,yes
1906,1,1,0.9999646437381732,-0.00029690624796785414,-10.250296592712402,assist,yes
1907,1,1,0.9999898700063808,-0.0004408579843584448,-11.50044059753418,assist,yes
1908,1,1,0.9999485577861156,-0.0004825619689654559,-9.875482559204102,assist,yes
1909,1,1,0.9999990577558308,-0.00043156370520591736,-13.875432014465332,assist,yes
1910,1,1,0.9999546021388468,-0.0003069168305955827,-10.000307083129883,assist,yes
1911,1,1,0.9999869928678752,-0.0015156697481870651,-11.25151538848877,assist,yes
1912,1,1,0.9999938558226968,-0.000559292733669281,-12.000558853149414,assist,yes
1913,1,1,0.9999970976881161,-0.0002641328901518136,-12.750264167785645,assist,yes
1914,1,1,0.9999967112509874,-0.0007133323233574629,-12.625713348388672,assist,yes
1915,1,1,0.9999970976870387,-0.00020632999076042324,-12.750205993652344,assist,yes
1916,1,1,0.9999852610195988,-0.0011853104224428535,-11.126185417175293,assist,yes
1917,1,0,0.0011695101728545112,-6.751351356506348,-0.0013512775767594576,assist,no
1918,1,1,0.9994472213184409,-0.0008898589294403791,-7.500889778137207,assist,yes
1919,1,1,0.9999546021526836,-0.00047636605449952185,-10.000476837158203,assist,yes
1920,1,1,0.9999546021508289,-0.0003810394846368581,-10.000381469726562,assist,yes
1921,1,1,0.9999952149069229,-0.0003401654539629817,-12.250340461730957,assist,yes
1922,1,1,0.9999921107394472,-0.0007178590167313814,-11.750718116760254,assist,yes
1923,1,1,0.9999869928702881,-0.0002165798214264214,-11.250216484069824,assist,yes
1924,1,1,0.9999724643067529,-0.0002890407631639391,-10.500288963317871,assist,yes
1925,1,1,0.9999974387174188,-0.000433112756581977,-12.875432968139648,assist,yes
1926,1,1,0.9999967112509874,-0.0007133323233574629,-12.625713348388672,assist,yes
1927,1,1,0.9999898700100427,-0.0011805477552115917,-11.501180648803711,assist,yes
1928,1,1,0.999664649945265,-0.0006721144891344011,-8.000672340393066,assist,yes
1929,1,1,0.9999970976888728,-0.00033825874561443925,-12.750338554382324,assist,yes
1930,1,1,0.9999898700068169,-0.0007202415145002306,-11.500720024108887,assist,yes
1931,1,1,0.9998766054664464,-0.0004593271005433053,-9.000459671020508,assist,yes
1932,1,0,0.11920291732853862,-2.127068042755127,-0.12706799805164337,assist,no
1933,1,1,0.9999910603049403,-0.0007189311436377466,-11.62571907043457,assist,yes
1934,1,1,0.9999957771673231,-0.0015066235791891813,-12.376506805419922,assist,yes
1935,1,1,0.9999724643163831,-0.0007378716254606843,-10.500738143920898,assist,yes
1936,1,1,0.9999952149070999,-0.0004354958946350962,-12.250435829162598,assist,yes
1937,1,1,0.9999962733622628,-0.00033909291960299015,-12.50033950805664,assist,yes
1938,1,1,0.9999945777796065,-0.000436091679148376,-12.125435829162598,assist,yes
1939,1,1,0.9999952149033053,-0.0007147617870941758,-12.250714302062988,assist,yes
1940,1,1,0.9998415638380476,-0.0004945961991325021,-8.750494956970215,assist,yes
1941,1,1,0.9999970976881161,-0.0002641328901518136,-12.750264167785645,assist,yes
1942,1,1,0.999983298584846,-0.0005698964232578874,-11.000570297241211,assist,yes
1943,1,1,0.9999869928681625,-0.00044371772673912346,-11.250443458557129,assist,yes
1944,1,1,0.9999869928681625,-0.00044371772673912346,-11.250443458557129,assist,yes
1945,1,1,0.9999952149070999,-0.0004354958946350962,-12.250435829162598,assist,yes
1946,1,1,0.9990889486161363,-0.002085417043417692,-7.002085208892822,assist,yes
1947,1,1,0.9999930377423517,-0.0005600076401606202,-11.87555980682373,assist,yes
1948,1,1,0.9999967112508522,-0.00043394684325903654,-12.625433921813965,assist,yes
1949,1,1,0.9999977396752422,-0.0005552418879233301,-13.000555038452148,assist,yes
1950,1,1,0.999993855825509,-0.0007161913090385497,-12.000716209411621,assist,yes
1951,1,1,0.9999962733599074,-0.00020716428116429597,-12.50020694732666,assist,yes
1952,1,1,0.9999921107394472,-0.0007178590167313814,-11.750718116760254,assist,yes
1953,1,1,0.9999962733622628,-0.00033909291960299015,-12.50033950805664,assist,yes
1954,1,1,0.9999869928732754,-0.00017152745567727834,-11.250171661376953,assist,yes
1955,1,1,0.9999910603034935,-0.0004396664153318852,-11.625439643859863,assist,yes
1956,1,1,0.99979657303872,-0.0006350646144710481,-8.500635147094727,assist,yes
1957,1,1,0.9999869928751246,-0.0002743821241892874,-11.250274658203125,assist,yes
1958,1,1,0.9995694428738342,-0.0008631794480606914,-7.750863075256348,assist,yes
1959,1,1,0.9999832985722855,-0.00011288482346571982,-11.000112533569336,assist,yes
1960,1,1,0.9999970976888728,-0.00033825874561443925,-12.750338554382324,assist,yes
1961,1,1,0.9999038975531889,-0.0010083595989271998,-9.251008033752441,assist,yes
1962,1,1,0.9999987901343851,-0.000336590368533507,-13.625336647033691,assist,yes
1963,1,1,0.9994472213678358,-0.000985136954113841,-7.500985145568848,assist,yes
1964,1,1,0.9999646437531015,-0.00046623803791590035,-10.250466346740723,assist,yes
1965,1,1,0.9999989322970395,-0.0002623452164698392,-13.750262260437012,assist,yes
1966,1,1,0.9999910603034935,-0.0004396664153318852,-11.625439643859863,assist,yes
1967,1,1,0.9999251538044995,-0.0007853999268263578,-9.500785827636719,assist,yes
1968,1,1,0.9999967112504603,-0.00043406602344475687,-12.625433921813965,assist,yes
1969,1,1,0.9999993524054555,-0.0002618685248307884,-14.250262260437012,assist,yes
1970,1,1,0.999998239656112,-0.0004323977918829769,-13.250432014465332,assist,yes
1971,1,1,0.9999852610243541,-0.0009265420376323164,-11.125926971435547,assist,yes
1972,1,1,0.9998911030754977,-0.0012809175532311201,-9.126280784606934,assist,yes
1973,1,1,0.9999646437385282,-0.0005887205479666591,-10.250588417053223,assist,yes
1974,1,1,0.9999832985709085,-0.0005697772721759975,-11.000569343566895,assist,yes
1975,1,1,0.9999251537783486,-0.0006283930852077901,-9.500628471374512,assist,yes
1976,1,1,0.9999962733592903,-0.0004343043256085366,-12.500433921813965,assist,yes
1977,1,1,0.999993855825509,-0.0007161913090385497,-12.000716209411621,assist,yes
1978,1,1,0.9999974387187943,-0.0002637753786984831,-12.875264167785645,assist,yes
1979,1,1,0.9999646437488889,-0.0004663571889977902,-10.250466346740723,assist,yes
1980,1,1,0.7772998663336157,-0.2520086467266083,-1.5020086765289307,assist,yes
1981,1,1,0.9999756997691039,-0.0005775213940069079,-10.625577926635742,assist,yes
1982,1,1,0.999993855825509,-0.0007161913090385497,-12.000716209411621,assist,yes
1983,1,1,0.9999952149062497,-0.0005577438860200346,-12.250557899475098,assist,yes
1984,1,1,0.9999869928681625,-0.00044371772673912346,-11.250443458557129,assist,yes
1985,1,1,0.9999970976884631,-0.0005558376433327794,-12.750555992126465,assist,yes
1986,1,1,0.9999910603034935,-0.0004396664153318852,-11.625439643859863,assist,yes
1987,1,1,0.9999977396759139,-0.0004328744253143668,-13.000432968139648,assist,yes
1988,1,1,0.9999977396759139,-0.0004328744253143668,-13.000432968139648,assist,yes
1989,1,1,0.9999417087367072,-0.0012292455649003386,-9.751229286193848,assist,yes
1990,1,1,0.9999952149063736,-0.0009162995265796781,-12.250916481018066,assist,yes
1991,1,1,0.9999952149056794,-0.0005578630371019244,-12.250557899475098,assist,yes
1992,1,1,0.9999756997542271,-0.0007345362100750208,-10.625734329223633,assist,yes
1993,1,1,0.9999952149076701,-0.0004353767435532063,-12.250435829162598,assist,yes
1994,1,1,0.9999832985712249,-0.00035232058144174516,-11.000351905822754,assist,yes
1995,1,1,0.9999785550601065,-0.0002828436263371259,-10.750283241271973,assist,yes
1996,1,1,0.9999974387178286,-0.0007123793475329876,-12.875712394714355,assist,yes
1997,1,1,0.9999977396749723,-0.00026353701832704246,-13.000263214111328,assist,yes
1998,1,0,0.010986943774149287,-4.5111470222473145,-0.011147127486765385,assist,no
1999,1,1,0.9999251537955864,-0.0007855190197005868,-9.500785827636719,assist,yes
2000,1,1,0.9999980052706298,-0.00033742457162588835,-13.125337600708008,assist,yes
2001,1,1,0.9999898700100427,-0.0011805477552115917,-11.501180648803711,assist,yes
2002,1,1,0.9999952149070999,-0.0004354958946350962,-12.250435829162598,assist,yes
2003,1,1,0.8175744828610095,-0.20165832340717316,-1.7016583681106567,assist,yes
2004,1,1,0.9999930377433283,-0.0003424296446610242,-11.87534236907959,assist,yes
2005,1,1,0.9999832985738516,-0.000447530735982582,-11.000447273254395,assist,yes
2006,1,1,0.9999970976870223,-0.0007127366843633354,-12.750712394714355,assist,yes
2007,1,1,0.9999885212357318,-0.00044216870446689427,-11.375442504882812,assist,yes
2008,1,1,0.9999417087376639,-0.0007686044555157423,-9.750768661499023,assist,yes
2009,1,1,0.999986992876719,-0.0005660838796757162,-11.250566482543945,assist,yes
2010,1,1,0.9999962733617375,-0.0005566716426983476,-12.500556945800781,assist,yes
2011,1,1,0.9999921107369384,-0.00034338299883529544,-11.750343322753906,assist,yes
2012,1,1,0.9999952149038975,-0.00020823694649152458,-12.250207901000977,assist,yes
2013,1,1,0.9999977396762754,-0.0007121411035768688,-13.000712394714355,assist,yes
2014,1,1,0.9999952149076701,-0.0004353767435532063,-12.250435829162598,assist,yes
2015,1,1,0.9999977396749723,-0.00026353701832704246,-13.000263214111328,assist,yes
2016,1,1,0.9997388097988206,-0.0011744751827791333,-8.251174926757812,assist,yes
2017,1,1,0.9999417087343659,-0.0004892344586551189,-9.750489234924316,assist,yes
2018,1,1,0.9999921107369384,-0.00034338299883529544,-11.750343322753906,assist,yes
2019,1,1,0.9999962733599074,-0.00020716428116429597,-12.50020694732666,assist,yes
2020,1,1,0.9999993524052152,-0.0002040654799202457,-14.250204086303711,assist,yes
2021,1,1,0.99999862904235,-0.0005544078885577619,-13.500554084777832,assist,yes
2022,1,1,0.9999898700063808,-0.0004408579843584448,-11.50044059753418,assist,yes
2023,1,1,0.9999952149070999,-0.0004354958946350962,-12.250435829162598,assist,yes
2024,1,1,0.9999962733622628,-0.00033909291960299015,-12.50033950805664,assist,yes
2025,1,1,0.9997388097732703,-0.0009723940747790039,-8.250972747802734,assist,yes
2026,1,1,0.999993855825509,-0.0007161913090385497,-12.000716209411621,assist,yes
2027,1,1,0.9999952149056794,-0.0005578630371019244,-12.250557899475098,assist,yes
2028,1,1,0.9999970976888728,-0.00033825874561443925,-12.750338554382324,assist,yes
2029,1,1,0.9999885212309317,-0.0002728328399825841,-11.375272750854492,assist,yes
2030,1,1,0.9999970976884631,-0.0005558376433327794,-12.750555992126465,assist,yes
2031,1,1,0.9999921107369872,-0.0009193961159326136,-11.750919342041016,assist,yes
2032,1,1,0.9999970976870387,-0.00020632999076042324,-12.750205993652344,assist,yes
2033,1,1,0.9999921107358342,-0.0005609607324004173,-11.750560760498047,assist,yes
2034,1,1,0.9999989322971665,-0.0005540504935197532,-13.750554084777832,assist,yes
2035,1,1,0.9999885212357318,-0.00044216870446689427,-11.375442504882812,assist,yes
2036,1,1,0.9999984465025717,-0.0011718557216227055,-13.376172065734863,assist,yes
2037,1,1,0.9999957771671291,-0.0007141662063077092,-12.375714302062988,assist,yes
2038,1,1,0.9999970976893255,-0.0004334702098276466,-12.750433921813965,assist,yes
2039,1,1,0.9999974387174188,-0.000433112756581977,-12.875432968139648,assist,yes
2040,1,1,0.9999989322970395,-0.0002623452164698392,-13.750262260437012,assist,yes
2041,1,1,0.9999852610166279,-0.000724887300748378,-11.125724792480469,assist,yes
2042,1,1,0.9999898700133241,-0.0009217780898325145,-11.500922203063965,assist,yes
2043,1,1,0.9999962733594437,-0.0007136897183954716,-12.500713348388672,assist,yes
2044,1,1,0.9999898700100427,-0.0011805477552115917,-11.501180648803711,assist,yes
2045,1,1,0.9999546021508289,-0.0003810394846368581,-10.000381469726562,assist,yes
2046,1,1,0.9999921107358342,-0.0005609607324004173,-11.750560760498047,assist,yes
2047,1,1,0.9999962733594437,-0.0007136897183954716,-12.500713348388672,assist,yes
2048,1,1,0.9999993524051075,-0.0004312062228564173,-14.250431060791016,assist,yes
2049,1,1,0.9999984465020202,-0.00043215948971919715,-13.375432014465332,assist,yes
2050,1,1,0.9999986290425441,-0.00033682872890494764,-13.500336647033691,assist,yes
2051,1,1,0.9999898700133241,-0.0009217780898325145,-11.500922203063965,assist,yes
2052,1,1,0.9999977396762754,-0.0007121411035768688,-13.000712394714355,assist,yes
2053,1,1,0.9999921107381727,-0.0004385939973872155,-11.750438690185547,assist,yes
2054,1,1,0.9999852610159743,-0.00044550508027896285,-11.125445365905762,assist,yes
2055,1,1,0.999972464306967,-0.0005808573332615197,-10.500580787658691,assist,yes
2056,1,1,0.9999970976884631,-0.0005558376433327794,-12.750555992126465,assist,yes
2057,1,1,0.9999970976884631,-0.0005558376433327794,-12.750555992126465,assist,yes
2058,1,1,0.9999869928681625,-0.00044371772673912346,-11.250443458557129,assist,yes
2059,1,1,0.9999038976049162,-0.0004318020073696971,-9.250432014465332,assist,yes
2060,1,1,0.999998239656112,-0.0004323977918829769,-13.250432014465332,assist,yes
2061,1,1,0.999998239656112,-0.0004323977918829769,-13.250432014465332,assist,yes
2062,1,1,0.9999957771651975,-0.000557267339900136,-12.375556945800781,assist,yes
2063,1,1,0.9996646500112008,-0.0012488907668739557,-8.001249313354492,assist,yes
2064,1,1,0.999978555060233,-0.0005746620590798557,-10.750575065612793,assist,yes
2065,1,1,0.9999921107369384,-0.00034338299883529544,-11.750343322753906,assist,yes
2066,1,1,0.9999938558226877,-0.0002674698771443218,-12.000267028808594,assist,yes
2067,1,1,0.9999982396570575,-0.00026306029758416116,-13.250263214111328,assist,yes
2068,1,1,0.9999646437474771,-0.00037102968781255186,-10.250370979309082,assist,yes
2069,1,1,0.9998766054228863,-0.0006771179032512009,-9.000677108764648,assist,yes
2070,1,1,0.9999952149063527,-0.00034028460504487157,-12.250340461730957,assist,yes
2071,1,1,0.9999989322973177,-0.0003364712174516171,-13.750336647033691,assist,yes
2072,1,1,0.9999810748525966,-0.0005721600609831512,-10.875572204589844,assist,yes
2073,1,1,0.9999785550496493,-0.000731558189727366,-10.750731468200684,assist,yes
2074,1,1,0.999993855825509,-0.0007161913090385497,-12.000716209411621,assist,yes
2075,1,1,0.9999957771664514,-0.0004349001101218164,-12.375434875488281,assist,yes
2076,1,1,0.99999862904235,-0.0005544078885577619,-13.500554084777832,assist,yes
2077,1,1,0.9999898700080238,-0.0007201223634183407,-11.500720024108887,assist,yes
2078,1,1,0.9999970976888728,-0.00033825874561443925,-12.750338554382324,assist,yes
2079,1,1,0.9999990577555508,-0.0005539313424378633,-13.875554084777832,assist,yes
2080,1,1,0.9999962733592903,-0.0004343043256085366,-12.500433921813965,assist,yes
2081,1,1,0.9999974387166578,-0.0005554801900871098,-12.875555038452148,assist,yes
2082,1,1,0.9999885212357318,-0.00044216870446689427,-11.375442504882812,assist,yes
2083,1,1,0.9999952149056746,-0.00026603974401950836,-12.250266075134277,assist,yes
2084,1,1,0.9999938558226968,-0.000559292733669281,-12.000558853149414,assist,yes
2085,1,1,0.9999970976888728,-0.00033825874561443925,-12.750338554382324,assist,yes
2086,1,1,0.9999921107394472,-0.0007178590167313814,-11.750718116760254,assist,yes
2087,1,1,0.9999921107358342,-0.0005609607324004173,-11.750560760498047,assist,yes
2088,1,1,0.999968798074867,-0.0007414452848024666,-10.375741004943848,assist,yes
2089,1,1,0.9999986290421866,-0.0002627027570270002,-13.500262260437012,assist,yes
2090,1,1,0.9999945777796065,-0.000436091679148376,-12.125435829162598,assist,yes
2091,1,1,0.9999989322971665,-0.0005540504935197532,-13.750554084777832,assist,yes
2092,1,1,0.9999869928751691,-0.000566203030757606,-11.250566482543945,assist,yes
2093,1,1,0.9999980052709406,-0.0004326361231505871,-13.125432968139648,assist,yes
2094,1,1,0.9999986290434076,-0.0011716175358742476,-13.501172065734863,assist,yes
2095,1,1,0.9999991684717859,-0.0007107115816324949,-14.000710487365723,assist,yes
2096,1,1,0.9999869928728917,-0.0011834054021164775,-11.25118350982666,assist,yes
2097,1,1,0.9999921107358342,-0.0005609607324004173,-11.750560760498047,assist,yes
2098,1,1,0.9999962733622628,-0.00033909291960299015,-12.50033950805664,assist,yes
2099,1,1,0.9999832985823902,-0.0001752223033690825,-11.000175476074219,assist,yes
2100,1,1,0.9999724643183433,-0.0004583738627843559,-10.500458717346191,assist,yes
2101,1,1,0.9999930377469174,-0.001177332829684019,-11.876177787780762,assist,yes
2102,1,1,0.9999869928681625,-0.00044371772673912346,-11.250443458557129,assist,yes
2103,1,1,0.9999921107360475,-0.0009195152088068426,-11.750919342041016,assist,yes
2104,1,1,0.9999869928681625,-0.00044371772673912346,-11.250443458557129,assist,yes
2105,1,1,0.9999810748531848,-0.0009307105210609734,-10.875930786132812,assist,yes
2106,1,1,0.9999945777831619,-0.00026663561584427953,-12.125267028808594,assist,yes
2107,1,1,0.9995694429740378,-0.0009859706042334437,-7.750986099243164,assist,yes
2108,1,1,0.9999962733612936,-0.0005567907355725765,-12.500556945800781,assist,yes
2109,1,1,0.9999869928681625,-0.00044371772673912346,-11.250443458557129,assist,yes
2110,1,1,0.9999938558245194,-0.000436925794929266,-12.000436782836914,assist,yes
2111,1,1,0.9984988177833976,-0.0018410414922982454,-6.501841068267822,assist,yes
2112,1,1,0.9999910603008448,-0.0005620330339297652,-11.625561714172363,assist,yes
2113,1,1,0.9999984465017782,-0.0003369478799868375,-13.375336647033691,assist,yes
2114,1,1,0.9999977396759139,-0.0004328744253143668,-13.000432968139648,assist,yes
2115,1,1,0.9999970976866766,-0.0007128558354452252,-12.750712394714355,assist,yes
2116,1,1,0.9999910603056529,-0.0011794761521741748,-11.626179695129395,assist,yes
2117,1,1,0.9999832985746017,-0.0007269124034792185,-11.000726699829102,assist,yes
2118,1,1,0.9999869928681625,-0.00044371772673912346,-11.250443458557129,assist,yes
2119,1,1,0.9999921107381727,-0.0004385939973872155,-11.750438690185547,assist,yes
2120,1,1,0.9999810748503418,-0.0005722792120650411,-10.875572204589844,assist,yes
2121,1,1,0.9999869928751691,-0.000566203030757606,-11.250566482543945,assist,yes
2122,1,1,0.9999970976893255,-0.0004334702098276466,-12.750433921813965,assist,yes
2123,1,1,0.9999785550461038,-0.0004522969538811594,-10.750452041625977,assist,yes
2124,1,1,0.9990889487603529,-0.0013442536583170295,-7.001344203948975,assist,yes
2125,1,1,0.9999599363095033,-0.00075049843871966,-10.125750541687012,assist,yes
2126,1,1,0.9999869928751691,-0.000566203030757606,-11.250566482543945,assist,yes
2127,1,1,0.9999898700047941,-0.00034564718953333795,-11.500345230102539,assist,yes
2128,1,1,0.9999938558226968,-0.000559292733669281,-12.000558853149414,assist,yes
2129,1,1,0.999941708759147,-0.0006118332967162132,-9.750612258911133,assist,yes
2130,1,1,0.9999986290425441,-0.00033682872890494764,-13.500336647033691,assist,yes
2131,1,1,0.9999938558235593,-0.00034171465085819364,-12.000341415405273,assist,yes
2132,1,1,0.9999599363142769,-0.0007503792876377702,-10.125750541687012,assist,yes
2133,1,1,0.9999599363169888,-0.00047088501742109656,-10.125471115112305,assist,yes
2134,1,1,0.9999251537872617,-0.0006282739923335612,-9.500628471374512,assist,yes
2135,1,1,0.9997388097990939,-0.0011754278093576431,-8.251175880432129,assist,yes
2136,1,1,0.9999852610166279,-0.000724887300748378,-11.125724792480469,assist,yes
2137,1,1,0.9999980052709406,-0.0004326361231505871,-13.125432968139648,assist,yes
2138,1,1,0.9999832985712249,-0.00035232058144174516,-11.000351905822754,assist,yes
2139,1,1,0.9999910602997593,-0.0002703301142901182,-11.625269889831543,assist,yes
2140,1,1,0.9999970976881161,-0.0002641328901518136,-12.750264167785645,assist,yes
2141,1,1,0.993307147729067,-0.007156097795814276,-5.007155895233154,assist,yes
2142,1,1,0.9999885212357318,-0.00044216870446689427,-11.375442504882812,assist,yes
2143,1,1,0.9999962733594437,-0.0007136897183954716,-12.500713348388672,assist,yes
2144,1,1,0.9999785550461038,-0.0004522969538811594,-10.750452041625977,assist,yes
2145,1,1,0.9999957771651975,-0.000557267339900136,-12.375556945800781,assist,yes
2146,1,1,0.9999977396752422,-0.0005552418879233301,-13.000555038452148,assist,yes
2147,1,1,0.999972464306967,-0.0005808573332615197,-10.500580787658691,assist,yes
2148,1,1,0.9999957771669545,-0.00043478095903992653,-12.375434875488281,assist,yes
2149,1,1,0.9999339478710078,-0.0009782296838238835,-9.625978469848633,assist,yes
2150,1,1,0.9999930377444167,-0.00043764073052443564,-11.87543773651123,assist,yes
2151,1,1,0.9999910602997593,-0.0002703301142901182,-11.625269889831543,assist,yes
2152,1,1,0.9999952149033053,-0.0007147617870941758,-12.250714302062988,assist,yes
2153,1,1,0.9999974387174188,-0.000433112756581977,-12.875432968139648,assist,yes
2154,1,1,0.9999251537374605,-0.0005059154354967177,-9.500505447387695,assist,yes
2155,1,1,0.9999921107369872,-0.0009193961159326136,-11.750919342041016,assist,yes
2156,1,1,0.9999970976884631,-0.0005558376433327794,-12.750555992126465,assist,yes
2157,1,1,0.9999869928661214,-0.00034850722295232117,-11.250348091125488,assist,yes
2158,1,1,0.9999930377444167,-0.00043764073052443564,-11.87543773651123,assist,yes
2159,1,1,0.9999938558226968,-0.000559292733669281,-12.000558853149414,assist,yes
2160,1,1,0.999978555045276,-0.00035696811391972005,-10.750356674194336,assist,yes
2161,1,1,0.9999869928661214,-0.00034850722295232117,-11.250348091125488,assist,yes
2162,1,1,0.9999974387170195,-0.00033790123416110873,-12.875337600708008,assist,yes
2163,1,1,0.99997569975214,-0.00035982808913104236,-10.625359535217285,assist,yes
2164,1,1,0.999983298573215,-0.0003522014303598553,-11.000351905822754,assist,yes
2165,1,1,0.9999151889547816,-0.0007954055909067392,-9.375795364379883,assist,yes
2166,1,1,0.9999810748525966,-0.0005721600609831512,-10.875572204589844,assist,yes
2167,1,0,0.001700722568372111,-6.3769659996032715,-0.001966092037037015,assist,no
2168,1,1,0.9999980052709406,-0.0004326361231505871,-13.125432968139648,assist,yes
2169,1,0,0.005220125512199301,-5.2554168701171875,-0.005416835192590952,assist,no
2170,1,1,0.9999989322973177,-0.0003364712174516171,-13.750336647033691,assist,yes
2171,1,1,0.9999974387178435,-0.00020597243565134704,-12.875205993652344,assist,yes
2172,1,1,0.9999989322966432,-0.00020454221521504223,-13.750204086303711,assist,yes
2173,1,1,0.9999952149056794,-0.0005578630371019244,-12.250557899475098,assist,yes
2174,1,1,0.9999957771651975,-0.000557267339900136,-12.375556945800781,assist,yes
2175,1,1,0.9999962733612909,-0.0002649671514518559,-12.500265121459961,assist,yes
2176,1,1,0.9999921107410112,-0.001178285456262529,-11.751178741455078,assist,yes
2177,1,1,0.9999957771651975,-0.000557267339900136,-12.375556945800781,assist,yes
2178,1,1,0.9999938558242913,-0.0003415954706724733,-12.000341415405273,assist,yes
2179,1,1,0.9999952149070999,-0.0004354958946350962,-12.250435829162598,assist,yes
2180,1,1,0.9999957771651975,-0.000557267339900136,-12.375556945800781,assist,yes
2181,1,1,0.9999869928661214,-0.00034850722295232117,-11.250348091125488,assist,yes
2182,1,1,0.9997388097477965,-0.0005233110277913511,-8.250523567199707,assist,yes
2183,1,0,0.0758581763650499,-2.5790517330169678,-0.0790516808629036,assist,no
2184,1,1,0.9999898700118346,-0.0005633435794152319,-11.500563621520996,assist,yes
2185,1,1,0.9999885212309317,-0.0002728328399825841,-11.375272750854492,assist,yes
2186,1,1,0.9995694429736371,-0.000985017861239612,-7.750985145568848,assist,yes
2187,1,1,0.9999938558226968,-0.000559292733669281,-12.000558853149414,assist,yes
2188,1,1,0.9999990577556862,-0.000912369170691818,-13.8759126663208,assist,yes
2189,1,1,0.9999962733622628,-0.00033909291960299015,-12.50033950805664,assist,yes
2190,1,1,0.9999910603024285,-0.0004397855664137751,-11.625439643859863,assist,yes
2191,1,1,0.9914225135804625,-0.008776306174695492,-4.7587761878967285,assist,yes
2192,1,1,0.9999970976884631,-0.0005558376433327794,-12.750555992126465,assist,yes
2193,1,1,0.9996646498112665,-0.0015079329023137689,-8.001507759094238,assist,yes
2194,1,1,0.9999898700063808,-0.0004408579843584448,-11.50044059753418,assist,yes
2195,1,1,0.9994472213073141,-0.0011082704877480865,-7.501108169555664,assist,yes
2196,1,1,0.9999952149070999,-0.0004354958946350962,-12.250435829162598,assist,yes
2197,1,1,0.9999869928751246,-0.0002743821241892874,-11.250274658203125,assist,yes
2198,1,1,0.9999982396572675,-0.0005547653418034315,-13.250555038452148,assist,yes
2199,1,1,0.9999974387166578,-0.0005554801900871098,-12.875555038452148,assist,yes
2200,1,1,0.9999485577889285,-0.0007619338575750589,-9.875761985778809,assist,yes
2201,1,1,0.9999945777831684,-0.0005584587925113738,-12.125558853149414,assist,yes
2202,1,1,0.9999724642964917,-0.00023123928986024112,-10.50023078918457,assist,yes
2203,1,1,0.9990889487603529,-0.0013442536583170295,-7.001344203948975,assist,yes
2204,1,1,0.9999952149033053,-0.0007147617870941758,-12.250714302062988,assist,yes
2205,1,1,0.9999921107369872,-0.0009193961159326136,-11.750919342041016,assist,yes
2206,1,1,0.9996646499225904,-0.0008905735448934138,-8.000890731811523,assist,yes
2207,1,1,0.9999970976893255,-0.0004334702098276466,-12.750433921813965,assist,yes
2208,1,1,0.9999962733592903,-0.0004343043256085366,-12.500433921813965,assist,yes
2209,1,1,0.9999921107381727,-0.0004385939973872155,-11.750438690185547,assist,yes
2210,1,1,0.9988304895154572,-0.0013300867285579443,-6.7513298988342285,assist,yes
2211,1,1,0.999925153765612,-0.0002337421028641984,-9.50023365020752,assist,yes
2212,1,1,0.9999986290425441,-0.00033682872890494764,-13.500336647033691,assist,yes
2213,1,0,0.00017952797202147234,-8.6256685256958,-0.0006685405969619751,assist,no
2214,1,1,0.9999930377455394,-0.0007169060409069061,-11.875717163085938,assist,yes
2215,1,1,0.9999251537554477,-0.0009872806258499622,-9.50098705291748,assist,yes
2216,1,1,0.9999970976888728,-0.00033825874561443925,-12.750338554382324,assist,yes
2217,1,1,0.9999982396575162,-0.00033718624035827816,-13.250337600708008,assist,yes
2218,1,1,0.9999962733618327,-0.0009152276325039566,-12.50091552734375,assist,yes
2219,1,1,0.9998766054522519,-0.000834236154332757,-9.000834465026855,assist,yes
2220,1,1,0.9999938558245194,-0.000436925794929266,-12.000436782836914,assist,yes
2221,1,1,0.9999938558226968,-0.000559292733669281,-12.000558853149414,assist,yes
2222,1,1,0.9999251537999168,-0.0005060345865786076,-9.500506401062012,assist,yes
2223,1,1,0.9999952149033053,-0.0007147617870941758,-12.250714302062988,assist,yes
2224,1,1,0.99999862904235,-0.0005544078885577619,-13.500554084777832,assist,yes
2225,1,1,0.9994472213580277,-0.0006771179032512009,-7.500677108764648,assist,yes
2226,1,1,0.9999921107381727,-0.0004385939973872155,-11.750438690185547,assist,yes
2227,1,1,0.999999057755684,-0.0003363520372658968,-13.875336647033691,assist,yes
2228,1,1,0.9999952149056794,-0.0005578630371019244,-12.250557899475098,assist,yes
2229,1,1,0.9999962733617375,-0.0005566716426983476,-12.500556945800781,assist,yes
2230,1,1,0.9999982396563933,-0.0007116645574569702,-13.250711441040039,assist,yes
2231,1,1,0.999986992876719,-0.0005660838796757162,-11.250566482543945,assist,yes
2232,1,1,0.9975273773240366,-0.003033443121239543,-6.003033638000488,assist,yes
2233,1,1,0.9999869928702881,-0.0002165798214264214,-11.250216484069824,assist,yes
2234,1,1,0.9999251537820819,-0.0005062728887423873,-9.500506401062012,assist,yes
2235,1,1,0.904650527388829,-0.10041555762290955,-2.3504154682159424,assist,yes
2236,1,1,0.9999251537955864,-0.0007855190197005868,-9.500785827636719,assist,yes
2237,1,1,0.9999832985847708,-0.00027807659353129566,-11.00027847290039,assist,yes
2238,1,1,0.9999832985712249,-0.00035232058144174516,-11.000351905822754,assist,yes
2239,1,0,0.0031726825670887553,-5.7532639503479,-0.003263863269239664,assist,no
2240,1,1,0.9999957771651975,-0.000557267339900136,-12.375556945800781,assist,yes
2241,1,1,0.9999417087079167,-0.0002169373765354976,-9.750216484069824,assist,yes
2242,1,1,0.9999974387187952,-0.0005555993411689997,-12.875555992126465,assist,yes
2243,1,1,0.9999756997691039,-0.0005775213940069079,-10.625577926635742,assist,yes
2244,1,1,0.9999930377444167,-0.00043764073052443564,-11.87543773651123,assist,yes
2245,1,1,0.9999921107358342,-0.0005609607324004173,-11.750560760498047,assist,yes
2246,1,1,0.9999962733594437,-0.0007136897183954716,-12.500713348388672,assist,yes
2247,1,1,0.9999832985738516,-0.000447530735982582,-11.000447273254395,assist,yes
2248,1,1,0.9999962733617375,-0.0005566716426983476,-12.500556945800781,assist,yes
2249,1,1,0.9999970976884631,-0.0005558376433327794,-12.750555992126465,assist,yes
2250,1,1,0.9999986290425441,-0.00033682872890494764,-13.500336647033691,assist,yes
2251,1,1,0.9998766054517455,-0.00045944625162519515,-9.000459671020508,assist,yes
2252,1,1,0.9999417087307189,-0.0007687236065976322,-9.750768661499023,assist,yes
2253,1,1,0.9999970976870001,-0.0001262346631847322,-12.750125885009766,assist,yes
2254,1,1,0.9998415637058498,-0.0004944770480506122,-8.750494003295898,assist,yes
2255,1,1,0.9999974387167222,-0.0009140365873463452,-12.875913619995117,assist,yes
2256,1,1,0.9999724643100346,-0.0002889215829782188,-10.500288963317871,assist,yes
2257,1,1,0.9999724643183433,-0.0004583738627843559,-10.500458717346191,assist,yes
2258,1,1,0.9999921107410112,-0.001178285456262529,-11.751178741455078,assist,yes
2259,1,1,0.9999970976884631,-0.0005558376433327794,-12.750555992126465,assist,yes
2260,1,1,0.999983298573215,-0.0003522014303598553,-11.000351905822754,assist,yes
2261,1,1,0.9999945777831684,-0.0005584587925113738,-12.125558853149414,assist,yes
2262,1,1,0.9999921107394472,-0.0007178590167313814,-11.750718116760254,assist,yes
2263,1,1,0.9999810748574552,-0.00035446559195406735,-10.875354766845703,assist,yes
2264,1,1,0.9999982396572675,-0.0005547653418034315,-13.250555038452148,assist,yes
2265,1,1,0.998073264921619,-0.002193189924582839,-6.252192974090576,assist,yes
2266,1,1,0.9999898700068169,-0.0007202415145002306,-11.500720024108887,assist,yes
2267,1,1,0.9999785550583656,-0.0009333306807093322,-10.750933647155762,assist,yes
2268,1,1,0.9999993524050067,-0.0003359945258125663,-14.250335693359375,assist,yes
2269,1,1,0.999988521232334,-0.0005645350320264697,-11.375564575195312,assist,yes
2270,1,1,0.9999938558226968,-0.000559292733669281,-12.000558853149414,assist,yes
2271,1,1,0.9999957771671291,-0.0007141662063077092,-12.375714302062988,assist,yes
2272,1,1,0.9999970976866766,-0.0007128558354452252,-12.750712394714355,assist,yes
2273,1,1,0.9999991684717915,-0.00020430385484360158,-14.000204086303711,assist,yes
2274,1,1,0.9999970976888728,-0.00033825874561443925,-12.750338554382324,assist,yes
2275,1,1,0.9994472213489911,-0.0008149401983246207,-7.500814914703369,assist,yes
2276,1,1,0.9999952149069229,-0.0003401654539629817,-12.250340461730957,assist,yes
2277,1,1,0.9999945777796065,-0.000436091679148376,-12.125435829162598,assist,yes
2278,1,1,0.9999938558235593,-0.00034171465085819364,-12.000341415405273,assist,yes
2279,1,1,0.9999986290425474,-0.0009128456003963947,-13.5009126663208,assist,yes
2280,1,1,0.9999930377423517,-0.0005600076401606202,-11.87555980682373,assist,yes
2281,1,1,0.9999921107381727,-0.0004385939973872155,-11.750438690185547,assist,yes
2282,1,1,0.9999417087168354,-0.0007689617923460901,-9.750768661499023,assist,yes
2283,1,1,0.9999869928687329,-0.0007231004419736564,-11.250722885131836,assist,yes
2284,1,1,0.9999921107381727,-0.0004385939973872155,-11.750438690185547,assist,yes
2285,1,1,0.999998446502278,-0.000205018965061754,-13.375205039978027,assist,yes
2286,1,1,0.9999417087204758,-0.0004894727608188987,-9.750489234924316,assist,yes
2287,1,1,0.9999885212326599,-0.0009230881696566939,-11.375923156738281,assist,yes
2288,1,1,0.9999952149056794,-0.0005578630371019244,-12.250557899475098,assist,yes
2289,1,1,0.9994472214398059,-0.0011094611836597323,-7.501109600067139,assist,yes
2290,1,1,0.9999646437531015,-0.00046623803791590035,-10.250466346740723,assist,yes
2291,1,1,0.9998911031395424,-0.0008197046699933708,-9.12582015991211,assist,yes
2292,1,1,0.9999962733612936,-0.0005567907355725765,-12.500556945800781,assist,yes
2293,1,1,0.9999970976885366,-0.000914393924176693,-12.750914573669434,assist,yes
2294,1,1,0.9999945777787597,-0.0003408804477658123,-12.125340461730957,assist,yes
2295,1,0,0.0024726235408274186,-6.002521514892578,-0.0025216706562787294,assist,no
2296,1,1,0.9999952149056746,-0.00026603974401950836,-12.250266075134277,assist,yes
2297,1,1,0.9999977396755615,-0.00033766290289349854,-13.000337600708008,assist,yes
2298,1,1,0.9999982396572675,-0.0005547653418034315,-13.250555038452148,assist,yes
2299,1,1,0.9999974387174188,-0.000433112756581977,-12.875432968139648,assist,yes
2300,1,1,0.9998766054664464,-0.0004593271005433053,-9.000459671020508,assist,yes
2301,1,1,0.999998239656112,-0.0004323977918829769,-13.250432014465332,assist,yes
2302,1,1,0.998073264921619,-0.002193189924582839,-6.252192974090576,assist,yes
2303,1,1,0.9999952149070999,-0.0004354958946350962,-12.250435829162598,assist,yes
2304,1,1,0.9999910602997593,-0.0002703301142901182,-11.625269889831543,assist,yes
2305,1,1,0.9999962733594437,-0.0007136897183954716,-12.500713348388672,assist,yes
2306,1,1,0.9999724643139837,-0.0003631647559814155,-10.50036334991455,assist,yes
2307,1,1,0.9999898700080238,-0.0007201223634183407,-11.500720024108887,assist,yes
2308,1,1,0.9999980052706298,-0.00033742457162588835,-13.125337600708008,assist,yes
2309,1,1,0.9999974387166578,-0.0005554801900871098,-12.875555038452148,assist,yes
2310,1,1,0.999993855825509,-0.0007161913090385497,-12.000716209411621,assist,yes
2311,1,1,0.9999977396755679,-0.0009136793087236583,-13.000913619995117,assist,yes
2312,1,1,0.9999898700133241,-0.0009217780898325145,-11.500922203063965,assist,yes
2313,1,1,0.9998766054811472,-0.0004592079494614154,-9.000459671020508,assist,yes
2314,1,1,0.999986992876719,-0.0005660838796757162,-11.250566482543945,assist,yes
2315,1,1,0.9998415637058498,-0.0004944770480506122,-8.750494003295898,assist,yes
2316,1,1,0.9999970976893255,-0.0004334702098276466,-12.750433921813965,assist,yes
2317,1,1,0.9999986290421866,-0.0002627027570270002,-13.500262260437012,assist,yes
2318,1,1,0.9999930377444167,-0.00043764073052443564,-11.87543773651123,assist,yes
2319,1,1,0.9999869928661214,-0.00034850722295232117,-11.250348091125488,assist,yes
2320,1,1,0.9999952149070999,-0.0004354958946350962,-12.250435829162598,assist,yes
2321,1,1,0.9999938558226968,-0.000559292733669281,-12.000558853149414,assist,yes
2322,1,1,0.999986992876719,-0.0005660838796757162,-11.250566482543945,assist,yes
2323,1,1,0.9999646437488889,-0.0004663571889977902,-10.250466346740723,assist,yes
2324,1,1,0.9994472213022975,-0.0009857324184849858,-7.500985622406006,assist,yes
2325,1,1,0.9999724642997738,-0.00023112009512260556,-10.50023078918457,assist,yes
2326,1,1,0.9984988177833976,-0.0018410414922982454,-6.501841068267822,assist,yes
2327,1,1,0.9999945777787852,-0.0009168949909508228,-12.125916481018066,assist,yes
2328,1,1,0.9999982396575209,-0.0009132028790190816,-13.250913619995117,assist,yes
2329,1,1,0.9999962733618327,-0.0009152276325039566,-12.50091552734375,assist,yes
2330,1,1,0.9999938558226968,-0.000559292733669281,-12.000558853149414,assist,yes
2331,1,1,0.9999945777804785,-0.0007153574260883033,-12.125715255737305,assist,yes
2332,1,1,0.9999986290425441,-0.00033682872890494764,-13.500336647033691,assist,yes
2333,1,1,0.9999945777804785,-0.0007153574260883033,-12.125715255737305,assist,yes
2334,1,1,0.9859363706968793,-0.01450411882251501,-4.2645039558410645,assist,yes
2335,1,1,0.9999977396752422,-0.0005552418879233301,-13.000555038452148,assist,yes
2336,1,1,0.9999993524050067,-0.0003359945258125663,-14.250335693359375,assist,yes
2337,1,1,0.9999921107369384,-0.00034338299883529544,-11.750343322753906,assist,yes
2338,1,1,0.9999898700047941,-0.00034564718953333795,-11.500345230102539,assist,yes
2339,1,1,0.9999984465017782,-0.0003369478799868375,-13.375336647033691,assist,yes
2340,1,1,0.9999938558235593,-0.00034171465085819364,-12.000341415405273,assist,yes
2341,1,1,0.9999832985765917,-0.0007267932523973286,-11.000726699829102,assist,yes
2342,1,1,0.9999938558245194,-0.000436925794929266,-12.000436782836914,assist,yes
2343,1,1,0.999968798103096,-0.00046206763363443315,-10.375462532043457,assist,yes
2344,1,1,0.9999952149070999,-0.0004354958946350962,-12.250435829162598,assist,yes
2345,1,1,0.9999982396572675,-0.0005547653418034315,-13.250555038452148,assist,yes
2346,1,1,0.999998239656112,-0.0004323977918829769,-13.250432014465332,assist,yes
2347,1,1,0.9999832985758421,-0.00044741155579686165,-11.000447273254395,assist,yes
2348,1,1,0.9999982396575162,-0.00033718624035827816,-13.250337600708008,assist,yes
2349,1,1,0.9990889487603529,-0.0013442536583170295,-7.001344203948975,assist,yes
2350,1,1,0.9999952149063527,-0.00034028460504487157,-12.250340461730957,assist,yes
2351,1,1,0.9999970976884631,-0.0005558376433327794,-12.750555992126465,assist,yes
2352,1,1,0.9992903297465314,-0.0012657972984015942,-7.251266002655029,assist,yes
2353,1,1,0.999983298584846,-0.0005698964232578874,-11.000570297241211,assist,yes
2354,1,1,0.9999921107381727,-0.0004385939973872155,-11.750438690185547,assist,yes
2355,1,1,0.9999952149076701,-0.0004353767435532063,-12.250435829162598,assist,yes
2356,1,1,0.9999977396759139,-0.0004328744253143668,-13.000432968139648,assist,yes
2357,1,1,0.999997739674973,-0.0005553610390052199,-13.000555038452148,assist,yes
2358,1,1,0.999999057755684,-0.0003363520372658968,-13.875336647033691,assist,yes
2359,1,1,0.9999962733612909,-0.0002649671514518559,-12.500265121459961,assist,yes
2360,1,1,0.9999962733622628,-0.00033909291960299015,-12.50033950805664,assist,yes
2361,1,1,0.9999952149056794,-0.0005578630371019244,-12.250557899475098,assist,yes
2362,1,1,0.9999977396755679,-0.0009136793087236583,-13.000913619995117,assist,yes
2363,1,1,0.9999898700063808,-0.0004408579843584448,-11.50044059753418,assist,yes
2364,1,1,0.9999970976893255,-0.0004334702098276466,-12.750433921813965,assist,yes
2365,1,1,0.9999996072138988,-0.0007102350937202573,-14.750710487365723,assist,yes
2366,1,1,0.9706877671287282,-0.029829099774360657,-3.5298290252685547,assist,yes
2367,1,1,0.9997965730629538,-0.0006349454633891582,-8.500635147094727,assist,yes
2368,1,1,0.9999930377444167,-0.00043764073052443564,-11.87543773651123,assist,yes
2369,1,1,0.999989870013041,-0.000563224486541003,-11.500563621520996,assist,yes
2370,1,1,0.9999962733599074,-0.00020716428116429597,-12.50020694732666,assist,yes
2371,1,1,0.999998239656112,-0.0004323977918829769,-13.250432014465332,assist,yes
2372,1,1,0.99999862904235,-0.0005544078885577619,-13.500554084777832,assist,yes
2373,1,1,0.9999898700047941,-0.00034564718953333795,-11.500345230102539,assist,yes
2374,1,1,0.9999898700133241,-0.0009217780898325145,-11.500922203063965,assist,yes
2375,1,1,0.9999921107369384,-0.00034338299883529544,-11.750343322753906,assist,yes
2376,1,1,0.9999962733592903,-0.0004343043256085366,-12.500433921813965,assist,yes
2377,1,1,0.9999977396755679,-0.0009136793087236583,-13.000913619995117,assist,yes
2378,1,1,0.9999982396575209,-0.0009132028790190816,-13.250913619995117,assist,yes
2379,1,1,0.9996646499222978,-0.0008896207436919212,-8.000889778137207,assist,yes
2380,1,1,0.9999982396563933,-0.0007116645574569702,-13.250711441040039,assist,yes
2381,1,1,0.9999938558235593,-0.00034171465085819364,-12.000341415405273,assist,yes
2382,1,1,0.9999910603010904,-0.0009205871028825641,-11.625920295715332,assist,yes
2383,1,1,0.9999810748531848,-0.0009307105210609734,-10.875930786132812,assist,yes
2384,1,1,0.9999962733617375,-0.0005566716426983476,-12.500556945800781,assist,yes
2385,1,1,0.9999921107381727,-0.0004385939973872155,-11.750438690185547,assist,yes
2386,1,1,0.9999984465028546,-0.0002628219372127205,-13.375263214111328,assist,yes
2387,1,1,0.9999957771651939,-0.00026544384309090674,-12.375265121459961,assist,yes
2388,1,1,0.9999957771651939,-0.00026544384309090674,-12.375265121459961,assist,yes
2389,1,1,0.9999987901347668,-0.0007110689766705036,-13.625711441040039,assist,yes
2390,1,1,0.7310585727705126,-0.31343236565589905,-1.3134323358535767,assist,yes
2391,1,1,0.9999962733612936,-0.0005567907355725765,-12.500556945800781,assist,yes
2392,1,1,0.9999930377444167,-0.00043764073052443564,-11.87543773651123,assist,yes
2393,1,1,0.9999982396570575,-0.00026306029758416116,-13.250263214111328,assist,yes
2394,1,1,0.9999962733618327,-0.0009152276325039566,-12.50091552734375,assist,yes
2395,1,1,0.9999646437586984,-0.00023910524032544345,-10.250239372253418,assist,yes
2396,1,1,0.9999952149056794,-0.0005578630371019244,-12.250557899475098,assist,yes
2397,1,1,0.9999970976884631,-0.0005558376433327794,-12.750555992126465,assist,yes
2398,1,1,0.9999832985714141,-0.0009283285471610725,-11.000927925109863,assist,yes
2399,1,1,0.9999869928681625,-0.00044371772673912346,-11.250443458557129,assist,yes
2400,1,1,0.9999930377443546,-0.0019358720164746046,-11.876935958862305,assist,yes
2401,1,1,0.9999910603010904,-0.0009205871028825641,-11.625920295715332,assist,yes
2402,1,1,0.9999898700080431,-0.00021371940965764225,-11.500213623046875,assist,yes
2403,1,1,0.9999938558235915,-0.0009177286992780864,-12.000917434692383,assist,yes
2404,1,1,0.9999724643107029,-0.0003632839070633054,-10.50036334991455,assist,yes
2405,1,1,0.9999910603067174,-0.0011793570592999458,-11.626179695129395,assist,yes
2406,1,1,0.9998766054228863,-0.0006771179032512009,-9.000677108764648,assist,yes
2407,1,1,0.9999885212362298,-0.0007215518853627145,-11.37572193145752,assist,yes
2408,1,1,0.9999832985847708,-0.00027807659353129566,-11.00027847290039,assist,yes
2409,1,1,0.9999952149056794,-0.0005578630371019244,-12.250557899475098,assist,yes
2410,1,1,0.999998239656112,-0.0004323977918829769,-13.250432014465332,assist,yes
2411,1,1,0.999993855825509,-0.0007161913090385497,-12.000716209411621,assist,yes
2412,1,1,0.9999952149033053,-0.0007147617870941758,-12.250714302062988,assist,yes
2413,1,1,0.9999952149063527,-0.00034028460504487157,-12.250340461730957,assist,yes
2414,1,1,0.8175744739711884,-0.2014920860528946,-1.7014920711517334,assist,yes
2415,1,1,0.999088948648879,-0.0012499623699113727,-7.00124979019165,assist,yes
2416,1,1,0.99987660545771,-0.0005547653418034315,-9.000555038452148,assist,yes
2417,1,1,0.9999974387175236,-0.0007124984404072165,-12.875712394714355,assist,yes
2418,1,1,0.9999724642958392,-0.0011982887517660856,-10.501197814941406,assist,yes
2419,1,0,0.00020342706498606327,-8.500758171081543,-0.0007585985003970563,assist,no
2420,1,1,0.9999910603010904,-0.0009205871028825641,-11.625920295715332,assist,yes
2421,1,1,0.9999810748486773,-0.0009309487068094313,-10.875930786132812,assist,yes
2422,1,0,0.0009110510333358484,-7.001143455505371,-0.0011432785540819168,assist,no
2423,1,1,0.9999832985853524,-0.0009284476400353014,-11.00092887878418,assist,yes
2424,1,1,0.9997388096503081,-0.0006934384000487626,-8.250693321228027,assist,yes
2425,1,1,0.9999756997612242,-0.0009364272118546069,-10.625936508178711,assist,yes
2426,1,1,0.999978555042721,-0.0003570872650016099,-10.750356674194336,assist,yes
2427,1,1,0.9999646437488889,-0.0004663571889977902,-10.250466346740723,assist,yes
2428,1,1,0.9999957771671291,-0.0007141662063077092,-12.375714302062988,assist,yes
2429,1,1,0.9999986290421866,-0.0002627027570270002,-13.500262260437012,assist,yes
2430,1,1,0.9999945777796065,-0.000436091679148376,-12.125435829162598,assist,yes
2431,1,1,0.9999952149070999,-0.0004354958946350962,-12.250435829162598,assist,yes
2432,1,1,0.9626731127897337,-0.038125988095998764,-3.288125991821289,assist,yes
2433,1,1,0.9999930377455394,-0.0007169060409069061,-11.875717163085938,assist,yes
2434,1,1,0.9999945777821934,-0.0011756658786907792,-12.126175880432129,assist,yes
2435,1,0,0.001325022284731438,-6.62645149230957,-0.0014513921923935413,assist,no
2436,1,1,0.9999962733624003,-0.00043442347669042647,-12.500434875488281,assist,yes
2437,1,1,0.9999967112509874,-0.0007133323233574629,-12.625713348388672,assist,yes
2438,1,1,0.9999869928687329,-0.0007231004419736564,-11.250722885131836,assist,yes
2439,1,1,0.9999989322970395,-0.0002623452164698392,-13.750262260437012,assist,yes
2440,1,1,0.999993855825509,-0.0007161913090385497,-12.000716209411621,assist,yes
2441,1,1,0.9999962733594437,-0.0007136897183954716,-12.500713348388672,assist,yes
2442,1,1,0.9999938558245194,-0.000436925794929266,-12.000436782836914,assist,yes
2443,1,1,0.9999869928687329,-0.0007231004419736564,-11.250722885131836,assist,yes
2444,1,1,0.9999962733612936,-0.0005567907355725765,-12.500556945800781,assist,yes
2445,1,1,0.9999724643139837,-0.0003631647559814155,-10.50036334991455,assist,yes
2446,1,1,0.9999898700048698,-0.0009216589969582856,-11.500921249389648,assist,yes
2447,1,1,0.9999989322966363,-0.0007109498255886137,-13.750710487365723,assist,yes
2448,1,1,0.9947798749835155,-0.005669940263032913,-5.255670070648193,assist,yes
2449,1,1,0.9999952149063736,-0.0009162995265796781,-12.250916481018066,assist,yes
2450,1,1,0.9999994956523687,-0.00026174934464506805,-14.500261306762695,assist,yes
2451,1,1,0.9998601779022999,-0.00040165462996810675,-8.875401496887207,assist,yes
2452,1,1,0.9999952149056794,-0.0005578630371019244,-12.250557899475098,assist,yes
2453,1,1,0.9999945777831684,-0.0005584587925113738,-12.125558853149414,assist,yes
2454,1,1,0.999941708723777,-0.0007688426994718611,-9.750768661499023,assist,yes
2455,1,1,0.9999832985758421,-0.00044741155579686165,-11.000447273254395,assist,yes
2456,1,1,0.9999962733622628,-0.00033909291960299015,-12.50033950805664,assist,yes
2457,1,1,0.9997388096488794,-0.0009728704462759197,-8.250972747802734,assist,yes
2458,1,1,0.9933071480757902,-0.00687566539272666,-5.006875514984131,assist,yes
2459,1,1,0.9999646437539175,-0.0012062662281095982,-10.251206398010254,assist,yes
2460,1,1,0.9988304897259691,-0.001375206047669053,-6.751375198364258,assist,yes
2461,1,1,0.9999938558235915,-0.0009177286992780864,-12.000917434692383,assist,yes
2462,1,1,0.9999945777796065,-0.000436091679148376,-12.125435829162598,assist,yes
2463,1,1,0.9999785550576781,-0.0005747812101617455,-10.750575065612793,assist,yes
2464,1,1,0.7772998663336157,-0.25222811102867126,-1.5022281408309937,assist,yes
2465,1,1,0.9999957771671291,-0.0007141662063077092,-12.375714302062988,assist,yes
2466,1,1,0.9999898700063808,-0.0004408579843584448,-11.50044059753418,assist,yes
2467,1,1,0.9999957771651975,-0.000557267339900136,-12.375556945800781,assist,yes
2468,1,1,0.9999038975677429,-0.0003578022588044405,-9.250357627868652,assist,yes
2469,1,1,0.9999417087105045,-0.0006117141456343234,-9.750611305236816,assist,yes
2470,1,1,0.9999938558245194,-0.000436925794929266,-12.000436782836914,assist,yes
2471,1,1,0.9999977396755615,-0.00033766290289349854,-13.000337600708008,assist,yes
2472,1,1,0.9999930377444167,-0.00043764073052443564,-11.87543773651123,assist,yes
2473,1,1,0.9999970976893255,-0.0004334702098276466,-12.750433921813965,assist,yes
2474,1,1,0.9998415637455913,-0.0007126175914891064,-8.750712394714355,assist,yes
2475,1,1,0.999993855825509,-0.0007161913090385497,-12.000716209411621,assist,yes
2476,1,1,0.9975273763127314,-0.002681947313249111,-6.002681732177734,assist,yes
2477,1,1,0.9999832985823902,-0.0001752223033690825,-11.000175476074219,assist,yes
2478,1,1,0.9998601778580151,-0.0006937957368791103,-8.875693321228027,assist,yes
2479,1,1,0.9999038976093072,-0.000527123745996505,-9.250527381896973,assist,yes
2480,1,1,0.9999938558226877,-0.0002674698771443218,-12.000267028808594,assist,yes
2481,1,1,0.9999546021508289,-0.0003810394846368581,-10.000381469726562,assist,yes
2482,1,1,0.9999962733612936,-0.0005567907355725765,-12.500556945800781,assist,yes
2483,1,1,0.924141819456443,-0.07896829396486282,-2.5789682865142822,assist,yes
2484,1,0,0.00091105124272009,-7.00124979019165,-0.0012498432770371437,assist,no
2485,1,1,0.9999991684717859,-0.0007107115816324949,-14.000710487365723,assist,yes
2486,1,1,0.9999785550461038,-0.0004522969538811594,-10.750452041625977,assist,yes
2487,1,1,0.9999869928751691,-0.000566203030757606,-11.250566482543945,assist,yes
2488,1,1,0.9999869928687329,-0.0007231004419736564,-11.250722885131836,assist,yes
2489,1,1,0.9999952149063736,-0.0009162995265796781,-12.250916481018066,assist,yes
2490,1,1,0.9997388096158359,-0.00046564225340262055,-8.250465393066406,assist,yes
2491,1,1,0.9999724643139837,-0.0003631647559814155,-10.50036334991455,assist,yes
2492,1,1,0.8807970904940926,-0.12700879573822021,-2.1270089149475098,assist,yes
2493,1,0,0.004070138097189611,-5.5042033195495605,-0.004203413613140583,assist,no
2494,1,1,0.9999952149033053,-0.0007147617870941758,-12.250714302062988,assist,yes
2495,1,1,0.9999852610142181,-0.0004456242313608527,-11.125445365905762,assist,yes
2496,1,1,0.9999952149076701,-0.0004353767435532063,-12.250435829162598,assist,yes
2497,1,1,0.9999930377423517,-0.0005600076401606202,-11.87555980682373,assist,yes
2498,1,1,0.9999987901347668,-0.0007110689766705036,-13.625711441040039,assist,yes
2499,1,1,0.9999898700061253,-0.0015128131490200758,-11.50151252746582,assist,yes
2500,1,1,0.9999921107360475,-0.0009195152088068426,-11.750919342041016,assist,yes
2501,1,1,0.9999957771676533,-0.0002076410164590925,-12.375207901000977,assist,yes
2502,1,1,0.9999546021496806,-0.0007558587822131813,-10.00075626373291,assist,yes
2503,1,1,0.9997040428046141,-0.0006325627909973264,-8.125632286071777,assist,yes
2504,1,1,0.9990889486507863,-0.0013434203574433923,-7.001343250274658,assist,yes
2505,1,1,0.9933071498465551,-0.0067752632312476635,-5.006775379180908,assist,yes
2506,1,1,0.9999898700047941,-0.00034564718953333795,-11.500345230102539,assist,yes
2507,1,1,0.9999921107358342,-0.0005609607324004173,-11.750560760498047,assist,yes
2508,1,1,0.9999970976866766,-0.0007128558354452252,-12.750712394714355,assist,yes
2509,1,1,0.9999962733618327,-0.0009152276325039566,-12.50091552734375,assist,yes
2510,1,1,0.9998415637329036,-0.0005896736984141171,-8.750589370727539,assist,yes
2511,1,1,0.999993855825509,-0.0007161913090385497,-12.000716209411621,assist,yes
2512,1,1,0.9999962733592903,-0.0004343043256085366,-12.500433921813965,assist,yes
2513,1,1,0.9999646437474771,-0.00037102968781255186,-10.250370979309082,assist,yes
2514,1,1,0.9999989322970395,-0.0002623452164698392,-13.750262260437012,assist,yes
2515,1,1,0.9999967112509874,-0.0007133323233574629,-12.625713348388672,assist,yes
2516,1,0,0.06008665059478843,-2.812239170074463,-0.06223917752504349,assist,no
2517,1,1,0.9999930377444167,-0.00043764073052443564,-11.87543773651123,assist,yes
2518,1,1,0.9999599362909506,-0.0005936052766628563,-10.125593185424805,assist,yes
2519,1,1,0.9999982396572675,-0.0005547653418034315,-13.250555038452148,assist,yes
2520,1,1,0.9999938558235593,-0.00034171465085819364,-12.000341415405273,assist,yes
2521,1,1,0.9999869928681625,-0.00044371772673912346,-11.250443458557129,assist,yes
2522,1,1,0.9999970976875912,-0.0011731653939932585,-12.75117301940918,assist,yes
2523,1,1,0.9999980052706298,-0.00033742457162588835,-13.125337600708008,assist,yes
2524,1,1,0.9999977396752422,-0.0005552418879233301,-13.000555038452148,assist,yes
2525,1,1,0.9999962733617375,-0.0005566716426983476,-12.500556945800781,assist,yes
2526,1,1,0.9999952149038975,-0.00020823694649152458,-12.250207901000977,assist,yes
2527,1,1,0.9999930377433283,-0.0003424296446610242,-11.87534236907959,assist,yes
2528,1,1,0.9997388097110749,-0.0009726322605274618,-8.250972747802734,assist,yes
2529,1,1,0.9999756997662087,-0.0005776405450887978,-10.625577926635742,assist,yes
2530,1,1,0.9999251538038461,-0.0012460333527997136,-9.501246452331543,assist,yes
2531,1,1,0.9995694428914951,-0.0007672941428609192,-7.750767230987549,assist,yes
2532,1,1,0.999989870013041,-0.000563224486541003,-11.500563621520996,assist,yes
2533,1,1,0.9999962733624003,-0.00043442347669042647,-12.500434875488281,assist,yes
2534,1,1,0.9999599363058237,-0.00037579628406092525,-10.125375747680664,assist,yes
2535,1,1,0.9999921107369384,-0.00034338299883529544,-11.750343322753906,assist,yes
2536,1,1,0.9999945777831684,-0.0005584587925113738,-12.125558853149414,assist,yes
2537,1,1,0.9999756997542271,-0.0007345362100750208,-10.625734329223633,assist,yes
2538,1,1,0.9999977396762754,-0.0007121411035768688,-13.000712394714355,assist,yes
2539,1,1,0.9999967112509874,-0.0007133323233574629,-12.625713348388672,assist,yes
2540,1,1,0.9999977396752422,-0.0005552418879233301,-13.000555038452148,assist,yes
2541,1,1,0.9999852610238584,-0.00027616979787126184,-11.125276565551758,assist,yes
2542,1,1,0.9999921107381727,-0.0004385939973872155,-11.750438690185547,assist,yes
2543,1,1,0.9999970976893255,-0.0004334702098276466,-12.750433921813965,assist,yes
2544,1,1,0.999964643762912,-0.00023898606013972312,-10.250239372253418,assist,yes
2545,1,1,0.999841563808486,-0.0005901502445340157,-8.750590324401855,assist,yes
2546,1,1,0.9999952149069229,-0.0003401654539629817,-12.250340461730957,assist,yes
2547,1,1,0.9999982396563933,-0.0007116645574569702,-13.250711441040039,assist,yes
2548,1,1,0.9999952149056794,-0.0005578630371019244,-12.250557899475098,assist,yes
2549,1,1,0.9999970976885366,-0.000914393924176693,-12.750914573669434,assist,yes
2550,1,1,0.9999038975928681,-0.000806721393018961,-9.25080680847168,assist,yes
2551,1,1,0.9999962733618327,-0.0009152276325039566,-12.50091552734375,assist,yes
2552,1,1,0.9999898700118077,-0.000271521887043491,-11.500271797180176,assist,yes
2553,1,1,0.999993855825509,-0.0007161913090385497,-12.000716209411621,assist,yes
2554,1,1,0.9999921107348785,-0.00026925752172246575,-11.750268936157227,assist,yes
2555,1,1,0.9999921107381727,-0.0004385939973872155,-11.750438690185547,assist,yes
2556,1,1,0.9999921107369384,-0.00034338299883529544,-11.750343322753906,assist,yes
2557,1,1,0.9999982396575209,-0.0009132028790190816,-13.250913619995117,assist,yes
2558,1,1,0.9998415638219115,-0.0008694920688867569,-8.750869750976562,assist,yes
2559,1,1,0.999998239656112,-0.0004323977918829769,-13.250432014465332,assist,yes
2560,1,1,0.9999980052703977,-0.0009135602158494294,-13.125913619995117,assist,yes
2561,1,1,0.9999921107369384,-0.00034338299883529544,-11.750343322753906,assist,yes
2562,1,1,0.9999952149056794,-0.0005578630371019244,-12.250557899475098,assist,yes
2563,1,1,0.998498817585342,-0.001627550576813519,-6.501627445220947,assist,yes
2564,1,1,0.999664650011591,-0.0012498432770371437,-8.001250267028809,assist,yes
2565,1,1,0.9997388097732703,-0.0009723940747790039,-8.250972747802734,assist,yes
2566,1,1,0.9999970976881176,-0.0005559567362070084,-12.750555992126465,assist,yes
2567,1,1,0.9999938558235593,-0.00034171465085819364,-12.000341415405273,assist,yes
2568,1,1,0.999290329567546,-0.0010476582683622837,-7.251047611236572,assist,yes
2569,1,1,0.9706877678706987,-0.029920388013124466,-3.5299203395843506,assist,yes
2570,1,1,0.9999852610166279,-0.000724887300748378,-11.125724792480469,assist,yes
2571,1,1,0.9999993524050067,-0.0003359945258125663,-14.250335693359375,assist,yes
2572,1,1,0.9999930377444167,-0.00043764073052443564,-11.87543773651123,assist,yes
2573,1,1,0.9999869928661214,-0.00034850722295232117,-11.250348091125488,assist,yes
2574,1,1,0.9999957771684622,-0.0011744751827791333,-12.376174926757812,assist,yes
2575,1,1,0.9999957771671291,-0.0007141662063077092,-12.375714302062988,assist,yes
2576,1,1,0.9999962733612936,-0.0005567907355725765,-12.500556945800781,assist,yes
2577,1,1,0.9999957771657924,-0.00033968876232393086,-12.37533950805664,assist,yes
2578,1,1,0.9999991684721001,-0.000262106885202229,-14.000262260437012,assist,yes
2579,1,1,0.9999962733617375,-0.0005566716426983476,-12.500556945800781,assist,yes
2580,1,1,0.9995694429740378,-0.0009859706042334437,-7.750986099243164,assist,yes
2581,1,1,0.9999724643183433,-0.0004583738627843559,-10.500458717346191,assist,yes
2582,1,1,0.9999546021526836,-0.00047636605449952185,-10.000476837158203,assist,yes
2583,1,1,0.9999869928678752,-0.0015156697481870651,-11.25151538848877,assist,yes
2584,1,1,0.9999967112494835,-0.0005564333405345678,-12.625555992126465,assist,yes
2585,1,1,0.9999989322971665,-0.0005540504935197532,-13.750554084777832,assist,yes
2586,1,1,0.9999921107344271,-0.0011781663633883,-11.751177787780762,assist,yes
2587,1,1,0.9999938558278152,-0.0002675890573300421,-12.00026798248291,assist,yes
2588,1,1,0.999983298584846,-0.0005698964232578874,-11.000570297241211,assist,yes
2589,1,1,0.9999977396762754,-0.0007121411035768688,-13.000712394714355,assist,yes
2590,1,1,0.9999869928687329,-0.0007231004419736564,-11.250722885131836,assist,yes
2591,1,1,0.9984988174003739,-0.0017654799157753587,-6.501765251159668,assist,yes
2592,1,1,0.9988304897059787,-0.0016036281595006585,-6.751603603363037,assist,yes
2593,1,1,0.9999982396572675,-0.0005547653418034315,-13.250555038452148,assist,yes
2594,1,1,0.999941708723777,-0.0007688426994718611,-9.750768661499023,assist,yes
2595,1,1,0.9992903296417656,-0.0014218707801774144,-7.251421928405762,assist,yes
2596,1,1,0.9999977396752422,-0.0005552418879233301,-13.000555038452148,assist,yes
2597,1,1,0.9997965729373935,-0.0009149893885478377,-8.500914573669434,assist,yes
2598,1,1,0.9999982396563933,-0.0007116645574569702,-13.250711441040039,assist,yes
2599,1,1,0.9999970976866766,-0.0007128558354452252,-12.750712394714355,assist,yes
2600,1,1,0.9999986290425441,-0.00033682872890494764,-13.500336647033691,assist,yes
2601,1,1,0.9999921107381727,-0.0004385939973872155,-11.750438690185547,assist,yes
2602,1,1,0.9990889487852543,-0.0010709986090660095,-7.001070976257324,assist,yes
2603,1,1,0.9999546021400095,-0.0003812778159044683,-10.000381469726562,assist,yes
2604,1,1,0.9999599363180498,-0.001210909802466631,-10.126211166381836,assist,yes
2605,1,1,0.9999785550496493,-0.000731558189727366,-10.750731468200684,assist,yes
2606,1,1,0.9999921107381727,-0.0004385939973872155,-11.750438690185547,assist,yes
2607,1,1,0.9999962733622628,-0.00033909291960299015,-12.50033950805664,assist,yes
2608,1,1,0.9999938558242913,-0.0003415954706724733,-12.000341415405273,assist,yes
2609,1,1,0.9999952149069229,-0.0003401654539629817,-12.250340461730957,assist,yes
2610,1,1,0.9999982396575162,-0.00033718624035827816,-13.250337600708008,assist,yes
2611,1,1,0.9999987901343851,-0.000336590368533507,-13.625336647033691,assist,yes
2612,1,1,0.9999869928681625,-0.00044371772673912346,-11.250443458557129,assist,yes
2613,1,1,0.9999970976893255,-0.0004334702098276466,-12.750433921813965,assist,yes
2614,1,1,0.9999910603008448,-0.0005620330339297652,-11.625561714172363,assist,yes
2615,1,1,0.999998239656112,-0.0004323977918829769,-13.250432014465332,assist,yes
2616,1,1,0.9999945777796065,-0.000436091679148376,-12.125435829162598,assist,yes
2617,1,1,0.9999832985799718,-0.0011872155591845512,-11.001187324523926,assist,yes
2618,1,1,0.9999898700100427,-0.0011805477552115917,-11.501180648803711,assist,yes
2619,1,1,0.9999945777787852,-0.0009168949909508228,-12.125916481018066,assist,yes
2620,1,1,0.9997965729902646,-0.0006353028584271669,-8.500635147094727,assist,yes
2621,1,1,0.9999945777804785,-0.0007153574260883033,-12.125715255737305,assist,yes
2622,1,1,0.9999980052706298,-0.00033742457162588835,-13.125337600708008,assist,yes
2623,1,1,0.9999977396752422,-0.0005552418879233301,-13.000555038452148,assist,yes
2624,1,1,0.9999921107358342,-0.0005609607324004173,-11.750560760498047,assist,yes
2625,1,1,0.9999832985758421,-0.00044741155579686165,-11.000447273254395,assist,yes
2626,1,1,0.9999952149033053,-0.0007147617870941758,-12.250714302062988,assist,yes
2627,1,1,0.9999898700048698,-0.0009216589969582856,-11.500921249389648,assist,yes
2628,1,1,0.9999977396759139,-0.0004328744253143668,-13.000432968139648,assist,yes
2629,1,1,0.9999962733612936,-0.0005567907355725765,-12.500556945800781,assist,yes
2630,1,1,0.9999898700047941,-0.00034564718953333795,-11.500345230102539,assist,yes
2631,1,1,0.9999646437531015,-0.00046623803791590035,-10.250466346740723,assist,yes
2632,1,1,0.9999986290421866,-0.0002627027570270002,-13.500262260437012,assist,yes
2633,1,1,0.9999546021304678,-0.0009575072908774018,-10.000957489013672,assist,yes
2634,1,1,0.9997965729833155,-0.0007574073388241231,-8.500757217407227,assist,yes
2635,1,1,0.9999970976888728,-0.00033825874561443925,-12.750338554382324,assist,yes
2636,1,1,0.9999251537767303,-0.000336590368533507,-9.500336647033691,assist,yes
2637,1,1,0.9999962733612909,-0.0002649671514518559,-12.500265121459961,assist,yes
2638,1,1,0.9999921107369384,-0.00034338299883529544,-11.750343322753906,assist,yes
2639,1,1,0.9999945777821934,-0.0011756658786907792,-12.126175880432129,assist,yes
2640,1,1,0.9999970976885366,-0.000914393924176693,-12.750914573669434,assist,yes
2641,1,1,0.9999977396752422,-0.0005552418879233301,-13.000555038452148,assist,yes
2642,1,1,0.9999982396572675,-0.0005547653418034315,-13.250555038452148,assist,yes
2643,1,1,0.9999898700068169,-0.0007202415145002306,-11.500720024108887,assist,yes
2644,1,1,0.9999852610166279,-0.000724887300748378,-11.125724792480469,assist,yes
2645,1,1,0.9999977396752422,-0.0005552418879233301,-13.000555038452148,assist,yes
2646,1,1,0.9999970976893255,-0.0004334702098276466,-12.750433921813965,assist,yes
2647,1,1,0.9999921107394472,-0.0007178590167313814,-11.750718116760254,assist,yes
2648,1,1,0.9999970976881161,-0.0002641328901518136,-12.750264167785645,assist,yes
2649,1,1,0.9999869928681625,-0.00044371772673912346,-11.250443458557129,assist,yes
2650,1,1,0.9999962733622628,-0.00033909291960299015,-12.50033950805664,assist,yes
2651,1,1,0.999983298578557,-0.00022027450904715806,-11.00022029876709,assist,yes
2652,1,1,0.9999987901342139,-0.0005541696446016431,-13.625554084777832,assist,yes
2653,1,1,0.9999945777796065,-0.000436091679148376,-12.125435829162598,assist,yes
2654,1,1,0.9998601778746646,-0.0006936766440048814,-8.875693321228027,assist,yes
2655,1,1,0.9999898700063808,-0.0004408579843584448,-11.50044059753418,assist,yes
2656,1,1,0.999983298584846,-0.0005698964232578874,-11.000570297241211,assist,yes
2657,1,1,0.9999962733622628,-0.00033909291960299015,-12.50033950805664,assist,yes
2658,1,1,0.9998601779518415,-0.0010526598198339343,-8.876052856445312,assist,yes
2659,1,1,0.9399133481428692,-0.062136679887771606,-2.812136650085449,assist,yes
2660,1,1,0.9999970976866766,-0.0007128558354452252,-12.750712394714355,assist,yes
2661,1,1,0.9999546021496806,-0.0007558587822131813,-10.00075626373291,assist,yes
2662,1,1,0.9999910603010904,-0.0009205871028825641,-11.625920295715332,assist,yes
2663,1,1,0.9999970976893255,-0.0004334702098276466,-12.750433921813965,assist,yes
2664,1,1,0.9999982396572675,-0.0005547653418034315,-13.250555038452148,assist,yes
2665,1,1,0.9999938558242913,-0.0003415954706724733,-12.000341415405273,assist,yes
2666,1,1,0.9999970976881161,-0.0002641328901518136,-12.750264167785645,assist,yes
2667,1,0,0.0758581847220642,-2.5789530277252197,-0.0789530947804451,assist,no
2668,1,1,0.9999986290429767,-0.0007113072206266224,-13.500711441040039,assist,yes
2669,1,1,0.9999986290427577,-0.0004320403386373073,-13.500432014465332,assist,yes
2670,1,1,0.9994472212782431,-0.0012647256953641772,-7.501264572143555,assist,yes
2671,1,1,0.9999967112509874,-0.0007133323233574629,-12.625713348388672,assist,yes
2672,1,1,0.9999952149063527,-0.00034028460504487157,-12.250340461730957,assist,yes
2673,1,1,0.9999546021496806,-0.0007558587822131813,-10.00075626373291,assist,yes
2674,1,1,0.9999977396752422,-0.0005552418879233301,-13.000555038452148,assist,yes
2675,1,1,0.9999952149056794,-0.0005578630371019244,-12.250557899475098,assist,yes
2676,1,1,0.9999898700063808,-0.0004408579843584448,-11.50044059753418,assist,yes
2677,1,1,0.9999938558245194,-0.000436925794929266,-12.000436782836914,assist,yes
2678,1,1,0.9999974387170195,-0.00033790123416110873,-12.875337600708008,assist,yes
2679,1,1,0.9999724643067529,-0.0002890407631639391,-10.500288963317871,assist,yes
2680,1,1,0.9999977396752422,-0.0005552418879233301,-13.000555038452148,assist,yes
2681,1,1,0.9999869928681625,-0.00044371772673912346,-11.250443458557129,assist,yes
2682,1,1,0.9999945777796065,-0.000436091679148376,-12.125435829162598,assist,yes
2683,1,1,0.9999962733594437,-0.0007136897183954716,-12.500713348388672,assist,yes
2684,1,1,0.9999885212309317,-0.0002728328399825841,-11.375272750854492,assist,yes
2685,1,1,0.9999991684721001,-0.000262106885202229,-14.000262260437012,assist,yes
2686,1,1,0.9999962733594437,-0.0007136897183954716,-12.500713348388672,assist,yes
2687,1,1,0.9999938558262653,-0.00020966715237591416,-12.00020980834961,assist,yes
2688,1,1,0.9999962733617375,-0.0005566716426983476,-12.500556945800781,assist,yes
2689,1,1,0.9999986290425474,-0.0009128456003963947,-13.5009126663208,assist,yes
2690,1,1,0.9999957771658092,-0.0009157040040008724,-12.37591552734375,assist,yes
2691,1,1,0.9999952149056794,-0.0005578630371019244,-12.250557899475098,assist,yes
2692,1,1,0.9999967112494835,-0.0005564333405345678,-12.625555992126465,assist,yes
2693,1,1,0.9999982396570575,-0.00026306029758416116,-13.250263214111328,assist,yes
2694,1,1,0.9999952149070999,-0.0004354958946350962,-12.250435829162598,assist,yes
2695,1,1,0.9999785550601065,-0.0002828436263371259,-10.750283241271973,assist,yes
2696,1,1,0.9999599363105982,-0.0003756771038752049,-10.125375747680664,assist,yes
2697,1,1,0.9999962733617375,-0.0005566716426983476,-12.500556945800781,assist,yes
2698,1,1,0.9999993524052108,-0.0007104733376763761,-14.250710487365723,assist,yes
2699,1,1,0.9999930377463938,-0.00021038226259406656,-11.875210762023926,assist,yes
2700,1,1,0.9999852610166279,-0.000724887300748378,-11.125724792480469,assist,yes
2701,1,1,0.9999785550470954,-0.0007316772826015949,-10.750731468200684,assist,yes
2702,1,1,0.9999967112504603,-0.00043406602344475687,-12.625433921813965,assist,yes
2703,1,1,0.9999885212362298,-0.0007215518853627145,-11.37572193145752,assist,yes
2704,1,1,0.9994472214373938,-0.0007122601964510977,-7.5007123947143555,assist,yes
2705,1,1,0.9994472214107992,-0.0012659162748605013,-7.501266002655029,assist,yes
2706,1,1,0.9999646437343156,-0.0005888396990485489,-10.250588417053223,assist,yes
2707,1,1,0.8807970701552504,-0.12706096470355988,-2.127060890197754,assist,yes
2708,1,1,0.9999910603049403,-0.0007189311436377466,-11.62571907043457,assist,yes
2709,1,1,0.9999869928751691,-0.000566203030757606,-11.250566482543945,assist,yes
2710,1,1,0.9999957771664514,-0.0004349001101218164,-12.375434875488281,assist,yes
2711,1,1,0.9999832985765917,-0.0007267932523973286,-11.000726699829102,assist,yes
2712,1,1,0.9999930377451828,-0.0019357530400156975,-11.876935958862305,assist,yes
2713,1,1,0.999978555060233,-0.0005746620590798557,-10.750575065612793,assist,yes
2714,1,1,0.9999930377444167,-0.00043764073052443564,-11.87543773651123,assist,yes
2715,1,1,0.9999910603020943,-0.00034445550409145653,-11.625344276428223,assist,yes
2716,1,1,0.9947798738735979,-0.005395018961280584,-5.25539493560791,assist,yes
2717,1,1,0.9770226319716622,-0.023324644193053246,-3.773324728012085,assist,yes
2718,1,1,0.9999930377425382,-0.00091856240760535,-11.8759183883667,assist,yes
2719,1,1,0.9999970976893255,-0.0004334702098276466,-12.750433921813965,assist,yes
2720,1,1,0.9999898700068169,-0.0007202415145002306,-11.500720024108887,assist,yes
2721,1,1,0.999290329767625,-0.0009729895391501486,-7.250973224639893,assist,yes
2722,1,1,0.9999646437464513,-0.0007458527106791735,-10.25074577331543,assist,yes
2723,1,1,0.9997388096469491,-0.0004655231023207307,-8.250465393066406,assist,yes
2724,1,1,0.9999910603008448,-0.0005620330339297652,-11.625561714172363,assist,yes
2725,1,1,0.9999724643102478,-0.0005807381821796298,-10.500580787658691,assist,yes
2726,1,1,0.9999869928687329,-0.0007231004419736564,-11.250722885131836,assist,yes
2727,1,1,0.9999898700080238,-0.0007201223634183407,-11.500720024108887,assist,yes
2728,1,1,0.999876605462572,-0.0003849719068966806,-9.000385284423828,assist,yes
2729,1,1,0.9999869928751691,-0.000566203030757606,-11.250566482543945,assist,yes
2730,1,1,0.9999251537783486,-0.0006283930852077901,-9.500628471374512,assist,yes
2731,1,1,0.9999945777804785,-0.0007153574260883033,-12.125715255737305,assist,yes
2732,1,1,0.9998415637896111,-0.0005902693956159055,-8.750590324401855,assist,yes
2733,1,1,0.9998766054375584,-0.000834355247206986,-9.000834465026855,assist,yes
2734,1,1,0.9999898700068169,-0.0007202415145002306,-11.500720024108887,assist,yes
2735,1,1,0.9999038975928681,-0.000806721393018961,-9.25080680847168,assist,yes
2736,1,1,0.9999970976881176,-0.0005559567362070084,-12.750555992126465,assist,yes
2737,1,0,0.0004305570621606538,-7.750572204589844,-0.0005721600609831512,assist,no
2738,1,1,0.9999962733592903,-0.0004343043256085366,-12.500433921813965,assist,yes
2739,1,1,0.9999952149070999,-0.0004354958946350962,-12.250435829162598,assist,yes
2740,1,1,0.9999832985833634,-0.0009285667329095304,-11.00092887878418,assist,yes
2741,1,1,0.999989870013041,-0.000563224486541003,-11.500563621520996,assist,yes
2742,1,1,0.9999485577922447,-0.000482442817883566,-9.875482559204102,assist,yes
2743,1,0,0.000335350004136746,-8.000718116760254,-0.0007177399238571525,assist,no
2744,1,1,0.9999938558274541,-0.00117649941239506,-12.001176834106445,assist,yes
2745,1,1,0.9999910603049403,-0.0007189311436377466,-11.62571907043457,assist,yes
2746,1,1,0.9995694428515137,-0.0006348263123072684,-7.750634670257568,assist,yes
2747,1,1,0.9999869928661214,-0.00034850722295232117,-11.250348091125488,assist,yes
2748,1,1,0.9999967112508522,-0.00043394684325903654,-12.625433921813965,assist,yes
2749,1,1,0.9999921107394472,-0.0007178590167313814,-11.750718116760254,assist,yes
2750,1,1,0.9999687980813923,-0.0012018608395010233,-10.376201629638672,assist,yes
2751,1,1,0.9933071483234496,-0.0069838701747357845,-5.006983757019043,assist,yes
2752,1,1,0.9999785550540382,-0.001191978226415813,-10.751192092895508,assist,yes
2753,1,1,0.9999485577889285,-0.0007619338575750589,-9.875761985778809,assist,yes
2754,1,1,0.9999810748486773,-0.0009309487068094313,-10.875930786132812,assist,yes
2755,1,1,0.9999952149033053,-0.0007147617870941758,-12.250714302062988,assist,yes
2756,1,1,0.9975273771925268,-0.0026815906167030334,-6.002681732177734,assist,yes
2757,1,1,0.9999910603034935,-0.0004396664153318852,-11.625439643859863,assist,yes
2758,1,1,0.9995694429999907,-0.0013444918440654874,-7.751344680786133,assist,yes
2759,1,1,0.9999599363095033,-0.00075049843871966,-10.125750541687012,assist,yes
2760,1,1,0.9999980052706298,-0.00033742457162588835,-13.125337600708008,assist,yes
2761,1,1,0.9999756997513317,-0.0007346553611569107,-10.625734329223633,assist,yes
2762,1,1,0.9999898700118346,-0.0005633435794152319,-11.500563621520996,assist,yes
2763,1,1,0.9999898700047941,-0.00034564718953333795,-11.500345230102539,assist,yes
2764,1,1,0.9999756997660431,-0.0002858230145648122,-10.625286102294922,assist,yes
2765,1,1,0.9999646437548744,-0.0007456144667230546,-10.25074577331543,assist,yes
2766,1,1,0.999941708740965,-0.0009707267745397985,-9.750970840454102,assist,yes
2767,1,1,0.9999885212362298,-0.0007215518853627145,-11.37572193145752,assist,yes
2768,1,1,0.9999251537732736,-0.0009870424401015043,-9.50098705291748,assist,yes
2769,1,1,0.9999724643172653,-0.0003630455757956952,-10.50036334991455,assist,yes
2770,1,1,0.9999646437539175,-0.0012062662281095982,-10.251206398010254,assist,yes
2771,1,1,0.9999724643079093,-0.0009394046501256526,-10.50093936920166,assist,yes
2772,1,1,0.999998932296889,-0.00015948931104503572,-13.75015926361084,assist,yes
2773,1,1,0.9999832985765917,-0.0007267932523973286,-11.000726699829102,assist,yes
2774,1,1,0.99987660545771,-0.0005547653418034315,-9.000555038452148,assist,yes
2775,1,0,0.010986943844989052,-4.511125087738037,-0.011125199496746063,assist,no
2776,1,1,0.9999962733612909,-0.0002649671514518559,-12.500265121459961,assist,yes
2777,1,1,0.9999898700063808,-0.0004408579843584448,-11.50044059753418,assist,yes
2778,1,1,0.9999977396759139,-0.0004328744253143668,-13.000432968139648,assist,yes
2779,1,1,0.9999930377455394,-0.0007169060409069061,-11.875717163085938,assist,yes
2780,1,1,0.9999982396572675,-0.0005547653418034315,-13.250555038452148,assist,yes
2781,1,1,0.9999038975864079,-0.0005273620481602848,-9.250527381896973,assist,yes
2782,1,1,0.9999869928728917,-0.0011834054021164775,-11.25118350982666,assist,yes
2783,1,1,0.9999921107385071,-0.0007179781678132713,-11.750718116760254,assist,yes
2784,1,1,0.999989870013041,-0.000563224486541003,-11.500563621520996,assist,yes
2785,1,1,0.999998239656112,-0.0004323977918829769,-13.250432014465332,assist,yes
2786,1,1,0.9999962733612909,-0.0002649671514518559,-12.500265121459961,assist,yes
2787,1,1,0.9999967112494835,-0.0005564333405345678,-12.625555992126465,assist,yes
2788,1,1,0.9999339478357,-0.0007765853079035878,-9.625776290893555,assist,yes
2789,1,1,0.9999957771653065,-0.0009158230968751013,-12.37591552734375,assist,yes
2790,1,1,0.9995694429941788,-0.0007675323868170381,-7.750767707824707,assist,yes
2791,1,1,0.9999810748531848,-0.0009307105210609734,-10.875930786132812,assist,yes
2792,1,1,0.999998239656112,-0.0004323977918829769,-13.250432014465332,assist,yes
2793,1,1,0.9999921107381727,-0.0004385939973872155,-11.750438690185547,assist,yes
2794,1,1,0.9999869928751691,-0.000566203030757606,-11.250566482543945,assist,yes
2795,1,1,0.9999945777804785,-0.0007153574260883033,-12.125715255737305,assist,yes
2796,1,1,0.999998932297484,-0.0004316828562878072,-13.750432014465332,assist,yes
2797,1,1,0.9999930377423517,-0.0005600076401606202,-11.87555980682373,assist,yes
2798,1,1,0.9999930377455394,-0.0007169060409069061,-11.875717163085938,assist,yes
2799,1,1,0.9999986290425474,-0.0009128456003963947,-13.5009126663208,assist,yes
2800,1,1,0.9999970976866766,-0.0007128558354452252,-12.750712394714355,assist,yes
2801,1,1,0.9999785550470954,-0.0007316772826015949,-10.750731468200684,assist,yes
2802,1,1,0.9999967112499589,-0.0009148702956736088,-12.625914573669434,assist,yes
2803,1,1,0.9999546021496806,-0.0007558587822131813,-10.00075626373291,assist,yes
2804,1,1,0.9999687980902187,-0.0005845506675541401,-10.375584602355957,assist,yes
2805,1,1,0.9999977396759139,-0.0004328744253143668,-13.000432968139648,assist,yes
2806,1,1,0.9999970976866766,-0.0007128558354452252,-12.750712394714355,assist,yes
2807,1,1,0.9999982396572675,-0.0005547653418034315,-13.250555038452148,assist,yes
2808,1,1,0.9999930377469174,-0.001177332829684019,-11.876177787780762,assist,yes
2809,1,1,0.9999921107369384,-0.00034338299883529544,-11.750343322753906,assist,yes
2810,1,1,0.9999930377455394,-0.0007169060409069061,-11.875717163085938,assist,yes
2811,1,0,0.0009110511826386757,-7.001626968383789,-0.0016269554616883397,assist,no
2812,1,1,0.9999974387175236,-0.0007124984404072165,-12.875712394714355,assist,yes
2813,1,1,0.9999967112503391,-0.0003387354372534901,-12.625338554382324,assist,yes
2814,1,1,0.9994472213055777,-0.0007120219524949789,-7.500711917877197,assist,yes
2815,1,1,0.9999938558245194,-0.000436925794929266,-12.000436782836914,assist,yes
2816,1,1,0.999993855825509,-0.0007161913090385497,-12.000716209411621,assist,yes
2817,1,1,0.9984988177795586,-0.0018396135419607162,-6.501839637756348,assist,yes
2818,1,1,0.9999810748525966,-0.0005721600609831512,-10.875572204589844,assist,yes
2819,1,1,0.9999910603049628,-0.00021252757869660854,-11.625212669372559,assist,yes
2820,1,1,0.9999974387174188,-0.000433112756581977,-12.875432968139648,assist,yes
2821,1,1,0.9999546021340271,-0.0005988473421894014,-10.000598907470703,assist,yes
2822,1,1,0.9999952149033053,-0.0007147617870941758,-12.250714302062988,assist,yes
2823,1,1,0.9999970976885366,-0.000914393924176693,-12.750914573669434,assist,yes
2824,1,1,0.9999921107381727,-0.0004385939973872155,-11.750438690185547,assist,yes
2825,1,1,0.9999546021508289,-0.0003810394846368581,-10.000381469726562,assist,yes
2826,1,1,0.9999251537374605,-0.0005059154354967177,-9.500505447387695,assist,yes
2827,1,1,0.9999417087307189,-0.0007687236065976322,-9.750768661499023,assist,yes
2828,1,1,0.9999921107358342,-0.0005609607324004173,-11.750560760498047,assist,yes
2829,1,1,0.9999251537955864,-0.0007855190197005868,-9.500785827636719,assist,yes
2830,1,1,0.9999910603034935,-0.0004396664153318852,-11.625439643859863,assist,yes
2831,1,1,0.9998911031273546,-0.0012804412981495261,-9.126280784606934,assist,yes
2832,1,1,0.9999970976877066,-0.00016127715934999287,-12.750161170959473,assist,yes
2833,1,1,0.9999038976044129,-0.0012672259472310543,-9.251267433166504,assist,yes
2834,1,1,0.999986992876719,-0.0005660838796757162,-11.250566482543945,assist,yes
2835,1,1,0.9999977396762887,-0.0002057340752799064,-13.000205993652344,assist,yes
2836,1,1,0.9999938558245194,-0.000436925794929266,-12.000436782836914,assist,yes
2837,1,1,0.999983298573215,-0.0003522014303598553,-11.000351905822754,assist,yes
2838,1,1,0.999998239656112,-0.0004323977918829769,-13.250432014465332,assist,yes
2839,1,1,0.9988304897935562,-0.0013298486592248082,-6.7513298988342285,assist,yes
2840,1,1,0.9999970976888728,-0.00033825874561443925,-12.750338554382324,assist,yes
2841,1,1,0.9999952149076701,-0.0004353767435532063,-12.250435829162598,assist,yes
2842,1,1,0.9995694429541725,-0.0006350646144710481,-7.750635147094727,assist,yes
2843,1,1,0.999983298584846,-0.0005698964232578874,-11.000570297241211,assist,yes
2844,1,1,0.999983298584846,-0.0005698964232578874,-11.000570297241211,assist,yes
2845,1,1,0.9999945777831684,-0.0005584587925113738,-12.125558853149414,assist,yes
2846,1,1,0.9999251537588912,-0.00033682872890494764,-9.500336647033691,assist,yes
2847,1,1,0.9999977396759139,-0.0004328744253143668,-13.000432968139648,assist,yes
2848,1,1,0.9999962733606195,-0.0011739989276975393,-12.501173973083496,assist,yes
2849,1,1,0.9999910603067174,-0.0011793570592999458,-11.626179695129395,assist,yes
2850,1,1,0.999998239656112,-0.0004323977918829769,-13.250432014465332,assist,yes
2851,1,1,0.9999982396575162,-0.00033718624035827816,-13.250337600708008,assist,yes
2852,1,1,0.9999921107388943,-0.001510432455688715,-11.751510620117188,assist,yes
2853,1,1,0.9999869928687329,-0.0007231004419736564,-11.250722885131836,assist,yes
2854,1,0,0.0052201266438801595,-5.255331993103027,-0.005332176107913256,assist,no
2855,1,1,0.9998911031395424,-0.0008197046699933708,-9.12582015991211,assist,yes
2856,1,1,0.9999962733624003,-0.00043442347669042647,-12.500434875488281,assist,yes
2857,1,1,0.9999970976888728,-0.00033825874561443925,-12.750338554382324,assist,yes
2858,1,1,0.9998766054669455,-0.000834117061458528,-9.000834465026855,assist,yes
2859,1,1,0.9999982396563933,-0.0007116645574569702,-13.250711441040039,assist,yes
2860,1,1,0.9990889487562202,-0.0012488907668739557,-7.001248836517334,assist,yes
2861,1,1,0.9999962733612936,-0.0005567907355725765,-12.500556945800781,assist,yes
2862,1,1,0.9999546021496806,-0.0007558587822131813,-10.00075626373291,assist,yes
2863,1,1,0.999978555060233,-0.0005746620590798557,-10.750575065612793,assist,yes
2864,1,1,0.9999898700080238,-0.0007201223634183407,-11.500720024108887,assist,yes
2865,1,1,0.9999962733612909,-0.0002649671514518559,-12.500265121459961,assist,yes
2866,1,1,0.9999962733622628,-0.00033909291960299015,-12.50033950805664,assist,yes
2867,1,1,0.9999646437474771,-0.00037102968781255186,-10.250370979309082,assist,yes
2868,1,1,0.9999957771664514,-0.0004349001101218164,-12.375434875488281,assist,yes
2869,1,1,0.9999832985714141,-0.0009283285471610725,-11.000927925109863,assist,yes
2870,1,1,0.9990889488639854,-0.0012482955353334546,-7.001248359680176,assist,yes
2871,1,1,0.9995694428224046,-0.0008628221112303436,-7.7508625984191895,assist,yes
2872,1,1,0.9999980052693572,-0.00071190285962075,-13.125711441040039,assist,yes
2873,1,1,0.9999962733618327,-0.0009152276325039566,-12.50091552734375,assist,yes
2874,1,1,0.9999970976866766,-0.0007128558354452252,-12.750712394714355,assist,yes
2875,1,1,0.9999251537420433,-0.000785280775744468,-9.500784873962402,assist,yes
2876,1,1,0.9999996072138362,-0.00043096792069263756,-14.750431060791016,assist,yes
2877,1,1,0.9992903295240381,-0.001625646254979074,-7.2516255378723145,assist,yes
2878,1,1,0.9999977396755615,-0.00033766290289349854,-13.000337600708008,assist,yes
2879,1,1,0.9999970976881161,-0.0002641328901518136,-12.750264167785645,assist,yes
2880,1,1,0.9999921107358342,-0.0005609607324004173,-11.750560760498047,assist,yes
2881,1,1,0.9999921107381727,-0.0004385939973872155,-11.750438690185547,assist,yes
2882,1,1,0.999447221434146,-0.0009859706042334437,-7.500986099243164,assist,yes
2883,1,1,0.9999967112498754,-0.000556314189452678,-12.625555992126465,assist,yes
2884,1,1,0.9999832985758421,-0.00044741155579686165,-11.000447273254395,assist,yes
2885,1,1,0.9999982396572675,-0.0005547653418034315,-13.250555038452148,assist,yes
2886,1,1,0.9999967112503391,-0.0003387354372534901,-12.625338554382324,assist,yes
2887,1,1,0.9999852610116179,-0.0005678709712810814,-11.125567436218262,assist,yes
2888,1,1,0.9999967112508522,-0.00043394684325903654,-12.625433921813965,assist,yes
2889,1,1,0.9999970976888728,-0.00033825874561443925,-12.750338554382324,assist,yes
2890,1,1,0.9999921107358342,-0.0005609607324004173,-11.750560760498047,assist,yes
2891,1,1,0.9999599363142769,-0.0007503792876377702,-10.125750541687012,assist,yes
2892,1,1,0.9999991684717915,-0.00020430385484360158,-14.000204086303711,assist,yes
2893,1,1,0.9999546021358742,-0.0009573881980031729,-10.000957489013672,assist,yes
2894,1,1,0.9999970976866766,-0.0007128558354452252,-12.750712394714355,assist,yes
2895,1,1,0.9999930377441578,-0.00034231049357913435,-11.87534236907959,assist,yes
2896,1,1,0.9999967112508522,-0.00043394684325903654,-12.625433921813965,assist,yes
2897,1,1,0.9999810748590419,-0.0007291757501661777,-10.87572956085205,assist,yes
2898,1,1,0.9999869928681625,-0.00044371772673912346,-11.250443458557129,assist,yes
2899,1,1,0.9999952149069229,-0.0003401654539629817,-12.250340461730957,assist,yes
2900,1,1,0.9999986290425474,-0.0009128456003963947,-13.5009126663208,assist,yes
2901,1,1,0.9999646437488889,-0.0004663571889977902,-10.250466346740723,assist,yes
2902,1,1,0.9999832985765917,-0.0007267932523973286,-11.000726699829102,assist,yes
2903,1,1,0.9999952149069229,-0.0003401654539629817,-12.250340461730957,assist,yes
2904,1,1,0.999978555060233,-0.0005746620590798557,-10.750575065612793,assist,yes
2905,1,1,0.9999724643139837,-0.0003631647559814155,-10.50036334991455,assist,yes
2906,1,1,0.999978555060233,-0.0005746620590798557,-10.750575065612793,assist,yes
2907,1,1,0.9999945777831684,-0.0005584587925113738,-12.125558853149414,assist,yes
2908,1,1,0.9999984465020202,-0.00043215948971919715,-13.375432014465332,assist,yes
2909,1,1,0.9999938558226968,-0.000559292733669281,-12.000558853149414,assist,yes
2910,1,1,0.9999970976888728,-0.00033825874561443925,-12.750338554382324,assist,yes
2911,1,1,0.9999646437506619,-0.0007457336178049445,-10.25074577331543,assist,yes
2912,1,1,0.9999970976888728,-0.00033825874561443925,-12.750338554382324,assist,yes
2913,1,1,0.9999952149069229,-0.0003401654539629817,-12.250340461730957,assist,yes
2914,1,1,0.9999967112494835,-0.0005564333405345678,-12.625555992126465,assist,yes
2915,1,1,0.9999970976893255,-0.0004334702098276466,-12.750433921813965,assist,yes
2916,1,1,0.9999967112508522,-0.00043394684325903654,-12.625433921813965,assist,yes
2917,1,1,0.9999038975928681,-0.000806721393018961,-9.25080680847168,assist,yes
2918,1,1,0.9999952149063736,-0.0009162995265796781,-12.250916481018066,assist,yes
2919,1,1,0.999841563851533,-0.00042012447374872863,-8.750420570373535,assist,yes
2920,1,1,0.9999952149076701,-0.0004353767435532063,-12.250435829162598,assist,yes
2921,1,1,0.9999977396755615,-0.00033766290289349854,-13.000337600708008,assist,yes
2922,1,1,0.9999962733592903,-0.0004343043256085366,-12.500433921813965,assist,yes
2923,1,1,0.9999952149056794,-0.0005578630371019244,-12.250557899475098,assist,yes
2924,1,1,0.9999945777831684,-0.0005584587925113738,-12.125558853149414,assist,yes
2925,1,1,0.9997388097436318,-0.0006930810050107539,-8.250693321228027,assist,yes
2926,1,1,0.9999921107394472,-0.0007178590167313814,-11.750718116760254,assist,yes
2927,1,1,0.9999962733612909,-0.0002649671514518559,-12.500265121459961,assist,yes
2928,1,1,0.9999984465028546,-0.0002628219372127205,-13.375263214111328,assist,yes
2929,1,1,0.9999970976893255,-0.0004334702098276466,-12.750433921813965,assist,yes
2930,1,1,0.9995694428713291,-0.0009857324184849858,-7.750985622406006,assist,yes
2931,1,1,0.9999646437398371,-0.0009472650708630681,-10.250946998596191,assist,yes
2932,1,1,0.9999970976888728,-0.00033825874561443925,-12.750338554382324,assist,yes
2933,1,1,0.9999987901345736,-0.0004318020073696971,-13.625432014465332,assist,yes
2934,1,1,0.9999977396762887,-0.0002057340752799064,-13.000205993652344,assist,yes
2935,1,1,0.9999970976893255,-0.0004334702098276466,-12.750433921813965,assist,yes
2936,1,1,0.9999970976870387,-0.00020632999076042324,-12.750205993652344,assist,yes
2937,1,1,0.9999930377444167,-0.00043764073052443564,-11.87543773651123,assist,yes
2938,1,1,0.9999974387174188,-0.000433112756581977,-12.875432968139648,assist,yes
2939,1,1,0.9999970976893255,-0.0004334702098276466,-12.750433921813965,assist,yes
2940,1,1,0.9999910603008448,-0.0005620330339297652,-11.625561714172363,assist,yes
2941,1,1,0.9999945777787852,-0.0009168949909508228,-12.125916481018066,assist,yes
2942,1,1,0.9999921107394472,-0.0007178590167313814,-11.750718116760254,assist,yes
2943,1,1,0.9999938558235593,-0.00034171465085819364,-12.000341415405273,assist,yes
2944,1,1,0.9999970976885366,-0.000914393924176693,-12.750914573669434,assist,yes
2945,1,1,0.9999977396762754,-0.0007121411035768688,-13.000712394714355,assist,yes
2946,1,1,0.9999930377455394,-0.0007169060409069061,-11.875717163085938,assist,yes
2947,1,1,0.9999952149070999,-0.0004354958946350962,-12.250435829162598,assist,yes
2948,1,1,0.9999921107381727,-0.0004385939973872155,-11.750438690185547,assist,yes
2949,1,1,0.9999993524054555,-0.0002618685248307884,-14.250262260437012,assist,yes
2950,1,1,0.9999967112520242,-0.0011736417654901743,-12.626173973083496,assist,yes
2951,1,1,0.9999977396755615,-0.00033766290289349854,-13.000337600708008,assist,yes
2952,1,1,0.9997388095609969,-0.0005230727256275713,-8.25052261352539,assist,yes
2953,1,1,0.9999756997542271,-0.0007345362100750208,-10.625734329223633,assist,yes
2954,1,1,0.9999546021526836,-0.00047636605449952185,-10.000476837158203,assist,yes
2955,1,1,0.999986992876719,-0.0005660838796757162,-11.250566482543945,assist,yes
2956,1,1,0.9999546021394361,-0.0005987281911075115,-10.000598907470703,assist,yes
2957,1,1,0.9995694428202753,-0.0009863278828561306,-7.750986099243164,assist,yes
2958,1,1,0.9999990577550825,-0.0007108307327143848,-13.875710487365723,assist,yes
2959,1,1,0.9999930377455394,-0.0007169060409069061,-11.875717163085938,assist,yes
2960,1,1,0.9999984465027567,-0.0011717366287484765,-13.376172065734863,assist,yes
2961,1,1,0.9999038975820143,-0.0004320403386373073,-9.250432014465332,assist,yes
2962,1,1,0.998073264919828,-0.0021927140187472105,-6.252192497253418,assist,yes
2963,1,1,0.9999938558245194,-0.000436925794929266,-12.000436782836914,assist,yes
2964,1,1,0.9999982396570575,-0.00026306029758416116,-13.250263214111328,assist,yes
2965,1,1,0.9999986290421866,-0.0002627027570270002,-13.500262260437012,assist,yes
2966,1,1,0.9999970976885366,-0.000914393924176693,-12.750914573669434,assist,yes
2967,1,1,0.999972464299115,-0.0011981697753071785,-10.501197814941406,assist,yes
2968,1,1,0.9947798743282046,-0.005498405080288649,-5.25549840927124,assist,yes
2969,1,1,0.9999938558245194,-0.000436925794929266,-12.000436782836914,assist,yes
2970,1,1,0.9999952149056746,-0.00026603974401950836,-12.250266075134277,assist,yes
2971,1,1,0.9999151889937037,-0.00034671969478949904,-9.375347137451172,assist,yes
2972,1,1,0.9999991684721001,-0.000262106885202229,-14.000262260437012,assist,yes
2973,1,1,0.9999986290425441,-0.00033682872890494764,-13.500336647033691,assist,yes
2974,1,1,0.9999957771662955,-0.000339569611242041,-12.37533950805664,assist,yes
2975,1,1,0.9999852610159743,-0.00044550508027896285,-11.125445365905762,assist,yes
2976,1,1,0.9999970976893255,-0.0004334702098276466,-12.750433921813965,assist,yes
2977,1,1,0.9999646437474771,-0.00037102968781255186,-10.250370979309082,assist,yes
2978,1,1,0.9999957771664514,-0.0004349001101218164,-12.375434875488281,assist,yes
2979,1,1,0.9999982396575162,-0.00033718624035827816,-13.250337600708008,assist,yes
2980,1,1,0.9999898700100427,-0.0011805477552115917,-11.501180648803711,assist,yes
2981,1,1,0.9999910603034935,-0.0004396664153318852,-11.625439643859863,assist,yes
2982,1,1,0.9999930377455394,-0.0007169060409069061,-11.875717163085938,assist,yes
2983,1,1,0.9999962733598878,-0.0007135705673135817,-12.500713348388672,assist,yes
2984,1,1,0.999988521232334,-0.0005645350320264697,-11.375564575195312,assist,yes
2985,1,1,0.9999852610120535,-0.0009264229447580874,-11.12592601776123,assist,yes
2986,1,1,0.9999952149056746,-0.00026603974401950836,-12.250266075134277,assist,yes
2987,1,1,0.9999982396572675,-0.0005547653418034315,-13.250555038452148,assist,yes
2988,1,1,0.9999970976893255,-0.0004334702098276466,-12.750433921813965,assist,yes
2989,1,1,0.9999898700080431,-0.00021371940965764225,-11.500213623046875,assist,yes
2990,1,0,0.0004305571034946887,-7.750611305236816,-0.0006113567505963147,assist,no
2991,1,1,0.9999967112509874,-0.0007133323233574629,-12.625713348388672,assist,yes
2992,1,1,0.9999921107348785,-0.00026925752172246575,-11.750268936157227,assist,yes
2993,1,1,0.999978555042721,-0.0003570872650016099,-10.750356674194336,assist,yes
2994,1,1,0.999998239656112,-0.0004323977918829769,-13.250432014465332,assist,yes
2995,1,1,0.9999982396572675,-0.0005547653418034315,-13.250555038452148,assist,yes
2996,1,1,0.99999862904235,-0.0005544078885577619,-13.500554084777832,assist,yes
2997,1,1,0.9999910603020943,-0.00034445550409145653,-11.625344276428223,assist,yes
2998,1,1,0.9999962733594437,-0.0007136897183954716,-12.500713348388672,assist,yes
2999,1,1,0.9999970976881161,-0.0002641328901518136,-12.750264167785645,assist,yes
3000,0,0,3.466324661552122e-07,-14.876171112060547,-0.0011706650257110596,assist,no
3001,0,0,2.9023107185269844e-06,-12.751932144165039,-0.0019317077239975333,assist,no
3002,0,0,7.338210135860227e-07,-14.12692928314209,-0.0019293281948193908,assist,no
3003,0,0,1.3007125804496269e-05,-11.250639915466309,-0.000639710808172822,assist,no
3004,0,0,1.9947305196558055e-06,-13.126930236816406,-0.0019306369358673692,assist,no
3005,0,0,3.288748863693536e-06,-12.626505851745605,-0.001505790394730866,assist,no
3006,0,0,2.5612832777664278e-06,-12.875913619995117,-0.0009140365873463452,assist,no
3007,0,0,9.42244860567464e-07,-13.87692928314209,-0.001929566147737205,assist,no
3008,0,0,2.9023129748401203e-06,-12.750182151794434,-0.00018249277491122484,assist,no
3009,0,0,6.144174490989974e-06,-12.000716209411621,-0.0007161913090385497,assist,no
3010,0,0,2.699577523880221e-07,-15.125431060791016,-0.00043096792069263756,assist,no
3011,0,0,1.994729481995608e-06,-13.125490188598633,-0.000490068516228348,assist,no
3012,0,0,1.994729296918977e-06,-13.125432968139648,-0.00043275527423247695,assist,no
3013,0,0,1.670141662578966e-05,-11.001049995422363,-0.001049682730808854,assist,no
3014,0,0,4.4508504569747943e-07,-14.625710487365723,-0.0007104733376763761,assist,no
3015,0,0,1.3007132816800224e-05,-11.250722885131836,-0.0007232195930555463,assist,no
3016,0,0,3.535625725921521e-05,-10.250588417053223,-0.0005886013968847692,assist,no
3017,0,0,5.715004144333539e-07,-14.376502990722656,-0.0015029336791485548,assist,no
3018,0,0,5.4222212403785665e-06,-12.125340461730957,-0.0003408804477658123,assist,no
3019,0,0,1.4738985781895654e-05,-11.125445365905762,-0.0004456242313608527,assist,no
3020,0,0,8.48110250144314e-05,-9.375795364379883,-0.0007951673469506204,assist,no
3021,0,0,3.466326919926194e-07,-14.875553131103516,-0.000553335587028414,assist,no
3022,0,0,7.88926280253384e-06,-11.750812530517578,-0.0008125579333864152,assist,no
3023,0,0,4.785092900179322e-06,-12.250435829162598,-0.0004354958946350962,assist,no
3024,0,0,1.3007131267006528e-05,-11.250722885131836,-0.0007231004419736564,assist,no
3025,0,0,6.475947612638729e-07,-14.251502990722656,-0.0015029336791485548,assist,no
3026,0,0,3.535625853513325e-05,-10.250523567199707,-0.0005237876321189106,assist,no
3027,0,0,1.760343053086794e-06,-13.251172065734863,-0.0011719746980816126,assist,no
3028,0,0,1.3007127354289313e-05,-11.250639915466309,-0.0006398299592547119,assist,no
3029,0,0,1.2098657563451809e-06,-13.6259126663208,-0.0009127265075221658,assist,no
3030,0,0,4.0063677178995915e-05,-10.126211166381836,-0.001210790709592402,assist,no
3031,0,0,2.260324757733407e-06,-13.000555038452148,-0.0005552418879233301,assist,no
3032,0,0,7.88926569970232e-06,-11.75063419342041,-0.0006345880683511496,assist,no
3033,0,0,3.927863524899728e-07,-14.75117015838623,-0.0011705459328368306,assist,no
3034,0,0,7.484624470492044e-05,-9.500505447387695,-0.000505677133332938,assist,no
3035,0,0,1.4738979150258708e-05,-11.12604808807373,-0.0010478964541107416,assist,no
3036,0,0,4.222834190663654e-06,-12.37591552734375,-0.0009157040040008724,assist,no
3037,0,0,7.338206930604365e-07,-14.125554084777832,-0.0005536930402740836,assist,no
3038,0,0,2.9023112895314902e-06,-12.75049114227295,-0.0004909025738015771,assist,no
3039,0,0,1.2098653774675073e-06,-13.625711441040039,-0.0007111880695447326,assist,no
3040,0,0,6.14417327753173e-06,-12.001176834106445,-0.001176618505269289,assist,no
3041,0,0,3.535625174189923e-05,-10.250946998596191,-0.0009470268851146102,assist,no
3042,0,0,9.42245029657135e-07,-13.875710487365723,-0.0007109498255886137,assist,no
3043,0,0,8.939696506436406e-06,-11.625439643859863,-0.0004396664153318852,assist,no
3044,0,0,6.144174490989974e-06,-12.000716209411621,-0.0007161913090385497,assist,no
3045,0,0,1.5534979168180626e-06,-13.375711441040039,-0.0007115454645827413,assist,no
3046,0,0,2.56128166570081e-06,-12.87747859954834,-0.002478386741131544,assist,no
3047,0,0,3.9278621058975974e-07,-14.750431060791016,-0.00043108707177452743,assist,no
3048,0,0,4.222833548633417e-06,-12.375434875488281,-0.0004349001101218164,assist,no
3049,0,0,3.2887498445797173e-06,-12.62549114227295,-0.0004913791781291366,assist,no
3050,0,0,4.539784835079905e-05,-10.000426292419434,-0.0004258441040292382,assist,no
3051,0,0,4.222834207746774e-06,-12.37533950805664,-0.00033968876232393086,assist,no
3052,0,0,1.4738977394977294e-05,-11.12604808807373,-0.0010477773612365127,assist,no
3053,0,0,6.475950691186178e-07,-14.250911712646484,-0.0009121309849433601,assist,no
3054,0,0,3.927862805853228e-07,-14.750553131103516,-0.000553335587028414,assist,no
3055,0,0,5.422219098155045e-06,-12.126175880432129,-0.0011759040644392371,assist,no
3056,0,0,9.422449111901551e-07,-13.875204086303711,-0.0002044230350293219,assist,no
3057,0,0,1.3709576498282867e-06,-13.500554084777832,-0.0005544078885577619,assist,no
3058,0,0,1.55349724333028e-06,-13.376172065734863,-0.0011717366287484765,assist,no
3059,0,0,3.05902186185848e-07,-15.000710487365723,-0.0007103541865944862,assist,no
3060,0,0,8.93969443152439e-06,-11.626937866210938,-0.0019376566633582115,assist,no
3061,0,0,5.715005982429167e-07,-14.375431060791016,-0.00043132537393830717,assist,no
3062,0,0,3.288749539727765e-06,-12.625433921813965,-0.00043406602344475687,assist,no
3063,0,0,8.939698909692468e-06,-11.625920295715332,-0.0009205871028825641,assist,no
3064,0,0,0.00012339460663022238,-9.000833511352539,-0.0008337597246281803,assist,no
3065,0,0,1.3007127108230316e-05,-11.25118350982666,-0.0011834054021164775,assist,no
3066,0,0,2.5612816698752136e-06,-12.87617301940918,-0.0011728082317858934,assist,no
3067,0,0,1.2098661978997946e-06,-13.628178596496582,-0.003179021645337343,assist,no
3068,0,0,5.1442235746419707e-05,-9.875312805175781,-0.00031323294388130307,assist,no
3069,0,0,3.7266393804982203e-06,-12.501173973083496,-0.0011739989276975393,assist,no
3070,0,0,8.315281781920683e-07,-14.001502990722656,-0.0015031717484816909,assist,no
3071,0,0,4.006369950246758e-05,-10.125593185424805,-0.0005933669744990766,assist,no
3072,0,0,1.994729652094283e-06,-13.125555038452148,-0.0005550036439672112,assist,no
3073,0,0,7.33820676615564e-07,-14.125336647033691,-0.00033623288618400693,assist,no
3074,0,0,5.422219521392067e-06,-12.125715255737305,-0.0007153574260883033,assist,no
3075,0,0,1.9947296022838163e-06,-13.125913619995117,-0.0009135602158494294,assist,no
3076,0,0,0.0005527787227859074,-7.50126314163208,-0.001263297046534717,assist,no
3077,0,0,7.889259115981479e-06,-11.750635147094727,-0.0006347072194330394,assist,no
3078,0,0,1.8925141824999938e-05,-10.875823974609375,-0.0008236353169195354,assist,no
3079,0,0,2.7535703508205212e-05,-10.50023078918457,-0.00023123928986024112,assist,no
3080,0,0,4.222833070552006e-06,-12.375808715820312,-0.0008086272282525897,assist,no
3081,0,0,3.726638262502227e-06,-12.500556945800781,-0.0005566716426983476,assist,no
3082,0,0,4.539785515493476e-05,-10.000598907470703,-0.0005986090400256217,assist,no
3083,0,0,3.7266386110896106e-06,-12.50091552734375,-0.0009153467253781855,assist,no
3084,0,0,1.994729652094283e-06,-13.125555038452148,-0.0005550036439672112,assist,no
3085,0,0,7.889261492861578e-06,-11.750718116760254,-0.0007179781678132713,assist,no
3086,0,0,2.2603250270529544e-06,-13.000555038452148,-0.0005553610390052199,assist,no
3087,0,0,5.829126233619431e-05,-9.750768661499023,-0.0007686044555157423,assist,no
3088,0,0,4.2228348024605524e-06,-12.375556945800781,-0.000557267339900136,assist,no
3089,0,0,8.939700220465073e-06,-11.625561714172363,-0.0005621521850116551,assist,no
3090,0,0,2.430024137128466e-05,-10.626526832580566,-0.0015268584247678518,assist,no
3091,0,0,5.422218452410929e-06,-12.126175880432129,-0.0011757849715650082,assist,no
3092,0,0,7.338206930604365e-07,-14.125554084777832,-0.0005536930402740836,assist,no
3093,0,0,8.481105013492335e-05,-9.375996589660645,-0.0009966888464987278,assist,no
3094,0,0,1.8925156751243956e-05,-10.875728607177734,-0.0007290565990842879,assist,no
3095,0,0,1.1478763770110414e-05,-11.37572193145752,-0.0007215518853627145,assist,no
3096,0,0,1.9947296022838163e-06,-13.125913619995117,-0.0009135602158494294,assist,no
3097,0,0,5.829126563399624e-05,-9.750489234924316,-0.0004892344586551189,assist,no
3098,0,0,5.043474815495919e-07,-14.500431060791016,-0.0004312062228564173,assist,no
3099,0,0,4.4508504569747943e-07,-14.625710487365723,-0.0007104733376763761,assist,no
3100,0,0,1.7603438165556951e-06,-13.250711441040039,-0.0007117837085388601,assist,no
3101,0,0,0.0003353500442953118,-8.000717163085938,-0.0007169060409069061,assist,no
3102,0,0,0.0007096703376362511,-7.2508063316345215,-0.0008062449633143842,assist,no
3103,0,0,4.222831597225879e-06,-12.375631332397461,-0.0006308949086815119,assist,no
3104,0,0,7.338212621386759e-07,-14.125431060791016,-0.0004314445541240275,assist,no
3105,0,0,7.33820914575039e-07,-14.126171112060547,-0.0011710221879184246,assist,no
3106,0,0,4.222833573459239e-06,-12.375808715820312,-0.0008087463211268187,assist,no
3107,0,0,1.7603435293454388e-06,-13.251503944396973,-0.0015041239093989134,assist,no
3108,0,0,3.726640556194795e-06,-12.500713348388672,-0.0007136897183954716,assist,no
3109,0,0,2.2603247011592023e-06,-13.000913619995117,-0.0009137984015978873,assist,no
3110,0,0,4.785092478906146e-06,-12.251507759094238,-0.0015073377871885896,assist,no
3111,0,0,8.939695679333488e-06,-11.626511573791504,-0.0015115038258954883,assist,no
3112,0,0,1.5534979168180626e-06,-13.375711441040039,-0.0007115454645827413,assist,no
3113,0,0,3.288749012625885e-06,-12.625713348388672,-0.0007133323233574629,assist,no
3114,0,0,3.288750040986704e-06,-12.625914573669434,-0.0009148702956736088,assist,no
3115,0,0,1.3709571866684185e-06,-13.500711441040039,-0.0007114263135008514,assist,no
3116,0,0,0.010986944209307839,-4.511385440826416,-0.011385586112737656,assist,no
3117,0,0,5.8291254739715035e-05,-9.750612258911133,-0.000612071540672332,assist,no
3118,0,0,1.0677033173885698e-06,-13.751502990722656,-0.0015034097013995051,assist,no
3119,0,0,1.8925146815100868e-05,-10.875930786132812,-0.0009307105210609734,assist,no
3120,0,0,0.00013982210667591745,-8.875520706176758,-0.0005209281225688756,assist,no
3121,0,0,3.53562413014975e-05,-10.250239372253418,-0.00023910524032544345,assist,no
3122,0,0,4.7850937503853e-06,-12.250557899475098,-0.0005577438860200346,assist,no
3123,0,0,6.962257056593537e-06,-11.875494956970215,-0.0004950728034600616,assist,no
3124,0,0,9.42245029657135e-07,-13.875710487365723,-0.0007109498255886137,assist,no
3125,0,0,1.9947296022838163e-06,-13.125913619995117,-0.0009135602158494294,assist,no
3126,0,0,1.8925152901263285e-05,-10.876189231872559,-0.001189477858133614,assist,no
3127,0,0,1.3709574559538883e-06,-13.500336647033691,-0.00033682872890494764,assist,no
3128,0,0,5.715002595483533e-07,-14.376171112060547,-0.0011707840021699667,assist,no
3129,0,0,8.939697189401282e-06,-11.62571907043457,-0.0007191693875938654,assist,no
3130,0,0,1.0677028095426615e-06,-13.750336647033691,-0.000336590368533507,assist,no
3131,0,0,6.144172184954589e-06,-12.00026798248291,-0.0002675890573300421,assist,no
3132,0,0,1.2098653774675073e-06,-13.625711441040039,-0.0007111880695447326,assist,no
3133,0,0,1.9947289779695166e-06,-13.125712394714355,-0.0007120219524949789,assist,no
3134,0,0,4.785093913324055e-06,-12.250493049621582,-0.0004929280839860439,assist,no
3135,0,0,4.2228315377422516e-06,-12.376174926757812,-0.0011744751827791333,assist,no
3136,0,0,6.144174490989974e-06,-12.000716209411621,-0.0007161913090385497,assist,no
3137,0,0,8.939699974337451e-06,-11.625920295715332,-0.000920706195756793,assist,no
3138,0,0,2.260323993850194e-06,-13.000712394714355,-0.0007122601964510977,assist,no
3139,0,0,5.043471827407549e-07,-14.501171112060547,-0.0011706650257110596,assist,no
3140,0,0,1.2098653246499968e-06,-13.626503944396973,-0.0015036477707326412,assist,no
3141,0,0,1.473897608237696e-05,-11.125568389892578,-0.0005679901223629713,assist,no
3142,0,0,6.475950691186178e-07,-14.250911712646484,-0.0009121309849433601,assist,no
3143,0,0,1.670141803927279e-05,-11.001187324523926,-0.0011870964663103223,assist,no
3144,0,0,4.222831522502646e-06,-12.377480506896973,-0.002480051713064313,assist,no
3145,0,0,9.422444282454055e-07,-13.875336647033691,-0.0003364712174516171,assist,no
3146,0,0,6.144172506469086e-06,-12.002482414245605,-0.002482073148712516,assist,no
3147,0,0,2.561281205696514e-06,-12.875264167785645,-0.0002637753786984831,assist,no
3148,0,0,2.260323993850194e-06,-13.000712394714355,-0.0007122601964510977,assist,no
3149,0,0,3.288749012625885e-06,-12.625713348388672,-0.0007133323233574629,assist,no
3150,0,0,1.5534971453544703e-06,-13.375263214111328,-0.0002628219372127205,assist,no
3151,0,0,2.561283342171549e-06,-12.875555038452148,-0.0005554801900871098,assist,no
3152,0,0,4.785095182853896e-06,-12.251174926757812,-0.0011750705307349563,assist,no
3153,0,0,0.0004305571834322181,-7.750691890716553,-0.0006921279709786177,assist,no
3154,0,0,1.3007122565603531e-05,-11.250818252563477,-0.0008177988929674029,assist,no
3155,0,0,3.726637599709068e-06,-12.500434875488281,-0.00043442347669042647,assist,no
3156,0,0,5.422221152164705e-06,-12.125385284423828,-0.0003856868715956807,assist,no
3157,0,0,2.430023106153692e-05,-10.625286102294922,-0.0002857038634829223,assist,no
3158,0,0,2.561281140173303e-06,-12.875914573669434,-0.0009141556802205741,assist,no
3159,0,0,0.0002034269162281286,-8.500362396240234,-0.0003620922507252544,assist,no
3160,0,0,2.2603232821996695e-06,-13.00117301940918,-0.0011725700460374355,assist,no
3161,0,0,2.2603247011592023e-06,-13.000913619995117,-0.0009137984015978873,assist,no
3162,0,0,4.45084853490907e-07,-14.627476692199707,-0.002476246329024434,assist,no
3163,0,0,1.3709571866684185e-06,-13.500711441040039,-0.0007114263135008514,assist,no
3164,0,0,5.8291255048459825e-05,-9.750354766845703,-0.0003545847721397877,assist,no
3165,0,0,1.5534979168180626e-06,-13.375711441040039,-0.0007115454645827413,assist,no
3166,0,0,8.939700220465073e-06,-11.625561714172363,-0.0005621521850116551,assist,no
3167,0,0,0.0009110510241170087,-7.001343250274658,-0.0013430631952360272,assist,no
3168,0,0,8.939699827597521e-06,-11.625635147094727,-0.0006355411605909467,assist,no
3169,0,0,5.715002595483533e-07,-14.376171112060547,-0.0011707840021699667,assist,no
3170,0,0,1.892514407440068e-05,-10.875450134277344,-0.0004499138449318707,assist,no
3171,0,0,2.902311366228554e-06,-12.750433921813965,-0.0004337085410952568,assist,no
3172,0,0,2.1444942449365632e-05,-10.750283241271973,-0.0002829628065228462,assist,no
3173,0,0,1.0129992624782308e-05,-11.50039005279541,-0.000390215078368783,assist,no
3174,0,0,3.120191489184004e-05,-10.376201629638672,-0.0012017417466267943,assist,no
3175,0,0,2.902313141073503e-06,-12.751931190490723,-0.0019315887475386262,assist,no
3176,0,0,1.7603424191342756e-06,-13.250432968139648,-0.0004325169720686972,assist,no
3177,0,0,4.4508504569747943e-07,-14.625710487365723,-0.0007104733376763761,assist,no
3178,0,0,3.120191089816204e-05,-10.375519752502441,-0.0005197366117499769,assist,no
3179,0,0,4.0063687500072984e-05,-10.126543045043945,-0.00154292699880898,assist,no
3180,0,0,5.422220624459628e-06,-12.126331329345703,-0.0013316344702616334,assist,no
3181,0,0,4.539785141332059e-05,-10.000534057617188,-0.0005336767644621432,assist,no
3182,0,0,3.059023454769813e-07,-15.00117015838623,-0.0011705459328368306,assist,no
3183,0,0,6.1441764086335836e-06,-12.000917434692383,-0.0009177286992780864,assist,no
3184,0,0,3.0590213664999045e-07,-15.001502990722656,-0.0015026956098154187,assist,no
3185,0,0,6.144175222712922e-06,-12.000716209411621,-0.0007163104019127786,assist,no
3186,0,0,1.7603438165556951e-06,-13.250711441040039,-0.0007117837085388601,assist,no
3187,0,0,4.222835200165454e-06,-12.376036643981934,-0.0010370597010478377,assist,no
3188,0,0,5.422217335456843e-06,-12.125917434692383,-0.0009171332349069417,assist,no
3189,0,0,3.9278635299296244e-07,-14.75247573852539,-0.002476127352565527,assist,no
3190,0,0,7.88926105201823e-06,-11.750388145446777,-0.00038795097498223186,assist,no
3191,0,0,7.889263226386445e-06,-11.750560760498047,-0.0005608416395261884,assist,no
3192,0,0,2.1444942322045854e-05,-10.750575065612793,-0.0005747812101617455,assist,no
3193,0,0,4.22283287096225e-06,-12.375714302062988,-0.0007141662063077092,assist,no
3194,0,0,2.1444943075978692e-05,-10.750510215759277,-0.0005099665140733123,assist,no
3195,0,0,3.7266379451510776e-06,-12.500492095947266,-0.0004917366313748062,assist,no
3196,0,0,8.315280519615657e-07,-14.001171112060547,-0.0011711412807926536,assist,no
3197,0,0,1.209865570673979e-06,-13.625432014465332,-0.0004319211875554174,assist,no
3198,0,0,2.9023133235247868e-06,-12.750712394714355,-0.0007128558354452252,assist,no
3199,0,0,1.3007125804496269e-05,-11.250639915466309,-0.000639710808172822,assist,no
3200,0,0,4.539788520016055e-05,-10.000475883483887,-0.000476246903417632,assist,no
3201,0,0,2.9023121021150205e-06,-12.750629425048828,-0.0006294653285294771,assist,no
3202,0,0,1.3709571866684185e-06,-13.500711441040039,-0.0007114263135008514,assist,no
3203,0,0,3.2887489180595855e-06,-12.625299453735352,-0.00029940891545265913,assist,no
3204,0,0,6.962254124987612e-06,-11.876509666442871,-0.0015093612018972635,assist,no
3205,0,0,1.0129992800494197e-05,-11.501336097717285,-0.0013362773461267352,assist,no
3206,0,0,0.00043055715983423697,-7.751141548156738,-0.001141730579547584,assist,no
3207,0,0,3.120192231982822e-05,-10.376201629638672,-0.0012019798159599304,assist,no
3208,0,0,0.00029595711030980866,-8.12610149383545,-0.0011014830088242888,assist,no
3209,0,0,4.4508504569747943e-07,-14.625710487365723,-0.0007104733376763761,assist,no
3210,0,0,3.726638706316661e-06,-12.500556945800781,-0.0005567907355725765,assist,no
3211,0,0,5.422221356681996e-06,-12.125557899475098,-0.0005583396414294839,assist,no
3212,0,0,1.0129988165357127e-05,-11.500563621520996,-0.0005633435794152319,assist,no
3213,0,0,1.4738977838516127e-05,-11.125568389892578,-0.0005681092734448612,assist,no
3214,0,0,3.120191207501662e-05,-10.37565803527832,-0.000658057106193155,assist,no
3215,0,0,1.209865614970273e-06,-13.625336647033691,-0.000336590368533507,assist,no
3216,0,0,2.260324757733407e-06,-13.000555038452148,-0.0005552418879233301,assist,no
3217,0,0,1.55349724333028e-06,-13.376172065734863,-0.0011717366287484765,assist,no
3218,0,0,1.5534981649904265e-06,-13.375432014465332,-0.000432278640801087,assist,no
3219,0,0,2.902311536854187e-06,-12.750555992126465,-0.0005558376433327794,assist,no
3220,0,0,7.889263226386445e-06,-11.750560760498047,-0.0005608416395261884,assist,no
3221,0,0,4.785092900179322e-06,-12.250435829162598,-0.0004354958946350962,assist,no
3222,0,0,2.260324757733407e-06,-13.000555038452148,-0.0005552418879233301,assist,no
3223,0,0,2.2603243554645282e-06,-13.000432968139648,-0.00043299360550008714,assist,no
3224,0,0,3.7266390581578586e-06,-12.501036643981934,-0.001036583329550922,assist,no
3225,0,0,8.315280519615657e-07,-14.001171112060547,-0.0011711412807926536,assist,no
3226,0,0,1.3007130752932352e-05,-11.251338958740234,-0.0013391345273703337,assist,no
3227,0,0,1.4738985128168826e-05,-11.125724792480469,-0.0007250064518302679,assist,no
3228,0,0,1.9947300136556108e-06,-13.127477645874023,-0.002477792324498296,assist,no
3229,0,0,2.7535689752251073e-05,-10.500580787658691,-0.0005807381821796298,assist,no
3230,0,0,3.2887502364365537e-06,-12.62549114227295,-0.0004914983292110264,assist,no
3231,0,0,6.605211643236239e-05,-9.625619888305664,-0.0006194579764269292,assist,no
3232,0,0,1.0677028071499474e-06,-13.7509126663208,-0.0009126074146479368,assist,no
3233,0,0,7.889259250530508e-06,-11.751041412353516,-0.0010409895330667496,assist,no
3234,0,0,6.144175222712922e-06,-12.000716209411621,-0.0007163104019127786,assist,no
3235,0,0,4.22283287096225e-06,-12.375714302062988,-0.0007141662063077092,assist,no
3236,0,0,5.422216831738715e-06,-12.125558853149414,-0.0005584587925113738,assist,no
3237,0,0,1.3709576159132328e-06,-13.5009126663208,-0.0009129646932706237,assist,no
3238,0,0,0.00026119033479660354,-8.25059700012207,-0.0005970602505840361,assist,no
3239,0,0,4.7850966947033865e-06,-12.250714302062988,-0.0007147617870941758,assist,no
3240,0,0,0.000335350054949626,-8.00067138671875,-0.0006711614551022649,assist,no
3241,0,0,2.5612827816085123e-06,-12.875712394714355,-0.0007126175914891064,assist,no
3242,0,0,7.338206750778618e-07,-14.1259126663208,-0.000912250077817589,assist,no
3243,0,0,4.0063683011127025e-05,-10.125471115112305,-0.00047088501742109656,assist,no
3244,0,0,1.300713094599408e-05,-11.250308990478516,-0.0003091811086051166,assist,no
3245,0,0,4.222832676780107e-06,-12.376506805419922,-0.0015066235791891813,assist,no
3246,0,0,3.288749012625885e-06,-12.625713348388672,-0.0007133323233574629,assist,no
3247,0,0,2.9023118091794762e-06,-12.750914573669434,-0.0009145130170509219,assist,no
3248,0,0,6.9622556171319166e-06,-11.875811576843262,-0.0008114859228953719,assist,no
3249,0,0,6.962256818709515e-06,-11.87555980682373,-0.0005598884890787303,assist,no
3250,0,0,1.2098661509978136e-06,-13.626171112060547,-0.0011714984430000186,assist,no
3251,0,0,9.42245029657135e-07,-13.875710487365723,-0.0007109498255886137,assist,no
3252,0,0,7.33820914575039e-07,-14.126171112060547,-0.0011710221879184246,assist,no
3253,0,0,3.466326919926194e-07,-14.875553131103516,-0.000553335587028414,assist,no
3254,0,0,1.7603438165556951e-06,-13.250711441040039,-0.0007117837085388601,assist,no
3255,0,0,2.5612826213411767e-06,-12.876931190490723,-0.001931350794620812,assist,no
3256,0,0,2.9023110388300895e-06,-12.750807762145996,-0.0008074360666796565,assist,no
3257,0,0,1.6701415153978606e-05,-11.000570297241211,-0.0005698964232578874,assist,no
3258,0,0,9.422444261886882e-07,-13.8759126663208,-0.0009124883217737079,assist,no
3259,0,0,2.699576656410792e-07,-15.126502990722656,-0.0015025765169411898,assist,no
3260,0,0,1.8925156751243956e-05,-10.875728607177734,-0.0007290565990842879,assist,no
3261,0,0,5.422219521392067e-06,-12.125715255737305,-0.0007153574260883033,assist,no
3262,0,0,7.484619490372964e-05,-9.500628471374512,-0.0006280356901697814,assist,no
3263,0,0,1.6701425398330617e-05,-11.000726699829102,-0.0007269124034792185,assist,no
3264,0,0,6.962254124987612e-06,-11.876509666442871,-0.0015093612018972635,assist,no
3265,0,0,8.315278010010566e-07,-14.000554084777832,-0.0005538121913559735,assist,no
3266,0,0,1.0677028334387279e-06,-13.750554084777832,-0.0005540504935197532,assist,no
3267,0,0,5.4222201674519255e-06,-12.125715255737305,-0.0007154765771701932,assist,no
3268,0,0,2.4300232987984165e-05,-10.625936508178711,-0.000936189026106149,assist,no
3269,0,0,8.315283131832212e-07,-14.000710487365723,-0.0007108307327143848,assist,no
3270,0,0,5.422220557549658e-06,-12.126507759094238,-0.001508051878772676,assist,no
3271,0,0,3.2887500527596376e-06,-12.625338554382324,-0.00033885458833537996,assist,no
3272,0,0,3.2887475761372957e-06,-12.627479553222656,-0.0024791003670543432,assist,no
3273,0,0,1.6701415153978606e-05,-11.000570297241211,-0.0005698964232578874,assist,no
3274,0,0,4.539785917003589e-05,-10.000426292419434,-0.0004260824352968484,assist,no
3275,0,0,2.5612827816085123e-06,-12.875712394714355,-0.0007126175914891064,assist,no
3276,0,0,4.7850966947033865e-06,-12.250714302062988,-0.0007147617870941758,assist,no
3277,0,0,2.430023379137778e-05,-10.625577926635742,-0.0005776405450887978,assist,no
3278,0,0,7.484621654798874e-05,-9.50023365020752,-0.0002335037279408425,assist,no
3279,0,0,9.610237218450985e-05,-9.250432014465332,-0.00043156370520591736,assist,no
3280,0,0,6.475949932386481e-07,-14.250335693359375,-0.0003359945258125663,assist,no
3281,0,0,3.288750432652134e-06,-12.625914573669434,-0.0009149893885478377,assist,no
3282,0,0,1.2098657563451809e-06,-13.6259126663208,-0.0009127265075221658,assist,no
3283,0,0,1.3709571866684185e-06,-13.500711441040039,-0.0007114263135008514,assist,no
3284,0,0,1.3007131267006528e-05,-11.250722885131836,-0.0007231004419736564,assist,no
3285,0,0,1.6373762543311177e-07,-15.625710487365723,-0.0007101159426383674,assist,no
3286,0,0,1.3007123730787151e-05,-11.25050163269043,-0.0005012686015106738,assist,no
3287,0,0,2.260324402039564e-06,-13.000382423400879,-0.00038246947224251926,assist,no
3288,0,0,1.3709574056798151e-06,-13.500432014465332,-0.00043215948971919715,assist,no
3289,0,0,1.670142340837107e-05,-11.000726699829102,-0.0007267932523973286,assist,no
3290,0,0,8.315279535134032e-07,-14.002476692199707,-0.002476603025570512,assist,no
3291,0,0,5.422221356681996e-06,-12.125557899475098,-0.0005583396414294839,assist,no
3292,0,0,1.7603432627307513e-06,-13.251172065734863,-0.0011720937909558415,assist,no
3293,0,0,2.2603232821996695e-06,-13.00117301940918,-0.0011725700460374355,assist,no
3294,0,0,9.422442814506533e-07,-13.875432014465332,-0.0004316828562878072,assist,no
3295,0,0,1.4738975797980237e-05,-11.125350952148438,-0.0003505330823827535,assist,no
3296,0,0,3.726638262502227e-06,-12.500556945800781,-0.0005566716426983476,assist,no
3297,0,0,1.14787662983688e-05,-11.375564575195312,-0.0005644158809445798,assist,no
3298,0,0,3.7266380438488008e-06,-12.500434875488281,-0.0004345426568761468,assist,no
3299,0,0,0.000911051207963998,-7.002840518951416,-0.0028405338525772095,assist,no
3300,0,0,5.1442204942323826e-05,-9.875761985778809,-0.0007618147064931691,assist,no
3301,0,0,1.3709571866684185e-06,-13.500711441040039,-0.0007114263135008514,assist,no
3302,0,0,4.5397874938460555e-05,-10.000957489013672,-0.0009576263837516308,assist,no
3303,0,0,8.93969328258272e-06,-11.626179695129395,-0.0011793570592999458,assist,no
3304,0,0,8.939699175593526e-06,-11.625269889831543,-0.00027021096320822835,assist,no
3305,0,0,1.0677024727915184e-06,-13.750711441040039,-0.0007110689766705036,assist,no
3306,0,0,1.0677024727915184e-06,-13.750711441040039,-0.0007110689766705036,assist,no
3307,0,0,3.288749539727765e-06,-12.625433921813965,-0.00043406602344475687,assist,no
3308,0,0,1.7603424310202432e-06,-13.25080680847168,-0.0008063640561886132,assist,no
3309,0,0,4.222833573459239e-06,-12.375808715820312,-0.0008087463211268187,assist,no
3310,0,0,9.422444261886882e-07,-13.8759126663208,-0.0009124883217737079,assist,no
3311,0,0,1.9947302526065817e-06,-13.126172065734863,-0.0011723319767042994,assist,no
3312,0,0,0.00013982202213462647,-8.876311302185059,-0.0013109194114804268,assist,no
3313,0,0,3.726638262502227e-06,-12.500556945800781,-0.0005566716426983476,assist,no
3314,0,0,3.7266390581578586e-06,-12.501036643981934,-0.001036583329550922,assist,no
3315,0,0,1.473897608237696e-05,-11.125568389892578,-0.0005679901223629713,assist,no
3316,0,0,2.9023110204160388e-06,-12.750433921813965,-0.00043358939001336694,assist,no
3317,0,0,1.0677026823248602e-06,-13.750336647033691,-0.0003364712174516171,assist,no
3318,0,0,3.288750040986704e-06,-12.625914573669434,-0.0009148702956736088,assist,no
3319,0,0,1.8925144800333693e-05,-10.875354766845703,-0.0003545847721397877,assist,no
3320,0,0,8.315278010010566e-07,-14.000554084777832,-0.0005538121913559735,assist,no
3321,0,0,1.4738977799910232e-05,-11.126717567443848,-0.0017172842053696513,assist,no
3322,0,0,2.4300232695198123e-05,-10.625651359558105,-0.0006510283565148711,assist,no
3323,0,0,3.288748863693536e-06,-12.626505851745605,-0.001505790394730866,assist,no
3324,0,0,4.785093626440438e-06,-12.250916481018066,-0.0009162995265796781,assist,no
3325,0,0,2.902313141073503e-06,-12.751931190490723,-0.0019315887475386262,assist,no
3326,0,0,1.760343053086794e-06,-13.251172065734863,-0.0011719746980816126,assist,no
3327,0,0,2.561283342171549e-06,-12.875555038452148,-0.0005554801900871098,assist,no
3328,0,0,1.0129988165357127e-05,-11.500563621520996,-0.0005633435794152319,assist,no
3329,0,0,8.939700240758895e-06,-11.625269889831543,-0.0002703301142901182,assist,no
3330,0,0,7.338212621386759e-07,-14.125431060791016,-0.0004314445541240275,assist,no
3331,0,0,9.422444261886882e-07,-13.8759126663208,-0.0009124883217737079,assist,no
3332,0,0,3.726638181266404e-06,-12.50033950805664,-0.0003392120997887105,assist,no
3333,0,0,8.93969612475663e-06,-11.62571907043457,-0.0007190502947196364,assist,no
3334,0,0,3.288748863693536e-06,-12.626505851745605,-0.001505790394730866,assist,no
3335,0,0,4.785094325545204e-06,-12.250266075134277,-0.00026603974401950836,assist,no
3336,0,0,1.7603427325754552e-06,-13.250555038452148,-0.0005547653418034315,assist,no
3337,0,0,1.892514581157274e-05,-10.875507354736328,-0.0005072260973975062,assist,no
3338,0,0,2.5612832777664278e-06,-12.875913619995117,-0.0009140365873463452,assist,no
3339,0,0,1.994729652094283e-06,-13.125555038452148,-0.0005550036439672112,assist,no
3340,0,0,1.3007131267006528e-05,-11.250722885131836,-0.0007231004419736564,assist,no
3341,0,0,2.561282361931744e-06,-12.876504898071289,-0.0015049570938572288,assist,no
3342,0,0,3.4663251881629375e-07,-14.876502990722656,-0.0015026956098154187,assist,no
3343,0,0,1.4738984529348214e-05,-11.126340866088867,-0.0013410394312813878,assist,no
3344,0,0,5.715005071115551e-07,-14.375710487365723,-0.000710592488758266,assist,no
3345,0,0,1.6701428138292412e-05,-11.000447273254395,-0.00044764988706447184,assist,no
3346,0,0,5.422217335456843e-06,-12.125917434692383,-0.0009171332349069417,assist,no
3347,0,0,5.422217484268316e-06,-12.125267028808594,-0.00026675479602999985,assist,no
3348,0,0,0.0005527787596391718,-7.501106262207031,-0.0011064843274652958,assist,no
3349,0,0,1.2098657862046906e-06,-13.625554084777832,-0.0005541696446016431,assist,no
3350,0,0,1.9947296022838163e-06,-13.125913619995117,-0.0009135602158494294,assist,no
3351,0,0,5.829125175744408e-05,-9.751091957092285,-0.0010917185572907329,assist,no
3352,0,0,3.2887500527596376e-06,-12.625338554382324,-0.00033885458833537996,assist,no
3353,0,0,3.9278621058975974e-07,-14.750431060791016,-0.00043108707177452743,assist,no
3354,0,0,4.006369950246758e-05,-10.125593185424805,-0.0005933669744990766,assist,no
3355,0,0,4.785092927335777e-06,-12.250809669494629,-0.0008093419019132853,assist,no
3356,0,0,1.4738985809348751e-05,-11.125819206237793,-0.000819466426037252,assist,no
3357,0,0,6.144174198801509e-06,-12.001508712768555,-0.0015086471103131771,assist,no
3358,0,0,6.9622581726628004e-06,-11.875633239746094,-0.0006335158832371235,assist,no
3359,0,0,1.5534979168180626e-06,-13.375711441040039,-0.0007115454645827413,assist,no
3360,0,0,4.7850937503853e-06,-12.250557899475098,-0.0005577438860200346,assist,no
3361,0,0,4.22283287096225e-06,-12.375714302062988,-0.0007141662063077092,assist,no
3362,0,0,1.0129986958960011e-05,-11.500563621520996,-0.000563224486541003,assist,no
3363,0,0,2.260323993850194e-06,-13.000712394714355,-0.0007122601964510977,assist,no
3364,0,0,3.2887501246415356e-06,-12.625555992126465,-0.000556314189452678,assist,no
3365,0,0,8.939698397143486e-06,-11.625496864318848,-0.0004970983718521893,assist,no
3366,0,0,1.553497262862145e-06,-13.375628471374512,-0.0006281548412516713,assist,no
3367,0,0,7.889264165934124e-06,-11.750560760498047,-0.0005609607324004173,assist,no
3368,0,0,2.561283244371181e-06,-12.875382423400879,-0.0003828269545920193,assist,no
3369,0,0,1.1478769894322881e-05,-11.375638008117676,-0.0006381620769388974,assist,no
3370,0,0,1.0129989957263956e-05,-11.501180648803711,-0.0011805477552115917,assist,no
3371,0,0,1.209865795236488e-06,-13.625231742858887,-0.00023183519078884274,assist,no
3372,0,0,6.1441764086335836e-06,-12.000917434692383,-0.0009177286992780864,assist,no
3373,0,0,6.962254460537687e-06,-11.875717163085938,-0.0007169060409069061,assist,no
3374,0,0,4.785092536839909e-06,-12.251331329345703,-0.0013309201458469033,assist,no
3375,0,0,2.561283086638277e-06,-12.875712394714355,-0.0007127366843633354,assist,no
3376,0,0,1.1478770401444703e-05,-11.375564575195312,-0.0005647733341902494,assist,no
3377,0,0,1.9947289779695166e-06,-13.125712394714355,-0.0007120219524949789,assist,no
3378,0,0,1.7603426887203276e-06,-13.250913619995117,-0.0009133219718933105,assist,no
3379,0,0,4.0063683011127025e-05,-10.125471115112305,-0.00047088501742109656,assist,no
3380,0,0,8.315281781920683e-07,-14.001502990722656,-0.0015031717484816909,assist,no
3381,0,0,1.7603424191342756e-06,-13.250432968139648,-0.0004325169720686972,assist,no
3382,0,0,4.006368518564235e-05,-10.125336647033691,-0.0003364712174516171,assist,no
3383,0,0,4.222834693571021e-06,-12.37591552734375,-0.0009158230968751013,assist,no
3384,0,0,7.484621435241502e-05,-9.500336647033691,-0.0003364712174516171,assist,no
3385,0,0,0.00020342698563191052,-8.50063419342041,-0.0006342306733131409,assist,no
3386,0,0,1.7603426887203276e-06,-13.250913619995117,-0.0009133219718933105,assist,no
3387,0,0,8.315276528448498e-07,-14.000432014465332,-0.00043156370520591736,assist,no
3388,0,0,8.315280519615657e-07,-14.001171112060547,-0.0011711412807926536,assist,no
3389,0,0,6.144175954793594e-06,-12.000716209411621,-0.0007164295529946685,assist,no
3390,0,0,5.422221203294027e-06,-12.126507759094238,-0.001508170971646905,assist,no
3391,0,0,1.3709567556681373e-06,-13.501172065734863,-0.0011717366287484765,assist,no
3392,0,0,1.8925148812243184e-05,-10.875645637512207,-0.0006456674309447408,assist,no
3393,0,0,7.88926243240905e-06,-11.750718116760254,-0.0007180972606875002,assist,no
3394,0,0,1.6701422075574647e-05,-11.001945495605469,-0.0019455092260614038,assist,no
3395,0,0,3.120191207501662e-05,-10.37565803527832,-0.000658057106193155,assist,no
3396,0,0,1.473898337202879e-05,-11.125724792480469,-0.000724887300748378,assist,no
3397,0,0,5.422218532576616e-06,-12.125632286071777,-0.0006322053959593177,assist,no
3398,0,0,2.9023110204160388e-06,-12.750433921813965,-0.00043358939001336694,assist,no
3399,0,0,4.222832178297382e-06,-12.378182411193848,-0.00318211130797863,assist,no
3400,0,0,3.5356240915120906e-05,-10.25074577331543,-0.0007454953738488257,assist,no
3401,0,0,3.535624512564863e-05,-10.25074577331543,-0.0007456144667230546,assist,no
3402,0,0,8.93969328258272e-06,-11.626179695129395,-0.0011793570592999458,assist,no
3403,0,0,1.994729652094283e-06,-13.125555038452148,-0.0005550036439672112,assist,no
3404,0,0,9.61024300198356e-05,-9.251266479492188,-0.0012666305992752314,assist,no
3405,0,0,1.1478768062270325e-05,-11.375499725341797,-0.0004997196956537664,assist,no
3406,0,0,5.422221356681996e-06,-12.125557899475098,-0.0005583396414294839,assist,no
3407,0,0,2.561283342171549e-06,-12.875555038452148,-0.0005554801900871098,assist,no
3408,0,0,9.610239524032896e-05,-9.250649452209473,-0.0006492413813248277,assist,no
3409,0,0,8.939694497089002e-06,-11.625636100769043,-0.0006358985556289554,assist,no
3410,0,0,4.222835200165454e-06,-12.376036643981934,-0.0010370597010478377,assist,no
3411,0,0,7.889260552855008e-06,-11.750718116760254,-0.0007178590167313814,assist,no
3412,0,0,3.726640786670412e-06,-12.500383377075195,-0.00038378025055862963,assist,no
3413,0,0,3.7266389880933015e-06,-12.500630378723145,-0.0006302992696873844,assist,no
3414,0,0,2.7535692090654605e-05,-10.50093936920166,-0.0009394046501256526,assist,no
3415,0,0,3.5356240915120906e-05,-10.25074577331543,-0.0007454953738488257,assist,no
3416,0,0,6.9622549541367426e-06,-11.876509666442871,-0.0015094802947714925,assist,no
3417,0,0,8.939697189401282e-06,-11.62571907043457,-0.0007191693875938654,assist,no
3418,0,0,6.144176212649092e-06,-12.000436782836914,-0.00043704494601115584,assist,no
3419,0,0,1.0677028334387279e-06,-13.750554084777832,-0.0005540504935197532,assist,no
3420,0,0,2.9023124089033723e-06,-12.75117301940918,-0.0011731653939932585,assist,no
3421,0,0,5.715006191504058e-07,-14.375335693359375,-0.0003359945258125663,assist,no
3422,0,0,5.144222214686421e-05,-9.875387191772461,-0.0003873551613651216,assist,no
3423,0,0,1.0677033568217595e-06,-13.750204086303711,-0.00020454221521504223,assist,no
3424,0,0,1.5534976636271327e-06,-13.376503944396973,-0.0015038858400657773,assist,no
3425,0,0,1.7603437389894528e-06,-13.251503944396973,-0.0015042430022731423,assist,no
3426,0,0,7.88925898877984e-06,-11.751178741455078,-0.001178285456262529,assist,no
3427,0,0,2.4300234177515915e-05,-10.62573528289795,-0.0007350126979872584,assist,no
3428,0,0,2.4300238737623896e-05,-10.626057624816895,-0.001057542278431356,assist,no
3429,0,0,9.422444261886882e-07,-13.8759126663208,-0.0009124883217737079,assist,no
3430,0,0,1.7603426887203276e-06,-13.250913619995117,-0.0009133219718933105,assist,no
3431,0,0,4.4508519598602985e-07,-14.625553131103516,-0.0005534547381103039,assist,no
3432,0,0,1.892514456129353e-05,-10.875930786132812,-0.0009305914281867445,assist,no
3433,0,0,1.5534984416468217e-06,-13.375554084777832,-0.0005545270396396518,assist,no
3434,0,0,1.8925156751243956e-05,-10.875728607177734,-0.0007290565990842879,assist,no
3435,0,0,1.7603426887203276e-06,-13.250913619995117,-0.0009133219718933105,assist,no
3436,0,0,5.8291238077677555e-05,-9.750685691833496,-0.0006852186052128673,assist,no
3437,0,0,1.473898277406616e-05,-11.126340866088867,-0.0013409203384071589,assist,no
3438,0,0,1.2098657862046906e-06,-13.625554084777832,-0.0005541696446016431,assist,no
3439,0,0,1.8925140958066416e-05,-10.87572956085205,-0.0007291757501661777,assist,no
3440,0,0,3.7266380438488008e-06,-12.500434875488281,-0.0004345426568761468,assist,no
3441,0,0,1.670142340837107e-05,-11.000726699829102,-0.0007267932523973286,assist,no
3442,0,0,6.475949932386481e-07,-14.250335693359375,-0.0003359945258125663,assist,no
3443,0,0,8.315283131832212e-07,-14.000710487365723,-0.0007108307327143848,assist,no
3444,0,0,8.315277805757303e-07,-14.0009126663208,-0.000912369170691818,assist,no
3445,0,0,2.7535703316276535e-05,-10.500737190246582,-0.0007376333815045655,assist,no
3446,0,0,1.3709569398467266e-06,-13.501930236816406,-0.0019300420535728335,assist,no
3447,0,0,2.7535689752251073e-05,-10.500580787658691,-0.0005807381821796298,assist,no
3448,0,0,1.7603438165556951e-06,-13.250711441040039,-0.0007117837085388601,assist,no
3449,0,0,1.9947293701833125e-06,-13.125337600708008,-0.00033742457162588835,assist,no
3450,0,0,2.753568553222655e-05,-10.50093936920166,-0.0009391664643771946,assist,no
3451,0,0,2.902311463535845e-06,-12.750914573669434,-0.000914393924176693,assist,no
3452,0,0,6.144176571357938e-06,-12.000558853149414,-0.000559173640795052,assist,no
3453,0,0,9.42244449333613e-07,-13.875554084777832,-0.0005539313424378633,assist,no
3454,0,0,6.144176627149146e-06,-12.000236511230469,-0.00023684080224484205,assist,no
3455,0,0,6.9622556171319166e-06,-11.875811576843262,-0.0008114859228953719,assist,no
3456,0,0,0.0003353501517751124,-8.00076675415039,-0.0007668177131563425,assist,no
3457,0,0,1.5534984031256146e-06,-13.3759126663208,-0.0009130837861448526,assist,no
3458,0,0,6.962254460537687e-06,-11.875717163085938,-0.0007169060409069061,assist,no
3459,0,0,1.4738985781895654e-05,-11.125445365905762,-0.0004456242313608527,assist,no
3460,0,0,8.315278010010566e-07,-14.000554084777832,-0.0005538121913559735,assist,no
3461,0,0,6.605214130041988e-05,-9.625328063964844,-0.0003280101518612355,assist,no
3462,0,0,1.6701424700337942e-05,-11.0013427734375,-0.0013429442187771201,assist,no
3463,0,0,1.9947289779695166e-06,-13.125712394714355,-0.0007120219524949789,assist,no
3464,0,0,5.422217886516953e-06,-12.125632286071777,-0.0006320862448774278,assist,no
3465,0,0,6.962254270676319e-06,-11.875303268432617,-0.00030298411729745567,assist,no
3466,0,0,3.535626427059116e-05,-10.251068115234375,-0.0010684978915378451,assist,no
3467,0,0,6.475950691186178e-07,-14.250911712646484,-0.0009121309849433601,assist,no
3468,0,0,1.6701421419383884e-05,-11.000726699829102,-0.0007266741595230997,assist,no
3469,0,0,2.2603243554645282e-06,-13.000432968139648,-0.00043299360550008714,assist,no
3470,0,0,4.785095813441024e-06,-12.251933097839355,-0.001933373394422233,assist,no
3471,0,0,3.7266404494710318e-06,-12.500299453735352,-0.00029976642690598965,assist,no
3472,0,0,9.422446214397294e-07,-13.876171112060547,-0.0011711412807926536,assist,no
3473,0,0,1.994729296918977e-06,-13.125432968139648,-0.00043275527423247695,assist,no
3474,0,0,2.561281204727456e-06,-12.875555992126465,-0.0005555993411689997,assist,no
3475,0,0,6.962256227038901e-06,-11.875494956970215,-0.0004949536523781717,assist,no
3476,0,0,1.7603437389894528e-06,-13.251503944396973,-0.0015042430022731423,assist,no
3477,0,0,6.144172012574186e-06,-12.0009183883667,-0.0009179668850265443,assist,no
3478,0,0,1.3709576498282867e-06,-13.500554084777832,-0.0005544078885577619,assist,no
3479,0,0,2.902311463535845e-06,-12.750914573669434,-0.000914393924176693,assist,no
3480,0,0,3.5356244582354707e-05,-10.25033187866211,-0.000331704446580261,assist,no
3481,0,0,1.8553911316581855e-07,-15.500911712646484,-0.0009117737063206732,assist,no
3482,0,0,1.3709571866684185e-06,-13.500711441040039,-0.0007114263135008514,assist,no
3483,0,0,7.484624019832952e-05,-9.500370979309082,-0.0003711488388944417,assist,no
3484,0,0,3.726638262502227e-06,-12.500556945800781,-0.0005566716426983476,assist,no
3485,0,0,3.288749012625885e-06,-12.625713348388672,-0.0007133323233574629,assist,no
3486,0,0,4.5397847316306276e-05,-10.000476837158203,-0.00047636605449952185,assist,no
3487,0,0,1.6701416399282403e-05,-11.000643730163574,-0.0006434039096347988,assist,no
3488,0,0,8.315276528448498e-07,-14.000432014465332,-0.00043156370520591736,assist,no
3489,0,0,9.422448765824429e-07,-13.876502990722656,-0.001503290724940598,assist,no
3490,0,0,6.144176627149146e-06,-12.000236511230469,-0.00023684080224484205,assist,no
3491,0,0,6.144177303081133e-06,-12.000558853149414,-0.000559292733669281,assist,no
3492,0,0,1.3007124082840702e-05,-11.250444412231445,-0.0004440752090886235,assist,no
3493,0,0,3.7266393804982203e-06,-12.501173973083496,-0.0011739989276975393,assist,no
3494,0,0,8.93969612475663e-06,-11.62571907043457,-0.0007190502947196364,assist,no
3495,0,0,1.7603438165556951e-06,-13.250711441040039,-0.0007117837085388601,assist,no
3496,0,0,3.5356254322545985e-05,-10.250523567199707,-0.0005236684810370207,assist,no
3497,0,0,3.288748479685482e-06,-12.628181457519531,-0.003181279404088855,assist,no
3498,0,0,1.30071275488652e-05,-11.251046180725098,-0.0010461101774126291,assist,no
3499,0,0,1.3007132816800224e-05,-11.250722885131836,-0.0007232195930555463,assist,no
3500,0,0,2.561282057200237e-06,-12.876504898071289,-0.0015048381173983216,assist,no
3501,0,0,1.4738981622966714e-05,-11.125218391418457,-0.00021836756786797196,assist,no
3502,0,0,1.7603427325754552e-06,-13.250555038452148,-0.0005547653418034315,assist,no
3503,0,0,3.927863272947649e-07,-14.750261306762695,-0.0002616301644593477,assist,no
3504,0,0,1.7603427325754552e-06,-13.250555038452148,-0.0005547653418034315,assist,no
3505,0,0,5.422216543584192e-06,-12.125810623168945,-0.0008101756684482098,assist,no
3506,0,0,1.9947296022838163e-06,-13.125913619995117,-0.0009135602158494294,assist,no
3507,0,0,1.9947288897272284e-06,-13.126504898071289,-0.0015044810716062784,assist,no
3508,0,0,1.3007123730787151e-05,-11.25050163269043,-0.0005012686015106738,assist,no
3509,0,0,2.260323853467276e-06,-13.001931190490723,-0.0019309938652440906,assist,no
3510,0,0,4.539784981335785e-05,-10.00034236907959,-0.00034195298212580383,assist,no
3511,0,0,6.144172545809013e-06,-12.001176834106445,-0.00117649941239506,assist,no
3512,0,0,5.422220624459628e-06,-12.126331329345703,-0.0013316344702616334,assist,no
3513,0,0,4.539785589215963e-05,-10.001975059509277,-0.0019747773185372353,assist,no
3514,0,0,3.7266379451510776e-06,-12.500492095947266,-0.0004917366313748062,assist,no
3515,0,0,3.12019100572922e-05,-10.375292778015137,-0.00029273517429828644,assist,no
3516,0,0,3.2887500527596376e-06,-12.625338554382324,-0.00033885458833537996,assist,no
3517,0,0,3.288749539727765e-06,-12.625433921813965,-0.00043406602344475687,assist,no
3518,0,0,4.785092927335777e-06,-12.250809669494629,-0.0008093419019132853,assist,no
3519,0,0,3.5356240915120906e-05,-10.25074577331543,-0.0007454953738488257,assist,no
3520,0,0,1.7603437082498602e-06,-13.251930236816406,-0.001930517959408462,assist,no
3521,0,0,1.012999438956661e-05,-11.500720024108887,-0.0007203606073744595,assist,no
3522,0,0,3.120192322607922e-05,-10.37565803527832,-0.0006584145012311637,assist,no
3523,0,0,1.6373771070504607e-07,-15.62617015838623,-0.0011703077470883727,assist,no
3524,0,0,4.222832023934894e-06,-12.377480506896973,-0.0024801704566925764,assist,no
3525,0,0,1.9947288897272284e-06,-13.126504898071289,-0.0015044810716062784,assist,no
3526,0,0,5.829127724416051e-05,-9.751228332519531,-0.0012285312404856086,assist,no
3527,0,0,2.561283342171549e-06,-12.875555038452148,-0.0005554801900871098,assist,no
3528,0,0,2.144494085662017e-05,-10.751192092895508,-0.0011917401570826769,assist,no
3529,0,0,4.222834299307372e-06,-12.375556945800781,-0.0005571481888182461,assist,no
3530,0,0,1.5534979168180626e-06,-13.375711441040039,-0.0007115454645827413,assist,no
3531,0,0,2.561281974904846e-06,-12.87617301940918,-0.0011729273246601224,assist,no
3532,0,0,7.889263012852898e-06,-11.750919342041016,-0.0009193961159326136,assist,no
3533,0,0,5.043474815495919e-07,-14.500431060791016,-0.0004312062228564173,assist,no
3534,0,0,5.422221152164705e-06,-12.125385284423828,-0.0003856868715956807,assist,no
3535,0,0,6.605217155077032e-05,-9.625618934631348,-0.0006193388253450394,assist,no
3536,0,0,4.785093647330022e-06,-12.250340461730957,-0.00034028460504487157,assist,no
3537,0,0,1.147876451008027e-05,-11.375391960144043,-0.0003916450368706137,assist,no
3538,0,0,5.422218532576616e-06,-12.125632286071777,-0.0006322053959593177,assist,no
3539,0,0,3.726640556194795e-06,-12.500713348388672,-0.0007136897183954716,assist,no
3540,0,0,3.288750040986704e-06,-12.625914573669434,-0.0009148702956736088,assist,no
3541,0,0,2.902311463535845e-06,-12.750914573669434,-0.000914393924176693,assist,no
3542,0,0,2.260324707869166e-06,-13.000337600708008,-0.00033778208307921886,assist,no
3543,0,0,3.5356242685970846e-05,-10.250466346740723,-0.0004661188868340105,assist,no
3544,0,0,5.71500700085848e-07,-14.375553131103516,-0.0005535738891921937,assist,no
3545,0,0,0.07585818733363135,-2.5800130367279053,-0.08001314103603363,assist,no
3546,0,0,2.5612828863413576e-06,-12.875432968139648,-0.0004332319076638669,assist,no
3547,0,0,1.1478770414807597e-05,-11.376713752746582,-0.001713952049612999,assist,no
3548,0,0,1.5534972431494296e-06,-13.377477645874023,-0.002477316651493311,assist,no
3549,0,0,4.006369472902598e-05,-10.125593185424805,-0.0005932478234171867,assist,no
3550,0,0,4.78509299947446e-06,-12.250385284423828,-0.0003849719068966806,assist,no
3551,0,0,5.144221326912903e-05,-9.875856399536133,-0.0008563903393223882,assist,no
3552,0,0,7.338212621386759e-07,-14.125431060791016,-0.0004314445541240275,assist,no
3553,0,0,3.120191860765004e-05,-10.376201629638672,-0.0012018608395010233,assist,no
3554,0,0,2.561282008747334e-06,-12.875629425048828,-0.0006293461774475873,assist,no
3555,0,0,1.0677028334387279e-06,-13.750554084777832,-0.0005540504935197532,assist,no
3556,0,0,4.222833548633417e-06,-12.375434875488281,-0.0004349001101218164,assist,no
3557,0,0,1.7603432627307513e-06,-13.251172065734863,-0.0011720937909558415,assist,no
3558,0,0,1.300713212480634e-05,-11.25151538848877,-0.0015156697481870651,assist,no
3559,0,0,9.422444261886882e-07,-13.8759126663208,-0.0009124883217737079,assist,no
3560,0,0,6.1441764086335836e-06,-12.000917434692383,-0.0009177286992780864,assist,no
3561,0,0,2.9023133235247868e-06,-12.750712394714355,-0.0007128558354452252,assist,no
3562,0,0,1.892514161239743e-05,-10.876190185546875,-0.001189835020340979,assist,no
3563,0,0,2.5612824764296976e-06,-12.875712394714355,-0.0007124984404072165,assist,no
3564,0,0,2.561281872221968e-06,-12.875161170959473,-0.000161038784426637,assist,no
3565,0,0,2.430024577297827e-05,-10.625734329223633,-0.0007345362100750208,assist,no
3566,0,0,2.4300230094070077e-05,-10.625936508178711,-0.00093606993323192,assist,no
3567,0,0,2.902311463535845e-06,-12.750914573669434,-0.000914393924176693,assist,no
3568,0,0,8.315277805757303e-07,-14.0009126663208,-0.000912369170691818,assist,no
3569,0,0,1.1478765877771865e-05,-11.375391960144043,-0.00039176418795250356,assist,no
3570,0,0,0.00026119037677709424,-8.25052261352539,-0.0005228344234637916,assist,no
3571,0,0,1.2098653774675073e-06,-13.625711441040039,-0.0007111880695447326,assist,no
3572,0,0,5.043475591251332e-07,-14.500911712646484,-0.0009120118920691311,assist,no
3573,0,0,6.144175480568389e-06,-12.000436782836914,-0.000436925794929266,assist,no
3574,0,0,6.144173479953571e-06,-12.001039505004883,-0.001039322349242866,assist,no
3575,0,0,6.962253082675158e-06,-11.876177787780762,-0.001177332829684019,assist,no
3576,0,0,1.3709571866684185e-06,-13.500711441040039,-0.0007114263135008514,assist,no
3577,0,0,1.2098657862046906e-06,-13.625554084777832,-0.0005541696446016431,assist,no
3578,0,0,3.927862710285214e-07,-14.750911712646484,-0.0009118927991949022,assist,no
3579,0,0,9.610245299176817e-05,-9.250805854797363,-0.0008062449633143842,assist,no
3580,0,0,4.7850927014497896e-06,-12.250715255737305,-0.0007148809381760657,assist,no
3581,0,0,1.2098651600002267e-06,-13.626930236816406,-0.0019298041006550193,assist,no
3582,0,0,1.4738987946400829e-05,-11.12592601776123,-0.0009264229447580874,assist,no
3583,0,0,0.00033535027761706475,-8.00088882446289,-0.0008892634068615735,assist,no
3584,0,0,5.715005071115551e-07,-14.375710487365723,-0.000710592488758266,assist,no
3585,0,0,1.3709573843332847e-06,-13.504079818725586,-0.004079948179423809,assist,no
3586,0,0,4.006369318063077e-05,-10.125951766967773,-0.0009517907164990902,assist,no
3587,0,0,4.22283287096225e-06,-12.375714302062988,-0.0007141662063077092,assist,no
3588,0,0,4.785094325545204e-06,-12.250266075134277,-0.00026603974401950836,assist,no
3589,0,0,5.043475591251332e-07,-14.500911712646484,-0.0009120118920691311,assist,no
3590,0,0,1.5534976636271327e-06,-13.376503944396973,-0.0015038858400657773,assist,no
3591,0,0,4.222834207746774e-06,-12.37533950805664,-0.00033968876232393086,assist,no
3592,0,0,5.71500700085848e-07,-14.375553131103516,-0.0005535738891921937,assist,no
3593,0,0,1.4738987946400829e-05,-11.12592601776123,-0.0009264229447580874,assist,no
3594,0,0,5.715005982429167e-07,-14.375431060791016,-0.00043132537393830717,assist,no
3595,0,0,7.889260947777148e-06,-11.751936912536621,-0.0019367048516869545,assist,no
3596,0,0,1.473897608237696e-05,-11.125568389892578,-0.0005679901223629713,assist,no
3597,0,0,1.4738978647524125e-05,-11.126185417175293,-0.0011851914459839463,assist,no
3598,0,0,1.5534984416468217e-06,-13.375554084777832,-0.0005545270396396518,assist,no
3599,0,0,4.222835121509352e-06,-12.375630378723145,-0.0006307758158072829,assist,no
3600,0,0,6.144177140356759e-06,-12.000917434692383,-0.0009178477921523154,assist,no
3601,0,0,7.484620890050954e-05,-9.50098705291748,-0.0009868042543530464,assist,no
3602,0,0,8.939697607766076e-06,-11.625813484191895,-0.0008136299438774586,assist,no
3603,0,0,2.102432879974221e-07,-15.375710487365723,-0.0007102350937202573,assist,no
3604,0,0,1.8925153405781455e-05,-10.876521110534668,-0.0015213831793516874,assist,no
3605,0,0,6.14417327753173e-06,-12.001176834106445,-0.001176618505269289,assist,no
3606,0,0,7.48462401308069e-05,-9.500784873962402,-0.0007850425899960101,assist,no
3607,0,0,1.3709571866684185e-06,-13.500711441040039,-0.0007114263135008514,assist,no
3608,0,0,1.0129993183168756e-05,-11.500720024108887,-0.0007202415145002306,assist,no
3609,0,0,1.5534984071043308e-06,-13.375336647033691,-0.00033706706017255783,assist,no
3610,0,0,5.715005071115551e-07,-14.375710487365723,-0.000710592488758266,assist,no
3611,0,0,3.2887505185084193e-06,-12.625264167785645,-0.0002646096108946949,assist,no
3612,0,0,1.0677029343056154e-06,-13.7509126663208,-0.0009127265075221658,assist,no
3613,0,0,4.7850935696207735e-06,-12.250385284423828,-0.00038509105797857046,assist,no
3614,0,0,1.7603437389894528e-06,-13.251503944396973,-0.0015042430022731423,assist,no
3615,0,0,3.5356253548763526e-05,-10.25074577331543,-0.0007458527106791735,assist,no
3616,0,0,3.2887495601150374e-06,-12.625807762145996,-0.0008079125545918941,assist,no
3617,0,0,6.96225331366974e-06,-11.8760404586792,-0.0010400369064882398,assist,no
3618,0,0,3.120192141539338e-05,-10.375741004943848,-0.0007413261337205768,assist,no
3619,0,0,1.2098657591621158e-06,-13.625336647033691,-0.0003367095487192273,assist,no
3620,0,0,1.0677028071499474e-06,-13.7509126663208,-0.0009126074146479368,assist,no
3621,0,0,1.3709576159132328e-06,-13.5009126663208,-0.0009129646932706237,assist,no
3622,0,0,2.2603238934639076e-06,-13.001504898071289,-0.0015047191409394145,assist,no
3623,0,0,2.561281974904846e-06,-12.87617301940918,-0.0011729273246601224,assist,no
3624,0,0,1.2098651807046875e-06,-13.626503944396973,-0.001503528794273734,assist,no
3625,0,0,4.785094320531703e-06,-12.250557899475098,-0.0005578630371019244,assist,no
3626,0,0,4.785094325545204e-06,-12.250266075134277,-0.00026603974401950836,assist,no
3627,0,0,1.473898337202879e-05,-11.125724792480469,-0.000724887300748378,assist,no
3628,0,0,2.902311536854187e-06,-12.750555992126465,-0.0005558376433327794,assist,no
3629,0,0,2.2603247011592023e-06,-13.000913619995117,-0.0009137984015978873,assist,no
3630,0,0,0.2689414272294874,-1.313720703125,-0.3137207329273224,assist,no
3631,0,0,3.4663251881629375e-07,-14.876502990722656,-0.0015026956098154187,assist,no
3632,0,0,2.5612824764296976e-06,-12.875712394714355,-0.0007124984404072165,assist,no
3633,0,0,3.535625304868604e-05,-10.250588417053223,-0.0005884823040105402,assist,no
3634,0,0,3.7266393804982203e-06,-12.501173973083496,-0.0011739989276975393,assist,no
3635,0,0,5.422218452410929e-06,-12.126175880432129,-0.0011757849715650082,assist,no
3636,0,0,1.5534984031256146e-06,-13.3759126663208,-0.0009130837861448526,assist,no
3637,0,0,1.553497848637358e-06,-13.376503944396973,-0.0015040049329400063,assist,no
3638,0,0,2.2603247011592023e-06,-13.000913619995117,-0.0009137984015978873,assist,no
3639,0,0,4.0063681371787415e-05,-10.126969337463379,-0.001969066448509693,assist,no
3640,0,0,5.829126866376712e-05,-9.750611305236816,-0.0006113567505963147,assist,no
3641,0,0,1.5534982219584007e-06,-13.375336647033691,-0.0003369478799868375,assist,no
3642,0,0,4.7850966947033865e-06,-12.250714302062988,-0.0007147617870941758,assist,no
3643,0,0,2.260323993850194e-06,-13.000712394714355,-0.0007122601964510977,assist,no
3644,0,0,1.5534982219584007e-06,-13.375336647033691,-0.0003369478799868375,assist,no
3645,0,0,6.962255290092113e-06,-11.875717163085938,-0.000717025191988796,assist,no
3646,0,0,3.288747691377961e-06,-12.626036643981934,-0.0010362261673435569,assist,no
3647,0,0,3.2887488039674544e-06,-12.626932144165039,-0.0019320646533742547,assist,no
3648,0,0,7.484625362226453e-05,-9.500505447387695,-0.0005057962844148278,assist,no
3649,0,0,9.42244449333613e-07,-13.875554084777832,-0.0005539313424378633,assist,no
3650,0,0,5.144222052701427e-05,-9.87596321105957,-0.0009633429581299424,assist,no
3651,0,0,3.288749607589625e-06,-12.625383377075195,-0.00038354191929101944,assist,no
3652,0,0,2.260323624276063e-06,-13.001504898071289,-0.0015046000480651855,assist,no
3653,0,0,1.994729652094283e-06,-13.125555038452148,-0.0005550036439672112,assist,no
3654,0,0,2.9023133235247868e-06,-12.750712394714355,-0.0007128558354452252,assist,no
3655,0,0,1.5534982219584007e-06,-13.375336647033691,-0.0003369478799868375,assist,no
3656,0,0,1.3709576159132328e-06,-13.5009126663208,-0.0009129646932706237,assist,no
3657,0,0,4.222834693571021e-06,-12.37591552734375,-0.0009158230968751013,assist,no
3658,0,0,4.222834299307372e-06,-12.375556945800781,-0.0005571481888182461,assist,no
3659,0,0,5.71500700085848e-07,-14.375553131103516,-0.0005535738891921937,assist,no
3660,0,0,2.2603232821996695e-06,-13.00117301940918,-0.0011725700460374355,assist,no
3661,0,0,3.927862710285214e-07,-14.750911712646484,-0.0009118927991949022,assist,no
3662,0,0,1.0677024727915184e-06,-13.750711441040039,-0.0007110689766705036,assist,no
3663,0,0,1.6701414647496763e-05,-11.00092887878418,-0.0009284476400353014,assist,no
3664,0,0,5.715006861142542e-07,-14.375911712646484,-0.0009121309849433601,assist,no
3665,0,0,1.2098657862046906e-06,-13.625554084777832,-0.0005541696446016431,assist,no
3666,0,0,5.043473193675766e-07,-14.501502990722656,-0.0015028145862743258,assist,no
3667,0,0,1.5534979168180626e-06,-13.375711441040039,-0.0007115454645827413,assist,no
3668,0,0,7.338211450596446e-07,-14.125710487365723,-0.0007107115816324949,assist,no
3669,0,0,1.8925156751243956e-05,-10.875728607177734,-0.0007290565990842879,assist,no
3670,0,0,7.889264165934124e-06,-11.750560760498047,-0.0005609607324004173,assist,no
3671,0,0,1.3709574056798151e-06,-13.500432014465332,-0.00043215948971919715,assist,no
3672,0,0,3.7266393804982203e-06,-12.501173973083496,-0.0011739989276975393,assist,no
3673,0,0,1.553497848637358e-06,-13.376503944396973,-0.0015040049329400063,assist,no
3674,0,0,2.102433291897514e-07,-15.375335693359375,-0.00033563701435923576,assist,no
3675,0,0,6.144174490989974e-06,-12.000716209411621,-0.0007161913090385497,assist,no
3676,0,0,7.734424431534223e-08,-16.376928329467773,-0.0019287331961095333,assist,no
3677,0,0,3.2887479758424797e-06,-12.626173973083496,-0.0011736417654901743,assist,no
3678,0,0,2.430025037410679e-05,-10.625935554504395,-0.000935950840357691,assist,no
3679,0,0,2.561283342171549e-06,-12.875555038452148,-0.0005554801900871098,assist,no
3680,0,0,0.00116951013572933,-6.7513747215271,-0.001374610816128552,assist,no
3681,0,0,5.829124085298708e-05,-9.750612258911133,-0.0006118332967162132,assist,no
3682,0,0,3.927862805853228e-07,-14.750553131103516,-0.000553335587028414,assist,no
3683,0,0,6.475950691186178e-07,-14.250911712646484,-0.0009121309849433601,assist,no
3684,0,0,4.450851166706646e-07,-14.625431060791016,-0.0004312062228564173,assist,no
3685,0,0,1.2098653774675073e-06,-13.625711441040039,-0.0007111880695447326,assist,no
3686,0,0,3.726637599709068e-06,-12.500434875488281,-0.00043442347669042647,assist,no
3687,0,0,1.8553915164549493e-07,-15.50117015838623,-0.0011704268399626017,assist,no
3688,0,0,8.939695495128132e-06,-11.626937866210938,-0.0019377756398171186,assist,no
3689,0,0,9.610244798570983e-05,-9.250526428222656,-0.0005267662927508354,assist,no
3690,0,0,6.9622581726628004e-06,-11.875633239746094,-0.0006335158832371235,assist,no
3691,0,0,9.42245029657135e-07,-13.875710487365723,-0.0007109498255886137,assist,no
3692,0,0,3.535623766153164e-05,-10.251206398010254,-0.0012060280423611403,assist,no
3693,0,0,1.0129986675934318e-05,-11.500922203063965,-0.0009217780898325145,assist,no
3694,0,0,6.962256446281225e-06,-11.875811576843262,-0.0008116050157696009,assist,no
3695,0,0,1.3007123281067147e-05,-11.250566482543945,-0.0005660838796757162,assist,no
3696,0,0,3.1201899093296004e-05,-10.375741958618164,-0.0007415643776766956,assist,no
3697,0,0,0.00015843621124645514,-8.75132942199707,-0.0013293724041432142,assist,no
3698,0,0,2.902311463535845e-06,-12.750914573669434,-0.000914393924176693,assist,no
3699,0,0,2.144495290456921e-05,-10.750731468200684,-0.0007316772826015949,assist,no
3700,0,0,2.699577939426539e-07,-15.125911712646484,-0.0009117737063206732,assist,no
3701,0,0,1.3007123730787151e-05,-11.25050163269043,-0.0005012686015106738,assist,no
3702,0,0,7.484625803519583e-05,-9.500370979309082,-0.0003713871701620519,assist,no
3703,0,0,5.422220393430868e-06,-12.125435829162598,-0.000436091679148376,assist,no
3704,0,0,6.962259001812415e-06,-11.875633239746094,-0.0006336349761113524,assist,no
3705,0,0,4.222834190663654e-06,-12.37591552734375,-0.0009157040040008724,assist,no
3706,0,0,3.2887500527596376e-06,-12.625338554382324,-0.00033885458833537996,assist,no
3707,0,0,7.338211450596446e-07,-14.125710487365723,-0.0007107115816324949,assist,no
3708,0,0,4.222834443100532e-06,-12.375492095947266,-0.0004923323867842555,assist,no
3709,0,0,1.0677028334387279e-06,-13.750554084777832,-0.0005540504935197532,assist,no
3710,0,0,1.892514514953061e-05,-10.875572204589844,-0.0005720409681089222,assist,no
3711,0,0,2.2603243554645282e-06,-13.000432968139648,-0.00043299360550008714,assist,no
3712,0,0,4.222831675881915e-06,-12.37603759765625,-0.0010371787939220667,assist,no
3713,0,0,1.5534984031256146e-06,-13.3759126663208,-0.0009130837861448526,assist,no
3714,0,0,2.902312847462109e-06,-12.751504898071289,-0.0015051951631903648,assist,no
3715,0,0,1.3709571866684185e-06,-13.500711441040039,-0.0007114263135008514,assist,no
3716,0,0,1.0677029605633249e-06,-13.750262260437012,-0.0002623452164698392,assist,no
3717,0,0,1.994729890174398e-06,-13.125263214111328,-0.0002632986579556018,assist,no
3718,0,0,1.5534971452188322e-06,-13.375555038452148,-0.0005546461907215416,assist,no
3719,0,0,3.120189759317026e-05,-10.375411987304688,-0.00041154498467221856,assist,no
3720,0,0,1.5534971452188322e-06,-13.375555038452148,-0.0005546461907215416,assist,no
3721,0,0,7.484624019832952e-05,-9.500370979309082,-0.0003711488388944417,assist,no
3722,0,0,1.2098653774675073e-06,-13.625711441040039,-0.0007111880695447326,assist,no
3723,0,0,2.260323993850194e-06,-13.000712394714355,-0.0007122601964510977,assist,no
3724,0,0,1.3709576498282867e-06,-13.500554084777832,-0.0005544078885577619,assist,no
3725,0,0,9.422448765824429e-07,-13.876502990722656,-0.001503290724940598,assist,no
3726,0,0,6.962256227038901e-06,-11.875494956970215,-0.0004949536523781717,assist,no
3727,0,0,1.8925150647455217e-05,-10.876189231872559,-0.0011893587652593851,assist,no
3728,0,0,5.043474011264465e-07,-14.500710487365723,-0.0007104733376763761,assist,no
3729,0,0,2.561282057200237e-06,-12.876504898071289,-0.0015048381173983216,assist,no
3730,0,0,1.0677032992412233e-06,-13.75192928314209,-0.0019296851241961122,assist,no
3731,0,0,4.2228315377422516e-06,-12.376174926757812,-0.0011744751827791333,assist,no
3732,0,0,1.3709571866684185e-06,-13.500711441040039,-0.0007114263135008514,assist,no
3733,0,0,3.726637599709068e-06,-12.500434875488281,-0.00043442347669042647,assist,no
3734,0,0,1.7603424191342756e-06,-13.250432968139648,-0.0004325169720686972,assist,no
3735,0,0,9.422446214397294e-07,-13.876171112060547,-0.0011711412807926536,assist,no
3736,0,0,2.753569536986922e-05,-10.50093936920166,-0.0009395237429998815,assist,no
3737,0,0,7.88926105201823e-06,-11.750388145446777,-0.00038795097498223186,assist,no
3738,0,0,1.3007123024408766e-05,-11.250349044799805,-0.0003486264031380415,assist,no
3739,0,0,1.3709576159132328e-06,-13.5009126663208,-0.0009129646932706237,assist,no
3740,0,0,1.9947296022838163e-06,-13.125913619995117,-0.0009135602158494294,assist,no
3741,0,0,3.1201899093296004e-05,-10.375741958618164,-0.0007415643776766956,assist,no
3742,0,0,4.22283287096225e-06,-12.375714302062988,-0.0007141662063077092,assist,no
3743,0,0,4.006368940175388e-05,-10.125375747680664,-0.0003756771038752049,assist,no
3744,0,0,5.422216543584192e-06,-12.125810623168945,-0.0008101756684482098,assist,no
3745,0,0,4.222832727414944e-06,-12.376330375671387,-0.0013302058214321733,assist,no
3746,0,0,1.0129994554075418e-05,-11.500497817993164,-0.0004981707315891981,assist,no
3747,0,0,1.8925156751243956e-05,-10.875728607177734,-0.0007290565990842879,assist,no
3748,0,0,2.260324757733407e-06,-13.000555038452148,-0.0005552418879233301,assist,no
3749,0,0,1.7603424191342756e-06,-13.250432968139648,-0.0004325169720686972,assist,no
3750,0,0,3.288749012625885e-06,-12.625713348388672,-0.0007133323233574629,assist,no
3751,0,0,2.753569432648271e-05,-10.501197814941406,-0.0011979315895587206,assist,no
3752,0,0,3.2887501246415356e-06,-12.625555992126465,-0.000556314189452678,assist,no
3753,0,0,3.288748863693536e-06,-12.626505851745605,-0.001505790394730866,assist,no
3754,0,0,9.42245029657135e-07,-13.875710487365723,-0.0007109498255886137,assist,no
3755,0,0,1.0129989090497533e-05,-11.501043319702148,-0.001043133088387549,assist,no
3756,0,0,2.6995770935631803e-07,-15.125710487365723,-0.0007102350937202573,assist,no
3757,0,0,1.994729481995608e-06,-13.125490188598633,-0.000490068516228348,assist,no
3758,0,0,7.889263496403069e-06,-11.750495910644531,-0.0004960260121151805,assist,no
3759,0,0,2.7535704160923028e-05,-10.501197814941406,-0.0011982887517660856,assist,no
3760,0,0,1.9947288897272284e-06,-13.126504898071289,-0.0015044810716062784,assist,no
3761,0,0,6.47594544404851e-07,-14.250262260437012,-0.0002618685248307884,assist,no
3762,0,0,6.605215013697312e-05,-9.626568794250488,-0.0015688742278143764,assist,no
3763,0,0,5.8291292562659565e-05,-9.750863075256348,-0.0008635367848910391,assist,no
3764,0,0,8.315277805757303e-07,-14.0009126663208,-0.000912369170691818,assist,no
3765,0,0,1.7603427325754552e-06,-13.250555038452148,-0.0005547653418034315,assist,no
3766,0,0,2.7535703316276535e-05,-10.500737190246582,-0.0007376333815045655,assist,no
3767,0,0,7.88925898877984e-06,-11.751178741455078,-0.001178285456262529,assist,no
3768,0,0,1.4738988894390711e-05,-11.125502586364746,-0.0005030558677390218,assist,no
3769,0,0,4.78509299947446e-06,-12.250385284423828,-0.0003849719068966806,assist,no
3770,0,0,4.785095161128722e-06,-12.252480506896973,-0.0024806461296975613,assist,no
3771,0,0,9.422448765824429e-07,-13.876502990722656,-0.001503290724940598,assist,no
3772,0,0,9.42245029657135e-07,-13.875710487365723,-0.0007109498255886137,assist,no
3773,0,0,6.962257461847425e-06,-11.8759183883667,-0.00091856240760535,assist,no
3774,0,0,4.5397860563893074e-05,-10.000598907470703,-0.0005987281911075115,assist,no
3775,0,0,3.7266389880933015e-06,-12.500630378723145,-0.0006302992696873844,assist,no
3776,0,0,6.144174490989974e-06,-12.000716209411621,-0.0007161913090385497,assist,no
3777,0,0,4.2228315377422516e-06,-12.376174926757812,-0.0011744751827791333,assist,no
3778,0,0,7.8892655049964e-06,-11.752483367919922,-0.002483737887814641,assist,no
3779,0,0,2.2603247011592023e-06,-13.000913619995117,-0.0009137984015978873,assist,no
3780,0,0,9.422442814506533e-07,-13.875432014465332,-0.0004316828562878072,assist,no
3781,0,0,1.0677033568217595e-06,-13.750204086303711,-0.00020454221521504223,assist,no
3782,0,0,7.338206930604365e-07,-14.125554084777832,-0.0005536930402740836,assist,no
3783,0,0,1.5534984416468217e-06,-13.375554084777832,-0.0005545270396396518,assist,no
3784,0,0,1.994729652094283e-06,-13.125555038452148,-0.0005550036439672112,assist,no
3785,0,0,5.422221214656098e-06,-12.125916481018066,-0.0009168949909508228,assist,no
3786,0,0,2.2603247011592023e-06,-13.000913619995117,-0.0009137984015978873,assist,no
3787,0,0,3.535625304868604e-05,-10.250588417053223,-0.0005884823040105402,assist,no
3788,0,0,3.5356240915120906e-05,-10.25074577331543,-0.0007454953738488257,assist,no
3789,0,0,2.2603232821996695e-06,-13.00117301940918,-0.0011725700460374355,assist,no
3790,0,0,2.5612832777664278e-06,-12.875913619995117,-0.0009140365873463452,assist,no
3791,0,0,4.785095251928806e-06,-12.250631332397461,-0.0006314906058833003,assist,no
3792,0,0,1.3709566367660286e-06,-13.5010347366333,-0.0010343207977712154,assist,no
3793,0,0,1.3709574056798151e-06,-13.500432014465332,-0.00043215948971919715,assist,no
3794,0,0,4.7850948906781736e-06,-12.250557899475098,-0.0005579821881838143,assist,no
3795,0,0,1.3709571866684185e-06,-13.500711441040039,-0.0007114263135008514,assist,no
3796,0,0,1.3709576498282867e-06,-13.500554084777832,-0.0005544078885577619,assist,no
3797,0,0,1.473898337202879e-05,-11.125724792480469,-0.000724887300748378,assist,no
3798,0,0,2.144495035068305e-05,-10.750731468200684,-0.000731558189727366,assist,no
3799,0,0,1.9947296022838163e-06,-13.125913619995117,-0.0009135602158494294,assist,no
3800,0,0,3.466326919926194e-07,-14.875553131103516,-0.000553335587028414,assist,no
3801,0,0,7.88926243240905e-06,-11.750718116760254,-0.0007180972606875002,assist,no
3802,0,0,1.300713303560355e-05,-11.250500679016113,-0.000501030299346894,assist,no
3803,0,0,7.338206930604365e-07,-14.125554084777832,-0.0005536930402740836,assist,no
3804,0,0,1.994729652094283e-06,-13.125555038452148,-0.0005550036439672112,assist,no
3805,0,0,0.00015843618926421218,-8.75166130065918,-0.0016611122991889715,assist,no
3806,0,0,1.147876451008027e-05,-11.375391960144043,-0.0003916450368706137,assist,no
3807,0,0,2.430024577297827e-05,-10.625734329223633,-0.0007345362100750208,assist,no
3808,0,0,4.22283287096225e-06,-12.375714302062988,-0.0007141662063077092,assist,no
3809,0,0,1.4738987564631167e-05,-11.125819206237793,-0.0008195855189114809,assist,no
3810,0,0,4.222833548633417e-06,-12.375434875488281,-0.0004349001101218164,assist,no
3811,0,0,1.6701422711350605e-05,-11.0013427734375,-0.0013428251259028912,assist,no
3812,0,0,2.7535697605697587e-05,-10.501197814941406,-0.0011980506824329495,assist,no
3813,0,0,5.043474011264465e-07,-14.500710487365723,-0.0007104733376763761,assist,no
3814,0,0,3.726638706316661e-06,-12.500556945800781,-0.0005567907355725765,assist,no
3815,0,0,1.7603426887203276e-06,-13.250913619995117,-0.0009133219718933105,assist,no
3816,0,0,6.14417327753173e-06,-12.001176834106445,-0.001176618505269289,assist,no
3817,0,0,4.0063692250194524e-05,-10.125844955444336,-0.0008449559682048857,assist,no
3818,0,0,1.473897608237696e-05,-11.125568389892578,-0.0005679901223629713,assist,no
3819,0,0,1.3709576498282867e-06,-13.500554084777832,-0.0005544078885577619,assist,no
3820,0,0,0.00015843618926421218,-8.75166130065918,-0.0016611122991889715,assist,no
3821,0,0,4.785093626440438e-06,-12.250916481018066,-0.0009162995265796781,assist,no
3822,0,0,9.422442814506533e-07,-13.875432014465332,-0.0004316828562878072,assist,no
3823,0,0,1.5534984031256146e-06,-13.3759126663208,-0.0009130837861448526,assist,no
3824,0,0,5.422221039648635e-06,-12.125435829162598,-0.0004362108593340963,assist,no
3825,0,0,1.209865570673979e-06,-13.625432014465332,-0.0004319211875554174,assist,no
3826,0,0,4.222833373869461e-06,-12.375714302062988,-0.0007142852991819382,assist,no
3827,0,0,1.067702643202437e-06,-13.750432014465332,-0.0004318020073696971,assist,no
3828,0,0,2.144494340800873e-05,-10.751192092895508,-0.001191859133541584,assist,no
3829,0,0,2.5612817530651094e-06,-12.876035690307617,-0.0010355116100981832,assist,no
3830,0,0,1.0129989088728622e-05,-11.500922203063965,-0.0009220162755809724,assist,no
3831,0,0,5.422216689397323e-06,-12.125917434692383,-0.0009170140838250518,assist,no
3832,0,0,8.481104467544853e-05,-9.375638008117676,-0.0006380429258570075,assist,no
3833,0,0,5.043471827407549e-07,-14.501171112060547,-0.0011706650257110596,assist,no
3834,0,0,3.466326835587709e-07,-14.875911712646484,-0.0009118927991949022,assist,no
3835,0,0,6.475950849505053e-07,-14.250553131103516,-0.0005535738891921937,assist,no
3836,0,0,1.0677029605633249e-06,-13.750262260437012,-0.0002623452164698392,assist,no
3837,0,0,2.699576771905755e-07,-15.125710487365723,-0.0007101159426383674,assist,no
3838,0,0,2.260324565117981e-06,-13.000490188598633,-0.0004903068183921278,assist,no
3839,0,0,8.93969784504761e-06,-11.625920295715332,-0.0009204680100083351,assist,no
3840,0,0,1.209865570673979e-06,-13.625432014465332,-0.0004319211875554174,assist,no
3841,0,0,2.7535687450710845e-05,-10.500515937805176,-0.0005158047424629331,assist,no
3842,0,0,1.209865614970273e-06,-13.625336647033691,-0.000336590368533507,assist,no
3843,0,0,5.1442201626273586e-05,-9.875482559204102,-0.00048232366680167615,assist,no
3844,0,0,1.6701427682847248e-05,-11.000504493713379,-0.0005048430757597089,assist,no
3845,0,0,1.9947296022838163e-06,-13.125913619995117,-0.0009135602158494294,assist,no
3846,0,0,1.1478763770110414e-05,-11.37572193145752,-0.0007215518853627145,assist,no
3847,0,0,1.5534979168180626e-06,-13.375711441040039,-0.0007115454645827413,assist,no
3848,0,1,0.9890130572682072,-0.011313924565911293,-4.5113139152526855,assist,yes
3849,0,0,1.6701428138292412e-05,-11.000447273254395,-0.00044764988706447184,assist,no
3850,0,0,4.222832750888861e-06,-12.375300407409668,-0.0003002431185450405,assist,no
3851,0,0,2.699577939426539e-07,-15.125911712646484,-0.0009117737063206732,assist,no
3852,0,0,1.3709574056798151e-06,-13.500432014465332,-0.00043215948971919715,assist,no
3853,0,0,4.7850947700756185e-06,-12.25103759765625,-0.0010376551654189825,assist,no
3854,0,0,1.3709576159132328e-06,-13.5009126663208,-0.0009129646932706237,assist,no
3855,0,0,4.006369472902598e-05,-10.125593185424805,-0.0005932478234171867,assist,no
3856,0,0,2.7535692090654605e-05,-10.50093936920166,-0.0009394046501256526,assist,no
3857,0,0,1.3709571866684185e-06,-13.500711441040039,-0.0007114263135008514,assist,no
3858,0,0,8.939696506436406e-06,-11.625439643859863,-0.0004396664153318852,assist,no
3859,0,0,1.9947289779695166e-06,-13.125712394714355,-0.0007120219524949789,assist,no
3860,0,0,2.260323993850194e-06,-13.000712394714355,-0.0007122601964510977,assist,no
3861,0,0,3.4663257494776956e-07,-14.875710487365723,-0.0007103541865944862,assist,no
3862,0,0,5.715005071115551e-07,-14.375710487365723,-0.000710592488758266,assist,no
3863,0,0,7.33820914575039e-07,-14.126171112060547,-0.0011710221879184246,assist,no
3864,0,0,9.42245029657135e-07,-13.875710487365723,-0.0007109498255886137,assist,no
3865,0,0,3.120191349886544e-05,-10.375584602355957,-0.00058466981863603,assist,no
3866,0,0,5.422221356681996e-06,-12.125557899475098,-0.0005583396414294839,assist,no
3867,0,0,1.2098659302909187e-06,-13.625262260437012,-0.00026246439665555954,assist,no
3868,0,0,4.785093626440438e-06,-12.250916481018066,-0.0009162995265796781,assist,no
3869,0,0,1.5534982219584007e-06,-13.375336647033691,-0.0003369478799868375,assist,no
3870,0,0,1.670142815724904e-05,-11.000821113586426,-0.0008214913541451097,assist,no
3871,0,0,1.5534984031256146e-06,-13.3759126663208,-0.0009130837861448526,assist,no
3872,0,0,3.2887501246415356e-06,-12.625555992126465,-0.000556314189452678,assist,no
3873,0,0,3.1201915792642425e-05,-10.37565803527832,-0.0006581762572750449,assist,no
3874,0,0,1.7603424191342756e-06,-13.250432968139648,-0.0004325169720686972,assist,no
3875,0,0,5.4222201674519255e-06,-12.125715255737305,-0.0007154765771701932,assist,no
3876,0,0,2.2603243554645282e-06,-13.000432968139648,-0.00043299360550008714,assist,no
3877,0,0,8.939699974337451e-06,-11.625920295715332,-0.000920706195756793,assist,no
3878,0,0,1.2098657563451809e-06,-13.6259126663208,-0.0009127265075221658,assist,no
3879,0,0,3.120190495577353e-05,-10.375943183898926,-0.000942977552767843,assist,no
3880,0,0,0.0001584362793877394,-8.751070022583008,-0.0010704031446948647,assist,no
3881,0,0,5.8291286153656924e-05,-9.751384735107422,-0.0013850866816937923,assist,no
3882,0,0,1.0677024727915184e-06,-13.750711441040039,-0.0007110689766705036,assist,no
3883,0,0,5.715002602136668e-07,-14.377476692199707,-0.0024763653054833412,assist,no
3884,0,0,9.42245029657135e-07,-13.875710487365723,-0.0007109498255886137,assist,no
3885,0,0,2.430025075600191e-05,-10.625359535217285,-0.0003599472693167627,assist,no
3886,0,0,1.8925141824999938e-05,-10.875823974609375,-0.0008236353169195354,assist,no
3887,0,0,4.7850966947033865e-06,-12.250714302062988,-0.0007147617870941758,assist,no
3888,0,0,6.962257648264222e-06,-11.87555980682373,-0.0005600076401606202,assist,no
3889,0,0,1.4738978647524125e-05,-11.126185417175293,-0.0011851914459839463,assist,no
3890,0,0,1.3007134217444417e-05,-11.252198219299316,-0.002198661444708705,assist,no
3891,0,0,5.422221356681996e-06,-12.125557899475098,-0.0005583396414294839,assist,no
3892,0,0,1.9947296022838163e-06,-13.125913619995117,-0.0009135602158494294,assist,no
3893,0,0,1.9947289779695166e-06,-13.125712394714355,-0.0007120219524949789,assist,no
3894,0,0,6.14417560842322e-06,-12.000386238098145,-0.0003864018653985113,assist,no
3895,0,0,1.7603432627307513e-06,-13.251172065734863,-0.0011720937909558415,assist,no
3896,0,0,1.7603438165556951e-06,-13.250711441040039,-0.0007117837085388601,assist,no
3897,0,0,2.1444939080384574e-05,-10.750933647155762,-0.0009332115878351033,assist,no
3898,0,0,0.00020342693180180248,-8.500465393066406,-0.0004651656490750611,assist,no
3899,0,0,3.726637599709068e-06,-12.500434875488281,-0.00043442347669042647,assist,no
3900,0,0,1.6701425011907092e-05,-11.000312805175781,-0.0003129946126136929,assist,no
3901,0,0,1.5534984031256146e-06,-13.3759126663208,-0.0009130837861448526,assist,no
3902,0,0,1.209865614970273e-06,-13.625336647033691,-0.000336590368533507,assist,no
3903,0,0,1.3007124453821873e-05,-11.250925064086914,-0.0009247555863112211,assist,no
3904,0,0,1.4738977838516127e-05,-11.125568389892578,-0.0005681092734448612,assist,no
3905,0,0,2.2603247011592023e-06,-13.000913619995117,-0.0009137984015978873,assist,no
3906,0,0,2.260323993850194e-06,-13.000712394714355,-0.0007122601964510977,assist,no
3907,0,0,2.753568225942409e-05,-10.500408172607422,-0.0004078510100953281,assist,no
3908,0,0,1.1478769033752572e-05,-11.375564575195312,-0.0005646541831083596,assist,no
3909,0,0,6.605214155607823e-05,-9.626236915588379,-0.0012368656462058425,assist,no
3910,0,0,0.0002611903006437619,-8.251588821411133,-0.0015887507470324636,assist,no
3911,0,0,3.927861479561445e-07,-14.750710487365723,-0.0007103541865944862,assist,no
3912,0,0,5.422220422782882e-06,-12.125809669494629,-0.0008099374244920909,assist,no
3913,0,0,3.726639679411447e-06,-12.500162124633789,-0.00016223068814724684,assist,no
3914,0,0,0.001926734872421382,-6.252132415771484,-0.0021325245033949614,assist,no
3915,0,0,1.147876734000607e-05,-11.375923156738281,-0.0009230881696566939,assist,no
3916,0,0,4.0063677178995915e-05,-10.126211166381836,-0.001210790709592402,assist,no
3917,0,0,3.288749539727765e-06,-12.625433921813965,-0.00043406602344475687,assist,no
3918,0,0,0.0001795280524817484,-8.62551498413086,-0.0005154472892172635,assist,no
3919,0,0,2.4300242879062654e-05,-10.625734329223633,-0.0007344171172007918,assist,no
3920,0,0,7.889263226386445e-06,-11.750560760498047,-0.0005608416395261884,assist,no
3921,0,0,2.9023124089033723e-06,-12.75117301940918,-0.0011731653939932585,assist,no
3922,0,0,6.475950691186178e-07,-14.250911712646484,-0.0009121309849433601,assist,no
3923,0,0,8.315278010010566e-07,-14.000554084777832,-0.0005538121913559735,assist,no
3924,0,0,5.043473193675766e-07,-14.501502990722656,-0.0015028145862743258,assist,no
3925,0,0,8.315278010010566e-07,-14.000554084777832,-0.0005538121913559735,assist,no
3926,0,0,6.605216838291191e-05,-9.625977516174316,-0.0009778724052011967,assist,no
3927,0,0,6.144177466163148e-06,-12.004084587097168,-0.004085053224116564,assist,no
3928,0,0,6.962255583293225e-06,-11.87543773651123,-0.00043764073052443564,assist,no
3929,0,0,7.88926280253384e-06,-11.750812530517578,-0.0008125579333864152,assist,no
3930,0,0,3.120190123996515e-05,-10.375943183898926,-0.000942858459893614,assist,no
3931,0,0,8.939698909692468e-06,-11.625920295715332,-0.0009205871028825641,assist,no
3932,0,0,1.670142302146152e-05,-11.000312805175781,-0.00031287543242797256,assist,no
3933,0,0,3.927863524899728e-07,-14.75117015838623,-0.0011705459328368306,assist,no
3934,0,0,8.939699974337451e-06,-11.625920295715332,-0.000920706195756793,assist,no
3935,0,0,6.47594662880056e-07,-14.251171112060547,-0.0011709030950441957,assist,no
3936,0,0,4.222833682102941e-06,-12.376506805419922,-0.0015068616485223174,assist,no
3937,0,0,3.7266381672751875e-06,-12.50091552734375,-0.0009152276325039566,assist,no
3938,0,0,1.5534979168180626e-06,-13.375711441040039,-0.0007115454645827413,assist,no
3939,0,0,1.892515565738671e-05,-10.876521110534668,-0.0015215021558105946,assist,no
3940,0,0,2.9023124089033723e-06,-12.75117301940918,-0.0011731653939932585,assist,no
3941,0,0,8.315282771242699e-07,-14.001502990722656,-0.001503290724940598,assist,no
3942,0,0,1.2098657862046906e-06,-13.625554084777832,-0.0005541696446016431,assist,no
3943,0,0,0.00015843625451017376,-8.750711441040039,-0.0007116645574569702,assist,no
3944,0,0,6.47594662880056e-07,-14.251171112060547,-0.0011709030950441957,assist,no
3945,0,0,1.0677028334387279e-06,-13.750554084777832,-0.0005540504935197532,assist,no
3946,0,0,4.222834299307372e-06,-12.375556945800781,-0.0005571481888182461,assist,no
3947,0,0,6.475950704190942e-07,-14.250335693359375,-0.0003361137059982866,assist,no
3948,0,0,1.0129992454966796e-05,-11.501938819885254,-0.00193896540440619,assist,no
3949,0,0,6.962255870010288e-06,-11.876333236694336,-0.0013331820955500007,assist,no
3950,0,0,3.1201904203894384e-05,-10.375836372375488,-0.0008361419313587248,assist,no
3951,0,0,1.1478767666060605e-05,-11.375564575195312,-0.0005645350320264697,assist,no
3952,0,0,8.93969328258272e-06,-11.626179695129395,-0.0011793570592999458,assist,no
3953,0,0,6.962253082675158e-06,-11.876177787780762,-0.001177332829684019,assist,no
3954,0,0,3.2887484720282926e-06,-12.626505851745605,-0.001505671301856637,assist,no
3955,0,0,1.1478773349299522e-05,-11.375720977783203,-0.0007214327342808247,assist,no
3956,0,0,4.785093626440438e-06,-12.250916481018066,-0.0009162995265796781,assist,no
3957,0,0,1.3709574056798151e-06,-13.500432014465332,-0.00043215948971919715,assist,no
3958,0,0,2.6995770935631803e-07,-15.125710487365723,-0.0007102350937202573,assist,no
3959,0,0,1.2098659302909187e-06,-13.625262260437012,-0.00026246439665555954,assist,no
3960,0,0,7.889264891948313e-06,-11.750919342041016,-0.0009196343016810715,assist,no
3961,0,0,2.2603243554645282e-06,-13.000432968139648,-0.00043299360550008714,assist,no
3962,0,0,2.902311473080744e-06,-12.750338554382324,-0.0003383779258001596,assist,no
3963,0,0,3.120191489184004e-05,-10.376201629638672,-0.0012017417466267943,assist,no
3964,0,0,1.5534984031256146e-06,-13.3759126663208,-0.0009130837861448526,assist,no
3965,0,0,5.043475000003865e-07,-14.500335693359375,-0.0003358753747306764,assist,no
3966,0,0,4.5397883816872145e-05,-10.001215934753418,-0.0012162677012383938,assist,no
3967,0,0,1.994730554488316e-06,-13.126503944396973,-0.0015043619787320495,assist,no
3968,0,0,7.889259928327011e-06,-11.751178741455078,-0.0011784045491367579,assist,no
3969,0,0,5.715002595483533e-07,-14.376171112060547,-0.0011707840021699667,assist,no
3970,0,0,1.067702643202437e-06,-13.750432014465332,-0.0004318020073696971,assist,no
3971,0,0,6.962259351141363e-06,-11.876708984375,-0.0017094297800213099,assist,no
3972,0,0,1.4738985781895654e-05,-11.125445365905762,-0.0004456242313608527,assist,no
3973,0,0,1.0677028095426615e-06,-13.750336647033691,-0.000336590368533507,assist,no
3974,0,0,4.785095251928806e-06,-12.250631332397461,-0.0006314906058833003,assist,no
3975,0,0,3.535626437348779e-05,-10.250946998596191,-0.0009473841637372971,assist,no
3976,0,0,7.88925898877984e-06,-11.751178741455078,-0.001178285456262529,assist,no
3977,0,0,4.539788520016055e-05,-10.000475883483887,-0.000476246903417632,assist,no
3978,0,0,9.42245029657135e-07,-13.875710487365723,-0.0007109498255886137,assist,no
3979,0,0,1.3709571029581144e-06,-13.501930236816406,-0.0019301610300317407,assist,no
3980,0,0,1.670142967280731e-05,-11.000504493713379,-0.0005049622268415987,assist,no
3981,0,0,3.7266407613994383e-06,-12.501932144165039,-0.0019325405592098832,assist,no
3982,0,0,1.473898337202879e-05,-11.125724792480469,-0.000724887300748378,assist,no
3983,0,0,1.0129993831769734e-05,-11.50039005279541,-0.00039033422945067286,assist,no
3984,0,0,1.7603426887203276e-06,-13.250913619995117,-0.0009133219718933105,assist,no
3985,0,0,6.605212430202416e-05,-9.625619888305664,-0.0006195771275088191,assist,no
3986,0,0,5.422217981200827e-06,-12.125917434692383,-0.0009172523277811706,assist,no
3987,0,0,2.7535686016255155e-05,-10.50036334991455,-0.0003631647559814155,assist,no
3988,0,0,2.1444958416770284e-05,-10.750509262084961,-0.0005097282119095325,assist,no
3989,0,0,7.338206930604365e-07,-14.125554084777832,-0.0005536930402740836,assist,no
3990,0,0,1.7603427325754552e-06,-13.250555038452148,-0.0005547653418034315,assist,no
3991,0,0,2.1444953896290973e-05,-10.750452041625977,-0.0004522969538811594,assist,no
3992,0,0,1.3709576159132328e-06,-13.5009126663208,-0.0009129646932706237,assist,no
3993,0,0,6.1441764086335836e-06,-12.000917434692383,-0.0009177286992780864,assist,no
3994,0,0,4.7850937503853e-06,-12.250557899475098,-0.0005577438860200346,assist,no
3995,0,0,1.670142616728916e-05,-11.000821113586426,-0.0008213722030632198,assist,no
3996,0,0,1.5534976636271327e-06,-13.376503944396973,-0.0015038858400657773,assist,no
3997,0,0,2.4300252034643394e-05,-10.62551212310791,-0.0005125877796672285,assist,no
3998,0,0,1.7603429423218395e-06,-13.250555038452148,-0.0005548844928853214,assist,no
3999,0,0,1.5534984071043308e-06,-13.375336647033691,-0.00033706706017255783,assist,no
4000,0,0,4.222835121509352e-06,-12.375630378723145,-0.0006307758158072829,assist,no
4001,0,0,1.3007128903325438e-05,-11.250639915466309,-0.0006399490521289408,assist,no
4002,0,0,3.2887492157328638e-06,-12.625383377075195,-0.00038342276820912957,assist,no
4003,0,0,5.4222186304166305e-06,-12.126038551330566,-0.0010384886991232634,assist,no
4004,0,0,2.902311463535845e-06,-12.750914573669434,-0.000914393924176693,assist,no
4005,0,0,6.962258290996953e-06,-11.8759183883667,-0.000918681500479579,assist,no
4006,0,0,7.889262045293435e-06,-11.751510620117188,-0.001510551548562944,assist,no
4007,0,0,2.753568647303713e-05,-10.500580787658691,-0.0005806190893054008,assist,no
4008,0,0,4.006370719547506e-05,-10.125666618347168,-0.0006669919239357114,assist,no
4009,0,0,3.288749607589625e-06,-12.625383377075195,-0.00038354191929101944,assist,no
4010,0,0,1.147877242057818e-05,-11.376181602478027,-0.0011819765204563737,assist,no
4011,0,0,1.7603427325754552e-06,-13.250555038452148,-0.0005547653418034315,assist,no
4012,0,0,2.561282666961459e-06,-12.876504898071289,-0.0015050761867314577,assist,no
4013,0,0,1.5534984416468217e-06,-13.375554084777832,-0.0005545270396396518,assist,no
4014,0,0,2.260323993850194e-06,-13.000712394714355,-0.0007122601964510977,assist,no
4015,0,0,3.5356250902263e-05,-10.250840187072754,-0.0008401916129514575,assist,no
4016,0,0,4.0063683011127025e-05,-10.125471115112305,-0.00047088501742109656,assist,no
4017,0,0,6.962254124987612e-06,-11.876509666442871,-0.0015093612018972635,assist,no
4018,0,0,3.288750040986704e-06,-12.625914573669434,-0.0009148702956736088,assist,no
4019,0,0,2.14449576628369e-05,-10.750574111938477,-0.0005745429079979658,assist,no
4020,0,0,1.994729652094283e-06,-13.125555038452148,-0.0005550036439672112,assist,no
4021,0,0,6.962253911824166e-06,-11.876177787780762,-0.001177451922558248,assist,no
4022,0,0,0.06008665648572012,-2.8122949600219727,-0.06229507178068161,assist,no
4023,0,0,2.561281204727456e-06,-12.875555992126465,-0.0005555993411689997,assist,no
4024,0,0,8.939699974337451e-06,-11.625920295715332,-0.000920706195756793,assist,no
4025,0,0,4.2228339399473945e-06,-12.375492095947266,-0.0004922132357023656,assist,no
4026,0,0,5.4222201674519255e-06,-12.125715255737305,-0.0007154765771701932,assist,no
4027,0,0,2.5612816698752136e-06,-12.87617301940918,-0.0011728082317858934,assist,no
4028,0,0,1.3709571866684185e-06,-13.500711441040039,-0.0007114263135008514,assist,no
4029,0,0,6.144176048851838e-06,-12.000494003295898,-0.0004942387458868325,assist,no
4030,0,0,8.315277805757303e-07,-14.0009126663208,-0.000912369170691818,assist,no
4031,0,0,9.42245029657135e-07,-13.875710487365723,-0.0007109498255886137,assist,no
4032,0,0,8.939696543121376e-06,-11.625813484191895,-0.0008135108510032296,assist,no
4033,0,0,3.288750040986704e-06,-12.625914573669434,-0.0009148702956736088,assist,no
4034,0,0,1.0129992800494197e-05,-11.501336097717285,-0.0013362773461267352,assist,no
4035,0,0,4.2228315377422516e-06,-12.376174926757812,-0.0011744751827791333,assist,no
4036,0,0,2.2603247011592023e-06,-13.000913619995117,-0.0009137984015978873,assist,no
4037,0,0,9.422444261886882e-07,-13.8759126663208,-0.0009124883217737079,assist,no
4038,0,0,4.4508504569747943e-07,-14.625710487365723,-0.0007104733376763761,assist,no
4039,0,0,1.8925143556663955e-05,-10.875507354736328,-0.0005071069463156164,assist,no
4040,0,0,3.288749012625885e-06,-12.625713348388672,-0.0007133323233574629,assist,no
4041,0,0,3.5356260162957765e-05,-10.250946998596191,-0.0009472650708630681,assist,no
4042,0,0,8.315282771242699e-07,-14.001502990722656,-0.001503290724940598,assist,no
4043,0,0,8.315276528448498e-07,-14.000432014465332,-0.00043156370520591736,assist,no
4044,0,0,9.422442814506533e-07,-13.875432014465332,-0.0004316828562878072,assist,no
4045,0,0,1.892514514953061e-05,-10.875572204589844,-0.0005720409681089222,assist,no
4046,0,0,5.4222188128409195e-06,-12.126708030700684,-0.0017080017132684588,assist,no
4047,0,0,1.5534984031256146e-06,-13.3759126663208,-0.0009130837861448526,assist,no
4048,0,0,9.42245029657135e-07,-13.875710487365723,-0.0007109498255886137,assist,no
4049,0,0,0.0019267345966144352,-6.252087593078613,-0.002087558386847377,assist,no
4050,0,0,1.0129987882331398e-05,-11.500922203063965,-0.0009218971827067435,assist,no
4051,0,0,3.288749012625885e-06,-12.625713348388672,-0.0007133323233574629,assist,no
4052,0,0,5.715006191504058e-07,-14.375335693359375,-0.0003359945258125663,assist,no
4053,0,0,9.42244860567464e-07,-13.87692928314209,-0.001929566147737205,assist,no
4054,0,0,3.288749539727765e-06,-12.625433921813965,-0.00043406602344475687,assist,no
4055,0,0,3.466326919926194e-07,-14.875553131103516,-0.000553335587028414,assist,no
4056,0,0,2.260324757733407e-06,-13.000555038452148,-0.0005552418879233301,assist,no
4057,0,0,7.484626104539886e-05,-9.5014009475708,-0.0014013956533744931,assist,no
4058,0,0,0.00033535010681623727,-8.001046180725098,-0.0010461101774126291,assist,no
4059,0,0,3.4663257494776956e-07,-14.875710487365723,-0.0007103541865944862,assist,no
4060,0,0,0.0002611902068944623,-8.251432418823242,-0.0014319891342893243,assist,no
4061,0,0,4.2228315377422516e-06,-12.376174926757812,-0.0011744751827791333,assist,no
4062,0,0,1.994729652094283e-06,-13.125555038452148,-0.0005550036439672112,assist,no
4063,0,0,1.2098657862046906e-06,-13.625554084777832,-0.0005541696446016431,assist,no
4064,0,0,2.5612816698752136e-06,-12.87617301940918,-0.0011728082317858934,assist,no
4065,0,0,6.475945857562007e-07,-14.251171112060547,-0.0011707840021699667,assist,no
4066,0,0,6.144175954793594e-06,-12.000716209411621,-0.0007164295529946685,assist,no
4067,0,0,4.785095336044225e-06,-12.250916481018066,-0.0009166568052023649,assist,no
4068,0,0,8.315282629910976e-07,-14.00192928314209,-0.001929566147737205,assist,no
4069,0,0,2.753568555626771e-05,-10.501354217529297,-0.001354015665128827,assist,no
4070,0,0,6.475950691186178e-07,-14.250911712646484,-0.0009121309849433601,assist,no
4071,0,0,8.315277805757303e-07,-14.0009126663208,-0.000912369170691818,assist,no
4072,0,0,8.939695679333488e-06,-11.626511573791504,-0.0015115038258954883,assist,no
4073,0,0,5.422221214656098e-06,-12.125916481018066,-0.0009168949909508228,assist,no
4074,0,0,6.144172748230832e-06,-12.001039505004883,-0.001039203256368637,assist,no
4075,0,0,1.2098653774675073e-06,-13.625711441040039,-0.0007111880695447326,assist,no
4076,0,0,3.288750432652134e-06,-12.625914573669434,-0.0009149893885478377,assist,no
4077,0,0,2.561281205696514e-06,-12.875264167785645,-0.0002637753786984831,assist,no
4078,0,0,1.7603435293454388e-06,-13.251503944396973,-0.0015041239093989134,assist,no
4079,0,0,1.3709576159132328e-06,-13.5009126663208,-0.0009129646932706237,assist,no
4080,0,0,2.1444949069995387e-05,-10.751523971557617,-0.0015240018256008625,assist,no
4081,0,0,1.1478766061177517e-05,-11.376338005065918,-0.0013378250878304243,assist,no
4082,0,0,4.785095339943614e-06,-12.25103759765625,-0.0010377742582932115,assist,no
4083,0,0,4.539785841827787e-05,-10.001372337341309,-0.0013721107970923185,assist,no
4084,0,0,3.288749539727765e-06,-12.625433921813965,-0.00043406602344475687,assist,no
4085,0,0,1.7603438165556951e-06,-13.250711441040039,-0.0007117837085388601,assist,no
4086,0,0,2.9023131931059046e-06,-12.751504898071289,-0.0015053142560645938,assist,no
4087,0,0,1.7603435293454388e-06,-13.251503944396973,-0.0015041239093989134,assist,no
4088,0,0,9.422447336542504e-07,-13.876171112060547,-0.0011712603736668825,assist,no
4089,0,0,5.422220393430868e-06,-12.125435829162598,-0.000436091679148376,assist,no
4090,0,0,1.7603427325754552e-06,-13.250555038452148,-0.0005547653418034315,assist,no
4091,0,0,6.47594544404851e-07,-14.250262260437012,-0.0002618685248307884,assist,no
4092,0,0,7.889264165934124e-06,-11.750560760498047,-0.0005609607324004173,assist,no
4093,0,0,1.3709567556681373e-06,-13.501172065734863,-0.0011717366287484765,assist,no
4094,0,0,2.4300238737623896e-05,-10.626057624816895,-0.001057542278431356,assist,no
4095,0,0,9.422443159486519e-07,-13.875336647033691,-0.0003363520372658968,assist,no
4096,0,0,6.962257461847425e-06,-11.8759183883667,-0.00091856240760535,assist,no
4097,0,0,9.422446214397294e-07,-13.876171112060547,-0.0011711412807926536,assist,no
4098,0,0,1.0129989957263956e-05,-11.501180648803711,-0.0011805477552115917,assist,no
4099,0,0,1.994729296918977e-06,-13.125432968139648,-0.00043275527423247695,assist,no
4100,0,0,4.785095339943614e-06,-12.25103759765625,-0.0010377742582932115,assist,no
4101,0,0,3.2887479758424797e-06,-12.626173973083496,-0.0011736417654901743,assist,no
4102,0,0,6.9622566718049925e-06,-11.87534236907959,-0.0003424296446610242,assist,no
4103,0,0,1.0129994826193045e-05,-11.50044059753418,-0.0004409771354403347,assist,no
4104,0,0,1.2098657563451809e-06,-13.6259126663208,-0.0009127265075221658,assist,no
4105,0,0,2.4300237874824243e-05,-10.626194953918457,-0.0011948358733206987,assist,no
4106,0,0,2.2603247011592023e-06,-13.000913619995117,-0.0009137984015978873,assist,no
4107,0,0,3.726638706316661e-06,-12.500556945800781,-0.0005567907355725765,assist,no
4108,0,0,6.144172638794301e-06,-12.000633239746094,-0.0006329201860353351,assist,no
4109,0,0,5.14422144009279e-05,-9.87596321105957,-0.0009632238652557135,assist,no
4110,0,1,0.9626731115849659,-0.03832700848579407,-3.2883269786834717,assist,yes
4111,0,0,1.2098661509978136e-06,-13.626171112060547,-0.0011714984430000186,assist,no
4112,0,0,2.9023110803039384e-06,-12.750383377075195,-0.0003830652858596295,assist,no
4113,0,0,2.902311536854187e-06,-12.750555992126465,-0.0005558376433327794,assist,no
4114,0,0,1.0677032382891375e-06,-13.75015926361084,-0.00015960850578267127,assist,no
4115,0,0,2.4300244548085305e-05,-10.625404357910156,-0.00040451448876410723,assist,no
4116,0,0,7.889261992024858e-06,-11.750388145446777,-0.0003880701260641217,assist,no
4117,0,0,1.4738978940071042e-05,-11.125641822814941,-0.0006416169344447553,assist,no
4118,0,0,6.962257461847425e-06,-11.8759183883667,-0.00091856240760535,assist,no
4119,0,0,8.315277805757303e-07,-14.0009126663208,-0.000912369170691818,assist,no
4120,0,0,3.7266389880933015e-06,-12.500630378723145,-0.0006302992696873844,assist,no
4121,0,0,5.422220557549658e-06,-12.126507759094238,-0.001508051878772676,assist,no
4122,0,0,1.9947302526065817e-06,-13.126172065734863,-0.0011723319767042994,assist,no
4123,0,0,3.288747691377961e-06,-12.626036643981934,-0.0010362261673435569,assist,no
4124,0,0,0.00029595707383388455,-8.126208305358887,-0.0012081712484359741,assist,no
4125,0,0,1.4738985781895654e-05,-11.125445365905762,-0.0004456242313608527,assist,no
4126,0,0,3.288749660902823e-06,-12.625338554382324,-0.0003387354372534901,assist,no
4127,0,0,7.889264165934124e-06,-11.750560760498047,-0.0005609607324004173,assist,no
4128,0,0,4.539785272526366e-05,-10.000476837158203,-0.0004764852055814117,assist,no
4129,0,0,5.715006191504058e-07,-14.375335693359375,-0.0003359945258125663,assist,no
4130,0,0,7.889261827397408e-06,-11.750438690185547,-0.0004385939973872155,assist,no
4131,0,0,2.4300232987984165e-05,-10.625936508178711,-0.000936189026106149,assist,no
4132,0,0,8.939695679333488e-06,-11.626511573791504,-0.0015115038258954883,assist,no
4133,0,0,3.726637622377004e-06,-12.500808715820312,-0.0008082698914222419,assist,no
4134,0,0,2.260323993850194e-06,-13.000712394714355,-0.0007122601964510977,assist,no
4135,0,0,1.147876734000607e-05,-11.375923156738281,-0.0009230881696566939,assist,no
4136,0,0,5.4222215413156685e-06,-12.125493049621582,-0.0004935238393954933,assist,no
4137,0,0,0.0758581784543034,-2.5793204307556152,-0.07932040840387344,assist,no
4138,0,0,4.785093626440438e-06,-12.250916481018066,-0.0009162995265796781,assist,no
4139,0,0,4.450849735455214e-07,-14.626502990722656,-0.0015028145862743258,assist,no
4140,0,0,9.42244449333613e-07,-13.875554084777832,-0.0005539313424378633,assist,no
4141,0,0,0.008577483885174243,-4.758660793304443,-0.008660613559186459,assist,no
4142,0,0,2.9023133235247868e-06,-12.750712394714355,-0.0007128558354452252,assist,no
4143,0,0,6.475946281253164e-07,-14.258615493774414,-0.008615231141448021,assist,no
4144,0,0,8.315277805757303e-07,-14.0009126663208,-0.000912369170691818,assist,no
4145,0,0,1.4738982569883802e-05,-11.126517295837402,-0.0015173362335190177,assist,no
4146,0,0,1.9947302526065817e-06,-13.126172065734863,-0.0011723319767042994,assist,no
4147,0,0,8.315282629910976e-07,-14.00192928314209,-0.001929566147737205,assist,no
4148,0,0,1.1478766694578475e-05,-11.375499725341797,-0.0004996005445718765,assist,no
4149,0,0,1.994729889651911e-06,-13.125555038452148,-0.0005551227368414402,assist,no
4150,0,0,2.9023110204160388e-06,-12.750433921813965,-0.00043358939001336694,assist,no
4151,0,0,1.0129989957263956e-05,-11.501180648803711,-0.0011805477552115917,assist,no
4152,0,0,4.0063681371787415e-05,-10.126969337463379,-0.001969066448509693,assist,no
4153,0,0,3.7266399427501153e-06,-12.501505851745605,-0.001506028464064002,assist,no
4154,0,0,8.939699974337451e-06,-11.625920295715332,-0.000920706195756793,assist,no
4155,0,0,3.726640556194795e-06,-12.500713348388672,-0.0007136897183954716,assist,no
4156,0,0,0.0003353501106798904,-8.00059700012207,-0.0005969410995021462,assist,no
4157,0,0,4.785092900179322e-06,-12.250435829162598,-0.0004354958946350962,assist,no
4158,0,0,3.4663263022174606e-07,-14.875431060791016,-0.00043108707177452743,assist,no
4159,0,0,2.102433538733346e-07,-15.375911712646484,-0.0009117737063206732,assist,no
4160,0,0,3.7266403180185953e-06,-12.501932144165039,-0.001932421582750976,assist,no
4161,0,0,7.338212621386759e-07,-14.125431060791016,-0.0004314445541240275,assist,no
4162,0,0,3.7266386110896106e-06,-12.50091552734375,-0.0009153467253781855,assist,no
4163,0,0,1.994729296918977e-06,-13.125432968139648,-0.00043275527423247695,assist,no
4164,0,0,3.927861479561445e-07,-14.750710487365723,-0.0007103541865944862,assist,no
4165,0,0,5.4222212403785665e-06,-12.125340461730957,-0.0003408804477658123,assist,no
4166,0,0,3.120190495577353e-05,-10.375943183898926,-0.000942977552767843,assist,no
4167,0,0,1.5534984416468217e-06,-13.375554084777832,-0.0005545270396396518,assist,no
4168,0,0,3.12019004880861e-05,-10.375836372375488,-0.0008360228384844959,assist,no
4169,0,0,1.4449806449152755e-07,-15.75150203704834,-0.0015024575404822826,assist,no
4170,0,0,1.6701414647496763e-05,-11.00092887878418,-0.0009284476400353014,assist,no
4171,0,0,5.829126699959843e-05,-9.750438690185547,-0.00043871314846910536,assist,no
4172,0,0,5.144221660164799e-05,-9.875604629516602,-0.0006046851049177349,assist,no
4173,0,0,8.939695679333488e-06,-11.626511573791504,-0.0015115038258954883,assist,no
4174,0,0,2.7535697605697587e-05,-10.501197814941406,-0.0011980506824329495,assist,no
4175,0,0,1.5534974283404554e-06,-13.376172065734863,-0.0011718557216227055,assist,no
4176,0,0,5.422217016372234e-06,-12.125494003295898,-0.0004936429904773831,assist,no
4177,0,0,1.760342898466707e-06,-13.250913619995117,-0.0009134411229752004,assist,no
4178,0,0,3.12019004880861e-05,-10.375836372375488,-0.0008360228384844959,assist,no
4179,0,0,9.422449886873028e-07,-13.876502990722656,-0.0015034097013995051,assist,no
4180,0,0,6.144174811074048e-06,-12.001935005187988,-0.0019350391812622547,assist,no
4181,0,0,1.1478769033752572e-05,-11.375564575195312,-0.0005646541831083596,assist,no
4182,0,0,4.4508504569747943e-07,-14.625710487365723,-0.0007104733376763761,assist,no
4183,0,0,1.8553911316581855e-07,-15.500911712646484,-0.0009117737063206732,assist,no
4184,0,0,2.5612834290886482e-06,-12.875490188598633,-0.0004906642716377974,assist,no
4185,0,0,6.962256227038901e-06,-11.875494956970215,-0.0004949536523781717,assist,no
4186,0,0,1.994728854662531e-06,-13.126931190490723,-0.0019307559123262763,assist,no
4187,0,0,6.962254460537687e-06,-11.875717163085938,-0.0007169060409069061,assist,no
4188,0,0,9.610245943532073e-05,-9.250526428222656,-0.0005268854438327253,assist,no
4189,0,0,1.7603438165556951e-06,-13.250711441040039,-0.0007117837085388601,assist,no
4190,0,0,3.927863524899728e-07,-14.75117015838623,-0.0011705459328368306,assist,no
4191,0,0,1.5534974283404554e-06,-13.376172065734863,-0.0011718557216227055,assist,no
4192,0,0,6.962255290092113e-06,-11.875717163085938,-0.000717025191988796,assist,no
4193,0,0,1.3709569634675528e-06,-13.501503944396973,-0.0015037668636068702,assist,no
4194,0,0,1.0677024727915184e-06,-13.750711441040039,-0.0007110689766705036,assist,no
4195,0,0,1.1478768062270325e-05,-11.375499725341797,-0.0004997196956537664,assist,no
4196,0,0,3.2887488039674544e-06,-12.626932144165039,-0.0019320646533742547,assist,no
4197,0,0,3.5356260162957765e-05,-10.250946998596191,-0.0009472650708630681,assist,no
4198,0,0,2.260323624276063e-06,-13.001504898071289,-0.0015046000480651855,assist,no
4199,0,0,0.0001233946218157697,-9.000458717346191,-0.00045908879837952554,assist,no
4200,0,0,1.8925141824999938e-05,-10.875823974609375,-0.0008236353169195354,assist,no
4201,0,0,1.0677031554297306e-06,-13.751171112060547,-0.0011713793501257896,assist,no
4202,0,0,3.726638262502227e-06,-12.500556945800781,-0.0005566716426983476,assist,no
4203,0,0,2.260323624276063e-06,-13.001504898071289,-0.0015046000480651855,assist,no
4204,0,0,1.01299902968949e-05,-11.501043319702148,-0.0010432521812617779,assist,no
4205,0,0,3.1201906063614824e-05,-10.375584602355957,-0.0005844315164722502,assist,no
4206,0,0,1.2098657862046906e-06,-13.625554084777832,-0.0005541696446016431,assist,no
4207,0,0,1.4738978647524125e-05,-11.126185417175293,-0.0011851914459839463,assist,no
4208,0,0,1.994729652094283e-06,-13.125555038452148,-0.0005550036439672112,assist,no
4209,0,0,8.939697905668881e-06,-11.625344276428223,-0.00034445550409145653,assist,no
4210,0,0,1.3709576498282867e-06,-13.500554084777832,-0.0005544078885577619,assist,no
4211,0,0,3.927862710285214e-07,-14.750911712646484,-0.0009118927991949022,assist,no
4212,0,0,6.962257461847425e-06,-11.8759183883667,-0.00091856240760535,assist,no
4213,0,0,4.2228315377422516e-06,-12.376174926757812,-0.0011744751827791333,assist,no
4214,0,0,2.2603250270529544e-06,-13.000555038452148,-0.0005553610390052199,assist,no
4215,0,0,1.147876451008027e-05,-11.375391960144043,-0.0003916450368706137,assist,no
4216,0,0,1.2098659004314056e-06,-13.6259126663208,-0.0009128456003963947,assist,no
4217,0,0,5.715005071115551e-07,-14.375710487365723,-0.000710592488758266,assist,no
4218,0,0,1.0129988165357127e-05,-11.500563621520996,-0.0005633435794152319,assist,no
4219,0,0,4.539786385366041e-05,-10.000672340393066,-0.00067223358200863,assist,no
4220,0,0,5.422220557549658e-06,-12.126507759094238,-0.001508051878772676,assist,no
4221,0,0,3.0590228947757396e-07,-15.000553131103516,-0.000553335587028414,assist,no
4222,0,0,2.144495290456921e-05,-10.750731468200684,-0.0007316772826015949,assist,no
4223,0,0,7.338208271822666e-07,-14.126171112060547,-0.0011709030950441957,assist,no
4224,0,0,1.7603424191342756e-06,-13.250432968139648,-0.0004325169720686972,assist,no
4225,0,0,6.144176048851838e-06,-12.000494003295898,-0.0004942387458868325,assist,no
4226,0,0,9.61023979055641e-05,-9.250357627868652,-0.00035744477645494044,assist,no
4227,0,0,1.2098653039455336e-06,-13.626930236816406,-0.0019299230771139264,assist,no
4228,0,0,3.535626296174599e-05,-10.251205444335938,-0.0012057899730280042,assist,no
4229,0,0,9.422444282454055e-07,-13.875336647033691,-0.0003364712174516171,assist,no
4230,0,0,0.0001233946218157697,-9.000458717346191,-0.00045908879837952554,assist,no
4231,0,0,3.2887484720282926e-06,-12.626505851745605,-0.001505671301856637,assist,no
4232,0,0,1.5534971066072321e-06,-13.375913619995117,-0.0009132028790190816,assist,no
4233,0,0,7.88926306152936e-06,-11.750343322753906,-0.00034338299883529544,assist,no
4234,0,0,2.5612827816085123e-06,-12.875712394714355,-0.0007126175914891064,assist,no
4235,0,0,3.4663271473172865e-07,-14.87747573852539,-0.0024760086089372635,assist,no
4236,0,0,3.7266381672751875e-06,-12.50091552734375,-0.0009152276325039566,assist,no
4237,0,0,4.222834299307372e-06,-12.375556945800781,-0.0005571481888182461,assist,no
4238,0,0,1.3709574056798151e-06,-13.500432014465332,-0.00043215948971919715,assist,no
4239,0,0,2.4300229490110527e-05,-10.625829696655273,-0.00082923355512321,assist,no
4240,0,0,4.222834693571021e-06,-12.37591552734375,-0.0009158230968751013,assist,no
4241,0,0,4.22283287096225e-06,-12.375714302062988,-0.0007141662063077092,assist,no
4242,0,0,2.4300242879062654e-05,-10.625734329223633,-0.0007344171172007918,assist,no
4243,0,0,6.9622581726628004e-06,-11.875633239746094,-0.0006335158832371235,assist,no
4244,0,0,2.561282697076809e-06,-12.876328468322754,-0.001328658196143806,assist,no
4245,0,0,1.4738979150258708e-05,-11.12604808807373,-0.0010478964541107416,assist,no
4246,0,0,6.962254270676319e-06,-11.875303268432617,-0.00030298411729745567,assist,no
4247,0,0,4.006369795174028e-05,-10.125951766967773,-0.0009519098093733191,assist,no
4248,0,0,1.0677025999471465e-06,-13.750711441040039,-0.0007111880695447326,assist,no
4249,0,0,6.962257461847425e-06,-11.8759183883667,-0.00091856240760535,assist,no
4250,0,0,8.315283131832212e-07,-14.000710487365723,-0.0007108307327143848,assist,no
4251,0,0,1.3709567556681373e-06,-13.501172065734863,-0.0011717366287484765,assist,no
4252,0,0,5.043474011264465e-07,-14.500710487365723,-0.0007104733376763761,assist,no
4253,0,0,2.9023133235247868e-06,-12.750712394714355,-0.0007128558354452252,assist,no
4254,0,0,4.222834207746774e-06,-12.37533950805664,-0.00033968876232393086,assist,no
4255,0,0,2.4300235843709116e-05,-10.626057624816895,-0.001057423185557127,assist,no
4256,0,0,4.2228315377422516e-06,-12.376174926757812,-0.0011744751827791333,assist,no
4257,0,0,2.7535679823254043e-05,-10.500324249267578,-0.0003238391946069896,assist,no
4258,0,0,4.222833548633417e-06,-12.375434875488281,-0.0004349001101218164,assist,no
4259,0,0,4.785092478906146e-06,-12.251507759094238,-0.0015073377871885896,assist,no
4260,0,0,4.2228315377422516e-06,-12.376174926757812,-0.0011744751827791333,assist,no
4261,0,0,1.5534974283404554e-06,-13.376172065734863,-0.0011718557216227055,assist,no
4262,0,0,1.0129992920780189e-05,-11.500306129455566,-0.00030632095877081156,assist,no
4263,0,0,2.5612827816085123e-06,-12.875712394714355,-0.0007126175914891064,assist,no
4264,0,0,5.043475591251332e-07,-14.500911712646484,-0.0009120118920691311,assist,no
4265,0,0,7.889261992024858e-06,-11.750388145446777,-0.0003880701260641217,assist,no
4266,0,0,4.4508487100426693e-07,-14.628178596496582,-0.0031781899742782116,assist,no
4267,0,0,0.005220124571550228,-5.255788803100586,-0.005788587033748627,assist,no
4268,0,0,1.5534979168180626e-06,-13.375711441040039,-0.0007115454645827413,assist,no
4269,0,0,9.422444261886882e-07,-13.8759126663208,-0.0009124883217737079,assist,no
4270,0,0,1.3007127108230316e-05,-11.25118350982666,-0.0011834054021164775,assist,no
4271,0,0,4.450852489277163e-07,-14.625261306762695,-0.00026174934464506805,assist,no
4272,0,0,1.5534972431494296e-06,-13.377477645874023,-0.002477316651493311,assist,no
4273,0,0,4.785096472438085e-06,-12.251506805419922,-0.0015072186943143606,assist,no
4274,0,0,8.939698397143486e-06,-11.625496864318848,-0.0004970983718521893,assist,no
4275,0,0,1.3709576159132328e-06,-13.5009126663208,-0.0009129646932706237,assist,no
4276,0,0,8.939699155299707e-06,-11.625561714172363,-0.0005620330339297652,assist,no
4277,0,0,1.3709576498282867e-06,-13.500554084777832,-0.0005544078885577619,assist,no
4278,0,0,9.422444261886882e-07,-13.8759126663208,-0.0009124883217737079,assist,no
4279,0,0,2.260325198091277e-06,-13.000628471374512,-0.0006288696313276887,assist,no
4280,0,0,1.8925153557797845e-05,-10.876051902770996,-0.0010521834483370185,assist,no
4281,0,0,3.726639431907823e-06,-12.500630378723145,-0.0006304183625616133,assist,no
4282,0,0,1.4738980401089871e-05,-11.126185417175293,-0.0011853104224428535,assist,no
4283,0,0,2.260324757733407e-06,-13.000555038452148,-0.0005552418879233301,assist,no
4284,0,0,5.422216689397323e-06,-12.125917434692383,-0.0009170140838250518,assist,no
4285,0,0,9.61023979055641e-05,-9.250357627868652,-0.00035744477645494044,assist,no
4286,0,0,0.00012339453924505213,-9.001035690307617,-0.0010353925172239542,assist,no
4287,0,0,1.3709571866684185e-06,-13.500711441040039,-0.0007114263135008514,assist,no
4288,0,0,5.144223558173991e-05,-9.875761985778809,-0.0007624103454872966,assist,no
4289,0,0,1.892514740333802e-05,-10.875572204589844,-0.0005721600609831512,assist,no
4290,0,0,1.0129986958960011e-05,-11.500563621520996,-0.000563224486541003,assist,no
4291,0,0,6.9622556171319166e-06,-11.875811576843262,-0.0008114859228953719,assist,no
4292,0,0,4.006369795174028e-05,-10.125951766967773,-0.0009519098093733191,assist,no
4293,0,0,9.422442814506533e-07,-13.875432014465332,-0.0004316828562878072,assist,no
4294,0,0,0.06008665143635008,-2.8121683597564697,-0.06216838210821152,assist,no
4295,0,0,7.889261492861578e-06,-11.750718116760254,-0.0007179781678132713,assist,no
4296,0,0,4.006368747908571e-05,-10.125844955444336,-0.0008448368753306568,assist,no
4297,0,0,4.222833373869461e-06,-12.375714302062988,-0.0007142852991819382,assist,no
4298,0,0,6.962255728374083e-06,-11.875387191772461,-0.0003871168300975114,assist,no
4299,0,0,6.144174008539262e-06,-12.001176834106445,-0.0011767374817281961,assist,no
4300,0,0,1.994729296918977e-06,-13.125432968139648,-0.00043275527423247695,assist,no
4301,0,0,1.994729296918977e-06,-13.125432968139648,-0.00043275527423247695,assist,no
4302,0,0,1.3709569634675528e-06,-13.501503944396973,-0.0015037668636068702,assist,no
4303,0,0,4.2228315377422516e-06,-12.376174926757812,-0.0011744751827791333,assist,no
4304,0,0,1.994729652094283e-06,-13.125555038452148,-0.0005550036439672112,assist,no
4305,0,0,1.0129990132975798e-05,-11.50063705444336,-0.0006369707407429814,assist,no
4306,0,0,5.715005071115551e-07,-14.375710487365723,-0.000710592488758266,assist,no
4307,0,0,7.33820676615564e-07,-14.125336647033691,-0.00033623288618400693,assist,no
4308,0,0,3.2887479758424797e-06,-12.626173973083496,-0.0011736417654901743,assist,no
4309,0,0,3.120190062247993e-05,-10.375462532043457,-0.0004621868138201535,assist,no
4310,0,0,1.5534974283404554e-06,-13.376172065734863,-0.0011718557216227055,assist,no
4311,0,0,2.902310901315989e-06,-12.750713348388672,-0.0007129749283194542,assist,no
4312,0,0,1.9947303171628255e-06,-13.1260347366333,-0.0010350352386012673,assist,no
4313,0,0,3.1201919744549966e-05,-10.37606430053711,-0.0010645681759342551,assist,no
4314,0,0,1.3007130752932352e-05,-11.251338958740234,-0.0013391345273703337,assist,no
4315,0,0,6.475945857562007e-07,-14.251171112060547,-0.0011707840021699667,assist,no
4316,0,0,6.475945857562007e-07,-14.251171112060547,-0.0011707840021699667,assist,no
4317,0,0,2.260324707869166e-06,-13.000337600708008,-0.00033778208307921886,assist,no
4318,0,0,5.422218532576616e-06,-12.125632286071777,-0.0006322053959593177,assist,no
4319,0,0,9.422447336542504e-07,-13.876171112060547,-0.0011712603736668825,assist,no
4320,0,0,2.561281140173303e-06,-12.875914573669434,-0.0009141556802205741,assist,no
4321,0,0,2.4300242879062654e-05,-10.625734329223633,-0.0007344171172007918,assist,no
4322,0,0,2.9023118188933127e-06,-12.750338554382324,-0.00033849707688204944,assist,no
4323,0,0,2.2603232821996695e-06,-13.00117301940918,-0.0011725700460374355,assist,no
4324,0,0,1.8925144480328318e-05,-10.875399589538574,-0.00039939055568538606,assist,no
4325,0,0,1.4738985781895654e-05,-11.125445365905762,-0.0004456242313608527,assist,no
4326,0,0,5.4222215413156685e-06,-12.125493049621582,-0.0004935238393954933,assist,no
4327,0,0,8.939698090134468e-06,-11.625561714172363,-0.0005619138828478754,assist,no
4328,0,0,2.753568553222655e-05,-10.50093936920166,-0.0009391664643771946,assist,no
4329,0,0,2.3823684989286256e-07,-15.250710487365723,-0.0007102350937202573,assist,no
4330,0,0,2.902311536854187e-06,-12.750555992126465,-0.0005558376433327794,assist,no
4331,0,0,2.9023124477587277e-06,-12.750629425048828,-0.0006295844214037061,assist,no
4332,0,0,1.89251418194921e-05,-10.875450134277344,-0.00044979469384998083,assist,no
4333,0,0,8.939697607766076e-06,-11.625813484191895,-0.0008136299438774586,assist,no
4334,0,0,1.0677028334387279e-06,-13.750554084777832,-0.0005540504935197532,assist,no
4335,0,0,1.5534984416468217e-06,-13.375554084777832,-0.0005545270396396518,assist,no
4336,0,0,3.288749012625885e-06,-12.625713348388672,-0.0007133323233574629,assist,no
4337,0,0,2.1444941358409873e-05,-10.750648498535156,-0.0006481691962108016,assist,no
4338,0,0,1.0677028071499474e-06,-13.7509126663208,-0.0009126074146479368,assist,no
4339,0,0,1.6701426450180366e-05,-11.001519203186035,-0.0015194787411019206,assist,no
4340,0,0,2.7535680337734672e-05,-10.500738143920898,-0.0007377525325864553,assist,no
4341,0,0,3.726640556194795e-06,-12.500713348388672,-0.0007136897183954716,assist,no
4342,0,0,2.5612828863413576e-06,-12.875432968139648,-0.0004332319076638669,assist,no
4343,0,0,9.42245029657135e-07,-13.875710487365723,-0.0007109498255886137,assist,no
4344,0,0,3.726637599709068e-06,-12.500434875488281,-0.00043442347669042647,assist,no
4345,0,0,1.7603429423218395e-06,-13.250555038452148,-0.0005548844928853214,assist,no
4346,0,0,3.7266389258377995e-06,-12.502479553222656,-0.002479457063600421,assist,no
4347,0,0,2.3823689656988412e-07,-15.250335693359375,-0.00033563701435923576,assist,no
4348,0,0,2.7535680337734672e-05,-10.500738143920898,-0.0007377525325864553,assist,no
4349,0,0,1.1478766067858962e-05,-11.375347137451172,-0.0003469580551609397,assist,no
4350,0,0,1.553497293606748e-06,-13.3760347366333,-0.0010344398906454444,assist,no
4351,0,0,5.043475714256648e-07,-14.500553131103516,-0.0005534547381103039,assist,no
4352,0,0,1.994729652094283e-06,-13.125555038452148,-0.0005550036439672112,assist,no
4353,0,0,1.0677032825854402e-06,-13.751171112060547,-0.0011714984430000186,assist,no
4354,0,0,1.14787700740538e-05,-11.376044273376465,-0.0010444429935887456,assist,no
4355,0,0,1.0677029343056154e-06,-13.7509126663208,-0.0009127265075221658,assist,no
4356,0,0,3.7266393692184765e-06,-12.502479553222656,-0.002479576040059328,assist,no
4357,0,0,9.422446214397294e-07,-13.876171112060547,-0.0011711412807926536,assist,no
4358,0,0,4.222831597225879e-06,-12.375631332397461,-0.0006308949086815119,assist,no
4359,0,0,2.1444951621384923e-05,-10.751523971557617,-0.0015241208020597696,assist,no
4360,0,0,1.4738978940071042e-05,-11.125641822814941,-0.0006416169344447553,assist,no
4361,0,0,4.5397864125825914e-05,-10.000957489013672,-0.0009573881980031729,assist,no
4362,0,0,1.4738978647524125e-05,-11.126185417175293,-0.0011851914459839463,assist,no
4363,0,0,2.1444941608056493e-05,-10.751054763793945,-0.0010544460965320468,assist,no
4364,0,0,3.535625304868604e-05,-10.250588417053223,-0.0005884823040105402,assist,no
4365,0,0,1.5534979168180626e-06,-13.375711441040039,-0.0007115454645827413,assist,no
4366,0,0,4.4508504569747943e-07,-14.625710487365723,-0.0007104733376763761,assist,no
4367,0,0,6.962256818709515e-06,-11.87555980682373,-0.0005598884890787303,assist,no
4368,0,0,1.3007122904786276e-05,-11.250925064086914,-0.0009246364934369922,assist,no
4369,0,0,1.7603426887203276e-06,-13.250913619995117,-0.0009133219718933105,assist,no
4370,0,0,3.2887501246415356e-06,-12.625555992126465,-0.000556314189452678,assist,no
4371,0,0,7.889261827397408e-06,-11.750438690185547,-0.0004385939973872155,assist,no
4372,0,0,1.994729652094283e-06,-13.125555038452148,-0.0005550036439672112,assist,no
4373,0,0,3.120190185563425e-05,-10.375367164611816,-0.0003668589051812887,assist,no
4374,0,0,3.927861479561445e-07,-14.750710487365723,-0.0007103541865944862,assist,no
4375,0,0,3.120191089816204e-05,-10.375519752502441,-0.0005197366117499769,assist,no
4376,0,0,6.475949932386481e-07,-14.250335693359375,-0.0003359945258125663,assist,no
4377,0,0,0.0005527787375143496,-7.501723766326904,-0.0017239484004676342,assist,no
4378,0,0,7.484622885235095e-05,-9.50200366973877,-0.0020036876667290926,assist,no
4379,0,0,4.785092900179322e-06,-12.250435829162598,-0.0004354958946350962,assist,no
4380,0,0,4.222835121509352e-06,-12.375630378723145,-0.0006307758158072829,assist,no
4381,0,0,4.785093913324055e-06,-12.250493049621582,-0.0004929280839860439,assist,no
4382,0,0,1.300713057728404e-05,-11.25151538848877,-0.001515550771728158,assist,no
4383,0,0,1.2098651600002267e-06,-13.626930236816406,-0.0019298041006550193,assist,no
4384,0,0,1.5534984416468217e-06,-13.375554084777832,-0.0005545270396396518,assist,no
4385,0,0,1.0129993183168756e-05,-11.500720024108887,-0.0007202415145002306,assist,no
4386,0,0,6.475949932386481e-07,-14.250335693359375,-0.0003359945258125663,assist,no
4387,0,0,1.7603426887203276e-06,-13.250913619995117,-0.0009133219718933105,assist,no
4388,0,0,7.484624904379413e-05,-9.500784873962402,-0.000785161682870239,assist,no
4389,0,0,1.0677028071499474e-06,-13.7509126663208,-0.0009126074146479368,assist,no
4390,0,0,5.82912765791715e-05,-9.750319480895996,-0.0003196682082489133,assist,no
4391,0,0,8.93969505959175e-06,-11.62571907043457,-0.0007189311436377466,assist,no
4392,0,0,0.0001233946158514294,-9.000554084777832,-0.0005544078885577619,assist,no
4393,0,0,1.7603426887203276e-06,-13.250913619995117,-0.0009133219718933105,assist,no
4394,0,0,6.9622578861482716e-06,-11.875494956970215,-0.0004951919545419514,assist,no
4395,0,0,5.829124385306967e-05,-9.750182151794434,-0.0001817776501411572,assist,no
4396,0,0,1.2098657862046906e-06,-13.625554084777832,-0.0005541696446016431,assist,no
4397,0,0,9.422442814506533e-07,-13.875432014465332,-0.0004316828562878072,assist,no
4398,0,0,9.6102441463851e-05,-9.251266479492188,-0.0012667496921494603,assist,no
4399,0,0,1.1478768707029856e-05,-11.375923156738281,-0.0009232072625309229,assist,no
4400,0,0,7.889261105746011e-06,-11.751510620117188,-0.001510432455688715,assist,no
4401,0,0,6.962255040861047e-06,-11.876333236694336,-0.0013330630026757717,assist,no
4402,0,0,5.043475714256648e-07,-14.500553131103516,-0.0005534547381103039,assist,no
4403,0,0,1.209865570673979e-06,-13.625432014465332,-0.0004319211875554174,assist,no
4404,0,0,2.382368878682105e-07,-15.250431060791016,-0.00043096792069263756,assist,no
4405,0,0,4.222834190663654e-06,-12.37591552734375,-0.0009157040040008724,assist,no
4406,0,0,3.4663257494776956e-07,-14.875710487365723,-0.0007103541865944862,assist,no
4407,0,0,5.043474011264465e-07,-14.500710487365723,-0.0007104733376763761,assist,no
4408,0,0,1.3007133420212869e-05,-11.25081729888916,-0.0008176797418855131,assist,no
4409,0,0,3.7266386110896106e-06,-12.50091552734375,-0.0009153467253781855,assist,no
4410,0,0,3.535625252288441e-05,-10.250370979309082,-0.00037102968781255186,assist,no
4411,0,0,1.6701416636483135e-05,-11.00092887878418,-0.0009285667329095304,assist,no
4412,0,0,8.939700220465073e-06,-11.625561714172363,-0.0005621521850116551,assist,no
4413,0,0,1.3007133420212869e-05,-11.25081729888916,-0.0008176797418855131,assist,no
4414,0,0,8.939697607766076e-06,-11.625813484191895,-0.0008136299438774586,assist,no
4415,0,0,1.5534984416468217e-06,-13.375554084777832,-0.0005545270396396518,assist,no
4416,0,0,4.785094766176228e-06,-12.250916481018066,-0.000916537712328136,assist,no
4417,0,0,1.5534981649904265e-06,-13.375432014465332,-0.000432278640801087,assist,no
4418,0,0,0.0002611903569571949,-8.250814437866211,-0.000814582861494273,assist,no
4419,0,0,2.1444954358761614e-05,-10.750401496887207,-0.0004017737810499966,assist,no
4420,0,0,1.0129988925988814e-05,-11.50063705444336,-0.0006368515896610916,assist,no
4421,0,0,5.422217886516953e-06,-12.125632286071777,-0.0006320862448774278,assist,no
4422,0,0,1.994729652094283e-06,-13.125555038452148,-0.0005550036439672112,assist,no
4423,0,0,6.14417327753173e-06,-12.001176834106445,-0.001176618505269289,assist,no
4424,0,0,7.338207803891221e-07,-14.125262260437012,-0.0002619877050165087,assist,no
4425,0,0,1.5534984031256146e-06,-13.3759126663208,-0.0009130837861448526,assist,no
4426,0,0,0.00012339463432975366,-9.001294136047363,-0.0012946089264005423,assist,no
4427,0,0,2.5612828863413576e-06,-12.875432968139648,-0.0004332319076638669,assist,no
4428,0,0,7.33820914575039e-07,-14.126171112060547,-0.0011710221879184246,assist,no
4429,0,0,2.1444941358409873e-05,-10.750648498535156,-0.0006481691962108016,assist,no
4430,0,0,1.4738978647524125e-05,-11.126185417175293,-0.0011851914459839463,assist,no
4431,0,0,2.561283285742525e-06,-12.875337600708008,-0.00033802041434682906,assist,no
4432,0,0,2.430023379137778e-05,-10.625577926635742,-0.0005776405450887978,assist,no
4433,0,0,1.3709567556681373e-06,-13.501172065734863,-0.0011717366287484765,assist,no
4434,0,0,2.7535680337734672e-05,-10.500738143920898,-0.0007377525325864553,assist,no
4435,0,0,7.88925898877984e-06,-11.751178741455078,-0.001178285456262529,assist,no
4436,0,0,5.422218452410929e-06,-12.126175880432129,-0.0011757849715650082,assist,no
4437,0,0,6.962254460537687e-06,-11.875717163085938,-0.0007169060409069061,assist,no
4438,0,0,5.043475591251332e-07,-14.500911712646484,-0.0009120118920691311,assist,no
4439,0,0,3.120191207501662e-05,-10.37565803527832,-0.000658057106193155,assist,no
4440,0,1,0.9770226294627451,-0.023700742051005363,-3.773700714111328,assist,yes
4441,0,0,2.5612824764296976e-06,-12.875712394714355,-0.0007124984404072165,assist,no
4442,0,0,7.484624797432274e-05,-9.500410079956055,-0.0004103533865418285,assist,no
4443,0,0,7.338212621386759e-07,-14.125431060791016,-0.0004314445541240275,assist,no
4444,0,0,1.3007133662486459e-05,-11.25039291381836,-0.0003933132975362241,assist,no
4445,0,0,1.553497262862145e-06,-13.375628471374512,-0.0006281548412516713,assist,no
4446,0,0,8.315283131832212e-07,-14.000710487365723,-0.0007108307327143848,assist,no
4447,0,0,1.3007123281067147e-05,-11.250566482543945,-0.0005660838796757162,assist,no
4448,0,0,3.2887501246415356e-06,-12.625555992126465,-0.000556314189452678,assist,no
4449,0,0,1.994729296918977e-06,-13.125432968139648,-0.00043275527423247695,assist,no
4450,0,0,5.144222052701427e-05,-9.87596321105957,-0.0009633429581299424,assist,no
4451,0,0,6.962255583293225e-06,-11.87543773651123,-0.00043764073052443564,assist,no
4452,0,0,1.6701428585960505e-05,-11.000927925109863,-0.0009283285471610725,assist,no
4453,0,0,4.78509573043971e-06,-12.252480506896973,-0.0024807651061564684,assist,no
4454,0,0,5.82912450193444e-05,-9.750685691833496,-0.0006853376980870962,assist,no
4455,0,0,2.753569631388562e-05,-10.500580787658691,-0.0005809764843434095,assist,no
4456,0,0,3.7266386110896106e-06,-12.50091552734375,-0.0009153467253781855,assist,no
4457,0,0,0.000430557108830537,-7.750766277313232,-0.0007663412252441049,assist,no
4458,0,0,3.7266383891823927e-06,-12.500492095947266,-0.000491855782456696,assist,no
4459,0,0,2.7535690731527652e-05,-10.500515937805176,-0.0005159238935448229,assist,no
4460,0,0,8.48110051757145e-05,-9.376255989074707,-0.001255558105185628,assist,no
4461,0,0,4.7850927014497896e-06,-12.250715255737305,-0.0007148809381760657,assist,no
4462,0,0,1.0677028071499474e-06,-13.7509126663208,-0.0009126074146479368,assist,no
4463,0,0,5.829127297262406e-05,-9.750969886779785,-0.0009700122172944248,assist,no
4464,0,0,1.6701429091470636e-05,-11.000569343566895,-0.0005697772721759975,assist,no
4465,0,0,8.315278010010566e-07,-14.000554084777832,-0.0005538121913559735,assist,no
4466,0,0,1.0129993831769734e-05,-11.50039005279541,-0.00039033422945067286,assist,no
4467,0,0,3.2887492157328638e-06,-12.625383377075195,-0.00038342276820912957,assist,no
4468,0,0,5.422217981200827e-06,-12.125917434692383,-0.0009172523277811706,assist,no
4469,0,0,7.88926280253384e-06,-11.750812530517578,-0.0008125579333864152,assist,no
4470,0,0,7.88926569970232e-06,-11.75063419342041,-0.0006345880683511496,assist,no
4471,0,0,9.42245029657135e-07,-13.875710487365723,-0.0007109498255886137,assist,no
4472,0,0,3.2887479758424797e-06,-12.626173973083496,-0.0011736417654901743,assist,no
4473,0,0,3.2887495601150374e-06,-12.625807762145996,-0.0008079125545918941,assist,no
4474,0,0,6.475947612638729e-07,-14.251502990722656,-0.0015029336791485548,assist,no
4475,0,0,3.7266393804982203e-06,-12.501173973083496,-0.0011739989276975393,assist,no
4476,0,0,9.422442814506533e-07,-13.875432014465332,-0.0004316828562878072,assist,no
4477,0,0,4.7850966947033865e-06,-12.250714302062988,-0.0007147617870941758,assist,no
4478,0,0,7.484625543884134e-05,-9.500454902648926,-0.0004552758182398975,assist,no
4479,0,0,1.892514456129353e-05,-10.875930786132812,-0.0009305914281867445,assist,no
4480,0,0,7.889260552855008e-06,-11.750718116760254,-0.0007178590167313814,assist,no
4481,0,0,7.338206750778618e-07,-14.1259126663208,-0.000912250077817589,assist,no
4482,0,0,1.5534979168180626e-06,-13.375711441040039,-0.0007115454645827413,assist,no
4483,0,0,5.715002230559097e-07,-14.375262260437012,-0.0002618685248307884,assist,no
4484,0,0,2.561281204727456e-06,-12.875555992126465,-0.0005555993411689997,assist,no
4485,0,0,2.2603247011592023e-06,-13.000913619995117,-0.0009137984015978873,assist,no
4486,0,0,6.475950691186178e-07,-14.250911712646484,-0.0009121309849433601,assist,no
4487,0,0,5.043474815495919e-07,-14.500431060791016,-0.0004312062228564173,assist,no
4488,0,0,1.6701427682847248e-05,-11.000504493713379,-0.0005048430757597089,assist,no
4489,0,0,3.726638262502227e-06,-12.500556945800781,-0.0005566716426983476,assist,no
4490,0,0,4.5397858719509555e-05,-10.000957489013672,-0.0009572691051289439,assist,no
4491,0,0,1.0129987882331398e-05,-11.500922203063965,-0.0009218971827067435,assist,no
4492,0,0,4.006369950246758e-05,-10.125593185424805,-0.0005933669744990766,assist,no
4493,0,0,4.4508519598602985e-07,-14.625553131103516,-0.0005534547381103039,assist,no
4494,0,0,7.889259928327011e-06,-11.751178741455078,-0.0011784045491367579,assist,no
4495,0,0,2.561281974904846e-06,-12.87617301940918,-0.0011729273246601224,assist,no
4496,0,0,8.939695679333488e-06,-11.626511573791504,-0.0015115038258954883,assist,no
4497,0,0,1.2098657563451809e-06,-13.6259126663208,-0.0009127265075221658,assist,no
4498,0,0,3.120190557325884e-05,-10.375367164611816,-0.0003669780562631786,assist,no
4499,0,0,6.144171907071661e-06,-12.000633239746094,-0.0006328010931611061,assist,no
4500,0,0,5.715005071115551e-07,-14.375710487365723,-0.000710592488758266,assist,no
4501,0,0,1.6701428775040736e-05,-11.000351905822754,-0.00035232058144174516,assist,no
4502,0,0,1.0129989957263956e-05,-11.501180648803711,-0.0011805477552115917,assist,no
4503,0,0,5.043473193675766e-07,-14.501502990722656,-0.0015028145862743258,assist,no
4504,0,0,5.144221326912903e-05,-9.875856399536133,-0.0008563903393223882,assist,no
4505,0,0,2.561281140173303e-06,-12.875914573669434,-0.0009141556802205741,assist,no
4506,0,0,2.902311463535845e-06,-12.750914573669434,-0.000914393924176693,assist,no
4507,0,0,6.962256446281225e-06,-11.875811576843262,-0.0008116050157696009,assist,no
4508,0,0,7.88926243240905e-06,-11.750718116760254,-0.0007180972606875002,assist,no
4509,0,0,7.33820827951118e-07,-14.127476692199707,-0.0024764842819422483,assist,no
4510,0,0,5.043475591251332e-07,-14.500911712646484,-0.0009120118920691311,assist,no
4511,0,0,1.5534974283404554e-06,-13.376172065734863,-0.0011718557216227055,assist,no
4512,0,0,2.260323993850194e-06,-13.000712394714355,-0.0007122601964510977,assist,no
4513,0,0,2.902311536854187e-06,-12.750555992126465,-0.0005558376433327794,assist,no
4514,0,0,9.422442814506533e-07,-13.875432014465332,-0.0004316828562878072,assist,no
4515,0,0,2.2603232821996695e-06,-13.00117301940918,-0.0011725700460374355,assist,no
4516,0,0,2.5612832081433015e-06,-12.87580680847168,-0.0008071978809311986,assist,no
4517,0,0,1.0129990132975798e-05,-11.50063705444336,-0.0006369707407429814,assist,no
4518,0,0,3.2887495601150374e-06,-12.625807762145996,-0.0008079125545918941,assist,no
4519,0,0,4.006370719547506e-05,-10.125666618347168,-0.0006669919239357114,assist,no
4520,0,0,5.043472630611165e-07,-14.503178596496582,-0.003178308717906475,assist,no
4521,0,0,3.927861479561445e-07,-14.750710487365723,-0.0007103541865944862,assist,no
4522,0,0,1.1478767003595303e-05,-11.375442504882812,-0.000442407006630674,assist,no
4523,0,0,2.5612824764296976e-06,-12.875712394714355,-0.0007124984404072165,assist,no
4524,0,0,2.4300230896049165e-05,-10.625577926635742,-0.0005775213940069079,assist,no
4525,0,0,6.962254460537687e-06,-11.875717163085938,-0.0007169060409069061,assist,no
4526,0,0,6.144175480568389e-06,-12.000436782836914,-0.000436925794929266,assist,no
4527,0,0,5.422217886516953e-06,-12.125632286071777,-0.0006320862448774278,assist,no
4528,0,0,1.3709571866684185e-06,-13.500711441040039,-0.0007114263135008514,assist,no
4529,0,0,3.927862805853228e-07,-14.750553131103516,-0.000553335587028414,assist,no
4530,0,0,5.715004144333539e-07,-14.376502990722656,-0.0015029336791485548,assist,no
4531,0,0,3.5356256111917994e-05,-10.250415802001953,-0.0004159538948442787,assist,no
4532,0,0,2.260324757733407e-06,-13.000555038452148,-0.0005552418879233301,assist,no
4533,0,0,1.2098662449954416e-06,-13.62515926361084,-0.0001597276859683916,assist,no
4534,0,0,4.785093904411166e-06,-12.254083633422852,-0.004083510022610426,assist,no
4535,0,0,4.222834207746774e-06,-12.37533950805664,-0.00033968876232393086,assist,no
4536,0,0,0.00033535001500570625,-8.00067138671875,-0.000671042304020375,assist,no
4537,0,0,0.00012339451885284036,-9.000459671020508,-0.0004592079494614154,assist,no
4538,0,0,2.5612824764296976e-06,-12.875712394714355,-0.0007124984404072165,assist,no
4539,0,0,1.2098657563451809e-06,-13.6259126663208,-0.0009127265075221658,assist,no
4540,0,0,0.00015843622159212591,-8.750454902648926,-0.0004549183649942279,assist,no
4541,0,0,2.902311536854187e-06,-12.750555992126465,-0.0005558376433327794,assist,no
4542,0,0,4.7850937503853e-06,-12.250557899475098,-0.0005577438860200346,assist,no
4543,0,0,7.889260552855008e-06,-11.750718116760254,-0.0007178590167313814,assist,no
4544,0,0,9.422444282454055e-07,-13.875336647033691,-0.0003364712174516171,assist,no
4545,0,0,1.9947296022838163e-06,-13.125913619995117,-0.0009135602158494294,assist,no
4546,0,0,0.00020342692610743733,-8.502679824829102,-0.002679569413885474,assist,no
4547,0,0,5.144221850893882e-05,-9.875539779663086,-0.0005398723296821117,assist,no
4548,0,0,1.0677025533358443e-06,-13.751503944396973,-0.0015036477707326412,assist,no
4549,0,0,2.1444948515779697e-05,-10.751192092895508,-0.001192097319290042,assist,no
4550,0,0,3.535625174189923e-05,-10.250946998596191,-0.0009470268851146102,assist,no
4551,0,0,2.7535697605697587e-05,-10.501197814941406,-0.0011980506824329495,assist,no
4552,0,0,1.0129987882331398e-05,-11.500922203063965,-0.0009218971827067435,assist,no
4553,0,0,6.144177303081133e-06,-12.000558853149414,-0.000559292733669281,assist,no
4554,0,0,1.0677028071499474e-06,-13.7509126663208,-0.0009126074146479368,assist,no
4555,0,0,3.927861479561445e-07,-14.750710487365723,-0.0007103541865944862,assist,no
4556,0,0,3.7266381672751875e-06,-12.50091552734375,-0.0009152276325039566,assist,no
4557,0,0,4.7850966947033865e-06,-12.250714302062988,-0.0007147617870941758,assist,no
4558,0,0,6.962256227038901e-06,-11.875494956970215,-0.0004949536523781717,assist,no
4559,0,0,4.785095339943614e-06,-12.25103759765625,-0.0010377742582932115,assist,no
4560,0,0,0.0001584362617899502,-8.750419616699219,-0.0004198861715849489,assist,no
4561,0,0,2.1444956726661378e-05,-10.751523971557617,-0.0015243588713929057,assist,no
4562,0,0,4.222834190663654e-06,-12.37591552734375,-0.0009157040040008724,assist,no
4563,0,0,1.2098657862046906e-06,-13.625554084777832,-0.0005541696446016431,assist,no
4564,0,0,3.927861479561445e-07,-14.750710487365723,-0.0007103541865944862,assist,no
4565,0,0,4.4508519598602985e-07,-14.625553131103516,-0.0005534547381103039,assist,no
4566,0,0,1.892514906890848e-05,-10.875930786132812,-0.0009308296139352024,assist,no
4567,0,0,8.315277805757303e-07,-14.0009126663208,-0.000912369170691818,assist,no
4568,0,0,2.1444943913543194e-05,-10.750648498535156,-0.0006482883472926915,assist,no
4569,0,0,1.7603429423218395e-06,-13.250555038452148,-0.0005548844928853214,assist,no
4570,0,0,2.3823684989286256e-07,-15.250710487365723,-0.0007102350937202573,assist,no
4571,0,0,1.2098651600002267e-06,-13.626930236816406,-0.0019298041006550193,assist,no
4572,0,0,2.902312795767585e-06,-12.751931190490723,-0.001931469771079719,assist,no
4573,0,0,9.422443159486519e-07,-13.875336647033691,-0.0003363520372658968,assist,no
4574,0,0,1.7603432627307513e-06,-13.251172065734863,-0.0011720937909558415,assist,no
4575,0,0,3.535625010995923e-05,-10.250523567199707,-0.0005235493299551308,assist,no
4576,0,0,1.7603426887203276e-06,-13.250913619995117,-0.0009133219718933105,assist,no
4577,0,0,7.889260495912747e-06,-11.752813339233398,-0.0028130742721259594,assist,no
4578,0,0,7.338206930604365e-07,-14.125554084777832,-0.0005536930402740836,assist,no
4579,0,0,3.9278608435085544e-07,-14.751502990722656,-0.0015026956098154187,assist,no
4580,0,0,1.2098661509978136e-06,-13.626171112060547,-0.0011714984430000186,assist,no
4581,0,0,4.539786926261976e-05,-10.000672340393066,-0.0006723527330905199,assist,no
4582,0,0,5.422217886516953e-06,-12.125632286071777,-0.0006320862448774278,assist,no
4583,0,0,5.71500700085848e-07,-14.375553131103516,-0.0005535738891921937,assist,no
4584,0,0,4.006368823695975e-05,-10.12636661529541,-0.0013665156438946724,assist,no
4585,0,0,7.338206750778618e-07,-14.1259126663208,-0.000912250077817589,assist,no
4586,0,0,8.315278796530885e-07,-14.0009126663208,-0.0009124883217737079,assist,no
4587,0,0,1.4738987538035979e-05,-11.125445365905762,-0.0004457433824427426,assist,no
4588,0,0,5.043473193675766e-07,-14.501502990722656,-0.0015028145862743258,assist,no
4589,0,0,1.4738976892242772e-05,-11.126185417175293,-0.0011850723531097174,assist,no
4590,0,0,2.1444953883184517e-05,-10.750825881958008,-0.0008261366747319698,assist,no
4591,0,0,1.892515565738671e-05,-10.876521110534668,-0.0015215021558105946,assist,no
4592,0,0,7.889261492861578e-06,-11.750718116760254,-0.0007179781678132713,assist,no
4593,0,0,1.5534984416468217e-06,-13.375554084777832,-0.0005545270396396518,assist,no
4594,0,0,6.475949932386481e-07,-14.250335693359375,-0.0003359945258125663,assist,no
4595,0,0,6.962255040861047e-06,-11.876333236694336,-0.0013330630026757717,assist,no
4596,0,0,3.7266393804982203e-06,-12.501173973083496,-0.0011739989276975393,assist,no
4597,0,0,1.5534979168180626e-06,-13.375711441040039,-0.0007115454645827413,assist,no
4598,0,0,1.4738988894390711e-05,-11.125502586364746,-0.0005030558677390218,assist,no
4599,0,0,9.42245029657135e-07,-13.875710487365723,-0.0007109498255886137,assist,no
4600,0,0,1.7603426887203276e-06,-13.250913619995117,-0.0009133219718933105,assist,no
4601,0,0,9.42244449333613e-07,-13.875554084777832,-0.0005539313424378633,assist,no
4602,0,0,8.93969612475663e-06,-11.62571907043457,-0.0007190502947196364,assist,no
4603,0,0,2.2603247011592023e-06,-13.000913619995117,-0.0009137984015978873,assist,no
4604,0,0,1.0129992454966796e-05,-11.501938819885254,-0.00193896540440619,assist,no
4605,0,0,3.9278621058975974e-07,-14.750431060791016,-0.00043108707177452743,assist,no
4606,0,0,3.535625304868604e-05,-10.250588417053223,-0.0005884823040105402,assist,no
4607,0,0,1.0129986675934318e-05,-11.500922203063965,-0.0009217780898325145,assist,no
4608,0,0,6.475950691186178e-07,-14.250911712646484,-0.0009121309849433601,assist,no
4609,0,0,3.2887498445797173e-06,-12.62549114227295,-0.0004913791781291366,assist,no
4610,0,0,2.5612832081433015e-06,-12.87580680847168,-0.0008071978809311986,assist,no
4611,0,0,1.012999486245574e-05,-11.500814437866211,-0.0008148210472427309,assist,no
4612,0,0,7.484625362226453e-05,-9.500505447387695,-0.0005057962844148278,assist,no
4613,0,0,1.3007122565603531e-05,-11.250818252563477,-0.0008177988929674029,assist,no
4614,0,0,2.3823693033654088e-07,-15.250553131103516,-0.0005532164941541851,assist,no
4615,0,0,1.3709578132589598e-06,-13.500262260437012,-0.0002627027570270002,assist,no
4616,0,0,3.726638262502227e-06,-12.500556945800781,-0.0005566716426983476,assist,no
4617,0,0,3.288749607589625e-06,-12.625383377075195,-0.00038354191929101944,assist,no
4618,0,0,8.939698909692468e-06,-11.625920295715332,-0.0009205871028825641,assist,no
4619,0,0,9.422443159486519e-07,-13.875336647033691,-0.0003363520372658968,assist,no
4620,0,0,1.3709571866684185e-06,-13.500711441040039,-0.0007114263135008514,assist,no
4621,0,0,1.7603438165556951e-06,-13.250711441040039,-0.0007117837085388601,assist,no
4622,0,0,2.5612832777664278e-06,-12.875913619995117,-0.0009140365873463452,assist,no
4623,0,0,1.0129989957263956e-05,-11.501180648803711,-0.0011805477552115917,assist,no
4624,0,0,2.5612826189558028e-06,-12.875629425048828,-0.0006295844214037061,assist,no
4625,0,0,2.4300238737623896e-05,-10.626057624816895,-0.001057542278431356,assist,no
4626,0,0,1.3709571265789434e-06,-13.501503944396973,-0.0015038858400657773,assist,no
4627,0,0,1.5534984071043308e-06,-13.375336647033691,-0.00033706706017255783,assist,no
4628,0,0,5.715006191504058e-07,-14.375335693359375,-0.0003359945258125663,assist,no
4629,0,0,1.0677030283983333e-06,-13.751171112060547,-0.0011712603736668825,assist,no
4630,0,0,3.4663263022174606e-07,-14.875431060791016,-0.00043108707177452743,assist,no
4631,0,0,3.1201925133020296e-05,-10.375741004943848,-0.0007414452848024666,assist,no
4632,0,0,2.753568555626771e-05,-10.501354217529297,-0.001354015665128827,assist,no
4633,0,0,1.0129990132975798e-05,-11.50063705444336,-0.0006369707407429814,assist,no
4634,0,0,6.475948662820173e-07,-14.250710487365723,-0.000710592488758266,assist,no
4635,0,0,4.4508519598602985e-07,-14.625553131103516,-0.0005534547381103039,assist,no
4636,0,0,3.120190234780632e-05,-10.375584602355957,-0.0005843124235980213,assist,no
4637,0,0,7.889261105746011e-06,-11.751510620117188,-0.001510432455688715,assist,no
4638,0,0,5.422220393430868e-06,-12.125435829162598,-0.000436091679148376,assist,no
4639,0,0,8.939693581265912e-06,-11.626042366027832,-0.0010420613689348102,assist,no
4640,0,0,2.5612816698752136e-06,-12.87617301940918,-0.0011728082317858934,assist,no
4641,0,0,6.962256119241382e-06,-11.875717163085938,-0.000717144284863025,assist,no
4642,0,0,8.939696506436406e-06,-11.625439643859863,-0.0004396664153318852,assist,no
4643,0,0,9.422449886873028e-07,-13.876502990722656,-0.0015034097013995051,assist,no
4644,0,0,6.96225319168839e-06,-11.87563419342041,-0.0006337541271932423,assist,no
4645,0,0,3.726640556194795e-06,-12.500713348388672,-0.0007136897183954716,assist,no
4646,0,0,1.1478763142054772e-05,-11.375391960144043,-0.00039152585668489337,assist,no
4647,0,0,5.043474011264465e-07,-14.500710487365723,-0.0007104733376763761,assist,no
4648,0,0,2.260324757733407e-06,-13.000555038452148,-0.0005552418879233301,assist,no
4649,0,0,1.5534979168180626e-06,-13.375711441040039,-0.0007115454645827413,assist,no
4650,0,0,1.9947296022838163e-06,-13.125913619995117,-0.0009135602158494294,assist,no
4651,0,0,4.785092478906146e-06,-12.251507759094238,-0.0015073377871885896,assist,no
4652,0,0,1.0129991976181406e-05,-11.500720024108887,-0.0007201223634183407,assist,no
4653,0,0,1.7603438165556951e-06,-13.250711441040039,-0.0007117837085388601,assist,no
4654,0,0,7.338206750778618e-07,-14.1259126663208,-0.000912250077817589,assist,no
4655,0,0,1.553497848637358e-06,-13.376503944396973,-0.0015040049329400063,assist,no
4656,0,0,4.450849059273595e-07,-14.626171112060547,-0.0011707840021699667,assist,no
4657,0,0,4.785094320531703e-06,-12.250557899475098,-0.0005578630371019244,assist,no
4658,0,0,7.889264242507722e-06,-11.750238418579102,-0.00023862851958256215,assist,no
4659,0,0,1.3709571029581144e-06,-13.501930236816406,-0.0019301610300317407,assist,no
4660,0,0,6.962255583293225e-06,-11.87543773651123,-0.00043764073052443564,assist,no
4661,0,0,1.1478763770110414e-05,-11.37572193145752,-0.0007215518853627145,assist,no
4662,0,0,6.9622566718049925e-06,-11.87534236907959,-0.0003424296446610242,assist,no
4663,0,0,1.3709576498282867e-06,-13.500554084777832,-0.0005544078885577619,assist,no
4664,0,0,4.22283310103123e-06,-12.376933097839355,-0.0019330164650455117,assist,no
4665,0,0,2.9023133235247868e-06,-12.750712394714355,-0.0007128558354452252,assist,no
4666,0,0,9.42245029657135e-07,-13.875710487365723,-0.0007109498255886137,assist,no
4667,0,0,3.726640556194795e-06,-12.500713348388672,-0.0007136897183954716,assist,no
4668,0,0,9.61024065361162e-05,-9.250432014465332,-0.0004319211875554174,assist,no
4669,0,0,7.88926105201823e-06,-11.750388145446777,-0.00038795097498223186,assist,no
4670,0,0,2.2603232821996695e-06,-13.00117301940918,-0.0011725700460374355,assist,no
4671,0,0,2.753568183469706e-05,-10.501530647277832,-0.0015303102554753423,assist,no
4672,0,0,1.473898609503253e-05,-11.125394821166992,-0.0003951007383875549,assist,no
4673,0,0,2.1444939893608374e-05,-10.750283241271973,-0.0002828436263371259,assist,no
4674,0,0,8.315278010010566e-07,-14.000554084777832,-0.0005538121913559735,assist,no
4675,0,0,6.14417327753173e-06,-12.001176834106445,-0.001176618505269289,assist,no
4676,0,0,1.6373771099096972e-07,-15.62747573852539,-0.0024758896324783564,assist,no
4677,0,0,1.0129992668415463e-05,-11.50151252746582,-0.0015126940561458468,assist,no
4678,0,0,1.9947289779695166e-06,-13.125712394714355,-0.0007120219524949789,assist,no
4679,0,0,5.71500700085848e-07,-14.375553131103516,-0.0005535738891921937,assist,no
4680,0,0,4.785092536839909e-06,-12.251331329345703,-0.0013309201458469033,assist,no
4681,0,0,8.939693551085381e-06,-11.626511573791504,-0.0015112657565623522,assist,no
4682,0,0,8.939698909692468e-06,-11.625920295715332,-0.0009205871028825641,assist,no
4683,0,0,1.994729481995608e-06,-13.125490188598633,-0.000490068516228348,assist,no
4684,0,0,1.5534984416468217e-06,-13.375554084777832,-0.0005545270396396518,assist,no
4685,0,0,8.315283131832212e-07,-14.000710487365723,-0.0007108307327143848,assist,no
4686,0,0,8.93969328258272e-06,-11.626179695129395,-0.0011793570592999458,assist,no
4687,0,0,0.0004305571021669892,-7.751345157623291,-0.0013452060520648956,assist,no
4688,0,0,6.1441764086335836e-06,-12.000917434692383,-0.0009177286992780864,assist,no
4689,0,0,4.539788228693146e-05,-10.000341415405273,-0.00034171465085819364,assist,no
4690,0,0,2.5612828863413576e-06,-12.875432968139648,-0.0004332319076638669,assist,no
4691,0,0,1.3007123730787151e-05,-11.25050163269043,-0.0005012686015106738,assist,no
4692,0,0,1.3709574056798151e-06,-13.500432014465332,-0.00043215948971919715,assist,no
4693,0,0,7.889261827397408e-06,-11.750438690185547,-0.0004385939973872155,assist,no
4694,0,0,2.902311536854187e-06,-12.750555992126465,-0.0005558376433327794,assist,no
4695,0,0,1.8925139358590707e-05,-10.876190185546875,-0.0011897159274667501,assist,no
4696,0,0,8.315280519615657e-07,-14.001171112060547,-0.0011711412807926536,assist,no
4697,0,0,2.9023112895314902e-06,-12.75049114227295,-0.0004909025738015771,assist,no
4698,0,0,2.6995770935631803e-07,-15.125710487365723,-0.0007102350937202573,assist,no
4699,0,0,3.72663963168945e-06,-12.50170612335205,-0.0017062166007235646,assist,no
4700,0,0,4.222834299307372e-06,-12.375556945800781,-0.0005571481888182461,assist,no
4701,0,0,1.3709576159132328e-06,-13.5009126663208,-0.0009129646932706237,assist,no
4702,0,0,2.430025075600191e-05,-10.625359535217285,-0.0003599472693167627,assist,no
4703,0,0,1.2098652255115363e-06,-13.625205039978027,-0.00020466140995267779,assist,no
4704,0,0,2.7535703316276535e-05,-10.500737190246582,-0.0007376333815045655,assist,no
4705,0,0,3.288749607589625e-06,-12.625383377075195,-0.00038354191929101944,assist,no
4706,0,0,1.0129994826193045e-05,-11.50044059753418,-0.0004409771354403347,assist,no
4707,0,0,1.2098653774675073e-06,-13.625711441040039,-0.0007111880695447326,assist,no
4708,0,0,2.561281703568612e-06,-12.875629425048828,-0.0006292270263656974,assist,no
4709,0,0,4.78509238866317e-06,-12.251934051513672,-0.0019336113473400474,assist,no
4710,0,0,2.561281204727456e-06,-12.875555992126465,-0.0005555993411689997,assist,no
4711,0,0,1.3709569634675528e-06,-13.501503944396973,-0.0015037668636068702,assist,no
4712,0,0,1.3709571866684185e-06,-13.500711441040039,-0.0007114263135008514,assist,no
4713,0,0,5.4222186304166305e-06,-12.126038551330566,-0.0010384886991232634,assist,no
4714,0,0,4.785094681782292e-06,-12.250631332397461,-0.0006313714548014104,assist,no
4715,0,0,2.902313141073503e-06,-12.751931190490723,-0.0019315887475386262,assist,no
4716,0,0,3.927862710285214e-07,-14.750911712646484,-0.0009118927991949022,assist,no
4717,0,0,0.00012339452696088962,-9.000282287597656,-0.0002818902430590242,assist,no
4718,0,0,4.785095339943614e-06,-12.25103759765625,-0.0010377742582932115,assist,no
4719,0,0,4.7850941963082995e-06,-12.250916481018066,-0.000916418619453907,assist,no
4720,0,0,6.475950691186178e-07,-14.250911712646484,-0.0009121309849433601,assist,no
4721,0,0,5.043475591251332e-07,-14.500911712646484,-0.0009120118920691311,assist,no
4722,0,0,0.00010889693722901416,-9.126611709594727,-0.001611959422007203,assist,no
4723,0,0,5.043474815495919e-07,-14.500431060791016,-0.0004312062228564173,assist,no
4724,0,0,4.785093904411166e-06,-12.254083633422852,-0.004083510022610426,assist,no
4725,0,0,1.7603426887203276e-06,-13.250913619995117,-0.0009133219718933105,assist,no
4726,0,0,1.3709571866684185e-06,-13.500711441040039,-0.0007114263135008514,assist,no
4727,0,0,6.962257056593537e-06,-11.875494956970215,-0.0004950728034600616,assist,no
4728,0,0,2.699577523880221e-07,-15.125431060791016,-0.00043096792069263756,assist,no
4729,0,0,4.222833573459239e-06,-12.375808715820312,-0.0008087463211268187,assist,no
4730,0,0,1.067702643202437e-06,-13.750432014465332,-0.0004318020073696971,assist,no
4731,0,0,1.7603439001673944e-06,-13.250805854797363,-0.0008062449633143842,assist,no
4732,0,0,1.9947296022838163e-06,-13.125913619995117,-0.0009135602158494294,assist,no
4733,0,0,4.785092478906146e-06,-12.251507759094238,-0.0015073377871885896,assist,no
4734,0,0,4.78509299947446e-06,-12.250385284423828,-0.0003849719068966806,assist,no
4735,0,0,4.785095182853896e-06,-12.251174926757812,-0.0011750705307349563,assist,no
4736,0,0,4.4508504569747943e-07,-14.625710487365723,-0.0007104733376763761,assist,no
4737,0,0,3.726637599709068e-06,-12.500434875488281,-0.00043442347669042647,assist,no
4738,0,0,2.43002513394528e-05,-10.625285148620605,-0.000285584683297202,assist,no
4739,0,0,3.288749012625885e-06,-12.625713348388672,-0.0007133323233574629,assist,no
4740,0,0,4.006368391358002e-05,-10.125420570373535,-0.0004203628050163388,assist,no
4741,0,0,1.6701426148332532e-05,-11.000447273254395,-0.000447530735982582,assist,no
4742,0,0,1.0129991713498052e-05,-11.500306129455566,-0.00030620177858509123,assist,no
4743,0,0,2.1444955459703906e-05,-10.750731468200684,-0.0007317964336834848,assist,no
4744,0,0,2.561283342171549e-06,-12.875555038452148,-0.0005554801900871098,assist,no
4745,0,0,1.370957242328991e-06,-13.500432014465332,-0.0004320403386373073,assist,no
4746,0,0,3.1201916533625045e-05,-10.376733779907227,-0.0017339446349069476,assist,no
4747,0,0,1.9947296022838163e-06,-13.125913619995117,-0.0009135602158494294,assist,no
4748,0,0,7.88926395240055e-06,-11.750919342041016,-0.0009195152088068426,assist,no
4749,0,0,2.1444943913543194e-05,-10.750648498535156,-0.0006482883472926915,assist,no
4750,0,0,1.0129990132975798e-05,-11.50063705444336,-0.0006369707407429814,assist,no
4751,0,0,6.60521636849474e-05,-9.625618934631348,-0.0006192197324708104,assist,no
4752,0,0,1.4738988382218797e-05,-11.125567436218262,-0.0005678709712810814,assist,no
4753,0,0,5.422220895255648e-06,-12.125493049621582,-0.0004934046883136034,assist,no
4754,0,0,1.9947302526065817e-06,-13.126172065734863,-0.0011723319767042994,assist,no
4755,0,0,3.288749646641303e-06,-12.626505851745605,-0.001506028464064002,assist,no
4756,0,0,5.422216831738715e-06,-12.125558853149414,-0.0005584587925113738,assist,no
4757,0,0,3.288748083043112e-06,-12.626036643981934,-0.0010363452602177858,assist,no
4758,0,0,1.6701429091470636e-05,-11.000569343566895,-0.0005697772721759975,assist,no
4759,0,0,2.7535695316978656e-05,-10.501060485839844,-0.0010606384603306651,assist,no
4760,0,0,1.5534984416468217e-06,-13.375554084777832,-0.0005545270396396518,assist,no
4761,0,0,1.4738984338463427e-05,-11.125394821166992,-0.00039498155820183456,assist,no
4762,0,0,3.288749012625885e-06,-12.625713348388672,-0.0007133323233574629,assist,no
4763,0,0,1.7603438165556951e-06,-13.250711441040039,-0.0007117837085388601,assist,no
4764,0,0,1.5534974283404554e-06,-13.376172065734863,-0.0011718557216227055,assist,no
4765,0,0,3.535625853513325e-05,-10.250523567199707,-0.0005237876321189106,assist,no
4766,0,0,5.715006191504058e-07,-14.375335693359375,-0.0003359945258125663,assist,no
4767,0,0,2.5612832777664278e-06,-12.875913619995117,-0.0009140365873463452,assist,no
4768,0,0,5.043474011264465e-07,-14.500710487365723,-0.0007104733376763761,assist,no
4769,0,0,1.994729652094283e-06,-13.125555038452148,-0.0005550036439672112,assist,no
4770,0,0,2.260323993850194e-06,-13.000712394714355,-0.0007122601964510977,assist,no
4771,0,0,2.430024691583458e-05,-10.625454902648926,-0.0004551566671580076,assist,no
4772,0,0,2.561281398539012e-06,-12.875629425048828,-0.0006291079334914684,assist,no
4773,0,0,8.481100889763316e-05,-9.376118659973145,-0.0011182728921994567,assist,no
4774,0,0,1.3007123281067147e-05,-11.250566482543945,-0.0005660838796757162,assist,no
4775,0,0,7.484624970159528e-05,-9.501245498657227,-0.0012457951670512557,assist,no
4776,0,0,0.0001398220528458374,-8.875571250915527,-0.0005710878176614642,assist,no
4777,0,0,2.9023110204160388e-06,-12.750433921813965,-0.00043358939001336694,assist,no
4778,0,0,0.0002034270098655266,-8.50063419342041,-0.0006343498243950307,assist,no
4779,0,0,3.726638262502227e-06,-12.500556945800781,-0.0005566716426983476,assist,no
4780,0,0,3.2887479758424797e-06,-12.626173973083496,-0.0011736417654901743,assist,no
4781,0,0,6.962254460537687e-06,-11.875717163085938,-0.0007169060409069061,assist,no
4782,0,0,4.5397878410553455e-05,-10.001215934753418,-0.0012161486083641648,assist,no
4783,0,0,3.288749539727765e-06,-12.625433921813965,-0.00043406602344475687,assist,no
4784,0,0,3.1201925133020296e-05,-10.375741004943848,-0.0007414452848024666,assist,no
4785,0,0,6.144176571357938e-06,-12.000558853149414,-0.000559173640795052,assist,no
4786,0,0,2.3823693033654088e-07,-15.250553131103516,-0.0005532164941541851,assist,no
4787,0,0,1.0677028071499474e-06,-13.7509126663208,-0.0009126074146479368,assist,no
4788,0,0,1.760342693484962e-06,-13.250337600708008,-0.000337305391440168,assist,no
4789,0,0,0.00020342696119704114,-8.500407218933105,-0.00040713604539632797,assist,no
4790,0,0,1.7603438165556951e-06,-13.250711441040039,-0.0007117837085388601,assist,no
4791,0,0,1.1478768707029856e-05,-11.375923156738281,-0.0009232072625309229,assist,no
4792,0,0,1.473898337202879e-05,-11.125724792480469,-0.000724887300748378,assist,no
4793,0,0,4.222833548633417e-06,-12.375434875488281,-0.0004349001101218164,assist,no
4794,0,0,3.726638262502227e-06,-12.500556945800781,-0.0005566716426983476,assist,no
4795,0,0,3.726640556194795e-06,-12.500713348388672,-0.0007136897183954716,assist,no
4796,0,0,5.422219521392067e-06,-12.125715255737305,-0.0007153574260883033,assist,no
4797,0,0,2.902310734406989e-06,-12.750383377075195,-0.0003829461056739092,assist,no
4798,0,0,6.962257056593537e-06,-11.875494956970215,-0.0004950728034600616,assist,no
4799,0,0,2.9023133235247868e-06,-12.750712394714355,-0.0007128558354452252,assist,no
4800,0,0,2.260324757733407e-06,-13.000555038452148,-0.0005552418879233301,assist,no
4801,0,0,1.0677029343056154e-06,-13.7509126663208,-0.0009127265075221658,assist,no
4802,0,0,3.2887501246415356e-06,-12.625555992126465,-0.000556314189452678,assist,no
4803,0,0,3.7266403180185953e-06,-12.501932144165039,-0.001932421582750976,assist,no
4804,0,0,1.4738988894390711e-05,-11.125502586364746,-0.0005030558677390218,assist,no
4805,0,0,1.0677028334387279e-06,-13.750554084777832,-0.0005540504935197532,assist,no
4806,0,0,1.7603432627307513e-06,-13.251172065734863,-0.0011720937909558415,assist,no
4807,0,0,3.4663257494776956e-07,-14.875710487365723,-0.0007103541865944862,assist,no
4808,0,0,1.4738980476585857e-05,-11.126943588256836,-0.0019434866262599826,assist,no
4809,0,0,0.00012339451885284036,-9.000459671020508,-0.0004592079494614154,assist,no
4810,0,0,5.144222438351477e-05,-9.876221656799316,-0.0012218636693432927,assist,no
4811,0,0,0.0024726234001290594,-6.003386974334717,-0.003387073054909706,assist,no
4812,0,0,3.2887492157328638e-06,-12.625383377075195,-0.00038342276820912957,assist,no
4813,0,0,2.260323993850194e-06,-13.000712394714355,-0.0007122601964510977,assist,no
4814,0,0,6.475948662820173e-07,-14.250710487365723,-0.000710592488758266,assist,no
4815,0,0,0.0011695103470572986,-6.751328945159912,-0.001329015358351171,assist,no
4816,0,0,4.4508504569747943e-07,-14.625710487365723,-0.0007104733376763761,assist,no
4817,0,0,1.7603432627307513e-06,-13.251172065734863,-0.0011720937909558415,assist,no
4818,0,0,6.475948662820173e-07,-14.250710487365723,-0.000710592488758266,assist,no
4819,0,0,5.422217886516953e-06,-12.125632286071777,-0.0006320862448774278,assist,no
4820,0,0,6.144175222712922e-06,-12.000716209411621,-0.0007163104019127786,assist,no
4821,0,0,2.1024325395195587e-07,-15.376502990722656,-0.0015025765169411898,assist,no
4822,0,0,2.1444949895077784e-05,-10.750317573547363,-0.00031764229061082006,assist,no
4823,0,0,1.7603440263022084e-06,-13.250711441040039,-0.00071190285962075,assist,no
4824,0,0,1.0677024727915184e-06,-13.750711441040039,-0.0007110689766705036,assist,no
4825,0,0,1.3709567556681373e-06,-13.501172065734863,-0.0011717366287484765,assist,no
4826,0,0,2.9023131931059046e-06,-12.751504898071289,-0.0015053142560645938,assist,no
4827,0,0,1.473897608237696e-05,-11.125568389892578,-0.0005679901223629713,assist,no
4828,0,0,1.5534984416468217e-06,-13.375554084777832,-0.0005545270396396518,assist,no
4829,0,0,3.726641000009502e-06,-12.500713348388672,-0.0007138088112697005,assist,no
4830,0,0,3.726640556194795e-06,-12.500713348388672,-0.0007136897183954716,assist,no
4831,0,0,6.47594662880056e-07,-14.251171112060547,-0.0011709030950441957,assist,no
4832,0,0,1.0677031554297306e-06,-13.751171112060547,-0.0011713793501257896,assist,no
4833,0,0,4.785095182853896e-06,-12.251174926757812,-0.0011750705307349563,assist,no
4834,0,0,6.605215769331316e-05,-9.625296592712402,-0.0002967870968859643,assist,no
4835,0,0,1.670142650461991e-05,-11.000396728515625,-0.0003970073303207755,assist,no
4836,0,0,1.9947300136556108e-06,-13.127477645874023,-0.002477792324498296,assist,no
4837,0,0,4.22283287096225e-06,-12.375714302062988,-0.0007141662063077092,assist,no
4838,0,0,3.726640556194795e-06,-12.500713348388672,-0.0007136897183954716,assist,no
4839,0,0,5.4222201674519255e-06,-12.125715255737305,-0.0007154765771701932,assist,no
4840,0,0,8.481106454132398e-05,-9.375420570373535,-0.00042083943844772875,assist,no
4841,0,0,0.000261190286052429,-8.251764297485352,-0.0017641709418967366,assist,no
4842,0,1,0.970687772269523,-0.03020275942981243,-3.530202865600586,assist,yes
4843,0,0,7.48462592070404e-05,-9.501577377319336,-0.0015778008382767439,assist,no
4844,0,0,8.939696675291336e-06,-11.62818717956543,-0.003187221009284258,assist,no
4845,0,0,1.209865570673979e-06,-13.625432014465332,-0.0004319211875554174,assist,no
4846,0,0,1.9947305196558055e-06,-13.126930236816406,-0.0019306369358673692,assist,no
4847,0,0,7.484623563946327e-05,-9.50098705291748,-0.0009871615329757333,assist,no
4848,0,0,2.902311536854187e-06,-12.750555992126465,-0.0005558376433327794,assist,no
4849,0,0,2.5612812916444827e-06,-12.87549114227295,-0.0004907834227196872,assist,no
4850,0,0,1.892514407440068e-05,-10.875450134277344,-0.0004499138449318707,assist,no
4851,0,0,2.9023133235247868e-06,-12.750712394714355,-0.0007128558354452252,assist,no
4852,0,0,1.5534979168180626e-06,-13.375711441040039,-0.0007115454645827413,assist,no
4853,0,0,6.605215165939008e-05,-9.626769065856934,-0.0017691688844934106,assist,no
4854,0,0,5.043471827407549e-07,-14.501171112060547,-0.0011706650257110596,assist,no
4855,0,0,1.5534971452188322e-06,-13.375555038452148,-0.0005546461907215416,assist,no
4856,0,0,2.902311463535845e-06,-12.750914573669434,-0.000914393924176693,assist,no
4857,0,0,3.53562345561137e-05,-10.250662803649902,-0.0006623458466492593,assist,no
4858,0,0,4.222832676780107e-06,-12.376506805419922,-0.0015066235791891813,assist,no
4859,0,0,7.889264165934124e-06,-11.750560760498047,-0.0005609607324004173,assist,no
4860,0,0,3.927862805853228e-07,-14.750553131103516,-0.000553335587028414,assist,no
4861,0,0,0.00012339460003749067,-9.000750541687012,-0.000750736624468118,assist,no
4862,0,0,2.5612824764296976e-06,-12.875712394714355,-0.0007124984404072165,assist,no
4863,0,0,3.05902186185848e-07,-15.000710487365723,-0.0007103541865944862,assist,no
4864,0,0,8.939696506436406e-06,-11.625439643859863,-0.0004396664153318852,assist,no
4865,0,0,1.9947296022838163e-06,-13.125913619995117,-0.0009135602158494294,assist,no
4866,0,0,1.4738987946400829e-05,-11.12592601776123,-0.0009264229447580874,assist,no
4867,0,0,5.422217335456843e-06,-12.125917434692383,-0.0009171332349069417,assist,no
4868,0,0,0.00023050675947231794,-8.375389099121094,-0.00038926175329834223,assist,no
4869,0,0,5.4222173618105175e-06,-12.125341415405273,-0.0003411188081372529,assist,no
4870,0,0,1.4738978647524125e-05,-11.126185417175293,-0.0011851914459839463,assist,no
4871,0,0,4.222834190663654e-06,-12.37591552734375,-0.0009157040040008724,assist,no
4872,0,0,7.889261827397408e-06,-11.750438690185547,-0.0004385939973872155,assist,no
4873,0,0,9.610243409459849e-05,-9.250299453735352,-0.0002996472467202693,assist,no
4874,0,0,5.422219098155045e-06,-12.126175880432129,-0.0011759040644392371,assist,no
4875,0,0,1.3709571866684185e-06,-13.500711441040039,-0.0007114263135008514,assist,no
4876,0,0,2.144493976691272e-05,-10.750575065612793,-0.0005746620590798557,assist,no
4877,0,0,3.927863524899728e-07,-14.75117015838623,-0.0011705459328368306,assist,no
4878,0,0,1.5534984031256146e-06,-13.3759126663208,-0.0009130837861448526,assist,no
4879,0,0,7.889260009148279e-06,-11.751936912536621,-0.0019365858752280474,assist,no
4880,0,0,7.889261827397408e-06,-11.750438690185547,-0.0004385939973872155,assist,no
4881,0,0,6.144174198801509e-06,-12.001508712768555,-0.0015086471103131771,assist,no
4882,0,0,3.726640556194795e-06,-12.500713348388672,-0.0007136897183954716,assist,no
4883,0,0,3.5356250902263e-05,-10.250840187072754,-0.0008401916129514575,assist,no
4884,0,0,1.300713266992187e-05,-11.252198219299316,-0.002198542468249798,assist,no
4885,0,0,7.88926280253384e-06,-11.750812530517578,-0.0008125579333864152,assist,no
4886,0,0,1.4738979150258708e-05,-11.12604808807373,-0.0010478964541107416,assist,no
4887,0,0,2.5612834290886482e-06,-12.875490188598633,-0.0004906642716377974,assist,no
4888,0,0,2.5612827816085123e-06,-12.875712394714355,-0.0007126175914891064,assist,no
4889,0,0,2.902311127183748e-06,-12.750338554382324,-0.00033825874561443925,assist,no
4890,0,0,1.4738982569883802e-05,-11.126517295837402,-0.0015173362335190177,assist,no
4891,0,0,5.422219521392067e-06,-12.125715255737305,-0.0007153574260883033,assist,no
4892,0,0,2.260323624276063e-06,-13.001504898071289,-0.0015046000480651855,assist,no
4893,0,0,2.260323993850194e-06,-13.000712394714355,-0.0007122601964510977,assist,no
4894,0,0,6.475950849505053e-07,-14.250553131103516,-0.0005535738891921937,assist,no
4895,0,0,4.222834693571021e-06,-12.37591552734375,-0.0009158230968751013,assist,no
4896,0,0,8.315283131832212e-07,-14.000710487365723,-0.0007108307327143848,assist,no
4897,0,0,4.222833548633417e-06,-12.375434875488281,-0.0004349001101218164,assist,no
4898,0,0,8.93969612475663e-06,-11.62571907043457,-0.0007190502947196364,assist,no
4899,0,0,9.422444261886882e-07,-13.8759126663208,-0.0009124883217737079,assist,no
4900,0,0,1.7603426887203276e-06,-13.250913619995117,-0.0009133219718933105,assist,no
4901,0,0,9.42244449333613e-07,-13.875554084777832,-0.0005539313424378633,assist,no
4902,0,0,3.2887495601150374e-06,-12.625807762145996,-0.0008079125545918941,assist,no
4903,0,0,2.102433538733346e-07,-15.375911712646484,-0.0009117737063206732,assist,no
4904,0,0,1.0677024263045184e-06,-13.751503944396973,-0.001503528794273734,assist,no
4905,0,0,1.0129991976181406e-05,-11.500720024108887,-0.0007201223634183407,assist,no
4906,0,0,3.7266379451510776e-06,-12.500492095947266,-0.0004917366313748062,assist,no
4907,0,0,1.209865570673979e-06,-13.625432014465332,-0.0004319211875554174,assist,no
4908,0,0,3.2887501246415356e-06,-12.625555992126465,-0.000556314189452678,assist,no
4909,0,0,7.338212621386759e-07,-14.125431060791016,-0.0004314445541240275,assist,no
4910,0,0,1.7603424191342756e-06,-13.250432968139648,-0.0004325169720686972,assist,no
4911,0,0,6.475949695473629e-07,-14.250431060791016,-0.00043132537393830717,assist,no
4912,0,0,1.7603438165556951e-06,-13.250711441040039,-0.0007117837085388601,assist,no
4913,0,0,1.2098657862046906e-06,-13.625554084777832,-0.0005541696446016431,assist,no
4914,0,0,1.994729652094283e-06,-13.125555038452148,-0.0005550036439672112,assist,no
4915,0,0,2.699578005109419e-07,-15.125553131103516,-0.0005532164941541851,assist,no
4916,0,0,2.2603247011592023e-06,-13.000913619995117,-0.0009137984015978873,assist,no
4917,0,0,1.6701421037335057e-05,-11.00171947479248,-0.001719426247291267,assist,no
4918,0,0,4.785093626440438e-06,-12.250916481018066,-0.0009162995265796781,assist,no
4919,0,0,1.3709571265789434e-06,-13.501503944396973,-0.0015038858400657773,assist,no
4920,0,0,2.5612832777664278e-06,-12.875913619995117,-0.0009140365873463452,assist,no
4921,0,0,1.4738986341252492e-05,-11.125349998474121,-0.0003502947511151433,assist,no
4922,0,0,2.4300249811165106e-05,-10.625454902648926,-0.0004552758182398975,assist,no
4923,0,0,5.422216514705618e-06,-12.125436782836914,-0.0004363300104159862,assist,no
4924,0,0,3.726638262502227e-06,-12.500556945800781,-0.0005566716426983476,assist,no
4925,0,0,2.9023133235247868e-06,-12.750712394714355,-0.0007128558354452252,assist,no
4926,0,0,1.2098657862046906e-06,-13.625554084777832,-0.0005541696446016431,assist,no
4927,0,0,2.144495361606248e-05,-10.75195026397705,-0.001950506237335503,assist,no
4928,0,0,2.561283244371181e-06,-12.875382423400879,-0.0003828269545920193,assist,no
4929,0,0,1.9947293102714312e-06,-13.12580680847168,-0.000806602300144732,assist,no
4930,0,0,2.561281974904846e-06,-12.87617301940918,-0.0011729273246601224,assist,no
4931,0,0,4.222832023934894e-06,-12.377480506896973,-0.0024801704566925764,assist,no
4932,0,0,6.144177303081133e-06,-12.000558853149414,-0.000559292733669281,assist,no
4933,0,0,2.102433538733346e-07,-15.375911712646484,-0.0009117737063206732,assist,no
4934,0,0,9.42244449333613e-07,-13.875554084777832,-0.0005539313424378633,assist,no
4935,0,0,2.2603232821996695e-06,-13.00117301940918,-0.0011725700460374355,assist,no
4936,0,0,2.2603232821996695e-06,-13.00117301940918,-0.0011725700460374355,assist,no
4937,0,0,3.1201915792642425e-05,-10.37565803527832,-0.0006581762572750449,assist,no
4938,0,0,3.726640386130913e-06,-12.501505851745605,-0.0015061474405229092,assist,no
4939,0,0,6.962254460537687e-06,-11.875717163085938,-0.0007169060409069061,assist,no
4940,0,0,2.9023133235247868e-06,-12.750712394714355,-0.0007128558354452252,assist,no
4941,0,0,2.260323311802432e-06,-13.000629425048828,-0.0006289887824095786,assist,no
4942,0,0,8.93969328258272e-06,-11.626179695129395,-0.0011793570592999458,assist,no
4943,0,0,1.444979953455917e-07,-15.750911712646484,-0.0009116546134464443,assist,no
4944,0,0,7.484619779631014e-05,-9.500563621520996,-0.000563224486541003,assist,no
4945,0,0,1.6701424062617634e-05,-11.001945495605469,-0.0019456282025203109,assist,no
4946,0,0,1.1478764846825037e-05,-11.3753080368042,-0.0003077510336879641,assist,no
4947,0,0,3.288749012625885e-06,-12.625713348388672,-0.0007133323233574629,assist,no
4948,0,0,1.760343052267072e-06,-13.252477645874023,-0.0024775543715804815,assist,no
4949,0,0,7.889263496403069e-06,-11.750495910644531,-0.0004960260121151805,assist,no
4950,0,0,1.3709574056798151e-06,-13.500432014465332,-0.00043215948971919715,assist,no
4951,0,0,3.726638262502227e-06,-12.500556945800781,-0.0005566716426983476,assist,no
4952,0,0,1.760342898466707e-06,-13.250913619995117,-0.0009134411229752004,assist,no
4953,0,0,5.715005071115551e-07,-14.375710487365723,-0.000710592488758266,assist,no
4954,0,0,3.7266393804982203e-06,-12.501173973083496,-0.0011739989276975393,assist,no
4955,0,0,2.1444956437071093e-05,-10.750825881958008,-0.0008262557676061988,assist,no
4956,0,0,1.670141803927279e-05,-11.001187324523926,-0.0011870964663103223,assist,no
4957,0,0,4.5397888382913084e-05,-10.001974105834961,-0.001974539365619421,assist,no
4958,0,0,2.4300246874816218e-05,-10.625828742980957,-0.0008289953111670911,assist,no
4959,0,0,6.962255583293225e-06,-11.87543773651123,-0.00043764073052443564,assist,no
4960,0,0,2.9023133235247868e-06,-12.750712394714355,-0.0007128558354452252,assist,no
4961,0,0,1.8925144800333693e-05,-10.875354766845703,-0.0003545847721397877,assist,no
4962,0,0,3.7266403180185953e-06,-12.501932144165039,-0.001932421582750976,assist,no
4963,0,0,2.4300247535353246e-05,-10.626350402832031,-0.0013506823452189565,assist,no
4964,0,0,1.5534978216906083e-06,-13.376930236816406,-0.0019302800064906478,assist,no
4965,0,0,1.2098657563451809e-06,-13.6259126663208,-0.0009127265075221658,assist,no
4966,0,0,1.9947296022838163e-06,-13.125913619995117,-0.0009135602158494294,assist,no
4967,0,0,3.1201920934117826e-05,-10.375584602355957,-0.0005849081207998097,assist,no
4968,0,0,8.315281781920683e-07,-14.001502990722656,-0.0015031717484816909,assist,no
4969,0,0,1.994729296918977e-06,-13.125432968139648,-0.00043275527423247695,assist,no
4970,0,0,3.288749012625885e-06,-12.625713348388672,-0.0007133323233574629,assist,no
4971,0,0,6.14417327753173e-06,-12.001176834106445,-0.001176618505269289,assist,no
4972,0,0,6.144177312200851e-06,-12.000267028808594,-0.0002674698771443218,assist,no
4973,0,0,1.4738977838516127e-05,-11.125568389892578,-0.0005681092734448612,assist,no
4974,0,0,8.315277805757303e-07,-14.0009126663208,-0.000912369170691818,assist,no
4975,0,0,5.422217335456843e-06,-12.125917434692383,-0.0009171332349069417,assist,no
4976,0,0,6.144172748230832e-06,-12.001039505004883,-0.001039203256368637,assist,no
4977,0,0,1.5534979168180626e-06,-13.375711441040039,-0.0007115454645827413,assist,no
4978,0,0,9.42244449333613e-07,-13.875554084777832,-0.0005539313424378633,assist,no
4979,0,0,2.5612827816085123e-06,-12.875712394714355,-0.0007126175914891064,assist,no
4980,0,0,2.260323311802432e-06,-13.000629425048828,-0.0006289887824095786,assist,no
4981,0,0,1.4738980696210545e-05,-11.125641822814941,-0.0006417360855266452,assist,no
4982,0,0,2.4300229533250497e-05,-10.625455856323242,-0.0004553949984256178,assist,no
4983,0,0,8.315283131832212e-07,-14.000710487365723,-0.0007108307327143848,assist,no
4984,0,0,1.300713094599408e-05,-11.250308990478516,-0.0003091811086051166,assist,no
4985,0,0,8.939699974337451e-06,-11.625920295715332,-0.000920706195756793,assist,no
4986,0,0,8.315280519615657e-07,-14.001171112060547,-0.0011711412807926536,assist,no
4987,0,0,1.0677024263045184e-06,-13.751503944396973,-0.001503528794273734,assist,no
4988,0,0,5.71500700085848e-07,-14.375553131103516,-0.0005535738891921937,assist,no
4989,0,0,3.288749012625885e-06,-12.625713348388672,-0.0007133323233574629,assist,no
4990,0,0,3.726638181266404e-06,-12.50033950805664,-0.0003392120997887105,assist,no
4991,0,0,1.5534974283404554e-06,-13.376172065734863,-0.0011718557216227055,assist,no
4992,0,0,4.222832040649304e-06,-12.376174926757812,-0.0011745942756533623,assist,no
4993,0,0,9.422442814506533e-07,-13.875432014465332,-0.0004316828562878072,assist,no
4994,0,0,5.8291261141928626e-05,-9.750393867492676,-0.0003937899600714445,assist,no
4995,0,0,2.1444943913543194e-05,-10.750648498535156,-0.0006482883472926915,assist,no
4996,0,0,8.939699462308764e-06,-11.625496864318848,-0.0004972175229340792,assist,no
4997,0,0,2.9023124089033723e-06,-12.75117301940918,-0.0011731653939932585,assist,no
4998,0,0,3.05902186185848e-07,-15.000710487365723,-0.0007103541865944862,assist,no
4999,0,0,1.2098657563451809e-06,-13.6259126663208,-0.0009127265075221658,assist,no
5000,0,0,1.3007132328846109e-05,-11.250348091125488,-0.0003483880718704313,assist,no
5001,0,0,6.144177140356759e-06,-12.000917434692383,-0.0009178477921523154,assist,no
5002,0,0,1.7603426887203276e-06,-13.250913619995117,-0.0009133219718933105,assist,no
5003,0,0,2.902311463535845e-06,-12.750914573669434,-0.000914393924176693,assist,no
5004,0,0,8.939694347227035e-06,-11.626179695129395,-0.0011794761521741748,assist,no
5005,0,0,9.610238363411172e-05,-9.250432014465332,-0.0004316828562878072,assist,no
5006,0,0,3.1201906063614824e-05,-10.375584602355957,-0.0005844315164722502,assist,no
5007,0,0,3.5356244084335275e-05,-10.250371932983398,-0.00037174468161538243,assist,no
5008,0,0,3.288749539727765e-06,-12.625433921813965,-0.00043406602344475687,assist,no
5009,0,0,6.14417217565606e-06,-12.00055980682373,-0.0005594118847511709,assist,no
5010,0,0,5.715005071115551e-07,-14.375710487365723,-0.000710592488758266,assist,no
5011,0,0,4.006368033641505e-05,-10.128218650817871,-0.003218353958800435,assist,no
5012,0,0,1.5534974283404554e-06,-13.376172065734863,-0.0011718557216227055,assist,no
5013,0,0,6.962257659611331e-06,-11.87526798248291,-0.0002681849291548133,assist,no
5014,0,0,8.315277805757303e-07,-14.0009126663208,-0.000912369170691818,assist,no
5015,0,0,1.275190671743231e-07,-15.878177642822266,-0.003177833277732134,assist,no
5016,0,0,1.3709567556681373e-06,-13.501172065734863,-0.0011717366287484765,assist,no
5017,0,0,4.785092478906146e-06,-12.251507759094238,-0.0015073377871885896,assist,no
5018,0,0,8.939698397143486e-06,-11.625496864318848,-0.0004970983718521893,assist,no
5019,0,0,4.4508513295343563e-07,-14.625335693359375,-0.0003358753747306764,assist,no
5020,0,0,6.475948662820173e-07,-14.250710487365723,-0.000710592488758266,assist,no
5021,0,0,2.4300235881898603e-05,-10.625936508178711,-0.0009363081189803779,assist,no
5022,0,0,6.60521636849474e-05,-9.625618934631348,-0.0006192197324708104,assist,no
5023,0,0,1.2098657563451809e-06,-13.6259126663208,-0.0009127265075221658,assist,no
5024,0,0,1.7603438165556951e-06,-13.250711441040039,-0.0007117837085388601,assist,no
5025,0,0,1.6701415153978606e-05,-11.000570297241211,-0.0005698964232578874,assist,no
5026,0,0,3.466325129650621e-07,-14.87692928314209,-0.0019289711490273476,assist,no
5027,0,0,6.144174490989974e-06,-12.000716209411621,-0.0007161913090385497,assist,no
5028,0,0,1.0677028071499474e-06,-13.7509126663208,-0.0009126074146479368,assist,no
5029,0,0,1.5534984031256146e-06,-13.3759126663208,-0.0009130837861448526,assist,no
5030,0,0,4.222834190663654e-06,-12.37591552734375,-0.0009157040040008724,assist,no
5031,0,0,1.1478763770110414e-05,-11.37572193145752,-0.0007215518853627145,assist,no
5032,0,0,1.209865570673979e-06,-13.625432014465332,-0.0004319211875554174,assist,no
5033,0,0,9.42244449333613e-07,-13.875554084777832,-0.0005539313424378633,assist,no
5034,0,0,7.88926395240055e-06,-11.750919342041016,-0.0009195152088068426,assist,no
5035,0,0,7.338211450596446e-07,-14.125710487365723,-0.0007107115816324949,assist,no
5036,0,0,0.0031726830538188334,-5.753730297088623,-0.0037303639110177755,assist,no
5037,0,0,3.7266407613994383e-06,-12.501932144165039,-0.0019325405592098832,assist,no
5038,0,0,5.4222204546598e-06,-12.126934051513672,-0.001934325322508812,assist,no
5039,0,0,6.14417327753173e-06,-12.001176834106445,-0.001176618505269289,assist,no
5040,0,0,1.7603432627307513e-06,-13.251172065734863,-0.0011720937909558415,assist,no
5041,0,0,2.4300252034643394e-05,-10.62551212310791,-0.0005125877796672285,assist,no
5042,0,0,1.7603424191342756e-06,-13.250432968139648,-0.0004325169720686972,assist,no
5043,0,0,0.00012339454559360543,-9.000504493713379,-0.0005042473785579205,assist,no
5044,0,0,2.902311463535845e-06,-12.750914573669434,-0.000914393924176693,assist,no
5045,0,0,1.1478765671649306e-05,-11.375816345214844,-0.000816131301689893,assist,no
5046,0,0,2.902311366228554e-06,-12.750433921813965,-0.0004337085410952568,assist,no
5047,0,0,2.7535691784530484e-05,-10.500654220581055,-0.0006542449118569493,assist,no
5048,0,0,2.561281205696514e-06,-12.875264167785645,-0.0002637753786984831,assist,no
5049,0,0,5.422218452410929e-06,-12.126175880432129,-0.0011757849715650082,assist,no
5050,0,0,1.0677024727915184e-06,-13.750711441040039,-0.0007110689766705036,assist,no
5051,0,0,6.962258290996953e-06,-11.8759183883667,-0.000918681500479579,assist,no
5052,0,0,1.1478771262015116e-05,-11.375638008117676,-0.0006382812280207872,assist,no
5053,0,0,6.962255870010288e-06,-11.876333236694336,-0.0013331820955500007,assist,no
5054,0,0,4.7850966947033865e-06,-12.250714302062988,-0.0007147617870941758,assist,no
5055,0,0,3.5356251659581945e-05,-10.251361846923828,-0.0013618728844448924,assist,no
5056,0,0,3.9278621058975974e-07,-14.750431060791016,-0.00043108707177452743,assist,no
5057,0,0,5.71500327609927e-07,-14.376171112060547,-0.0011709030950441957,assist,no
5058,0,0,3.7266381672751875e-06,-12.50091552734375,-0.0009152276325039566,assist,no
5059,0,0,7.484625362226453e-05,-9.500505447387695,-0.0005057962844148278,assist,no
5060,0,0,2.7535683616947887e-05,-10.500738143920898,-0.0007378716254606843,assist,no
5061,0,0,2.260325297161942e-06,-13.000263214111328,-0.0002636561985127628,assist,no
5062,0,0,3.120192540952676e-05,-10.375234603881836,-0.00023505308490712196,assist,no
5063,0,0,2.5612828863413576e-06,-12.875432968139648,-0.0004332319076638669,assist,no
5064,0,0,8.939696693503734e-06,-11.625389099121094,-0.00038914260221645236,assist,no
5065,0,0,2.1444943913543194e-05,-10.750648498535156,-0.0006482883472926915,assist,no
5066,0,0,6.475949695473629e-07,-14.250431060791016,-0.00043132537393830717,assist,no
5067,0,0,6.605212430202416e-05,-9.625619888305664,-0.0006195771275088191,assist,no
5068,0,0,7.889260552855008e-06,-11.750718116760254,-0.0007178590167313814,assist,no
5069,0,0,7.484622672647765e-05,-9.50098705291748,-0.0009870424401015043,assist,no
5070,0,0,5.71500700085848e-07,-14.375553131103516,-0.0005535738891921937,assist,no
5071,0,0,7.338211450596446e-07,-14.125710487365723,-0.0007107115816324949,assist,no
5072,0,0,8.939696558732001e-06,-11.626937866210938,-0.0019378946162760258,assist,no
5073,0,0,7.889261827397408e-06,-11.750438690185547,-0.0004385939973872155,assist,no
5074,0,0,5.422217016372234e-06,-12.125494003295898,-0.0004936429904773831,assist,no
5075,0,0,8.939697607766076e-06,-11.625813484191895,-0.0008136299438774586,assist,no
5076,0,0,5.422216879711867e-06,-12.125236511230469,-0.0002361257211305201,assist,no
5077,0,0,2.5612826213411767e-06,-12.876931190490723,-0.001931350794620812,assist,no
5078,0,0,3.288750432652134e-06,-12.625914573669434,-0.0009149893885478377,assist,no
5079,0,0,2.5612828863413576e-06,-12.875432968139648,-0.0004332319076638669,assist,no
5080,0,0,1.6373771070504607e-07,-15.62617015838623,-0.0011703077470883727,assist,no
5081,0,0,5.422220557549658e-06,-12.126507759094238,-0.001508051878772676,assist,no
5082,0,0,6.144175480568389e-06,-12.000436782836914,-0.000436925794929266,assist,no
5083,0,0,7.484620748906942e-05,-9.501401901245117,-0.0014016337227076292,assist,no
5084,0,0,8.939697905668881e-06,-11.625344276428223,-0.00034445550409145653,assist,no
5085,0,0,1.9947303266837104e-06,-13.128179550170898,-0.0031798535492271185,assist,no
5086,0,0,4.785092478906146e-06,-12.251507759094238,-0.0015073377871885896,assist,no
5087,0,0,0.37754066879814546,-0.9745076298713684,-0.4745076298713684,assist,no
5088,0,0,1.5534974283404554e-06,-13.376172065734863,-0.0011718557216227055,assist,no
5089,0,0,6.144171907071661e-06,-12.000633239746094,-0.0006328010931611061,assist,no
5090,0,0,2.561282011878137e-06,-12.876931190490723,-0.0019311128417029977,assist,no
5091,0,0,1.2098651807046875e-06,-13.626503944396973,-0.001503528794273734,assist,no
5092,0,0,8.939696506436406e-06,-11.625439643859863,-0.0004396664153318852,assist,no
5093,0,0,0.0002034269433089191,-8.500584602355957,-0.0005844315164722502,assist,no
5094,0,0,5.422217335456843e-06,-12.125917434692383,-0.0009171332349069417,assist,no
5095,0,0,1.147876734000607e-05,-11.375923156738281,-0.0009230881696566939,assist,no
5096,0,0,2.9023110204160388e-06,-12.750433921813965,-0.00043358939001336694,assist,no
5097,0,0,6.144172545809013e-06,-12.001176834106445,-0.00117649941239506,assist,no
5098,0,0,9.422443159486519e-07,-13.875336647033691,-0.0003363520372658968,assist,no
5099,0,0,5.4222215413156685e-06,-12.125493049621582,-0.0004935238393954933,assist,no
5100,0,0,1.0129988925988814e-05,-11.50063705444336,-0.0006368515896610916,assist,no
5101,0,0,1.7603427325754552e-06,-13.250555038452148,-0.0005547653418034315,assist,no
5102,0,0,3.288749539727765e-06,-12.625433921813965,-0.00043406602344475687,assist,no
5103,0,0,5.422216689397323e-06,-12.125917434692383,-0.0009170140838250518,assist,no
5104,0,0,5.715002602136668e-07,-14.377476692199707,-0.0024763653054833412,assist,no
5105,0,0,5.715005071115551e-07,-14.375710487365723,-0.000710592488758266,assist,no
5106,0,0,2.4300240768739264e-05,-10.626194953918457,-0.0011949549661949277,assist,no
5107,0,0,4.450852489277163e-07,-14.625261306762695,-0.00026174934464506805,assist,no
5108,0,0,3.288749012625885e-06,-12.625713348388672,-0.0007133323233574629,assist,no
5109,0,0,3.288749404482622e-06,-12.625713348388672,-0.0007134514744393528,assist,no
5110,0,0,1.0677024080328905e-06,-13.751930236816406,-0.0019298041006550193,assist,no
5111,0,0,8.939693431924317e-06,-11.625636100769043,-0.0006357794045470655,assist,no
5112,0,0,5.144219367074805e-05,-9.875255584716797,-0.00025519452174194157,assist,no
5113,0,0,3.120190121998769e-05,-10.376358032226562,-0.0013577061472460628,assist,no
5114,0,0,3.7266381672751875e-06,-12.50091552734375,-0.0009152276325039566,assist,no
5115,0,0,1.209865614970273e-06,-13.625336647033691,-0.000336590368533507,assist,no
5116,0,0,1.6701414647496763e-05,-11.00092887878418,-0.0009284476400353014,assist,no
5117,0,0,1.1478765326886786e-05,-11.375499725341797,-0.0004994813934899867,assist,no
5118,0,0,9.422447336542504e-07,-13.876171112060547,-0.0011712603736668825,assist,no
5119,0,0,7.889261105746011e-06,-11.751510620117188,-0.001510432455688715,assist,no
5120,0,0,3.535625853513325e-05,-10.250523567199707,-0.0005237876321189106,assist,no
5121,0,0,6.605211795862306e-05,-9.626236915588379,-0.0012365083675831556,assist,no
5122,0,0,1.300712483085989e-05,-11.250566482543945,-0.000566203030757606,assist,no
5123,0,0,4.785094320531703e-06,-12.250557899475098,-0.0005578630371019244,assist,no
5124,0,0,4.785092900179322e-06,-12.250435829162598,-0.0004354958946350962,assist,no
5125,0,0,7.889265105941123e-06,-11.750560760498047,-0.0005610798834823072,assist,no
5126,0,0,5.715005982429167e-07,-14.375431060791016,-0.00043132537393830717,assist,no
5127,0,0,4.785093626440438e-06,-12.250916481018066,-0.0009162995265796781,assist,no
5128,0,0,0.00043055702676369264,-7.750984191894531,-0.0009840651182457805,assist,no
5129,0,0,1.0129995205919492e-05,-11.500345230102539,-0.00034564718953333795,assist,no
5130,0,0,3.7266393804982203e-06,-12.501173973083496,-0.0011739989276975393,assist,no
5131,0,0,7.889260552855008e-06,-11.750718116760254,-0.0007178590167313814,assist,no
5132,0,0,3.0590223496496504e-07,-15.000431060791016,-0.00043108707177452743,assist,no
5133,0,0,7.88926395240055e-06,-11.750919342041016,-0.0009195152088068426,assist,no
5134,0,0,3.2887489180595855e-06,-12.625299453735352,-0.00029940891545265913,assist,no
5135,0,0,8.939696543121376e-06,-11.625813484191895,-0.0008135108510032296,assist,no
5136,0,0,1.7603438165556951e-06,-13.250711441040039,-0.0007117837085388601,assist,no
5137,0,0,0.07585818628900447,-2.579578399658203,-0.07957848906517029,assist,no
5138,0,0,7.88925898877984e-06,-11.751178741455078,-0.001178285456262529,assist,no
5139,0,0,4.539785331319385e-05,-10.000957489013672,-0.000957150012254715,assist,no
5140,0,0,1.670141803927279e-05,-11.001187324523926,-0.0011870964663103223,assist,no
5141,0,0,1.5534979168180626e-06,-13.375711441040039,-0.0007115454645827413,assist,no
5142,0,0,1.670142616728916e-05,-11.000821113586426,-0.0008213722030632198,assist,no
5143,0,0,1.473898402575554e-05,-11.125445365905762,-0.00044550508027896285,assist,no
5144,0,0,0.0004305571480602979,-7.751058101654053,-0.0010582567192614079,assist,no
5145,0,0,3.2887501246415356e-06,-12.625555992126465,-0.000556314189452678,assist,no
5146,0,0,1.2098660069115593e-06,-13.626171112060547,-0.0011713793501257896,assist,no
5147,0,0,1.0677028071499474e-06,-13.7509126663208,-0.0009126074146479368,assist,no
5148,0,0,1.3007131267006528e-05,-11.250722885131836,-0.0007231004419736564,assist,no
5149,0,0,4.222834299307372e-06,-12.375556945800781,-0.0005571481888182461,assist,no
5150,0,0,3.466326835587709e-07,-14.875911712646484,-0.0009118927991949022,assist,no
5151,0,0,2.7535692557053145e-05,-10.501729965209961,-0.0017300175968557596,assist,no
5152,0,0,0.4378234991142019,-0.826216995716095,-0.576216995716095,assist,no
5153,0,0,3.2887488039674544e-06,-12.626932144165039,-0.0019320646533742547,assist,no
5154,0,0,8.939697189401282e-06,-11.62571907043457,-0.0007191693875938654,assist,no
5155,0,0,7.484620382106778e-05,-9.500628471374512,-0.0006281548412516713,assist,no
5156,0,0,5.4222201674519255e-06,-12.125715255737305,-0.0007154765771701932,assist,no
5157,0,0,1.6701418472844665e-05,-11.001520156860352,-0.001519954763352871,assist,no
5158,0,0,2.561283191520221e-06,-12.875432968139648,-0.00043335105874575675,assist,no
5159,0,0,7.889264165934124e-06,-11.750560760498047,-0.0005609607324004173,assist,no
5160,0,0,2.1444940520845477e-05,-10.750510215759277,-0.0005098473629914224,assist,no
5161,0,0,1.209865570673979e-06,-13.625432014465332,-0.0004319211875554174,assist,no
5162,0,0,1.7603437648107116e-06,-13.250297546386719,-0.0002978596603497863,assist,no
5163,0,0,3.726639431907823e-06,-12.500630378723145,-0.0006304183625616133,assist,no
5164,0,0,1.7603438165556951e-06,-13.250711441040039,-0.0007117837085388601,assist,no
5165,0,0,1.3007125804496269e-05,-11.250639915466309,-0.000639710808172822,assist,no
5166,0,0,6.475950691186178e-07,-14.250911712646484,-0.0009121309849433601,assist,no
5167,0,0,1.553497262862145e-06,-13.375628471374512,-0.0006281548412516713,assist,no
5168,0,0,6.962256446281225e-06,-11.875811576843262,-0.0008116050157696009,assist,no
5169,0,0,1.0677028334387279e-06,-13.750554084777832,-0.0005540504935197532,assist,no
5170,0,0,4.785093626440438e-06,-12.250916481018066,-0.0009162995265796781,assist,no
5171,0,0,5.715004144333539e-07,-14.376502990722656,-0.0015029336791485548,assist,no
5172,0,0,8.315282123754659e-07,-14.0001802444458,-0.00018046658078674227,assist,no
5173,0,0,7.889265148647843e-06,-11.751709938049316,-0.0017102628480643034,assist,no
5174,0,0,1.9947289779695166e-06,-13.125712394714355,-0.0007120219524949789,assist,no
5175,0,0,2.2603247011592023e-06,-13.000913619995117,-0.0009137984015978873,assist,no
5176,0,0,2.902311463535845e-06,-12.750914573669434,-0.000914393924176693,assist,no
5177,0,0,1.1478766694578475e-05,-11.375499725341797,-0.0004996005445718765,assist,no
5178,0,0,4.22283287096225e-06,-12.375714302062988,-0.0007141662063077092,assist,no
5179,0,0,3.927862805853228e-07,-14.750553131103516,-0.000553335587028414,assist,no
5180,0,0,1.4738988382218797e-05,-11.125567436218262,-0.0005678709712810814,assist,no
5181,0,0,1.0129993183168756e-05,-11.500720024108887,-0.0007202415145002306,assist,no
5182,0,0,1.209865614970273e-06,-13.625336647033691,-0.000336590368533507,assist,no
5183,0,0,6.144172638794301e-06,-12.000633239746094,-0.0006329201860353351,assist,no
5184,0,0,1.670142604966086e-05,-11.001945495605469,-0.001945747178979218,assist,no
5185,0,0,2.561282057200237e-06,-12.876504898071289,-0.0015048381173983216,assist,no
5186,0,0,3.9278621058975974e-07,-14.750431060791016,-0.00043108707177452743,assist,no
5187,0,0,4.2228315377422516e-06,-12.376174926757812,-0.0011744751827791333,assist,no
5188,0,0,3.726637599709068e-06,-12.500434875488281,-0.00043442347669042647,assist,no
5189,0,0,0.0001795278930552996,-8.625611305236816,-0.0006108802044764161,assist,no
5190,0,0,6.47594662880056e-07,-14.251171112060547,-0.0011709030950441957,assist,no
5191,0,0,2.561283191520221e-06,-12.875432968139648,-0.00043335105874575675,assist,no
5192,0,0,8.939695793811399e-06,-11.626335144042969,-0.001335086883045733,assist,no
5193,0,0,6.475948469068091e-07,-14.250296592712402,-0.00029666791670024395,assist,no
5194,0,0,1.9947289779695166e-06,-13.125712394714355,-0.0007120219524949789,assist,no
5195,0,0,1.147877202253091e-05,-11.375190734863281,-0.00019107422849629074,assist,no
5196,0,0,2.1444944161941613e-05,-10.751054763793945,-0.0010545651894062757,assist,no
5197,0,0,1.670142967280731e-05,-11.000504493713379,-0.0005049622268415987,assist,no
5198,0,0,2.902311463535845e-06,-12.750914573669434,-0.000914393924176693,assist,no
5199,0,0,1.7603432627307513e-06,-13.251172065734863,-0.0011720937909558415,assist,no
5200,0,0,2.9023110204160388e-06,-12.750433921813965,-0.00043358939001336694,assist,no
5201,0,0,4.785093647330022e-06,-12.250340461730957,-0.00034028460504487157,assist,no
5202,0,0,4.785092429188951e-06,-12.250385284423828,-0.00038485272671096027,assist,no
5203,0,0,1.994730278266527e-06,-13.125628471374512,-0.0006287504802457988,assist,no
5204,0,0,2.144494418815451e-05,-10.750933647155762,-0.0009334497735835612,assist,no
5205,0,0,3.2887501246415356e-06,-12.625555992126465,-0.000556314189452678,assist,no
5206,0,0,3.120192302448831e-05,-10.376533508300781,-0.0015338810626417398,assist,no
5207,0,0,0.00012339460395147624,-9.001626014709473,-0.0016262413701042533,assist,no
5208,0,0,4.22283373273779e-06,-12.376330375671387,-0.0013304438907653093,assist,no
5209,0,0,1.6701426450180366e-05,-11.001519203186035,-0.0015194787411019206,assist,no
5210,0,0,8.939693431924317e-06,-11.625636100769043,-0.0006357794045470655,assist,no
5211,0,0,3.4663257494776956e-07,-14.875710487365723,-0.0007103541865944862,assist,no
5212,0,0,1.473897608237696e-05,-11.125568389892578,-0.0005679901223629713,assist,no
5213,0,0,2.9023133235247868e-06,-12.750712394714355,-0.0007128558354452252,assist,no
5214,0,0,9.42244449333613e-07,-13.875554084777832,-0.0005539313424378633,assist,no
5215,0,0,1.147876734000607e-05,-11.375923156738281,-0.0009230881696566939,assist,no
5216,0,0,3.726638706316661e-06,-12.500556945800781,-0.0005567907355725765,assist,no
5217,0,0,8.939697143610113e-06,-11.62719440460205,-0.0021944984328001738,assist,no
5218,0,0,1.6373762543311177e-07,-15.625710487365723,-0.0007101159426383674,assist,no
5219,0,0,0.00012339453301858666,-9.000677108764648,-0.0006767605082131922,assist,no
5220,0,0,6.144175222712922e-06,-12.000716209411621,-0.0007163104019127786,assist,no
5221,0,0,4.785094681782292e-06,-12.250631332397461,-0.0006313714548014104,assist,no
5222,0,0,8.315279529325881e-07,-14.001171112060547,-0.0011710221879184246,assist,no
5223,0,0,3.7266390581578586e-06,-12.501036643981934,-0.001036583329550922,assist,no
5224,0,0,2.9023121021150205e-06,-12.750629425048828,-0.0006294653285294771,assist,no
5225,0,0,1.994729652094283e-06,-13.125555038452148,-0.0005550036439672112,assist,no
5226,0,0,1.0677024727915184e-06,-13.750711441040039,-0.0007110689766705036,assist,no
5227,0,0,8.315283131832212e-07,-14.000710487365723,-0.0007108307327143848,assist,no
5228,0,0,9.610237279418574e-05,-9.25080680847168,-0.0008063640561886132,assist,no
5229,0,0,0.00010889690354283775,-9.125597953796387,-0.0005978942499496043,assist,no
5230,0,0,0.0001584362617899502,-8.750419616699219,-0.0004198861715849489,assist,no
5231,0,0,3.2887502364365537e-06,-12.62549114227295,-0.0004914983292110264,assist,no
5232,0,0,1.4449802531359268e-07,-15.75117015838623,-0.0011703077470883727,assist,no
5233,0,0,1.5534979168180626e-06,-13.375711441040039,-0.0007115454645827413,assist,no
5234,0,0,2.4300238737623896e-05,-10.626057624816895,-0.001057542278431356,assist,no
5235,0,0,2.1444941358409873e-05,-10.750648498535156,-0.0006481691962108016,assist,no
5236,0,0,1.5534974283404554e-06,-13.376172065734863,-0.0011718557216227055,assist,no
5237,0,0,5.422220393430868e-06,-12.125435829162598,-0.000436091679148376,assist,no
5238,0,0,4.785093626440438e-06,-12.250916481018066,-0.0009162995265796781,assist,no
5239,0,0,4.222833373869461e-06,-12.375714302062988,-0.0007142852991819382,assist,no
5240,0,0,2.561282361931744e-06,-12.876504898071289,-0.0015049570938572288,assist,no
5241,0,0,6.1441737346796535e-06,-12.00020980834961,-0.00020966715237591416,assist,no
5242,0,0,1.6701426148332532e-05,-11.000447273254395,-0.000447530735982582,assist,no
5243,0,0,1.209865614970273e-06,-13.625336647033691,-0.000336590368533507,assist,no
5244,0,0,0.00010889695710481382,-9.126020431518555,-0.0010208638850599527,assist,no
5245,0,0,2.7535683616947887e-05,-10.500738143920898,-0.0007378716254606843,assist,no
5246,0,0,6.144174780317366e-06,-12.000810623168945,-0.0008106521563604474,assist,no
5247,0,0,8.939693431924317e-06,-11.625636100769043,-0.0006357794045470655,assist,no
5248,0,0,2.1444948515779697e-05,-10.751192092895508,-0.001192097319290042,assist,no
5249,0,0,1.1478765137133774e-05,-11.37572193145752,-0.0007216709782369435,assist,no
5250,0,0,2.902311536854187e-06,-12.750555992126465,-0.0005558376433327794,assist,no
5251,0,0,2.430024577297827e-05,-10.625734329223633,-0.0007345362100750208,assist,no
5252,0,0,5.422218532576616e-06,-12.125632286071777,-0.0006322053959593177,assist,no
5253,0,0,1.6701429091470636e-05,-11.000569343566895,-0.0005697772721759975,assist,no
5254,0,0,2.9023110388300895e-06,-12.750807762145996,-0.0008074360666796565,assist,no
5255,0,0,6.144172545809013e-06,-12.001176834106445,-0.00117649941239506,assist,no
5256,0,0,9.422444261886882e-07,-13.8759126663208,-0.0009124883217737079,assist,no
5257,0,0,9.610245299736151e-05,-9.251598358154297,-0.0015987483784556389,assist,no
5258,0,0,7.338211450596446e-07,-14.125710487365723,-0.0007107115816324949,assist,no
5259,0,0,2.144495035068305e-05,-10.750731468200684,-0.000731558189727366,assist,no
5260,0,0,5.4222212403785665e-06,-12.125340461730957,-0.0003408804477658123,assist,no
5261,0,0,2.7535680337734672e-05,-10.500738143920898,-0.0007377525325864553,assist,no
5262,0,0,3.5356250902263e-05,-10.250840187072754,-0.0008401916129514575,assist,no
5263,0,0,4.2228315377422516e-06,-12.376174926757812,-0.0011744751827791333,assist,no
5264,0,0,3.535625252288441e-05,-10.250370979309082,-0.00037102968781255186,assist,no
5265,0,0,5.422219521392067e-06,-12.125715255737305,-0.0007153574260883033,assist,no
5266,0,0,8.93969328258272e-06,-11.626179695129395,-0.0011793570592999458,assist,no
5267,0,0,8.315278010010566e-07,-14.000554084777832,-0.0005538121913559735,assist,no
5268,0,0,1.5534984416468217e-06,-13.375554084777832,-0.0005545270396396518,assist,no
5269,0,0,6.962258894014855e-06,-11.876176834106445,-0.001177213853225112,assist,no
5270,0,0,2.430025037410679e-05,-10.625935554504395,-0.000935950840357691,assist,no
5271,0,0,4.4508519598602985e-07,-14.625553131103516,-0.0005534547381103039,assist,no
5272,0,0,2.260324757733407e-06,-13.000555038452148,-0.0005552418879233301,assist,no
5273,0,0,6.475950849505053e-07,-14.250553131103516,-0.0005535738891921937,assist,no
5274,0,0,5.1442213682325435e-05,-9.877237319946289,-0.0022373187821358442,assist,no
5275,0,0,5.422221356681996e-06,-12.125557899475098,-0.0005583396414294839,assist,no
5276,0,0,8.939696080006174e-06,-11.62719440460205,-0.0021943794563412666,assist,no
5277,0,0,6.962259124199122e-06,-11.876039505004883,-0.0010399178136140108,assist,no
5278,0,0,1.2098651600002267e-06,-13.626930236816406,-0.0019298041006550193,assist,no
5279,0,0,9.422444261886882e-07,-13.8759126663208,-0.0009124883217737079,assist,no
5280,0,0,1.7603432627307513e-06,-13.251172065734863,-0.0011720937909558415,assist,no
5281,0,0,0.00012339460650813476,-9.000677108764648,-0.0006773561472073197,assist,no
5282,0,0,6.475950691186178e-07,-14.250911712646484,-0.0009121309849433601,assist,no
5283,0,0,1.1478770414807597e-05,-11.376713752746582,-0.001713952049612999,assist,no
5284,0,0,1.3709574056798151e-06,-13.500432014465332,-0.00043215948971919715,assist,no
5285,0,0,1.6701429091470636e-05,-11.000569343566895,-0.0005697772721759975,assist,no
5286,0,0,3.1201906338759016e-05,-10.375292778015137,-0.0002926159941125661,assist,no
5287,0,0,1.1478765671649306e-05,-11.375816345214844,-0.000816131301689893,assist,no
5288,0,1,0.817574471748733,-0.20151439309120178,-1.7015143632888794,assist,yes
5289,0,0,9.42245029657135e-07,-13.875710487365723,-0.0007109498255886137,assist,no
5290,0,0,1.8925146815100868e-05,-10.875930786132812,-0.0009307105210609734,assist,no
5291,0,0,2.9023124089033723e-06,-12.75117301940918,-0.0011731653939932585,assist,no
5292,0,0,3.2887475761372957e-06,-12.627479553222656,-0.0024791003670543432,assist,no
5293,0,0,2.902311463535845e-06,-12.750914573669434,-0.000914393924176693,assist,no
5294,0,0,5.144221601778347e-05,-9.875387191772461,-0.00038723601028323174,assist,no
5295,0,0,8.315278999816149e-07,-14.000262260437012,-0.000262106885202229,assist,no
5296,0,0,0.00013982213881122378,-8.876310348510742,-0.0013108003186061978,assist,no
5297,0,0,3.7266386110896106e-06,-12.50091552734375,-0.0009153467253781855,assist,no
5298,0,0,6.144175222712922e-06,-12.000716209411621,-0.0007163104019127786,assist,no
5299,0,0,1.2098651807046875e-06,-13.626503944396973,-0.001503528794273734,assist,no
5300,0,0,5.422216831738715e-06,-12.125558853149414,-0.0005584587925113738,assist,no
5301,0,0,3.7266403180185953e-06,-12.501932144165039,-0.001932421582750976,assist,no
5302,0,0,1.0129994006892007e-05,-11.501336097717285,-0.0013363964390009642,assist,no
5303,0,0,9.422446214397294e-07,-13.876171112060547,-0.0011711412807926536,assist,no
5304,0,0,1.4738987946400829e-05,-11.12592601776123,-0.0009264229447580874,assist,no
5305,0,0,7.889260947777148e-06,-11.751936912536621,-0.0019367048516869545,assist,no
5306,0,0,8.315281640588975e-07,-14.00192928314209,-0.001929447171278298,assist,no
5307,0,0,3.4663257494776956e-07,-14.875710487365723,-0.0007103541865944862,assist,no
5308,0,0,4.222834443100532e-06,-12.375492095947266,-0.0004923323867842555,assist,no
5309,0,0,2.902312754547116e-06,-12.75117301940918,-0.0011732844868674874,assist,no
5310,0,0,2.9023133235247868e-06,-12.750712394714355,-0.0007128558354452252,assist,no
5311,0,0,2.9023131931059046e-06,-12.751504898071289,-0.0015053142560645938,assist,no
5312,0,0,2.9023110204160388e-06,-12.750433921813965,-0.00043358939001336694,assist,no
5313,0,0,3.535623876664067e-05,-10.250662803649902,-0.0006624649395234883,assist,no
5314,0,0,3.0590228203472816e-07,-15.000911712646484,-0.0009118927991949022,assist,no
5315,0,0,1.892514514953061e-05,-10.875572204589844,-0.0005720409681089222,assist,no
5316,0,0,3.726640556194795e-06,-12.500713348388672,-0.0007136897183954716,assist,no
5317,0,0,1.994729296918977e-06,-13.125432968139648,-0.00043275527423247695,assist,no
5318,0,0,2.1444953896290973e-05,-10.750452041625977,-0.0004522969538811594,assist,no
5319,0,0,3.7266387091365973e-06,-12.500265121459961,-0.0002649671514518559,assist,no
5320,0,0,1.1478772808102186e-05,-11.376044273376465,-0.0010446811793372035,assist,no
5321,0,0,0.00010889689870698675,-9.126279830932617,-0.001279726973734796,assist,no
5322,0,0,0.00015843625451017376,-8.750711441040039,-0.0007116645574569702,assist,no
5323,0,0,0.006692852441198913,-5.007051944732666,-0.007052172906696796,assist,no
5324,0,0,5.4222201674519255e-06,-12.125715255737305,-0.0007154765771701932,assist,no
5325,0,0,1.147876451008027e-05,-11.375391960144043,-0.0003916450368706137,assist,no
5326,0,0,1.300713428255545e-05,-11.250243186950684,-0.000243634101934731,assist,no
5327,0,0,1.0129992454966796e-05,-11.501938819885254,-0.00193896540440619,assist,no
5328,0,0,1.5534979168180626e-06,-13.375711441040039,-0.0007115454645827413,assist,no
5329,0,0,7.889261992024858e-06,-11.750388145446777,-0.0003880701260641217,assist,no
5330,0,0,3.726640386130913e-06,-12.501505851745605,-0.0015061474405229092,assist,no
5331,0,0,1.994729890174398e-06,-13.125263214111328,-0.0002632986579556018,assist,no
5332,0,0,0.00010889695549497529,-9.12559700012207,-0.0005974177038297057,assist,no
5333,0,0,3.288749539727765e-06,-12.625433921813965,-0.00043406602344475687,assist,no
5334,0,0,4.7850941963082995e-06,-12.250916481018066,-0.000916418619453907,assist,no
5335,0,0,2.561283342171549e-06,-12.875555038452148,-0.0005554801900871098,assist,no
5336,0,0,1.9947302526065817e-06,-13.126172065734863,-0.0011723319767042994,assist,no
5337,0,0,5.422217477482639e-06,-12.125558853149414,-0.0005585778853856027,assist,no
5338,0,0,5.829127622292738e-05,-9.750768661499023,-0.0007688426994718611,assist,no
5339,0,0,1.9947289779695166e-06,-13.125712394714355,-0.0007120219524949789,assist,no
5340,0,0,3.288749012625885e-06,-12.625713348388672,-0.0007133323233574629,assist,no
5341,0,0,0.004070137202471295,-5.504283428192139,-0.004283301532268524,assist,no
5342,0,0,1.1478765671649306e-05,-11.375816345214844,-0.000816131301689893,assist,no
5343,0,0,5.422220393430868e-06,-12.125435829162598,-0.000436091679148376,assist,no
5344,0,0,1.9947302526065817e-06,-13.126172065734863,-0.0011723319767042994,assist,no
5345,0,0,5.422219098155045e-06,-12.126175880432129,-0.0011759040644392371,assist,no
5346,0,0,4.785095339943614e-06,-12.25103759765625,-0.0010377742582932115,assist,no
5347,0,0,2.9023133235247868e-06,-12.750712394714355,-0.0007128558354452252,assist,no
5348,0,0,1.8925141824999938e-05,-10.875823974609375,-0.0008236353169195354,assist,no
5349,0,0,1.7603426887203276e-06,-13.250913619995117,-0.0009133219718933105,assist,no
5350,0,0,9.42244449333613e-07,-13.875554084777832,-0.0005539313424378633,assist,no
5351,0,0,1.209865614970273e-06,-13.625336647033691,-0.000336590368533507,assist,no
5352,0,0,6.962255583293225e-06,-11.87543773651123,-0.00043764073052443564,assist,no
5353,0,0,8.939696506436406e-06,-11.625439643859863,-0.0004396664153318852,assist,no
5354,0,0,3.7266379451510776e-06,-12.500492095947266,-0.0004917366313748062,assist,no
5355,0,0,3.726640556194795e-06,-12.500713348388672,-0.0007136897183954716,assist,no
5356,0,0,8.315278010010566e-07,-14.000554084777832,-0.0005538121913559735,assist,no
5357,0,0,2.902311536854187e-06,-12.750555992126465,-0.0005558376433327794,assist,no
5358,0,0,6.9622556171319166e-06,-11.875811576843262,-0.0008114859228953719,assist,no
5359,0,0,0.04742587486052853,-3.049013376235962,-0.0490134134888649,assist,no
5360,0,0,1.30071275488652e-05,-11.251046180725098,-0.0010461101774126291,assist,no
5361,0,0,0.00043055704239547133,-7.751601219177246,-0.0016011287225410342,assist,no
5362,0,0,9.422447336542504e-07,-13.876171112060547,-0.0011712603736668825,assist,no
5363,0,0,4.2228348024605524e-06,-12.375556945800781,-0.000557267339900136,assist,no
5364,0,0,2.4300242879062654e-05,-10.625734329223633,-0.0007344171172007918,assist,no
5365,0,0,3.288750040986704e-06,-12.625914573669434,-0.0009148702956736088,assist,no
5366,0,0,5.422217335456843e-06,-12.125917434692383,-0.0009171332349069417,assist,no
5367,0,0,1.0129988165357127e-05,-11.500563621520996,-0.0005633435794152319,assist,no
5368,0,0,2.9023133235247868e-06,-12.750712394714355,-0.0007128558354452252,assist,no
5369,0,0,1.0677028334387279e-06,-13.750554084777832,-0.0005540504935197532,assist,no
5370,0,0,3.535625511484985e-05,-10.250840187072754,-0.0008403107640333474,assist,no
5371,0,0,1.3709571866684185e-06,-13.500711441040039,-0.0007114263135008514,assist,no
5372,0,0,2.260323711176632e-06,-13.000205993652344,-0.0002057340752799064,assist,no
5373,0,0,7.889266087277326e-06,-11.751709938049316,-0.0017103818245232105,assist,no
5374,0,0,2.561281140173303e-06,-12.875914573669434,-0.0009141556802205741,assist,no
5375,0,0,1.2098657862046906e-06,-13.625554084777832,-0.0005541696446016431,assist,no
5376,0,0,2.753568165679253e-05,-10.500458717346191,-0.0004583738627843559,assist,no
5377,0,0,5.422217886516953e-06,-12.125632286071777,-0.0006320862448774278,assist,no
5378,0,0,5.043471827407549e-07,-14.501171112060547,-0.0011706650257110596,assist,no
5379,0,0,5.1442226653101384e-05,-9.87596321105957,-0.0009634620510041714,assist,no
5380,0,0,7.338206930604365e-07,-14.125554084777832,-0.0005536930402740836,assist,no
5381,0,0,1.8925140138500335e-05,-10.87634563446045,-0.0013452060520648956,assist,no
5382,0,0,1.3709576498282867e-06,-13.500554084777832,-0.0005544078885577619,assist,no
5383,0,0,7.48462229713491e-05,-9.501245498657227,-0.0012454380048438907,assist,no
5384,0,0,3.535624689855672e-05,-10.250466346740723,-0.00046623803791590035,assist,no
5385,0,0,1.3007122532669493e-05,-11.250444412231445,-0.0004439560289029032,assist,no
5386,0,0,9.61024219821775e-05,-9.250584602355957,-0.00058466981863603,assist,no
5387,0,0,1.7603426887203276e-06,-13.250913619995117,-0.0009133219718933105,assist,no
5388,0,0,2.260324757733407e-06,-13.000555038452148,-0.0005552418879233301,assist,no
5389,0,0,2.5612828863413576e-06,-12.875432968139648,-0.0004332319076638669,assist,no
5390,0,0,4.0063692250194524e-05,-10.125844955444336,-0.0008449559682048857,assist,no
5391,0,0,4.7850966947033865e-06,-12.250714302062988,-0.0007147617870941758,assist,no
5392,0,0,1.2098657563451809e-06,-13.6259126663208,-0.0009127265075221658,assist,no
5393,0,0,7.338212621386759e-07,-14.125431060791016,-0.0004314445541240275,assist,no
5394,0,0,3.0590228203472816e-07,-15.000911712646484,-0.0009118927991949022,assist,no
5395,0,0,6.144176780932608e-06,-12.000494003295898,-0.0004943578969687223,assist,no
5396,0,0,1.1478765137133774e-05,-11.37572193145752,-0.0007216709782369435,assist,no
5397,0,0,1.4738987946400829e-05,-11.12592601776123,-0.0009264229447580874,assist,no
5398,0,0,1.0129991502113135e-05,-11.500922203063965,-0.0009222545195370913,assist,no
5399,0,0,2.1444944161941613e-05,-10.751054763793945,-0.0010545651894062757,assist,no
5400,0,0,3.288750040986704e-06,-12.625914573669434,-0.0009148702956736088,assist,no
5401,0,0,8.939692366759757e-06,-11.625636100769043,-0.0006356602534651756,assist,no
5402,0,0,1.760342693484962e-06,-13.250337600708008,-0.000337305391440168,assist,no
5403,0,0,1.8925140958066416e-05,-10.87572956085205,-0.0007291757501661777,assist,no
5404,0,0,1.0129986958960011e-05,-11.500563621520996,-0.000563224486541003,assist,no
5405,0,0,2.902312847462109e-06,-12.751504898071289,-0.0015051951631903648,assist,no
5406,0,0,1.3007129395822056e-05,-11.250308990478516,-0.0003090619284193963,assist,no
5407,0,0,1.147876734000607e-05,-11.375923156738281,-0.0009230881696566939,assist,no
5408,0,0,9.42245029657135e-07,-13.875710487365723,-0.0007109498255886137,assist,no
5409,0,0,1.5534979168180626e-06,-13.375711441040039,-0.0007115454645827413,assist,no
5410,0,0,1.0129986984904036e-05,-11.500271797180176,-0.0002714027068577707,assist,no
5411,0,0,8.315277805757303e-07,-14.0009126663208,-0.000912369170691818,assist,no
5412,0,0,1.5534971066072321e-06,-13.375913619995117,-0.0009132028790190816,assist,no
5413,0,0,3.2887488039674544e-06,-12.626932144165039,-0.0019320646533742547,assist,no
5414,0,0,1.0677024727915184e-06,-13.750711441040039,-0.0007110689766705036,assist,no
5415,0,0,5.043475714256648e-07,-14.500553131103516,-0.0005534547381103039,assist,no
5416,0,0,3.927861479561445e-07,-14.750710487365723,-0.0007103541865944862,assist,no
5417,0,0,2.561281140173303e-06,-12.875914573669434,-0.0009141556802205741,assist,no
5418,0,0,6.962253082675158e-06,-11.876177787780762,-0.001177332829684019,assist,no
5419,0,0,9.42245029657135e-07,-13.875710487365723,-0.0007109498255886137,assist,no
5420,0,0,2.5612829804891073e-06,-12.875337600708008,-0.00033790123416110873,assist,no
5421,0,0,3.059022461470379e-07,-15.000335693359375,-0.0003357561945449561,assist,no
5422,0,0,1.0129995039052121e-05,-11.50039005279541,-0.0003904534096363932,assist,no
5423,0,0,1.3007122532669493e-05,-11.250444412231445,-0.0004439560289029032,assist,no
5424,0,0,6.144175480568389e-06,-12.000436782836914,-0.000436925794929266,assist,no
5425,0,0,6.962256446281225e-06,-11.875811576843262,-0.0008116050157696009,assist,no
5426,0,0,4.5397858719509555e-05,-10.000957489013672,-0.0009572691051289439,assist,no
5427,0,0,1.994730278266527e-06,-13.125628471374512,-0.0006287504802457988,assist,no
5428,0,0,5.71500700085848e-07,-14.375553131103516,-0.0005535738891921937,assist,no
5429,0,0,6.14417217565606e-06,-12.00055980682373,-0.0005594118847511709,assist,no
5430,0,0,1.4738977394977294e-05,-11.12604808807373,-0.0010477773612365127,assist,no
5431,0,0,6.144172748230832e-06,-12.001039505004883,-0.001039203256368637,assist,no
5432,0,0,1.0677028071499474e-06,-13.7509126663208,-0.0009126074146479368,assist,no
5433,0,0,4.450851166706646e-07,-14.625431060791016,-0.0004312062228564173,assist,no
5434,0,0,3.927862805853228e-07,-14.750553131103516,-0.000553335587028414,assist,no
5435,0,0,1.4738987946400829e-05,-11.12592601776123,-0.0009264229447580874,assist,no
5436,0,0,2.2603243554645282e-06,-13.000432968139648,-0.00043299360550008714,assist,no
5437,0,0,4.78509299947446e-06,-12.250385284423828,-0.0003849719068966806,assist,no
5438,0,0,4.2228315377422516e-06,-12.376174926757812,-0.0011744751827791333,assist,no
5439,0,0,2.4300232987984165e-05,-10.625936508178711,-0.000936189026106149,assist,no
5440,0,0,1.4738985809348751e-05,-11.125819206237793,-0.000819466426037252,assist,no
5441,0,0,1.8925141824999938e-05,-10.875823974609375,-0.0008236353169195354,assist,no
5442,0,0,3.726640556194795e-06,-12.500713348388672,-0.0007136897183954716,assist,no
5443,0,0,2.9023110204160388e-06,-12.750433921813965,-0.00043358939001336694,assist,no
5444,0,0,6.605216314287461e-05,-9.625401496887207,-0.0004017737810499966,assist,no
5445,0,0,4.785093647330022e-06,-12.250340461730957,-0.00034028460504487157,assist,no
5446,0,0,1.553498494274388e-06,-13.375489234924316,-0.0004897110629826784,assist,no
5447,0,0,8.315276528448498e-07,-14.000432014465332,-0.00043156370520591736,assist,no
5448,0,0,9.422442814506533e-07,-13.875432014465332,-0.0004316828562878072,assist,no
5449,0,0,6.144175053729976e-06,-12.0003023147583,-0.0003023882454726845,assist,no
5450,0,0,5.1442232560614226e-05,-9.875678062438965,-0.0006784282741136849,assist,no
5451,0,0,1.760342483738607e-06,-13.250337600708008,-0.00033718624035827816,assist,no
5452,0,0,7.889265621636267e-06,-11.750812530517578,-0.000812915270216763,assist,no
5453,0,0,9.422444261886882e-07,-13.8759126663208,-0.0009124883217737079,assist,no
5454,0,0,1.892514632930953e-05,-10.875450134277344,-0.00045003299601376057,assist,no
5455,0,0,1.5534980118550975e-06,-13.375381469726562,-0.0003816353273577988,assist,no
5456,0,0,5.715006861142542e-07,-14.375911712646484,-0.0009121309849433601,assist,no
5457,0,0,5.043474815495919e-07,-14.500431060791016,-0.0004312062228564173,assist,no
5458,0,0,1.8925156751243956e-05,-10.875728607177734,-0.0007290565990842879,assist,no
5459,0,0,4.222833373869461e-06,-12.375714302062988,-0.0007142852991819382,assist,no
5460,0,0,6.962256818709515e-06,-11.87555980682373,-0.0005598884890787303,assist,no
5461,0,0,8.939698909692468e-06,-11.625920295715332,-0.0009205871028825641,assist,no
5462,0,0,2.561282971693039e-06,-12.876504898071289,-0.0015051951631903648,assist,no
5463,0,0,4.4508518513084756e-07,-14.625911712646484,-0.0009120118920691311,assist,no
5464,0,0,1.6701428585960505e-05,-11.000927925109863,-0.0009283285471610725,assist,no
5465,0,0,1.3007133662486459e-05,-11.25039291381836,-0.0003933132975362241,assist,no
5466,0,0,1.7603432627307513e-06,-13.251172065734863,-0.0011720937909558415,assist,no
5467,0,0,1.994729652094283e-06,-13.125555038452148,-0.0005550036439672112,assist,no
5468,0,0,8.315278999816149e-07,-14.000262260437012,-0.000262106885202229,assist,no
5469,0,0,2.9023131931059046e-06,-12.751504898071289,-0.0015053142560645938,assist,no
5470,0,0,1.0129989957263956e-05,-11.501180648803711,-0.0011805477552115917,assist,no
5471,0,0,2.90231205819158e-06,-12.75247859954834,-0.0024786246940493584,assist,no
5472,0,0,2.2603247011592023e-06,-13.000913619995117,-0.0009137984015978873,assist,no
5473,0,0,8.315283131832212e-07,-14.000710487365723,-0.0007108307327143848,assist,no
5474,0,0,1.1478763478799495e-05,-11.3753080368042,-0.00030763185350224376,assist,no
5475,0,0,4.2228315377422516e-06,-12.376174926757812,-0.0011744751827791333,assist,no
5476,0,0,4.006368823695975e-05,-10.12636661529541,-0.0013665156438946724,assist,no
5477,0,0,3.535626717227635e-05,-10.251205444335938,-0.0012059090659022331,assist,no
5478,0,0,1.6701426450180366e-05,-11.001519203186035,-0.0015194787411019206,assist,no
5479,0,0,4.222834299307372e-06,-12.375556945800781,-0.0005571481888182461,assist,no
5480,0,0,1.3709574056798151e-06,-13.500432014465332,-0.00043215948971919715,assist,no
5481,0,0,8.315280519615657e-07,-14.001171112060547,-0.0011711412807926536,assist,no
5482,0,0,2.144495290456921e-05,-10.750731468200684,-0.0007316772826015949,assist,no
5483,0,0,9.422444261886882e-07,-13.8759126663208,-0.0009124883217737079,assist,no
5484,0,0,3.120192231982822e-05,-10.376201629638672,-0.0012019798159599304,assist,no
5485,0,0,1.3007131262085346e-05,-11.250216484069824,-0.00021669900161214173,assist,no
5486,0,0,8.481105477991983e-05,-9.375638008117676,-0.0006381620769388974,assist,no
5487,0,0,3.120192231982822e-05,-10.376201629638672,-0.0012019798159599304,assist,no
5488,0,0,5.715006861142542e-07,-14.375911712646484,-0.0009121309849433601,assist,no
5489,0,0,5.829127991429505e-05,-9.750969886779785,-0.0009701313101686537,assist,no
5490,0,0,0.0007096704123098486,-7.251880645751953,-0.0018806643784046173,assist,no
5491,0,0,6.475950691186178e-07,-14.250911712646484,-0.0009121309849433601,assist,no
5492,0,0,1.1478765137133774e-05,-11.37572193145752,-0.0007216709782369435,assist,no
5493,0,0,2.2603247011592023e-06,-13.000913619995117,-0.0009137984015978873,assist,no
5494,0,0,6.962253082675158e-06,-11.876177787780762,-0.001177332829684019,assist,no
5495,0,0,1.0677033239763048e-06,-13.753178596496582,-0.003179021645337343,assist,no
5496,0,0,2.260324370397485e-06,-13.00080680847168,-0.0008068405441008508,assist,no
5497,0,0,2.144495290456921e-05,-10.750731468200684,-0.0007316772826015949,assist,no
5498,0,0,2.561283342171549e-06,-12.875555038452148,-0.0005554801900871098,assist,no
5499,0,0,3.288748083043112e-06,-12.626036643981934,-0.0010363452602177858,assist,no
5500,0,0,6.1441749298091515e-06,-12.001508712768555,-0.0015087660867720842,assist,no
5501,0,0,1.1478765907504291e-05,-11.376514434814453,-0.0015142414486035705,assist,no
5502,0,0,1.7603438165556951e-06,-13.250711441040039,-0.0007117837085388601,assist,no
5503,0,0,1.0129993619205501e-05,-11.50044059753418,-0.0004408579843584448,assist,no
5504,0,0,4.22283287096225e-06,-12.375714302062988,-0.0007141662063077092,assist,no
5505,0,0,1.3007129395822056e-05,-11.250308990478516,-0.0003090619284193963,assist,no
5506,0,0,4.785092900179322e-06,-12.250435829162598,-0.0004354958946350962,assist,no
5507,0,0,6.1441749298091515e-06,-12.001508712768555,-0.0015087660867720842,assist,no
5508,0,0,3.466327332135612e-07,-14.875261306762695,-0.0002616301644593477,assist,no
5509,0,0,1.7603438165556951e-06,-13.250711441040039,-0.0007117837085388601,assist,no
5510,0,0,2.561283285742525e-06,-12.875337600708008,-0.00033802041434682906,assist,no
5511,0,0,5.043471833278921e-07,-14.502476692199707,-0.002476246329024434,assist,no
5512,0,0,8.939698090134468e-06,-11.625561714172363,-0.0005619138828478754,assist,no
5513,0,0,1.3709567556681373e-06,-13.501172065734863,-0.0011717366287484765,assist,no
5514,0,0,2.699577523880221e-07,-15.125431060791016,-0.00043096792069263756,assist,no
5515,0,0,9.610237924332629e-05,-9.250527381896973,-0.0005270045949146152,assist,no
5516,0,0,1.4738982569883802e-05,-11.126517295837402,-0.0015173362335190177,assist,no
5517,0,0,1.76034392434921e-06,-13.250381469726562,-0.00038187362952157855,assist,no
5518,0,0,2.5612816698752136e-06,-12.87617301940918,-0.0011728082317858934,assist,no
5519,0,0,1.3007131267006528e-05,-11.250722885131836,-0.0007231004419736564,assist,no
5520,0,0,2.6995770935631803e-07,-15.125710487365723,-0.0007102350937202573,assist,no
5521,0,0,9.42244449333613e-07,-13.875554084777832,-0.0005539313424378633,assist,no
5522,0,0,7.48462568916672e-05,-9.500410079956055,-0.0004104725376237184,assist,no
5523,0,0,2.561283342171549e-06,-12.875555038452148,-0.0005554801900871098,assist,no
5524,0,0,1.7603438165556951e-06,-13.250711441040039,-0.0007117837085388601,assist,no
5525,0,0,1.3007132816800224e-05,-11.250722885131836,-0.0007232195930555463,assist,no
5526,0,0,1.1478765635903578e-05,-11.375442504882812,-0.00044228785554878414,assist,no
5527,0,0,3.726637599709068e-06,-12.500434875488281,-0.00043442347669042647,assist,no
5528,0,0,4.2228336360153974e-06,-12.375384330749512,-0.0003843760641757399,assist,no
5529,0,0,4.222835200165454e-06,-12.376036643981934,-0.0010370597010478377,assist,no
5530,0,0,0.0001584361735336325,-8.75132942199707,-0.0013291343348100781,assist,no
5531,0,0,2.699576656410792e-07,-15.126502990722656,-0.0015025765169411898,assist,no
5532,0,0,1.3709574056798151e-06,-13.500432014465332,-0.00043215948971919715,assist,no
5533,0,0,4.222834299307372e-06,-12.375556945800781,-0.0005571481888182461,assist,no
5534,0,0,8.939699827597521e-06,-11.625635147094727,-0.0006355411605909467,assist,no
5535,0,0,1.1478763174793842e-05,-11.376514434814453,-0.0015140033792704344,assist,no
5536,0,0,1.0677033173885698e-06,-13.751502990722656,-0.0015034097013995051,assist,no
5537,0,0,1.994729296918977e-06,-13.125432968139648,-0.00043275527423247695,assist,no
5538,0,0,8.315276528448498e-07,-14.000432014465332,-0.00043156370520591736,assist,no
5539,0,0,1.8925140958066416e-05,-10.87572956085205,-0.0007291757501661777,assist,no
5540,0,0,5.715006861142542e-07,-14.375911712646484,-0.0009121309849433601,assist,no
5541,0,0,2.5612816698752136e-06,-12.87617301940918,-0.0011728082317858934,assist,no
5542,0,0,2.561281974904846e-06,-12.87617301940918,-0.0011729273246601224,assist,no
5543,0,0,7.889266045948237e-06,-11.750560760498047,-0.0005611990345641971,assist,no
5544,0,0,3.9278621058975974e-07,-14.750431060791016,-0.00043108707177452743,assist,no
5545,0,0,3.927861479561445e-07,-14.750710487365723,-0.0007103541865944862,assist,no
5546,0,0,1.1478765671649306e-05,-11.375816345214844,-0.000816131301689893,assist,no
5547,0,0,3.5356260162957765e-05,-10.250946998596191,-0.0009472650708630681,assist,no
5548,0,0,2.430023379137778e-05,-10.625577926635742,-0.0005776405450887978,assist,no
5549,0,0,2.3823689656988412e-07,-15.250335693359375,-0.00033563701435923576,assist,no
5550,0,0,1.3709571866684185e-06,-13.500711441040039,-0.0007114263135008514,assist,no
5551,0,0,0.00857748559586935,-4.7591705322265625,-0.009170553646981716,assist,no
5552,0,0,6.144177140356759e-06,-12.000917434692383,-0.0009178477921523154,assist,no
5553,0,0,2.902313141073503e-06,-12.751931190490723,-0.0019315887475386262,assist,no
5554,0,0,3.726638181266404e-06,-12.50033950805664,-0.0003392120997887105,assist,no
5555,0,0,1.4738985128168826e-05,-11.125724792480469,-0.0007250064518302679,assist,no
5556,0,0,2.2603247011592023e-06,-13.000913619995117,-0.0009137984015978873,assist,no
5557,0,0,5.043474011264465e-07,-14.500710487365723,-0.0007104733376763761,assist,no
5558,0,0,7.889263012852898e-06,-11.750919342041016,-0.0009193961159326136,assist,no
5559,0,0,1.6701414838035036e-05,-11.00035285949707,-0.0003524397616274655,assist,no
5560,0,0,1.209865614970273e-06,-13.625336647033691,-0.000336590368533507,assist,no
5561,0,0,3.288749012625885e-06,-12.625713348388672,-0.0007133323233574629,assist,no
5562,0,0,5.4222215413156685e-06,-12.125493049621582,-0.0004935238393954933,assist,no
5563,0,0,1.3007130204788482e-05,-11.25118350982666,-0.0011836434714496136,assist,no
5564,0,0,5.422216831738715e-06,-12.125558853149414,-0.0005584587925113738,assist,no
5565,0,0,1.147876703867289e-05,-11.375816345214844,-0.000816250394564122,assist,no
5566,0,0,2.4300235881898603e-05,-10.625936508178711,-0.0009363081189803779,assist,no
5567,0,0,1.1478771053553956e-05,-11.376181602478027,-0.0011818574275821447,assist,no
5568,0,0,8.315281781920683e-07,-14.001502990722656,-0.0015031717484816909,assist,no
5569,0,0,1.5534984031256146e-06,-13.3759126663208,-0.0009130837861448526,assist,no
5570,0,0,2.4300233373415076e-05,-10.625360488891602,-0.0003601856005843729,assist,no
5571,0,0,1.0677028071499474e-06,-13.7509126663208,-0.0009126074146479368,assist,no
5572,0,0,4.222834207746774e-06,-12.37533950805664,-0.00033968876232393086,assist,no
5573,0,0,0.00015843616005291423,-8.750712394714355,-0.0007120219524949789,assist,no
5574,0,0,1.7603432627307513e-06,-13.251172065734863,-0.0011720937909558415,assist,no
5575,0,0,1.760343110057486e-06,-13.2510347366333,-0.0010346779599785805,assist,no
5576,0,0,1.3709576498282867e-06,-13.500554084777832,-0.0005544078885577619,assist,no
5577,0,0,8.93969251662169e-06,-11.626042366027832,-0.0010419422760605812,assist,no
5578,0,0,1.3709567556681373e-06,-13.501172065734863,-0.0011717366287484765,assist,no
5579,0,0,2.5612824764296976e-06,-12.875712394714355,-0.0007124984404072165,assist,no
5580,0,0,1.7603432627307513e-06,-13.251172065734863,-0.0011720937909558415,assist,no
5581,0,0,2.430025037410679e-05,-10.625935554504395,-0.000935950840357691,assist,no
5582,0,0,3.288750040986704e-06,-12.625914573669434,-0.0009148702956736088,assist,no
5583,0,0,6.475947612638729e-07,-14.251502990722656,-0.0015029336791485548,assist,no
5584,0,0,2.6995776224830945e-07,-15.125335693359375,-0.00033563701435923576,assist,no
5585,0,0,2.1444957279004936e-05,-10.750356674194336,-0.0003570872650016099,assist,no
5586,0,0,1.9947302526065817e-06,-13.126172065734863,-0.0011723319767042994,assist,no
5587,0,0,1.0129994826193045e-05,-11.50044059753418,-0.0004409771354403347,assist,no
5588,0,0,2.902310817439147e-06,-12.750299453735352,-0.00029905137489549816,assist,no
5589,0,0,2.9023124089033723e-06,-12.75117301940918,-0.0011731653939932585,assist,no
5590,0,0,4.539788279691168e-05,-10.000755310058594,-0.0007556205382570624,assist,no
5591,0,0,4.785092706741816e-06,-12.252190589904785,-0.002190216211602092,assist,no
5592,0,0,8.93969328258272e-06,-11.626179695129395,-0.0011793570592999458,assist,no
5593,0,0,7.338206930604365e-07,-14.125554084777832,-0.0005536930402740836,assist,no
5594,0,0,9.42244449333613e-07,-13.875554084777832,-0.0005539313424378633,assist,no
5595,0,0,1.5534979168180626e-06,-13.375711441040039,-0.0007115454645827413,assist,no
5596,0,0,7.338206750778618e-07,-14.1259126663208,-0.000912250077817589,assist,no
5597,0,0,4.785094766176228e-06,-12.250916481018066,-0.000916537712328136,assist,no
5598,0,0,5.422217016372234e-06,-12.125494003295898,-0.0004936429904773831,assist,no
5599,0,0,1.2098660074749463e-06,-13.627476692199707,-0.002476959954947233,assist,no
5600,0,0,4.7850966947033865e-06,-12.250714302062988,-0.0007147617870941758,assist,no
5601,0,0,5.829127991429505e-05,-9.750969886779785,-0.0009701313101686537,assist,no
5602,0,0,0.00012339460663022238,-9.000833511352539,-0.0008337597246281803,assist,no
5603,0,0,1.0129992668415463e-05,-11.50151252746582,-0.0015126940561458468,assist,no
5604,0,0,8.315278010010566e-07,-14.000554084777832,-0.0005538121913559735,assist,no
5605,0,0,2.260323993850194e-06,-13.000712394714355,-0.0007122601964510977,assist,no
5606,0,0,9.422446219881873e-07,-13.877476692199707,-0.002476722002029419,assist,no
5607,0,0,5.422221214656098e-06,-12.125916481018066,-0.0009168949909508228,assist,no
5608,0,0,7.889260340928776e-06,-11.750304222106934,-0.00030393750057555735,assist,no
5609,0,0,2.260323365350542e-06,-13.003180503845215,-0.003180091269314289,assist,no
5610,0,0,6.962256818709515e-06,-11.87555980682373,-0.0005598884890787303,assist,no
5611,0,0,2.260325198091277e-06,-13.000628471374512,-0.0006288696313276887,assist,no
5612,0,0,2.4300249811165106e-05,-10.625454902648926,-0.0004552758182398975,assist,no
5613,0,0,2.5612832777664278e-06,-12.875913619995117,-0.0009140365873463452,assist,no
5614,0,0,1.3709571866684185e-06,-13.500711441040039,-0.0007114263135008514,assist,no
5615,0,0,2.561283244371181e-06,-12.875382423400879,-0.0003828269545920193,assist,no
5616,0,0,2.5612828863413576e-06,-12.875432968139648,-0.0004332319076638669,assist,no
5617,0,0,1.994729652094283e-06,-13.125555038452148,-0.0005550036439672112,assist,no
5618,0,0,1.3709574056798151e-06,-13.500432014465332,-0.00043215948971919715,assist,no
5619,0,0,5.422219521392067e-06,-12.125715255737305,-0.0007153574260883033,assist,no
5620,0,0,6.962256119241382e-06,-11.875717163085938,-0.000717144284863025,assist,no
5621,0,0,2.144494449459578e-05,-10.750357627868652,-0.00035744477645494044,assist,no
5622,0,0,6.475950849505053e-07,-14.250553131103516,-0.0005535738891921937,assist,no
5623,0,0,1.3709576159132328e-06,-13.5009126663208,-0.0009129646932706237,assist,no
5624,0,0,7.889264165934124e-06,-11.750560760498047,-0.0005609607324004173,assist,no
5625,0,0,4.2228315377422516e-06,-12.376174926757812,-0.0011744751827791333,assist,no
5626,0,0,4.222833548633417e-06,-12.375434875488281,-0.0004349001101218164,assist,no
5627,0,0,2.4300237874824243e-05,-10.626194953918457,-0.0011948358733206987,assist,no
5628,0,0,1.3709571866684185e-06,-13.500711441040039,-0.0007114263135008514,assist,no
5629,0,0,4.785094320531703e-06,-12.250557899475098,-0.0005578630371019244,assist,no
5630,0,0,1.0677030283983333e-06,-13.751171112060547,-0.0011712603736668825,assist,no
5631,0,0,1.760342693484962e-06,-13.250337600708008,-0.000337305391440168,assist,no
5632,0,0,2.699578005109419e-07,-15.125553131103516,-0.0005532164941541851,assist,no
5633,0,0,8.939699155299707e-06,-11.625561714172363,-0.0005620330339297652,assist,no
5634,0,0,2.9023133235247868e-06,-12.750712394714355,-0.0007128558354452252,assist,no
5635,0,0,8.939699175593526e-06,-11.625269889831543,-0.00027021096320822835,assist,no
5636,0,0,2.561281974904846e-06,-12.87617301940918,-0.0011729273246601224,assist,no
5637,0,0,1.3709566095542049e-06,-13.500628471374512,-0.0006280356901697814,assist,no
5638,0,0,3.535623841061858e-05,-10.251538276672363,-0.0015379278920590878,assist,no
5639,0,0,5.422221152164705e-06,-12.125385284423828,-0.0003856868715956807,assist,no
5640,0,0,1.0129993874813257e-05,-11.50151252746582,-0.0015128131490200758,assist,no
5641,0,0,8.315277805757303e-07,-14.0009126663208,-0.000912369170691818,assist,no
5642,0,0,8.939696506436406e-06,-11.625439643859863,-0.0004396664153318852,assist,no
5643,0,0,2.260324757733407e-06,-13.000555038452148,-0.0005552418879233301,assist,no
5644,0,0,3.5356257761350694e-05,-10.25074577331543,-0.0007459718617610633,assist,no
5645,0,0,5.422221356681996e-06,-12.125557899475098,-0.0005583396414294839,assist,no
5646,0,0,4.4508504569747943e-07,-14.625710487365723,-0.0007104733376763761,assist,no
5647,0,0,1.4738983379749972e-05,-11.125218391418457,-0.0002184867626056075,assist,no
5648,0,0,1.4738978647524125e-05,-11.126185417175293,-0.0011851914459839463,assist,no
5649,0,0,4.4508519598602985e-07,-14.625553131103516,-0.0005534547381103039,assist,no
5650,0,0,1.5534976368612368e-06,-13.376930236816406,-0.0019301610300317407,assist,no
5651,0,0,2.561281204727456e-06,-12.875555992126465,-0.0005555993411689997,assist,no
5652,0,0,1.2098653039455336e-06,-13.626930236816406,-0.0019299230771139264,assist,no
5653,0,0,2.1444952450836238e-05,-10.750317573547363,-0.0003177614707965404,assist,no
5654,0,0,3.466326919926194e-07,-14.875553131103516,-0.000553335587028414,assist,no
5655,0,0,4.4508504569747943e-07,-14.625710487365723,-0.0007104733376763761,assist,no
5656,0,0,3.7266393804982203e-06,-12.501173973083496,-0.0011739989276975393,assist,no
5657,0,0,1.067702643202437e-06,-13.750432014465332,-0.0004318020073696971,assist,no
5658,0,0,1.9947296022838163e-06,-13.125913619995117,-0.0009135602158494294,assist,no
5659,0,0,2.1444945961894062e-05,-10.751192092895508,-0.001191978226415813,assist,no
5660,0,0,7.338211450596446e-07,-14.125710487365723,-0.0007107115816324949,assist,no
5661,0,0,1.4738980905540331e-05,-11.12604808807373,-0.0010480155469849706,assist,no
5662,0,0,2.5612832777664278e-06,-12.875913619995117,-0.0009140365873463452,assist,no
5663,0,0,2.902311536854187e-06,-12.750555992126465,-0.0005558376433327794,assist,no
5664,0,0,4.222833573459239e-06,-12.375808715820312,-0.0008087463211268187,assist,no
5665,0,0,6.144174490989974e-06,-12.000716209411621,-0.0007161913090385497,assist,no
5666,0,0,1.0677028334387279e-06,-13.750554084777832,-0.0005540504935197532,assist,no
5667,0,0,6.14417566153215e-06,-12.001508712768555,-0.0015088851796463132,assist,no
5668,0,0,1.8553905503052695e-07,-15.500710487365723,-0.0007102350937202573,assist,no
5669,0,0,3.726640556194795e-06,-12.500713348388672,-0.0007136897183954716,assist,no
5670,0,0,2.7535698649084223e-05,-10.50093936920166,-0.0009396428358741105,assist,no
5671,0,0,3.5356253548763526e-05,-10.25074577331543,-0.0007458527106791735,assist,no
5672,0,0,3.4663263022174606e-07,-14.875431060791016,-0.00043108707177452743,assist,no
5673,0,0,8.939700527474167e-06,-11.625496864318848,-0.000497336674015969,assist,no
5674,0,0,1.3709576498282867e-06,-13.500554084777832,-0.0005544078885577619,assist,no
5675,0,0,5.144221326912903e-05,-9.875856399536133,-0.0008563903393223882,assist,no
5676,0,0,6.605217502618797e-05,-9.629144668579102,-0.004145125392824411,assist,no
5677,0,0,4.4508519598602985e-07,-14.625553131103516,-0.0005534547381103039,assist,no
5678,0,0,1.553497721951468e-06,-13.375205039978027,-0.000205018965061754,assist,no
5679,0,0,3.726637622377004e-06,-12.500808715820312,-0.0008082698914222419,assist,no
5680,0,0,1.3007131267006528e-05,-11.250722885131836,-0.0007231004419736564,assist,no
5681,0,0,3.535623766153164e-05,-10.251206398010254,-0.0012060280423611403,assist,no
5682,0,0,6.962256446281225e-06,-11.875811576843262,-0.0008116050157696009,assist,no
5683,0,0,1.5534984071043308e-06,-13.375336647033691,-0.00033706706017255783,assist,no
5684,0,1,0.6791786861878392,-0.3869526982307434,-1.1369526386260986,assist,yes
5685,0,0,4.006370584296075e-05,-10.12621021270752,-0.001210552523843944,assist,no
5686,0,0,8.315283131832212e-07,-14.000710487365723,-0.0007108307327143848,assist,no
5687,0,0,2.5612824764296976e-06,-12.875712394714355,-0.0007124984404072165,assist,no
5688,0,0,7.889264165934124e-06,-11.750560760498047,-0.0005609607324004173,assist,no
5689,0,0,1.9947303266837104e-06,-13.128179550170898,-0.0031798535492271185,assist,no
5690,0,0,1.994730554488316e-06,-13.126503944396973,-0.0015043619787320495,assist,no
5691,0,0,8.315277805757303e-07,-14.0009126663208,-0.000912369170691818,assist,no
5692,0,0,1.3709571866684185e-06,-13.500711441040039,-0.0007114263135008514,assist,no
5693,0,0,7.889263226386445e-06,-11.750560760498047,-0.0005608416395261884,assist,no
5694,0,0,1.670142201724658e-05,-11.001187324523926,-0.0011873346520587802,assist,no
5695,0,0,2.144494798684075e-05,-10.750201225280762,-0.0002012050390476361,assist,no
5696,0,0,2.9023124089033723e-06,-12.75117301940918,-0.0011731653939932585,assist,no
5697,0,0,5.4222197438992395e-06,-12.126175880432129,-0.001176023157313466,assist,no
5698,0,0,6.962256119241382e-06,-11.875717163085938,-0.000717144284863025,assist,no
5699,0,0,1.553497262862145e-06,-13.375628471374512,-0.0006281548412516713,assist,no
5700,0,0,2.4300230896049165e-05,-10.625577926635742,-0.0005775213940069079,assist,no
5701,0,0,1.670142247414979e-05,-11.001519203186035,-0.0015192406717687845,assist,no
5702,0,0,1.5534984416468217e-06,-13.375554084777832,-0.0005545270396396518,assist,no
5703,0,0,4.5397847906878776e-05,-10.000957489013672,-0.000957030919380486,assist,no
5704,0,0,2.260324707869166e-06,-13.000337600708008,-0.00033778208307921886,assist,no
5705,0,0,1.5534979168180626e-06,-13.375711441040039,-0.0007115454645827413,assist,no
5706,0,0,3.535624569569567e-05,-10.251964569091797,-0.001964426366612315,assist,no
5707,0,0,2.902311366228554e-06,-12.750433921813965,-0.0004337085410952568,assist,no
5708,0,0,9.42245029657135e-07,-13.875710487365723,-0.0007109498255886137,assist,no
5709,0,0,2.561282666961459e-06,-12.876504898071289,-0.0015050761867314577,assist,no
5710,0,0,2.9023131931059046e-06,-12.751504898071289,-0.0015053142560645938,assist,no
5711,0,0,1.0129993183168756e-05,-11.500720024108887,-0.0007202415145002306,assist,no
5712,0,0,6.962256119241382e-06,-11.875717163085938,-0.000717144284863025,assist,no
5713,0,0,0.00015843622934676903,-8.750589370727539,-0.0005894353962503374,assist,no
5714,0,0,2.260324624784028e-06,-13.000432968139648,-0.000433112756581977,assist,no
5715,0,0,4.539785331319385e-05,-10.000957489013672,-0.000957150012254715,assist,no
5716,0,0,2.2603232821996695e-06,-13.00117301940918,-0.0011725700460374355,assist,no
5717,0,0,5.043474011264465e-07,-14.500710487365723,-0.0007104733376763761,assist,no
5718,0,0,1.0129987882331398e-05,-11.500922203063965,-0.0009218971827067435,assist,no
5719,0,0,5.043474011264465e-07,-14.500710487365723,-0.0007104733376763761,assist,no
5720,0,0,1.3709576498282867e-06,-13.500554084777832,-0.0005544078885577619,assist,no
5721,0,0,1.1478773349299522e-05,-11.375720977783203,-0.0007214327342808247,assist,no
5722,0,0,1.7603432627307513e-06,-13.251172065734863,-0.0011720937909558415,assist,no
5723,0,0,5.422220506104728e-06,-12.125385284423828,-0.00038556772051379085,assist,no
5724,0,0,6.9622566718049925e-06,-11.87534236907959,-0.0003424296446610242,assist,no
5725,0,0,4.4508519598602985e-07,-14.625553131103516,-0.0005534547381103039,assist,no
5726,0,0,1.3007122904786276e-05,-11.250925064086914,-0.0009246364934369922,assist,no
5727,0,0,3.726640556194795e-06,-12.500713348388672,-0.0007136897183954716,assist,no
5728,0,0,1.1478763770110414e-05,-11.37572193145752,-0.0007215518853627145,assist,no
5729,0,0,2.260324757733407e-06,-13.000555038452148,-0.0005552418879233301,assist,no
5730,0,0,2.9023121021150205e-06,-12.750629425048828,-0.0006294653285294771,assist,no
5731,0,0,8.93969685845601e-06,-11.626335144042969,-0.001335205975919962,assist,no
5732,0,0,4.7850937503853e-06,-12.250557899475098,-0.0005577438860200346,assist,no
5733,0,0,3.53562345561137e-05,-10.250662803649902,-0.0006623458466492593,assist,no
5734,0,0,5.422220895255648e-06,-12.125493049621582,-0.0004934046883136034,assist,no
5735,0,0,7.889261105746011e-06,-11.751510620117188,-0.001510432455688715,assist,no
5736,0,0,4.2228315377422516e-06,-12.376174926757812,-0.0011744751827791333,assist,no
5737,0,0,1.6701428585960505e-05,-11.000927925109863,-0.0009283285471610725,assist,no
5738,0,0,2.2603232821996695e-06,-13.00117301940918,-0.0011725700460374355,assist,no
5739,0,0,2.7535698596193653e-05,-10.501060485839844,-0.001060757553204894,assist,no
5740,0,0,1.7603432627307513e-06,-13.251172065734863,-0.0011720937909558415,assist,no
5741,0,0,1.1478767700135974e-05,-11.375272750854492,-0.0002727136597968638,assist,no
5742,0,0,6.144176571357938e-06,-12.000558853149414,-0.000559173640795052,assist,no
5743,0,0,1.473898337202879e-05,-11.125724792480469,-0.000724887300748378,assist,no
5744,0,0,2.902311536854187e-06,-12.750555992126465,-0.0005558376433327794,assist,no
5745,0,0,1.6701415153978606e-05,-11.000570297241211,-0.0005698964232578874,assist,no
5746,0,0,2.260323624276063e-06,-13.001504898071289,-0.0015046000480651855,assist,no
5747,0,0,1.670141662578966e-05,-11.001049995422363,-0.001049682730808854,assist,no
5748,0,0,6.962257461847425e-06,-11.8759183883667,-0.00091856240760535,assist,no
5749,0,0,1.300712483085989e-05,-11.250566482543945,-0.000566203030757606,assist,no
5750,0,0,1.7603426887203276e-06,-13.250913619995117,-0.0009133219718933105,assist,no
5751,0,0,1.3709565923971907e-06,-13.501172065734863,-0.0011716175358742476,assist,no
5752,0,0,2.2603241326543068e-06,-13.000382423400879,-0.00038235029205679893,assist,no
5753,0,0,3.288749012625885e-06,-12.625713348388672,-0.0007133323233574629,assist,no
5754,0,0,4.222833254164757e-06,-12.375300407409668,-0.0003003622987307608,assist,no
5755,0,0,3.2887479758424797e-06,-12.626173973083496,-0.0011736417654901743,assist,no
5756,0,0,3.288749012625885e-06,-12.625713348388672,-0.0007133323233574629,assist,no
5757,0,0,1.5534984031256146e-06,-13.3759126663208,-0.0009130837861448526,assist,no
5758,0,0,5.715006872619207e-07,-14.375335693359375,-0.0003361137059982866,assist,no
5759,0,0,8.939697189401282e-06,-11.62571907043457,-0.0007191693875938654,assist,no
5760,0,0,6.14417327753173e-06,-12.001176834106445,-0.001176618505269289,assist,no
5761,0,0,7.33820827951118e-07,-14.127476692199707,-0.0024764842819422483,assist,no
5762,0,0,6.962255728374083e-06,-11.875387191772461,-0.0003871168300975114,assist,no
5763,0,0,2.902311463535845e-06,-12.750914573669434,-0.000914393924176693,assist,no
5764,0,0,8.939695793811399e-06,-11.626335144042969,-0.001335086883045733,assist,no
5765,0,0,3.53562345561137e-05,-10.250662803649902,-0.0006623458466492593,assist,no
5766,0,0,7.88926395240055e-06,-11.750919342041016,-0.0009195152088068426,assist,no
5767,0,0,8.315277805757303e-07,-14.0009126663208,-0.000912369170691818,assist,no
5768,0,0,4.785095161128722e-06,-12.252480506896973,-0.0024806461296975613,assist,no
5769,0,0,2.753568647303713e-05,-10.500580787658691,-0.0005806190893054008,assist,no
5770,0,0,2.14449576628369e-05,-10.750574111938477,-0.0005745429079979658,assist,no
5771,0,0,6.1441749298091515e-06,-12.001508712768555,-0.0015087660867720842,assist,no
5772,0,0,2.430024691583458e-05,-10.625454902648926,-0.0004551566671580076,assist,no
5773,0,0,6.144175480568389e-06,-12.000436782836914,-0.000436925794929266,assist,no
5774,0,0,5.043474815495919e-07,-14.500431060791016,-0.0004312062228564173,assist,no
5775,0,0,1.7603438165556951e-06,-13.250711441040039,-0.0007117837085388601,assist,no
5776,0,0,6.14417327753173e-06,-12.001176834106445,-0.001176618505269289,assist,no
5777,0,0,3.059020901767453e-07,-15.001171112060547,-0.0011706650257110596,assist,no
5778,0,0,9.42245029657135e-07,-13.875710487365723,-0.0007109498255886137,assist,no
5779,0,0,1.0129987882331398e-05,-11.500922203063965,-0.0009218971827067435,assist,no
5780,0,0,2.9023124089033723e-06,-12.75117301940918,-0.0011731653939932585,assist,no
5781,0,0,1.3709576498282867e-06,-13.500554084777832,-0.0005544078885577619,assist,no
5782,0,0,3.726637599709068e-06,-12.500434875488281,-0.00043442347669042647,assist,no
5783,0,0,5.422220422782882e-06,-12.125809669494629,-0.0008099374244920909,assist,no
5784,0,0,1.7603426288806228e-06,-13.250432968139648,-0.0004326361231505871,assist,no
5785,0,0,1.670142650461991e-05,-11.000396728515625,-0.0003970073303207755,assist,no
5786,0,0,3.120192141539338e-05,-10.375741004943848,-0.0007413261337205768,assist,no
5787,0,0,3.7266398243127873e-06,-12.501173973083496,-0.0011741180205717683,assist,no
5788,0,0,5.829124085298708e-05,-9.750612258911133,-0.0006118332967162132,assist,no
5789,0,0,4.2228336360153974e-06,-12.375384330749512,-0.0003843760641757399,assist,no
5790,0,0,5.422216543584192e-06,-12.125810623168945,-0.0008101756684482098,assist,no
5791,0,0,1.5534981649904265e-06,-13.375432014465332,-0.000432278640801087,assist,no
5792,0,0,3.535626678281256e-05,-10.250214576721191,-0.0002150304353563115,assist,no
5793,0,0,6.962255583293225e-06,-11.87543773651123,-0.00043764073052443564,assist,no
5794,0,0,2.144495035068305e-05,-10.750731468200684,-0.000731558189727366,assist,no
5795,0,0,1.0677030283983333e-06,-13.751171112060547,-0.0011712603736668825,assist,no
5796,0,0,5.715006191504058e-07,-14.375335693359375,-0.0003359945258125663,assist,no
5797,0,0,4.7850927014497896e-06,-12.250715255737305,-0.0007148809381760657,assist,no
5798,0,0,2.2603247011592023e-06,-13.000913619995117,-0.0009137984015978873,assist,no
5799,0,0,3.7266399488238248e-06,-12.503181457519531,-0.003181635867804289,assist,no
5800,0,0,7.889263226386445e-06,-11.750560760498047,-0.0005608416395261884,assist,no
5801,0,0,1.7603426887203276e-06,-13.250913619995117,-0.0009133219718933105,assist,no
5802,0,0,1.5534982219584007e-06,-13.375336647033691,-0.0003369478799868375,assist,no
5803,0,0,8.939695793811399e-06,-11.626335144042969,-0.001335086883045733,assist,no
5804,0,0,8.939699827597521e-06,-11.625635147094727,-0.0006355411605909467,assist,no
5805,0,0,1.5534984031256146e-06,-13.3759126663208,-0.0009130837861448526,assist,no
5806,0,0,0.0031726824588447088,-5.753381729125977,-0.003381607821211219,assist,no
5807,0,0,5.4222215413156685e-06,-12.125493049621582,-0.0004935238393954933,assist,no
5808,0,0,0.0005527785504181417,-7.500888824462891,-0.0008886678842827678,assist,no
5809,0,0,1.7603435959478843e-06,-13.250205039978027,-0.00020525732543319464,assist,no
5810,0,0,6.962258894014855e-06,-11.876176834106445,-0.001177213853225112,assist,no
5811,0,0,8.315277805757303e-07,-14.0009126663208,-0.000912369170691818,assist,no
5812,0,0,1.3709576159132328e-06,-13.5009126663208,-0.0009129646932706237,assist,no
5813,0,0,1.5534981018283184e-06,-13.375711441040039,-0.0007116645574569702,assist,no
5814,0,0,8.481103043935133e-05,-9.375515937805176,-0.0005158047424629331,assist,no
5815,0,0,5.144221850893882e-05,-9.875539779663086,-0.0005398723296821117,assist,no
5816,0,0,4.222833548633417e-06,-12.375434875488281,-0.0004349001101218164,assist,no
5817,0,0,6.144175480568389e-06,-12.000436782836914,-0.000436925794929266,assist,no
5818,0,0,6.144172748230832e-06,-12.001039505004883,-0.001039203256368637,assist,no
5819,0,0,5.715005982429167e-07,-14.375431060791016,-0.00043132537393830717,assist,no
5820,0,0,1.7603426887203276e-06,-13.250913619995117,-0.0009133219718933105,assist,no
5821,0,0,5.422219098155045e-06,-12.126175880432129,-0.0011759040644392371,assist,no
5822,0,0,1.5534982219584007e-06,-13.375336647033691,-0.0003369478799868375,assist,no
5823,0,0,3.7266393804982203e-06,-12.501173973083496,-0.0011739989276975393,assist,no
5824,0,0,2.7535695316978656e-05,-10.501060485839844,-0.0010606384603306651,assist,no
5825,0,0,1.5534979168180626e-06,-13.375711441040039,-0.0007115454645827413,assist,no
5826,0,0,1.7603432627307513e-06,-13.251172065734863,-0.0011720937909558415,assist,no
5827,0,0,3.288750516498406e-06,-12.625555992126465,-0.0005564333405345678,assist,no
5828,0,0,0.00010889686451378696,-9.125914573669434,-0.0009141556802205741,assist,no
5829,0,0,4.785095752721942e-06,-12.251174926757812,-0.0011751896236091852,assist,no
5830,0,0,7.889264759695249e-06,-11.75063419342041,-0.0006344689172692597,assist,no
5831,0,0,6.475947612638729e-07,-14.251502990722656,-0.0015029336791485548,assist,no
5832,0,0,1.7603432627307513e-06,-13.251172065734863,-0.0011720937909558415,assist,no
5833,0,0,1.067702643202437e-06,-13.750432014465332,-0.0004318020073696971,assist,no
5834,0,0,7.88926306152936e-06,-11.750343322753906,-0.00034338299883529544,assist,no
5835,0,0,1.994729652094283e-06,-13.125555038452148,-0.0005550036439672112,assist,no
5836,0,0,6.605215013697312e-05,-9.626568794250488,-0.0015688742278143764,assist,no
5837,0,0,2.5612824764296976e-06,-12.875712394714355,-0.0007124984404072165,assist,no
5838,0,0,8.939700220465073e-06,-11.625561714172363,-0.0005621521850116551,assist,no
5839,0,0,7.889262767404129e-06,-11.750438690185547,-0.00043871314846910536,assist,no
5840,0,0,2.5612832777664278e-06,-12.875913619995117,-0.0009140365873463452,assist,no
5841,0,0,7.889263226386445e-06,-11.750560760498047,-0.0005608416395261884,assist,no
5842,0,0,3.927861479561445e-07,-14.750710487365723,-0.0007103541865944862,assist,no
5843,0,0,8.939697607766076e-06,-11.625813484191895,-0.0008136299438774586,assist,no
5844,0,0,3.2887498445797173e-06,-12.62549114227295,-0.0004913791781291366,assist,no
5845,0,0,1.1478764304625885e-05,-11.375816345214844,-0.000816012208815664,assist,no
5846,0,0,2.7535691784530484e-05,-10.500654220581055,-0.0006542449118569493,assist,no
5847,0,0,3.120190867158235e-05,-10.375943183898926,-0.000943096645642072,assist,no
5848,0,0,8.315277805757303e-07,-14.0009126663208,-0.000912369170691818,assist,no
5849,0,0,4.22283287096225e-06,-12.375714302062988,-0.0007141662063077092,assist,no
5850,0,0,1.5534984031256146e-06,-13.3759126663208,-0.0009130837861448526,assist,no
5851,0,0,2.5612827816085123e-06,-12.875712394714355,-0.0007126175914891064,assist,no
5852,0,0,2.2603243554645282e-06,-13.000432968139648,-0.00043299360550008714,assist,no
5853,0,0,2.3823693033654088e-07,-15.250553131103516,-0.0005532164941541851,assist,no
5854,0,0,1.0129986675934318e-05,-11.500922203063965,-0.0009217780898325145,assist,no
5855,0,0,3.1201906063614824e-05,-10.375584602355957,-0.0005844315164722502,assist,no
5856,0,0,4.222832040649304e-06,-12.376174926757812,-0.0011745942756533623,assist,no
5857,0,0,2.3823692454004672e-07,-15.250911712646484,-0.0009117737063206732,assist,no
5858,0,0,1.4738986078732254e-05,-11.126517295837402,-0.0015175743028521538,assist,no
5859,0,0,2.430024360607759e-05,-10.626953125,-0.001953242812305689,assist,no
5860,0,0,3.288749539727765e-06,-12.625433921813965,-0.00043406602344475687,assist,no
5861,0,0,5.422220393430868e-06,-12.125435829162598,-0.000436091679148376,assist,no
5862,0,0,7.338211450596446e-07,-14.125710487365723,-0.0007107115816324949,assist,no
5863,0,0,2.902312503507717e-06,-12.751035690307617,-0.00103586888872087,assist,no
5864,0,0,7.889261992024858e-06,-11.750388145446777,-0.0003880701260641217,assist,no
5865,0,0,3.288750040986704e-06,-12.625914573669434,-0.0009148702956736088,assist,no
5866,0,0,1.3709571866684185e-06,-13.500711441040039,-0.0007114263135008514,assist,no
5867,0,0,4.2228341392913996e-06,-12.375384330749512,-0.0003844952443614602,assist,no
5868,0,0,8.93969612475663e-06,-11.62571907043457,-0.0007190502947196364,assist,no
5869,0,0,1.2098653774675073e-06,-13.625711441040039,-0.0007111880695447326,assist,no
5870,0,0,8.939695679333488e-06,-11.626511573791504,-0.0015115038258954883,assist,no
5871,0,0,5.422216543584192e-06,-12.125810623168945,-0.0008101756684482098,assist,no
5872,0,0,1.994729296918977e-06,-13.125432968139648,-0.00043275527423247695,assist,no
5873,0,0,0.00020342706973334386,-8.501114845275879,-0.0011152960360050201,assist,no
5874,0,0,1.5534984031256146e-06,-13.3759126663208,-0.0009130837861448526,assist,no
5875,0,0,6.144176571357938e-06,-12.000558853149414,-0.000559173640795052,assist,no
5876,0,0,1.2098657563451809e-06,-13.6259126663208,-0.0009127265075221658,assist,no
5877,0,0,3.5356240915120906e-05,-10.25074577331543,-0.0007454953738488257,assist,no
5878,0,0,5.71500327609927e-07,-14.376171112060547,-0.0011709030950441957,assist,no
5879,0,0,1.5534984416468217e-06,-13.375554084777832,-0.0005545270396396518,assist,no
5880,0,0,1.4738986341252492e-05,-11.125349998474121,-0.0003502947511151433,assist,no
5881,0,0,3.2887502364365537e-06,-12.62549114227295,-0.0004914983292110264,assist,no
5882,0,0,1.9947288897272284e-06,-13.126504898071289,-0.0015044810716062784,assist,no
5883,0,0,6.475947612638729e-07,-14.251502990722656,-0.0015029336791485548,assist,no
5884,0,0,2.260324101078015e-06,-13.00080680847168,-0.000806721393018961,assist,no
5885,0,0,4.785094325545204e-06,-12.250266075134277,-0.00026603974401950836,assist,no
5886,0,0,5.422216514705618e-06,-12.125436782836914,-0.0004363300104159862,assist,no
5887,0,0,8.315280519615657e-07,-14.001171112060547,-0.0011711412807926536,assist,no
5888,0,0,6.9622588421423445e-06,-11.877482414245605,-0.0024827865418046713,assist,no
5889,0,0,2.5612817530651094e-06,-12.876035690307617,-0.0010355116100981832,assist,no
5890,0,0,4.785093647330022e-06,-12.250340461730957,-0.00034028460504487157,assist,no
5891,0,0,2.902311463535845e-06,-12.750914573669434,-0.000914393924176693,assist,no
5892,0,0,8.939696506436406e-06,-11.625439643859863,-0.0004396664153318852,assist,no
5893,0,0,9.42244860567464e-07,-13.87692928314209,-0.001929566147737205,assist,no
5894,0,0,3.2887501246415356e-06,-12.625555992126465,-0.000556314189452678,assist,no
5895,0,0,1.7603424191342756e-06,-13.250432968139648,-0.0004325169720686972,assist,no
5896,0,0,2.753568647303713e-05,-10.500580787658691,-0.0005806190893054008,assist,no
5897,0,0,4.450851166706646e-07,-14.625431060791016,-0.0004312062228564173,assist,no
5898,0,0,1.1478763770110414e-05,-11.37572193145752,-0.0007215518853627145,assist,no
5899,0,0,4.006370656585633e-05,-10.125844955444336,-0.0008453133050352335,assist,no
5900,0,0,3.726640556194795e-06,-12.500713348388672,-0.0007136897183954716,assist,no
5901,0,0,5.422216543584192e-06,-12.125810623168945,-0.0008101756684482098,assist,no
5902,0,0,6.144176780932608e-06,-12.000494003295898,-0.0004943578969687223,assist,no
5903,0,0,4.539787217981159e-05,-10.001974105834961,-0.0019741824362426996,assist,no
5904,0,0,1.3007129717970123e-05,-11.250722885131836,-0.0007229813490994275,assist,no
5905,0,0,1.3007133387278801e-05,-11.250443458557129,-0.00044383687782101333,assist,no
5906,0,0,9.42244449333613e-07,-13.875554084777832,-0.0005539313424378633,assist,no
5907,0,0,2.260324757733407e-06,-13.000555038452148,-0.0005552418879233301,assist,no
5908,0,0,1.4738984323450016e-05,-11.126517295837402,-0.0015174552099779248,assist,no
5909,0,0,1.3709576159132328e-06,-13.5009126663208,-0.0009129646932706237,assist,no
5910,0,0,4.7850937503853e-06,-12.250557899475098,-0.0005577438860200346,assist,no
5911,0,0,5.422218532576616e-06,-12.125632286071777,-0.0006322053959593177,assist,no
5912,0,0,1.4738981616746873e-05,-11.125724792480469,-0.0007247682078741491,assist,no
5913,0,0,2.2603243554645282e-06,-13.000432968139648,-0.00043299360550008714,assist,no
5914,0,0,1.2098653774675073e-06,-13.625711441040039,-0.0007111880695447326,assist,no
5915,0,0,2.561282057200237e-06,-12.876504898071289,-0.0015048381173983216,assist,no
5916,0,0,1.5534981756154057e-06,-13.375805854797363,-0.0008061258122324944,assist,no
5917,0,0,3.7266381672751875e-06,-12.50091552734375,-0.0009152276325039566,assist,no
5918,0,0,1.7603438165556951e-06,-13.250711441040039,-0.0007117837085388601,assist,no
5919,0,0,1.8925142225419683e-05,-10.875399589538574,-0.0003992714046034962,assist,no
5920,0,0,3.4663251881629375e-07,-14.876502990722656,-0.0015026956098154187,assist,no
5921,0,0,0.000552778651201825,-7.500814437866211,-0.0008144637104123831,assist,no
5922,0,0,4.222834443100532e-06,-12.375492095947266,-0.0004923323867842555,assist,no
5923,0,0,7.889261827397408e-06,-11.750438690185547,-0.0004385939973872155,assist,no
5924,0,0,5.82912507998264e-05,-9.750182151794434,-0.00018189683032687753,assist,no
5925,0,0,4.539787381808968e-05,-10.001547813415527,-0.0015479261055588722,assist,no
5926,0,0,5.715005071115551e-07,-14.375710487365723,-0.000710592488758266,assist,no
5927,0,0,4.222833070552006e-06,-12.375808715820312,-0.0008086272282525897,assist,no
5928,0,0,3.2887502364365537e-06,-12.62549114227295,-0.0004914983292110264,assist,no
5929,0,0,4.785094320531703e-06,-12.250557899475098,-0.0005578630371019244,assist,no
5930,0,0,5.422216831738715e-06,-12.125558853149414,-0.0005584587925113738,assist,no
5931,0,0,3.535625304868604e-05,-10.250588417053223,-0.0005884823040105402,assist,no
5932,0,0,9.422447336542504e-07,-13.876171112060547,-0.0011712603736668825,assist,no
5933,0,0,2.260323624276063e-06,-13.001504898071289,-0.0015046000480651855,assist,no
5934,0,0,6.475950849505053e-07,-14.250553131103516,-0.0005535738891921937,assist,no
5935,0,0,7.889264165934124e-06,-11.750560760498047,-0.0005609607324004173,assist,no
5936,0,0,1.2098661978997946e-06,-13.628178596496582,-0.003179021645337343,assist,no
5937,0,0,1.6701415153978606e-05,-11.000570297241211,-0.0005698964232578874,assist,no
5938,0,0,2.9023118091794762e-06,-12.750914573669434,-0.0009145130170509219,assist,no
5939,0,0,8.939695679333488e-06,-11.626511573791504,-0.0015115038258954883,assist,no
5940,0,0,8.315277823665764e-07,-14.000336647033691,-0.0003363520372658968,assist,no
5941,0,0,3.288748603061943e-06,-12.62520694732666,-0.00020680672605521977,assist,no
5942,0,0,6.962256818709515e-06,-11.87555980682373,-0.0005598884890787303,assist,no
5943,0,0,1.3709567556681373e-06,-13.501172065734863,-0.0011717366287484765,assist,no
5944,0,0,1.3709571029581144e-06,-13.501930236816406,-0.0019301610300317407,assist,no
5945,0,0,6.144172748230832e-06,-12.001039505004883,-0.001039203256368637,assist,no
5946,0,0,3.7266381672751875e-06,-12.50091552734375,-0.0009152276325039566,assist,no
5947,0,0,6.144175542081762e-06,-12.001935005187988,-0.0019351581577211618,assist,no
5948,0,0,1.5534984031256146e-06,-13.3759126663208,-0.0009130837861448526,assist,no
5949,0,0,1.7603426887203276e-06,-13.250913619995117,-0.0009133219718933105,assist,no
5950,0,0,0.0007096703567071194,-7.250913619995117,-0.0009135602158494294,assist,no
5951,0,0,2.902311463535845e-06,-12.750914573669434,-0.000914393924176693,assist,no
5952,0,0,2.561281140173303e-06,-12.875914573669434,-0.0009141556802205741,assist,no
5953,0,0,5.14422104725679e-05,-9.875604629516602,-0.000604565953835845,assist,no
5954,0,0,2.7535680222337143e-05,-10.502504348754883,-0.0025039531756192446,assist,no
5955,0,0,3.7266398243127873e-06,-12.501173973083496,-0.0011741180205717683,assist,no
5956,0,0,1.147876880357675e-05,-11.375347137451172,-0.0003471963864285499,assist,no
5957,0,0,6.962257056593537e-06,-11.875494956970215,-0.0004950728034600616,assist,no
5958,0,0,3.466326835587709e-07,-14.875911712646484,-0.0009118927991949022,assist,no
5959,0,0,8.93969612475663e-06,-11.62571907043457,-0.0007190502947196364,assist,no
5960,0,0,2.7535703316276535e-05,-10.500737190246582,-0.0007376333815045655,assist,no
5961,0,0,7.889261827397408e-06,-11.750438690185547,-0.0004385939973872155,assist,no
5962,0,0,3.53562493382348e-05,-10.25074577331543,-0.0007457336178049445,assist,no
5963,0,0,3.2887491952498783e-06,-12.626932144165039,-0.0019321836298331618,assist,no
5964,0,0,5.422216831738715e-06,-12.125558853149414,-0.0005584587925113738,assist,no
5965,0,0,7.48462318843343e-05,-9.501245498657227,-0.0012455570977181196,assist,no
5966,0,0,7.338212621386759e-07,-14.125431060791016,-0.0004314445541240275,assist,no
5967,0,0,3.726637599709068e-06,-12.500434875488281,-0.00043442347669042647,assist,no
5968,0,0,2.260324757733407e-06,-13.000555038452148,-0.0005552418879233301,assist,no
5969,0,0,1.7603427325754552e-06,-13.250555038452148,-0.0005547653418034315,assist,no
5970,0,0,1.9947296078570153e-06,-13.125337600708008,-0.0003375437227077782,assist,no
5971,0,0,1.0677028071499474e-06,-13.7509126663208,-0.0009126074146479368,assist,no
5972,0,0,1.1478768707029856e-05,-11.375923156738281,-0.0009232072625309229,assist,no
5973,0,0,1.0677026823248602e-06,-13.750336647033691,-0.0003364712174516171,assist,no
5974,0,0,7.889262556396258e-06,-11.750495910644531,-0.0004959068610332906,assist,no
5975,0,0,2.144493976691272e-05,-10.750575065612793,-0.0005746620590798557,assist,no
5976,0,0,9.42245029657135e-07,-13.875710487365723,-0.0007109498255886137,assist,no
5977,0,0,4.785093343177701e-06,-12.250493049621582,-0.0004928089329041541,assist,no
5978,0,0,6.475950849505053e-07,-14.250553131103516,-0.0005535738891921937,assist,no
5979,0,0,5.422220557549658e-06,-12.126507759094238,-0.001508051878772676,assist,no
5980,0,0,2.9023110204160388e-06,-12.750433921813965,-0.00043358939001336694,assist,no
5981,0,0,1.6701428585960505e-05,-11.000927925109863,-0.0009283285471610725,assist,no
5982,0,0,8.93969612475663e-06,-11.62571907043457,-0.0007190502947196364,assist,no
5983,0,0,2.1444940520845477e-05,-10.750510215759277,-0.0005098473629914224,assist,no
5984,0,0,2.7535703316276535e-05,-10.500737190246582,-0.0007376333815045655,assist,no
5985,0,0,0.00015843619475977265,-8.752087593078613,-0.0020874394103884697,assist,no
5986,0,0,1.2098660069115593e-06,-13.626171112060547,-0.0011713793501257896,assist,no
5987,0,0,3.535624297922607e-05,-10.250662803649902,-0.0006625840906053782,assist,no
5988,0,0,2.9023110204160388e-06,-12.750433921813965,-0.00043358939001336694,assist,no
5989,0,0,2.1444953896290973e-05,-10.750452041625977,-0.0004522969538811594,assist,no
5990,0,0,6.962254270676319e-06,-11.875303268432617,-0.00030298411729745567,assist,no
5991,0,0,1.3709569634675528e-06,-13.501503944396973,-0.0015037668636068702,assist,no
5992,0,0,1.4738985809348751e-05,-11.125819206237793,-0.000819466426037252,assist,no
5993,0,0,8.939699175593526e-06,-11.625269889831543,-0.00027021096320822835,assist,no
5994,0,0,3.7266399457869694e-06,-12.501036643981934,-0.0010368215152993798,assist,no
5995,0,0,8.481106023445906e-05,-9.375996589660645,-0.0009968079393729568,assist,no
5996,0,0,7.484619490372964e-05,-9.500628471374512,-0.0006280356901697814,assist,no
5997,0,0,1.0129988925988814e-05,-11.50063705444336,-0.0006368515896610916,assist,no
5998,0,0,1.7603433289233258e-06,-13.253179550170898,-0.003179615829139948,assist,no
5999,0,0,5.14422282759457e-05,-9.875387191772461,-0.00038747431244701147,assist,no
