idx,y_true,y_pred,p_yes,lp_yes,lp_no,mode,raw_text
0,1,0,0.0009110511401472368,-7.388891220092773,-0.38889116048812866,assist,No
1,1,0,0.009708477914104884,-5.020849704742432,-0.3958498537540436,assist,No
2,1,0,0.00020342700230066032,-8.974788665771484,-0.4747887849807739,assist,No
3,1,0,0.0010322309752925658,-7.401167392730713,-0.5261673331260681,assist,No
4,1,0,0.00013982212981105874,-9.224593162536621,-0.34959354996681213,assist,No
5,1,0,0.0008040857919630916,-7.759700775146484,-0.63470059633255,assist,No
6,1,0,0.0006263340834913398,-7.952423572540283,-0.5774234533309937,assist,No
7,1,0,0.0010322310367548194,-7.453647613525391,-0.5786476135253906,assist,No
8,1,0,0.0028009273000822866,-6.35362434387207,-0.47862446308135986,assist,No
9,1,0,0.015906392644828796,-4.394103050231934,-0.26910310983657837,assist,No
10,1,0,0.0031726820884586454,-6.446598052978516,-0.6965978145599365,assist,no
11,1,0,0.11920291576401235,-2.675541400909424,-0.675541341304779,assist,No
12,1,0,0.01243164902375476,-4.639638423919678,-0.2646382749080658,assist,No
13,1,0,0.000804085887740518,-7.601093769073486,-0.47609370946884155,assist,No
14,1,0,0.00970847848715727,-4.8887715339660645,-0.26377174258232117,assist,No
15,1,0,0.11920292828022305,-2.6344799995422363,-0.6344800591468811,assist,no
16,1,0,0.0059110692064883365,-5.605938911437988,-0.48093897104263306,assist,No
17,1,0,0.0059110693816106135,-5.447134971618652,-0.3221350610256195,assist,No
18,1,0,0.0002959571840538766,-8.512709617614746,-0.3877098560333252,assist,No
19,1,0,0.00026119021014711256,-8.774049758911133,-0.5240493416786194,assist,No
20,1,0,0.009708476481474066,-5.115127086639404,-0.4901270866394043,assist,No
21,1,0,0.46879062662624377,-1.2501733303070068,-1.1251733303070068,assist,no
22,1,0,0.05340332829327471,-3.1590075492858887,-0.2840075194835663,assist,No
23,1,0,0.46879062662624377,-1.152226209640503,-1.027226209640503,assist,No
24,1,1,0.8670357598021706,-0.6897170543670654,-2.5647170543670654,assist,Yes
25,1,0,0.0028009266341596987,-6.571793556213379,-0.6967934370040894,assist,no
26,1,0,0.0006263343819637148,-8.008524894714355,-0.6335252523422241,assist,no
27,1,0,0.0373268852023206,-3.8060739040374756,-0.5560738444328308,assist,No
28,1,0,0.09534945975773548,-2.9164559841156006,-0.6664559245109558,assist,No
29,1,0,0.001700722411435288,-6.853024482727051,-0.4780244827270508,assist,No
30,1,0,0.5,-1.2174351215362549,-1.2174351215362549,assist,no
31,1,0,0.000804085887740518,-7.555644989013672,-0.4306449294090271,assist,No
32,1,0,0.0003799845147518645,-8.45226001739502,-0.5772600173950195,assist,No
33,1,0,0.0002611903424418554,-8.599308013916016,-0.3493081033229828,assist,No
34,1,0,0.0035936025814200896,-6.321859359741211,-0.6968593597412109,assist,no
35,1,0,0.08509904964767095,-2.8906431198120117,-0.5156431794166565,assist,no
36,1,0,0.0017007227150309691,-7.011646270751953,-0.6366464495658875,assist,No
37,1,1,0.7057850278370112,-0.6553088426589966,-1.5303088426589966,assist,Yes
38,1,0,0.0010322309752925658,-7.351498603820801,-0.476498544216156,assist,No
39,1,0,0.0024726235976810437,-6.477692127227783,-0.47769230604171753,assist,No
40,1,0,0.017986212067650338,-4.367105960845947,-0.3671060800552368,assist,No
41,1,0,0.0015011819887076757,-6.931615829467773,-0.4316156506538391,assist,No
42,1,0,0.0007096703991005882,-7.533926486968994,-0.28392648696899414,assist,No
43,1,0,0.0021827164453451808,-6.821150302886963,-0.6961503028869629,assist,no
44,1,0,0.0006263341581094201,-8.009258270263672,-0.6342582702636719,assist,no
45,1,0,0.18242553269617778,-2.134378433227539,-0.6343784928321838,assist,No
46,1,0,0.0021827163155291175,-6.47757625579834,-0.35257619619369507,assist,No
47,1,0,0.009708477054526368,-5.213538646697998,-0.5885387063026428,assist,No
48,1,0,0.0013250221411582371,-7.0163116455078125,-0.3913114368915558,assist,No
49,1,0,0.0004878569483961112,-8.05500602722168,-0.43000566959381104,assist,No
50,1,0,0.0013250226538317129,-7.259466171264648,-0.6344663500785828,assist,No
51,1,0,0.001700722436734926,-6.57963752746582,-0.2046375423669815,assist,No
52,1,0,0.18242553269617778,-2.1834936141967773,-0.6834936738014221,assist,No
53,1,0,0.00020342705079157657,-9.024048805236816,-0.5240491628646851,assist,No
54,1,0,0.0474258704848281,-3.6712217330932617,-0.6712216734886169,assist,No
55,1,0,0.01098694392594878,-4.949746131896973,-0.4497462511062622,assist,No
56,1,0,0.0021827165751612514,-6.651211261749268,-0.5262113213539124,assist,No
57,1,0,0.017986206803753842,-4.447384834289551,-0.44738465547561646,assist,No
58,1,0,0.007577240595535943,-5.232974052429199,-0.35797396302223206,assist,No
59,1,0,0.0019267346633274755,-6.53513765335083,-0.2851376533508301,assist,No
60,1,0,0.029312229903390143,-3.7763545513153076,-0.27635452151298523,assist,No
61,1,0,0.3486451488696663,-1.4597270488739014,-0.8347271084785461,assist,No
62,1,0,0.037326884131416216,-3.6028475761413574,-0.35284748673439026,assist,No
63,1,0,0.1066905825840872,-2.7898502349853516,-0.664850115776062,assist,No
64,1,0,0.0035936027948457686,-6.061798572540283,-0.436798632144928,assist,No
65,1,0,0.003593602901558612,-5.942842483520508,-0.317842572927475,assist,No
66,1,0,0.009708477627578704,-5.212976932525635,-0.5879770517349243,assist,No
67,1,0,0.010986940039882433,-4.989871025085449,-0.4898707866668701,assist,No
68,1,1,0.8519527906914787,-0.44314250349998474,-2.1931424140930176,assist,Yes
69,1,0,0.0010322307909058268,-7.509564399719238,-0.6345641613006592,assist,no
70,1,0,0.22270013882530884,-1.8886067867279053,-0.6386067867279053,assist,no
71,1,0,0.5,-1.1747245788574219,-1.1747245788574219,assist,no
72,1,0,0.24508501313237172,-1.9198046922683716,-0.7948046922683716,assist,no
73,1,0,0.06754669864792355,-3.01717472076416,-0.3921748399734497,assist,No
74,1,0,0.0059110692064883365,-5.825467109680176,-0.7004671692848206,assist,no
75,1,0,0.0953494674697966,-2.698168992996216,-0.4481690227985382,assist,No
76,1,0,0.0035936021545687705,-6.153117656707764,-0.5281175374984741,assist,No
77,1,0,0.020332352155396922,-4.5278801918029785,-0.6528801321983337,assist,No
78,1,0,0.0024726235976810437,-6.390696048736572,-0.3906962275505066,assist,No
79,1,0,0.18242552380635632,-2.2106735706329346,-0.7106735706329346,assist,no
80,1,0,0.004070137232672753,-6.085723400115967,-0.5857232809066772,assist,No
81,1,0,0.005220126622117065,-5.734323501586914,-0.4843236804008484,assist,No
82,1,0,0.003593603008271459,-6.260547637939453,-0.6355477571487427,assist,No
83,1,0,0.2689414213699951,-1.925114393234253,-0.9251143932342529,assist,no
84,1,0,0.002472622862603971,-6.578715801239014,-0.5787156820297241,assist,No
85,1,0,0.03308597266821503,-4.037099838256836,-0.6620996594429016,assist,No
86,1,0,0.4378234991142019,-1.3835170269012451,-1.1335170269012451,assist,no
87,1,0,0.07585818002124356,-3.0723164081573486,-0.5723164081573486,assist,No
88,1,0,0.1480471980316895,-2.471935749053955,-0.7219357490539551,assist,no
89,1,0,0.007577240371427665,-5.460052490234375,-0.5850523710250854,assist,No
90,1,0,0.02297737526238275,-4.301183700561523,-0.5511839389801025,assist,No
91,1,0,0.2942149845400438,-1.8415536880493164,-0.9665537476539612,assist,no
92,1,0,0.0013250224960860068,-7.319943428039551,-0.6949434876441956,assist,no
93,1,0,0.002800927133601626,-6.310346603393555,-0.43534666299819946,assist,No
94,1,0,0.00218271696460951,-6.760472297668457,-0.6354725360870361,assist,no
95,1,0,0.004609571222175325,-5.732380390167236,-0.3573801815509796,assist,No
96,1,0,0.1480471980316895,-2.291187286376953,-0.5411872863769531,assist,No
97,1,0,0.10669058826486906,-2.660088539123535,-0.5350884795188904,assist,No
98,1,0,0.0009110511944006454,-7.524857997894287,-0.5248579978942871,assist,no
99,1,0,0.22270013882530884,-1.8083847761154175,-0.5583847761154175,assist,No
100,1,1,0.8807970779778823,-0.8229219913482666,-2.8229219913482666,assist,Yes
101,1,0,0.0009110513571608901,-7.634949207305908,-0.6349493861198425,assist,No
102,1,0,0.2689414213699951,-1.735973596572876,-0.735973596572876,assist,no
103,1,0,0.060086646807761206,-3.378025770187378,-0.6280257105827332,assist,No
104,1,1,0.7981867873410141,-0.6030058264732361,-1.9780058860778809,assist,Yes
105,1,0,0.010986942954432066,-4.8277907371521,-0.327790766954422,assist,No
106,1,1,0.8519527944504226,-0.6332581639289856,-2.383258104324341,assist,Yes
107,1,0,0.0011695102650555148,-7.32804536819458,-0.5780453681945801,assist,No
108,1,1,0.9046505299595163,-0.6676319241523743,-2.9176318645477295,assist,Yes
109,1,0,0.014063627043245474,-4.649769306182861,-0.39976930618286133,assist,No
110,1,0,0.34864513533394575,-1.5531361103057861,-0.9281361103057861,assist,no
111,1,0,0.0003799846279530604,-8.399371147155762,-0.5243714451789856,assist,no
112,1,0,0.00218271670497733,-6.760775566101074,-0.6357756853103638,assist,no
113,1,0,0.1480471829959148,-2.5253357887268066,-0.7753356695175171,assist,no
114,1,0,0.007577242164294059,-5.463768482208252,-0.5887686014175415,assist,No
115,1,0,0.09534945461636171,-2.969498634338379,-0.7194985151290894,assist,no
116,1,0,0.0024726235976810437,-6.581057548522949,-0.5810577273368835,assist,no
117,1,0,0.005911068505999277,-5.658114910125732,-0.5331148505210876,assist,No
118,1,0,0.0035936025814200896,-6.15566873550415,-0.5306687355041504,assist,No
119,1,0,0.2689414213699951,-1.807368278503418,-0.807368278503418,assist,No
120,1,0,0.022977367233847502,-4.295396327972412,-0.5453962087631226,assist,No
121,1,0,0.0075772430607274135,-5.4048566818237305,-0.5298569202423096,assist,No
122,1,0,0.03308597934211908,-3.731492757797241,-0.3564927875995636,assist,No
123,1,0,0.012431649755527152,-4.859728813171387,-0.48472872376441956,assist,No
124,1,0,0.0953494674697966,-2.705124855041504,-0.4551248848438263,assist,No
125,1,0,0.029312234143221275,-4.003643989562988,-0.5036441087722778,assist,No
126,1,1,0.7310585903489892,-0.7661506533622742,-1.766150712966919,assist,Yes
127,1,1,0.880797071719777,-0.5084183812141418,-2.508418321609497,assist,Yes
128,1,0,0.015906394977364253,-4.530040264129639,-0.4050404727458954,assist,No
129,1,1,0.8175744850834649,-0.6716758608818054,-2.17167592048645,assist,Yes
130,1,0,0.0040701374742844335,-5.893020153045654,-0.3930200934410095,assist,No
131,1,1,0.8175744673038221,-0.4999294877052307,-1.999929428100586,assist,Yes
132,1,0,0.01098694125427802,-4.591975688934326,-0.09197556227445602,assist,No
133,1,1,0.9525741241296944,-0.3609958291053772,-3.3609957695007324,assist,Yes
134,1,0,0.01798620785653302,-4.54412841796875,-0.5441282987594604,assist,No
135,1,1,0.7310585786300049,-0.8011211156845093,-1.8011211156845093,assist,Yes
136,1,0,0.005911069906977476,-5.610593318939209,-0.4855934977531433,assist,No
137,1,0,0.16451645470385742,-2.143388509750366,-0.5183884501457214,assist,No
138,1,0,0.0009110510316404296,-7.578540325164795,-0.5785401463508606,assist,No
139,1,0,0.37754066879814546,-1.517421007156372,-1.017421007156372,assist,no
140,1,1,0.7310585903489892,-0.8180267214775085,-1.8180267810821533,assist,Yes
141,1,0,0.0159063898457867,-4.62524938583374,-0.5002492666244507,assist,No
142,1,1,0.9241418241572634,-0.28978317975997925,-2.789783239364624,assist,Yes
143,1,1,0.7310585786300049,-0.7150872945785522,-1.7150872945785522,assist,Yes
144,1,0,0.01406362952265135,-4.580932140350342,-0.3309323191642761,assist,No
145,1,1,0.939913343093499,-0.2966562509536743,-3.0466561317443848,assist,Yes
146,1,1,0.7981867585368343,-0.6961594820022583,-2.0711593627929688,assist,Yes
147,1,0,0.025957352676742106,-4.291533470153809,-0.6665332913398743,assist,no
148,1,0,0.46879062662624377,-1.1582293510437012,-1.0332293510437012,assist,No
149,1,1,0.9046505351008906,-0.579049825668335,-2.829049825668335,assist,Yes
150,1,0,0.1480472055495773,-2.491382122039795,-0.7413821816444397,assist,no
151,1,1,0.7981867969424066,-0.625691294670105,-2.0006914138793945,assist,Yes
152,1,0,0.005911069906977476,-5.657081604003906,-0.5320817828178406,assist,No
153,1,0,0.14804719051380197,-2.5659377574920654,-0.8159376978874207,assist,no
154,1,0,0.0534033328129234,-3.2476680278778076,-0.3726680874824524,assist,No
155,1,0,0.34864513533394575,-1.5516189336776733,-0.9266189336776733,assist,no
156,1,1,0.9740426450627306,-0.2729782164096832,-3.8979783058166504,assist,Yes
157,1,1,0.880797081106935,-0.3777711093425751,-2.3777711391448975,assist,Yes
158,1,1,0.9241418158002492,-0.47323352098464966,-2.973233461380005,assist,Yes
159,1,0,0.0013250223974949503,-6.853946685791016,-0.22894667088985443,assist,No
160,1,0,0.20181321265898594,-2.0806212425231934,-0.7056211829185486,assist,No
161,1,1,0.6513548646660542,-0.9710266590118408,-1.5960266590118408,assist,Yes
162,1,0,0.14804719051380197,-2.292358875274658,-0.5423588156700134,assist,No
163,1,1,0.9046505428129514,-0.43242135643959045,-2.6824214458465576,assist,Yes
164,1,0,0.03732688948593843,-3.856125831604004,-0.6061258912086487,assist,no
165,1,0,0.001169510439122326,-7.06722354888916,-0.3172236979007721,assist,No
166,1,1,0.5312093733737563,-0.9672099351882935,-1.0922099351882935,assist,Yes
167,1,0,0.0028009266341596987,-6.45546817779541,-0.5804680585861206,assist,No
168,1,1,0.798186768138228,-0.6766038537025452,-2.0516037940979004,assist,Yes
169,1,0,0.4073334000459302,-1.4869790077209473,-1.1119790077209473,assist,no
170,1,1,0.9149009596336303,-0.45878881216049194,-2.8337888717651367,assist,Yes
171,1,0,0.007577241267860811,-5.199986934661865,-0.32498693466186523,assist,no
172,1,0,0.0008040860553510418,-7.51478910446167,-0.38978925347328186,assist,No
173,1,0,0.3486451217982255,-1.4997069835662842,-0.8747069239616394,assist,no
174,1,1,0.9465966671870767,-0.6482530236244202,-3.5232529640197754,assist,Yes
175,1,1,0.7772998714925403,-0.74998539686203,-1.9999854564666748,assist,Yes
176,1,0,0.04742587721667508,-3.3825597763061523,-0.3825598657131195,assist,No
177,1,0,0.00015843628519680825,-9.225104331970215,-0.47510474920272827,assist,no
178,1,0,0.34864513533394575,-1.6794548034667969,-1.0544548034667969,assist,no
179,1,1,0.5312093733737563,-1.2367154359817505,-1.3617154359817505,assist,Yes
180,1,1,0.7057850154599563,-0.6693916916847229,-1.5443916320800781,assist,Yes
181,1,0,0.1645164628965632,-2.419281244277954,-0.7942812442779541,assist,No
182,1,0,0.03732688948593843,-3.5197935104370117,-0.2697935700416565,assist,No
183,1,0,0.0010322312826038706,-7.227557182312012,-0.3525574207305908,assist,No
184,1,1,0.8519528019683106,-0.6499862670898438,-2.3999862670898438,assist,Yes
185,1,1,0.5312093733737563,-1.1097779273986816,-1.2347779273986816,assist,Yes
186,1,0,0.2689414213699951,-1.7397418022155762,-0.7397418022155762,assist,No
187,1,0,0.017986213120429816,-4.490447044372559,-0.4904472231864929,assist,No
188,1,0,0.0035936025814200896,-6.058282852172852,-0.43328285217285156,assist,no
189,1,0,0.4073333856566001,-1.1929521560668945,-0.8179520964622498,assist,No
190,1,0,0.07585817166422973,-3.1080565452575684,-0.6080564260482788,assist,No
191,1,0,0.0040701384407312935,-6.137665271759033,-0.6376654505729675,assist,No
192,1,0,0.04742587317756679,-3.6134390830993652,-0.6134390830993652,assist,No
193,1,0,0.029312227359491745,-4.099783420562744,-0.5997833013534546,assist,No
194,1,1,0.9046505376715775,-0.4167623221874237,-2.666762351989746,assist,Yes
195,1,0,0.033085981248949035,-3.841047525405884,-0.46604761481285095,assist,No
196,1,1,0.9324533088603709,-0.3268451690673828,-2.951845169067383,assist,Yes
197,1,1,0.9465966762263737,-0.5925711393356323,-3.467571258544922,assist,Yes
198,1,0,0.001700722209038197,-6.902987003326416,-0.5279868841171265,assist,No
199,1,0,0.04742587587030561,-3.6786959171295166,-0.6786959767341614,assist,no
200,1,0,0.02297736991002561,-4.34886360168457,-0.5988636016845703,assist,No
201,1,0,0.5,-0.9661271572113037,-0.9661271572113037,assist,No
202,1,0,0.01243164829198241,-4.8166961669921875,-0.4416959583759308,assist,No
203,1,1,0.754914975839675,-0.5144627690315247,-1.6394627094268799,assist,Yes
204,1,0,0.16451645470385742,-2.2185604572296143,-0.5935603976249695,assist,No
205,1,1,0.8354835289107309,-0.6349232792854309,-2.259923219680786,assist,Yes
206,1,0,0.0035936034351228795,-6.155145645141602,-0.5301458835601807,assist,No
207,1,1,0.9525741268224334,-0.5487117767333984,-3.5487117767333984,assist,Yes
208,1,1,0.7057850278370112,-0.8543261289596558,-1.7293261289596558,assist,Yes
209,1,1,0.6513548646660542,-0.9012773036956787,-1.5262773036956787,assist,Yes
210,1,0,0.02033235452992065,-4.153389930725098,-0.27838999032974243,assist,No
211,1,0,0.1066905825840872,-2.66166353225708,-0.5366634130477905,assist,no
212,1,0,0.020332356310813628,-4.2935075759887695,-0.41850772500038147,assist,No
213,1,0,0.0007096703991005882,-7.884101867675781,-0.6341018676757812,assist,no
214,1,1,0.6513548511303336,-0.926338255405426,-1.5513381958007812,assist,Yes
215,1,1,0.9579122696813394,-0.46795278787612915,-3.5929527282714844,assist,Yes
216,1,0,0.022977373924293353,-4.403675556182861,-0.6536757349967957,assist,No
217,1,1,0.8354835289107309,-0.6786947846412659,-2.303694725036621,assist,Yes
218,1,0,0.010986945221304533,-5.107358932495117,-0.6073591709136963,assist,no
219,1,1,0.5312093733737563,-1.063326358795166,-1.188326358795166,assist,Yes
220,1,0,0.4073334000459302,-1.34736168384552,-0.97236168384552,assist,no
221,1,1,0.754914975839675,-0.8263781666755676,-1.9513781070709229,assist,Yes
222,1,0,0.0007096704836398597,-7.827523231506348,-0.5775233507156372,assist,No
223,1,1,0.8933094032139576,-0.49889686703681946,-2.623896837234497,assist,Yes
224,1,1,0.7057850154599563,-0.7964149117469788,-1.671414852142334,assist,Yes
225,1,0,0.08509904500702024,-3.0220320224761963,-0.6470320224761963,assist,No
226,1,0,0.0024726235976810437,-6.6960883140563965,-0.6960884928703308,assist,no
227,1,0,0.0010322310367548194,-7.509594917297363,-0.6345949172973633,assist,No
228,1,0,0.0953494648991095,-2.793029308319092,-0.5430293083190918,assist,No
229,1,1,0.5926665999540697,-0.7687250375747681,-1.143725037574768,assist,Yes
230,1,1,0.798186768138228,-0.5670157074928284,-1.9420156478881836,assist,Yes
231,1,1,0.8175744761936437,-0.6410329341888428,-2.1410329341888428,assist,Yes
232,1,0,0.0019267346633274755,-6.7774338722229,-0.5274338722229004,assist,No
233,1,1,0.9669140235181256,-0.4922770857810974,-3.867277145385742,assist,Yes
234,1,1,0.89330940889474,-0.3576965034008026,-2.482696533203125,assist,Yes
235,1,0,0.003172683408005215,-6.277717113494873,-0.5277172923088074,assist,no
236,1,1,0.7310585786300049,-0.5412578582763672,-1.5412578582763672,assist,Yes
237,1,0,0.46879062662624377,-1.2630653381347656,-1.1380653381347656,assist,No
238,1,1,0.8933094145755219,-0.3233307898044586,-2.448330879211426,assist,Yes
239,1,0,0.3486451217982255,-1.4818193912506104,-0.8568193316459656,assist,No
240,1,1,0.9465966671870767,-0.4725354313850403,-3.3475353717803955,assist,Yes
241,1,0,0.007577241716077422,-5.270907402038574,-0.395907461643219,assist,No
242,1,0,0.1645164628965632,-2.2514898777008057,-0.6264898777008057,assist,No
243,1,1,0.880797071719777,-0.4512835144996643,-2.4512834548950195,assist,Yes
244,1,0,0.020332349780873466,-4.283674240112305,-0.40867406129837036,assist,No
245,1,1,0.9706877709445761,-0.27345889806747437,-3.773458957672119,assist,Yes
246,1,1,0.8354835289107309,-0.5180798172950745,-2.1430797576904297,assist,Yes
247,1,0,0.0013250225355224317,-7.016780853271484,-0.39178094267845154,assist,No
248,1,1,0.7057850278370112,-0.7676079273223877,-1.6426079273223877,assist,Yes
249,1,0,0.32082130082460697,-1.5770918130874634,-0.8270918130874634,assist,no
250,1,0,0.03732688627322502,-3.6796090602874756,-0.4296090304851532,assist,No
251,1,1,0.6224593312018546,-0.9938714504241943,-1.4938714504241943,assist,Yes
252,1,0,0.003172682748231862,-6.229816436767578,-0.47981640696525574,assist,No
253,1,1,0.6224593312018546,-0.9855082035064697,-1.4855082035064697,assist,Yes
254,1,0,0.32082130082460697,-1.7465646266937256,-0.9965646266937256,assist,no
255,1,0,0.29421497216298875,-1.820075273513794,-0.945075273513794,assist,no
256,1,0,0.1480471829959148,-2.5028457641601562,-0.7528456449508667,assist,No
257,1,1,0.9149009480320036,-0.33708247542381287,-2.7120823860168457,assist,Yes
258,1,0,0.20181320305759334,-2.206477165222168,-0.8314770460128784,assist,no
259,1,0,0.002472623119880922,-6.207453727722168,-0.20745371282100677,assist,No
260,1,1,0.6224593312018546,-0.948765754699707,-1.448765754699707,assist,Yes
261,1,0,0.06754669489377622,-3.186964750289917,-0.5619648098945618,assist,No
262,1,0,0.0373268852023206,-3.8696961402893066,-0.6196960806846619,assist,No
263,1,0,0.001032230913830316,-7.570678234100342,-0.6956781148910522,assist,no
264,1,0,0.29421497216298875,-1.7610801458358765,-0.8860801458358765,assist,no
265,1,1,0.6513548511303336,-0.937078058719635,-1.5620779991149902,assist,Yes
266,1,0,0.13296424019782924,-2.4698169231414795,-0.5948169231414795,assist,no
267,1,1,0.9706877717925421,-0.4628404676914215,-3.9628405570983887,assist,Yes
268,1,1,0.8175744939732856,-0.6258877515792847,-2.125887870788574,assist,Yes
269,1,1,0.679178699175393,-0.9442276954650879,-1.694227695465088,assist,Yes
270,1,0,0.014063628696182679,-4.807262897491455,-0.5572630167007446,assist,no
271,1,0,0.32082130082460697,-1.653147578239441,-0.9031475782394409,assist,no
272,1,1,0.9399133498259924,-0.5641303062438965,-3.3141303062438965,assist,Yes
273,1,0,0.0019267344340853601,-6.885214328765869,-0.6352142095565796,assist,no
274,1,0,0.07585817166422973,-3.1094369888305664,-0.6094368696212769,assist,No
275,1,1,0.9324533051062237,-0.4964197278022766,-3.121419668197632,assist,Yes
276,1,1,0.6513548646660542,-0.759539008140564,-1.384539008140564,assist,Yes
277,1,0,0.029312237535086605,-4.049315452575684,-0.5493156909942627,assist,No
278,1,0,0.46879062662624377,-1.3169702291488647,-1.1919702291488647,assist,no
279,1,0,0.005220124764999895,-5.834702968597412,-0.5847027897834778,assist,No
280,1,0,0.0028009274665629583,-6.3539018630981445,-0.47890204191207886,assist,no
281,1,0,0.020332357498075698,-4.334731578826904,-0.459731787443161,assist,no
282,1,1,0.8807970654616711,-0.5959998369216919,-2.5959997177124023,assist,Yes
283,1,0,0.34864513533394575,-1.3083758354187012,-0.6833758354187012,assist,No
284,1,0,0.05340332377362639,-3.450061798095703,-0.5750616788864136,assist,No
285,1,1,0.9525741214369554,-0.44178450107574463,-3.441784381866455,assist,Yes
286,1,0,0.10669059394565118,-2.766937017440796,-0.6419370174407959,assist,No
287,1,1,0.9149009549929797,-0.483752965927124,-2.858752965927124,assist,Yes
288,1,1,0.9579122708828604,-0.35689499974250793,-3.4818949699401855,assist,Yes
289,1,1,0.8670357598021706,-0.6535959243774414,-2.5285959243774414,assist,Yes
290,1,1,0.9324533126145177,-0.5226213335990906,-3.1476213932037354,assist,Yes
291,1,0,0.46879062662624377,-1.2258501052856445,-1.1008501052856445,assist,no
292,1,0,0.2689414096510108,-1.9408981800079346,-0.9408981204032898,assist,no
293,1,0,0.001700722310236739,-6.901449680328369,-0.5264496207237244,assist,No
294,1,0,0.022977364557669702,-4.1600542068481445,-0.41005396842956543,assist,No
295,1,1,0.8807970779778823,-0.4853677749633789,-2.485367774963379,assist,Yes
296,1,0,0.18242550602671442,-2.2575764656066895,-0.7575763463973999,assist,No
297,1,1,0.939913343093499,-0.4560772180557251,-3.2060770988464355,assist,Yes
298,1,0,0.009708477054526368,-4.990354537963867,-0.36535459756851196,assist,No
299,1,0,0.0046095714956607,-5.638570785522461,-0.263570636510849,assist,No
300,1,0,0.0013250222594674832,-7.014274597167969,-0.3892744779586792,assist,No
301,1,0,0.2942149845400438,-1.8374149799346924,-0.9624150395393372,assist,no
302,1,0,0.29421497216298875,-1.7534129619598389,-0.8784129619598389,assist,No
303,1,0,0.01098694392594878,-5.087681293487549,-0.5876814126968384,assist,No
304,1,1,0.7310585786300049,-0.7506611347198486,-1.7506611347198486,assist,Yes
305,1,1,0.9241418199787566,-0.6505782604217529,-3.150578260421753,assist,Yes
306,1,0,0.02033235452992065,-4.368659019470215,-0.4936590790748596,assist,No
307,1,0,0.14804719051380197,-2.494853973388672,-0.7448539137840271,assist,No
308,1,0,0.017986212067650338,-4.44871187210083,-0.44871199131011963,assist,No
309,1,0,0.01098694327827096,-4.941161155700684,-0.44116121530532837,assist,No
310,1,0,0.0031726828424851893,-6.330813407897949,-0.5808134078979492,assist,No
311,1,0,0.13296424706933604,-2.4808919429779053,-0.60589200258255,assist,No
312,1,0,0.04742586913845881,-3.432908058166504,-0.43290796875953674,assist,No
313,1,0,0.29421497216298875,-1.7577613592147827,-0.8827613592147827,assist,no
314,1,1,0.7772998611746911,-0.7649860382080078,-2.014986038208008,assist,Yes
315,1,0,0.010986940687560063,-4.903356075286865,-0.4033558964729309,assist,No
316,1,1,0.8175744806385543,-0.49706169962882996,-1.9970617294311523,assist,Yes
317,1,0,0.09534947004048376,-2.916487455368042,-0.6664875149726868,assist,no
318,1,0,7.484623643230956e-05,-10.023815155029297,-0.5238152742385864,assist,No
319,1,0,0.012431650121413363,-4.781487464904785,-0.4064874053001404,assist,No
320,1,0,0.0015011821673938809,-7.078991889953613,-0.5789918303489685,assist,No
321,1,1,0.5621765008857981,-1.0335582494735718,-1.2835582494735718,assist,Yes
322,1,0,0.22270014914315833,-2.232228994369507,-0.9822290539741516,assist,no
323,1,0,0.01406363034912007,-4.850234031677246,-0.6002342700958252,assist,no
324,1,0,0.005220126622117065,-5.646722793579102,-0.3967229723930359,assist,No
325,1,0,0.05340332678672523,-3.3135318756103516,-0.4385318160057068,assist,No
326,1,0,0.0028009268838806506,-6.356497764587402,-0.48149773478507996,assist,No
327,1,0,0.1480471980316895,-2.357386827468872,-0.6073868274688721,assist,No
328,1,1,0.9399133447766225,-0.4859064519405365,-3.2359063625335693,assist,Yes
329,1,0,0.001700722816229541,-6.851528167724609,-0.4765284061431885,assist,No
330,1,0,0.0017007221078396608,-7.010311126708984,-0.63531094789505,assist,No
331,1,0,0.14804720179063335,-2.216181993484497,-0.46618202328681946,assist,No
332,1,0,0.0019267346633274755,-6.946523666381836,-0.6965236663818359,assist,no
333,1,0,0.0075772408196442265,-5.357462406158447,-0.4824623465538025,assist,No
334,1,0,0.01798621417320936,-4.4058332443237305,-0.40583348274230957,assist,No
335,1,0,0.004070137353478592,-5.935323238372803,-0.43532314896583557,assist,No
336,1,0,0.010986940039882433,-5.203277587890625,-0.7032773494720459,assist,no
337,1,0,0.24508501313237172,-1.8830260038375854,-0.7580260038375854,assist,no
338,1,1,0.5926666143433998,-0.9933857321739197,-1.3683857917785645,assist,Yes
339,1,0,0.2689414330889798,-1.7687578201293945,-0.7687578797340393,assist,no
340,1,0,0.014063628696182679,-4.760560989379883,-0.5105611085891724,assist,No
341,1,1,0.9626731158685837,-0.4419993460178375,-3.6919994354248047,assist,Yes
342,1,0,0.46879062662624377,-1.2668020725250244,-1.1418020725250244,assist,No
343,1,1,0.9525741241296944,-0.6449928879737854,-3.6449928283691406,assist,Yes
344,1,0,0.00048785731170067066,-8.100675582885742,-0.4756759703159332,assist,No
345,1,1,0.8933093946927838,-0.6255875825881958,-2.7505874633789062,assist,Yes
346,1,0,0.1480471980316895,-2.4014410972595215,-0.6514410972595215,assist,No
347,1,0,0.060086648490884395,-3.0990517139434814,-0.34905168414115906,assist,No
348,1,1,0.9579122708828604,-0.41097334027290344,-3.535973310470581,assist,Yes
349,1,0,0.001032231251872736,-7.352351188659668,-0.4773513972759247,assist,No
350,1,1,0.9465966702001757,-0.38672471046447754,-3.2617247104644775,assist,Yes
351,1,0,0.005911068505999277,-5.6606950759887695,-0.5356950163841248,assist,No
352,1,1,0.9579122696813394,-0.5769551396369934,-3.7019550800323486,assist,Yes
353,1,0,0.07585818002124356,-3.1997461318969727,-0.6997461318969727,assist,No
354,1,0,0.060086646807761206,-3.2496817111968994,-0.49968165159225464,assist,No
355,1,1,0.8175744673038221,-0.5848045945167542,-2.0848045349121094,assist,Yes
356,1,0,0.006692852509305267,-5.531103134155273,-0.5311033725738525,assist,no
357,1,1,0.9324533088603709,-0.6436977386474609,-3.268697738647461,assist,Yes
358,1,1,0.679178699175393,-0.6429009437561035,-1.3929009437561035,assist,Yes
359,1,1,0.5621765008857981,-1.0768731832504272,-1.3268731832504272,assist,Yes
360,1,0,0.04208772791561884,-3.691598892211914,-0.5665988922119141,assist,No
361,1,1,0.9465966762263737,-0.41209495067596436,-3.287095069885254,assist,Yes
362,1,0,0.060086656906500974,-3.2714366912841797,-0.5214368104934692,assist,no
363,1,1,0.9324533088603709,-0.5387682914733887,-3.1637682914733887,assist,Yes
364,1,0,0.0006263342700365574,-7.953230857849121,-0.5782310366630554,assist,No
365,1,0,0.005220125693558397,-5.947970867156982,-0.6979708671569824,assist,no
366,1,0,0.00591106763038807,-5.520746231079102,-0.39574602246284485,assist,No
367,1,0,0.5,-1.1773793697357178,-1.1773793697357178,assist,No
368,1,0,0.20181322226037882,-2.1443917751312256,-0.7693917751312256,assist,no
369,1,1,0.6513548646660542,-0.9199433326721191,-1.5449433326721191,assist,Yes
370,1,0,0.014063623737371644,-4.738250732421875,-0.4882504940032959,assist,No
371,1,1,0.7981867777396212,-0.742527961730957,-2.117527961730957,assist,Yes
372,1,0,0.0028009268838806506,-6.308401584625244,-0.43340155482292175,assist,No
373,1,0,0.4073334000459302,-1.51729154586792,-1.14229154586792,assist,no
374,1,1,0.5926665855647394,-0.7411335110664368,-1.116133451461792,assist,Yes
375,1,1,0.9796676472509721,-0.34816882014274597,-4.223168849945068,assist,Yes
376,1,0,0.0011695102650555148,-7.181560516357422,-0.4315605163574219,assist,No
377,1,0,0.005220124610240159,-5.605348587036133,-0.3553483784198761,assist,No
378,1,1,0.9465966671870767,-0.5607555508613586,-3.435755491256714,assist,Yes
379,1,1,0.9149009526726544,-0.4066324532032013,-2.781632423400879,assist,Yes
380,1,0,0.053403329799824234,-3.1927144527435303,-0.3177144527435303,assist,No
381,1,1,0.5312093733737563,-1.1884487867355347,-1.3134487867355347,assist,Yes
382,1,0,0.0002959571840538766,-8.439190864562988,-0.3141911029815674,assist,No
383,1,0,0.0001398220589815704,-9.508384704589844,-0.6333845853805542,assist,No
384,1,0,0.0031726821827119532,-6.229987621307373,-0.47998741269111633,assist,No
385,1,1,0.8354835371034369,-0.6488347053527832,-2.273834705352783,assist,Yes
386,1,0,0.014063628282948357,-4.741296768188477,-0.4912968575954437,assist,No
387,1,0,0.0024726231566347748,-6.5281853675842285,-0.5281853675842285,assist,No
388,1,0,0.0010322308523680697,-7.40028190612793,-0.5252817273139954,assist,No
389,1,1,0.754914975839675,-0.9021506905555725,-2.0271506309509277,assist,Yes
390,1,1,0.6791787121629466,-0.7964317202568054,-1.5464317798614502,assist,Yes
391,1,0,0.3486451488696663,-1.4326989650726318,-0.8076990246772766,assist,No
392,1,0,0.1480471829959148,-2.5269289016723633,-0.7769287824630737,assist,no
393,1,1,0.5621765008857981,-1.0727356672286987,-1.3227356672286987,assist,Yes
394,1,0,0.0021827160558970152,-6.516473293304443,-0.39147311449050903,assist,No
395,1,0,0.002472622642080892,-6.477578639984131,-0.47757843136787415,assist,No
396,1,1,0.835483553488848,-0.5027269124984741,-2.1277270317077637,assist,Yes
397,1,0,0.0046095728630878175,-5.8532514572143555,-0.4782516062259674,assist,No
398,1,0,0.020332352155396922,-4.284618854522705,-0.4096187949180603,assist,No
399,1,0,0.18242552380635632,-2.2841193675994873,-0.7841193675994873,assist,no
400,1,0,0.34864513533394575,-1.5523885488510132,-0.9273885488510132,assist,No
401,1,0,0.4073334000459302,-1.48868727684021,-1.11368727684021,assist,no
402,1,0,0.0013250225749588576,-7.259649276733398,-0.634649395942688,assist,no
403,1,1,0.8807970842359877,-0.8034605383872986,-2.8034605979919434,assist,Yes
404,1,0,0.18242550602671442,-2.012284278869629,-0.5122841596603394,assist,No
405,1,0,0.01243165231673086,-4.965742588043213,-0.5907427072525024,assist,No
406,1,1,0.851952809486198,-0.5469140410423279,-2.2969141006469727,assist,Yes
407,1,0,0.010986940687560063,-4.991786003112793,-0.49178582429885864,assist,No
408,1,1,0.754914975839675,-0.7910357117652893,-1.9160356521606445,assist,Yes
409,1,0,0.03732688627322502,-3.6821792125701904,-0.43217918276786804,assist,No
410,1,0,0.3208212878370535,-1.6371510028839111,-0.8871509432792664,assist,no
411,1,0,0.4073334000459302,-1.4315581321716309,-1.0565581321716309,assist,No
412,1,1,0.8933094060543487,-0.7362263202667236,-2.8612263202667236,assist,Yes
413,1,0,0.008577486934330109,-5.107915878295898,-0.35791605710983276,assist,No
414,1,0,0.10669059678604234,-2.5230259895324707,-0.3980260193347931,assist,No
415,1,1,0.8519527906914787,-0.4490116536617279,-2.1990115642547607,assist,Yes
416,1,0,0.014063626630011202,-4.743172645568848,-0.49317261576652527,assist,No
417,1,0,0.0040701374742844335,-6.139010906219482,-0.6390108466148376,assist,no
418,1,0,0.0011695101954287976,-7.181015968322754,-0.43101590871810913,assist,No
419,1,0,0.01406363034912007,-4.957952499389648,-0.7079527378082275,assist,no
420,1,0,0.004609572999830552,-6.015736103057861,-0.6407362818717957,assist,no
421,1,0,0.0007096702300220753,-7.775112152099609,-0.5251119136810303,assist,No
422,1,0,0.0031726825597252145,-6.103343486785889,-0.3533433973789215,assist,No
423,1,1,0.9241418199787566,-0.5969202518463135,-3.0969202518463135,assist,Yes
424,1,0,0.006692850924284856,-5.531854152679443,-0.5318541526794434,assist,No
425,1,0,0.07585817584273653,-3.148282766342163,-0.6482827067375183,assist,No
426,1,0,0.22270013882530884,-2.128059148788452,-0.8780591487884521,assist,no
427,1,0,0.24508501313237172,-1.9912205934524536,-0.8662205934524536,assist,no
428,1,0,0.0028009266341596987,-6.311344146728516,-0.4363440275192261,assist,No
429,1,0,0.007577242612510723,-5.514115810394287,-0.6391159892082214,assist,No
430,1,1,0.9399133498259924,-0.6015818119049072,-3.3515818119049072,assist,Yes
431,1,1,0.6791787121629466,-0.8537008166313171,-1.603700876235962,assist,Yes
432,1,1,0.8354835248143776,-0.47869715094566345,-2.1036970615386963,assist,Yes
433,1,0,0.06008664344151498,-3.281503677368164,-0.5315035581588745,assist,No
434,1,0,0.0011695100213620223,-7.181896686553955,-0.43189647793769836,assist,No
435,1,0,0.07585818002124356,-3.013792037963867,-0.5137920379638672,assist,no
436,1,1,0.7772998611746911,-0.5234408378601074,-1.7734408378601074,assist,Yes
437,1,0,0.0003799845713524582,-8.26326847076416,-0.3882686197757721,assist,No
438,1,0,0.03308597457504463,-3.951695442199707,-0.5766953229904175,assist,No
439,1,0,0.0010322310674859476,-7.225284099578857,-0.3502841293811798,assist,no
440,1,1,0.6224593171945417,-0.945406973361969,-1.4454069137573242,assist,Yes
441,1,0,0.07585817166422973,-3.123227596282959,-0.6232274770736694,assist,no
442,1,0,0.07585817584273653,-3.203275203704834,-0.7032751441001892,assist,No
443,1,0,0.2689414213699951,-1.920117735862732,-0.9201177358627319,assist,no
444,1,0,0.06008664344151498,-3.381588935852051,-0.6315888166427612,assist,no
445,1,0,0.02595735569077852,-4.17146635055542,-0.5464662909507751,assist,No
446,1,0,0.0017007220066411306,-6.954889297485352,-0.5798890590667725,assist,No
447,1,0,0.5,-1.1480976343154907,-1.1480976343154907,assist,No
448,1,0,0.0006263340461823029,-7.899777889251709,-0.5247777104377747,assist,No
449,1,0,0.001700722411435288,-6.8073272705078125,-0.4323272705078125,assist,No
450,1,0,0.0011695101606154403,-7.03403902053833,-0.2840389311313629,assist,No
451,1,0,0.000552778702783526,-8.13400650024414,-0.6340066194534302,assist,No
452,1,0,0.02033235096813516,-4.41950798034668,-0.5445078611373901,assist,no
453,1,0,0.033085978388704126,-3.9379587173461914,-0.5629587173461914,assist,No
454,1,1,0.8354835371034369,-0.5681264400482178,-2.1931264400482178,assist,Yes
455,1,0,0.09534945975773548,-2.967470169067383,-0.717470109462738,assist,no
456,1,0,0.29421497216298875,-1.7643496990203857,-0.8893496990203857,assist,No
457,1,1,0.5926665999540697,-1.0157814025878906,-1.3907814025878906,assist,Yes
458,1,0,0.13296424019782924,-2.537609815597534,-0.6626098155975342,assist,no
459,1,1,0.754914997895581,-0.7248093485832214,-1.8498094081878662,assist,Yes
460,1,0,0.01098694327827096,-5.089542865753174,-0.5895429253578186,assist,No
461,1,0,0.015906394977364253,-4.495434284210205,-0.3704344928264618,assist,No
462,1,1,0.754914975839675,-0.7305658459663391,-1.8555657863616943,assist,Yes
463,1,1,0.7772998611746911,-0.6846517324447632,-1.9346517324447632,assist,Yes
464,1,0,0.0040701369910610885,-6.0280938148498535,-0.5280936360359192,assist,No
465,1,1,0.939913343093499,-0.46936047077178955,-3.2193603515625,assist,Yes
466,1,1,0.9669140254249554,-0.5106967687606812,-3.8856968879699707,assist,Yes
467,1,0,0.01590639217832175,-4.424871444702148,-0.2998714745044708,assist,No
468,1,1,0.9465966702001757,-0.5799341201782227,-3.4549341201782227,assist,Yes
469,1,0,0.053403329799824234,-3.4025917053222656,-0.5275917053222656,assist,No
470,1,1,0.9626731126558706,-0.31334948539733887,-3.563349485397339,assist,Yes
471,1,0,0.34864513533394575,-1.6397829055786133,-1.0147829055786133,assist,no
472,1,1,0.9324533088603709,-0.5425691604614258,-3.167569160461426,assist,Yes
473,1,0,0.5,-1.1193034648895264,-1.1193034648895264,assist,No
474,1,1,0.8519528019683106,-0.5123629570007324,-2.2623629570007324,assist,Yes
475,1,1,0.7057850278370112,-0.9116759300231934,-1.7866759300231934,assist,Yes
476,1,0,0.34864513533394575,-1.659254789352417,-1.034254789352417,assist,no
477,1,1,0.7981867873410141,-0.6319767832756042,-2.006976842880249,assist,Yes
478,1,0,0.0005527784064139189,-8.025465965270996,-0.5254655480384827,assist,No
479,1,0,0.1480472055495773,-2.4265120029449463,-0.6765120625495911,assist,no
480,1,1,0.7772998714925403,-0.714711606502533,-1.9647116661071777,assist,Yes
481,1,0,0.0007096704413702227,-7.9443745613098145,-0.6943746209144592,assist,no
482,1,1,0.7057850402140659,-0.8194918036460876,-1.6944918632507324,assist,Yes
483,1,0,0.0059110695567328965,-5.61536169052124,-0.4903618097305298,assist,No
484,1,0,0.32082130082460697,-1.681410789489746,-0.9314107894897461,assist,no
485,1,1,0.6791786861878392,-0.7450464367866516,-1.4950463771820068,assist,Yes
486,1,1,0.7310585669110203,-0.8135088086128235,-1.8135087490081787,assist,Yes
487,1,0,0.0035936025814200896,-6.151911735534668,-0.526911735534668,assist,No
488,1,0,0.06754669864792355,-3.3768982887268066,-0.7518984079360962,assist,no
489,1,1,0.880797081106935,-0.47501084208488464,-2.475010871887207,assist,Yes
490,1,0,0.2689414330889798,-1.75691819190979,-0.7569182515144348,assist,No
491,1,0,0.01798621101487092,-4.224720478057861,-0.2247205376625061,assist,No
492,1,1,0.7310585786300049,-0.7038578987121582,-1.7038578987121582,assist,Yes
493,1,1,0.6224593312018546,-0.91203773021698,-1.41203773021698,assist,Yes
494,1,1,0.8519527944504226,-0.5211167931556702,-2.2711167335510254,assist,Yes
495,1,1,0.9324533069832973,-0.4696667492389679,-3.0946667194366455,assist,Yes
496,1,1,0.9626731126558706,-0.6440558433532715,-3.8940558433532715,assist,Yes
497,1,0,0.0008040859835179557,-7.600898742675781,-0.475898802280426,assist,no
498,1,0,0.00026119031131367456,-8.59952163696289,-0.34952160716056824,assist,No
499,1,0,0.0024726237446964848,-6.526429176330566,-0.5264294147491455,assist,No
500,1,0,0.00970847834389417,-4.861315727233887,-0.23631592094898224,assist,No
501,1,0,0.0031726820884586454,-6.385699272155762,-0.6356990337371826,assist,No
502,1,0,0.0013250226538317129,-7.151641368865967,-0.5266415476799011,assist,No
503,1,0,0.4378234991142019,-1.3090423345565796,-1.0590423345565796,assist,No
504,1,0,0.11920292828022305,-2.6416361331939697,-0.6416361927986145,assist,no
505,1,0,0.0006263340834913398,-7.690519332885742,-0.31551921367645264,assist,No
506,1,0,0.003593603008271459,-6.1033525466918945,-0.4783526659011841,assist,No
507,1,0,0.0474258704848281,-3.559276819229126,-0.5592767596244812,assist,No
508,1,1,0.8933094174159129,-0.5045379400253296,-2.629538059234619,assist,Yes
509,1,1,0.893309411735131,-0.4891282916069031,-2.614128351211548,assist,Yes
510,1,0,0.005911070082099775,-5.451182842254639,-0.3261830508708954,assist,No
511,1,0,0.0059110692064883365,-5.7062764167785645,-0.5812764763832092,assist,No
512,1,0,0.005911070082099775,-5.559966564178467,-0.4349667727947235,assist,No
513,1,1,0.7549149868676283,-0.7365829944610596,-1.8615829944610596,assist,Yes
514,1,1,0.8175744673038221,-0.71852046251297,-2.218520402908325,assist,Yes
515,1,0,0.015906388912772775,-4.795037746429443,-0.670037567615509,assist,No
516,1,0,0.24508502416032488,-1.8578846454620361,-0.7328847050666809,assist,no
517,1,0,0.37754066879814546,-1.5273090600967407,-1.0273090600967407,assist,no
518,1,0,0.29421497216298875,-1.689159870147705,-0.8141598701477051,assist,no
519,1,1,0.880797071719777,-0.7504680752754211,-2.7504680156707764,assist,Yes
520,1,0,0.003593602901558612,-6.0215864181518555,-0.39658650755882263,assist,No
521,1,1,0.851952809486198,-0.47284549474716187,-2.2228455543518066,assist,Yes
522,1,0,0.06754668926255561,-3.0117485523223877,-0.3867485225200653,assist,No
523,1,0,0.02033235452992065,-4.149774551391602,-0.27477461099624634,assist,No
524,1,0,0.025957363225871038,-4.123810768127441,-0.4988110065460205,assist,No
525,1,0,0.020332352155396922,-4.470157623291016,-0.5951575636863708,assist,No
526,1,0,0.022977374593338037,-4.24560022354126,-0.4956004321575165,assist,No
527,1,0,0.00029595720168907913,-8.51424503326416,-0.38924533128738403,assist,no
528,1,1,0.8670357735451834,-0.538986086845398,-2.4139862060546875,assist,Yes
529,1,0,0.07585817166422973,-2.9106173515319824,-0.41061723232269287,assist,no
530,1,0,0.24508501313237172,-1.7273890972137451,-0.6023890972137451,assist,No
531,1,1,0.9324533032291502,-0.4522474706172943,-3.077247381210327,assist,Yes
532,1,0,0.0021827165751612514,-6.651243209838867,-0.526243269443512,assist,no
533,1,1,0.966914019704466,-0.5261295437812805,-3.9011294841766357,assist,Yes
534,1,0,0.02931222905542399,-3.8843419551849365,-0.38434189558029175,assist,No
535,1,0,0.2689414213699951,-1.8134069442749023,-0.8134069442749023,assist,no
536,1,0,0.0850990542883219,-3.1422271728515625,-0.767227292060852,assist,no
537,1,1,0.9579122732859019,-0.46504470705986023,-3.5900447368621826,assist,Yes
538,1,0,0.46879062662624377,-1.1573926210403442,-1.0323926210403442,assist,No
539,1,0,0.0028009273000822866,-6.402565002441406,-0.5275651216506958,assist,No
540,1,0,0.0021827164453451808,-6.3829145431518555,-0.25791454315185547,assist,No
541,1,0,0.0019267343194643127,-6.946474075317383,-0.6964738965034485,assist,no
542,1,1,0.9525741241296944,-0.5712836384773254,-3.5712835788726807,assist,Yes
543,1,1,0.8175744850834649,-0.669773519039154,-2.169773578643799,assist,Yes
544,1,1,0.880797081106935,-0.30092117190361023,-2.3009212017059326,assist,Yes
545,1,0,0.0015011823907516671,-6.682549476623535,-0.18254956603050232,assist,No
546,1,0,0.0600866518571309,-3.1614725589752197,-0.4114725887775421,assist,No
547,1,1,0.7772998611746911,-0.7091126441955566,-1.9591126441955566,assist,Yes
548,1,0,0.4378234991142019,-1.331125020980835,-1.081125020980835,assist,No
549,1,1,0.939913354875362,-0.41535940766334534,-3.1653594970703125,assist,Yes
550,1,0,0.09534947004048376,-2.9093565940856934,-0.6593566536903381,assist,No
551,1,0,0.007577241940185738,-5.313024044036865,-0.4380241334438324,assist,No
552,1,0,0.10669058826486906,-2.8776371479034424,-0.7526370882987976,assist,No
553,1,0,0.029312234143221275,-3.8769583702087402,-0.3769584894180298,assist,No
554,1,0,0.0011695102302421558,-7.067560195922852,-0.3175601661205292,assist,No
555,1,0,0.1329642333263228,-2.4229624271392822,-0.5479623675346375,assist,no
556,1,0,0.37754066879814546,-1.5355314016342163,-1.0355314016342163,assist,No
557,1,0,0.005911067980632537,-5.481569290161133,-0.3565691411495209,assist,No
558,1,0,0.03308597552845946,-3.867818832397461,-0.4928187429904938,assist,No
559,1,0,0.01798621364681958,-4.369906902313232,-0.36990711092948914,assist,No
560,1,0,0.006692850131774789,-5.438776016235352,-0.438775897026062,assist,No
561,1,0,0.0015011825694379204,-6.930751800537109,-0.4307520091533661,assist,No
562,1,0,0.01243165231673086,-4.7821125984191895,-0.407112717628479,assist,No
563,1,0,0.008577484399966718,-5.187563896179199,-0.43756377696990967,assist,No
564,1,1,0.9525741241296944,-0.49368149042129517,-3.4936814308166504,assist,Yes
565,1,0,0.005220125384038879,-5.731189727783203,-0.48118966817855835,assist,No
566,1,1,0.7057850402140659,-0.8815235495567322,-1.756523609161377,assist,Yes
567,1,0,0.006692849735519792,-5.481509685516357,-0.4815095067024231,assist,No
568,1,0,0.001700722209038197,-6.852575302124023,-0.4775751829147339,assist,no
569,1,0,0.07585818002124356,-3.0120327472686768,-0.5120327472686768,assist,no
570,1,0,0.03308597552845946,-3.7992708683013916,-0.42427077889442444,assist,No
571,1,0,0.0010322308216369478,-7.305905342102051,-0.43090513348579407,assist,no
572,1,1,0.8933094145755219,-0.355919748544693,-2.48091983795166,assist,Yes
573,1,0,0.0075772408196442265,-5.233720302581787,-0.35872024297714233,assist,No
574,1,0,0.001700722411435288,-6.900491237640381,-0.5254912376403809,assist,No
575,1,0,0.37754066879814546,-1.4830859899520874,-0.9830859899520874,assist,no
576,1,0,0.32082130082460697,-1.6225788593292236,-0.8725788593292236,assist,No
577,1,0,0.11920291576401235,-2.4482622146606445,-0.44826215505599976,assist,No
578,1,1,0.7310585786300049,-0.6817032098770142,-1.6817032098770142,assist,Yes
579,1,0,0.04742587317756679,-3.3673930168151855,-0.36739301681518555,assist,No
580,1,1,0.9149009596336303,-0.6050309538841248,-2.9800310134887695,assist,Yes
581,1,0,0.24508502416032488,-1.9104135036468506,-0.7854135632514954,assist,No
582,1,1,0.7549149868676283,-0.7305295467376709,-1.855529546737671,assist,Yes
583,1,0,0.001700722816229541,-6.954466819763184,-0.5794670581817627,assist,No
584,1,0,0.18242552380635632,-2.1392815113067627,-0.6392815113067627,assist,No
585,1,0,0.006692849933647288,-5.436279773712158,-0.43627962470054626,assist,No
586,1,0,0.002800927133601626,-6.511260032653809,-0.6362600922584534,assist,No
587,1,1,0.867035752930664,-0.6718714833259583,-2.5468714237213135,assist,Yes
588,1,0,0.060086656906500974,-3.4902286529541016,-0.7402287721633911,assist,no
589,1,1,0.8354835289107309,-0.6227722764015198,-2.247772216796875,assist,Yes
590,1,0,0.047425871831197425,-3.4336752891540527,-0.43367525935173035,assist,No
591,1,0,0.005911067805510302,-5.604816436767578,-0.4798162579536438,assist,No
592,1,0,0.029312234143221275,-4.010708808898926,-0.5107089281082153,assist,No
593,1,0,0.012431653780276067,-4.737077713012695,-0.3620779514312744,assist,no
594,1,0,0.2942149845400438,-1.6674518585205078,-0.7924519181251526,assist,no
595,1,1,0.9241418283357702,-0.6167854070663452,-3.1167855262756348,assist,Yes
596,1,1,0.9324533013520764,-0.412692666053772,-3.0376925468444824,assist,Yes
597,1,1,0.8354835289107309,-0.6732562184333801,-2.2982561588287354,assist,Yes
598,1,0,0.0474258704848281,-3.677257537841797,-0.6772574782371521,assist,No
599,1,0,0.005220126003077935,-5.616168975830078,-0.3661690354347229,assist,No
600,1,0,0.03732689162774753,-3.819843292236328,-0.5698434114456177,assist,No
601,1,0,0.0007096703991005882,-7.60116720199585,-0.3511672019958496,assist,No
602,1,0,0.0010322309752925658,-7.509759902954102,-0.6347598433494568,assist,No
603,1,0,0.32082130082460697,-1.6389113664627075,-0.8889113664627075,assist,no
604,1,1,0.9046505248181417,-0.4965893030166626,-2.746589183807373,assist,Yes
605,1,1,0.5621765008857981,-0.9067602157592773,-1.1567602157592773,assist,Yes
606,1,0,0.4073334000459302,-1.3420058488845825,-0.9670058488845825,assist,No
607,1,0,0.46879062662624377,-1.252468228340149,-1.127468228340149,assist,no
608,1,0,0.09534945975773548,-3.0115320682525635,-0.7615320086479187,assist,no
609,1,1,0.8519527944504226,-0.7047963738441467,-2.454796314239502,assist,Yes
610,1,0,0.46879062662624377,-1.275827407836914,-1.150827407836914,assist,no
611,1,0,0.3775406547908327,-1.4379947185516357,-0.937994658946991,assist,No
612,1,1,0.9046505428129514,-0.4076456129550934,-2.6576457023620605,assist,Yes
613,1,0,0.01098694263059318,-4.987280368804932,-0.48728036880493164,assist,No
614,1,0,0.22270012850745968,-1.9650321006774902,-0.7150320410728455,assist,No
615,1,0,0.2689414213699951,-1.6931689977645874,-0.6931689977645874,assist,No
616,1,0,0.05340333431947304,-3.262441396713257,-0.387441486120224,assist,no
617,1,0,0.006692850131774789,-5.531811237335205,-0.5318111181259155,assist,No
618,1,0,0.0019267351218117874,-6.77618408203125,-0.5261843204498291,assist,No
619,1,0,0.004609571358918011,-6.013095855712891,-0.6380956768989563,assist,No
620,1,1,0.6224593312018546,-0.9664537906646729,-1.4664537906646729,assist,Yes
621,1,0,0.06754668926255561,-2.9620893001556396,-0.33708927035331726,assist,No
622,1,0,0.22270014914315833,-2.0179715156555176,-0.7679715752601624,assist,No
623,1,1,0.914900945711678,-0.718598484992981,-3.0935983657836914,assist,yes
624,1,0,0.10669059962643358,-2.7035508155822754,-0.5785508751869202,assist,No
625,1,0,0.1480471980316895,-2.323404312133789,-0.5734043121337891,assist,No
626,1,0,0.0031726826539785367,-6.386233329772949,-0.6362332701683044,assist,No
627,1,0,0.002472622715588583,-6.635478496551514,-0.6354783177375793,assist,No
628,1,0,0.2942149845400438,-1.565152645111084,-0.6901527047157288,assist,No
629,1,0,0.3486451488696663,-1.5033652782440186,-0.8783653378486633,assist,No
630,1,0,0.002182715990988994,-6.5155415534973145,-0.39054134488105774,assist,No
631,1,1,0.6791786861878392,-0.8305240273475647,-1.58052396774292,assist,Yes
632,1,0,0.34864513533394575,-1.651510238647461,-1.026510238647461,assist,no
633,1,0,0.007577242164294059,-5.45911169052124,-0.5841118097305298,assist,No
634,1,0,0.017986206803753842,-4.540507793426514,-0.5405076146125793,assist,No
635,1,1,0.9525741281688026,-0.25251504778862,-3.2525150775909424,assist,Yes
636,1,0,0.0024726231566347748,-6.57873010635376,-0.5787301063537598,assist,No
637,1,0,0.004609573273316032,-5.810227394104004,-0.435227632522583,assist,No
638,1,0,0.08509904036636974,-2.9231512546539307,-0.5481511950492859,assist,No
639,1,0,0.1645164628965632,-2.2617900371551514,-0.6367900371551514,assist,no
640,1,0,0.01798621259404007,-4.405855178833008,-0.40585532784461975,assist,No
641,1,0,0.012431650121413363,-5.019557476043701,-0.6445574164390564,assist,No
642,1,0,0.02033235096813516,-4.415787220001221,-0.5407871007919312,assist,No
643,1,0,0.020332352749027827,-4.290830612182617,-0.4158305823802948,assist,No
644,1,1,0.8175744850834649,-0.5590271353721619,-2.0590271949768066,assist,Yes
645,1,1,0.9324533032291502,-0.4362510144710541,-3.061250925064087,assist,Yes
646,1,1,0.9740426405416754,-0.30549368262290955,-3.9304935932159424,assist,Yes
647,1,1,0.8354835371034369,-0.5247128009796143,-2.1497128009796143,assist,Yes
648,1,0,0.5,-1.213131308555603,-1.213131308555603,assist,no
649,1,1,0.9046505299595163,-0.5059271454811096,-2.755927085876465,assist,Yes
650,1,0,0.025957358704815272,-4.078353404998779,-0.4533534646034241,assist,No
651,1,0,0.04742587587030561,-3.558824062347412,-0.5588241219520569,assist,no
652,1,0,0.3486451217982255,-1.4169056415557861,-0.7919055819511414,assist,No
653,1,0,0.06754669864792355,-3.3114418983459473,-0.6864420175552368,assist,No
654,1,1,0.9046505351008906,-0.5648353099822998,-2.8148353099823,assist,Yes
655,1,0,0.008577484653403024,-5.075883865356445,-0.32588377594947815,assist,No
656,1,0,0.4378234991142019,-1.40534508228302,-1.15534508228302,assist,no
657,1,0,0.01798620838292263,-4.298757076263428,-0.29875698685646057,assist,No
658,1,0,0.014063629109417006,-4.545197010040283,-0.29519715905189514,assist,No
659,1,0,0.34864513533394575,-1.623573660850525,-0.9985736608505249,assist,No
660,1,0,0.003593603221697163,-6.262931823730469,-0.6379320025444031,assist,No
661,1,0,0.003593603008271459,-6.153485298156738,-0.5284854173660278,assist,no
662,1,0,0.022977373924293353,-4.405833721160889,-0.655833899974823,assist,No
663,1,1,0.9399133531922388,-0.42433637380599976,-3.1743364334106445,assist,Yes
664,1,1,0.9046505428129514,-0.32034793496131897,-2.570348024368286,assist,Yes
665,1,1,0.6513548646660542,-0.8995643854141235,-1.5245643854141235,assist,Yes
666,1,0,0.02033235096813516,-4.469990253448486,-0.5949901342391968,assist,No
667,1,0,0.0075772408196442265,-5.575552463531494,-0.7005524039268494,assist,no
668,1,0,0.01406362456384003,-4.614475250244141,-0.3644750714302063,assist,No
669,1,0,0.0035936027948457686,-5.978593826293945,-0.3535938858985901,assist,No
670,1,1,0.8175744761936437,-0.44283854961395264,-1.9428385496139526,assist,Yes
671,1,0,0.0015011826141094868,-7.078130722045898,-0.5781309604644775,assist,No
672,1,0,0.0013250221805946513,-7.101745128631592,-0.47674494981765747,assist,No
673,1,0,0.14804721306746543,-2.2861056327819824,-0.536105751991272,assist,No
674,1,1,0.7549149868676283,-0.7822345495223999,-1.9072345495224,assist,Yes
675,1,1,0.914900950352329,-0.6852846741676331,-3.0602846145629883,assist,Yes
676,1,1,0.7057850278370112,-0.7125495672225952,-1.5875495672225952,assist,Yes
677,1,1,0.8519528019683106,-0.6322436332702637,-2.3822436332702637,assist,Yes
678,1,0,0.37754066879814546,-1.4547615051269531,-0.9547615051269531,assist,no
679,1,1,0.893309411735131,-0.677400529384613,-2.802400588989258,assist,Yes
680,1,1,0.8175744584140004,-0.6809192895889282,-2.1809191703796387,assist,Yes
681,1,1,0.7981867777396212,-0.7121424674987793,-2.0871424674987793,assist,Yes
682,1,1,0.851952809486198,-0.5637592673301697,-2.3137593269348145,assist,Yes
683,1,1,0.867035752930664,-0.4557674527168274,-2.3307673931121826,assist,Yes
684,1,0,0.004609572179374208,-5.767045974731445,-0.3920459747314453,assist,No
685,1,0,0.0953494648991095,-2.904719114303589,-0.6547191143035889,assist,No
686,1,1,0.7310585903489892,-0.7802454829216003,-1.7802455425262451,assist,Yes
687,1,0,0.007577242164294059,-5.313143253326416,-0.43814337253570557,assist,No
688,1,1,0.6224593312018546,-0.9122785329818726,-1.4122785329818726,assist,Yes
689,1,1,0.8807970842359877,-0.6019923090934753,-2.60199236869812,assist,Yes
690,1,1,0.8175744939732856,-0.5940860509872437,-2.094086170196533,assist,Yes
691,1,1,0.9241418158002492,-0.3693233132362366,-2.869323253631592,assist,Yes
692,1,0,0.007577241379914961,-5.113232135772705,-0.23823215067386627,assist,No
693,1,0,0.005911068155754778,-5.480971813201904,-0.35597169399261475,assist,No
694,1,0,0.0059110692064883365,-5.707129955291748,-0.5821300148963928,assist,No
695,1,0,0.003172683219498529,-6.036527156829834,-0.28652727603912354,assist,No
696,1,0,0.005911069731855184,-5.560287952423096,-0.43528810143470764,assist,No
697,1,0,0.005220125693558397,-5.778447151184082,-0.528447151184082,assist,No
698,1,0,0.042087731520181665,-3.4935483932495117,-0.3685484826564789,assist,No
699,1,1,0.9626731115849659,-0.29966333508491516,-3.5496633052825928,assist,Yes
700,1,0,0.06754668363133542,-3.20650053024292,-0.5815004110336304,assist,no
701,1,1,0.914900945711678,-0.48275625705718994,-2.8577561378479004,assist,Yes
702,1,0,0.5,-1.065204381942749,-1.065204381942749,assist,No
703,1,0,0.2689414213699951,-1.8080419301986694,-0.8080419301986694,assist,No
704,1,0,0.042087725512577126,-3.6947531700134277,-0.569753110408783,assist,no
705,1,0,0.002182715926080975,-6.602892875671387,-0.4778926372528076,assist,no
706,1,1,0.6513548646660542,-0.9720368385314941,-1.5970368385314941,assist,Yes
707,1,1,0.7981867873410141,-0.491722047328949,-1.8667221069335938,assist,Yes
708,1,1,0.7057850402140659,-0.8093535304069519,-1.6843535900115967,assist,Yes
709,1,1,0.7057850278370112,-0.9224293231964111,-1.7974293231964111,assist,Yes
710,1,0,0.32082130082460697,-1.5193493366241455,-0.7693493366241455,assist,No
711,1,0,0.002472622862603971,-6.432852268218994,-0.4328521490097046,assist,No
712,1,0,0.46879062662624377,-1.3009240627288818,-1.1759240627288818,assist,no
713,1,1,0.9241418158002492,-0.4967861771583557,-2.996786117553711,assist,Yes
714,1,1,0.9706877692486436,-0.5426874160766602,-4.04268741607666,assist,Yes
715,1,0,0.0009110511401472368,-7.634948253631592,-0.634948194026947,assist,no
716,1,0,0.0028009263011984638,-6.455471038818359,-0.5804708003997803,assist,no
717,1,0,0.32082130082460697,-1.6892220973968506,-0.9392220973968506,assist,No
718,1,0,0.4073333856566001,-1.179619312286377,-0.8046192526817322,assist,No
719,1,0,0.2689414330889798,-1.8069353103637695,-0.8069353699684143,assist,no
720,1,0,0.2689414213699951,-1.6801097393035889,-0.6801097393035889,assist,No
721,1,0,0.5,-1.2363845109939575,-1.2363845109939575,assist,no
722,1,1,0.893309411735131,-0.6138672232627869,-2.7388672828674316,assist,Yes
723,1,0,0.0021827165751612514,-6.820260047912598,-0.6952601075172424,assist,no
724,1,0,0.014063628696182679,-4.740540027618408,-0.49054014682769775,assist,no
725,1,1,0.7981867777396212,-0.7664837837219238,-2.141483783721924,assist,Yes
726,1,1,0.9902915217993689,-0.41304463148117065,-5.038044452667236,assist,Yes
727,1,1,0.8933094174159129,-0.593535304069519,-2.7185354232788086,assist,Yes
728,1,1,0.754914997895581,-0.629250705242157,-1.7542507648468018,assist,Yes
729,1,1,0.9241418158002492,-0.6283970475196838,-3.128396987915039,assist,Yes
730,1,0,0.00015843620021845033,-9.38318157196045,-0.6331814527511597,assist,no
731,1,1,0.8519528019683106,-0.7837166786193848,-2.5337166786193848,assist,Yes
732,1,0,0.13296424019782924,-2.5396828651428223,-0.6646828651428223,assist,No
733,1,0,0.4378234991142019,-1.3450942039489746,-1.0950942039489746,assist,no
734,1,1,0.7310585669110203,-0.6911860108375549,-1.6911859512329102,assist,Yes
735,1,0,0.1480471980316895,-2.4773285388946533,-0.7273285388946533,assist,No
736,1,0,0.09534945975773548,-2.805459976196289,-0.5554599165916443,assist,No
737,1,0,0.0015011825694379204,-6.754506587982178,-0.25450679659843445,assist,No
738,1,0,0.4378234991142019,-1.2952302694320679,-1.0452302694320679,assist,No
739,1,0,0.0031726824654718946,-6.185739994049072,-0.4357398748397827,assist,No
740,1,0,0.004609572179374208,-6.012290000915527,-0.6372900009155273,assist,No
741,1,0,0.004070137595090279,-5.737756252288818,-0.23775622248649597,assist,No
742,1,1,0.7310585669110203,-0.7875438332557678,-1.787543773651123,assist,Yes
743,1,1,0.5926665999540697,-0.9087015390396118,-1.2837015390396118,assist,Yes
744,1,0,0.09534947518185825,-2.8375329971313477,-0.5875331163406372,assist,No
745,1,0,0.37754066879814546,-1.5492023229599,-1.0492023229599,assist,no
746,1,0,0.0009110510587671301,-7.283115386962891,-0.2831152379512787,assist,No
747,1,0,0.0019267347206380085,-6.64068603515625,-0.3906860649585724,assist,No
748,1,0,0.29421497216298875,-1.8515625,-0.9765625,assist,no
749,1,1,0.914900950352329,-0.27794772386550903,-2.6529476642608643,assist,Yes
750,1,0,0.0013250221805946513,-7.203456878662109,-0.578456699848175,assist,No
751,1,1,0.8807970904940926,-0.38520848751068115,-2.3852086067199707,assist,Yes
752,1,0,0.002472622642080892,-6.289287567138672,-0.28928735852241516,assist,No
753,1,0,0.017986206277364275,-4.449980735778809,-0.4499805271625519,assist,No
754,1,1,0.8519528019683106,-0.5571343898773193,-2.3071343898773193,assist,Yes
755,1,0,0.000911051248654057,-7.35059928894043,-0.35059934854507446,assist,No
756,1,0,0.24508500210441886,-1.983963966369629,-0.8589639067649841,assist,no
757,1,0,0.003593603008271459,-6.0171380043029785,-0.39213812351226807,assist,No
758,1,0,0.3775406547908327,-1.3758647441864014,-0.8758646845817566,assist,No
759,1,0,0.0024726237446964848,-6.478426933288574,-0.4784271717071533,assist,No
760,1,0,0.0013250224566495835,-6.976105690002441,-0.3511057198047638,assist,No
761,1,0,0.022977371917159397,-4.20505952835083,-0.45505961775779724,assist,No
762,1,0,0.0031726831252451896,-6.036233901977539,-0.2862339913845062,assist,No
763,1,0,0.002182716185713063,-6.516049385070801,-0.39104926586151123,assist,No
764,1,1,0.9324533126145177,-0.5090476870536804,-3.134047746658325,assist,Yes
765,1,0,0.2689414096510108,-1.9370086193084717,-0.9370085597038269,assist,no
766,1,0,0.00218271670497733,-6.820946216583252,-0.6959463357925415,assist,no
767,1,0,0.0953494648991095,-2.8222248554229736,-0.5722248554229736,assist,No
768,1,1,0.7310585786300049,-0.6727303266525269,-1.6727303266525269,assist,Yes
769,1,1,0.9046505299595163,-0.5909121632575989,-2.840912103652954,assist,Yes
770,1,0,0.0031726824654718946,-6.278984069824219,-0.5289839506149292,assist,No
771,1,0,0.006692852113050128,-5.582026958465576,-0.5820271372795105,assist,no
772,1,0,0.29421497216298875,-1.6207013130187988,-0.7457013130187988,assist,no
773,1,0,0.01590639031229368,-4.424161434173584,-0.2991613447666168,assist,No
774,1,0,0.0024726231566347748,-6.43391752243042,-0.4339175224304199,assist,No
775,1,0,0.008577484653403024,-5.196314811706543,-0.4463147222995758,assist,No
776,1,0,0.02595736171885236,-4.228689193725586,-0.6036893725395203,assist,no
777,1,0,0.1480471980316895,-2.5628530979156494,-0.8128530979156494,assist,no
778,1,0,0.06008665017400762,-3.283834457397461,-0.5338344573974609,assist,No
779,1,0,0.0006263342886910823,-7.628929615020752,-0.25392982363700867,assist,no
780,1,0,0.0004878569483961112,-8.151123046875,-0.5261226892471313,assist,No
781,1,0,0.01098694392594878,-4.943853378295898,-0.443853497505188,assist,No
782,1,1,0.817574471748733,-0.4497828781604767,-1.9497828483581543,assist,Yes
783,1,0,0.015906392644828796,-4.771638870239258,-0.6466389298439026,assist,No
784,1,0,0.0011695102650555148,-7.275197505950928,-0.5251975059509277,assist,No
785,1,0,0.13296424706933604,-2.466618299484253,-0.5916183590888977,assist,no
786,1,1,0.8519528019683106,-0.6982219219207764,-2.4482219219207764,assist,Yes
787,1,0,0.06754669301670263,-3.0213303565979004,-0.3963303864002228,assist,No
788,1,0,0.24508500210441886,-1.8070671558380127,-0.6820670962333679,assist,No
789,1,0,0.006692851716795015,-5.584135055541992,-0.5841351747512817,assist,No
790,1,0,0.014063625390308462,-4.845874786376953,-0.5958746671676636,assist,No
791,1,1,0.5312093733737563,-1.1526237726211548,-1.2776237726211548,assist,Yes
792,1,0,0.017986206803753842,-4.367638111114502,-0.3676379323005676,assist,No
793,1,1,0.9890130580170845,-0.4514755606651306,-4.951475620269775,assist,Yes
794,1,0,0.010986945221304533,-5.08487606048584,-0.584876298904419,assist,No
795,1,1,0.851952809486198,-0.797517716884613,-2.547517776489258,assist,yes
796,1,0,0.3486451217982255,-1.586885690689087,-0.9618856310844421,assist,no
797,1,1,0.8519528170040853,-0.5481394529342651,-2.2981395721435547,assist,Yes
798,1,1,0.7310585786300049,-0.7631702423095703,-1.7631702423095703,assist,Yes
799,1,0,0.007577240371427665,-5.232477188110352,-0.357477068901062,assist,No
800,1,0,0.24508501313237172,-1.6508501768112183,-0.5258501768112183,assist,No
801,1,0,0.3775406547908327,-1.4377965927124023,-0.9377965331077576,assist,No
802,1,0,0.3486451488696663,-1.6185684204101562,-0.993568480014801,assist,no
803,1,0,0.007577242164294059,-5.17503023147583,-0.30003035068511963,assist,No
804,1,1,0.9525741268224334,-0.5047781467437744,-3.5047781467437744,assist,Yes
805,1,0,0.00218271696460951,-6.652190208435059,-0.5271904468536377,assist,No
806,1,1,0.9875683484150417,-0.5464039444923401,-4.921403884887695,assist,Yes
807,1,1,0.8519527906914787,-0.43385395407676697,-2.1838538646698,assist,Yes
808,1,1,0.5312093733737563,-1.148779273033142,-1.273779273033142,assist,Yes
809,1,0,0.0009110511944006454,-7.432225227355957,-0.43222522735595703,assist,No
810,1,1,0.9046505402422645,-0.6425763964653015,-2.8925764560699463,assist,Yes
811,1,0,0.004609572726345088,-6.013462543487549,-0.6384626626968384,assist,no
812,1,0,0.007577242836619065,-5.232473850250244,-0.35747405886650085,assist,No
813,1,1,0.97068777009661,-0.44940897822380066,-3.949409008026123,assist,Yes
814,1,0,0.0015011823460801075,-6.890704154968262,-0.3907042145729065,assist,No
815,1,0,0.01590639544387138,-4.675225257873535,-0.5502254962921143,assist,No
816,1,1,0.7772998611746911,-0.638595461845398,-1.888595461845398,assist,Yes
817,1,0,0.0024726227890962764,-6.392658233642578,-0.3926580846309662,assist,No
818,1,1,0.9796676448764484,-0.4292636811733246,-4.304263591766357,assist,Yes
819,1,0,0.004070138199119559,-5.89283561706543,-0.39283573627471924,assist,No
820,1,1,0.9399133515091156,-0.4284352958202362,-3.1784353256225586,assist,Yes
821,1,1,0.9579122672782973,-0.28670036792755127,-3.4117002487182617,assist,Yes
822,1,0,0.004609572042631499,-5.695664882659912,-0.3206648528575897,assist,No
823,1,0,0.0011695099865486702,-7.101319313049316,-0.3513190746307373,assist,No
824,1,0,0.08509904500702024,-2.975604295730591,-0.6006042957305908,assist,No
825,1,0,0.002472622715588583,-6.390182971954346,-0.3901827931404114,assist,No
826,1,0,0.003172683219498529,-6.143899917602539,-0.3939000368118286,assist,No
827,1,0,0.5,-1.1571974754333496,-1.1571974754333496,assist,No
828,1,0,0.0009110510316404296,-7.6342573165893555,-0.6342571377754211,assist,no
829,1,0,0.007577242052239898,-5.11052942276001,-0.23552952706813812,assist,No
830,1,0,0.017986206803753842,-4.495175838470459,-0.49517565965652466,assist,No
831,1,1,0.9770226314280634,-0.5583810210227966,-4.308381080627441,assist,Yes
832,1,0,0.18242551936144574,-1.9806033372879028,-0.48060330748558044,assist,No
833,1,0,0.009708475335369565,-5.215814113616943,-0.5908139944076538,assist,No
834,1,1,0.9796676430955554,-0.5569865107536316,-4.431986331939697,assist,Yes
835,1,1,0.9525741254760638,-0.3259630501270294,-3.325963020324707,assist,Yes
836,1,0,0.0035936022612815957,-5.980536937713623,-0.3555368483066559,assist,No
837,1,0,0.07585817166422973,-3.1351613998413086,-0.635161280632019,assist,No
838,1,1,0.9046505376715775,-0.4967662990093231,-2.7467663288116455,assist,Yes
839,1,1,0.6224593312018546,-0.9116920232772827,-1.4116920232772827,assist,Yes
840,1,1,0.6791786861878392,-0.7644637227058411,-1.5144636631011963,assist,Yes
841,1,1,0.798186768138228,-0.6468361020088196,-2.021836042404175,assist,Yes
842,1,1,0.880797071719777,-0.4393776059150696,-2.439377546310425,assist,Yes
843,1,0,0.0011695102998688749,-7.101167678833008,-0.3511677086353302,assist,No
844,1,1,0.8807970904940926,-0.5529288053512573,-2.552928924560547,assist,Yes
845,1,1,0.9525741281688026,-0.4830574691295624,-3.4830574989318848,assist,Yes
846,1,0,0.02931223244728875,-3.9595627784729004,-0.45956283807754517,assist,No
847,1,0,0.0031726833137518703,-6.227490425109863,-0.4774905741214752,assist,No
848,1,0,0.0006263340834913398,-7.900306701660156,-0.5253065824508667,assist,No
849,1,0,0.00043055692741172794,-8.327244758605957,-0.5772444009780884,assist,No
850,1,0,0.060086646807761206,-3.373943567276001,-0.6239435076713562,assist,No
851,1,0,0.005220126003077935,-5.690683364868164,-0.44068342447280884,assist,No
852,1,0,0.033085978388704126,-3.87054443359375,-0.49554443359375,assist,no
853,1,1,0.9525741214369554,-0.39544737339019775,-3.395447254180908,assist,Yes
854,1,0,0.4073334000459302,-1.3815696239471436,-1.0065696239471436,assist,no
855,1,0,0.29421497216298875,-1.8969721794128418,-1.0219721794128418,assist,no
856,1,0,0.008577486934330109,-5.452807426452637,-0.702807605266571,assist,no
857,1,0,0.0003799845600323388,-8.35036849975586,-0.4753686189651489,assist,No
858,1,1,0.8175744850834649,-0.6281928420066833,-2.128192901611328,assist,Yes
859,1,0,0.10669060530721626,-2.6517157554626465,-0.526715874671936,assist,No
860,1,0,0.0024726231566347748,-6.47799015045166,-0.47799015045166016,assist,No
861,1,1,0.8670357735451834,-0.4842633008956909,-2.3592634201049805,assist,Yes
862,1,0,0.46879062662624377,-1.393662929534912,-1.268662929534912,assist,no
863,1,1,0.6513548511303336,-0.6744545102119446,-1.2994544506072998,assist,Yes
864,1,0,0.033085978388704126,-3.931731939315796,-0.5567319393157959,assist,No
865,1,1,0.798186768138228,-0.6864977478981018,-2.061497688293457,assist,Yes
866,1,0,0.18242551491653522,-2.162351369857788,-0.6623513102531433,assist,No
867,1,0,0.004609572179374208,-5.767794609069824,-0.3927946090698242,assist,No
868,1,0,0.0850990542883219,-3.024015426635742,-0.6490155458450317,assist,No
869,1,0,0.006692851122412387,-5.397437572479248,-0.39743760228157043,assist,No
870,1,1,0.8670357735451834,-0.5006035566329956,-2.375603675842285,assist,Yes
871,1,0,0.5,-1.231004238128662,-1.231004238128662,assist,no
872,1,1,0.9241418158002492,-0.6675871014595032,-3.1675870418548584,assist,yes
873,1,0,0.009708475335369565,-5.212878704071045,-0.5878785848617554,assist,No
874,1,0,0.29421497216298875,-1.7445448637008667,-0.8695448637008667,assist,No
875,1,0,0.0035936027948457686,-6.206021785736084,-0.5810218453407288,assist,No
876,1,1,0.9706877692486436,-0.4412047863006592,-3.941204786300659,assist,Yes
877,1,0,0.0008040859116848763,-7.3793792724609375,-0.2543792426586151,assist,no
878,1,0,0.006692850131774789,-5.530941486358643,-0.530941367149353,assist,No
879,1,0,0.003593603008271459,-6.059598922729492,-0.43459904193878174,assist,No
880,1,0,0.012431653414389749,-4.779633045196533,-0.4046332538127899,assist,No
881,1,0,0.3208213138121609,-1.729978322982788,-0.9799783825874329,assist,no
882,1,0,0.10669058826486906,-2.848456382751465,-0.7234563231468201,assist,no
883,1,1,0.5621765008857981,-1.1352627277374268,-1.3852627277374268,assist,Yes
884,1,0,0.004070138319925425,-5.934540748596191,-0.43454089760780334,assist,No
885,1,1,0.7310585903489892,-0.5685943961143494,-1.5685944557189941,assist,Yes
886,1,0,0.0017007222596374673,-6.691425800323486,-0.31642571091651917,assist,No
887,1,0,0.1329642264548166,-2.468571662902832,-0.5935715436935425,assist,no
888,1,1,0.754914997895581,-0.5939957499504089,-1.7189958095550537,assist,Yes
889,1,1,0.893309411735131,-0.648655354976654,-2.773655414581299,assist,Yes
890,1,0,0.0021827164453451808,-6.6512532234191895,-0.5262532234191895,assist,No
891,1,1,0.754914997895581,-0.7686540484428406,-1.8936541080474854,assist,Yes
892,1,0,0.0008040858398518034,-7.649822235107422,-0.5248221158981323,assist,no
893,1,0,0.46879062662624377,-1.281114101409912,-1.156114101409912,assist,no
894,1,0,0.00037998439023058795,-8.263175010681152,-0.3881746828556061,assist,No
895,1,0,0.10669059394565118,-2.7138190269470215,-0.5888190269470215,assist,no
896,1,0,0.0031726827011051982,-5.914612293243408,-0.16461224853992462,assist,No
897,1,1,0.6513548782017746,-0.9330450892448425,-1.5580451488494873,assist,Yes
898,1,0,0.007577241491969114,-5.233115196228027,-0.35811522603034973,assist,No
899,1,0,0.004609572726345088,-5.856980800628662,-0.48198091983795166,assist,No
900,1,0,0.03308598220236406,-3.881960868835449,-0.5069609880447388,assist,No
901,1,1,0.7310585786300049,-0.6880320310592651,-1.6880320310592651,assist,Yes
902,1,0,0.4073334000459302,-1.3382956981658936,-0.9632956981658936,assist,No
903,1,1,0.9626731083722525,-0.4336925745010376,-3.683692455291748,assist,Yes
904,1,1,0.9770226314280634,-0.5671390891075134,-4.317139148712158,assist,Yes
905,1,1,0.7772998508568416,-0.670718252658844,-1.9207181930541992,assist,Yes
906,1,1,0.9399133447766225,-0.32119283080101013,-3.071192741394043,assist,Yes
907,1,0,0.01798620575097472,-4.539074897766113,-0.5390746593475342,assist,No
908,1,0,0.004609571222175325,-5.729913234710693,-0.35491302609443665,assist,No
909,1,0,0.008577484399966718,-5.188002109527588,-0.43800199031829834,assist,No
910,1,1,0.7772998714925403,-0.6661517024040222,-1.916151762008667,assist,Yes
911,1,1,0.754914997895581,-0.5839926600456238,-1.7089927196502686,assist,Yes
912,1,0,0.0010322309752925658,-7.399934768676758,-0.524934709072113,assist,no
913,1,0,0.0017007227150309691,-7.009946823120117,-0.6349470019340515,assist,no
914,1,1,0.8354835452961425,-0.6111559271812439,-2.2361559867858887,assist,Yes
915,1,1,0.8807970779778823,-0.8134000301361084,-2.8134000301361084,assist,Yes
916,1,1,0.7772998611746911,-0.6205452680587769,-1.8705452680587769,assist,Yes
917,1,1,0.6513548646660542,-0.6797664165496826,-1.3047664165496826,assist,Yes
918,1,0,0.0007096703568309563,-7.638359546661377,-0.3883594870567322,assist,no
919,1,0,0.09534945975773548,-3.0135529041290283,-0.7635528445243835,assist,No
920,1,1,0.914900950352329,-0.7325478196144104,-3.1075477600097656,assist,yes
921,1,0,0.006692850131774789,-5.6989359855651855,-0.698935866355896,assist,no
922,1,0,0.03732689162774753,-3.7707648277282715,-0.520764946937561,assist,No
923,1,0,0.00591106763038807,-5.518365859985352,-0.39336565136909485,assist,No
924,1,0,0.010986944897465581,-4.825366497039795,-0.32536670565605164,assist,No
925,1,1,0.9669140206578809,-0.356949120759964,-3.7319490909576416,assist,Yes
926,1,1,0.5926665999540697,-0.9337499141693115,-1.3087499141693115,assist,Yes
927,1,0,0.015906388912772775,-4.618957996368408,-0.4939578175544739,assist,No
928,1,0,0.13296424706933604,-2.466984510421753,-0.5919845700263977,assist,No
929,1,0,0.0021827165751612514,-6.604530334472656,-0.479530394077301,assist,no
930,1,1,0.679178699175393,-0.8631495237350464,-1.6131495237350464,assist,Yes
931,1,0,0.0015011820780507757,-7.078329563140869,-0.5783294439315796,assist,No
932,1,0,0.005911069906977476,-5.415678024291992,-0.2906782031059265,assist,No
933,1,0,0.4378234991142019,-1.2702460289001465,-1.0202460289001465,assist,no
934,1,0,0.007577242836619065,-5.313516139984131,-0.4385163486003876,assist,No
935,1,0,0.00037998468455367106,-8.263104438781738,-0.3881048858165741,assist,No
936,1,1,0.914900945711678,-0.473213791847229,-2.8482136726379395,assist,yes
937,1,0,0.24508500210441886,-1.979844331741333,-0.8548442721366882,assist,no
938,1,0,0.0008040859356292355,-7.601642608642578,-0.4766426086425781,assist,No
939,1,0,0.0009110510858938316,-7.43110990524292,-0.43110978603363037,assist,No
940,1,0,0.0009110513300341806,-7.315378189086914,-0.315378338098526,assist,No
941,1,0,0.01798620890931226,-4.491399765014648,-0.49139970541000366,assist,No
942,1,0,0.0024726231566347748,-6.6363844871521,-0.6363844871520996,assist,no
943,1,0,0.002472622715588583,-6.579726219177246,-0.5797260403633118,assist,No
944,1,1,0.8175744761936437,-0.4477037191390991,-1.9477037191390991,assist,Yes
945,1,0,0.0002959570606074883,-8.758793830871582,-0.6337936520576477,assist,No
946,1,0,0.0028009270919814614,-6.059424877166748,-0.18442492187023163,assist,No
947,1,0,0.001700722158438928,-6.809202194213867,-0.43420204520225525,assist,No
948,1,0,0.2689414330889798,-1.9062767028808594,-0.9062767624855042,assist,no
949,1,0,0.5,-1.2964097261428833,-1.2964097261428833,assist,no
950,1,1,0.9465966702001757,-0.40398406982421875,-3.2789840698242188,assist,Yes
951,1,1,0.9399133531922388,-0.551402747631073,-3.3014028072357178,assist,Yes
952,1,0,0.06754668738548215,-3.0996463298797607,-0.47464627027511597,assist,no
953,1,1,0.6224593312018546,-0.967575192451477,-1.467575192451477,assist,Yes
954,1,1,0.9149009596336303,-0.4316675066947937,-2.8066675662994385,assist,Yes
955,1,0,0.0007096702722916998,-7.885510444641113,-0.635510265827179,assist,No
956,1,0,0.029312223967627556,-4.0057878494262695,-0.5057876110076904,assist,No
957,1,0,0.005220126003077935,-5.833107948303223,-0.5831080079078674,assist,no
958,1,0,0.0007096705047746792,-7.639290809631348,-0.3892909586429596,assist,No
959,1,0,0.0059110692064883365,-5.708952903747559,-0.5839529633522034,assist,No
960,1,0,0.005911070257222078,-5.609097480773926,-0.4840977191925049,assist,No
961,1,0,0.00669285072615733,-5.2893853187561035,-0.28938528895378113,assist,No
962,1,0,0.01098694392594878,-4.987200736999512,-0.48720085620880127,assist,No
963,1,0,0.009708474762317362,-5.07135534286499,-0.4463551640510559,assist,No
964,1,0,0.009708475908421797,-5.273343086242676,-0.648343026638031,assist,No
965,1,0,0.3775406547908327,-1.4823229312896729,-0.9823228716850281,assist,No
966,1,1,0.5621765008857981,-1.1180236339569092,-1.3680236339569092,assist,Yes
967,1,0,0.10669059394565118,-2.6214869022369385,-0.4964869022369385,assist,no
968,1,0,0.0028009270503612984,-6.355522632598877,-0.48052266240119934,assist,No
969,1,0,0.00218271696460951,-6.820918083190918,-0.6959183216094971,assist,no
970,1,0,0.017986210488481234,-4.411602020263672,-0.41160205006599426,assist,No
971,1,1,0.5926665999540697,-1.0740236043930054,-1.4490236043930054,assist,Yes
972,1,0,0.01243164902375476,-4.70407247543335,-0.32907232642173767,assist,No
973,1,0,0.22270013882530884,-1.9183307886123657,-0.6683307886123657,assist,no
974,1,0,0.0035936023679944244,-6.019984245300293,-0.3949841856956482,assist,No
975,1,1,0.8670357735451834,-0.550841212272644,-2.4258413314819336,assist,Yes
976,1,0,0.007577242164294059,-5.312436580657959,-0.43743669986724854,assist,No
977,1,0,0.4073334000459302,-1.293499231338501,-0.918499231338501,assist,No
978,1,1,0.9740426458162398,-0.5178717374801636,-4.142871856689453,assist,Yes
979,1,0,0.008577483386221569,-5.390229225158691,-0.6402289867401123,assist,No
980,1,1,0.8670357460591569,-0.5315767526626587,-2.406576633453369,assist,Yes
981,1,1,0.5312093733737563,-1.1093194484710693,-1.2343194484710693,assist,Yes
982,1,0,0.010986941335237732,-5.037674903869629,-0.5376747846603394,assist,No
983,1,1,0.9669140225647107,-0.456893652677536,-3.8318936824798584,assist,Yes
984,1,1,0.835483553488848,-0.5753782987594604,-2.20037841796875,assist,Yes
985,1,0,0.32082130082460697,-1.6780908107757568,-0.9280908107757568,assist,no
986,1,0,0.46879062662624377,-1.2182097434997559,-1.0932097434997559,assist,no
987,1,0,0.020332355717182622,-4.523570537567139,-0.6485706567764282,assist,no
988,1,1,0.8175744761936437,-0.6214983463287354,-2.1214983463287354,assist,Yes
989,1,0,0.0011695104043089619,-7.328394412994385,-0.5783945322036743,assist,No
990,1,0,0.0028009264676790765,-6.308084964752197,-0.43308478593826294,assist,No
991,1,1,0.9796676442828175,-0.3409053087234497,-4.21590518951416,assist,Yes
992,1,1,0.9796676466573412,-0.5069108009338379,-4.381910800933838,assist,Yes
993,1,0,0.010986940039882433,-5.036284446716309,-0.5362842082977295,assist,No
994,1,0,0.4378234991142019,-1.3794548511505127,-1.1294548511505127,assist,No
995,1,1,0.7310585786300049,-0.5769424438476562,-1.5769424438476562,assist,Yes
996,1,0,0.18242553269617778,-2.2176718711853027,-0.7176719307899475,assist,no
997,1,1,0.7772998611746911,-0.5412373542785645,-1.7912373542785645,assist,Yes
998,1,1,0.974042648076767,-0.4890725910663605,-4.114072799682617,assist,Yes
999,1,0,0.008577484399966718,-5.238396167755127,-0.4883960485458374,assist,No
1000,1,0,0.053403329799824234,-3.516627550125122,-0.6416275501251221,assist,No
1001,1,0,0.06008665354025422,-3.4582741260528564,-0.7082741856575012,assist,no
1002,1,0,0.20181322226037882,-1.851027011871338,-0.4760270118713379,assist,No
1003,1,1,0.6513548782017746,-0.8499390482902527,-1.4749391078948975,assist,Yes
1004,1,0,0.0011695102650555148,-7.384964942932129,-0.6349649429321289,assist,No
1005,1,0,0.18242550602671442,-2.145435333251953,-0.6454352140426636,assist,no
1006,1,0,0.025957358704815272,-4.081569671630859,-0.45656973123550415,assist,No
1007,1,0,0.00043055708132461493,-8.138993263244629,-0.3889932632446289,assist,no
1008,1,0,0.025957352676742106,-4.283655166625977,-0.6586549878120422,assist,No
1009,1,0,0.10669059394565118,-2.7932817935943604,-0.6682817935943604,assist,No
1010,1,0,0.01590639357784294,-4.769774436950684,-0.6447745561599731,assist,no
1011,1,0,0.04742587856304458,-3.51729154586792,-0.5172916650772095,assist,No
1012,1,0,0.0003799844694713956,-8.263266563415527,-0.3882664442062378,assist,No
1013,1,0,0.01590639171181471,-4.501145839691162,-0.3761458396911621,assist,No
1014,1,0,0.37754066879814546,-1.5249074697494507,-1.0249074697494507,assist,No
1015,1,0,0.1480471980316895,-2.374032497406006,-0.6240324974060059,assist,No
1016,1,0,0.0024726235976810437,-6.433298587799072,-0.4332987666130066,assist,No
1017,1,0,0.20181322226037882,-1.967834711074829,-0.5928347110748291,assist,No
1018,1,0,0.001700722209038197,-6.900448322296143,-0.525448203086853,assist,No
1019,1,0,0.00033535013046647816,-8.253559112548828,-0.2535591125488281,assist,No
1020,1,0,0.37754066879814546,-1.3976256847381592,-0.8976256847381592,assist,no
1021,1,1,0.7772998611746911,-0.6432631015777588,-1.8932631015777588,assist,Yes
1022,1,1,0.5312093733737563,-1.1226913928985596,-1.2476913928985596,assist,Yes
1023,1,0,0.04742587856304458,-3.5425004959106445,-0.5425006151199341,assist,No
1024,1,0,0.11920293453832885,-2.608977794647217,-0.6089779138565063,assist,no
1025,1,1,0.5926665855647394,-0.9074535965919495,-1.2824535369873047,assist,Yes
1026,1,0,0.13296424019782924,-2.4031310081481934,-0.5281310081481934,assist,No
1027,1,0,0.0010322309752925658,-7.352776050567627,-0.4777759909629822,assist,no
1028,1,0,0.0013250222200310669,-7.015942573547363,-0.39094242453575134,assist,No
1029,1,0,0.09534945975773548,-2.7443251609802246,-0.49432510137557983,assist,No
1030,1,1,0.8354835452961425,-0.4265381693840027,-2.0515382289886475,assist,Yes
1031,1,1,0.7310585786300049,-0.6611889600753784,-1.6611889600753784,assist,Yes
1032,1,0,0.0003353501904116503,-8.38880443572998,-0.3888046145439148,assist,No
1033,1,0,0.0035936021545687705,-6.109399318695068,-0.4843991994857788,assist,No
1034,1,0,0.006692851716795015,-5.531407356262207,-0.5314074754714966,assist,No
1035,1,0,0.06754669489377622,-3.3156776428222656,-0.6906777024269104,assist,No
1036,1,1,0.893309411735131,-0.4689256548881531,-2.593925714492798,assist,Yes
1037,1,0,0.0031726824654718946,-6.387257099151611,-0.6372569799423218,assist,no
1038,1,0,0.0013250221805946513,-7.203946590423584,-0.5789464116096497,assist,no
1039,1,0,0.07585818002124356,-3.1234471797943115,-0.6234471797943115,assist,no
1040,1,0,0.002800927216841955,-6.193169593811035,-0.3181696832180023,assist,No
1041,1,1,0.9399133464597458,-0.36573606729507446,-3.1157360076904297,assist,Yes
1042,1,0,0.0004305568761074445,-8.180564880371094,-0.43056440353393555,assist,No
1043,1,0,0.007577240371427665,-5.404677391052246,-0.5296772718429565,assist,No
1044,1,1,0.8354835207180245,-0.5082088708877563,-2.133208751678467,assist,Yes
1045,1,1,0.6513548646660542,-0.741398811340332,-1.366398811340332,assist,Yes
1046,1,0,0.0011695105261557417,-6.977910995483398,-0.22791121900081635,assist,No
1047,1,0,0.007577240371427665,-5.232875823974609,-0.3578757047653198,assist,No
1048,1,0,0.20181322226037882,-1.968416452407837,-0.5934164524078369,assist,No
1049,1,0,0.005220126931636656,-5.889917373657227,-0.6399176120758057,assist,No
1050,1,1,0.89330940889474,-0.4410564601421356,-2.566056489944458,assist,Yes
1051,1,0,0.006692852311177695,-5.39632511138916,-0.39632532000541687,assist,No
1052,1,0,0.24508502416032488,-1.7976131439208984,-0.6726132035255432,assist,No
1053,1,0,0.006692851122412387,-5.356627941131592,-0.3566279709339142,assist,No
1054,1,0,0.1480472055495773,-2.5739171504974365,-0.8239172101020813,assist,no
1055,1,1,0.5926665999540697,-1.0994672775268555,-1.4744672775268555,assist,Yes
1056,1,0,0.0017007225632331216,-6.852278232574463,-0.47727832198143005,assist,no
1057,1,0,0.0009110512757807642,-7.3518967628479,-0.35189685225486755,assist,No
1058,1,1,0.9465966671870767,-0.42080551385879517,-3.2958054542541504,assist,Yes
1059,1,0,0.009708475908421797,-5.217453956604004,-0.5924538969993591,assist,No
1060,1,0,0.4073334000459302,-1.4545775651931763,-1.0795775651931763,assist,no
1061,1,0,0.2689414330889798,-1.9271433353424072,-0.927143394947052,assist,No
1062,1,1,0.8670357598021706,-0.544795036315918,-2.419795036315918,assist,Yes
1063,1,1,0.8354835452961425,-0.530960738658905,-2.15596079826355,assist,Yes
1064,1,0,0.005220126622117065,-5.833773136138916,-0.5837733149528503,assist,No
1065,1,0,0.001700722816229541,-6.953869819641113,-0.5788700580596924,assist,No
1066,1,0,0.11920292202211755,-2.6995625495910645,-0.6995625495910645,assist,no
1067,1,1,0.9525741268224334,-0.5461487770080566,-3.5461487770080566,assist,Yes
1068,1,0,0.020332356310813628,-4.28260612487793,-0.4076062738895416,assist,No
1069,1,0,0.2689414213699951,-1.8587327003479004,-0.8587327003479004,assist,no
1070,1,0,0.0009110512215273508,-7.4762725830078125,-0.4762726128101349,assist,No
1071,1,1,0.6791787121629466,-0.8842598795890808,-1.6342599391937256,assist,Yes
1072,1,1,0.9324533144915912,-0.4159475862979889,-3.040947675704956,assist,Yes
1073,1,0,0.025957354183760273,-4.196915626525879,-0.5719155073165894,assist,No
1074,1,0,0.4073334000459302,-1.3750718832015991,-1.0000718832015991,assist,No
1075,1,0,0.002472623009619369,-6.390936374664307,-0.39093631505966187,assist,No
1076,1,0,0.1645164628965632,-2.317035675048828,-0.6920356750488281,assist,no
1077,1,0,0.34864513533394575,-1.6034026145935059,-0.9784026145935059,assist,no
1078,1,0,0.29421497216298875,-1.8133424520492554,-0.9383424520492554,assist,no
1079,1,1,0.8933094060543487,-0.6116373538970947,-2.7366373538970947,assist,Yes
1080,1,0,0.4378234991142019,-1.3481426239013672,-1.0981426239013672,assist,No
1081,1,0,0.22270013882530884,-1.9041463136672974,-0.6541463136672974,assist,No
1082,1,0,0.3208213138121609,-1.5339233875274658,-0.7839234471321106,assist,No
1083,1,1,0.7057850154599563,-0.7010012269020081,-1.5760011672973633,assist,Yes
1084,1,0,0.4378234991142019,-1.4097293615341187,-1.1597293615341187,assist,No
1085,1,0,0.025957354183760273,-4.131263256072998,-0.5062631368637085,assist,No
1086,1,0,0.00407013711186692,-5.934624195098877,-0.434624046087265,assist,No
1087,1,1,0.9465966702001757,-0.5174994468688965,-3.3924994468688965,assist,Yes
1088,1,0,0.06008664344151498,-3.2472739219665527,-0.4972738027572632,assist,No
1089,1,0,0.24508500210441886,-2.035952568054199,-0.9109525084495544,assist,no
1090,1,0,0.0005527787521784759,-7.930887699127197,-0.430887907743454,assist,No
1091,1,1,0.9579122720843811,-0.7466859817504883,-3.8716859817504883,assist,Yes
1092,1,0,0.003172683408005215,-6.329961776733398,-0.5799619555473328,assist,No
1093,1,1,0.9890130573694068,-0.4083290100097656,-4.908329010009766,assist,Yes
1094,1,0,0.32082130082460697,-1.6176847219467163,-0.8676847219467163,assist,No
1095,1,0,0.4073334000459302,-1.4212932586669922,-1.0462932586669922,assist,No
1096,1,0,0.1329642264548166,-2.419741153717041,-0.5447410345077515,assist,no
1097,1,0,0.01798621364681958,-4.411701202392578,-0.41170141100883484,assist,No
1098,1,0,0.022977373924293353,-4.402759075164795,-0.6527592539787292,assist,No
1099,1,0,0.18242551491653522,-2.1737592220306396,-0.6737591624259949,assist,no
1100,1,1,0.851952809486198,-0.46225565671920776,-2.2122557163238525,assist,Yes
1101,1,0,0.4378234991142019,-1.3744534254074097,-1.1244534254074097,assist,no
1102,1,1,0.9626731169394882,-0.3538612127304077,-3.6038613319396973,assist,Yes
1103,1,0,0.005911068856243796,-5.707586765289307,-0.5825867652893066,assist,No
1104,1,0,0.010986944573626636,-5.045330047607422,-0.5453302264213562,assist,No
1105,1,0,0.014063628282948357,-4.582278251647949,-0.3322783410549164,assist,No
1106,1,1,0.9465966641739773,-0.43255817890167236,-3.307558059692383,assist,Yes
1107,1,0,0.24508502416032488,-1.8238279819488525,-0.6988280415534973,assist,No
1108,1,0,0.0031726824654718946,-6.141031742095947,-0.3910316228866577,assist,No
1109,1,0,0.0011695104739356916,-7.22609806060791,-0.4760982394218445,assist,No
1110,1,0,0.002182716899701462,-6.441359996795654,-0.316360205411911,assist,No
1111,1,0,0.0011695104043089619,-7.275360584259033,-0.5253607034683228,assist,No
1112,1,0,0.012431650121413363,-4.816359043121338,-0.4413589835166931,assist,No
1113,1,0,0.4073334000459302,-1.4768413305282593,-1.1018413305282593,assist,no
1114,1,0,0.0015011821227223277,-6.857613563537598,-0.3576134741306305,assist,No
1115,1,0,0.008577485920584663,-5.04323673248291,-0.29323679208755493,assist,No
1116,1,0,0.0007096702722916998,-7.641291618347168,-0.39129143953323364,assist,No
1117,1,0,0.00037998453739210097,-8.452044486999512,-0.5770445466041565,assist,No
1118,1,0,0.46879062662624377,-1.3317464590072632,-1.2067464590072632,assist,No
1119,1,1,0.9046505325302034,-0.4703960716724396,-2.720396041870117,assist,Yes
1120,1,0,0.5,-1.1222801208496094,-1.1222801208496094,assist,no
1121,1,0,0.37754066879814546,-1.4661747217178345,-0.9661747217178345,assist,No
1122,1,0,0.0031726822769652645,-6.330831050872803,-0.5808308720588684,assist,No
1123,1,1,0.8354835371034369,-0.5559720993041992,-2.180972099304199,assist,Yes
1124,1,0,0.004609571358918011,-6.073905944824219,-0.6989057660102844,assist,no
1125,1,0,0.0031726826539785367,-6.277409553527832,-0.5274094939231873,assist,No
1126,1,0,0.0017007227909298973,-6.60266637802124,-0.22766660153865814,assist,No
1127,1,0,0.24508502416032488,-1.9346556663513184,-0.8096557259559631,assist,No
1128,1,0,0.46879062662624377,-1.2392487525939941,-1.1142487525939941,assist,no
1129,1,1,0.9525741322079105,-0.6349605321884155,-3.634960651397705,assist,Yes
1130,1,1,0.5621765008857981,-0.9729371070861816,-1.2229371070861816,assist,Yes
1131,1,0,0.5,-1.1986526250839233,-1.1986526250839233,assist,no
1132,1,0,0.0021827165751612514,-6.703598976135254,-0.5785990357398987,assist,No
1133,1,0,0.07585817584273653,-3.068411350250244,-0.5684112906455994,assist,no
1134,1,0,0.0850990357257195,-2.905400276184082,-0.5304001569747925,assist,No
1135,1,0,0.0021827166400692896,-6.442182540893555,-0.31718263030052185,assist,No
1136,1,0,0.4378234991142019,-1.2787048816680908,-1.0287048816680908,assist,No
1137,1,1,0.9669140216112958,-0.5263669490814209,-3.901366949081421,assist,Yes
1138,1,1,0.9324533032291502,-0.4104808270931244,-3.0354807376861572,assist,Yes
1139,1,0,0.0008040859595735953,-7.603277206420898,-0.4782772362232208,assist,no
1140,1,1,0.5621765155565327,-0.9517900347709656,-1.2017900943756104,assist,Yes
1141,1,1,0.7772998508568416,-0.728196918964386,-1.9781968593597412,assist,Yes
1142,1,1,0.904650527388829,-0.3327518403530121,-2.582751750946045,assist,Yes
1143,1,0,0.002182716185713063,-6.821566581726074,-0.6965664625167847,assist,no
1144,1,0,0.004070137957507836,-6.137234210968018,-0.6372342705726624,assist,No
1145,1,1,0.8670357735451834,-0.5967873334884644,-2.471787452697754,assist,Yes
1146,1,0,0.005220126467357275,-5.53772497177124,-0.2877251207828522,assist,No
1147,1,1,0.851952809486198,-0.6884517073631287,-2.4384517669677734,assist,Yes
1148,1,0,0.015906388446265834,-4.570282936096191,-0.4452827274799347,assist,No
1149,1,1,0.7772998611746911,-0.6034120321273804,-1.8534120321273804,assist,Yes
1150,1,0,0.11920293453832885,-2.6702513694763184,-0.6702514886856079,assist,No
1151,1,0,0.00020342694774839332,-8.930366516113281,-0.4303663671016693,assist,No
1152,1,1,0.7057850278370112,-0.821792483329773,-1.696792483329773,assist,Yes
1153,1,1,0.9465966671870767,-0.6094616055488586,-3.484461545944214,assist,Yes
1154,1,0,0.037326887344129464,-3.5809786319732666,-0.3309786319732666,assist,No
1155,1,0,0.22270011818961086,-2.016732692718506,-0.7667325735092163,assist,No
1156,1,0,0.20181322226037882,-2.0674164295196533,-0.6924164295196533,assist,No
1157,1,1,0.5312093733737563,-1.1335422992706299,-1.2585422992706299,assist,Yes
1158,1,0,0.00037998465059330366,-8.128342628479004,-0.25334298610687256,assist,No
1159,1,0,0.0159063898457867,-4.776149272918701,-0.6511491537094116,assist,No
1160,1,0,0.2689414213699951,-1.9968996047973633,-0.9968996047973633,assist,no
1161,1,0,0.09534945461636171,-2.869093894958496,-0.6190937757492065,assist,no
1162,1,0,0.04742587587030561,-3.579899549484253,-0.5798996090888977,assist,no
1163,1,1,0.7772998611746911,-0.6828055381774902,-1.9328055381774902,assist,Yes
1164,1,1,0.8519528019683106,-0.4041571617126465,-2.1541571617126465,assist,Yes
1165,1,0,0.24508501313237172,-1.647518277168274,-0.5225182771682739,assist,No
1166,1,0,0.09534945975773548,-2.9721662998199463,-0.7221662402153015,assist,no
1167,1,0,0.24508501313237172,-1.8806793689727783,-0.7556793689727783,assist,no
1168,1,1,0.8670357494949105,-0.4485505521297455,-2.3235504627227783,assist,Yes
1169,1,0,0.2689414330889798,-1.6144754886627197,-0.6144755482673645,assist,No
1170,1,0,0.01406362456384003,-4.897848606109619,-0.6478484272956848,assist,No
1171,1,0,0.0850990542883219,-2.8504891395568848,-0.4754892587661743,assist,No
1172,1,1,0.8519527944504226,-0.6146402955055237,-2.364640235900879,assist,Yes
1173,1,1,0.5926665999540697,-1.0114355087280273,-1.3864355087280273,assist,Yes
1174,1,0,0.00033535029032029444,-8.524663925170898,-0.5246644020080566,assist,no
1175,1,1,0.851952809486198,-0.7055763602256775,-2.4555764198303223,assist,Yes
1176,1,1,0.8354835371034369,-0.6689574718475342,-2.293957471847534,assist,Yes
1177,1,1,0.8354835371034369,-0.6646969318389893,-2.2896969318389893,assist,Yes
1178,1,1,0.9241418241572634,-0.5022978186607361,-3.002297878265381,assist,Yes
1179,1,0,0.014063627456479755,-4.555413722991943,-0.30541375279426575,assist,No
1180,1,1,0.5926665999540697,-1.0493780374526978,-1.4243780374526978,assist,Yes
1181,1,1,0.9840936092211993,-0.5069374442100525,-4.631937503814697,assist,Yes
1182,1,0,0.07585817584273653,-3.1989734172821045,-0.6989733576774597,assist,No
1183,1,0,0.022977373255248682,-4.036733150482178,-0.2867332994937897,assist,No
1184,1,1,0.6224593312018546,-0.7879853248596191,-1.2879853248596191,assist,Yes
1185,1,0,0.002800927216841955,-6.307961940765381,-0.432962030172348,assist,No
1186,1,0,0.003593603008271459,-6.103532314300537,-0.47853243350982666,assist,No
1187,1,0,0.009708476481474066,-5.111517906188965,-0.48651790618896484,assist,No
1188,1,0,0.000911051248654057,-7.3887834548950195,-0.3887835144996643,assist,No
1189,1,0,0.0019267345487064141,-6.533620834350586,-0.28362077474594116,assist,No
1190,1,1,0.9859363704773486,-0.2296125292778015,-4.479612350463867,assist,Yes
1191,1,0,0.00037998442419093204,-8.400303840637207,-0.5253036022186279,assist,No
1192,1,1,0.8354835207180245,-0.6259313821792603,-2.2509312629699707,assist,Yes
1193,1,1,0.8354835452961425,-0.719937264919281,-2.344937324523926,assist,Yes
1194,1,0,0.16451645470385742,-2.1387686729431152,-0.5137686133384705,assist,No
1195,1,0,0.0031726826539785367,-6.386346340179443,-0.6363462805747986,assist,No
1196,1,1,0.977022627413796,-0.4784494638442993,-4.22844934463501,assist,Yes
1197,1,0,0.0031726826539785367,-6.386133670806885,-0.63613361120224,assist,no
1198,1,0,0.04208772791561884,-3.7489519119262695,-0.6239519119262695,assist,No
1199,1,0,0.0017007221078396608,-7.070886611938477,-0.6958864331245422,assist,no
1200,1,0,0.4073334000459302,-1.4441497325897217,-1.0691497325897217,assist,no
1201,1,0,0.16451645470385742,-2.3371636867523193,-0.7121636271476746,assist,no
1202,1,0,0.0040701374742844335,-6.0297932624816895,-0.5297932028770447,assist,No
1203,1,0,0.3775406828054583,-1.3523786067962646,-0.8523786664009094,assist,No
1204,1,0,0.003172683219498529,-6.449121475219727,-0.6991215944290161,assist,no
1205,1,1,0.6224593312018546,-1.0267490148544312,-1.5267490148544312,assist,Yes
1206,1,0,0.02033235452992065,-4.584671974182129,-0.7096720337867737,assist,no
1207,1,0,0.010986941982915435,-4.8600993156433105,-0.36009925603866577,assist,No
1208,1,0,0.0031726830309918535,-6.3296427726745605,-0.5796428322792053,assist,No
1209,1,1,0.8175744673038221,-0.7269344925880432,-2.2269344329833984,assist,Yes
1210,1,1,0.8933094032139576,-0.41199949383735657,-2.536999464035034,assist,Yes
1211,1,1,0.9669140187510509,-0.41319188475608826,-3.788191795349121,assist,Yes
1212,1,0,0.025957354183760273,-4.285124778747559,-0.660124659538269,assist,No
1213,1,0,0.11920293453832885,-2.4774632453918457,-0.47746336460113525,assist,no
1214,1,1,0.7981867777396212,-0.6551384925842285,-2.0301384925842285,assist,Yes
1215,1,0,0.2942149845400438,-1.757493019104004,-0.8824930787086487,assist,no
1216,1,1,0.9324533051062237,-0.4879210591316223,-3.1129209995269775,assist,Yes
1217,1,1,0.8354835371034369,-0.6334521770477295,-2.2584521770477295,assist,Yes
1218,1,1,0.9324533107374443,-0.3401772677898407,-2.965177297592163,assist,Yes
1219,1,1,0.9706877726405082,-0.38731372356414795,-3.8873138427734375,assist,Yes
1220,1,1,0.9465966717067252,-0.3564119040966034,-3.231411933898926,assist,Yes
1221,1,0,0.0008040859835179557,-7.702673435211182,-0.5776734948158264,assist,No
1222,1,0,0.005220125384038879,-5.7358293533325195,-0.48582929372787476,assist,No
1223,1,0,0.053403329799824234,-3.5289509296417236,-0.6539509296417236,assist,no
1224,1,1,0.8354835207180245,-0.652295708656311,-2.2772955894470215,assist,Yes
1225,1,1,0.9465966762263737,-0.5440820455551147,-3.4190821647644043,assist,Yes
1226,1,1,0.8175744584140004,-0.7114402055740356,-2.211440086364746,assist,Yes
1227,1,0,0.009708476481474066,-5.1594343185424805,-0.5344343185424805,assist,No
1228,1,0,0.02931223287127187,-3.730210542678833,-0.23021061718463898,assist,No
1229,1,0,0.0028009266341596987,-6.40256929397583,-0.5275691747665405,assist,No
1230,1,0,0.2689414330889798,-1.8765711784362793,-0.8765712380409241,assist,No
1231,1,1,0.6224593312018546,-0.9916491508483887,-1.4916491508483887,assist,Yes
1232,1,0,0.06008665017400762,-3.1594443321228027,-0.40944433212280273,assist,No
1233,1,1,0.6513548646660542,-0.9552710056304932,-1.5802710056304932,assist,Yes
1234,1,1,0.9399133531922388,-0.41942399740219116,-3.169424057006836,assist,Yes
1235,1,1,0.798186768138228,-0.626965343952179,-2.001965284347534,assist,Yes
1236,1,0,0.10669060530721626,-2.7726521492004395,-0.647652268409729,assist,No
1237,1,0,0.004070137595090279,-5.935070514678955,-0.4350704848766327,assist,No
1238,1,0,0.07585818002124356,-3.09511661529541,-0.5951166152954102,assist,No
1239,1,0,0.025957358704815272,-4.233947277069092,-0.6089473366737366,assist,No
1240,1,0,0.0021827165751612514,-6.603024959564209,-0.47802501916885376,assist,No
1241,1,0,0.005220124610240159,-5.575112819671631,-0.32511261105537415,assist,No
1242,1,0,0.008577486427457372,-5.046145439147949,-0.29614555835723877,assist,No
1243,1,0,0.0013250221017218242,-7.150722503662109,-0.5257222652435303,assist,No
1244,1,0,0.012431648840811669,-4.614894866943359,-0.23989470303058624,assist,No
1245,1,0,0.020332355717182622,-4.417882919311523,-0.542883038520813,assist,No
1246,1,0,0.0019267344340853601,-6.5682597160339355,-0.318259596824646,assist,No
1247,1,0,0.004609572316116922,-5.811082363128662,-0.4360823929309845,assist,No
1248,1,0,0.0031726830309918535,-6.331486225128174,-0.5814862847328186,assist,No
1249,1,0,0.006692849735519792,-5.5843586921691895,-0.5843585133552551,assist,no
1250,1,0,0.007577242836619065,-5.201741695404053,-0.32674190402030945,assist,No
1251,1,0,0.0028009274665629583,-6.308060646057129,-0.43306082487106323,assist,No
1252,1,1,0.8670357598021706,-0.601356029510498,-2.476356029510498,assist,Yes
1253,1,0,0.033085978388704126,-3.878959894180298,-0.5039598941802979,assist,No
1254,1,1,0.867035752930664,-0.5812276005744934,-2.4562275409698486,assist,Yes
1255,1,1,0.8519527944504226,-0.5114193558692932,-2.2614192962646484,assist,Yes
1256,1,0,0.1645164792819756,-2.3529372215270996,-0.7279373407363892,assist,No
1257,1,1,0.9465966717067252,-0.3125433623790741,-3.1875433921813965,assist,Yes
1258,1,0,0.10669060530721626,-2.8561534881591797,-0.7311536073684692,assist,No
1259,1,0,0.20181320305759334,-2.0943856239318848,-0.7193855047225952,assist,No
1260,1,0,0.2689414330889798,-1.8924806118011475,-0.8924806714057922,assist,No
1261,1,0,0.005220126003077935,-5.779909610748291,-0.5299096703529358,assist,No
1262,1,1,0.6791786861878392,-0.9737651944160461,-1.7237651348114014,assist,Yes
1263,1,0,0.014063627456479755,-4.596763610839844,-0.34676364064216614,assist,No
1264,1,0,0.029312230751356316,-4.048182487487793,-0.548182487487793,assist,No
1265,1,0,0.13296424706933604,-2.4861342906951904,-0.6111343502998352,assist,No
1266,1,0,0.002800926800640331,-6.456280708312988,-0.5812806487083435,assist,No
1267,1,0,0.015906394510857135,-4.490450859069824,-0.36545103788375854,assist,No
1268,1,0,0.29421497216298875,-1.6854586601257324,-0.8104586601257324,assist,No
1269,1,0,0.00037998440155070234,-8.101816177368164,-0.22681587934494019,assist,No
1270,1,0,0.003172682748231862,-6.141425609588623,-0.39142557978630066,assist,No
1271,1,0,0.37754066879814546,-1.4654682874679565,-0.9654682874679565,assist,No
1272,1,1,0.9770226354423304,-0.48838305473327637,-4.2383832931518555,assist,Yes
1273,1,0,0.0028009273000822866,-6.265703201293945,-0.39070332050323486,assist,No
1274,1,0,0.014063628696182679,-4.957070827484131,-0.7070709466934204,assist,no
1275,1,0,0.003593603008271459,-6.206796646118164,-0.5817967653274536,assist,No
1276,1,1,0.8354835371034369,-0.3496816158294678,-1.9746816158294678,assist,Yes
1277,1,0,0.001700722310236739,-6.901393413543701,-0.5263933539390564,assist,No
1278,1,1,0.7981867873410141,-0.7483214735984802,-2.123321533203125,assist,Yes
1279,1,0,0.06008665354025422,-3.185539484024048,-0.4355395436286926,assist,no
1280,1,1,0.9465966656805269,-0.4446180760860443,-3.319617986679077,assist,Yes
1281,1,1,0.5621765008857981,-1.0722752809524536,-1.3222752809524536,assist,Yes
1282,1,1,0.7772998508568416,-0.6681075692176819,-1.918107509613037,assist,Yes
1283,1,0,0.0028009266341596987,-6.454180717468262,-0.5791805982589722,assist,No
1284,1,0,0.004070138319925425,-5.8547797203063965,-0.3547798693180084,assist,No
1285,1,1,0.7057850278370112,-0.6275632381439209,-1.502563238143921,assist,Yes
1286,1,1,0.8354835207180245,-0.6706582307815552,-2.2956581115722656,assist,Yes
1287,1,1,0.952574129515172,-0.5479695200920105,-3.5479695796966553,assist,Yes
1288,1,0,0.0011695100213620223,-7.226382255554199,-0.4763820469379425,assist,no
1289,1,0,0.01590639544387138,-4.571428298950195,-0.4464285373687744,assist,No
1290,1,0,0.0004878570501213606,-7.976550579071045,-0.351550430059433,assist,No
1291,1,1,0.8519527869325346,-0.6157299280166626,-2.365729808807373,assist,Yes
1292,1,0,0.3775406547908327,-1.403019905090332,-0.9030198454856873,assist,No
1293,1,1,0.8933094145755219,-0.36769166588783264,-2.4926917552948,assist,Yes
1294,1,1,0.9241418283357702,-0.6325901746749878,-3.1325902938842773,assist,Yes
1295,1,1,0.6224593312018546,-0.9134496450424194,-1.4134496450424194,assist,Yes
1296,1,1,0.5621765008857981,-1.0688867568969727,-1.3188867568969727,assist,Yes
1297,1,0,0.22270012850745968,-1.891875982284546,-0.6418759226799011,assist,No
1298,1,0,0.03732688948593843,-3.9741227626800537,-0.7241228222846985,assist,no
1299,1,0,0.0008040859595735953,-7.440648555755615,-0.3156485855579376,assist,No
1300,1,0,0.015906394510857135,-4.837076663970947,-0.7120768427848816,assist,no
1301,1,1,0.754914975839675,-0.7816336750984192,-1.9066336154937744,assist,Yes
1302,1,1,0.9706877709445761,-0.454246461391449,-3.9542465209960938,assist,Yes
1303,1,1,0.9241418158002492,-0.5655379891395569,-3.065537929534912,assist,Yes
1304,1,1,0.7772998611746911,-0.5850090980529785,-1.8350090980529785,assist,Yes
1305,1,0,0.0024726225685732036,-6.287726402282715,-0.28772616386413574,assist,No
1306,1,0,0.32082130082460697,-1.762717843055725,-1.012717843055725,assist,no
1307,1,0,0.07585818211049715,-2.8377413749694824,-0.3377414047718048,assist,No
1308,1,0,0.0013250224960860068,-7.2599005699157715,-0.6349006295204163,assist,No
1309,1,1,0.5621765008857981,-1.038396954536438,-1.288396954536438,assist,Yes
1310,1,0,0.0059110695567328965,-5.481312274932861,-0.3563123941421509,assist,No
1311,1,1,0.9875683476832692,-0.4958101511001587,-4.870810031890869,assist,Yes
1312,1,0,0.0011695102650555148,-7.444595813751221,-0.6945958137512207,assist,no
1313,1,1,0.5312093585306514,-0.9293482899665833,-1.0543482303619385,assist,Yes
1314,1,0,0.01590639357784294,-4.716257095336914,-0.5912572145462036,assist,No
1315,1,0,0.0010322312826038706,-7.305957794189453,-0.4309580326080322,assist,No
1316,1,1,0.798186768138228,-0.6839120984077454,-2.0589120388031006,assist,Yes
1317,1,0,0.0007096704625050409,-7.726534366607666,-0.4765344560146332,assist,No
1318,1,0,0.042087725512577126,-3.607978343963623,-0.48297828435897827,assist,No
1319,1,1,0.8670357598021706,-0.43836402893066406,-2.313364028930664,assist,Yes
1320,1,0,0.0019267346633274755,-6.776875972747803,-0.5268759727478027,assist,No
1321,1,1,0.679178699175393,-0.8002274036407471,-1.550227403640747,assist,Yes
1322,1,1,0.9525741227833249,-0.4155796468257904,-3.4155795574188232,assist,Yes
1323,1,1,0.7772998611746911,-0.5263767242431641,-1.776376724243164,assist,Yes
1324,1,1,0.914900950352329,-0.5008423924446106,-2.875842332839966,assist,Yes
1325,1,0,0.005911068155754778,-5.520463466644287,-0.39546334743499756,assist,No
1326,1,1,0.8933093975331751,-0.46209630370140076,-2.5870962142944336,assist,Yes
1327,1,1,0.5312093733737563,-1.006980061531067,-1.131980061531067,assist,Yes
1328,1,1,0.6513548646660542,-0.6274383068084717,-1.2524383068084717,assist,Yes
1329,1,1,0.7772998508568416,-0.6633389592170715,-1.9133388996124268,assist,Yes
1330,1,1,0.798186768138228,-0.763569176197052,-2.1385691165924072,assist,Yes
1331,1,1,0.7549149868676283,-0.7640632390975952,-1.8890632390975952,assist,Yes
1332,1,0,0.003593603221697163,-5.9823102951049805,-0.3573104739189148,assist,No
1333,1,0,0.008577483639657844,-5.235170364379883,-0.4851701557636261,assist,No
1334,1,0,0.18242553269617778,-1.9786622524261475,-0.47866231203079224,assist,No
1335,1,1,0.9796676448764484,-0.3849230706691742,-4.259922981262207,assist,Yes
1336,1,1,0.7310585669110203,-0.8325815796852112,-1.8325815200805664,assist,Yes
1337,1,0,0.003593603008271459,-6.262453079223633,-0.6374531984329224,assist,No
1338,1,0,0.0373268852023206,-3.814159631729126,-0.5641595721244812,assist,No
1339,1,0,0.32082130082460697,-1.5923858880996704,-0.8423858880996704,assist,No
1340,1,0,0.2689414213699951,-1.8435289859771729,-0.8435289859771729,assist,No
1341,1,0,0.0031726822769652645,-6.0687408447265625,-0.3187406659126282,assist,No
1342,1,0,0.0035936027948457686,-6.153321266174316,-0.5283213257789612,assist,No
1343,1,0,0.1480471980316895,-2.4614264965057373,-0.7114264965057373,assist,no
1344,1,1,0.9149009526726544,-0.46187737584114075,-2.8368773460388184,assist,Yes
1345,1,0,0.0009110511944006454,-7.476465702056885,-0.47646570205688477,assist,No
1346,1,0,0.2689414213699951,-1.6181577444076538,-0.6181577444076538,assist,No
1347,1,0,0.16451645470385742,-2.2442145347595215,-0.6192144751548767,assist,No
1348,1,0,0.01798620575097472,-4.54013729095459,-0.5401370525360107,assist,No
1349,1,1,0.6513548646660542,-0.9402976036071777,-1.5652976036071777,assist,Yes
1350,1,1,0.6513548511303336,-0.8516209721565247,-1.4766209125518799,assist,Yes
1351,1,0,0.00012339454657030597,-9.633211135864258,-0.6332108974456787,assist,No
1352,1,1,0.9820137910906878,-0.41215747594833374,-4.4121575355529785,assist,Yes
1353,1,0,0.0013250224960860068,-7.259850978851318,-0.6348510384559631,assist,No
1354,1,0,0.16451645880021026,-2.0665030479431152,-0.44150301814079285,assist,No
1355,1,0,0.37754066879814546,-1.482114553451538,-0.9821145534515381,assist,No
1356,1,0,0.00522012615783771,-5.57174015045166,-0.3217402398586273,assist,No
1357,1,1,0.7772998611746911,-0.7271652221679688,-1.9771652221679688,assist,Yes
1358,1,0,0.16451644651115205,-2.09492826461792,-0.46992814540863037,assist,no
1359,1,0,0.002472622642080892,-6.317973613739014,-0.31797340512275696,assist,No
1360,1,0,0.46879062662624377,-1.1676907539367676,-1.0426907539367676,assist,No
1361,1,0,0.047425867792089564,-3.622945785522461,-0.6229456663131714,assist,No
1362,1,0,0.0010322309752925658,-7.570844650268555,-0.6958445906639099,assist,no
1363,1,0,0.32082130082460697,-1.684311866760254,-0.9343118667602539,assist,No
1364,1,0,0.01798620785653302,-4.448978900909424,-0.4489787817001343,assist,No
1365,1,1,0.8933094145755219,-0.4570826590061188,-2.582082748413086,assist,Yes
1366,1,1,0.977022625406662,-0.4759509265422821,-4.225950717926025,assist,Yes
1367,1,0,0.1645164792819756,-2.2278833389282227,-0.6028834581375122,assist,No
1368,1,1,0.7772998611746911,-0.6296594142913818,-1.8796594142913818,assist,Yes
1369,1,1,0.9399133481428692,-0.4935939610004425,-3.24359393119812,assist,Yes
1370,1,0,0.008577485413711986,-5.284019947052002,-0.534019947052002,assist,no
1371,1,1,0.7310585786300049,-0.8030033111572266,-1.8030033111572266,assist,Yes
1372,1,1,0.8807970654616711,-0.650037407875061,-2.6500372886657715,assist,Yes
1373,1,1,0.9770226314280634,-0.33937782049179077,-4.0893778800964355,assist,Yes
1374,1,1,0.8175744584140004,-0.6220203638076782,-2.1220202445983887,assist,Yes
1375,1,0,0.1066905825840872,-2.742936611175537,-0.6179364919662476,assist,No
1376,1,1,0.6224593312018546,-0.9451553821563721,-1.445155382156372,assist,Yes
1377,1,1,0.7057850278370112,-0.9388436079025269,-1.8138436079025269,assist,Yes
1378,1,1,0.9241418199787566,-0.5137219429016113,-3.0137219429016113,assist,Yes
1379,1,0,0.01590639357784294,-4.62354850769043,-0.49854862689971924,assist,No
1380,1,1,0.6513548646660542,-0.9230294227600098,-1.5480294227600098,assist,Yes
1381,1,1,0.7310585786300049,-0.7942687273025513,-1.7942687273025513,assist,Yes
1382,1,0,0.0004878569483961112,-8.100533485412598,-0.475533127784729,assist,No
1383,1,1,0.7981867873410141,-0.4035794138908386,-1.7785794734954834,assist,Yes
1384,1,0,0.0850990357257195,-3.0538768768310547,-0.6788767576217651,assist,no
1385,1,0,0.07585818837825822,-3.054903507232666,-0.5549036264419556,assist,No
1386,1,1,0.8670357666736773,-0.6247865557670593,-2.499786615371704,assist,Yes
1387,1,0,0.05340332377362639,-3.6416501998901367,-0.7666500806808472,assist,no
1388,1,0,0.10669059962643358,-2.848768949508667,-0.7237690091133118,assist,No
1389,1,1,0.9770226320971079,-0.436396986246109,-4.186397075653076,assist,Yes
1390,1,0,0.37754066879814546,-1.5354267358779907,-1.0354267358779907,assist,no
1391,1,0,0.06008665354025422,-3.095024347305298,-0.3450244069099426,assist,No
1392,1,0,0.10669058826486906,-2.9264400005340576,-0.8014399409294128,assist,no
1393,1,1,0.9046505402422645,-0.43110817670822144,-2.681108236312866,assist,Yes
1394,1,0,0.037326887344129464,-3.6739189624786377,-0.4239189624786377,assist,No
1395,1,1,0.7057850278370112,-0.6259574890136719,-1.5009574890136719,assist,Yes
1396,1,1,0.8670357460591569,-0.571269154548645,-2.4462690353393555,assist,Yes
1397,1,0,0.033085978388704126,-3.979193925857544,-0.604193925857544,assist,No
1398,1,0,0.0675466911396291,-3.3661489486694336,-0.7411489486694336,assist,no
1399,1,0,0.009708475335369565,-4.95492696762085,-0.32992684841156006,assist,No
1400,1,0,0.0007096703356961413,-7.532697677612305,-0.2826975882053375,assist,No
1401,1,1,0.939913343093499,-0.6548205614089966,-3.404820442199707,assist,Yes
1402,1,0,0.042087725512577126,-3.690592050552368,-0.5655919909477234,assist,No
1403,1,1,0.7772998611746911,-0.7926909923553467,-2.0426909923553467,assist,Yes
1404,1,0,0.00043055708132461493,-8.3841552734375,-0.6341552734375,assist,no
1405,1,0,0.04742587317756679,-3.47967791557312,-0.4796779155731201,assist,no
1406,1,1,0.9465966732132748,-0.37566107511520386,-3.2506611347198486,assist,Yes
1407,1,1,0.8670357701094303,-0.4332968294620514,-2.3082969188690186,assist,Yes
1408,1,1,0.5926665999540697,-0.9692234992980957,-1.3442234992980957,assist,Yes
1409,1,0,0.00037998433363002117,-8.399736404418945,-0.5247359275817871,assist,No
1410,1,0,0.00132502237777674,-7.056777477264404,-0.4317774474620819,assist,no
1411,1,0,0.0024726227890962764,-6.477785587310791,-0.4777854382991791,assist,no
1412,1,0,0.29421497216298875,-1.8347160816192627,-0.9597160816192627,assist,no
1413,1,1,0.6791786861878392,-0.8933780789375305,-1.6433780193328857,assist,Yes
1414,1,0,0.0015011824354232285,-6.890133857727051,-0.39013397693634033,assist,No
1415,1,0,0.22270013882530884,-2.0161452293395996,-0.7661452293395996,assist,No
1416,1,1,0.9525741281688026,-0.44115278124809265,-3.441152811050415,assist,Yes
1417,1,1,0.6791787121629466,-0.8798603415489197,-1.6298604011535645,assist,Yes
1418,1,1,0.6513548782017746,-0.8658551573753357,-1.4908552169799805,assist,Yes
1419,1,1,0.9046505325302034,-0.39263394474983215,-2.6426339149475098,assist,Yes
1420,1,0,0.24508500210441886,-1.8927905559539795,-0.7677904963493347,assist,No
1421,1,1,0.9465966656805269,-0.36180028319358826,-3.236800193786621,assist,Yes
1422,1,0,0.005911069031366064,-5.415943145751953,-0.2909431755542755,assist,No
1423,1,1,0.8807970842359877,-0.47707289457321167,-2.4770729541778564,assist,Yes
1424,1,1,0.754914975839675,-0.7755025029182434,-1.9005024433135986,assist,Yes
1425,1,0,0.13296423676207594,-2.274078130722046,-0.3990781009197235,assist,No
1426,1,0,0.009708476194947928,-4.950675964355469,-0.32567593455314636,assist,No
1427,1,0,0.0011695104739356916,-7.138993263244629,-0.38899344205856323,assist,No
1428,1,1,0.7057850154599563,-0.7380383610725403,-1.6130383014678955,assist,Yes
1429,1,0,0.03732688627322502,-3.512892484664917,-0.2628924548625946,assist,No
1430,1,1,0.7549149868676283,-0.5861849784851074,-1.7111849784851074,assist,Yes
1431,1,1,0.914900945711678,-0.5581685304641724,-2.933168411254883,assist,Yes
1432,1,1,0.8175744939732856,-0.6029213666915894,-2.102921485900879,assist,Yes
1433,1,0,0.004609572179374208,-5.903923511505127,-0.528923511505127,assist,No
1434,1,1,0.6513548782017746,-0.9602634310722351,-1.5852634906768799,assist,Yes
1435,1,0,0.0850990542883219,-3.1030473709106445,-0.7280474901199341,assist,No
1436,1,1,0.7310585786300049,-0.795407772064209,-1.795407772064209,assist,Yes
1437,1,1,0.9579122696813394,-0.2773602604866028,-3.402360200881958,assist,Yes
1438,1,1,0.5926665999540697,-0.8602954149246216,-1.2352954149246216,assist,Yes
1439,1,1,0.9324533032291502,-0.4204176366329193,-3.045417547225952,assist,Yes
1440,1,0,0.5,-1.2332881689071655,-1.2332881689071655,assist,no
1441,1,0,0.0008040861032397692,-7.555402755737305,-0.4304029643535614,assist,No
1442,1,0,0.0013250222989039011,-6.97571325302124,-0.35071316361427307,assist,No
1443,1,0,0.0004878572390397371,-8.149656295776367,-0.5246565341949463,assist,no
1444,1,0,0.010986943602109868,-4.940591812133789,-0.4405919015407562,assist,no
1445,1,0,0.0031726826539785367,-6.387350559234619,-0.6373504996299744,assist,No
1446,1,1,0.9399133464597458,-0.6988902688026428,-3.448890209197998,assist,Yes
1447,1,1,0.9840936110872273,-0.3161395192146301,-4.4411396980285645,assist,Yes
1448,1,0,0.015906388912772775,-4.669240951538086,-0.5442407727241516,assist,No
1449,1,0,0.006692849339264817,-5.639394760131836,-0.6393945217132568,assist,no
1450,1,1,0.9324533013520764,-0.5018326044082642,-3.1268324851989746,assist,Yes
1451,1,0,0.0008040859356292355,-7.6012492179870605,-0.47624921798706055,assist,No
1452,1,0,0.00012339459804818067,-9.25347900390625,-0.2534791827201843,assist,No
1453,1,0,0.004609572179374208,-6.013201713562012,-0.6382017135620117,assist,no
1454,1,1,0.6513548646660542,-0.8511804342269897,-1.4761804342269897,assist,Yes
1455,1,0,0.08509904500702024,-2.8507869243621826,-0.4757869243621826,assist,No
1456,1,0,0.08509904500702024,-2.810056447982788,-0.4350564479827881,assist,No
1457,1,0,0.06754669301670263,-3.044840097427368,-0.41984012722969055,assist,No
1458,1,0,0.0015011823460801075,-7.078564167022705,-0.5785642266273499,assist,No
1459,1,1,0.5621765008857981,-0.8491928577423096,-1.0991928577423096,assist,Yes
1460,1,0,0.00026119030353162996,-8.679577827453613,-0.4295777678489685,assist,No
1461,1,0,0.0019267350071906994,-6.88663387298584,-0.6366340517997742,assist,No
1462,1,0,0.13296422989056964,-2.3565075397491455,-0.48150745034217834,assist,No
1463,1,0,0.042087723109535534,-3.6124587059020996,-0.48745858669281006,assist,no
1464,1,0,0.4378234991142019,-1.319780945777893,-1.069780945777893,assist,No
1465,1,0,0.08509904964767095,-3.0937657356262207,-0.7187657952308655,assist,No
1466,1,1,0.6513548782017746,-0.9605411887168884,-1.5855412483215332,assist,Yes
1467,1,0,0.002800926967120973,-6.513610363006592,-0.6386103630065918,assist,no
1468,1,0,0.010986940039882433,-5.202851295471191,-0.7028510570526123,assist,no
1469,1,0,0.07585817584273653,-3.2015130519866943,-0.7015129923820496,assist,no
1470,1,0,0.2689414330889798,-1.7951769828796387,-0.7951770424842834,assist,no
1471,1,0,0.0028009266341596987,-6.4019317626953125,-0.526931643486023,assist,No
1472,1,0,0.1480472055495773,-2.535274028778076,-0.785274088382721,assist,no
1473,1,1,0.9579122684798184,-0.48165401816368103,-3.606653928756714,assist,Yes
1474,1,0,0.009708477054526368,-5.162611961364746,-0.5376120209693909,assist,No
1475,1,0,0.2689414213699951,-1.7315633296966553,-0.7315633296966553,assist,no
1476,1,1,0.9324533163686646,-0.548354983329773,-3.1733551025390625,assist,Yes
1477,1,0,0.000552778571063681,-7.93217134475708,-0.4321712255477905,assist,No
1478,1,0,0.007577240371427665,-5.521755218505859,-0.6467550992965698,assist,No
1479,1,0,0.007577242388402388,-5.234169006347656,-0.3591691553592682,assist,No
1480,1,0,0.0003353500505395985,-8.227468490600586,-0.22746825218200684,assist,No
1481,1,0,0.32082130082460697,-1.6401007175445557,-0.8901007175445557,assist,no
1482,1,1,0.9149009526726544,-0.41760876774787903,-2.7926087379455566,assist,Yes
1483,1,0,0.012431647926096252,-4.960959434509277,-0.5859591960906982,assist,No
1484,1,1,0.914900950352329,-0.47516709566116333,-2.8501670360565186,assist,Yes
1485,1,0,0.008577483893094128,-5.390963077545166,-0.6409628987312317,assist,no
1486,1,0,0.29421497216298875,-1.7038047313690186,-0.8288047313690186,assist,No
1487,1,0,0.4073334000459302,-1.3286970853805542,-0.9536970853805542,assist,no
1488,1,0,0.14804721306746543,-2.40762996673584,-0.6576300859451294,assist,No
1489,1,0,0.06008665354025422,-3.388679027557373,-0.6386790871620178,assist,no
1490,1,0,0.014063629109417006,-4.7010626792907715,-0.4510628283023834,assist,No
1491,1,1,0.7057850278370112,-0.6054849624633789,-1.480484962463379,assist,Yes
1492,1,1,0.6791787121629466,-0.8210868239402771,-1.5710868835449219,assist,Yes
1493,1,0,0.0019267343194643127,-6.776959419250488,-0.526959240436554,assist,No
1494,1,0,0.1329642264548166,-2.5569729804992676,-0.681972861289978,assist,no
1495,1,0,0.0013250224960860068,-7.20451545715332,-0.5795155167579651,assist,No
1496,1,0,0.010986941982915435,-5.141086101531982,-0.6410860419273376,assist,No
1497,1,0,0.00591106763038807,-5.522318363189697,-0.39731815457344055,assist,No
1498,1,1,0.8670357735451834,-0.5229581594467163,-2.397958278656006,assist,Yes
1499,1,0,0.0031726821827119532,-6.067547798156738,-0.31754758954048157,assist,No
1500,1,0,0.0021827163155291175,-6.556613445281982,-0.43161338567733765,assist,No
1501,1,0,0.0035936027948457686,-6.057888507843018,-0.43288856744766235,assist,No
1502,1,0,0.01590639357784294,-4.570601940155029,-0.44560205936431885,assist,No
1503,1,0,0.09534945461636171,-2.959993839263916,-0.7099937200546265,assist,No
1504,1,0,0.0028009275498032983,-6.3522443771362305,-0.4772445857524872,assist,No
1505,1,0,0.007577239699102878,-5.139506816864014,-0.26450660824775696,assist,No
1506,1,0,0.003172682748231862,-6.228719711303711,-0.47871968150138855,assist,No
1507,1,0,0.00026119027240345376,-8.826504707336426,-0.5765045285224915,assist,No
1508,1,0,0.02595736171885236,-4.1725850105285645,-0.5475851893424988,assist,no
1509,1,0,0.0021827165751612514,-6.5577712059021,-0.4327712655067444,assist,No
1510,1,0,0.047425867792089564,-3.619900703430176,-0.6199005842208862,assist,No
1511,1,0,0.001926734204843272,-6.829198837280273,-0.5791985988616943,assist,No
1512,1,0,0.001700722310236739,-6.851573467254639,-0.4765734076499939,assist,No
1513,1,0,0.0003799846958737941,-8.399032592773438,-0.5240330696105957,assist,No
1514,1,0,0.037326884131416216,-3.671844005584717,-0.42184391617774963,assist,No
1515,1,0,0.015906394510857135,-4.6650567054748535,-0.5400568842887878,assist,No
1516,1,0,0.04742586913845881,-3.3033721446990967,-0.3033720552921295,assist,No
1517,1,0,0.00970847848715727,-4.9514899253845215,-0.3264901340007782,assist,No
1518,1,0,0.1066905825840872,-2.79585599899292,-0.6708558797836304,assist,No
1519,1,0,0.000804086127184134,-7.600607872009277,-0.47560811042785645,assist,No
1520,1,0,0.01098694327827096,-4.862606525421143,-0.36260658502578735,assist,No
1521,1,0,0.0953494648991095,-2.907371759414673,-0.6573717594146729,assist,No
1522,1,0,0.004609572179374208,-5.854715824127197,-0.47971582412719727,assist,No
1523,1,0,0.0009110514114143117,-7.695488929748535,-0.6954891681671143,assist,no
1524,1,0,0.0031726820884586454,-6.276677131652832,-0.5266768932342529,assist,No
1525,1,0,0.01406362952265135,-4.692694664001465,-0.44269484281539917,assist,No
1526,1,0,0.014063628696182679,-4.784062385559082,-0.5340625047683716,assist,No
1527,1,0,0.0008040857919630916,-7.819632053375244,-0.6946318745613098,assist,no
1528,1,0,0.02297737258620403,-4.122706890106201,-0.3727070093154907,assist,No
1529,1,0,0.010986942954432066,-4.860135555267334,-0.36013558506965637,assist,No
1530,1,0,0.014063626630011202,-4.692371845245361,-0.44237181544303894,assist,No
1531,1,0,0.01243164829198241,-4.741137504577637,-0.36613729596138,assist,No
1532,1,0,0.0035936023679944244,-5.977662563323975,-0.35266250371932983,assist,No
1533,1,0,0.00015843624742864355,-9.09965705871582,-0.34965723752975464,assist,No
1534,1,0,0.5,-1.2174131870269775,-1.2174131870269775,assist,no
1535,1,0,0.012431649755527152,-4.775611877441406,-0.4006117880344391,assist,No
1536,1,0,0.0009110511944006454,-7.578429222106934,-0.5784292221069336,assist,no
1537,1,0,0.01406362497707424,-4.739667892456055,-0.48966774344444275,assist,No
1538,1,1,0.7981867777396212,-0.44276750087738037,-1.8177675008773804,assist,Yes
1539,1,0,0.07585818837825822,-3.0405988693237305,-0.54059898853302,assist,No
1540,1,0,0.1645164628965632,-2.2547030448913574,-0.6297030448913574,assist,No
1541,1,0,0.001169510439122326,-7.138645648956299,-0.38864579796791077,assist,No
1542,1,0,0.010986941335237732,-5.092718601226807,-0.5927184820175171,assist,No
1543,1,0,0.010986945221304533,-4.940861701965332,-0.44086194038391113,assist,No
1544,1,0,0.37754066879814546,-1.5485560894012451,-1.0485560894012451,assist,no
1545,1,0,0.003593603221697163,-6.2657151222229,-0.6407153010368347,assist,no
1546,1,0,0.015906388446265834,-4.49013614654541,-0.36513593792915344,assist,No
1547,1,0,0.04208772431105632,-3.561530113220215,-0.4365300238132477,assist,No
1548,1,0,0.0006263341394548992,-7.725335121154785,-0.35033509135246277,assist,No
1549,1,0,0.00218271696460951,-6.651924133300781,-0.5269243717193604,assist,No
1550,1,1,0.8519528019683106,-0.5991144180297852,-2.349114418029785,assist,Yes
1551,1,0,0.0017007221078396608,-6.807090759277344,-0.4320905804634094,assist,No
1552,1,0,0.014063628696182679,-4.652747631072998,-0.4027477502822876,assist,No
1553,1,0,0.009708478200631072,-5.210330009460449,-0.5853301882743835,assist,No
1554,1,0,0.00359360311498431,-6.0167155265808105,-0.3917156755924225,assist,No
1555,1,0,0.01590639217832175,-4.5710554122924805,-0.44605544209480286,assist,No
1556,1,0,0.5,-1.146785855293274,-1.146785855293274,assist,no
1557,1,0,0.06754668738548215,-3.3236985206604004,-0.6986984610557556,assist,no
1558,1,0,0.22270012850745968,-1.9901258945465088,-0.740125834941864,assist,No
1559,1,0,0.0011695104739356916,-7.32855224609375,-0.5785524249076843,assist,no
1560,1,0,0.11920292828022305,-2.501962423324585,-0.5019624829292297,assist,No
1561,1,0,0.0019267347779485435,-6.727636337280273,-0.4776363968849182,assist,No
1562,1,0,0.0031726824654718946,-6.230315208435059,-0.48031508922576904,assist,No
1563,1,0,0.022977367233847502,-4.253843307495117,-0.5038431882858276,assist,No
1564,1,0,0.03308597457504463,-3.9262614250183105,-0.551261305809021,assist,No
1565,1,0,0.07585818837825822,-3.191741466522217,-0.6917415857315063,assist,No
1566,1,0,0.0004878570065248225,-8.320088386535645,-0.6950881481170654,assist,no
1567,1,0,0.09534945461636171,-2.9711084365844727,-0.7211083173751831,assist,No
1568,1,0,0.34864513533394575,-1.5568419694900513,-0.9318419694900513,assist,no
1569,1,0,0.010986943602109868,-4.9122538566589355,-0.4122539460659027,assist,No
1570,1,0,0.0373268852023206,-3.9200515747070312,-0.6700515151023865,assist,No
1571,1,0,0.002472623009619369,-6.635728359222412,-0.6357282996177673,assist,no
1572,1,0,0.07585818419975078,-3.2056612968444824,-0.7056613564491272,assist,no
1573,1,0,0.009708477914104884,-4.919056415557861,-0.29405656456947327,assist,No
1574,1,0,0.04742587721667508,-3.4042811393737793,-0.40428122878074646,assist,No
1575,1,0,0.14804721306746543,-2.526860237121582,-0.7768603563308716,assist,no
1576,1,0,0.01798621101487092,-4.2471747398376465,-0.24717479944229126,assist,No
1577,1,0,0.00522012445548043,-5.735445976257324,-0.4854457378387451,assist,No
1578,1,0,0.18242553269617778,-2.2539994716644287,-0.7539995312690735,assist,No
1579,1,0,0.00023050673572924443,-8.899577140808105,-0.5245772004127502,assist,No
1580,1,0,0.04742587452393617,-3.4690377712249756,-0.469037801027298,assist,No
1581,1,0,0.0010322310674859476,-7.158401966094971,-0.2834019958972931,assist,No
1582,1,0,0.000804086031406679,-7.65000057220459,-0.5250006914138794,assist,No
1583,1,0,0.015906392644828796,-4.668806076049805,-0.5438061356544495,assist,No
1584,1,0,0.0007096705681791412,-7.8842620849609375,-0.6342623233795166,assist,No
1585,1,0,0.09534947004048376,-2.9660227298736572,-0.716022789478302,assist,no
1586,1,1,0.8933094003735664,-0.3532412648200989,-2.478241205215454,assist,Yes
1587,1,1,0.817574471748733,-0.3452616035938263,-1.845261573791504,assist,Yes
1588,1,1,0.8807970779778823,-0.7858574390411377,-2.7858574390411377,assist,Yes
1589,1,0,0.009708474762317362,-5.326302528381348,-0.7013023495674133,assist,no
1590,1,1,0.5926665999540697,-1.0446653366088867,-1.4196653366088867,assist,Yes
1591,1,0,0.0006263340088732682,-7.763930320739746,-0.388930082321167,assist,No
1592,1,0,0.01243165231673086,-4.9709672927856445,-0.5959674119949341,assist,no
1593,1,0,0.006692849735519792,-5.402124404907227,-0.40212422609329224,assist,No
1594,1,0,0.5,-1.194823980331421,-1.194823980331421,assist,No
1595,1,0,0.0019267344340853601,-6.829968452453613,-0.5799683332443237,assist,No
1596,1,0,0.0013250224172131609,-7.259934902191162,-0.6349349021911621,assist,No
1597,1,0,0.0075772430607274135,-5.4573163986206055,-0.5823166370391846,assist,no
1598,1,0,0.08509904964767095,-2.750627040863037,-0.3756271004676819,assist,No
1599,1,1,0.939913354875362,-0.4191056787967682,-3.1691057682037354,assist,Yes
1600,1,0,0.5,-1.1774402856826782,-1.1774402856826782,assist,no
1601,1,0,0.20181323186177208,-1.9798939228057861,-0.6048939824104309,assist,No
1602,1,0,0.004070137715896127,-6.02883768081665,-0.5288376808166504,assist,No
1603,1,1,0.9626731126558706,-0.2515530586242676,-3.5015530586242676,assist,Yes
1604,1,0,0.008577486680893736,-5.076163291931152,-0.3261634409427643,assist,No
1605,1,0,0.4073334000459302,-1.455494999885559,-1.080494999885559,assist,no
1606,1,0,0.06008665017400762,-3.329932928085327,-0.5799329280853271,assist,No
1607,1,0,0.1645164792819756,-2.320316791534424,-0.6953169107437134,assist,no
1608,1,0,0.11920292828022305,-2.5806691646575928,-0.5806692242622375,assist,No
1609,1,0,0.010986940363721243,-4.946921348571777,-0.44692113995552063,assist,No
1610,1,0,0.015906394977364253,-4.4926438331604,-0.3676440417766571,assist,No
1611,1,0,0.060086646807761206,-3.3276474475860596,-0.5776473879814148,assist,No
1612,1,1,0.6513548646660542,-0.8394119739532471,-1.464411973953247,assist,Yes
1613,1,0,0.003172682371218578,-6.185230731964111,-0.4352305829524994,assist,No
1614,1,0,0.006692852113050128,-5.4908013343811035,-0.49080151319503784,assist,No
1615,1,1,0.8519527869325346,-0.5615602731704712,-2.3115601539611816,assist,Yes
1616,1,0,0.0019267351218117874,-6.6036787033081055,-0.35367894172668457,assist,No
1617,1,0,0.007577239699102878,-5.198448657989502,-0.32344844937324524,assist,No
1618,1,0,0.001169510508749058,-7.004680156707764,-0.2546803653240204,assist,No
1619,1,0,0.005220125693558397,-5.888973236083984,-0.6389732360839844,assist,no
1620,1,0,0.0046095724528596406,-5.855266571044922,-0.48026663064956665,assist,No
1621,1,0,0.0031726833137518703,-5.959244728088379,-0.20924487709999084,assist,No
1622,1,0,0.4378234991142019,-1.3635449409484863,-1.1135449409484863,assist,No
1623,1,0,0.1480471980316895,-2.5119190216064453,-0.7619190216064453,assist,no
1624,1,0,0.005220125693558397,-5.686080455780029,-0.4360804557800293,assist,no
1625,1,0,0.0009110513300341806,-7.388569355010986,-0.38856950402259827,assist,No
1626,1,0,0.2689414213699951,-1.6222654581069946,-0.6222654581069946,assist,No
1627,1,0,0.0850990357257195,-2.8121743202209473,-0.4371742010116577,assist,no
1628,1,0,0.29421497216298875,-1.7988532781600952,-0.9238532781600952,assist,no
1629,1,0,0.10669059394565118,-2.8089632987976074,-0.6839632987976074,assist,no
1630,1,0,0.053403329799824234,-3.6157126426696777,-0.7407126426696777,assist,no
1631,1,0,0.033085970761385544,-4.040936470031738,-0.6659362316131592,assist,no
1632,1,0,0.037326887344129464,-3.6599535942077637,-0.40995359420776367,assist,no
1633,1,0,0.0010322312211416022,-7.266712665557861,-0.39171284437179565,assist,No
1634,1,1,0.8175744584140004,-0.672031044960022,-2.1720309257507324,assist,Yes
1635,1,0,0.03308598029553404,-3.927781820297241,-0.552781879901886,assist,No
1636,1,0,0.004070138199119559,-6.199452877044678,-0.6994529962539673,assist,no
1637,1,0,0.06754668738548215,-3.3094165325164795,-0.6844164729118347,assist,No
1638,1,0,0.11920292202211755,-2.7532200813293457,-0.7532200813293457,assist,no
1639,1,0,0.0009110511401472368,-7.389254570007324,-0.38925451040267944,assist,No
1640,1,0,0.0159063898457867,-4.619914531707764,-0.4949144124984741,assist,No
1641,1,1,0.8519528019683106,-0.6579537391662598,-2.4079537391662598,assist,Yes
1642,1,0,0.04208772791561884,-3.738853931427002,-0.613853931427002,assist,No
1643,1,0,0.4378234991142019,-1.4353636503219604,-1.1853636503219604,assist,no
1644,1,0,0.06754668363133542,-3.373666763305664,-0.7486666440963745,assist,no
1645,1,0,0.4378234991142019,-1.3396509885787964,-1.0896509885787964,assist,No
1646,1,0,0.0675466911396291,-3.172572135925293,-0.547572135925293,assist,No
1647,1,0,0.004609572726345088,-5.858321189880371,-0.48332130908966064,assist,No
1648,1,0,0.005911068505999277,-5.653029441833496,-0.5280293822288513,assist,no
1649,1,0,0.0019267347779485435,-6.82914924621582,-0.5791493058204651,assist,No
1650,1,0,0.03308598410919419,-4.041800022125244,-0.6668002009391785,assist,No
1651,1,0,0.24508501313237172,-2.0024526119232178,-0.8774526119232178,assist,no
1652,1,1,0.7772998611746911,-0.7017849683761597,-1.9517849683761597,assist,Yes
1653,1,0,0.2942149597859341,-1.6773302555084229,-0.8023301959037781,assist,no
1654,1,0,0.5,-1.1417458057403564,-1.1417458057403564,assist,No
1655,1,0,0.5,-1.2293922901153564,-1.2293922901153564,assist,No
1656,1,0,0.006692852509305267,-5.435193061828613,-0.4351933002471924,assist,No
1657,1,0,0.46879062662624377,-1.2349413633346558,-1.1099413633346558,assist,No
1658,1,0,0.32082130082460697,-1.731934905052185,-0.9819349050521851,assist,no
1659,1,0,0.46879062662624377,-1.2334654331207275,-1.1084654331207275,assist,no
1660,1,1,0.754914997895581,-0.8199211955070496,-1.9449212551116943,assist,Yes
1661,1,0,0.005220125074519377,-5.8335065841674805,-0.5835064649581909,assist,No
1662,1,0,0.0010322309752925658,-7.4527082443237305,-0.5777081847190857,assist,No
1663,1,0,0.002182715926080975,-6.822166442871094,-0.6971662044525146,assist,no
1664,1,0,0.0031726825597252145,-6.1831560134887695,-0.43315592408180237,assist,no
1665,1,0,0.20181322226037882,-2.156981945037842,-0.7819819450378418,assist,No
1666,1,0,0.09534947004048376,-2.8241190910339355,-0.5741191506385803,assist,no
1667,1,1,0.5621765008857981,-1.0211529731750488,-1.2711529731750488,assist,Yes
1668,1,0,0.03308598220236406,-3.9807868003845215,-0.605786919593811,assist,No
1669,1,1,0.5621765008857981,-0.9790575504302979,-1.2290575504302979,assist,Yes
1670,1,1,0.9399133498259924,-0.5280427932739258,-3.278042793273926,assist,Yes
1671,1,0,0.012431650853185818,-4.820937633514404,-0.4459376335144043,assist,No
1672,1,1,0.8519527906914787,-0.4533718526363373,-2.20337176322937,assist,Yes
1673,1,0,0.04208772791561884,-3.656287431716919,-0.531287431716919,assist,No
1674,1,0,0.0024726234506656126,-6.4792585372924805,-0.47925865650177,assist,No
1675,1,0,0.01243165231673086,-5.02263879776001,-0.6476389169692993,assist,no
1676,1,1,0.8519527944504226,-0.6170805096626282,-2.3670804500579834,assist,Yes
1677,1,0,0.0075772408196442265,-5.5162835121154785,-0.6412834525108337,assist,no
1678,1,1,0.9324533088603709,-0.3991079330444336,-3.0241079330444336,assist,Yes
1679,1,1,0.5621765155565327,-0.9420446753501892,-1.192044734954834,assist,Yes
1680,1,0,0.015906388446265834,-4.5271220207214355,-0.40212181210517883,assist,No
1681,1,0,0.20181321265898594,-2.133816719055176,-0.758816659450531,assist,No
1682,1,0,0.22270013882530884,-1.9783495664596558,-0.7283495664596558,assist,no
1683,1,0,0.5,-1.141269564628601,-1.141269564628601,assist,No
1684,1,1,0.6513548782017746,-0.7986029982566833,-1.4236030578613281,assist,Yes
1685,1,0,0.017986206803753842,-4.404258728027344,-0.4042585492134094,assist,No
1686,1,0,0.18242551491653522,-2.2094264030456543,-0.7094263434410095,assist,No
1687,1,0,0.2942149845400438,-1.8198835849761963,-0.9448836445808411,assist,no
1688,1,0,0.32082130082460697,-1.7415651082992554,-0.9915651082992554,assist,no
1689,1,0,0.009708478773683474,-5.1111602783203125,-0.4861605167388916,assist,No
1690,1,0,0.1066905911052601,-2.5248067378997803,-0.3998067080974579,assist,No
1691,1,1,0.8807970842359877,-0.4425165057182312,-2.442516565322876,assist,Yes
1692,1,0,0.01798621364681958,-4.403204441070557,-0.40320464968681335,assist,No
1693,1,1,0.6791787121629466,-0.889915406703949,-1.6399154663085938,assist,Yes
1694,1,0,0.025957354937269386,-3.972414493560791,-0.34741440415382385,assist,No
1695,1,0,0.0021827164453451808,-6.762962818145752,-0.637962818145752,assist,No
1696,1,1,0.8175744850834649,-0.6429066061973572,-2.142906665802002,assist,Yes
1697,1,0,0.01798620785653302,-4.649328231811523,-0.6493281126022339,assist,No
1698,1,1,0.9525741281688026,-0.36088797450065613,-3.3608880043029785,assist,Yes
1699,1,1,0.9324533126145177,-0.4337729811668396,-3.0587730407714844,assist,Yes
1700,1,0,0.0031726830309918535,-6.1859331130981445,-0.4359331727027893,assist,No
1701,1,0,0.0675466911396291,-3.2641544342041016,-0.6391544342041016,assist,no
1702,1,1,0.6513548646660542,-0.7221039533615112,-1.3471039533615112,assist,Yes
1703,1,1,0.6513548646660542,-0.9639096260070801,-1.58890962600708,assist,Yes
1704,1,0,0.1066905825840872,-2.7565250396728516,-0.631524920463562,assist,No
1705,1,0,0.4073334000459302,-1.4416618347167969,-1.0666618347167969,assist,no
1706,1,1,0.8354835452961425,-0.6626400351524353,-2.28764009475708,assist,Yes
1707,1,0,0.20181321265898594,-2.0895020961761475,-0.7145020365715027,assist,no
1708,1,1,0.7057850402140659,-0.8419596552848816,-1.7169597148895264,assist,Yes
1709,1,1,0.9324533013520764,-0.33699285984039307,-2.9619927406311035,assist,Yes
1710,1,0,0.1329642264548166,-2.634082317352295,-0.7590821981430054,assist,no
1711,1,0,0.08509904500702024,-3.1385340690612793,-0.7635340690612793,assist,no
1712,1,1,0.9046505351008906,-0.7023186683654785,-2.9523186683654785,assist,Yes
1713,1,1,0.8175744761936437,-0.6423437595367432,-2.142343759536743,assist,Yes
1714,1,0,0.4378234991142019,-1.399956226348877,-1.149956226348877,assist,no
1715,1,1,0.8519528170040853,-0.6844228506088257,-2.4344229698181152,assist,Yes
1716,1,0,0.06008665354025422,-3.2000060081481934,-0.45000606775283813,assist,No
1717,1,1,0.5926665999540697,-1.0152214765548706,-1.3902214765548706,assist,Yes
1718,1,1,0.952574129515172,-0.41344183683395386,-3.4134418964385986,assist,Yes
1719,1,0,0.004070138199119559,-6.081671237945557,-0.5816713571548462,assist,No
1720,1,1,0.9706877684006775,-0.3766324818134308,-3.8766324520111084,assist,Yes
1721,1,1,0.7310585786300049,-0.6779943704605103,-1.6779943704605103,assist,Yes
1722,1,1,0.9669140254249554,-0.5004910230636597,-3.875491142272949,assist,Yes
1723,1,1,0.8933094032139576,-0.40152600407600403,-2.5265259742736816,assist,Yes
1724,1,0,0.09534945461636171,-2.907050132751465,-0.6570500135421753,assist,No
1725,1,1,0.9465966747198243,-0.43053069710731506,-3.3055307865142822,assist,Yes
1726,1,0,0.002472623009619369,-6.482157230377197,-0.4821571707725525,assist,No
1727,1,0,0.010986944897465581,-4.940743446350098,-0.44074365496635437,assist,No
1728,1,1,0.5312093733737563,-1.1366900205612183,-1.2616900205612183,assist,Yes
1729,1,1,0.8519528057272543,-0.4997391402721405,-2.249739170074463,assist,Yes
1730,1,1,0.8175744761936437,-0.5490434169769287,-2.0490434169769287,assist,Yes
1731,1,1,0.5621765008857981,-0.9777723550796509,-1.2277723550796509,assist,Yes
1732,1,1,0.8175744673038221,-0.6330328583717346,-2.13303279876709,assist,Yes
1733,1,1,0.7057850154599563,-0.8695209622383118,-1.744520902633667,assist,Yes
1734,1,1,0.966914017797636,-0.5727850198745728,-3.947784900665283,assist,Yes
1735,1,1,0.9324533088603709,-0.5956075191497803,-3.2206075191497803,assist,Yes
1736,1,0,0.24508501313237172,-1.9862250089645386,-0.8612250089645386,assist,No
1737,1,0,0.11920292202211755,-2.4414896965026855,-0.44148969650268555,assist,No
1738,1,0,0.08509904964767095,-3.164274215698242,-0.789274275302887,assist,no
1739,1,1,0.6513548511303336,-0.811587393283844,-1.4365873336791992,assist,Yes
1740,1,0,0.14804721306746543,-2.448143482208252,-0.6981436014175415,assist,No
1741,1,0,0.0013250221805946513,-7.1010260581970215,-0.47602587938308716,assist,no
1742,1,1,0.7057850154599563,-0.8731513619422913,-1.7481513023376465,assist,Yes
1743,1,0,0.1480472055495773,-2.433122396469116,-0.683122456073761,assist,No
1744,1,1,0.6513548511303336,-0.8987208008766174,-1.5237207412719727,assist,Yes
1745,1,0,0.37754066879814546,-1.4255049228668213,-0.9255049228668213,assist,No
1746,1,1,0.8933094060543487,-0.6146855354309082,-2.739685535430908,assist,Yes
1747,1,1,0.8519528170040853,-0.5916913747787476,-2.341691493988037,assist,Yes
1748,1,0,0.0028009266341596987,-6.356970310211182,-0.4819701910018921,assist,No
1749,1,1,0.8519527944504226,-0.7173276543617249,-2.46732759475708,assist,Yes
1750,1,0,0.34864513533394575,-1.499695897102356,-0.874695897102356,assist,no
1751,1,1,0.9706877684006775,-0.44155576825141907,-3.9415557384490967,assist,Yes
1752,1,0,0.009708477914104884,-4.887236595153809,-0.26223674416542053,assist,No
1753,1,0,0.24508501313237172,-1.9515557289123535,-0.8265557289123535,assist,no
1754,1,1,0.9399133531922388,-0.5278345942497253,-3.27783465385437,assist,Yes
1755,1,0,0.29421497216298875,-1.7820993661880493,-0.9070993661880493,assist,No
1756,1,0,0.46879062662624377,-1.2901257276535034,-1.1651257276535034,assist,No
1757,1,0,0.060086646807761206,-3.435211181640625,-0.6852111220359802,assist,No
1758,1,1,0.679178699175393,-0.7429083585739136,-1.4929083585739136,assist,Yes
1759,1,0,0.46879062662624377,-1.3326904773712158,-1.2076904773712158,assist,no
1760,1,0,0.29421497216298875,-1.8064939975738525,-0.9314939975738525,assist,no
1761,1,1,0.8670357666736773,-0.6694950461387634,-2.544495105743408,assist,Yes
1762,1,0,0.08509904036636974,-2.839893341064453,-0.46489328145980835,assist,No
1763,1,0,0.0373268852023206,-3.758091449737549,-0.508091390132904,assist,No
1764,1,1,0.974042648076767,-0.4332592785358429,-4.0582594871521,assist,Yes
1765,1,1,0.8933093946927838,-0.6159688234329224,-2.740968704223633,assist,Yes
1766,1,1,0.8807970779778823,-0.5642404556274414,-2.5642404556274414,assist,Yes
1767,1,0,0.010986944573626636,-4.907866477966309,-0.4078666567802429,assist,No
1768,1,1,0.798186768138228,-0.47318750619888306,-1.8481874465942383,assist,Yes
1769,1,1,0.9399133515091156,-0.4921230971813202,-3.2421231269836426,assist,Yes
1770,1,0,0.10669059962643358,-2.8550705909729004,-0.7300706505775452,assist,no
1771,1,1,0.8933094003735664,-0.5535789132118225,-2.6785788536071777,assist,Yes
1772,1,1,0.9324533088603709,-0.6172916889190674,-3.2422916889190674,assist,Yes
1773,1,1,0.7310585786300049,-0.7657474279403687,-1.7657474279403687,assist,Yes
1774,1,0,0.008577483893094128,-5.337924957275391,-0.5879247784614563,assist,No
1775,1,1,0.9796676454700793,-0.3339748978614807,-4.208974838256836,assist,Yes
1776,1,1,0.9149009526726544,-0.43732956051826477,-2.8123295307159424,assist,Yes
1777,1,1,0.851952809486198,-0.5741574168205261,-2.324157476425171,assist,Yes
1778,1,0,0.4073334000459302,-1.320996642112732,-0.9459966421127319,assist,No
1779,1,0,0.2689414213699951,-1.7889660596847534,-0.7889660596847534,assist,no
1780,1,1,0.8354835207180245,-0.6909095048904419,-2.3159093856811523,assist,Yes
1781,1,0,0.0019267350071906994,-6.9459733963012695,-0.6959735751152039,assist,no
1782,1,0,0.3208212878370535,-1.6403326988220215,-0.8903326392173767,assist,No
1783,1,0,0.014063626630011202,-4.748790264129639,-0.4987902343273163,assist,No
1784,1,0,0.002472622715588583,-6.5814433097839355,-0.5814431309700012,assist,No
1785,1,1,0.9525741281688026,-0.438829630613327,-3.4388296604156494,assist,Yes
1786,1,1,0.6791786861878392,-0.7618430256843567,-1.511842966079712,assist,Yes
1787,1,0,0.006692849933647288,-5.438739776611328,-0.4387396275997162,assist,No
1788,1,1,0.8933094145755219,-0.44554486870765686,-2.570544958114624,assist,Yes
1789,1,0,0.0474258704848281,-3.625652313232422,-0.6256522536277771,assist,No
1790,1,1,0.9241418158002492,-0.7906652092933655,-3.2906651496887207,assist,Yes
1791,1,0,0.4073334000459302,-1.457086205482483,-1.082086205482483,assist,no
1792,1,1,0.9706877675527112,-0.4398694634437561,-3.9398694038391113,assist,Yes
1793,1,1,0.8354835207180245,-0.5397912263870239,-2.1647911071777344,assist,Yes
1794,1,1,0.9241418137109955,-0.431466668844223,-2.931466579437256,assist,Yes
1795,1,1,0.754914997895581,-0.9465131163597107,-2.0715131759643555,assist,Yes
1796,1,0,0.3208212878370535,-1.6178998947143555,-0.8678998351097107,assist,no
1797,1,0,0.34864513533394575,-1.4880651235580444,-0.8630651235580444,assist,no
1798,1,1,0.7772998508568416,-0.716379702091217,-1.9663796424865723,assist,Yes
1799,1,0,0.006692851716795015,-5.590023994445801,-0.5900241136550903,assist,No
1800,1,0,0.5,-1.2610559463500977,-1.2610559463500977,assist,no
1801,1,0,0.0015011821227223277,-6.8898210525512695,-0.38982096314430237,assist,No
1802,1,0,0.02931223244728875,-3.955932140350342,-0.4559321999549866,assist,No
1803,1,0,0.004609572999830552,-5.903860569000244,-0.5288607478141785,assist,No
1804,1,0,0.0005527785381337246,-7.930565357208252,-0.4305651783943176,assist,No
1805,1,0,0.0015011820780507757,-6.889260292053223,-0.3892601728439331,assist,No
1806,1,0,0.0004305570043681645,-8.383406639099121,-0.6334064602851868,assist,No
1807,1,0,0.0008040858637961602,-7.354216575622559,-0.22921648621559143,assist,No
1808,1,0,0.0008040860074623171,-7.440558433532715,-0.315558522939682,assist,No
1809,1,0,0.14804721306746543,-2.2517499923706055,-0.501750111579895,assist,No
1810,1,1,0.5312093733737563,-1.1364325284957886,-1.2614325284957886,assist,Yes
1811,1,0,0.004609573273316032,-5.903525352478027,-0.5285255908966064,assist,No
1812,1,0,0.008577487441202876,-5.108768463134766,-0.3587687015533447,assist,No
1813,1,0,0.0015011822567369915,-7.07808780670166,-0.5780878067016602,assist,No
1814,1,0,0.00037998442419093204,-8.262886047363281,-0.38788580894470215,assist,No
1815,1,0,0.0005527786369235996,-7.888391017913818,-0.38839101791381836,assist,No
1816,1,0,0.0017007225632331216,-6.7652788162231445,-0.3902789056301117,assist,No
1817,1,0,0.001032230913830316,-7.399757385253906,-0.5247572660446167,assist,No
1818,1,0,0.000335350150448201,-8.524256706237793,-0.5242567658424377,assist,no
1819,1,0,0.0013250226143952844,-6.909289836883545,-0.28428998589515686,assist,No
1820,1,0,0.0009110510858938316,-7.524547100067139,-0.5245469808578491,assist,No
1821,1,0,0.002800926967120973,-6.571228504180908,-0.6962285041809082,assist,no
1822,1,0,0.0009110511944006454,-7.525055408477783,-0.5250554084777832,assist,No
1823,1,0,0.000295957113513077,-8.649930953979492,-0.5249309539794922,assist,No
1824,1,0,0.004609572179374208,-6.012821674346924,-0.6378216743469238,assist,No
1825,1,0,0.0021827160558970152,-6.515775680541992,-0.39077550172805786,assist,No
1826,1,0,0.05340333582602272,-3.5170059204101562,-0.6420060396194458,assist,no
1827,1,0,0.002472622862603971,-6.6358466148376465,-0.6358464956283569,assist,No
1828,1,0,0.1824255415859996,-2.0652499198913574,-0.565250039100647,assist,No
1829,1,1,0.9149009642742806,-0.6060537099838257,-2.9810538291931152,assist,Yes
1830,1,0,0.0004305569658899445,-8.100537300109863,-0.3505370318889618,assist,No
1831,1,0,0.005911070257222078,-5.656211853027344,-0.5312120914459229,assist,No
1832,1,0,0.0007096703145613268,-7.885004997253418,-0.6350048780441284,assist,No
1833,1,0,0.24508500210441886,-1.883357048034668,-0.7583569884300232,assist,No
1834,1,0,0.000552778571063681,-8.024359703063965,-0.5243595838546753,assist,No
1835,1,0,0.0046095724528596406,-6.0119805335998535,-0.6369805932044983,assist,No
1836,1,0,0.0031726835965119127,-6.227943420410156,-0.47794365882873535,assist,No
1837,1,0,0.0040701384407312935,-6.030361652374268,-0.5303618311882019,assist,No
1838,1,0,0.020332357498075698,-4.320920467376709,-0.4459206759929657,assist,No
1839,1,0,0.02931223159932252,-3.914811611175537,-0.4148116409778595,assist,No
1840,1,1,0.7310585669110203,-0.7190404534339905,-1.7190403938293457,assist,Yes
1841,1,1,0.880797071719777,-0.4121158719062805,-2.4121158123016357,assist,Yes
1842,1,1,0.9241418116217418,-0.3904343843460083,-2.8904342651367188,assist,Yes
1843,1,0,0.0028009265509193865,-6.308304309844971,-0.43330416083335876,assist,No
1844,1,0,0.001169510508749058,-7.14042854309082,-0.390428751707077,assist,No
1845,1,0,0.10669058826486906,-2.8956422805786133,-0.7706422209739685,assist,no
1846,1,1,0.9324533051062237,-0.5816929936408997,-3.206692934036255,assist,Yes
1847,1,0,0.02595736171885236,-4.125260353088379,-0.5002605319023132,assist,No
1848,1,0,0.03732688627322502,-3.6454577445983887,-0.3954577147960663,assist,No
1849,1,0,0.0007096705681791412,-7.775209426879883,-0.5252096652984619,assist,no
1850,1,0,0.37754066879814546,-1.4908758401870728,-0.9908758401870728,assist,No
1851,1,0,0.02297737258620403,-4.213011741638184,-0.46301186084747314,assist,No
1852,1,0,0.029312234143221275,-4.119049549102783,-0.6190496683120728,assist,No
1853,1,0,0.13296425394084313,-2.276179313659668,-0.4011794328689575,assist,No
1854,1,0,0.40733341443526055,-1.2160487174987793,-0.8410487771034241,assist,No
1855,1,0,0.3486451217982255,-1.4652132987976074,-0.8402132391929626,assist,No
1856,1,0,0.0013250224172131609,-7.259517669677734,-0.6345176696777344,assist,No
1857,1,0,0.0010322308523680697,-7.511013507843018,-0.6360133290290833,assist,no
1858,1,0,0.08509904500702024,-2.851722478866577,-0.47672247886657715,assist,No
1859,1,0,0.29421497216298875,-1.8234823942184448,-0.9484823942184448,assist,no
1860,1,0,0.0159063898457867,-4.460841178894043,-0.3358410596847534,assist,No
1861,1,0,0.0017007225126338423,-6.954559803009033,-0.579559862613678,assist,No
1862,1,0,0.0031726830309918535,-6.3856940269470215,-0.6356940865516663,assist,No
1863,1,1,0.9399133481428692,-0.4964733421802521,-3.2464733123779297,assist,Yes
1864,1,1,0.6224593452091672,-0.9649679064750671,-1.464967966079712,assist,Yes
1865,1,0,0.01243164938964095,-4.864731788635254,-0.48973166942596436,assist,No
1866,1,0,0.004609572726345088,-6.0148024559021,-0.6398025751113892,assist,no
1867,1,0,0.004070137715896127,-5.934302806854248,-0.43430280685424805,assist,No
1868,1,0,0.0159063898457867,-4.615138053894043,-0.4901379346847534,assist,no
1869,1,1,0.7772998611746911,-0.7245141267776489,-1.974514126777649,assist,Yes
1870,1,0,0.04742587317756679,-3.7394070625305176,-0.7394070625305176,assist,no
1871,1,0,0.0007096703145613268,-7.884836196899414,-0.6348360776901245,assist,No
1872,1,0,0.24508501313237172,-1.9935014247894287,-0.8685014247894287,assist,no
1873,1,0,0.007577241491969114,-5.311455726623535,-0.43645575642585754,assist,No
1874,1,0,0.24508501313237172,-1.9538065195083618,-0.8288065195083618,assist,No
1875,1,0,0.00359360194114313,-6.207691192626953,-0.5826910138130188,assist,No
1876,1,0,0.3486451488696663,-1.3738794326782227,-0.7488794922828674,assist,No
1877,1,1,0.7057850278370112,-0.6148413419723511,-1.489841341972351,assist,Yes
1878,1,0,0.0011695100909887293,-7.100557327270508,-0.3505571782588959,assist,No
1879,1,0,0.03308597934211908,-3.83040189743042,-0.4554019272327423,assist,No
1880,1,0,0.007577239923211134,-5.518473148345947,-0.6434729695320129,assist,no
1881,1,0,0.0010322311596793377,-7.453420639038086,-0.5784207582473755,assist,No
1882,1,0,0.0010322309752925658,-7.509383678436279,-0.6343836188316345,assist,No
1883,1,0,0.0028009273833226214,-6.193897724151611,-0.31889787316322327,assist,No
1884,1,0,0.010986944573626636,-5.143810749053955,-0.6438109278678894,assist,no
1885,1,0,0.010986944249787705,-4.901133060455322,-0.4011332094669342,assist,No
1886,1,0,0.18242552380635632,-2.3030338287353516,-0.8030338287353516,assist,no
1887,1,1,0.6513548782017746,-0.9817032217979431,-1.606703281402588,assist,Yes
1888,1,1,0.5621765008857981,-1.1016571521759033,-1.3516571521759033,assist,Yes
1889,1,1,0.5926665999540697,-0.988206148147583,-1.363206148147583,assist,Yes
1890,1,0,0.29421497216298875,-1.7231369018554688,-0.8481369018554688,assist,no
1891,1,1,0.9626731115849659,-0.30742886662483215,-3.5574288368225098,assist,Yes
1892,1,0,0.0373268852023206,-3.718172550201416,-0.46817249059677124,assist,No
1893,1,1,0.7057850278370112,-0.7984522581100464,-1.6734522581100464,assist,Yes
1894,1,0,0.0011695104739356916,-7.036421298980713,-0.2864214777946472,assist,No
1895,1,0,0.0013250221017218242,-7.150473594665527,-0.5254733562469482,assist,No
1896,1,0,0.3486451217982255,-1.5743036270141602,-0.9493035674095154,assist,no
1897,1,0,0.46879062662624377,-1.2164386510849,-1.0914386510849,assist,No
1898,1,0,0.009708478200631072,-4.896486759185791,-0.27148693799972534,assist,No
1899,1,0,0.0013250226538317129,-7.259970188140869,-0.6349703669548035,assist,No
1900,1,0,0.03308597552845946,-3.7084689140319824,-0.33346882462501526,assist,No
1901,1,1,0.9046505428129514,-0.38661709427833557,-2.6366171836853027,assist,Yes
1902,1,0,0.012431651584958318,-5.024038791656494,-0.6490388512611389,assist,no
1903,1,0,0.005911068856243796,-5.660815238952637,-0.5358152389526367,assist,No
1904,1,0,0.11920292828022305,-2.73801326751709,-0.7380133271217346,assist,No
1905,1,0,0.01798620785653302,-4.271573543548584,-0.27157342433929443,assist,No
1906,1,0,0.0040701384407312935,-5.854825496673584,-0.3548256754875183,assist,No
1907,1,0,0.3208213138121609,-1.6681253910064697,-0.9181254506111145,assist,no
1908,1,0,0.02595735719779685,-3.998307466506958,-0.373307466506958,assist,No
1909,1,1,0.8519527982093668,-0.48336055874824524,-2.233360528945923,assist,Yes
1910,1,0,0.0013250226538317129,-7.202917575836182,-0.577917754650116,assist,No
1911,1,0,0.014063628696182679,-4.901336669921875,-0.6513367891311646,assist,No
1912,1,0,0.46879062662624377,-1.3164331912994385,-1.1914331912994385,assist,no
1913,1,0,0.10669059678604234,-2.585369348526001,-0.46036937832832336,assist,No
1914,1,1,0.9046505453836383,-0.5120023488998413,-2.762002468109131,assist,Yes
1915,1,0,0.07585818002124356,-3.2884175777435303,-0.7884175777435303,assist,no
1916,1,0,0.002800926967120973,-6.5117506980896,-0.6367506980895996,assist,No
1917,1,0,0.00037998442419093204,-8.570023536682129,-0.6950232982635498,assist,no
1918,1,0,0.4073334000459302,-1.40529203414917,-1.03029203414917,assist,no
1919,1,0,0.014063623737371644,-4.842658996582031,-0.5926587581634521,assist,No
1920,1,0,0.0953494648991095,-2.850470542907715,-0.6004705429077148,assist,No
1921,1,0,0.0040701384407312935,-6.030226230621338,-0.5302264094352722,assist,No
1922,1,0,0.13296424019782924,-2.31852650642395,-0.4435265064239502,assist,No
1923,1,0,0.000487856991992644,-8.100557327270508,-0.4755570590496063,assist,No
1924,1,0,0.004070137715896127,-6.081570625305176,-0.5815706253051758,assist,No
1925,1,0,0.005911068856243796,-5.4469313621521,-0.3219313621520996,assist,No
1926,1,1,0.8670357666736773,-0.38287466764450073,-2.2578747272491455,assist,Yes
1927,1,0,0.4378234844434674,-1.2439002990722656,-0.9939002394676208,assist,No
1928,1,0,0.006692851320539924,-5.644368648529053,-0.6443687081336975,assist,No
1929,1,1,0.9324533051062237,-0.5180450081825256,-3.143044948577881,assist,Yes
1930,1,0,0.0675466911396291,-3.2558271884918213,-0.6308271884918213,assist,no
1931,1,0,0.01243165231673086,-4.861893653869629,-0.48689377307891846,assist,No
1932,1,0,0.0031726826539785367,-6.387794017791748,-0.6377939581871033,assist,No
1933,1,0,0.20181323186177208,-2.16585111618042,-0.7908511757850647,assist,No
1934,1,1,0.5926665999540697,-0.9877429008483887,-1.3627429008483887,assist,Yes
1935,1,0,0.0031726825597252145,-6.0058722496032715,-0.2558721601963043,assist,No
1936,1,0,0.4378234991142019,-1.2095412015914917,-0.9595412015914917,assist,No
1937,1,1,0.9046505248181417,-0.47320377826690674,-2.723203659057617,assist,Yes
1938,1,0,0.0028009264676790765,-6.571712493896484,-0.69671231508255,assist,no
1939,1,1,0.7057850278370112,-0.8862782716751099,-1.7612782716751099,assist,Yes
1940,1,0,0.025957358704815272,-4.150513648986816,-0.5255137085914612,assist,No
1941,1,0,0.020332352155396922,-4.425570487976074,-0.5505704283714294,assist,No
1942,1,0,0.004070136749449438,-6.0281476974487305,-0.5281474590301514,assist,No
1943,1,0,0.4073334000459302,-1.4159469604492188,-1.0409469604492188,assist,no
1944,1,0,0.37754066879814546,-1.5873520374298096,-1.0873520374298096,assist,no
1945,1,1,0.9241418283357702,-0.5411771535873413,-3.041177272796631,assist,Yes
1946,1,0,0.007577241940185738,-5.3581671714782715,-0.48316726088523865,assist,No
1947,1,1,0.9579122708828604,-0.33993199467658997,-3.4649319648742676,assist,Yes
1948,1,0,0.02033235096813516,-4.472350597381592,-0.5973504781723022,assist,No
1949,1,0,0.5,-1.267187476158142,-1.267187476158142,assist,No
1950,1,1,0.7057850154599563,-0.7847738862037659,-1.659773826599121,assist,Yes
1951,1,0,0.05340332678672523,-3.3631415367126465,-0.4881414771080017,assist,No
1952,1,1,0.914900957313305,-0.4112691581249237,-2.786269187927246,assist,Yes
1953,1,0,0.0008040860074623171,-7.4082441329956055,-0.28324422240257263,assist,no
1954,1,0,0.005220125384038879,-5.888388156890869,-0.6383880972862244,assist,No
1955,1,0,0.004609572042631499,-5.696496963500977,-0.3214969336986542,assist,No
1956,1,0,0.05340333582602272,-3.4511446952819824,-0.576144814491272,assist,No
1957,1,0,0.18242551491653522,-2.3088393211364746,-0.8088392615318298,assist,no
1958,1,0,0.0035936025814200896,-6.153395652770996,-0.5283956527709961,assist,No
1959,1,0,0.000911051248654057,-7.579878330230713,-0.5798783898353577,assist,no
1960,1,0,0.46879062662624377,-1.2503855228424072,-1.1253855228424072,assist,No
1961,1,0,0.008577483893094128,-5.284970283508301,-0.5349701046943665,assist,No
1962,1,1,0.9046505325302034,-0.4930417835712433,-2.743041753768921,assist,Yes
1963,1,0,0.1329642264548166,-2.329737663269043,-0.4547375440597534,assist,no
1964,1,0,0.06008665017400762,-3.245939016342163,-0.4959390163421631,assist,No
1965,1,0,0.1645164628965632,-2.39591646194458,-0.7709164619445801,assist,No
1966,1,1,0.7772998611746911,-0.5757993459701538,-1.8257993459701538,assist,Yes
1967,1,0,0.007577242164294059,-5.576966285705566,-0.701966404914856,assist,no
1968,1,1,0.7981867585368343,-0.6320821046829224,-2.007081985473633,assist,Yes
1969,1,1,0.6224593312018546,-0.8955121040344238,-1.3955121040344238,assist,Yes
1970,1,0,0.020332353342658753,-4.370780944824219,-0.49578094482421875,assist,No
1971,1,0,0.18242552380635632,-2.2999930381774902,-0.7999930381774902,assist,no
1972,1,1,0.5312093733737563,-1.1214990615844727,-1.2464990615844727,assist,Yes
1973,1,0,0.029312234143221275,-4.022506237030029,-0.5225063562393188,assist,No
1974,1,0,0.006692852509305267,-5.480603218078613,-0.4806034564971924,assist,No
1975,1,0,0.037326887344129464,-3.677936315536499,-0.427936315536499,assist,No
1976,1,1,0.6224593312018546,-0.9172013998031616,-1.4172013998031616,assist,Yes
1977,1,1,0.8933094060543487,-0.5588250160217285,-2.6838250160217285,assist,Yes
1978,1,1,0.9046505299595163,-0.33257371187210083,-2.582573652267456,assist,Yes
1979,1,0,0.020332353342658753,-4.42099666595459,-0.5459966659545898,assist,No
1980,1,0,0.0021827160558970152,-6.825984477996826,-0.7009842991828918,assist,no
1981,1,0,0.20181323186177208,-2.244683265686035,-0.8696833252906799,assist,no
1982,1,0,0.0675466911396291,-3.2613651752471924,-0.6363651752471924,assist,no
1983,1,1,0.9324533088603709,-0.5796113014221191,-3.204611301422119,assist,Yes
1984,1,0,0.003172683219498529,-6.386778831481934,-0.6367789506912231,assist,no
1985,1,1,0.89330940889474,-0.44136878848075867,-2.566368818283081,assist,Yes
1986,1,0,0.0534033328129234,-3.449802875518799,-0.5748029351234436,assist,No
1987,1,1,0.8354835207180245,-0.679298996925354,-2.3042988777160645,assist,Yes
1988,1,1,0.9241418116217418,-0.36738359928131104,-2.8673834800720215,assist,Yes
1989,1,0,0.015906389379279733,-4.491466045379639,-0.36646589636802673,assist,No
1990,1,0,0.004609572042631499,-5.812517166137695,-0.4375171363353729,assist,No
1991,1,0,0.008577485920584663,-5.10899019241333,-0.35899025201797485,assist,No
1992,1,0,0.01406363034912007,-4.694446563720703,-0.4444468021392822,assist,No
1993,1,1,0.6224593312018546,-1.0352667570114136,-1.5352667570114136,assist,Yes
1994,1,0,0.005220124764999895,-5.889918804168701,-0.6399186253547668,assist,No
1995,1,0,0.0059110692064883365,-5.8256964683532715,-0.7006965279579163,assist,no
1996,1,1,0.9324533163686646,-0.40281617641448975,-3.0278162956237793,assist,Yes
1997,1,0,0.20181320305759334,-2.0370945930480957,-0.6620944738388062,assist,No
1998,1,0,0.1480472055495773,-2.279000759124756,-0.5290008187294006,assist,No
1999,1,1,0.6224593312018546,-0.9223881959915161,-1.4223881959915161,assist,Yes
2000,1,1,0.9399133481428692,-0.3888111412525177,-3.1388111114501953,assist,Yes
2001,1,1,0.8670357598021706,-0.5232255458831787,-2.3982255458831787,assist,Yes
2002,1,1,0.7772998611746911,-0.694684624671936,-1.944684624671936,assist,Yes
2003,1,0,0.0373268852023206,-3.93613600730896,-0.6861359477043152,assist,No
2004,1,0,0.20181324146316565,-2.1913070678710938,-0.8163071870803833,assist,No
2005,1,0,0.005911069906977476,-5.710371971130371,-0.5853721499443054,assist,No
2006,1,1,0.5312093733737563,-1.1124675273895264,-1.2374675273895264,assist,Yes
2007,1,0,0.01798621417320936,-4.592103958129883,-0.5921041965484619,assist,No
2008,1,0,0.015906392644828796,-4.572585105895996,-0.44758516550064087,assist,No
2009,1,1,0.754914997895581,-0.733888566493988,-1.8588886260986328,assist,Yes
2010,1,1,0.914900950352329,-0.354553759098053,-2.729553699493408,assist,Yes
2011,1,1,0.8933094003735664,-0.5267534852027893,-2.6517534255981445,assist,Yes
2012,1,1,0.9149009596336303,-0.5479394793510437,-2.9229395389556885,assist,Yes
2013,1,0,0.2689414213699951,-1.9013136625289917,-0.9013136625289917,assist,no
2014,1,1,0.9579122768904644,-0.439327597618103,-3.5643277168273926,assist,Yes
2015,1,0,0.4073334000459302,-1.4541699886322021,-1.0791699886322021,assist,no
2016,1,0,0.005220126312597491,-5.778404235839844,-0.5284043550491333,assist,no
2017,1,0,0.009708475621895678,-5.063257694244385,-0.4382576048374176,assist,No
2018,1,1,0.9465966671870767,-0.37641316652297974,-3.251413106918335,assist,Yes
2019,1,1,0.7057850402140659,-0.8291921019554138,-1.7041921615600586,assist,Yes
2020,1,0,0.22270014914315833,-1.9812679290771484,-0.7312679886817932,assist,no
2021,1,1,0.8519527944504226,-0.5866058468818665,-2.3366057872772217,assist,Yes
2022,1,0,0.4073334000459302,-1.4025049209594727,-1.0275049209594727,assist,no
2023,1,1,0.7981867777396212,-0.5392693281173706,-1.9142693281173706,assist,Yes
2024,1,1,0.9324533163686646,-0.5417474508285522,-3.166747570037842,assist,Yes
2025,1,0,0.22270011818961086,-2.1423020362854004,-0.8923019170761108,assist,no
2026,1,0,0.01590639171181471,-4.664112567901611,-0.5391125679016113,assist,no
2027,1,1,0.9465966732132748,-0.45326441526412964,-3.3282644748687744,assist,Yes
2028,1,0,0.4073334000459302,-1.3694148063659668,-0.9944148063659668,assist,No
2029,1,0,0.00970847848715727,-4.953028202056885,-0.3280284106731415,assist,No
2030,1,1,0.9770226280828407,-0.37007245421409607,-4.120072364807129,assist,Yes
2031,1,1,0.6224593452091672,-0.7608107924461365,-1.2608108520507812,assist,Yes
2032,1,0,0.32082130082460697,-1.6409112215042114,-0.8909112215042114,assist,No
2033,1,1,0.9770226300899744,-0.44127464294433594,-4.191274642944336,assist,Yes
2034,1,1,0.8354835289107309,-0.6881812214851379,-2.313181161880493,assist,Yes
2035,1,1,0.9324533088603709,-0.5400471687316895,-3.1650471687316895,assist,Yes
2036,1,1,0.6513548646660542,-0.9182846546173096,-1.5432846546173096,assist,Yes
2037,1,0,0.37754066879814546,-1.5406502485275269,-1.0406502485275269,assist,no
2038,1,0,0.3208213138121609,-1.6903843879699707,-0.9403844475746155,assist,no
2039,1,1,0.9241418199787566,-0.5130009651184082,-3.013000965118408,assist,Yes
2040,1,1,0.9399133531922388,-0.5627662539482117,-3.3127663135528564,assist,Yes
2041,1,0,0.001700722209038197,-6.806609630584717,-0.43160951137542725,assist,no
2042,1,0,0.20181320305759334,-2.150766372680664,-0.7757662534713745,assist,no
2043,1,0,0.46879062662624377,-1.2841905355453491,-1.1591905355453491,assist,no
2044,1,1,0.6224593171945417,-0.8746848702430725,-1.3746848106384277,assist,Yes
2045,1,1,0.8933094060543487,-0.5734667778015137,-2.6984667778015137,assist,Yes
2046,1,0,0.46879062662624377,-1.2146477699279785,-1.0896477699279785,assist,no
2047,1,1,0.798186768138228,-0.638810932636261,-2.013810873031616,assist,Yes
2048,1,0,0.008577483766375987,-4.925080299377441,-0.1750801056623459,assist,No
2049,1,1,0.6513548646660542,-0.9190250635147095,-1.5440250635147095,assist,Yes
2050,1,1,0.6513548646660542,-0.928421139717102,-1.553421139717102,assist,Yes
2051,1,1,0.6224593312018546,-0.9539147615432739,-1.453914761543274,assist,Yes
2052,1,1,0.9820137931962463,-0.34805184602737427,-4.348052024841309,assist,Yes
2053,1,0,0.015906388912772775,-4.4005866050720215,-0.27558642625808716,assist,No
2054,1,0,0.13296424706933604,-2.385674238204956,-0.5106742978096008,assist,no
2055,1,0,0.20181321265898594,-2.0572938919067383,-0.6822938323020935,assist,No
2056,1,1,0.5312093733737563,-1.131369948387146,-1.256369948387146,assist,Yes
2057,1,0,0.015906394510857135,-4.4906721115112305,-0.3656722903251648,assist,No
2058,1,1,0.9924227582839227,-0.49120575189590454,-5.36620569229126,assist,Yes
2059,1,0,0.004609571632403393,-5.810789585113525,-0.43578946590423584,assist,No
2060,1,1,0.9399133498259924,-0.5141341686248779,-3.264134168624878,assist,Yes
2061,1,1,0.798186768138228,-0.7685313820838928,-2.143531322479248,assist,Yes
2062,1,1,0.851952809486198,-0.5060836672782898,-2.2560837268829346,assist,Yes
2063,1,0,0.24508501313237172,-1.8600298166275024,-0.7350298166275024,assist,no
2064,1,0,0.24508500210441886,-1.9052400588989258,-0.780239999294281,assist,No
2065,1,1,0.9149009642742806,-0.5700873136520386,-2.945087432861328,assist,Yes
2066,1,1,0.8933094060543487,-0.6468868255615234,-2.7718868255615234,assist,Yes
2067,1,1,0.835483553488848,-0.5610750913619995,-2.186075210571289,assist,Yes
2068,1,1,0.9820137900379085,-0.5035810470581055,-4.5035810470581055,assist,Yes
2069,1,0,0.05340333431947304,-3.2101199626922607,-0.3351200520992279,assist,No
2070,1,0,0.009708475335369565,-5.0652360916137695,-0.44023597240448,assist,no
2071,1,1,0.8670357598021706,-0.45502281188964844,-2.3300228118896484,assist,Yes
2072,1,0,0.01798621259404007,-4.376068592071533,-0.37606874108314514,assist,No
2073,1,0,0.34864513533394575,-1.4981707334518433,-0.8731707334518433,assist,no
2074,1,0,0.0534033328129234,-3.4042727947235107,-0.5292728543281555,assist,No
2075,1,1,0.974042642048694,-0.37086156010627747,-3.995861530303955,assist,Yes
2076,1,1,0.9740426458162398,-0.6115401983261108,-4.2365403175354,assist,Yes
2077,1,1,0.7772998818103892,-0.8074921369552612,-2.057492256164551,assist,Yes
2078,1,1,0.5312093733737563,-1.1358948945999146,-1.2608948945999146,assist,Yes
2079,1,1,0.9796676430955554,-0.4290539622306824,-4.304053783416748,assist,Yes
2080,1,1,0.9669140225647107,-0.33090516924858093,-3.7059051990509033,assist,Yes
2081,1,1,0.7310585786300049,-0.9307695627212524,-1.9307695627212524,assist,yes
2082,1,1,0.7057850278370112,-0.8144874572753906,-1.6894874572753906,assist,Yes
2083,1,1,0.8354835371034369,-0.5761826038360596,-2.2011826038360596,assist,Yes
2084,1,1,0.9669140216112958,-0.49523043632507324,-3.8702304363250732,assist,Yes
2085,1,1,0.5312093733737563,-1.0921823978424072,-1.2171823978424072,assist,Yes
2086,1,0,0.37754066879814546,-1.5580556392669678,-1.0580556392669678,assist,no
2087,1,1,0.9324533163686646,-0.5693153142929077,-3.1943154335021973,assist,Yes
2088,1,0,0.0075772408196442265,-5.364258766174316,-0.48925870656967163,assist,No
2089,1,1,0.9399133481428692,-0.40050461888313293,-3.1505045890808105,assist,Yes
2090,1,0,0.20181322226037882,-1.9965825080871582,-0.6215825080871582,assist,no
2091,1,0,0.03732688306051187,-3.8129286766052246,-0.5629285573959351,assist,no
2092,1,0,0.015906394044350028,-4.6241912841796875,-0.49919143319129944,assist,No
2093,1,1,0.7772998611746911,-0.6557989120483398,-1.9057989120483398,assist,Yes
2094,1,1,0.798186768138228,-0.6715829968452454,-2.0465829372406006,assist,Yes
2095,1,1,0.987568347317383,-0.3768583834171295,-4.751858234405518,assist,Yes
2096,1,0,0.053403329799824234,-3.617663860321045,-0.7426638603210449,assist,no
2097,1,1,0.8933094060543487,-0.5410404205322266,-2.6660404205322266,assist,Yes
2098,1,1,0.679178699175393,-0.7416965961456299,-1.4916965961456299,assist,Yes
2099,1,1,0.8354835289107309,-0.6322973370552063,-2.2572972774505615,assist,Yes
2100,1,0,0.00026119030353162996,-8.638256072998047,-0.3882560133934021,assist,No
2101,1,0,0.042087725512577126,-3.6334574222564697,-0.508457362651825,assist,No
2102,1,0,0.0021827161208050378,-6.477135181427002,-0.35213503241539,assist,No
2103,1,0,0.014063628282948357,-4.546046257019043,-0.29604634642601013,assist,No
2104,1,0,0.13296425394084313,-2.5746560096740723,-0.6996561288833618,assist,no
2105,1,0,0.001926734606016944,-6.601728439331055,-0.3517284095287323,assist,No
2106,1,0,0.0031726835022585624,-6.141837120056152,-0.39183732867240906,assist,No
2107,1,0,0.005911068505999277,-5.7634453773498535,-0.6384453177452087,assist,No
2108,1,0,0.0028009273000822866,-6.266890048980713,-0.39189016819000244,assist,No
2109,1,1,0.6791786861878392,-0.8443394303321838,-1.594339370727539,assist,Yes
2110,1,0,0.0010322309445614404,-7.351729869842529,-0.47672978043556213,assist,No
2111,1,0,0.00029595716641867513,-8.474586486816406,-0.3495866656303406,assist,No
2112,1,0,0.010986945221304533,-4.792928695678711,-0.29292893409729004,assist,No
2113,1,0,0.0008040859835179557,-7.702832221984863,-0.5778322815895081,assist,No
2114,1,1,0.7772998611746911,-0.6226385831832886,-1.8726385831832886,assist,Yes
2115,1,0,0.004609571905888793,-5.903463840484619,-0.5284637808799744,assist,No
2116,1,0,0.0002305067769375634,-8.899090766906738,-0.5240910053253174,assist,No
2117,1,0,0.000552778571063681,-8.025589942932129,-0.5255898237228394,assist,No
2118,1,0,0.06754669489377622,-3.1544463634490967,-0.5294464230537415,assist,No
2119,1,0,0.002472623303650189,-6.477237701416016,-0.4772377610206604,assist,No
2120,1,0,0.0008040858398518034,-7.758859157562256,-0.6338590383529663,assist,no
2121,1,0,0.007577242164294059,-5.4069366455078125,-0.531936764717102,assist,No
2122,1,0,0.0009110509773870306,-7.430750846862793,-0.43075060844421387,assist,No
2123,1,0,0.005911070082099775,-5.445059776306152,-0.32005998492240906,assist,No
2124,1,0,0.014063627663096904,-4.4896321296691895,-0.23963217437267303,assist,No
2125,1,0,0.00033535017042992505,-8.577229499816895,-0.5772296190261841,assist,No
2126,1,0,0.24508501313237172,-1.8679313659667969,-0.7429313659667969,assist,No
2127,1,0,0.001700722816229541,-6.900979042053223,-0.5259792804718018,assist,No
2128,1,0,0.05340332377362639,-3.3613967895507812,-0.4863966703414917,assist,No
2129,1,0,0.05340333431947304,-3.3105928897857666,-0.43559297919273376,assist,No
2130,1,0,0.24508501313237172,-1.9552220106124878,-0.8302220106124878,assist,No
2131,1,0,0.001926734204843272,-6.776040077209473,-0.5260398387908936,assist,No
2132,1,0,0.0015011824354232285,-7.195683479309082,-0.6956835985183716,assist,no
2133,1,0,0.20181322226037882,-1.9543538093566895,-0.5793538093566895,assist,No
2134,1,0,0.0028009265509193865,-6.227784633636475,-0.35278448462486267,assist,No
2135,1,0,0.0019267342621537913,-6.535858631134033,-0.2858584225177765,assist,No
2136,1,0,0.0017007224620345643,-6.806952476501465,-0.43195250630378723,assist,No
2137,1,0,0.2942149845400438,-1.686476469039917,-0.8114765286445618,assist,no
2138,1,0,0.00026119035022390116,-8.944005966186523,-0.694006085395813,assist,no
2139,1,0,0.007577241716077422,-5.269792556762695,-0.3947926163673401,assist,No
2140,1,0,0.0010322311750449035,-7.039217472076416,-0.16421760618686676,assist,No
2141,1,0,0.0006263341954184638,-7.851675987243652,-0.4766760468482971,assist,No
2142,1,0,0.4378234991142019,-1.2980685234069824,-1.0480685234069824,assist,no
2143,1,0,0.03732689055684297,-3.617812156677246,-0.36781224608421326,assist,No
2144,1,0,0.00317268293673852,-6.141725063323975,-0.391725093126297,assist,no
2145,1,0,0.00359360194114313,-5.943661689758301,-0.31866151094436646,assist,No
2146,1,0,0.0017007221078396608,-6.954000473022461,-0.5790002942085266,assist,no
2147,1,0,0.015906394977364253,-4.461446285247803,-0.33644649386405945,assist,No
2148,1,0,0.007577241716077422,-5.517841339111328,-0.6428413987159729,assist,no
2149,1,0,0.00192673483525908,-6.683217525482178,-0.4332176148891449,assist,No
2150,1,1,0.6224593171945417,-0.7529428601264954,-1.2529428005218506,assist,Yes
2151,1,0,0.006692849339264817,-5.582132339477539,-0.58213210105896,assist,no
2152,1,0,0.006692850329902297,-5.436706066131592,-0.43670597672462463,assist,No
2153,1,0,0.34864513533394575,-1.643193006515503,-1.018193006515503,assist,no
2154,1,0,0.0019267348925696179,-6.885661602020264,-0.6356617212295532,assist,no
2155,1,0,0.005220125693558397,-5.779270648956299,-0.5292706489562988,assist,No
2156,1,0,0.0004305568889335148,-8.139005661010742,-0.38900521397590637,assist,No
2157,1,0,0.0028009273833226214,-6.2693328857421875,-0.39433303475379944,assist,No
2158,1,0,0.004609572589602362,-5.808019161224365,-0.4330192506313324,assist,No
2159,1,1,0.6513548511303336,-0.9503362774848938,-1.575336217880249,assist,Yes
2160,1,0,0.13296425394084313,-2.3877434730529785,-0.5127435922622681,assist,No
2161,1,0,0.03732688627322502,-3.737621307373047,-0.4876212775707245,assist,No
2162,1,1,0.9241418158002492,-0.6483023762702942,-3.1483023166656494,assist,Yes
2163,1,1,0.5926665999540697,-0.9535691738128662,-1.3285691738128662,assist,Yes
2164,1,0,0.10669059962643358,-2.7053816318511963,-0.5803816914558411,assist,No
2165,1,0,0.00020342695987111804,-8.975196838378906,-0.4751967489719391,assist,No
2166,1,0,0.08509904964767095,-3.037853956222534,-0.662854015827179,assist,no
2167,1,0,0.0010322308523680697,-7.51090669631958,-0.6359065175056458,assist,No
2168,1,1,0.7057850278370112,-0.6099156141281128,-1.4849156141281128,assist,Yes
2169,1,0,0.00037998460531281857,-8.50875186920166,-0.6337521076202393,assist,no
2170,1,0,0.04208772671409796,-3.555652379989624,-0.43065235018730164,assist,No
2171,1,0,0.29421497216298875,-1.6857068538665771,-0.8107068538665771,assist,no
2172,1,0,0.06754669677084987,-3.1210336685180664,-0.49603375792503357,assist,No
2173,1,1,0.9579122708828604,-0.30036047101020813,-3.4253604412078857,assist,Yes
2174,1,1,0.7981867777396212,-0.6091029644012451,-1.9841029644012451,assist,Yes
2175,1,1,0.9740426412951848,-0.35125404596328735,-3.9762539863586426,assist,Yes
2176,1,0,0.24508501313237172,-2.0456454753875732,-0.9206454753875732,assist,no
2177,1,0,0.010986941982915435,-4.984805583953857,-0.48480552434921265,assist,No
2178,1,1,0.8807970779778823,-0.590909481048584,-2.590909481048584,assist,Yes
2179,1,0,0.009708474762317362,-5.157811164855957,-0.5328109860420227,assist,No
2180,1,1,0.893309411735131,-0.5970475077629089,-2.7220475673675537,assist,Yes
2181,1,0,0.005220125693558397,-5.831277370452881,-0.5812773704528809,assist,no
2182,1,0,0.0006263341394548992,-7.804954528808594,-0.42995449900627136,assist,No
2183,1,0,0.00037998437891047395,-8.452284812927246,-0.5772844552993774,assist,No
2184,1,0,0.003593603221697163,-6.262258529663086,-0.6372587084770203,assist,No
2185,1,0,0.010986944573626636,-5.087164402008057,-0.587164580821991,assist,No
2186,1,0,0.4378234991142019,-1.2176989316940308,-0.9676989316940308,assist,No
2187,1,0,0.004609573204944661,-5.609858512878418,-0.23485873639583588,assist,No
2188,1,1,0.8933094060543487,-0.5822718143463135,-2.7072718143463135,assist,Yes
2189,1,1,0.8354835452961425,-0.5675131678581238,-2.1925132274627686,assist,Yes
2190,1,0,0.020332349780873466,-4.280489444732666,-0.4054892659187317,assist,No
2191,1,0,0.00359360194114313,-6.205170631408691,-0.5801704525947571,assist,No
2192,1,0,0.18242553269617778,-2.1894426345825195,-0.6894426941871643,assist,No
2193,1,0,0.0013250225749588576,-7.150965690612793,-0.5259658098220825,assist,No
2194,1,0,0.0019267350071906994,-6.727700233459473,-0.477700412273407,assist,No
2195,1,0,0.1824255415859996,-2.41483211517334,-0.9148322343826294,assist,no
2196,1,0,0.20181320305759334,-2.2209014892578125,-0.845901370048523,assist,No
2197,1,0,0.006692852113050128,-5.6414079666137695,-0.6414081454277039,assist,No
2198,1,1,0.9579122756889438,-0.24106088280677795,-3.366060972213745,assist,Yes
2199,1,0,0.020332349780873466,-4.471456050872803,-0.5964558720588684,assist,No
2200,1,0,0.005911067455265844,-5.655571937561035,-0.530571699142456,assist,No
2201,1,0,0.009708474762317362,-5.3266987800598145,-0.7016986012458801,assist,no
2202,1,0,0.0006263340461823029,-8.009709358215332,-0.6347091794013977,assist,No
2203,1,0,0.2689414213699951,-1.7809303998947144,-0.7809303998947144,assist,no
2204,1,0,0.014063629935885703,-4.693418025970459,-0.4434182345867157,assist,No
2205,1,0,0.014063623737371644,-4.7887115478515625,-0.5387113094329834,assist,No
2206,1,0,0.003593603008271459,-6.32208776473999,-0.6970878839492798,assist,no
2207,1,1,0.9465966656805269,-0.49106940627098083,-3.3660693168640137,assist,Yes
2208,1,0,0.46879062662624377,-1.0834697484970093,-0.9584697484970093,assist,No
2209,1,0,0.000709670377965772,-7.682526588439941,-0.432526558637619,assist,no
2210,1,0,0.006692850924284856,-5.639184951782227,-0.6391849517822266,assist,No
2211,1,0,0.004070137715896127,-5.979835510253906,-0.47983551025390625,assist,No
2212,1,0,0.033085978388704126,-3.635002851486206,-0.26000285148620605,assist,No
2213,1,0,0.0017007225632331216,-6.53911018371582,-0.16411027312278748,assist,No
2214,1,0,0.005220125693558397,-5.78469181060791,-0.5346918106079102,assist,No
2215,1,0,0.003593603221697163,-6.261755466461182,-0.636755645275116,assist,no
2216,1,0,0.002182716185713063,-6.65196418762207,-0.5269640684127808,assist,No
2217,1,0,0.005220125074519377,-5.482565879821777,-0.2325657606124878,assist,No
2218,1,0,0.14804721306746543,-2.1494860649108887,-0.3994861841201782,assist,No
2219,1,0,0.000911051248654057,-7.5775651931762695,-0.5775652527809143,assist,No
2220,1,1,0.8519528019683106,-0.330047607421875,-2.080047607421875,assist,Yes
2221,1,1,0.6513548782017746,-0.8519927859306335,-1.4769928455352783,assist,Yes
2222,1,1,0.6224593312018546,-1.0087776184082031,-1.5087776184082031,assist,Yes
2223,1,0,0.020332353342658753,-4.419232368469238,-0.5442323684692383,assist,No
2224,1,0,0.10669059962643358,-2.725416660308838,-0.6004167199134827,assist,No
2225,1,0,0.025957358704815272,-3.9769599437713623,-0.3519600033760071,assist,no
2226,1,0,0.010986941982915435,-4.793213367462158,-0.2932133078575134,assist,No
2227,1,1,0.9324533126145177,-0.35823363065719604,-2.983233690261841,assist,Yes
2228,1,1,0.7772998611746911,-0.7446204423904419,-1.994620442390442,assist,Yes
2229,1,0,0.10669059394565118,-2.5853772163391113,-0.46037721633911133,assist,No
2230,1,1,0.5621765008857981,-1.1149216890335083,-1.3649216890335083,assist,Yes
2231,1,0,0.01406362456384003,-4.839734077453613,-0.589733898639679,assist,No
2232,1,0,0.0075772408196442265,-5.317317962646484,-0.4423179030418396,assist,No
2233,1,0,0.20181321265898594,-2.0643155574798584,-0.6893154978752136,assist,no
2234,1,0,0.3486451217982255,-1.4708912372589111,-0.8458911776542664,assist,No
2235,1,0,0.0010322307909058268,-7.4533891677856445,-0.5783889293670654,assist,no
2236,1,0,0.005911068856243796,-5.606285572052002,-0.48128557205200195,assist,No
2237,1,0,0.0019267344340853601,-6.5681047439575195,-0.31810462474823,assist,no
2238,1,0,0.0009110511401472368,-7.6955108642578125,-0.6955108046531677,assist,no
2239,1,0,0.0017007225632331216,-6.851935863494873,-0.4769359529018402,assist,No
2240,1,1,0.9626731094431571,-0.49445924162864685,-3.7444591522216797,assist,Yes
2241,1,0,0.00522012615783771,-5.643856525421143,-0.39385661482810974,assist,No
2242,1,0,0.037326888415033926,-3.6599936485290527,-0.4099936783313751,assist,No
2243,1,1,0.7057850402140659,-0.8452321887016296,-1.7202322483062744,assist,Yes
2244,1,0,0.025957358704815272,-3.8797945976257324,-0.2547946572303772,assist,No
2245,1,0,0.34864513533394575,-1.6012564897537231,-0.9762564897537231,assist,no
2246,1,1,0.754914975839675,-0.6984336972236633,-1.8234336376190186,assist,Yes
2247,1,0,0.2942149597859341,-1.6897850036621094,-0.8147849440574646,assist,no
2248,1,0,0.004609571632403393,-6.011980056762695,-0.6369799375534058,assist,No
2249,1,0,0.18242550602671442,-2.2359938621520996,-0.7359937429428101,assist,no
2250,1,1,0.7981867873410141,-0.6370915770530701,-2.012091636657715,assist,Yes
2251,1,0,0.3486451217982255,-1.5083882808685303,-0.8833882212638855,assist,No
2252,1,0,0.11920292202211755,-2.7178049087524414,-0.7178049087524414,assist,no
2253,1,0,0.05340332377362639,-3.5704760551452637,-0.6954759359359741,assist,No
2254,1,0,0.04208772431105632,-3.418848752975464,-0.2938486635684967,assist,No
2255,1,0,0.20181323186177208,-2.156331777572632,-0.7813318371772766,assist,no
2256,1,0,0.1480471980316895,-2.3240928649902344,-0.5740928649902344,assist,No
2257,1,0,0.025957363225871038,-4.224427223205566,-0.5994274616241455,assist,No
2258,1,1,0.7981867873410141,-0.6764852404594421,-2.051485300064087,assist,Yes
2259,1,1,0.7981867969424066,-0.737881064414978,-2.1128811836242676,assist,Yes
2260,1,0,0.34864513533394575,-1.6321146488189697,-1.0071146488189697,assist,no
2261,1,0,0.4073334000459302,-1.3596282005310059,-0.9846282005310059,assist,no
2262,1,1,0.5621765008857981,-1.1983189582824707,-1.4483189582824707,assist,Yes
2263,1,1,0.9796676466573412,-0.38092947006225586,-4.255929470062256,assist,Yes
2264,1,0,0.20181324146316565,-2.102081298828125,-0.7270814180374146,assist,No
2265,1,0,0.002800926967120973,-6.512777328491211,-0.6377773284912109,assist,No
2266,1,0,0.006692849537392301,-5.328767776489258,-0.3287675678730011,assist,No
2267,1,1,0.679178699175393,-0.8492411375045776,-1.5992411375045776,assist,Yes
2268,1,0,0.37754066879814546,-1.4770914316177368,-0.9770914316177368,assist,no
2269,1,0,0.022977373924293353,-4.300257682800293,-0.5502578616142273,assist,No
2270,1,1,0.9579122720843811,-0.5599558353424072,-3.6849558353424072,assist,Yes
2271,1,1,0.8519528170040853,-0.5135663747787476,-2.263566493988037,assist,Yes
2272,1,0,0.00218271696460951,-6.7628583908081055,-0.6378586292266846,assist,No
2273,1,1,0.679178699175393,-0.6936407089233398,-1.4436407089233398,assist,Yes
2274,1,1,0.8933093946927838,-0.4784737825393677,-2.603473663330078,assist,Yes
2275,1,0,0.13296424019782924,-2.644874334335327,-0.7698743343353271,assist,No
2276,1,1,0.9579122708828604,-0.30443480610847473,-3.4294347763061523,assist,Yes
2277,1,1,0.8519527982093668,-0.4146764576435089,-2.1646764278411865,assist,Yes
2278,1,1,0.5621765008857981,-1.1485836505889893,-1.3985836505889893,assist,Yes
2279,1,1,0.9525741281688026,-0.3302442729473114,-3.330244302749634,assist,Yes
2280,1,0,0.0013250225749588576,-7.151033401489258,-0.5260335206985474,assist,No
2281,1,1,0.9046505299595163,-0.37467414140701294,-2.624674081802368,assist,Yes
2282,1,0,0.004070137232672753,-6.137594223022461,-0.6375941038131714,assist,No
2283,1,0,0.005911069906977476,-5.605033874511719,-0.4800340533256531,assist,No
2284,1,1,0.867035763237924,-0.4096851050853729,-2.2846851348876953,assist,Yes
2285,1,1,0.9324533032291502,-0.42719992995262146,-3.0521998405456543,assist,Yes
2286,1,1,0.6513548646660542,-1.0082587003707886,-1.6332587003707886,assist,Yes
2287,1,1,0.8670357598021706,-0.48171353340148926,-2.3567135334014893,assist,Yes
2288,1,1,0.9241418220680101,-0.40092822909355164,-2.900928258895874,assist,Yes
2289,1,0,0.0013250224369313723,-6.856990337371826,-0.23199035227298737,assist,No
2290,1,0,0.0010322308523680697,-7.3080339431762695,-0.4330337643623352,assist,No
2291,1,0,0.18242551491653522,-2.2682735919952393,-0.7682735323905945,assist,no
2292,1,1,0.7772998611746911,-0.6941529512405396,-1.9441529512405396,assist,Yes
2293,1,0,0.07585818419975078,-3.1038382053375244,-0.6038382649421692,assist,No
2294,1,0,0.01406362952265135,-4.696532726287842,-0.4465329051017761,assist,No
2295,1,0,0.000804086127184134,-7.8204345703125,-0.6954348087310791,assist,no
2296,1,1,0.7549149868676283,-0.7351264953613281,-1.8601264953613281,assist,Yes
2297,1,1,0.8807970904940926,-0.5811256170272827,-2.5811257362365723,assist,Yes
2298,1,1,0.5312093733737563,-1.1466641426086426,-1.2716641426086426,assist,Yes
2299,1,1,0.880797071719777,-0.4886205792427063,-2.4886205196380615,assist,Yes
2300,1,0,0.005911068856243796,-5.559918403625488,-0.4349184036254883,assist,No
2301,1,1,0.9525741214369554,-0.27325165271759033,-3.273251533508301,assist,Yes
2302,1,0,0.008577486680893736,-5.189150810241699,-0.43915095925331116,assist,No
2303,1,1,0.5926665999540697,-0.8958280086517334,-1.2708280086517334,assist,Yes
2304,1,1,0.798186768138228,-0.6016791462898254,-1.9766790866851807,assist,Yes
2305,1,0,0.34864513533394575,-1.4780009984970093,-0.8530009984970093,assist,no
2306,1,0,0.0373268852023206,-3.866244316101074,-0.6162442564964294,assist,no
2307,1,1,0.5621765008857981,-1.0863802433013916,-1.3363802433013916,assist,Yes
2308,1,0,0.012431650853185818,-4.865910053253174,-0.49091005325317383,assist,No
2309,1,0,0.01243164829198241,-4.778271675109863,-0.40327146649360657,assist,no
2310,1,1,0.7549149868676283,-0.8034158945083618,-1.9284158945083618,assist,Yes
2311,1,1,0.8354835289107309,-0.4770658612251282,-2.1020658016204834,assist,Yes
2312,1,0,0.02297736857193652,-4.350057601928711,-0.6000575423240662,assist,No
2313,1,0,0.18242553269617778,-2.2000880241394043,-0.7000880837440491,assist,No
2314,1,0,0.01243165231673086,-4.972125053405762,-0.5971251726150513,assist,No
2315,1,0,0.005911068155754778,-5.66051721572876,-0.5355170965194702,assist,no
2316,1,1,0.7310585786300049,-0.8262248039245605,-1.8262248039245605,assist,Yes
2317,1,1,0.8670357666736773,-0.4436487555503845,-2.3186488151550293,assist,Yes
2318,1,0,0.32082130082460697,-1.586633324623108,-0.8366333246231079,assist,no
2319,1,0,0.01590639171181471,-4.77368688583374,-0.6486868858337402,assist,no
2320,1,1,0.9046505248181417,-0.340157151222229,-2.5901570320129395,assist,Yes
2321,1,0,0.1645164628965632,-2.422470808029175,-0.7974708080291748,assist,No
2322,1,1,0.8175744673038221,-0.759226381778717,-2.2592263221740723,assist,Yes
2323,1,0,0.022977374593338037,-4.104898929595947,-0.354899138212204,assist,No
2324,1,0,0.0007096703991005882,-7.774710178375244,-0.5247101783752441,assist,no
2325,1,0,0.010986943602109868,-4.793805122375488,-0.29380521178245544,assist,No
2326,1,0,0.008577483893094128,-5.235464572906494,-0.4854643940925598,assist,No
2327,1,0,0.09534947518185825,-2.9253673553466797,-0.6753674745559692,assist,No
2328,1,0,0.22270012850745968,-2.064624786376953,-0.8146247267723083,assist,no
2329,1,1,0.8175744850834649,-0.6979402899742126,-2.1979403495788574,assist,Yes
2330,1,0,0.04208772791561884,-3.6827826499938965,-0.5577826499938965,assist,No
2331,1,1,0.9626731126558706,-0.4573814868927002,-3.7073814868927,assist,Yes
2332,1,0,0.24508501313237172,-1.9088164567947388,-0.7838164567947388,assist,no
2333,1,1,0.880797071719777,-0.7217841744422913,-2.7217841148376465,assist,Yes
2334,1,0,0.014063626216776943,-4.898758411407471,-0.6487583518028259,assist,No
2335,1,1,0.8519528019683106,-0.5811269283294678,-2.3311269283294678,assist,Yes
2336,1,1,0.8670357598021706,-0.5582242012023926,-2.4332242012023926,assist,Yes
2337,1,0,0.03308598220236406,-4.038359642028809,-0.6633597612380981,assist,No
2338,1,1,0.5926665999540697,-1.1267797946929932,-1.5017797946929932,assist,Yes
2339,1,0,0.03308598220236406,-3.7039809226989746,-0.32898104190826416,assist,No
2340,1,1,0.9579122696813394,-0.7370005249977112,-3.8620004653930664,assist,Yes
2341,1,0,0.003593603221697163,-6.104425430297852,-0.4794256091117859,assist,No
2342,1,1,0.9241418116217418,-0.5177637338638306,-3.017763614654541,assist,Yes
2343,1,0,0.01798620890931226,-4.496755123138428,-0.49675506353378296,assist,No
2344,1,0,0.4378234991142019,-1.331110954284668,-1.081110954284668,assist,no
2345,1,1,0.8670357666736773,-0.6563062071800232,-2.531306266784668,assist,Yes
2346,1,0,0.08509904500702024,-3.0860488414764404,-0.7110488414764404,assist,No
2347,1,1,0.9241418199787566,-0.4034848213195801,-2.90348482131958,assist,Yes
2348,1,0,0.012431652682617146,-4.820748329162598,-0.4457484781742096,assist,No
2349,1,0,0.001501181899364581,-7.134697914123535,-0.634697675704956,assist,no
2350,1,1,0.5926665999540697,-1.1791356801986694,-1.5541356801986694,assist,Yes
2351,1,0,0.2942149845400438,-1.7961921691894531,-0.9211922287940979,assist,no
2352,1,0,0.06754669489377622,-3.312739610671997,-0.6877396702766418,assist,No
2353,1,1,0.6224593312018546,-0.9655731916427612,-1.4655731916427612,assist,Yes
2354,1,1,0.7310585669110203,-0.8117685914039612,-1.8117685317993164,assist,Yes
2355,1,1,0.7057850278370112,-0.7076287269592285,-1.5826287269592285,assist,Yes
2356,1,1,0.8519527906914787,-0.4163096845149994,-2.1663095951080322,assist,Yes
2357,1,1,0.9241418158002492,-0.4900866150856018,-2.990086555480957,assist,Yes
2358,1,1,0.5926666143433998,-0.9756402373313904,-1.3506402969360352,assist,Yes
2359,1,1,0.8807970654616711,-0.5205975770950317,-2.520597457885742,assist,Yes
2360,1,1,0.9465966671870767,-0.6450515389442444,-3.5200514793395996,assist,yes
2361,1,1,0.8519528132451416,-0.43708935379981995,-2.187089443206787,assist,Yes
2362,1,1,0.8933094003735664,-0.5320196747779846,-2.65701961517334,assist,Yes
2363,1,1,0.7310585786300049,-0.853868842124939,-1.853868842124939,assist,Yes
2364,1,1,0.9241418116217418,-0.43049395084381104,-2.9304938316345215,assist,Yes
2365,1,1,0.9740426443092215,-0.5649880766868591,-4.189988136291504,assist,Yes
2366,1,0,0.22270013882530884,-2.061251640319824,-0.8112516403198242,assist,no
2367,1,0,0.007577242612510723,-5.2003278732299805,-0.3253280520439148,assist,No
2368,1,0,0.2689414330889798,-1.7491703033447266,-0.7491703629493713,assist,no
2369,1,1,0.914900945711678,-0.4977632761001587,-2.872763156890869,assist,Yes
2370,1,1,0.8175744673038221,-0.6488080620765686,-2.148808002471924,assist,Yes
2371,1,0,0.22270013882530884,-2.114225149154663,-0.8642251491546631,assist,No
2372,1,1,0.8933094174159129,-0.5211838483810425,-2.646183967590332,assist,Yes
2373,1,1,0.7057850278370112,-0.8672957420349121,-1.742295742034912,assist,Yes
2374,1,1,0.939913356558485,-0.5618623495101929,-3.3118624687194824,assist,Yes
2375,1,0,0.003172682371218578,-6.035446643829346,-0.28544649481773376,assist,No
2376,1,0,0.010986940687560063,-5.203972816467285,-0.7039726376533508,assist,no
2377,1,1,0.9525741254760638,-0.42757871747016907,-3.4275786876678467,assist,Yes
2378,1,1,0.7772998611746911,-0.7009191513061523,-1.9509191513061523,assist,Yes
2379,1,0,0.04208773031866069,-3.749396562576294,-0.6243966221809387,assist,no
2380,1,0,0.07585818002124356,-3.2047507762908936,-0.7047507762908936,assist,no
2381,1,1,0.754914997895581,-0.7327277064323425,-1.8577277660369873,assist,Yes
2382,1,0,0.025957352676742106,-4.228274345397949,-0.6032741665840149,assist,No
2383,1,0,0.0035936017277175022,-6.154952049255371,-0.529951810836792,assist,No
2384,1,1,0.7772998714925403,-0.763990581035614,-2.013990640640259,assist,Yes
2385,1,1,0.8670357666736773,-0.6420812010765076,-2.5170812606811523,assist,Yes
2386,1,0,0.34864513533394575,-1.6519376039505005,-1.0269376039505005,assist,No
2387,1,0,0.042087725512577126,-3.6577963829040527,-0.532796323299408,assist,No
2388,1,0,0.16451645470385742,-2.468651294708252,-0.8436512351036072,assist,no
2389,1,1,0.5926665999540697,-0.9939490556716919,-1.368949055671692,assist,Yes
2390,1,1,0.9046505248181417,-0.6104027032852173,-2.8604025840759277,assist,Yes
2391,1,0,0.5,-1.2158868312835693,-1.2158868312835693,assist,no
2392,1,1,0.9465966641739773,-0.4446650743484497,-3.31966495513916,assist,Yes
2393,1,1,0.8175744673038221,-0.6691561341285706,-2.169156074523926,assist,Yes
2394,1,1,0.5312093733737563,-1.0623635053634644,-1.1873635053634644,assist,Yes
2395,1,0,0.0010322307909058268,-7.352542877197266,-0.4775426387786865,assist,no
2396,1,1,0.9046505453836383,-0.39081132411956787,-2.6408114433288574,assist,Yes
2397,1,1,0.8354835371034369,-0.5818276405334473,-2.2068276405334473,assist,Yes
2398,1,1,0.9399133498259924,-0.6013882160186768,-3.3513882160186768,assist,Yes
2399,1,0,0.1066905825840872,-2.6755728721618652,-0.5505727529525757,assist,No
2400,1,0,0.0009110511401472368,-7.476316928863525,-0.4763168692588806,assist,No
2401,1,0,0.00192673483525908,-6.567193031311035,-0.3171931207180023,assist,No
2402,1,0,0.0010322312826038706,-7.159170150756836,-0.28417038917541504,assist,No
2403,1,0,0.0011695104739356916,-7.445259094238281,-0.6952592730522156,assist,no
2404,1,0,0.0534033328129234,-3.241577625274658,-0.366577684879303,assist,No
2405,1,0,0.0019267343194643127,-6.775546073913574,-0.5255458950996399,assist,No
2406,1,0,0.008577487441202876,-5.336318016052246,-0.5863182544708252,assist,No
2407,1,0,0.0003353500305578816,-8.576823234558105,-0.5768229365348816,assist,No
2408,1,0,0.001700722209038197,-6.953238487243652,-0.5782383680343628,assist,No
2409,1,0,0.003593603168340736,-5.833322525024414,-0.2083226889371872,assist,No
2410,1,0,0.29421497216298875,-1.6365195512771606,-0.7615195512771606,assist,No
2411,1,0,0.0011695101954287976,-7.275767803192139,-0.5257677435874939,assist,No
2412,1,0,0.0031726831252451896,-6.182210445404053,-0.4322105348110199,assist,No
2413,1,0,0.0031726830309918535,-6.141284942626953,-0.3912850022315979,assist,No
2414,1,0,0.006692852311177695,-5.323233604431152,-0.32323381304740906,assist,No
2415,1,0,0.00218271696460951,-6.82186222076416,-0.6968624591827393,assist,no
2416,1,0,0.0031726824654718946,-6.27686071395874,-0.5268605947494507,assist,no
2417,1,0,0.005220125848318164,-5.60610818862915,-0.3561082184314728,assist,No
2418,1,0,0.0013250226538317129,-7.320141315460205,-0.6951414942741394,assist,no
2419,1,0,0.0009110511401472368,-7.577702045440674,-0.577701985836029,assist,no
2420,1,0,0.06008665017400762,-3.0928473472595215,-0.3428473472595215,assist,No
2421,1,0,0.0010322311596793377,-7.452967643737793,-0.5779677629470825,assist,No
2422,1,0,0.000487856977460466,-8.202657699584961,-0.5776574015617371,assist,No
2423,1,0,0.0040701369910610885,-6.140387535095215,-0.6403873562812805,assist,No
2424,1,0,0.00026119035022390116,-8.679767608642578,-0.4297677278518677,assist,No
2425,1,0,0.006692852311177695,-5.394502639770508,-0.3945028483867645,assist,No
2426,1,0,0.010986944573626636,-4.941462516784668,-0.4414626955986023,assist,No
2427,1,0,0.0015011819887076757,-7.134976387023926,-0.6349762082099915,assist,No
2428,1,0,0.0009110513029074721,-7.634302616119385,-0.6343027353286743,assist,No
2429,1,0,0.005911067455265844,-5.824197769165039,-0.69919753074646,assist,no
2430,1,0,0.005911068155754778,-5.56074333190918,-0.43574321269989014,assist,No
2431,1,0,0.0013250223383403197,-7.1019206047058105,-0.47692054510116577,assist,No
2432,1,0,0.0010322312211416022,-7.569487571716309,-0.6944877505302429,assist,no
2433,1,0,0.04208773272170267,-3.760127067565918,-0.6351271867752075,assist,No
2434,1,0,0.01590639217832175,-4.620284080505371,-0.4952841103076935,assist,No
2435,1,0,0.0015011822567369915,-7.196074962615967,-0.6960749626159668,assist,no
2436,1,0,0.02595736021183377,-4.169804096221924,-0.5448042154312134,assist,No
2437,1,0,0.005911070082099775,-5.447837829589844,-0.32283803820610046,assist,No
2438,1,0,0.0040701384407312935,-6.19744348526001,-0.6974436640739441,assist,no
2439,1,0,0.05340333431947304,-3.3649232387542725,-0.4899233281612396,assist,No
2440,1,0,0.047425867792089564,-3.674835205078125,-0.6748350858688354,assist,no
2441,1,0,0.0028009264676790765,-6.266190528869629,-0.3911903500556946,assist,No
2442,1,0,0.0013250227327045727,-7.203078269958496,-0.5780785083770752,assist,no
2443,1,0,0.10669059962643358,-2.9043614864349365,-0.7793615460395813,assist,no
2444,1,0,0.03732688948593843,-3.7715718746185303,-0.521571934223175,assist,no
2445,1,0,0.0028009274665629583,-6.454646110534668,-0.5796462893486023,assist,no
2446,1,0,0.014063628076331205,-4.490600109100342,-0.24060018360614777,assist,No
2447,1,1,0.7057850278370112,-0.7511478662490845,-1.6261478662490845,assist,Yes
2448,1,0,0.0009110513571608901,-7.634872913360596,-0.63487309217453,assist,no
2449,1,0,0.009708475335369565,-5.022059440612793,-0.3970593214035034,assist,No
2450,1,1,0.679178699175393,-0.684015154838562,-1.434015154838562,assist,Yes
2451,1,0,0.0009110511944006454,-7.525028705596924,-0.5250287055969238,assist,No
2452,1,0,0.0075772430607274135,-5.514091491699219,-0.6390917301177979,assist,no
2453,1,0,0.0059110695567328965,-5.763052463531494,-0.6380525827407837,assist,No
2454,1,0,0.1480471980316895,-2.3691954612731934,-0.6191954612731934,assist,No
2455,1,0,0.012431651584958318,-4.777880668640137,-0.4028807282447815,assist,No
2456,1,0,0.025957356444287677,-4.048597812652588,-0.4235977828502655,assist,No
2457,1,0,0.002472623303650189,-6.578791618347168,-0.5787916779518127,assist,No
2458,1,0,0.0021827164453451808,-6.762259483337402,-0.6372594833374023,assist,no
2459,1,0,0.0017007225126338423,-6.851561069488525,-0.47656112909317017,assist,No
2460,1,0,0.003593603221697163,-6.206475257873535,-0.5814754366874695,assist,no
2461,1,1,0.5621765008857981,-1.0991601943969727,-1.3491601943969727,assist,Yes
2462,1,0,0.0009110511944006454,-7.577394485473633,-0.5773944854736328,assist,no
2463,1,0,0.0019267345487064141,-6.945654392242432,-0.6956543326377869,assist,no
2464,1,0,0.008577486934330109,-5.393410682678223,-0.643410861492157,assist,No
2465,1,0,0.005220126312597491,-5.537677764892578,-0.2876778841018677,assist,No
2466,1,0,0.0046095724528596406,-6.016443252563477,-0.6414433121681213,assist,No
2467,1,0,0.0005527788345034023,-8.078038215637207,-0.5780385732650757,assist,No
2468,1,0,0.0011695102650555148,-7.386745929718018,-0.6367459297180176,assist,No
2469,1,0,0.001700722411435288,-7.070913314819336,-0.6959133148193359,assist,no
2470,1,0,0.0019267342621537913,-6.6818671226501465,-0.43186691403388977,assist,No
2471,1,0,0.007577240371427665,-5.515783309936523,-0.6407831907272339,assist,No
2472,1,0,0.4073334000459302,-1.5254827737808228,-1.1504827737808228,assist,no
2473,1,0,0.005911070257222078,-5.654539108276367,-0.5295393466949463,assist,no
2474,1,0,0.0007096705259094992,-7.680889129638672,-0.4308893084526062,assist,No
2475,1,0,0.003593602901558612,-5.978647708892822,-0.35364779829978943,assist,No
2476,1,0,0.07585818002124356,-3.015573263168335,-0.515573263168335,assist,no
2477,1,0,0.014063629935885703,-4.582488536834717,-0.3324887454509735,assist,No
2478,1,0,0.0013250224960860068,-7.057064056396484,-0.43206411600112915,assist,No
2479,1,0,0.08509904500702024,-3.1466455459594727,-0.7716455459594727,assist,no
2480,1,0,0.04208773031866069,-3.7405943870544434,-0.6155944466590881,assist,No
2481,1,0,0.0013250224566495835,-7.015718460083008,-0.3907184898853302,assist,No
2482,1,1,0.7772998508568416,-0.7574408650398254,-2.0074408054351807,assist,Yes
2483,1,0,0.0035936025814200896,-5.9796600341796875,-0.3546600341796875,assist,No
2484,1,0,0.0008040857919630916,-7.8199462890625,-0.6949461102485657,assist,no
2485,1,0,0.18242552380635632,-2.239206552505493,-0.7392065525054932,assist,no
2486,1,0,0.0021827164453451808,-6.556764602661133,-0.4317646026611328,assist,No
2487,1,0,0.005220126312597491,-5.730044364929199,-0.48004448413848877,assist,No
2488,1,0,0.18242553269617778,-2.105703592300415,-0.6057036519050598,assist,No
2489,1,0,0.14804719051380197,-2.3250246047973633,-0.5750245451927185,assist,No
2490,1,0,0.0009110510452037798,-7.228989124298096,-0.22898896038532257,assist,No
2491,1,0,0.007577242164294059,-5.458581924438477,-0.5835820436477661,assist,No
2492,1,0,0.2689414213699951,-1.8354771137237549,-0.8354771137237549,assist,No
2493,1,0,0.000804085887740518,-7.703221321105957,-0.5782212615013123,assist,no
2494,1,1,0.7549149868676283,-0.7729593515396118,-1.8979593515396118,assist,Yes
2495,1,0,0.002182716088351026,-6.354116439819336,-0.2291162759065628,assist,No
2496,1,0,0.002472622715588583,-6.526411056518555,-0.5264108777046204,assist,No
2497,1,0,0.1329642264548166,-2.3397412300109863,-0.4647411108016968,assist,No
2498,1,1,0.5312093733737563,-1.1310023069381714,-1.2560023069381714,assist,Yes
2499,1,0,0.08509904036636974,-3.0730440616607666,-0.6980440020561218,assist,No
2500,1,0,0.2689414213699951,-1.7385542392730713,-0.7385542392730713,assist,no
2501,1,0,0.060086646807761206,-3.446179151535034,-0.6961790919303894,assist,no
2502,1,0,0.005220124764999895,-5.832815647125244,-0.5828154683113098,assist,no
2503,1,0,0.09534947518185825,-2.8192358016967773,-0.5692359209060669,assist,No
2504,1,0,0.14804721306746543,-2.465075969696045,-0.7150760889053345,assist,no
2505,1,0,0.0006263340834913398,-7.725028991699219,-0.3500288724899292,assist,No
2506,1,0,0.4378234991142019,-1.3329774141311646,-1.0829774141311646,assist,No
2507,1,0,0.005220126312597491,-5.833104133605957,-0.5831042528152466,assist,No
2508,1,0,0.06754668738548215,-3.3229916095733643,-0.6979915499687195,assist,no
2509,1,1,0.9399133515091156,-0.49144431948661804,-3.2414443492889404,assist,Yes
2510,1,0,0.012431651950844584,-4.737168312072754,-0.36216840147972107,assist,No
2511,1,1,0.8670357598021706,-0.5619492530822754,-2.4369492530822754,assist,Yes
2512,1,0,0.37754066879814546,-1.456578254699707,-0.956578254699707,assist,No
2513,1,0,0.0031726824654718946,-6.387538909912109,-0.6375387907028198,assist,No
2514,1,1,0.835483553488848,-0.5262349843978882,-2.1512351036071777,assist,Yes
2515,1,0,0.004070137715896127,-6.0276312828063965,-0.5276312828063965,assist,No
2516,1,0,0.0007096704625050409,-7.639616966247559,-0.38961705565452576,assist,No
2517,1,1,0.8354835452961425,-0.6222133040428162,-2.247213363647461,assist,Yes
2518,1,0,0.020332349780873466,-4.473381042480469,-0.5983808636665344,assist,No
2519,1,1,0.9046505325302034,-0.37625983357429504,-2.6262598037719727,assist,Yes
2520,1,1,0.9399133531922388,-0.5785560011863708,-3.3285560607910156,assist,Yes
2521,1,0,0.0017007227150309691,-6.807021141052246,-0.4320213198661804,assist,No
2522,1,1,0.9046505402422645,-0.5244306921958923,-2.774430751800537,assist,Yes
2523,1,0,0.006692850924284856,-5.542562961578369,-0.5425629615783691,assist,No
2524,1,0,0.37754066879814546,-1.5074957609176636,-1.0074957609176636,assist,no
2525,1,0,0.37754066879814546,-1.5083385705947876,-1.0083385705947876,assist,no
2526,1,0,0.04208772671409796,-3.3703367710113525,-0.24533674120903015,assist,No
2527,1,0,0.02931222905542399,-4.002645015716553,-0.502644956111908,assist,No
2528,1,0,0.1480472055495773,-2.3534014225006104,-0.6034014821052551,assist,no
2529,1,0,0.0010322310367548194,-7.399702072143555,-0.5247020721435547,assist,No
2530,1,0,0.0953494648991095,-2.956932783126831,-0.706932783126831,assist,no
2531,1,0,0.0024726231566347748,-6.579762935638428,-0.5797629356384277,assist,no
2532,1,0,0.18242550602671442,-2.239173412322998,-0.7391732931137085,assist,no
2533,1,1,0.8519528019683106,-0.561833381652832,-2.311833381652832,assist,Yes
2534,1,0,0.020332356904444657,-4.147458553314209,-0.2724587321281433,assist,No
2535,1,0,0.053403329799824234,-3.558011054992676,-0.6830110549926758,assist,No
2536,1,0,0.007577242612510723,-5.516656398773193,-0.6416565775871277,assist,No
2537,1,0,0.0035936023679944244,-5.944321155548096,-0.3193210959434509,assist,No
2538,1,0,0.01243165304850344,-4.736100673675537,-0.36110085248947144,assist,No
2539,1,1,0.679178699175393,-0.5913171768188477,-1.3413171768188477,assist,Yes
2540,1,1,0.7981867777396212,-0.5280524492263794,-1.9030524492263794,assist,Yes
2541,1,0,0.0021827160558970152,-6.704540729522705,-0.5795405507087708,assist,no
2542,1,1,0.9399133498259924,-0.47910594940185547,-3.2291059494018555,assist,Yes
2543,1,1,0.9626731158685837,-0.3451806604862213,-3.5951807498931885,assist,Yes
2544,1,0,0.020332355717182622,-4.332207679748535,-0.4572077989578247,assist,No
2545,1,0,0.003593603008271459,-6.207099437713623,-0.5820995569229126,assist,no
2546,1,0,0.04208772791561884,-3.421830892562866,-0.2968308925628662,assist,No
2547,1,0,0.020332350374504305,-4.209688186645508,-0.3346880376338959,assist,No
2548,1,1,0.6513548646660542,-0.9306108951568604,-1.5556108951568604,assist,Yes
2549,1,0,0.017986213120429816,-4.646772384643555,-0.646772563457489,assist,no
2550,1,0,0.004070137957507836,-6.13879919052124,-0.638799250125885,assist,No
2551,1,1,0.679178699175393,-0.8298665285110474,-1.5798665285110474,assist,Yes
2552,1,1,0.5621765008857981,-1.139970302581787,-1.389970302581787,assist,Yes
2553,1,0,0.007577239474994629,-5.518219947814941,-0.6432197093963623,assist,No
2554,1,0,0.1329642264548166,-2.6295905113220215,-0.7545903921127319,assist,No
2555,1,0,0.3486451488696663,-1.4194884300231934,-0.7944884896278381,assist,No
2556,1,0,0.46879064146934857,-1.032428503036499,-0.9074285626411438,assist,No
2557,1,1,0.9149009596336303,-0.5606414675712585,-2.9356415271759033,assist,Yes
2558,1,0,0.0009110511944006454,-7.389065265655518,-0.3890652656555176,assist,No
2559,1,0,0.03732688948593843,-3.761786937713623,-0.5117869973182678,assist,No
2560,1,0,0.02931223159932252,-3.9193155765533447,-0.4193156063556671,assist,No
2561,1,1,0.6513548511303336,-0.866777241230011,-1.4917771816253662,assist,Yes
2562,1,1,0.754914975839675,-0.6370397210121155,-1.7620396614074707,assist,Yes
2563,1,0,0.0015011825247663551,-7.135189056396484,-0.6351892352104187,assist,No
2564,1,0,0.012431650853185818,-4.776686191558838,-0.4016861915588379,assist,No
2565,1,0,0.37754066879814546,-1.4152792692184448,-0.9152792692184448,assist,no
2566,1,0,0.14804721306746543,-2.388947010040283,-0.6389471292495728,assist,no
2567,1,1,0.9820137916170774,-0.36061373353004456,-4.360613822937012,assist,Yes
2568,1,0,0.0005527786863185436,-7.888556480407715,-0.388556569814682,assist,No
2569,1,0,0.07585817584273653,-3.0048840045928955,-0.5048839449882507,assist,No
2570,1,0,0.01406362456384003,-4.902940273284912,-0.6529400944709778,assist,No
2571,1,0,0.4073334000459302,-1.5351179838180542,-1.1601179838180542,assist,no
2572,1,0,0.06008665017400762,-3.2358782291412354,-0.48587822914123535,assist,No
2573,1,1,0.9579122756889438,-0.3682011663913727,-3.49320125579834,assist,Yes
2574,1,0,0.09534945975773548,-2.7068214416503906,-0.45682138204574585,assist,no
2575,1,0,0.3208213138121609,-1.5679152011871338,-0.8179152607917786,assist,no
2576,1,0,0.10669058826486906,-2.921600341796875,-0.7966002821922302,assist,no
2577,1,1,0.9740426397881662,-0.3967524766921997,-4.02175235748291,assist,Yes
2578,1,0,0.34864513533394575,-1.6604410409927368,-1.0354410409927368,assist,no
2579,1,1,0.9465966762263737,-0.47062957286834717,-3.3456296920776367,assist,Yes
2580,1,1,0.9149009596336303,-0.5028993487358093,-2.877899408340454,assist,Yes
2581,1,0,0.020332349780873466,-4.417680263519287,-0.5426800847053528,assist,No
2582,1,1,0.9465966671870767,-0.3381958603858948,-3.21319580078125,assist,Yes
2583,1,0,0.03732689162774753,-3.7793517112731934,-0.5293518304824829,assist,no
2584,1,0,0.014063623737371644,-4.698137283325195,-0.4481370449066162,assist,No
2585,1,1,0.9465966732132748,-0.48007887601852417,-3.355078935623169,assist,Yes
2586,1,0,0.22270013882530884,-1.9811723232269287,-0.7311723232269287,assist,no
2587,1,1,0.7981867969424066,-0.6537779569625854,-2.028778076171875,assist,Yes
2588,1,0,0.004070137715896127,-6.084869861602783,-0.5848698616027832,assist,No
2589,1,1,0.679178699175393,-0.9380921125411987,-1.6880921125411987,assist,Yes
2590,1,0,0.0159063898457867,-4.6647419929504395,-0.5397418737411499,assist,No
2591,1,1,0.6513548646660542,-0.8980947732925415,-1.5230947732925415,assist,Yes
2592,1,0,0.22270013882530884,-2.1169986724853516,-0.8669986724853516,assist,no
2593,1,0,0.20181323186177208,-2.203807830810547,-0.8288078904151917,assist,no
2594,1,1,0.8354835207180245,-0.7564250230789185,-2.381424903869629,assist,Yes
2595,1,0,0.34864513533394575,-1.644156575202942,-1.019156575202942,assist,no
2596,1,0,0.5,-1.2182066440582275,-1.2182066440582275,assist,No
2597,1,0,0.13296424019782924,-2.3596813678741455,-0.4846813678741455,assist,No
2598,1,0,0.46879062662624377,-1.3027015924453735,-1.1777015924453735,assist,no
2599,1,0,0.01406362456384003,-4.954467296600342,-0.7044671177864075,assist,no
2600,1,1,0.8175744673038221,-0.6002245545387268,-2.100224494934082,assist,Yes
2601,1,0,0.008577486934330109,-5.0749664306640625,-0.3249666094779968,assist,No
2602,1,0,0.009708477054526368,-5.111771583557129,-0.4867716431617737,assist,No
2603,1,1,0.939913356558485,-0.38604581356048584,-3.1360459327697754,assist,Yes
2604,1,0,0.18242552380635632,-2.2178075313568115,-0.7178075313568115,assist,no
2605,1,1,0.8354835207180245,-0.5893012285232544,-2.214301109313965,assist,Yes
2606,1,0,0.46879062662624377,-1.256649136543274,-1.131649136543274,assist,no
2607,1,0,0.4073334000459302,-1.4157298803329468,-1.0407298803329468,assist,no
2608,1,0,0.042087725512577126,-3.6417739391326904,-0.5167738795280457,assist,no
2609,1,1,0.9149009596336303,-0.4754640460014343,-2.850464105606079,assist,Yes
2610,1,0,0.009708477627578704,-5.123045444488525,-0.49804556369781494,assist,No
2611,1,1,0.9465966702001757,-0.49881434440612793,-3.373814344406128,assist,Yes
2612,1,0,0.004070137715896127,-6.02985954284668,-0.5298595428466797,assist,no
2613,1,0,0.007577241267860811,-5.463367938995361,-0.5883679389953613,assist,No
2614,1,0,0.009708476051684862,-4.838380336761475,-0.21338029205799103,assist,No
2615,1,1,0.754914997895581,-0.7234341502189636,-1.8484342098236084,assist,Yes
2616,1,1,0.8933094060543487,-0.41472291946411133,-2.5397229194641113,assist,Yes
2617,1,1,0.7772998611746911,-0.7222092151641846,-1.9722092151641846,assist,Yes
2618,1,0,0.3486451488696663,-1.5254323482513428,-0.9004324078559875,assist,no
2619,1,0,0.008577484399966718,-5.390781879425049,-0.6407817602157593,assist,No
2620,1,0,0.0013250226538317129,-6.976377964019775,-0.3513781428337097,assist,No
2621,1,0,0.09534947004048376,-2.7969024181365967,-0.5469024777412415,assist,No
2622,1,1,0.9241418220680101,-0.43818899989128113,-2.9381890296936035,assist,Yes
2623,1,0,0.060086656906500974,-3.4501147270202637,-0.7001148462295532,assist,No
2624,1,1,0.8354835411997897,-0.4794759452342987,-2.104475975036621,assist,Yes
2625,1,1,0.9706877684006775,-0.4953332245349884,-3.995333194732666,assist,Yes
2626,1,1,0.9046505299595163,-0.45495349168777466,-2.70495343208313,assist,Yes
2627,1,0,0.2689414213699951,-1.9152483940124512,-0.9152483940124512,assist,no
2628,1,1,0.7981867969424066,-0.7323821783065796,-2.107382297515869,assist,Yes
2629,1,1,0.7310585786300049,-0.8664937019348145,-1.8664937019348145,assist,Yes
2630,1,1,0.5926666143433998,-0.8503605723381042,-1.225360631942749,assist,Yes
2631,1,0,0.0011695103346822365,-7.328079700469971,-0.5780797600746155,assist,no
2632,1,0,0.03308598029553404,-3.9347121715545654,-0.5597122311592102,assist,No
2633,1,0,0.008577487441202876,-5.281867027282715,-0.531867265701294,assist,No
2634,1,0,0.18242551491653522,-2.037194013595581,-0.5371939539909363,assist,No
2635,1,0,0.022977371248114782,-4.357157230377197,-0.607157289981842,assist,No
2636,1,1,0.679178699175393,-0.8610883951187134,-1.6110883951187134,assist,Yes
2637,1,1,0.9579122732859019,-0.43494364619255066,-3.559943675994873,assist,Yes
2638,1,0,0.020332355717182622,-4.59461784362793,-0.7196179628372192,assist,no
2639,1,1,0.754914997895581,-0.6822437644004822,-1.807243824005127,assist,Yes
2640,1,1,0.9046505351008906,-0.7041337490081787,-2.9541337490081787,assist,Yes
2641,1,0,0.1645164628965632,-2.1112282276153564,-0.48622822761535645,assist,No
2642,1,1,0.7549149868676283,-0.7079274654388428,-1.8329274654388428,assist,Yes
2643,1,0,0.0013250223383403197,-7.26041316986084,-0.6354131102561951,assist,No
2644,1,0,0.09534945975773548,-2.786198854446411,-0.5361987948417664,assist,no
2645,1,1,0.8933094174159129,-0.3942922353744507,-2.5192923545837402,assist,Yes
2646,1,0,0.033085978388704126,-3.8901729583740234,-0.5151729583740234,assist,no
2647,1,1,0.914900945711678,-0.6643491983413696,-3.03934907913208,assist,Yes
2648,1,0,0.37754066879814546,-1.3304016590118408,-0.8304016590118408,assist,No
2649,1,0,0.025957363225871038,-4.30057430267334,-0.675574541091919,assist,no
2650,1,0,0.08509904732734556,-2.7649149894714355,-0.38991501927375793,assist,no
2651,1,0,0.37754066879814546,-1.3742055892944336,-0.8742055892944336,assist,No
2652,1,1,0.9465966702001757,-0.45966291427612305,-3.334662914276123,assist,Yes
2653,1,0,0.06008665354025422,-3.445655345916748,-0.6956554055213928,assist,No
2654,1,0,0.04208773031866069,-3.609697103500366,-0.484697163105011,assist,No
2655,1,1,0.9465966656805269,-0.4807823598384857,-3.3557822704315186,assist,Yes
2656,1,1,0.9399133464597458,-0.40724998712539673,-3.157249927520752,assist,Yes
2657,1,1,0.6791786861878392,-0.7327929139137268,-1.482792854309082,assist,Yes
2658,1,0,0.02595736021183377,-4.119809150695801,-0.49480926990509033,assist,No
2659,1,0,0.06008664344151498,-3.317121982574463,-0.5671218633651733,assist,No
2660,1,1,0.7981867585368343,-0.7562781572341919,-2.1312780380249023,assist,Yes
2661,1,0,0.010986940687560063,-4.9416937828063965,-0.44169360399246216,assist,no
2662,1,1,0.9706877658567789,-0.47430574893951416,-3.9743056297302246,assist,Yes
2663,1,1,0.9241418283357702,-0.6710418462753296,-3.171041965484619,assist,Yes
2664,1,1,0.9149009642742806,-0.612662672996521,-2.9876627922058105,assist,Yes
2665,1,1,0.8175744584140004,-0.6614071130752563,-2.161406993865967,assist,Yes
2666,1,1,0.8519528019683106,-0.46991562843322754,-2.2199156284332275,assist,Yes
2667,1,0,0.0011695103346822365,-7.277604579925537,-0.5276046395301819,assist,No
2668,1,1,0.9820137900379085,-0.4469332695007324,-4.446933269500732,assist,Yes
2669,1,1,0.7549149868676283,-0.7318333387374878,-1.8568333387374878,assist,Yes
2670,1,0,0.01098694263059318,-5.145691871643066,-0.6456918716430664,assist,no
2671,1,1,0.851952809486198,-0.6937379240989685,-2.4437379837036133,assist,Yes
2672,1,1,0.8807970654616711,-0.7084342241287231,-2.7084341049194336,assist,Yes
2673,1,0,0.11920292515117029,-2.418394088745117,-0.4183941185474396,assist,No
2674,1,1,0.5926665999540697,-0.9665218591690063,-1.3415218591690063,assist,Yes
2675,1,1,0.8175744584140004,-0.6472159624099731,-2.1472158432006836,assist,Yes
2676,1,1,0.679178699175393,-0.8378692865371704,-1.5878692865371704,assist,Yes
2677,1,0,0.029312227359491745,-4.070430755615234,-0.5704306364059448,assist,No
2678,1,0,0.005911068505999277,-5.417176723480225,-0.29217666387557983,assist,No
2679,1,0,0.02931223583915389,-4.058294773101807,-0.558294951915741,assist,no
2680,1,1,0.8807970842359877,-0.6215490698814392,-2.621549129486084,assist,Yes
2681,1,0,0.08509904964767095,-2.901388645172119,-0.5263887047767639,assist,No
2682,1,0,0.16451645470385742,-2.2157464027404785,-0.5907463431358337,assist,no
2683,1,0,0.1645164628965632,-2.1839094161987305,-0.5589094161987305,assist,No
2684,1,0,0.34864513533394575,-1.5792973041534424,-0.9542973041534424,assist,no
2685,1,1,0.9149009549929797,-0.4269382953643799,-2.80193829536438,assist,Yes
2686,1,0,0.01098694392594878,-4.828018665313721,-0.32801878452301025,assist,No
2687,1,0,0.0010322311596793377,-7.5703864097595215,-0.695386528968811,assist,no
2688,1,1,0.9399133531922388,-0.49022310972213745,-3.2402231693267822,assist,Yes
2689,1,1,0.6791787121629466,-0.854561984539032,-1.6045620441436768,assist,Yes
2690,1,1,0.8175744806385543,-0.48329004645347595,-1.9832900762557983,assist,Yes
2691,1,1,0.6224593171945417,-0.9383583664894104,-1.4383583068847656,assist,Yes
2692,1,1,0.9324533107374443,-0.46158596873283386,-3.0865859985351562,assist,Yes
2693,1,1,0.9465966686936261,-0.4026377499103546,-3.2776377201080322,assist,Yes
2694,1,0,0.04208772791561884,-3.692321300506592,-0.5673213005065918,assist,no
2695,1,0,0.037326887344129464,-3.813643455505371,-0.5636434555053711,assist,No
2696,1,1,0.9046505402422645,-0.6322447657585144,-2.882244825363159,assist,Yes
2697,1,1,0.9525741322079105,-0.6342786550521851,-3.6342787742614746,assist,Yes
2698,1,1,0.9579122696813394,-0.5534408688545227,-3.678440809249878,assist,Yes
2699,1,1,0.7310585786300049,-0.6102102994918823,-1.6102102994918823,assist,Yes
2700,1,0,0.0002959571928714778,-8.37772274017334,-0.25272300839424133,assist,No
2701,1,0,0.009708478200631072,-4.864433288574219,-0.23943346738815308,assist,No
2702,1,0,0.000804086031406679,-7.759744644165039,-0.6347447633743286,assist,no
2703,1,0,0.18242553269617778,-2.2307186126708984,-0.7307186722755432,assist,No
2704,1,0,0.0008040860553510418,-7.514100074768066,-0.38910022377967834,assist,No
2705,1,0,0.0011695101258020842,-7.004904270172119,-0.2549041509628296,assist,No
2706,1,0,0.0013250226143952844,-6.976378917694092,-0.35137906670570374,assist,No
2707,1,0,0.0002611903813520866,-8.532401084899902,-0.28240132331848145,assist,No
2708,1,0,0.0010322312826038706,-7.452893257141113,-0.5778934955596924,assist,No
2709,1,0,0.0013250223383403197,-7.259800910949707,-0.6348008513450623,assist,No
2710,1,0,0.00026119041248027575,-8.638151168823242,-0.38815152645111084,assist,No
2711,1,0,0.0031726828424851893,-6.184112548828125,-0.434112548828125,assist,No
2712,1,0,0.000552778702783526,-8.024738311767578,-0.5247384309768677,assist,no
2713,1,0,0.0006263342327275096,-7.89906120300293,-0.5240613222122192,assist,no
2714,1,1,0.5926666143433998,-0.9385611414909363,-1.313561201095581,assist,Yes
2715,1,0,0.0005527785875286599,-7.75330114364624,-0.25330105423927307,assist,No
2716,1,0,0.0007096705259094992,-7.774783134460449,-0.5247833132743835,assist,No
2717,1,0,0.0010322310982170768,-7.400179862976074,-0.525179922580719,assist,no
2718,1,0,0.029312230751356316,-4.11029577255249,-0.6102957725524902,assist,No
2719,1,0,0.0028009263011984638,-6.227534294128418,-0.35253405570983887,assist,No
2720,1,0,0.0011695105435624257,-7.274909019470215,-0.524909257888794,assist,No
2721,1,0,0.002800926967120973,-6.4021525382995605,-0.5271525382995605,assist,No
2722,1,0,0.005220126622117065,-5.9489312171936035,-0.6989313960075378,assist,no
2723,1,0,0.0007096703568309563,-7.884391784667969,-0.634391725063324,assist,No
2724,1,0,0.10669058826486906,-2.5829267501831055,-0.4579266905784607,assist,No
2725,1,0,0.0028009273000822866,-6.454614639282227,-0.5796147584915161,assist,No
2726,1,0,0.0031726835965119127,-6.386098861694336,-0.636099100112915,assist,No
2727,1,0,0.0021827163155291175,-6.602950572967529,-0.4779505133628845,assist,No
2728,1,0,0.0028009263011984638,-6.402087211608887,-0.5270869731903076,assist,No
2729,1,0,0.0028009265509193865,-6.2658867835998535,-0.3908866345882416,assist,No
2730,1,0,0.0046095710854326425,-6.07462215423584,-0.6996219158172607,assist,no
2731,1,0,0.02595735719779685,-3.9384660720825195,-0.31346607208251953,assist,No
2732,1,0,0.0015011825247663551,-6.930628299713135,-0.4306284785270691,assist,No
2733,1,0,0.0021827168347934166,-6.654480457305908,-0.5294806361198425,assist,No
2734,1,0,0.0046095710854326425,-6.072236061096191,-0.6972358226776123,assist,no
2735,1,0,0.001700722411435288,-6.765641689300537,-0.3906416893005371,assist,No
2736,1,0,0.00359360194114313,-6.103603839874268,-0.47860366106033325,assist,No
2737,1,0,0.0028009266341596987,-6.4568352699279785,-0.581835150718689,assist,no
2738,1,0,0.0011695101954287976,-7.065792083740234,-0.3157920241355896,assist,No
2739,1,0,0.14804719051380197,-2.3467421531677246,-0.5967420935630798,assist,no
2740,1,0,0.0006263340648368211,-7.850558757781982,-0.4755586087703705,assist,No
2741,1,0,0.002800927133601626,-6.511588096618652,-0.6365881562232971,assist,No
2742,1,0,0.0024726231566347748,-6.5797343254089355,-0.5797343254089355,assist,No
2743,1,0,0.0021827164453451808,-6.603049278259277,-0.47804927825927734,assist,No
2744,1,0,0.4073334000459302,-1.440414547920227,-1.065414547920227,assist,no
2745,1,0,0.0004305571326289228,-7.911773204803467,-0.16177332401275635,assist,No
2746,1,0,0.0011695103346822365,-7.180543422698975,-0.4305434823036194,assist,No
2747,1,0,0.015906392644828796,-4.6165995597839355,-0.4915996193885803,assist,No
2748,1,0,0.08509904964767095,-2.9718017578125,-0.5968018174171448,assist,No
2749,1,0,0.007577240371427665,-5.409384250640869,-0.5343841314315796,assist,No
2750,1,0,0.0028009273000822866,-6.40204381942749,-0.5270439386367798,assist,No
2751,1,0,0.004070137353478592,-5.855140209197998,-0.3551401197910309,assist,No
2752,1,0,0.004609572042631499,-5.811666488647461,-0.43666645884513855,assist,No
2753,1,0,0.0015011822567369915,-7.195645332336426,-0.6956453323364258,assist,no
2754,1,0,0.0035936027948457686,-6.205445289611816,-0.5804453492164612,assist,No
2755,1,0,0.2689414213699951,-1.6757055521011353,-0.6757055521011353,assist,No
2756,1,0,0.001700722209038197,-6.90289831161499,-0.5278981924057007,assist,No
2757,1,1,0.8354835207180245,-0.5216699838638306,-2.146669864654541,assist,Yes
2758,1,0,0.0015011824354232285,-7.079797267913818,-0.5797973871231079,assist,no
2759,1,0,0.18242551491653522,-2.212552309036255,-0.7125522494316101,assist,No
2760,1,1,0.7981867777396212,-0.4955472946166992,-1.8705472946166992,assist,Yes
2761,1,1,0.679178699175393,-0.7053797245025635,-1.4553797245025635,assist,Yes
2762,1,0,0.06754669489377622,-3.1154088973999023,-0.4904089570045471,assist,No
2763,1,0,0.004070138078313694,-5.858833312988281,-0.3588334023952484,assist,No
2764,1,0,0.008577484399966718,-5.337843418121338,-0.5878432989120483,assist,No
2765,1,0,0.06008665354025422,-3.4569714069366455,-0.7069714665412903,assist,no
2766,1,0,0.0040701369910610885,-6.081417083740234,-0.5814169049263,assist,No
2767,1,0,0.0008040858637961602,-7.51322603225708,-0.3882259428501129,assist,No
2768,1,0,0.0007096705259094992,-7.638975143432617,-0.3889753222465515,assist,No
2769,1,1,0.5312093733737563,-1.1357245445251465,-1.2607245445251465,assist,Yes
2770,1,0,0.002472622642080892,-6.353278636932373,-0.35327842831611633,assist,No
2771,1,0,0.0008040859595735953,-7.513205528259277,-0.38820555806159973,assist,No
2772,1,0,0.0017007224620345643,-6.851413249969482,-0.4764132797718048,assist,No
2773,1,0,0.02033235096813516,-4.466861248016357,-0.5918611288070679,assist,No
2774,1,0,0.0008040857680187367,-7.555241584777832,-0.4302413761615753,assist,No
2775,1,0,0.0010322312211416022,-7.351224899291992,-0.4762250781059265,assist,no
2776,1,1,0.880797071719777,-0.5934403538703918,-2.593440294265747,assist,Yes
2777,1,1,0.8807970842359877,-0.6060094237327576,-2.6060094833374023,assist,Yes
2778,1,1,0.7310585903489892,-0.6391586661338806,-1.6391587257385254,assist,Yes
2779,1,0,0.004070138199119559,-5.894200325012207,-0.3942004442214966,assist,No
2780,1,0,0.001926734606016944,-6.68155574798584,-0.43155571818351746,assist,No
2781,1,0,0.0028009265509193865,-6.266236782073975,-0.39123663306236267,assist,No
2782,1,0,0.04742587587030561,-3.574828624725342,-0.5748286843299866,assist,No
2783,1,0,0.04208773031866069,-3.5173654556274414,-0.3923655152320862,assist,No
2784,1,0,0.053403325280175794,-3.2459490299224854,-0.3709489405155182,assist,No
2785,1,1,0.966914019704466,-0.4877055287361145,-3.8627054691314697,assist,Yes
2786,1,0,0.01098694392594878,-4.956828594207764,-0.4568287134170532,assist,No
2787,1,0,0.0019267344340853601,-6.414306640625,-0.16430652141571045,assist,No
2788,1,0,0.03308597648187432,-3.832723379135132,-0.45772331953048706,assist,No
2789,1,0,0.012431650853185818,-4.911548614501953,-0.5365486145019531,assist,No
2790,1,0,0.0011695105435624257,-7.327929496765137,-0.5779297351837158,assist,No
2791,1,0,0.0019267345487064141,-6.832467079162598,-0.5824670195579529,assist,No
2792,1,1,0.9525741268224334,-0.5657444000244141,-3.565744400024414,assist,Yes
2793,1,0,0.0013250227327045727,-7.152379989624023,-0.5273802280426025,assist,No
2794,1,0,0.2689414096510108,-1.7886426448822021,-0.7886425852775574,assist,No
2795,1,0,0.09534947004048376,-3.0358307361602783,-0.7858307957649231,assist,no
2796,1,1,0.8807970748488297,-0.45316389203071594,-2.4531638622283936,assist,Yes
2797,1,0,0.005220124764999895,-5.831872463226318,-0.581872284412384,assist,no
2798,1,0,0.13296424019782924,-2.4665687084198,-0.5915687084197998,assist,no
2799,1,0,0.005220126776876857,-5.731760501861572,-0.481760710477829,assist,No
2800,1,0,0.022977365895758564,-4.1637864112854,-0.41378623247146606,assist,No
2801,1,0,0.0021827164453451808,-6.760392665863037,-0.6353926658630371,assist,No
2802,1,1,0.754914975839675,-0.7832067608833313,-1.9082067012786865,assist,Yes
2803,1,0,0.0028009273833226214,-6.30952787399292,-0.43452802300453186,assist,No
2804,1,0,0.0019267343194643127,-6.88590145111084,-0.6359012722969055,assist,No
2805,1,0,0.34864513533394575,-1.5377624034881592,-0.9127624034881592,assist,no
2806,1,0,0.014063626630011202,-4.577162742614746,-0.3271627128124237,assist,No
2807,1,0,0.007577241940185738,-5.2341694831848145,-0.3591695725917816,assist,No
2808,1,0,0.01798621154126062,-4.271337985992432,-0.2713380753993988,assist,No
2809,1,0,0.07585818837825822,-3.0459675788879395,-0.545967698097229,assist,No
2810,1,0,0.34864513533394575,-1.5631132125854492,-0.9381132125854492,assist,no
2811,1,0,0.0004305571839332368,-8.444342613220215,-0.694342851638794,assist,no
2812,1,1,0.8354835371034369,-0.5004158020019531,-2.125415802001953,assist,Yes
2813,1,0,0.053403329799824234,-3.5497829914093018,-0.6747829914093018,assist,no
2814,1,0,0.0035936018344303144,-6.017670631408691,-0.3926704227924347,assist,No
2815,1,0,0.060086656906500974,-3.403622627258301,-0.6536227464675903,assist,no
2816,1,1,0.5312093733737563,-1.2006785869598389,-1.3256785869598389,assist,Yes
2817,1,0,0.0031726822769652645,-6.447813034057617,-0.6978128552436829,assist,no
2818,1,1,0.9241418262465169,-0.4231525957584381,-2.9231526851654053,assist,Yes
2819,1,1,0.8670357598021706,-0.5721817016601562,-2.4471817016601562,assist,Yes
2820,1,0,0.46879062662624377,-1.3715507984161377,-1.2465507984161377,assist,no
2821,1,0,0.0009110510316404296,-7.4771904945373535,-0.4771903157234192,assist,No
2822,1,0,0.22270012850745968,-2.087676525115967,-0.837676465511322,assist,No
2823,1,1,0.8354835452961425,-0.6702489256858826,-2.2952489852905273,assist,Yes
2824,1,1,0.6513548782017746,-0.7422026991844177,-1.3672027587890625,assist,Yes
2825,1,0,0.0015011825247663551,-7.078782558441162,-0.5787827372550964,assist,No
2826,1,0,0.005220125384038879,-5.647103786468506,-0.3971037268638611,assist,No
2827,1,0,0.005220125384038879,-5.8922905921936035,-0.6422905325889587,assist,no
2828,1,0,0.0009110510858938316,-7.578210830688477,-0.578210711479187,assist,No
2829,1,0,0.00857748566714832,-5.042795658111572,-0.29279568791389465,assist,No
2830,1,0,0.002800927133601626,-6.4016313552856445,-0.5266314148902893,assist,No
2831,1,0,0.34864513533394575,-1.5197550058364868,-0.8947550058364868,assist,No
2832,1,1,0.679178699175393,-0.8386722803115845,-1.5886722803115845,assist,Yes
2833,1,0,0.02297737057907019,-4.034028053283691,-0.2840280830860138,assist,No
2834,1,0,0.06008665017400762,-3.3269224166870117,-0.5769224166870117,assist,No
2835,1,1,0.7549149868676283,-0.7483999729156494,-1.8733999729156494,assist,Yes
2836,1,1,0.914900945711678,-0.4052516222000122,-2.7802515029907227,assist,Yes
2837,1,0,0.4073334000459302,-1.2150737047195435,-0.8400737047195435,assist,No
2838,1,0,0.03308597648187432,-3.980712652206421,-0.6057125926017761,assist,No
2839,1,0,0.0008040859835179557,-7.760758399963379,-0.6357584595680237,assist,No
2840,1,1,0.8354835289107309,-0.7965999245643616,-2.421599864959717,assist,Yes
2841,1,0,0.020332355717182622,-4.416378974914551,-0.5413790941238403,assist,No
2842,1,1,0.835483553488848,-0.622794508934021,-2.2477946281433105,assist,Yes
2843,1,0,0.005220126931636656,-5.730413436889648,-0.48041367530822754,assist,No
2844,1,1,0.7981867777396212,-0.5772778987884521,-1.9522778987884521,assist,Yes
2845,1,0,0.2689414096510108,-1.8359901905059814,-0.8359901309013367,assist,No
2846,1,0,0.06008665522337757,-3.243250846862793,-0.49325093626976013,assist,No
2847,1,1,0.9241418220680101,-0.4078945815563202,-2.9078946113586426,assist,Yes
2848,1,0,0.29421497216298875,-1.709495186805725,-0.8344951868057251,assist,No
2849,1,0,0.0013250221805946513,-7.260519027709961,-0.6355188488960266,assist,No
2850,1,1,0.9046505402422645,-0.37544769048690796,-2.6254477500915527,assist,Yes
2851,1,1,0.9626731147976793,-0.46120256185531616,-3.711202621459961,assist,Yes
2852,1,1,0.9324533144915912,-0.3843826353549957,-3.009382724761963,assist,Yes
2853,1,0,0.2689414213699951,-1.8330475091934204,-0.8330475091934204,assist,no
2854,1,0,0.0019267347779485435,-6.9480133056640625,-0.6980133652687073,assist,no
2855,1,0,0.02931223159932252,-3.8147168159484863,-0.3147168457508087,assist,No
2856,1,1,0.7772998611746911,-0.7458556890487671,-1.995855689048767,assist,Yes
2857,1,1,0.7772998611746911,-0.6993404626846313,-1.9493404626846313,assist,Yes
2858,1,0,0.005220125538798635,-5.64406156539917,-0.39406153559684753,assist,No
2859,1,1,0.7057850278370112,-0.7725105285644531,-1.6475105285644531,assist,Yes
2860,1,0,0.0008040857919630916,-7.702903747558594,-0.5779035687446594,assist,No
2861,1,0,0.06754668738548215,-3.313034772872925,-0.68803471326828,assist,no
2862,1,0,0.022977365895758564,-4.26856803894043,-0.5185678601264954,assist,No
2863,1,0,0.000804085887740518,-7.514412879943848,-0.3894128203392029,assist,No
2864,1,0,0.34864513533394575,-1.6306328773498535,-1.0056328773498535,assist,no
2865,1,1,0.9626731126558706,-0.3863558769226074,-3.6363558769226074,assist,Yes
2866,1,0,0.18242550602671442,-2.274394989013672,-0.7743948698043823,assist,no
2867,1,0,0.02297736857193652,-4.249868869781494,-0.49986881017684937,assist,No
2868,1,0,0.005220125693558397,-5.779213905334473,-0.5292139053344727,assist,No
2869,1,0,0.18242551491653522,-2.1976912021636963,-0.6976911425590515,assist,no
2870,1,0,0.11920292828022305,-2.8173813819885254,-0.8173814415931702,assist,no
2871,1,0,0.01098694392594878,-5.142934799194336,-0.6429349184036255,assist,No
2872,1,0,0.0019267344913958867,-6.72775936126709,-0.4777592718601227,assist,No
2873,1,0,0.004609571905888793,-5.8576788902282715,-0.4826788306236267,assist,No
2874,1,0,0.2689414213699951,-1.7765722274780273,-0.7765722274780273,assist,No
2875,1,0,0.007577242612510723,-5.51992130279541,-0.6449214816093445,assist,No
2876,1,1,0.6513548646660542,-0.8873541355133057,-1.5123541355133057,assist,Yes
2877,1,0,0.07585818002124356,-3.0237419605255127,-0.5237419605255127,assist,no
2878,1,1,0.6224593312018546,-0.9981067180633545,-1.4981067180633545,assist,Yes
2879,1,0,0.24508502416032488,-1.9861366748809814,-0.8611367344856262,assist,no
2880,1,0,0.09534947518185825,-2.8685522079467773,-0.6185523271560669,assist,No
2881,1,0,0.06008665017400762,-3.3067376613616943,-0.5567376613616943,assist,no
2882,1,0,0.0019267343767748358,-6.568438529968262,-0.3184383809566498,assist,No
2883,1,0,0.11920291576401235,-2.7351810932159424,-0.7351810336112976,assist,No
2884,1,0,0.007577242388402388,-5.315094947814941,-0.44009509682655334,assist,No
2885,1,1,0.9241418137109955,-0.4241088330745697,-2.9241087436676025,assist,Yes
2886,1,1,0.851952809486198,-0.42718786001205444,-2.177187919616699,assist,Yes
2887,1,0,0.06008665354025422,-3.494673013687134,-0.7446730732917786,assist,no
2888,1,1,0.8354835452961425,-0.5960471034049988,-2.2210471630096436,assist,Yes
2889,1,1,0.5621765008857981,-1.1383765935897827,-1.3883765935897827,assist,Yes
2890,1,1,0.6513548646660542,-0.6233323812484741,-1.2483323812484741,assist,Yes
2891,1,1,0.5926665999540697,-1.019134759902954,-1.394134759902954,assist,Yes
2892,1,0,0.015906394510857135,-4.778690814971924,-0.6536909937858582,assist,No
2893,1,1,0.5621765008857981,-1.118638038635254,-1.368638038635254,assist,Yes
2894,1,1,0.8933094145755219,-0.4868561327457428,-2.61185622215271,assist,Yes
2895,1,0,0.4073334000459302,-1.5555144548416138,-1.1805144548416138,assist,no
2896,1,0,0.37754066879814546,-1.4204908609390259,-0.9204908609390259,assist,No
2897,1,0,0.1329642333263228,-2.6922903060913086,-0.8172902464866638,assist,no
2898,1,0,0.13296423676207594,-2.37073016166687,-0.49573013186454773,assist,No
2899,1,0,0.06008664344151498,-3.12782621383667,-0.37782609462738037,assist,No
2900,1,0,0.2689414330889798,-1.8814504146575928,-0.8814504742622375,assist,no
2901,1,0,0.00669285191492257,-5.3573808670043945,-0.35738101601600647,assist,No
2902,1,0,0.0953494648991095,-2.9469943046569824,-0.6969943046569824,assist,No
2903,1,1,0.9579122696813394,-0.30756551027297974,-3.432565450668335,assist,Yes
2904,1,0,0.007577242612510723,-5.459192276000977,-0.5841924548149109,assist,No
2905,1,0,0.4378234991142019,-1.3659555912017822,-1.1159555912017822,assist,no
2906,1,0,0.010986940687560063,-5.145462989807129,-0.6454628109931946,assist,no
2907,1,0,0.4073334000459302,-1.3722898960113525,-0.9972898960113525,assist,No
2908,1,0,0.017986209962091555,-4.6514787673950195,-0.6514787673950195,assist,No
2909,1,0,0.24508501313237172,-1.8728028535842896,-0.7478028535842896,assist,no
2910,1,1,0.5312093733737563,-1.1390080451965332,-1.2640080451965332,assist,Yes
2911,1,0,0.00037998435627024685,-8.569474220275879,-0.6944738030433655,assist,no
2912,1,1,0.6513548646660542,-0.9062312841415405,-1.5312312841415405,assist,Yes
2913,1,0,0.0474258704848281,-3.618177890777588,-0.6181778311729431,assist,No
2914,1,1,0.7057850154599563,-0.8612554669380188,-1.736255407333374,assist,Yes
2915,1,0,0.006692852509305267,-5.482948303222656,-0.48294854164123535,assist,No
2916,1,1,0.8354835452961425,-0.6707009673118591,-2.295701026916504,assist,Yes
2917,1,0,0.008577483386221569,-5.152252197265625,-0.4022519588470459,assist,No
2918,1,1,0.9046505402422645,-0.7834908366203308,-3.0334908962249756,assist,Yes
2919,1,0,0.0017007227150309691,-6.901000022888184,-0.5260002017021179,assist,No
2920,1,1,0.9525741254760638,-0.4228997528553009,-3.4228997230529785,assist,Yes
2921,1,0,0.03732689162774753,-3.914738655090332,-0.6647387742996216,assist,no
2922,1,0,0.3208213138121609,-1.506760597229004,-0.7567606568336487,assist,No
2923,1,1,0.7981867777396212,-0.6376698017120361,-2.012669801712036,assist,Yes
2924,1,1,0.6224593171945417,-0.9501731991767883,-1.4501731395721436,assist,Yes
2925,1,0,0.22270014914315833,-2.051079750061035,-0.8010798096656799,assist,no
2926,1,0,0.22270012850745968,-2.023829460144043,-0.7738294005393982,assist,no
2927,1,0,0.22270013882530884,-1.9715251922607422,-0.7215251922607422,assist,No
2928,1,1,0.9626731147976793,-0.37767404317855835,-3.627674102783203,assist,Yes
2929,1,1,0.9324533163686646,-0.5344022512435913,-3.159402370452881,assist,Yes
2930,1,0,0.01590639357784294,-4.674190998077393,-0.5491911172866821,assist,No
2931,1,0,0.24508501313237172,-1.8842287063598633,-0.7592287063598633,assist,no
2932,1,0,0.022977365895758564,-4.354463577270508,-0.6044633984565735,assist,No
2933,1,0,0.07585818837825822,-3.1076016426086426,-0.6076017618179321,assist,No
2934,1,1,0.914900945711678,-0.4680672883987427,-2.843067169189453,assist,Yes
2935,1,0,0.0008040858398518034,-7.703185081481934,-0.578184962272644,assist,No
2936,1,0,0.0953494648991095,-2.661423444747925,-0.4114234447479248,assist,No
2937,1,1,0.9399133498259924,-0.3785684108734131,-3.128568410873413,assist,Yes
2938,1,0,0.13296425394084313,-2.6245408058166504,-0.7495409250259399,assist,no
2939,1,1,0.9796676442828175,-0.46218550205230713,-4.337185382843018,assist,Yes
2940,1,1,0.5926665999540697,-0.9889004230499268,-1.3639004230499268,assist,Yes
2941,1,0,0.46879062662624377,-1.3766663074493408,-1.2516663074493408,assist,no
2942,1,1,0.7057850278370112,-0.577022910118103,-1.452022910118103,assist,Yes
2943,1,0,0.4073334000459302,-1.422119140625,-1.047119140625,assist,No
2944,1,1,0.7981867969424066,-0.7841719388961792,-2.1591720581054688,assist,Yes
2945,1,1,0.914900950352329,-0.49453359842300415,-2.8695335388183594,assist,Yes
2946,1,0,0.11920292828022305,-2.5673012733459473,-0.567301332950592,assist,no
2947,1,0,0.22270012850745968,-1.9417665004730225,-0.6917664408683777,assist,No
2948,1,0,0.07585818837825822,-2.892993927001953,-0.3929940462112427,assist,No
2949,1,1,0.7772998611746911,-0.6134588718414307,-1.8634588718414307,assist,Yes
2950,1,1,0.9324533069832973,-0.4515209496021271,-3.0765209197998047,assist,Yes
2951,1,1,0.9149009642742806,-0.5278576612472534,-2.902857780456543,assist,Yes
2952,1,0,0.04208772791561884,-3.643106460571289,-0.5181064605712891,assist,No
2953,1,0,0.04742587587030561,-3.6277029514312744,-0.6277030110359192,assist,No
2954,1,1,0.880797068590724,-0.43526920676231384,-2.4352691173553467,assist,Yes
2955,1,1,0.6513548646660542,-0.7282054424285889,-1.3532054424285889,assist,Yes
2956,1,0,0.4378235137849365,-1.1744811534881592,-0.924481213092804,assist,No
2957,1,0,0.008577484653403024,-5.236419200897217,-0.48641911149024963,assist,No
2958,1,1,0.9241418199787566,-0.5381758213043213,-3.0381758213043213,assist,Yes
2959,1,0,0.022977364557669702,-4.2421722412109375,-0.4921720027923584,assist,No
2960,1,1,0.7057850154599563,-0.777337372303009,-1.6523373126983643,assist,Yes
2961,1,0,0.025957351923233056,-4.12238883972168,-0.497388631105423,assist,No
2962,1,0,0.32082130082460697,-1.8081371784210205,-1.0581371784210205,assist,no
2963,1,0,0.46879062662624377,-1.2734901905059814,-1.1484901905059814,assist,No
2964,1,1,0.8354835289107309,-0.7139831185340881,-2.3389830589294434,assist,Yes
2965,1,1,0.9324533051062237,-0.2694163918495178,-2.894416332244873,assist,Yes
2966,1,1,0.9324533144915912,-0.2291034758090973,-2.8541035652160645,assist,Yes
2967,1,0,0.1480472055495773,-2.3306009769439697,-0.5806010365486145,assist,No
2968,1,0,0.0004305571839332368,-8.226032257080078,-0.4760324954986572,assist,No
2969,1,1,0.9046505453836383,-0.4080251455307007,-2.6580252647399902,assist,Yes
2970,1,1,0.7981867777396212,-0.5989698171615601,-1.97396981716156,assist,Yes
2971,1,0,0.32082130082460697,-1.6644880771636963,-0.9144880771636963,assist,No
2972,1,1,0.9626731147976793,-0.4536287188529968,-3.7036287784576416,assist,Yes
2973,1,0,0.06008665017400762,-3.4306349754333496,-0.6806349754333496,assist,No
2974,1,1,0.7057850278370112,-0.8389836549758911,-1.7139836549758911,assist,Yes
2975,1,0,0.0010322308523680697,-7.401900291442871,-0.5269001126289368,assist,no
2976,1,1,0.952574129515172,-0.5052563548088074,-3.505256414413452,assist,Yes
2977,1,1,0.754914975839675,-0.7535131573677063,-1.8785130977630615,assist,Yes
2978,1,0,0.0021827164453451808,-6.821417331695557,-0.6964173316955566,assist,no
2979,1,0,0.001700722411435288,-6.851311206817627,-0.47631120681762695,assist,No
2980,1,0,0.020332356904444657,-4.584167957305908,-0.7091681361198425,assist,no
2981,1,1,0.9669140206578809,-0.43827489018440247,-3.81327486038208,assist,Yes
2982,1,0,0.01590639171181471,-4.5352783203125,-0.4102783203125,assist,No
2983,1,1,0.9241418241572634,-0.67275470495224,-3.1727547645568848,assist,Yes
2984,1,0,0.006692849339264817,-5.530566215515137,-0.5305659770965576,assist,No
2985,1,1,0.754914997895581,-0.6872922778129578,-1.8122923374176025,assist,Yes
2986,1,1,0.9465966702001757,-0.446197509765625,-3.321197509765625,assist,Yes
2987,1,0,0.2689414213699951,-1.8057732582092285,-0.8057732582092285,assist,no
2988,1,1,0.8670357563664174,-0.416111022233963,-2.2911109924316406,assist,Yes
2989,1,0,0.01406362456384003,-4.80100154876709,-0.5510013699531555,assist,No
2990,1,0,0.025957352676742106,-4.234601974487305,-0.6096017956733704,assist,No
2991,1,1,0.9669140216112958,-0.529644250869751,-3.904644250869751,assist,Yes
2992,1,1,0.8807970842359877,-0.5547518134117126,-2.5547518730163574,assist,Yes
2993,1,1,0.5926666143433998,-0.9990217089653015,-1.3740217685699463,assist,Yes
2994,1,1,0.880797071719777,-0.6131616234779358,-2.613161563873291,assist,Yes
2995,1,1,0.8807970842359877,-0.4556664824485779,-2.4556665420532227,assist,Yes
2996,1,1,0.9626731126558706,-0.48755693435668945,-3.7375569343566895,assist,Yes
2997,1,0,0.4073334000459302,-1.5018913745880127,-1.1268913745880127,assist,no
2998,1,1,0.9706877709445761,-0.7303304076194763,-4.230330467224121,assist,Yes
2999,1,1,0.9399133498259924,-0.49056124687194824,-3.2405612468719482,assist,Yes
3000,0,0,0.022977370913592487,-3.8722903728485107,-0.12229041755199432,assist,no
3001,0,0,0.0007096702617242935,-7.364097595214844,-0.11409740149974823,assist,no
3002,0,0,0.010986944168827973,-4.5975518226623535,-0.09755196422338486,assist,no
3003,0,0,0.00037998444683116315,-7.964695930480957,-0.0896957516670227,assist,no
3004,0,0,0.00012339455392428676,-9.180213928222656,-0.18021374940872192,assist,no
3005,0,0,9.610238972527807e-05,-9.305274963378906,-0.05527469515800476,assist,no
3006,0,0,0.0003353501154801867,-8.089681625366211,-0.08968158066272736,assist,no
3007,0,0,0.01798621022528639,-4.223978519439697,-0.22397853434085846,assist,no
3008,0,0,0.004609573170758976,-5.453499794006348,-0.07850001007318497,assist,no
3009,0,0,0.0017007221078396608,-6.6292338371276855,-0.2542336583137512,assist,no
3010,0,0,0.0008040859715457755,-7.28635835647583,-0.16135840117931366,assist,no
3011,0,0,0.0002034270371535052,-8.600786209106445,-0.10078649967908859,assist,no
3012,0,0,0.002182716185713063,-6.208004474639893,-0.08300435543060303,assist,no
3013,0,0,0.0008040860553510418,-7.269017696380615,-0.14401784539222717,assist,no
3014,0,0,0.0002959572215286833,-8.21471881866455,-0.08971918374300003,assist,no
3015,0,0,0.002472623009619369,-6.146693706512451,-0.1466936469078064,assist,no
3016,0,0,0.00017952789311798773,-8.714614868164062,-0.08961444348096848,assist,no
3017,0,0,0.00010889686216241069,-9.204168319702148,-0.07916788011789322,assist,no
3018,0,0,0.00017952789178064083,-8.752664566040039,-0.12766413390636444,assist,no
3019,0,0,9.610244485342764e-05,-9.339344024658203,-0.0893443301320076,assist,no
3020,0,0,0.01098694392594878,-5.083955764770508,-0.5839558839797974,assist,no
3021,0,0,0.0001398221058540219,-8.975550651550293,-0.10055086761713028,assist,no
3022,0,0,0.0005527785257849914,-7.5900068283081055,-0.09000662714242935,assist,no
3023,0,0,0.0028009267174000135,-6.130115032196045,-0.25511494278907776,assist,no
3024,0,0,0.05340332829327471,-3.1073787212371826,-0.23237869143486023,assist,no
3025,0,0,7.484622862582347e-05,-9.570268630981445,-0.0702686458826065,assist,no
3026,0,0,0.04742586846527418,-3.171971321105957,-0.17197121679782867,assist,no
3027,0,0,0.0002959570859580817,-8.180691719055176,-0.05569162592291832,assist,no
3028,0,0,0.0002305067185591137,-8.55529499053955,-0.1802949756383896,assist,no
3029,0,0,0.00020342702351543475,-8.555519104003906,-0.05551932752132416,assist,no
3030,0,0,7.484620966721775e-05,-9.579235076904297,-0.07923483848571777,assist,no
3031,0,0,0.00026119040664374,-8.363765716552734,-0.11376605182886124,assist,no
3032,0,0,0.0011695102476488354,-6.9125447273254395,-0.16254471242427826,assist,no
3033,0,0,6.605214436255359e-05,-9.725476264953613,-0.10047625750303268,assist,no
3034,0,0,6.605211778946569e-05,-9.659049987792969,-0.03404957801103592,assist,no
3035,0,0,0.08509904268669496,-2.6693742275238037,-0.2943741977214813,assist,no
3036,0,0,0.00015843625687068385,-8.930228233337402,-0.18022847175598145,assist,no
3037,0,0,0.00013982202565005882,-9.035808563232422,-0.16080820560455322,assist,no
3038,0,1,0.5621765008857981,-1.0662550926208496,-1.3162550926208496,assist,Yes
3039,0,0,0.04742587587030561,-3.6634771823883057,-0.6634772419929504,assist,no
3040,0,0,0.0019267351074841515,-6.332639694213867,-0.08263992518186569,assist,no
3041,0,0,3.535625179540546e-05,-10.283857345581055,-0.033857375383377075,assist,no
3042,0,0,5.8291287809344155e-05,-9.829144477844238,-0.07914485782384872,assist,no
3043,0,0,0.00150118227907277,-6.551967144012451,-0.051967158913612366,assist,no
3044,0,0,0.06008665354025422,-2.941282272338867,-0.19128233194351196,assist,no
3045,0,0,0.0013250225749588576,-6.754011154174805,-0.12901127338409424,assist,no
3046,0,0,1.3007129580934163e-05,-11.283772468566895,-0.033772554248571396,assist,no
3047,0,0,0.0003353501229733323,-8.08975887298584,-0.08975885063409805,assist,no
3048,0,0,0.04742587250438209,-3.1897878646850586,-0.1897878497838974,assist,no
3049,0,0,0.047425871831197425,-3.304574966430664,-0.3045749366283417,assist,no
3050,0,0,0.029312230327373224,-3.646010398864746,-0.1460103839635849,assist,no
3051,0,0,0.004070137051464004,-5.633758544921875,-0.13375838100910187,assist,no
3052,0,0,0.000626334102145859,-7.601373195648193,-0.2263731062412262,assist,no
3053,0,0,0.00048785707555267616,-7.705032825469971,-0.08003272861242294,assist,no
3054,0,0,0.22270012850745968,-1.7165629863739014,-0.4665629267692566,assist,no
3055,0,0,0.24508501313237172,-1.9081355333328247,-0.7831355333328247,assist,no
3056,0,0,0.0003353500255624525,-8.226072311401367,-0.22607199847698212,assist,no
3057,0,0,0.007577239923211134,-5.0018534660339355,-0.12685328722000122,assist,no
3058,0,0,0.0008040858757683391,-7.205236911773682,-0.08023683726787567,assist,no
3059,0,0,0.00013982208814664943,-9.035616874694824,-0.16061696410179138,assist,no
3060,0,0,0.009708475765158738,-4.754642963409424,-0.12964288890361786,assist,no
3061,0,0,5.829127890663309e-05,-9.805137634277344,-0.055137861520051956,assist,no
3062,0,0,9.610244127367672e-05,-9.451815605163574,-0.2018158733844757,assist,no
3063,0,0,0.1329642333263228,-2.1525914669036865,-0.27759140729904175,assist,no
3064,0,0,0.0011695104739356916,-6.91232442855835,-0.16232460737228394,assist,no
3065,0,0,0.002472623322027116,-6.117128849029541,-0.11712891608476639,assist,no
3066,0,0,0.00017952802284068416,-8.725780487060547,-0.10078078508377075,assist,no
3067,0,0,0.0006263340741640804,-7.555809020996094,-0.180808886885643,assist,no
3068,0,0,0.0005527786780860526,-7.628396987915039,-0.12839706242084503,assist,no
3069,0,0,0.07585817793199003,-2.8160901069641113,-0.31609007716178894,assist,no
3070,0,1,0.7057850154599563,-0.6854551434516907,-1.560455083847046,assist,yes
3071,0,0,0.008577486174021013,-4.877504348754883,-0.12750443816184998,assist,no
3072,0,0,0.0002959571091042776,-8.305619239807129,-0.1806192249059677,assist,no
3073,0,0,0.004070138621940107,-5.684820652008057,-0.18482087552547455,assist,no
3074,0,0,0.00015843626985349027,-8.829401016235352,-0.07940133661031723,assist,no
3075,0,0,0.00020342694168703124,-8.643231391906738,-0.14323121309280396,assist,no
3076,0,0,0.00033535008051217613,-8.127593040466309,-0.12759289145469666,assist,no
3077,0,0,0.0005527787439459839,-7.70267915725708,-0.2026793509721756,assist,no
3078,0,0,0.0003353500555350279,-8.143401145935059,-0.14340092241764069,assist,no
3079,0,1,0.5312093733737563,-1.0640840530395508,-1.1890840530395508,assist,Yes
3080,0,0,0.00017952793457574653,-8.738436698913574,-0.1134365051984787,assist,no
3081,0,0,0.00017952800679251044,-8.768088340759277,-0.14308854937553406,assist,no
3082,0,0,0.00012339460724066054,-9.16077709197998,-0.16077734529972076,assist,no
3083,0,0,0.0758581737534831,-2.8399503231048584,-0.33995023369789124,assist,no
3084,0,0,0.0007096705681791412,-7.638171195983887,-0.3881714344024658,assist,no
3085,0,0,0.0004305571133898066,-7.877804756164551,-0.12780483067035675,assist,no
3086,0,0,6.605212418668959e-05,-9.805133819580078,-0.18013350665569305,assist,no
3087,0,0,0.0005527787274810003,-7.680600166320801,-0.1806003302335739,assist,no
3088,0,0,0.0021827166400692896,-6.3533935546875,-0.22839364409446716,assist,no
3089,0,0,0.025957356444287677,-3.7392547130584717,-0.11425468325614929,assist,no
3090,0,0,0.00023050678037159035,-8.4883451461792,-0.11334539949893951,assist,no
3091,0,0,4.0063679431630226e-05,-10.13614273071289,-0.011142411269247532,assist,no
3092,0,0,0.00023050670997404877,-8.488776206970215,-0.11377615481615067,assist,no
3093,0,0,0.0001088969144884672,-9.187336921691895,-0.062336962670087814,assist,no
3094,0,0,0.05340333055309901,-3.0630195140838623,-0.1880195289850235,assist,no
3095,0,0,0.0013250224566495835,-6.828953266143799,-0.20395329594612122,assist,no
3096,0,0,0.0004305570973572105,-7.829859256744385,-0.07985929399728775,assist,no
3097,0,0,0.0002034269947239557,-8.600717544555664,-0.10071762651205063,assist,no
3098,0,0,0.0003353501854162189,-8.160873413085938,-0.16087357699871063,assist,no
3099,0,0,0.00013982211939495527,-8.954578399658203,-0.0795787125825882,assist,no
3100,0,0,5.144219534598939e-05,-10.017970085144043,-0.14296972751617432,assist,no
3101,0,0,0.06008664428307651,-2.965451955795288,-0.21545185148715973,assist,no
3102,0,0,0.09534946104307897,-2.481323480606079,-0.23132343590259552,assist,no
3103,0,0,0.00043055695306387187,-8.003092765808105,-0.2530924677848816,assist,no
3104,0,0,7.484623698991574e-05,-9.51436710357666,-0.014367230236530304,assist,no
3105,0,0,0.00012339463297960783,-9.180160522460938,-0.1801609843969345,assist,no
3106,0,0,0.060086656906500974,-3.026427745819092,-0.27642786502838135,assist,no
3107,0,0,0.00023050661897238054,-8.535887718200684,-0.16088727116584778,assist,no
3108,0,0,9.610239258907726e-05,-9.339476585388184,-0.08947634696960449,assist,no
3109,0,0,0.24508501313237172,-1.6743600368499756,-0.5493600368499756,assist,no
3110,0,0,0.0005527786204586191,-7.781993389129639,-0.2819933593273163,assist,no
3111,0,0,0.0003353500155715947,-8.201995849609375,-0.20199550688266754,assist,no
3112,0,0,4.006367648408391e-05,-10.143320083618164,-0.018319690600037575,assist,no
3113,0,0,0.3486451488696663,-1.2190840244293213,-0.5940840840339661,assist,no
3114,0,0,0.29421497216298875,-1.4333513975143433,-0.5583513975143433,assist,no
3115,0,0,0.009708474619054318,-4.8175368309021,-0.1925366371870041,assist,no
3116,0,0,0.0001088969400430621,-9.180302619934082,-0.05530289560556412,assist,no
3117,0,0,0.20181322226037882,-1.8760828971862793,-0.5010828971862793,assist,no
3118,0,0,0.00012339460172517254,-9.160609245300293,-0.16060945391654968,assist,no
3119,0,0,0.00012339460815990856,-9.043386459350586,-0.04338672012090683,assist,no
3120,0,0,0.009708477770841793,-4.799302577972412,-0.17430271208286285,assist,no
3121,0,0,0.007577240595535943,-5.1959052085876465,-0.3209051191806793,assist,no
3122,0,0,0.006692852212113911,-5.152397155761719,-0.15239734947681427,assist,no
3123,0,0,0.00037998445532125014,-7.988697052001953,-0.11369689553976059,assist,no
3124,0,0,0.00010889691327158189,-9.377318382263184,-0.252318412065506,assist,no
3125,0,0,0.00010889689704644557,-9.25242805480957,-0.12742793560028076,assist,no
3126,0,0,0.025957355314023947,-3.7187793254852295,-0.09377925097942352,assist,no
3127,0,0,0.060086646807761206,-2.9601497650146484,-0.21014970541000366,assist,no
3128,0,0,0.00012339457966322294,-9.281721115112305,-0.2817211449146271,assist,no
3129,0,0,0.0001233945667937542,-9.143057823181152,-0.14305774867534637,assist,no
3130,0,0,0.00037998437891047395,-8.077469825744629,-0.20246946811676025,assist,no
3131,0,0,0.0011695102824621948,-6.894434452056885,-0.14443446695804596,assist,no
3132,0,0,0.00029595723255068613,-8.163517951965332,-0.038518354296684265,assist,no
3133,0,0,0.0015011822344012133,-6.703996658325195,-0.20399664342403412,assist,no
3134,0,0,0.0004305571775201972,-7.930976390838623,-0.18097661435604095,assist,no
3135,0,0,0.022977371080853633,-3.8343260288238525,-0.08432608097791672,assist,no
3136,0,0,0.00023050671684210068,-8.43769645690918,-0.0626964345574379,assist,no
3137,0,0,0.0013250225552406444,-6.852585315704346,-0.22758542001247406,assist,no
3138,0,0,8.481106352199146e-05,-9.437405586242676,-0.062405843287706375,assist,no
3139,0,0,7.484624535400897e-05,-9.600521087646484,-0.10052132606506348,assist,no
3140,0,0,0.0005527786039936393,-7.580033779144287,-0.08003371953964233,assist,no
3141,0,0,0.012431652682617146,-4.5368266105651855,-0.16182675957679749,assist,no
3142,0,0,0.00023050683016498637,-8.4545259475708,-0.07952641695737839,assist,no
3143,0,0,0.0031726822298386082,-5.898623943328857,-0.1486237496137619,assist,no
3144,0,0,0.0004305571198028453,-7.812986850738525,-0.06298694014549255,assist,no
3145,0,0,0.00023050671512508765,-8.50269889831543,-0.1276988685131073,assist,no
3146,0,0,0.000911051207963998,-7.161525249481201,-0.16152526438236237,assist,no
3147,0,0,0.00015843626749297994,-8.820405006408691,-0.07040531188249588,assist,no
3148,0,0,0.0009110513978509559,-7.161923885345459,-0.1619241088628769,assist,no
3149,0,0,0.0011695100344170295,-6.775296211242676,-0.025296013802289963,assist,no
3150,0,0,0.00020342699320861479,-8.660911560058594,-0.16091163456439972,assist,no
3151,0,0,0.001700722310236739,-6.490711688995361,-0.11571162939071655,assist,no
3152,0,0,0.03732688573777281,-3.4810760021209717,-0.2310759574174881,assist,no
3153,0,0,5.829125089567298e-05,-9.839226722717285,-0.08922646939754486,assist,no
3154,0,0,0.00037998468455367106,-8.03646183013916,-0.16146227717399597,assist,no
3155,0,0,0.00012339463068148732,-9.062332153320312,-0.06233259662985802,assist,no
3156,0,0,9.610246060433334e-05,-9.363089561462402,-0.11309003084897995,assist,no
3157,0,0,0.20181321265898594,-1.8779942989349365,-0.5029942393302917,assist,no
3158,0,0,0.002182716899701462,-6.241679668426514,-0.11667987704277039,assist,no
3159,0,0,0.04208772671409796,-3.2395596504211426,-0.11455962061882019,assist,no
3160,0,0,0.0006263340741640804,-7.465424060821533,-0.09042392671108246,assist,no
3161,0,0,0.004070138319925425,-5.665489196777344,-0.1654893457889557,assist,no
3162,0,0,0.0003353502153888086,-8.201987266540527,-0.20198751986026764,assist,no
3163,0,0,0.00015843628519680825,-8.975811004638672,-0.2258114218711853,assist,no
3164,0,0,0.029312230963347865,-3.5903480052948,-0.0903480127453804,assist,no
3165,0,0,0.0007096704413702227,-7.364394664764404,-0.11439472436904907,assist,no
3166,0,0,0.006692849735519792,-5.100426197052002,-0.10042601823806763,assist,no
3167,0,0,0.00017952798539494773,-8.75261116027832,-0.12761124968528748,assist,no
3168,0,0,0.00048785706465354084,-7.752901554107666,-0.12790143489837646,assist,no
3169,0,0,6.605214288627066e-05,-9.695174217224121,-0.0701741874217987,assist,no
3170,0,0,0.00026119019847405025,-8.363832473754883,-0.1138320118188858,assist,no
3171,0,0,0.02033235542036712,-4.034542083740234,-0.15954218804836273,assist,no
3172,0,0,0.0006263340135368975,-7.446238040924072,-0.07123780995607376,assist,no
3173,0,0,0.06008665017400762,-3.0413968563079834,-0.2913968563079834,assist,no
3174,0,0,0.07585818106587033,-2.7153446674346924,-0.21534468233585358,assist,no
3175,0,0,0.033085976005166884,-3.5614168643951416,-0.18641678988933563,assist,no
3176,0,0,8.481107805426838e-05,-9.437339782714844,-0.06234021112322807,assist,no
3177,0,0,0.0004305570364333505,-7.878167629241943,-0.128167524933815,assist,no
3178,0,0,0.00029595716641867513,-8.195721626281738,-0.07072180509567261,assist,no
3179,0,0,0.037326887344129464,-3.414860248565674,-0.16486024856567383,assist,no
3180,0,0,0.0031726831723718585,-5.955674648284912,-0.20567475259304047,assist,no
3181,0,0,0.060086648490884395,-2.9493348598480225,-0.19933483004570007,assist,no
3182,0,0,0.0005527787151322631,-7.571035385131836,-0.07103552669286728,assist,no
3183,0,0,0.0009110511808372929,-7.080498218536377,-0.08049820363521576,assist,no
3184,0,0,0.00029595699006671806,-8.407158851623535,-0.28215843439102173,assist,no
3185,0,0,0.008577486174021013,-4.853723526000977,-0.10372361540794373,assist,no
3186,0,0,0.00020342692198760571,-8.600740432739258,-0.10074015706777573,assist,no
3187,0,0,0.01243165103612894,-4.536680221557617,-0.16168023645877838,assist,no
3188,0,0,0.022977371248114782,-3.9577958583831787,-0.2077959179878235,assist,no
3189,0,0,0.0675466911396291,-2.9116225242614746,-0.2866225242614746,assist,no
3190,0,0,0.033085976005166884,-3.5194711685180664,-0.14447109401226044,assist,no
3191,0,0,0.00013982201106752507,-8.975773811340332,-0.10077334940433502,assist,no
3192,0,0,0.24508502416032488,-1.7315170764923096,-0.6065171360969543,assist,no
3193,0,0,0.0004878570065248225,-7.8511457443237305,-0.22614550590515137,assist,no
3194,0,0,2.430023712234982e-05,-10.725369453430176,-0.10036930441856384,assist,no
3195,0,0,0.025957358704815272,-3.7903127670288086,-0.16531282663345337,assist,no
3196,0,0,4.006368991594229e-05,-10.145772933959961,-0.02077287621796131,assist,no
3197,0,0,0.0001233945732284884,-9.113166809082031,-0.11316678673028946,assist,no
3198,0,0,0.0007096703145613268,-7.378469944000244,-0.1284698247909546,assist,no
3199,0,0,0.0004305571646941183,-7.893791675567627,-0.14379186928272247,assist,no
3200,0,0,0.00017952800144311956,-8.906624794006348,-0.281624972820282,assist,no
3201,0,0,0.0159063898457867,-4.2762651443481445,-0.15126502513885498,assist,no
3202,0,0,0.00020342695987111804,-8.570417404174805,-0.07041731476783752,assist,no
3203,0,0,0.2942149845400438,-1.51619291305542,-0.6411929726600647,assist,no
3204,0,0,0.0002611902296022176,-8.410786628723145,-0.16078628599643707,assist,no
3205,0,0,0.0019267342908090516,-6.395913124084473,-0.14591293036937714,assist,no
3206,0,0,5.829127336958176e-05,-9.761302947998047,-0.01130308024585247,assist,no
3207,0,0,0.004609571666589067,-5.437740325927734,-0.06274021416902542,assist,no
3208,0,0,0.007577241547996189,-4.9766316413879395,-0.10163167864084244,assist,no
3209,0,0,0.00970847848715727,-4.947173118591309,-0.3221733272075653,assist,no
3210,0,0,0.00023050667906781782,-8.475739479064941,-0.10073929280042648,assist,no
3211,0,0,0.03732689055684297,-3.6371586322784424,-0.38715872168540955,assist,no
3212,0,0,0.022977371248114782,-4.0560302734375,-0.3060303330421448,assist,no
3213,0,0,0.0007096703092776232,-7.321462154388428,-0.07146202772855759,assist,no
3214,0,0,0.0002611903813520866,-8.564188957214355,-0.31418919563293457,assist,no
3215,0,0,0.00026119024905732415,-8.410775184631348,-0.16077491641044617,assist,no
3216,0,0,0.006692851518667466,-5.074863910675049,-0.07486400008201599,assist,no
3217,0,0,0.0009110512418723805,-7.102484703063965,-0.10248475521802902,assist,no
3218,0,0,0.0013250226538317129,-6.716404914855957,-0.09140509366989136,assist,no
3219,0,0,0.014063627869714051,-4.362578392028809,-0.11257845163345337,assist,no
3220,0,0,0.0035936018344303144,-5.855025768280029,-0.23002555966377258,assist,no
3221,0,0,0.00010889694247683333,-9.305215835571289,-0.18021613359451294,assist,no
3222,0,0,0.0001398220194004013,-9.002575874328613,-0.12757547199726105,assist,no
3223,0,0,0.0006263341394548992,-7.455448627471924,-0.08044859766960144,assist,no
3224,0,0,0.05340333431947304,-3.1276066303253174,-0.25260671973228455,assist,no
3225,0,0,9.610238471362968e-05,-9.363241195678711,-0.11324087530374527,assist,no
3226,0,0,0.0007096703885331799,-7.37824010848999,-0.12824009358882904,assist,no
3227,0,0,0.02297736991002561,-4.004620552062988,-0.2546205520629883,assist,no
3228,0,0,0.0005527787192485087,-7.601918697357178,-0.10191884636878967,assist,no
3229,0,0,0.0004878571373144484,-7.78627872467041,-0.16127875447273254,assist,no
3230,0,0,0.00023050663099146676,-8.424449920654297,-0.04944952577352524,assist,no
3231,0,0,0.0002959571091042776,-8.252665519714355,-0.12766550481319427,assist,no
3232,0,0,0.0004305571069767681,-7.893712520599365,-0.14371258020401,assist,no
3233,0,0,6.60521227104071e-05,-9.714159965515137,-0.08915963023900986,assist,no
3234,0,0,0.00026119020625609175,-8.37753677368164,-0.127536341547966,assist,no
3235,0,0,0.00043055715828107903,-7.893677711486816,-0.14367789030075073,assist,no
3236,0,0,0.00023050672027612667,-8.475914001464844,-0.10091399401426315,assist,no
3237,0,0,0.00015843624270762358,-9.03144645690918,-0.2814466059207916,assist,no
3238,0,0,0.020332357794891228,-4.1008148193359375,-0.2258150428533554,assist,no
3239,0,0,0.00017952796132269275,-8.752561569213867,-0.1275615245103836,assist,no
3240,0,0,0.00043055704925942556,-7.820967197418213,-0.07096712291240692,assist,no
3241,0,0,0.012431650121413363,-4.476230621337891,-0.10123056173324585,assist,no
3242,0,0,0.0001584361860553951,-8.79903507232666,-0.04903486371040344,assist,no
3243,0,0,5.8291239170158804e-05,-9.82028865814209,-0.07028820365667343,assist,no
3244,0,0,0.00013982204960708193,-8.937435150146484,-0.06243496388196945,assist,no
3245,0,0,0.09534945718704857,-2.5478739738464355,-0.2978738844394684,assist,no
3246,0,0,5.1442231180298185e-05,-9.895696640014648,-0.020696979016065598,assist,no
3247,0,0,0.00029595698565792046,-8.351143836975098,-0.22614340484142303,assist,no
3248,0,0,0.00037998465059330366,-8.036190032958984,-0.16119039058685303,assist,no
3249,0,0,0.004070137897104907,-5.633151531219482,-0.133151575922966,assist,no
3250,0,0,0.008577485920584663,-5.145512104034424,-0.3955121636390686,assist,no
3251,0,0,0.0004878572063423205,-7.726205825805664,-0.10120599716901779,assist,no
3252,0,0,9.610244700127829e-05,-9.350826263427734,-0.10082659125328064,assist,no
3253,0,0,0.0001795279753648411,-8.65187931060791,-0.026879344135522842,assist,no
3254,0,0,0.16451646699291617,-1.9932135343551636,-0.36821356415748596,assist,no
3255,0,0,5.829125263278639e-05,-9.863055229187012,-0.11305500566959381,assist,no
3256,0,0,0.0002305066464445785,-8.518319129943848,-0.1433188021183014,assist,no
3257,0,0,0.0007096703145613268,-7.532628536224365,-0.2826284170150757,assist,no
3258,0,0,0.001700722133139294,-6.520269393920898,-0.1452692300081253,assist,no
3259,0,0,5.829125436989986e-05,-9.892975807189941,-0.1429756134748459,assist,no
3260,0,0,0.004070137685694665,-5.5862812995910645,-0.08628129214048386,assist,no
3261,0,0,7.484620018791671e-05,-9.60043716430664,-0.10043679922819138,assist,no
3262,0,0,0.0002959572545946931,-8.252593994140625,-0.1275944709777832,assist,no
3263,0,0,7.484620910961178e-05,-9.58923053741455,-0.08923029154539108,assist,no
3264,0,0,5.1442235970983076e-05,-10.002192497253418,-0.1271929293870926,assist,no
3265,0,0,0.00020342699775463752,-8.549213409423828,-0.049213506281375885,assist,no
3266,0,0,0.001325022722845465,-6.716341972351074,-0.09134220331907272,assist,no
3267,0,0,0.00033534999059445133,-8.281825065612793,-0.28182464838027954,assist,no
3268,0,0,0.0001233945677130019,-9.089372634887695,-0.08937256783246994,assist,no
3269,0,0,5.829126023265819e-05,-9.812214851379395,-0.06221475824713707,assist,no
3270,0,0,0.0004305570139877201,-7.863646507263184,-0.11364635080099106,assist,no
3271,0,0,0.22270014398423357,-1.6377400159835815,-0.38774004578590393,assist,no
3272,0,0,0.0003353501854162189,-8.160897254943848,-0.1608974188566208,assist,no
3273,0,0,0.02595735569077852,-3.966949462890625,-0.3419494032859802,assist,no
3274,0,0,0.03732688627322502,-3.524629831314087,-0.2746298015117645,assist,no
3275,0,0,0.01098694327827096,-4.792566299438477,-0.29256635904312134,assist,no
3276,0,0,0.06754669677084987,-2.8800745010375977,-0.2550745904445648,assist,no
3277,0,0,0.004609571769146091,-5.633190631866455,-0.2581905424594879,assist,no
3278,0,0,0.0002034269841165697,-8.627476692199707,-0.12747672200202942,assist,no
3279,0,0,0.00015843626159170427,-8.87733268737793,-0.12733295559883118,assist,no
3280,0,0,0.0008040857680187367,-7.474832057952881,-0.34983184933662415,assist,no
3281,0,0,5.1442220257538316e-05,-9.975459098815918,-0.10045922547578812,assist,no
3282,0,0,0.0002611903580059471,-8.50258731842041,-0.2525874674320221,assist,no
3283,0,0,0.0005527785916449047,-7.613821029663086,-0.11382094770669937,assist,no
3284,0,0,7.48462445175996e-05,-9.5490140914917,-0.049014318734407425,assist,no
3285,0,0,0.0008040857799909139,-7.286335468292236,-0.1613352745771408,assist,no
3286,0,0,0.07585818315512395,-2.662990093231201,-0.16299013793468475,assist,no
3287,0,0,0.00015843622854456457,-8.863326072692871,-0.11332613229751587,assist,no
3288,0,0,0.00017952791852758067,-8.850860595703125,-0.22586031258106232,assist,no
3289,0,0,0.014063628489565516,-4.417463779449463,-0.16746388375759125,assist,no
3290,0,0,0.003172682606851875,-5.856119632720947,-0.1061195582151413,assist,no
3291,0,0,0.0003353501204756171,-8.143641471862793,-0.14364144206047058,assist,no
3292,0,0,0.0011695102258904857,-6.801216125488281,-0.051216091960668564,assist,no
3293,0,0,0.0004305570171942387,-7.930677890777588,-0.18067774176597595,assist,no
3294,0,0,0.0002959570341546974,-8.268525123596191,-0.14352485537528992,assist,no
3295,0,0,0.14804719051380197,-2.1460354328155518,-0.396035373210907,assist,no
3296,0,0,8.481107141996774e-05,-9.43735408782959,-0.0623544380068779,assist,no
3297,0,0,0.00020342696441714,-8.600878715515137,-0.10087864845991135,assist,no
3298,0,0,0.02033235156176603,-4.210296630859375,-0.33529654145240784,assist,no
3299,0,0,0.01243165103612894,-4.520351886749268,-0.14535190165042877,assist,no
3300,0,0,0.00013982203398293596,-8.95452880859375,-0.07952851057052612,assist,no
3301,0,0,0.16451645880021026,-2.115615129470825,-0.4906150996685028,assist,no
3302,0,0,0.010986944735546109,-4.56673002243042,-0.06673021614551544,assist,no
3303,0,0,0.0004305570043681645,-7.930455207824707,-0.1804550290107727,assist,no
3304,0,0,0.000804085899712697,-7.269055366516113,-0.1440553218126297,assist,no
3305,0,0,0.02297736857193652,-3.928701877593994,-0.17870181798934937,assist,no
3306,0,0,0.0007096702617242935,-7.452589988708496,-0.20258979499340057,assist,no
3307,0,0,0.047425869811643456,-3.231231927871704,-0.23123185336589813,assist,no
3308,0,0,0.00015843617189234115,-9.098993301391602,-0.3489930033683777,assist,no
3309,0,0,2.7535684344593485e-05,-10.600456237792969,-0.10045599192380905,assist,no
3310,0,0,0.003172683078118521,-5.979643821716309,-0.22964389622211456,assist,no
3311,0,0,0.06008664512463808,-2.9877893924713135,-0.2377893030643463,assist,no
3312,0,0,0.001169510325978896,-6.801103115081787,-0.05110316723585129,assist,no
3313,0,0,0.0009110510248587547,-7.114368438720703,-0.1143682524561882,assist,no
3314,0,0,7.484622360736854e-05,-9.579509735107422,-0.0795096829533577,assist,no
3315,0,0,0.02033235156176603,-4.242244243621826,-0.367244154214859,assist,no
3316,0,0,0.0002611904105347638,-8.363822937011719,-0.1138232871890068,assist,no
3317,0,0,0.00015843622854456457,-9.031756401062012,-0.2817564606666565,assist,no
3318,0,0,0.0002305068181458898,-8.488310813903809,-0.11331123113632202,assist,no
3319,0,0,0.010986941011398892,-4.642580032348633,-0.14257988333702087,assist,no
3320,0,0,0.00017952803353946743,-8.906610488891602,-0.2816108465194702,assist,no
3321,0,0,0.00020342689774216147,-8.589619636535645,-0.0896192416548729,assist,no
3322,0,0,0.060086646807761206,-3.054990530014038,-0.3049904704093933,assist,no
3323,0,0,0.00017952795062391375,-8.76819133758545,-0.14319123327732086,assist,no
3324,0,0,0.00026119021792915444,-8.393505096435547,-0.14350470900535583,assist,no
3325,0,0,9.61023832817302e-05,-9.293290138244629,-0.043289802968502045,assist,no
3326,0,0,0.0008040859835179557,-7.407294273376465,-0.2822943329811096,assist,no
3327,0,0,0.000626334298018345,-7.489096641540527,-0.11409686505794525,assist,no
3328,0,0,0.006692850057476976,-5.04980993270874,-0.04980980232357979,assist,no
3329,0,0,0.002472623009619369,-6.183264255523682,-0.18326419591903687,assist,no
3330,0,0,8.481105815136802e-05,-9.46425724029541,-0.08925743401050568,assist,no
3331,0,0,0.0002959572149154818,-8.253231048583984,-0.12823139131069183,assist,no
3332,0,0,0.0028009269879310543,-5.9421067237854,-0.06710673123598099,assist,no
3333,0,0,0.0004878571373144484,-7.8058061599731445,-0.18080618977546692,assist,no
3334,0,0,0.00043055717110715777,-7.851405620574951,-0.10140582919120789,assist,no
3335,0,0,0.0003799845430521603,-8.03600025177002,-0.1610003262758255,assist,no
3336,0,0,0.0008040861211980428,-7.215296268463135,-0.09029649943113327,assist,no
3337,0,0,0.0006263340461823029,-7.657353401184082,-0.2823532223701477,assist,no
3338,0,0,0.00043055717110715777,-7.877863883972168,-0.12786409258842468,assist,no
3339,0,0,0.0019267342621537913,-6.315487384796143,-0.06548717617988586,assist,no
3340,0,0,0.0003799844921116293,-8.018378257751465,-0.14337819814682007,assist,no
3341,0,0,0.00037998450060171735,-7.975969314575195,-0.10096927732229233,assist,no
3342,0,0,0.0001584361553687798,-8.851667404174805,-0.10166700184345245,assist,no
3343,0,0,0.0002611902879675414,-8.350793838500977,-0.10079371929168701,assist,no
3344,0,0,8.481103919622915e-05,-9.454268455505371,-0.0792684257030487,assist,no
3345,0,0,0.11920292202211755,-2.5030484199523926,-0.5030484199523926,assist,no
3346,0,0,0.00048785710825008404,-7.704739570617676,-0.0797395408153534,assist,no
3347,0,0,0.0011695100735820523,-6.9768595695495605,-0.22685940563678741,assist,no
3348,0,0,0.00010889691813912326,-9.225561141967773,-0.1005612164735794,assist,no
3349,0,0,0.00020342693562566932,-8.680317878723145,-0.18031767010688782,assist,no
3350,0,0,0.00010889694328809046,-9.214503288269043,-0.08950359374284744,assist,no
3351,0,0,0.0009110510587671301,-7.202970504760742,-0.20297035574913025,assist,no
3352,0,0,0.0005527786286911093,-7.702435493469238,-0.2024354785680771,assist,no
3353,0,0,0.0002034269053188625,-8.680312156677246,-0.18031179904937744,assist,no
3354,0,0,0.00023050680784380753,-8.430449485778809,-0.05544985830783844,assist,no
3355,0,0,0.00015843621202099733,-8.839494705200195,-0.08949466049671173,assist,no
3356,0,0,0.0028009270503612984,-6.191864490509033,-0.3168645203113556,assist,no
3357,0,0,0.0008040859056987868,-7.196756362915039,-0.07175632566213608,assist,no
3358,0,0,0.008577485160275657,-4.940653324127197,-0.19065329432487488,assist,no
3359,0,0,0.0003353501204756171,-8.18038558959961,-0.180385559797287,assist,no
3360,0,0,0.0010322307909058268,-7.036931037902832,-0.16193079948425293,assist,no
3361,0,0,0.0019267350358459707,-6.478114128112793,-0.2281143218278885,assist,no
3362,0,0,2.430024667255328e-05,-10.648456573486328,-0.023456817492842674,assist,no
3363,0,0,0.1192029188930649,-2.3205575942993164,-0.320557564496994,assist,no
3364,0,0,0.00015843624034711368,-8.910557746887207,-0.16055788099765778,assist,no
3365,0,0,0.0005527786039936393,-7.680889129638672,-0.1808890700340271,assist,no
3366,0,0,0.007577240147319397,-5.012997150421143,-0.13799700140953064,assist,no
3367,0,0,0.0004878570682865859,-7.714865207672119,-0.08986509591341019,assist,no
3368,0,0,0.0001795279131781924,-8.687442779541016,-0.062442466616630554,assist,no
3369,0,0,0.014063625390308462,-4.446467399597168,-0.19646728038787842,assist,no
3370,0,0,0.00037998442419093204,-8.002666473388672,-0.12766623497009277,assist,no
3371,0,0,0.010986945221304533,-4.794658660888672,-0.294658899307251,assist,no
3372,0,0,0.00012339459437118888,-9.143061637878418,-0.1430617868900299,assist,no
3373,0,0,0.00013982201627557264,-8.964364051818848,-0.08936362713575363,assist,no
3374,0,0,0.0015011824130874477,-6.681893348693848,-0.181893453001976,assist,no
3375,0,0,0.00023050673572924443,-8.46446418762207,-0.08946424722671509,assist,no
3376,0,0,0.00280092717522179,-6.104043960571289,-0.22904403507709503,assist,no
3377,0,0,8.481102276844556e-05,-9.445229530334473,-0.07022930681705475,assist,no
3378,0,0,0.000804085887740518,-7.269200801849365,-0.14420074224472046,assist,no
3379,0,0,0.00029595718846267717,-8.238746643066406,-0.11374689638614655,assist,no
3380,0,0,0.0003353502753339959,-8.20208740234375,-0.20208783447742462,assist,no
3381,0,0,0.0001398221423103839,-8.954721450805664,-0.07972192764282227,assist,no
3382,0,0,0.029312227783474795,-3.6875834465026855,-0.1875833421945572,assist,no
3383,0,0,0.0004305571101832874,-7.851325511932373,-0.10132557898759842,assist,no
3384,0,0,0.24508500210441886,-1.6394824981689453,-0.5144824385643005,assist,no
3385,0,0,0.00020342698866259218,-8.570505142211914,-0.07050519436597824,assist,no
3386,0,0,0.0002034269962392966,-8.589526176452637,-0.08952626585960388,assist,no
3387,0,0,0.001926734577361679,-6.395454406738281,-0.14545436203479767,assist,no
3388,0,0,8.481106573342475e-05,-9.555140495300293,-0.18014077842235565,assist,no
3389,0,0,0.00020342706897567313,-8.702069282531738,-0.2020697295665741,assist,no
3390,0,0,0.00037998460531281857,-7.947135925292969,-0.07213616371154785,assist,no
3391,0,0,0.00023050672714417889,-8.454387664794922,-0.07938768714666367,assist,no
3392,0,0,0.007577240147319397,-5.01390266418457,-0.13890251517295837,assist,no
3393,0,0,0.03732688948593843,-3.4681782722473145,-0.21817833185195923,assist,no
3394,0,0,7.484619516946369e-05,-9.549030303955078,-0.0490298718214035,assist,no
3395,0,0,0.0031726832666251993,-5.898108005523682,-0.14810813963413239,assist,no
3396,0,0,0.042087725512577126,-3.3811535835266113,-0.25615352392196655,assist,no
3397,0,0,0.0004305571133898066,-7.930600643157959,-0.18060071766376495,assist,no
3398,0,0,0.014063625803542697,-4.372629165649414,-0.1226290762424469,assist,no
3399,0,0,9.610238256578046e-05,-9.350692749023438,-0.10069240629673004,assist,no
3400,0,0,0.08509904964767095,-2.7140376567840576,-0.3390377163887024,assist,no
3401,0,0,0.00023050674946534992,-8.555466651916504,-0.18046677112579346,assist,no
3402,0,0,0.00023050674259729705,-8.627620697021484,-0.25262078642845154,assist,no
3403,0,0,0.00015843624270762358,-8.975909233093262,-0.22590938210487366,assist,no
3404,0,0,0.000230506756333403,-8.475796699523926,-0.10079684853553772,assist,no
3405,0,0,0.00023050669967197133,-8.464534759521484,-0.08953466266393661,assist,no
3406,0,0,0.0004305571198028453,-7.931042671203613,-0.18104276061058044,assist,no
3407,0,0,8.481100634066515e-05,-9.454387664794922,-0.07938724756240845,assist,no
3408,0,0,0.0001795279158528865,-8.768195152282715,-0.14319485425949097,assist,no
3409,0,0,0.029312230751356316,-3.651660919189453,-0.15166091918945312,assist,no
3410,0,0,0.017986207330143424,-4.130796432495117,-0.13079628348350525,assist,no
3411,0,0,0.0001233945815017186,-9.160591125488281,-0.16059117019176483,assist,no
3412,0,0,0.0006263341860912028,-7.503214359283447,-0.12821440398693085,assist,no
3413,0,0,0.00023050669280391995,-8.445812225341797,-0.07081209868192673,assist,no
3414,0,0,0.0019267349785354285,-6.454407215118408,-0.20440737903118134,assist,no
3415,0,0,0.00010889694328809046,-9.225630760192871,-0.10063106566667557,assist,no
3416,0,0,0.00015843618369488602,-8.930140495300293,-0.18014027178287506,assist,no
3417,0,0,0.005911068068193657,-5.357239723205566,-0.23223958909511566,assist,no
3418,0,0,6.605213993370487e-05,-9.704258918762207,-0.07925884425640106,assist,no
3419,0,0,0.00033535023537053653,-8.127577781677246,-0.12757809460163116,assist,no
3420,0,0,0.000552778702783526,-7.681338310241699,-0.18133842945098877,assist,no
3421,0,0,0.0002305066498786035,-8.464595794677734,-0.0895954817533493,assist,no
3422,0,0,0.4073334000459302,-1.26425039768219,-0.8892503976821899,assist,no
3423,0,0,9.610239974857565e-05,-9.339241027832031,-0.08924086391925812,assist,no
3424,0,0,0.0007096705100583841,-7.363978862762451,-0.11397901922464371,assist,no
3425,0,0,0.00012339459437118888,-9.143177032470703,-0.14317718148231506,assist,no
3426,0,0,0.07585817793199003,-2.7692108154296875,-0.2692107856273651,assist,no
3427,0,0,0.004070136749449438,-5.706862449645996,-0.206862211227417,assist,no
3428,0,0,0.0008040858039352692,-7.2267985343933105,-0.10179837048053741,assist,no
3429,0,0,0.00010889692868546364,-9.238072395324707,-0.11307256668806076,assist,no
3430,0,0,0.00017952799408770727,-8.680447578430176,-0.055447716265916824,assist,no
3431,0,0,0.00015843626395221452,-8.952020645141602,-0.20202092826366425,assist,no
3432,0,0,0.0001795279693467774,-8.850998878479004,-0.2259988784790039,assist,no
3433,0,0,6.605217241193573e-05,-9.738455772399902,-0.11345618963241577,assist,no
3434,0,0,0.00020342692350294609,-8.660760879516602,-0.16076061129570007,assist,no
3435,0,0,0.00017952797202147234,-8.805622100830078,-0.18062211573123932,assist,no
3436,0,0,0.010986941820996006,-4.660504341125488,-0.1605042666196823,assist,no
3437,0,0,0.0002959572523902923,-8.214760780334473,-0.08976124972105026,assist,no
3438,0,0,0.004070138561537168,-5.730768203735352,-0.23076841235160828,assist,no
3439,0,0,0.00048785716637881444,-7.768754005432129,-0.14375409483909607,assist,no
3440,0,0,0.0011695105261557417,-6.977177619934082,-0.22717784345149994,assist,no
3441,0,0,0.00017952798004555745,-8.877398490905762,-0.2523985505104065,assist,no
3442,0,0,0.012431650487299585,-4.504027843475342,-0.1290278136730194,assist,no
3443,0,0,8.481107205180587e-05,-9.535818099975586,-0.1608184576034546,assist,no
3444,0,0,0.0002959571928714778,-8.327125549316406,-0.20212581753730774,assist,no
3445,0,0,0.0009110510858938316,-7.128665447235107,-0.12866532802581787,assist,no
3446,0,0,0.1329642436335826,-2.1968138217926025,-0.3218138515949249,assist,no
3447,0,0,0.020332353342658753,-4.079558372497559,-0.2045583724975586,assist,no
3448,0,0,9.610246132028366e-05,-9.393056869506836,-0.14305734634399414,assist,no
3449,0,0,0.001501182301408549,-6.753859519958496,-0.2538595497608185,assist,no
3450,0,0,0.000487857122782266,-7.907166957855225,-0.2821669578552246,assist,no
3451,0,0,0.0001795280415635553,-8.768187522888184,-0.14318792521953583,assist,no
3452,0,0,0.0015011820892186637,-6.61508846282959,-0.11508835107088089,assist,no
3453,0,0,0.0003799844807915123,-8.188789367675781,-0.3137892782688141,assist,no
3454,0,0,0.0017007220698902112,-6.477870941162109,-0.10287073999643326,assist,no
3455,0,0,0.001032230890781973,-6.98972749710083,-0.11472735553979874,assist,no
3456,0,0,0.04742587115801275,-3.158053159713745,-0.15805311501026154,assist,no
3457,0,0,0.0019267350645012428,-6.3952956199646,-0.14529582858085632,assist,no
3458,0,0,0.0007096703356961413,-7.45258092880249,-0.20258083939552307,assist,no
3459,0,0,0.08509904964767095,-2.673454999923706,-0.29845505952835083,assist,no
3460,0,0,0.0003799844411711053,-7.946019172668457,-0.07101897895336151,assist,no
3461,0,0,0.0534033328129234,-3.1064538955688477,-0.23145395517349243,assist,no
3462,0,0,0.0009110512418723805,-7.0506463050842285,-0.050646357238292694,assist,no
3463,0,0,0.00010889688893387833,-9.214323043823242,-0.08932285010814667,assist,no
3464,0,0,0.0015011821562259924,-6.615464687347412,-0.11546462029218674,assist,no
3465,0,0,0.0008040858518239816,-7.3066182136535645,-0.1816181093454361,assist,no
3466,0,0,0.0006263342700365574,-7.657260894775391,-0.28226107358932495,assist,no
3467,0,0,0.0002305067219931397,-8.475756645202637,-0.10075664520263672,assist,no
3468,0,0,0.00010889687514251538,-9.143635749816895,-0.018635429441928864,assist,no
3469,0,0,9.610245487673098e-05,-9.339241981506348,-0.08924239128828049,assist,no
3470,0,0,0.00013982211939495527,-9.01807975769043,-0.14308007061481476,assist,no
3471,0,0,0.0005527786286911093,-7.643588066101074,-0.14358805119991302,assist,no
3472,0,0,0.00015843621320125206,-8.820446014404297,-0.07044597715139389,assist,no
3473,0,0,8.481105120114994e-05,-9.464325904846191,-0.08932601660490036,assist,no
3474,0,0,0.0075772403154006,-4.967859745025635,-0.09285961836576462,assist,no
3475,0,0,0.0009110510452037798,-7.181392192840576,-0.18139202892780304,assist,no
3476,0,0,5.8291285637951085e-05,-9.829143524169922,-0.07914386689662933,assist,no
3477,0,0,0.00010889686053989772,-9.225624084472656,-0.10062362998723984,assist,no
3478,0,0,0.1192029188930649,-2.409587860107422,-0.4095878303050995,assist,no
3479,0,0,0.004609572726345088,-5.445469856262207,-0.07046997547149658,assist,no
3480,0,0,0.0003353501054893262,-8.226396560668945,-0.22639648616313934,assist,no
3481,0,0,0.0005527787357134919,-7.680710792541504,-0.18071097135543823,assist,no
3482,0,0,5.82912865065083e-05,-9.877256393432617,-0.12725675106048584,assist,no
3483,0,0,0.00048785714094749403,-7.695983409881592,-0.07098344713449478,assist,no
3484,0,0,8.481105120114994e-05,-9.454174041748047,-0.07917415350675583,assist,no
3485,0,0,0.00015843622146303554,-8.87739086151123,-0.12739087641239166,assist,no
3486,0,0,0.00026119036189697025,-8.393348693847656,-0.14334885776042938,assist,no
3487,0,0,0.0001398220589815704,-8.954291343688965,-0.07929122447967529,assist,no
3488,0,0,0.0004305569787160175,-8.032064437866211,-0.28206419944763184,assist,no
3489,0,0,0.0006263340275277853,-7.465413570404053,-0.09041336178779602,assist,no
3490,0,0,0.06754669207816587,-2.873246192932129,-0.2482462078332901,assist,no
3491,0,0,0.002472623524173327,-6.130922794342041,-0.13092294335365295,assist,no
3492,0,0,0.07585817479810981,-2.7331807613372803,-0.2331806868314743,assist,no
3493,0,0,0.0001795280255153799,-8.785881996154785,-0.16088230907917023,assist,no
3494,0,0,0.00015843623916685873,-8.799711227416992,-0.049711354076862335,assist,no
3495,0,0,0.0001233946127561488,-9.22618579864502,-0.2261860966682434,assist,no
3496,0,0,0.0003353502803294287,-8.202051162719727,-0.20205160975456238,assist,no
3497,0,0,0.0003799845600323388,-7.988635063171387,-0.11363518238067627,assist,no
3498,0,0,0.00026119041248027575,-8.36349105834961,-0.11349141597747803,assist,no
3499,0,0,0.00020342689774216147,-8.589642524719238,-0.08964212983846664,assist,no
3500,0,0,0.00015843616953183228,-8.91071605682373,-0.1607157438993454,assist,no
3501,0,0,0.06754668363133542,-2.7877445220947266,-0.162744402885437,assist,no
3502,0,0,0.0013250222003128587,-6.828551292419434,-0.20355112850666046,assist,no
3503,0,0,0.00020342704776089398,-8.600776672363281,-0.10077701508998871,assist,no
3504,0,0,5.8291284335115275e-05,-9.812202453613281,-0.06220277398824692,assist,no
3505,0,0,0.00015843617189234115,-8.86324691772461,-0.1132466197013855,assist,no
3506,0,0,0.00015843618723564967,-8.86326789855957,-0.1132676973938942,assist,no
3507,0,0,0.0003353502853248615,-8.22610092163086,-0.22610138356685638,assist,no
3508,0,0,0.0031726831723718585,-5.979534149169922,-0.22953425347805023,assist,no
3509,0,0,4.006370297469781e-05,-10.15886402130127,-0.03386428952217102,assist,no
3510,0,0,0.0003353499806035945,-8.161194801330566,-0.1611943542957306,assist,no
3511,0,0,0.00013982207564732912,-9.035604476928711,-0.16060447692871094,assist,no
3512,0,0,0.00015843624270762358,-8.910721778869629,-0.16072192788124084,assist,no
3513,0,0,0.0013250227129863572,-6.740476608276367,-0.1154768317937851,assist,no
3514,0,0,0.00048785722450755167,-7.877810955047607,-0.25281116366386414,assist,no
3515,0,1,0.5926665999540697,-0.9462517499923706,-1.3212517499923706,assist,Yes
3516,0,0,0.07585818106587033,-2.731757402420044,-0.23175741732120514,assist,no
3517,0,0,0.000139822054815131,-9.035680770874023,-0.1606806218624115,assist,no
3518,0,0,0.03308597981882656,-3.5335474014282227,-0.15854744613170624,assist,no
3519,0,0,7.48462531604968e-05,-9.642995834350586,-0.1429961770772934,assist,no
3520,0,0,0.004070138350126891,-5.5634660720825195,-0.06346622854471207,assist,no
3521,0,0,0.000487857180910998,-7.786203861236572,-0.16120398044586182,assist,no
3522,0,0,0.10669060530721626,-2.433717727661133,-0.30871784687042236,assist,no
3523,0,0,0.0002959570319502984,-8.225961685180664,-0.10096140950918198,assist,no
3524,0,0,0.00043055699154209085,-7.829957008361816,-0.07995679974555969,assist,no
3525,0,0,0.0010322308216369478,-7.1902055740356445,-0.3152053654193878,assist,no
3526,0,0,9.610237612223306e-05,-9.3203125,-0.07031209021806717,assist,no
3527,0,0,0.005911067893071419,-5.262485504150391,-0.1374853402376175,assist,no
3528,0,0,0.00048785704285527056,-7.73878812789917,-0.11378796398639679,assist,no
3529,0,0,0.002472622862603971,-6.146361827850342,-0.14636170864105225,assist,no
3530,0,0,8.481101202720415e-05,-9.475530624389648,-0.10053027421236038,assist,no
3531,0,0,0.0002611902762944756,-8.329577445983887,-0.07957728207111359,assist,no
3532,0,0,0.00026119027240345376,-8.430610656738281,-0.18061047792434692,assist,no
3533,0,0,0.0002611901945830296,-8.39348030090332,-0.1434798240661621,assist,no
3534,0,0,0.00023050662240640515,-8.464488983154297,-0.08948855102062225,assist,no
3535,0,0,0.0179862133836247,-4.146398067474365,-0.14639826118946075,assist,no
3536,0,0,0.26894141551050293,-1.4702188968658447,-0.47021886706352234,assist,no
3537,0,0,0.0021827160558970152,-6.255590915679932,-0.13059073686599731,assist,no
3538,0,0,0.0035936027681675578,-5.732361793518066,-0.10736184567213058,assist,no
3539,0,0,0.015906393694469712,-4.234377384185791,-0.10937751084566116,assist,no
3540,0,0,0.0002034269295643076,-8.64330768585205,-0.14330744743347168,assist,no
3541,0,0,0.0008040859056987868,-7.169745445251465,-0.04474540799856186,assist,no
3542,0,0,0.0001088969221954079,-9.225606918334961,-0.10060703009366989,assist,no
3543,0,0,0.0004878570937179025,-7.752860069274902,-0.12786000967025757,assist,no
3544,0,0,0.00010889691813912326,-9.326892852783203,-0.2018929272890091,assist,no
3545,0,0,9.610237182653504e-05,-9.312397003173828,-0.06239654868841171,assist,no
3546,0,0,0.009708475621895678,-4.916478157043457,-0.29147806763648987,assist,no
3547,0,0,0.0001584362869671912,-8.805671691894531,-0.05567212030291557,assist,no
3548,0,0,0.00020342690228818204,-8.70207691192627,-0.20207653939723969,assist,no
3549,0,0,0.047425871831197425,-3.473191022872925,-0.4731909930706024,assist,no
3550,0,0,0.0002034270326074816,-8.627365112304688,-0.127365380525589,assist,no
3551,0,0,0.0024726235976810437,-6.130983829498291,-0.13098400831222534,assist,no
3552,0,0,0.00015843619431717718,-8.839475631713867,-0.08947547525167465,assist,no
3553,0,0,0.0009110510994571826,-7.202707290649414,-0.2027071863412857,assist,no
3554,0,0,0.0002611903074226522,-8.47626781463623,-0.2262677699327469,assist,no
3555,0,0,0.010986944897465581,-4.713604927062988,-0.213605135679245,assist,no
3556,0,0,0.03308597791199666,-3.529905080795288,-0.1549050658941269,assist,no
3557,0,0,0.05340333130637379,-3.171889066696167,-0.2968890964984894,assist,no
3558,0,0,8.481101866150016e-05,-9.413490295410156,-0.03849002346396446,assist,no
3559,0,0,0.0013250224665086892,-6.706292629241943,-0.08129266649484634,assist,no
3560,0,0,0.00020342704927623522,-8.579446792602539,-0.07944714277982712,assist,no
3561,0,0,0.0001795280429009033,-8.725749015808105,-0.1007494255900383,assist,no
3562,0,0,0.0001398220173171822,-9.156673431396484,-0.28167301416397095,assist,no
3563,0,0,0.0006263342886910823,-7.689520835876465,-0.31452104449272156,assist,no
3564,0,0,0.00013982201106752507,-9.076963424682617,-0.20196296274662018,assist,no
3565,0,0,0.00020342706139896602,-8.600799560546875,-0.10079997032880783,assist,no
3566,0,0,0.0001233945410548207,-9.225754737854004,-0.22575445473194122,assist,no
3567,0,0,8.481107931794475e-05,-9.423964500427246,-0.04896494373679161,assist,no
3568,0,0,0.0002959570870602814,-8.351313591003418,-0.2263135015964508,assist,no
3569,0,0,0.0005527785216687471,-7.580051422119141,-0.08005121350288391,assist,no
3570,0,0,0.001501182301408549,-6.662761688232422,-0.16276171803474426,assist,no
3571,0,0,0.00017952801481659712,-8.75263786315918,-0.12763811647891998,assist,no
3572,0,0,0.025957354183760273,-3.8378100395202637,-0.21280992031097412,assist,no
3573,0,0,0.03732688573777281,-3.3890066146850586,-0.139006569981575,assist,no
3574,0,0,6.605212910763146e-05,-9.768073081970215,-0.14307284355163574,assist,no
3575,0,0,0.10669059962643358,-2.4440500736236572,-0.319050133228302,assist,no
3576,0,0,5.829127087248035e-05,-9.85059928894043,-0.10059937834739685,assist,no
3577,0,0,0.000804086019434498,-7.188465118408203,-0.06346522271633148,assist,no
3578,0,0,0.0002611903463328782,-8.452085494995117,-0.20208559930324554,assist,no
3579,0,0,9.610237827008215e-05,-9.392979621887207,-0.142979234457016,assist,no
3580,0,0,0.0006263340648368211,-7.65725564956665,-0.28225550055503845,assist,no
3581,0,0,0.00037998457701251805,-8.07726764678955,-0.2022678107023239,assist,no
3582,0,0,0.0017007221078396608,-6.53795862197876,-0.16295844316482544,assist,no
3583,0,1,0.754914997895581,-0.7274433970451355,-1.8524434566497803,assist,yes
3584,0,0,8.481104930563602e-05,-9.454145431518555,-0.07914552092552185,assist,no
3585,0,0,0.000139822054815131,-9.002298355102539,-0.12729820609092712,assist,no
3586,0,0,0.025957359835079137,-3.758120059967041,-0.13312016427516937,assist,no
3587,0,0,0.002800927279272204,-5.9929656982421875,-0.11796581000089645,assist,no
3588,0,0,0.00020342692350294609,-8.600722312927246,-0.1007220447063446,assist,no
3589,0,0,0.0002034270568529419,-8.643503189086914,-0.1435035765171051,assist,no
3590,0,0,5.82912673982525e-05,-9.829157829284668,-0.07915785908699036,assist,no
3591,0,0,0.00023050669623794564,-8.47568130493164,-0.10068119317293167,assist,no
3592,0,0,6.605213206019676e-05,-9.805220603942871,-0.18022041022777557,assist,no
3593,0,0,7.484625859715847e-05,-9.53015422821045,-0.030154643580317497,assist,no
3594,0,0,0.00017952789579268156,-8.73829174041748,-0.11329133063554764,assist,no
3595,0,0,0.0011695101780221189,-6.931354522705078,-0.18135444819927216,assist,no
3596,0,0,0.0004305570139877201,-7.820785045623779,-0.07078488916158676,assist,no
3597,0,0,0.0004305570749115768,-7.893669128417969,-0.14366911351680756,assist,no
3598,0,0,0.0003353502678408469,-8.11375904083252,-0.11375945061445236,assist,no
3599,0,0,0.00026119028213100845,-8.329745292663574,-0.07974515110254288,assist,no
3600,0,0,0.029312234143221275,-3.662818431854248,-0.1628185510635376,assist,no
3601,0,0,0.0008040857620326481,-7.226782321929932,-0.10178210586309433,assist,no
3602,0,0,0.0005527786863185436,-7.81403112411499,-0.3140312135219574,assist,no
3603,0,0,0.0010322308216369478,-7.036811351776123,-0.16181114315986633,assist,no
3604,0,0,0.0007096705259094992,-7.378135681152344,-0.12813585996627808,assist,no
3605,0,0,0.00033534999059445133,-8.113533020019531,-0.11353260278701782,assist,no
3606,0,0,0.0013250222594674832,-6.806556701660156,-0.1815565824508667,assist,no
3607,0,0,0.0004305572095853961,-8.003400802612305,-0.25340110063552856,assist,no
3608,0,0,0.0004305570204007573,-7.812917232513428,-0.06291709095239639,assist,no
3609,0,0,0.00037998447513145386,-8.002684593200684,-0.12768448889255524,assist,no
3610,0,0,0.0059110692064883365,-5.16804838180542,-0.0430484414100647,assist,no
3611,0,0,0.00029595715319227474,-8.268345832824707,-0.14334596693515778,assist,no
3612,0,0,0.00023050677350353656,-8.577035903930664,-0.20203612744808197,assist,no
3613,0,0,0.0010322309368786592,-6.989776134490967,-0.11477603763341904,assist,no
3614,0,0,0.0004305571646941183,-7.911394119262695,-0.16139431297779083,assist,no
3615,0,0,0.3208213138121609,-1.4319415092468262,-0.681941568851471,assist,no
3616,0,0,0.00023050661897238054,-8.57710075378418,-0.20210030674934387,assist,no
3617,0,0,0.03308597886541159,-3.54125714302063,-0.16625715792179108,assist,no
3618,0,0,7.484621524327776e-05,-9.660840034484863,-0.16083987057209015,assist,no
3619,0,0,0.0007096704308028138,-7.430891513824463,-0.18089155852794647,assist,no
3620,0,0,0.00017952797034978798,-8.655245780944824,-0.030245786532759666,assist,no
3621,0,0,0.004609572589602362,-5.632406234741211,-0.2574063241481781,assist,no
3622,0,0,0.0013250223383403197,-7.01362419128418,-0.3886241316795349,assist,no
3623,0,0,0.00017952804089488132,-8.680335998535156,-0.055336397141218185,assist,no
3624,0,0,6.605217290403027e-05,-9.704154014587402,-0.07915443927049637,assist,no
3625,0,0,8.48110480419601e-05,-9.555068016052246,-0.18006809055805206,assist,no
3626,0,0,0.00015843628047578715,-8.863374710083008,-0.11337509751319885,assist,no
3627,0,0,0.022977371582637088,-3.9483768939971924,-0.19837696850299835,assist,no
3628,0,0,0.000487857071919631,-7.805704116821289,-0.1807040125131607,assist,no
3629,0,0,0.0009110510316404296,-7.226784706115723,-0.22678452730178833,assist,no
3630,0,0,0.0002034270420783642,-8.513031005859375,-0.01303132064640522,assist,no
3631,0,0,0.020332350374504305,-4.0499677658081055,-0.17496761679649353,assist,no
3632,0,0,0.00020342707200635604,-8.600739479064941,-0.10073994100093842,assist,no
3633,0,0,0.03308598077224154,-3.5669775009155273,-0.1919775754213333,assist,no
3634,0,0,0.00026119043582642,-8.393342018127441,-0.14334246516227722,assist,no
3635,0,0,0.0006263341674366807,-7.5363898277282715,-0.16138984262943268,assist,no
3636,0,0,0.00013982207668893908,-8.945298194885254,-0.0702982023358345,assist,no
3637,0,0,0.0004878570828187666,-7.696221351623535,-0.07122126966714859,assist,no
3638,0,0,0.22270013882530884,-1.8600211143493652,-0.6100211143493652,assist,no
3639,0,0,0.0009110511130205339,-7.181244850158691,-0.18124476075172424,assist,no
3640,0,0,0.0028009273833226214,-6.130078315734863,-0.2550784647464752,assist,no
3641,0,0,0.05340332829327471,-3.04839825630188,-0.1733982264995575,assist,no
3642,0,0,0.002800927112791543,-5.942282676696777,-0.06728272885084152,assist,no
3643,0,0,5.829128390083668e-05,-9.87716007232666,-0.12716038525104523,assist,no
3644,0,0,0.0003799846562533647,-8.077351570129395,-0.20235194265842438,assist,no
3645,0,0,0.05340333130637379,-3.1431081295013428,-0.26810815930366516,assist,no
3646,0,0,0.13296425050508953,-2.247145652770996,-0.37214574217796326,assist,no
3647,0,0,0.015906389379279733,-4.260385513305664,-0.13538536429405212,assist,no
3648,0,0,5.82912500271163e-05,-9.805306434631348,-0.05530616641044617,assist,no
3649,0,0,0.00010889690434775663,-9.17393684387207,-0.048936791718006134,assist,no
3650,0,0,0.00033535020040251337,-8.127737998962402,-0.12773820757865906,assist,no
3651,0,0,0.06008665017400762,-3.0031514167785645,-0.25315141677856445,assist,no
3652,0,0,7.484622583779292e-05,-9.55541706085205,-0.05541703850030899,assist,no
3653,0,0,0.00023050662584042975,-8.502577781677246,-0.12757736444473267,assist,no
3654,0,0,7.484622193455031e-05,-9.680098533630371,-0.18009845912456512,assist,no
3655,0,0,0.00013982212147817588,-9.018325805664062,-0.14332613348960876,assist,no
3656,0,0,0.0003799846336131211,-8.018631935119629,-0.14363224804401398,assist,no
3657,0,0,0.001700722525283662,-6.478470325469971,-0.10347039252519608,assist,no
3658,0,0,0.00037998445532125014,-7.954700946807861,-0.07970079034566879,assist,no
3659,0,0,0.00026119033465980986,-8.393209457397461,-0.1432095170021057,assist,no
3660,0,0,0.0001398220798137691,-8.975922584533691,-0.1009226143360138,assist,no
3661,0,0,0.00013982213189427952,-8.988190650939941,-0.11319105327129364,assist,no
3662,0,0,0.001700722193225925,-6.393989562988281,-0.018989434465765953,assist,no
3663,0,0,0.0002034269689631621,-8.701987266540527,-0.20198722183704376,assist,no
3664,0,0,0.0003353500405487399,-8.14360237121582,-0.14360210299491882,assist,no
3665,0,0,0.008577486934330109,-4.889203071594238,-0.1392032504081726,assist,no
3666,0,0,0.00020342690834954298,-8.627601623535156,-0.1276012808084488,assist,no
3667,0,0,0.05340332829327471,-3.0937602519989014,-0.21876022219657898,assist,no
3668,0,0,0.0002034270295767993,-8.660726547241211,-0.16072680056095123,assist,no
3669,0,0,6.605216527656545e-05,-9.68734359741211,-0.06234390661120415,assist,no
3670,0,0,8.481102782314786e-05,-9.555169105529785,-0.18016894161701202,assist,no
3671,0,0,0.0011695103346822365,-7.06507682800293,-0.31507688760757446,assist,no
3672,0,0,0.0003799845968227282,-7.918858051300049,-0.04385826736688614,assist,no
3673,0,0,0.0001584362733942558,-8.89310359954834,-0.1431039422750473,assist,no
3674,0,0,0.00017952797737086235,-8.738442420959473,-0.11344246566295624,assist,no
3675,0,0,0.0002959570606074883,-8.327274322509766,-0.2022741436958313,assist,no
3676,0,0,0.00023050674946534992,-8.601181030273438,-0.22618114948272705,assist,no
3677,0,0,0.00048785723540669074,-7.715087890625,-0.0900881215929985,assist,no
3678,0,0,8.481104298725659e-05,-9.518004417419434,-0.1430044323205948,assist,no
3679,0,0,0.0035936033017318052,-5.731846809387207,-0.10684701055288315,assist,no
3680,0,0,0.03732689109229525,-3.4547436237335205,-0.20474372804164886,assist,no
3681,0,0,0.007577241267860811,-5.046757698059082,-0.17175769805908203,assist,no
3682,0,0,0.0009110510180770795,-7.071755409240723,-0.07175521552562714,assist,no
3683,0,0,0.00029595705619868965,-8.326948165893555,-0.20194797217845917,assist,no
3684,0,0,0.002800926759020172,-6.0799736976623535,-0.20497362315654755,assist,no
3685,0,0,0.0002959570054975101,-8.225835800170898,-0.10083543509244919,assist,no
3686,0,0,0.0006263341674366807,-7.555891036987305,-0.18089105188846588,assist,no
3687,0,0,0.0019267350071906994,-6.454157829284668,-0.2041580080986023,assist,no
3688,0,0,0.020332352749027827,-4.125120639801025,-0.250120609998703,assist,no
3689,0,0,0.00012339455576278202,-9.225887298583984,-0.22588713467121124,assist,no
3690,0,0,0.29421497216298875,-1.5847886800765991,-0.7097886800765991,assist,no
3691,0,0,0.00013982204023259414,-8.975635528564453,-0.10063527524471283,assist,no
3692,0,0,0.00023050667219976707,-8.488359451293945,-0.113359235227108,assist,no
3693,0,0,0.00010889687352000222,-9.214295387268066,-0.08929505199193954,assist,no
3694,0,0,0.0006263343026819763,-7.465134620666504,-0.09013485163450241,assist,no
3695,0,0,9.610244449545257e-05,-9.283990859985352,-0.03399116173386574,assist,no
3696,0,0,0.00029595698124912297,-8.327077865600586,-0.20207741856575012,assist,no
3697,0,0,0.0013250227327045727,-7.013236999511719,-0.38823723793029785,assist,no
3698,0,0,0.03308598172565655,-3.5254979133605957,-0.15049801766872406,assist,no
3699,0,0,0.0474258704848281,-3.2280585765838623,-0.22805851697921753,assist,no
3700,0,0,0.005220126854256756,-5.4173197746276855,-0.16731999814510345,assist,no
3701,0,0,0.02931222820745785,-3.6793854236602783,-0.17938533425331116,assist,no
3702,0,0,0.009708476266579462,-4.7138566970825195,-0.08885667473077774,assist,no
3703,0,0,0.1329642264548166,-2.187267780303955,-0.3122676610946655,assist,no
3704,0,0,0.0035936017277175022,-5.831454277038574,-0.20645403861999512,assist,no
3705,0,0,0.007577241940185738,-5.0857744216918945,-0.2107745110988617,assist,no
3706,0,0,0.0017007227656302545,-6.557509422302246,-0.1825096309185028,assist,no
3707,0,0,0.0002959570429722942,-8.252601623535156,-0.12760138511657715,assist,no
3708,0,0,0.04742587452393617,-3.1628479957580566,-0.16284802556037903,assist,no
3709,0,0,0.0003799844185308745,-8.018524169921875,-0.1435239166021347,assist,no
3710,0,0,0.00010889689096202009,-9.18027114868164,-0.0552709735929966,assist,no
3711,0,0,0.005911069906977476,-5.312928676605225,-0.18792885541915894,assist,no
3712,0,0,0.02297737258620403,-4.002215385437012,-0.25221550464630127,assist,no
3713,0,0,0.000379984412870817,-8.055615425109863,-0.1806151568889618,assist,no
3714,0,0,0.00023050671684210068,-8.424104690551758,-0.04910466820001602,assist,no
3715,0,0,0.005911069075146632,-5.20684814453125,-0.08184818178415298,assist,no
3716,0,0,0.0013250223186221102,-6.787375450134277,-0.16237537562847137,assist,no
3717,0,0,0.001169510508749058,-6.931766510009766,-0.18176671862602234,assist,no
3718,0,0,0.00017952791050349827,-8.714431762695312,-0.08943143486976624,assist,no
3719,0,0,0.020332358091706755,-4.130189895629883,-0.2551901340484619,assist,no
3720,0,0,7.484626096698546e-05,-9.660545349121094,-0.16054579615592957,assist,no
3721,0,0,0.0004305571005637297,-7.877743721008301,-0.12774376571178436,assist,no
3722,0,0,0.0003799845713524582,-8.055538177490234,-0.1805383265018463,assist,no
3723,0,0,0.0002611903580059471,-8.563950538635254,-0.31395068764686584,assist,no
3724,0,0,0.09534945718704857,-2.516303300857544,-0.2663032114505768,assist,no
3725,0,0,3.535625489053525e-05,-10.276448249816895,-0.026448367163538933,assist,no
3726,0,0,0.0017007225126338423,-6.456934452056885,-0.08193451166152954,assist,no
3727,0,0,5.829124785572464e-05,-9.839421272277832,-0.08942096680402756,assist,no
3728,0,0,0.00017952798539494773,-8.851096153259277,-0.2260962426662445,assist,no
3729,0,0,0.0002959571046954782,-8.377548217773438,-0.2525481879711151,assist,no
3730,0,0,0.0002611904329081519,-8.299352645874023,-0.04935308173298836,assist,no
3731,0,0,0.00017952800411781498,-8.850995063781738,-0.2259952574968338,assist,no
3732,0,0,0.0004305571133898066,-7.877825736999512,-0.1278258115053177,assist,no
3733,0,0,8.481100634066515e-05,-9.48824405670166,-0.11324363946914673,assist,no
3734,0,0,0.00012339452634686107,-9.143050193786621,-0.14304979145526886,assist,no
3735,0,0,0.22270013882530884,-1.7716172933578491,-0.5216172933578491,assist,no
3736,0,0,0.022977371917159397,-3.9617605209350586,-0.21176061034202576,assist,no
3737,0,0,0.0002034269568404368,-8.643298149108887,-0.14329804480075836,assist,no
3738,0,0,0.000335350085507606,-8.127697944641113,-0.12769781053066254,assist,no
3739,0,0,0.00591106981941633,-5.35723876953125,-0.23223893344402313,assist,no
3740,0,0,0.0021827163479831327,-6.2078118324279785,-0.08281178772449493,assist,no
3741,0,0,0.4378234991142019,-1.1082439422607422,-0.8582439422607422,assist,no
3742,0,0,0.0758581737534831,-2.755392551422119,-0.255392462015152,assist,no
3743,0,0,0.16451645470385742,-2.0983598232269287,-0.47335976362228394,assist,no
3744,0,0,0.07585818419975078,-2.778700590133667,-0.27870064973831177,assist,no
3745,0,0,0.2689414330889798,-1.6388030052185059,-0.6388030648231506,assist,no
3746,0,0,0.18242552380635632,-1.9337860345840454,-0.4337860345840454,assist,no
3747,0,0,0.0002959570165195049,-8.326960563659668,-0.2019602358341217,assist,no
3748,0,0,0.00029595714437467477,-8.195639610290527,-0.0706397145986557,assist,no
3749,0,0,0.00015843624742864355,-9.002423286437988,-0.2524234652519226,assist,no
3750,0,0,0.09534945718704857,-2.5765974521636963,-0.3265973627567291,assist,no
3751,0,0,0.02033235156176603,-3.9897878170013428,-0.11478772759437561,assist,no
3752,0,0,0.0001233946044829165,-9.026625633239746,-0.0266258642077446,assist,no
3753,0,0,0.0003799844921116293,-7.988840579986572,-0.11384052038192749,assist,no
3754,0,0,0.002472622605327048,-6.183226108551025,-0.18322588503360748,assist,no
3755,0,0,0.000261190367733505,-8.329623222351074,-0.07962340861558914,assist,no
3756,0,0,0.0004305571069767681,-7.952513217926025,-0.20251327753067017,assist,no
3757,0,0,0.14804720930852133,-2.05891489982605,-0.30891498923301697,assist,no
3758,0,0,0.0008040861152119515,-7.239243507385254,-0.11424373090267181,assist,no
3759,0,0,0.05340332678672523,-3.087339162826538,-0.2123391032218933,assist,no
3760,0,0,0.0003353501179779019,-8.079626083374023,-0.07962604612112045,assist,no
3761,0,0,0.001700722436734926,-6.440240383148193,-0.06524039804935455,assist,no
3762,0,0,0.0003353502803294287,-8.11353588104248,-0.11353632807731628,assist,no
3763,0,0,0.34864513533394575,-1.346882700920105,-0.721882700920105,assist,no
3764,0,0,0.00029595718846267717,-8.35107421875,-0.2260744720697403,assist,no
3765,0,0,0.00020342694168703124,-8.84897518157959,-0.3489750027656555,assist,no
3766,0,0,0.00037998447230142474,-7.976095676422119,-0.10109556466341019,assist,no
3767,0,0,0.0004305570364333505,-7.863646030426025,-0.11364592611789703,assist,no
3768,0,0,0.00029595708485588194,-8.195570945739746,-0.07057084888219833,assist,no
3769,0,0,0.01243164938964095,-4.508035659790039,-0.1330355405807495,assist,no
3770,0,0,0.04208772671409796,-3.266672134399414,-0.14167210459709167,assist,no
3771,0,0,0.000379984667573487,-8.077181816101074,-0.20218221843242645,assist,no
3772,0,0,0.00013982208606342934,-8.92400074005127,-0.0490008145570755,assist,no
3773,0,0,0.0002305066533126285,-8.555340766906738,-0.1803404688835144,assist,no
3774,0,0,0.007577240371427665,-4.951164722442627,-0.0761646032333374,assist,no
3775,0,0,0.008577485413711986,-5.0117692947387695,-0.26176929473876953,assist,no
3776,0,0,0.05340333507274787,-3.0170059204101562,-0.1420060247182846,assist,no
3777,0,0,0.0002305067769375634,-8.51845645904541,-0.14345669746398926,assist,no
3778,0,0,0.010986942306754304,-4.675104141235352,-0.17510411143302917,assist,no
3779,0,0,0.005911069906977476,-5.384453773498535,-0.2594539523124695,assist,no
3780,0,0,0.03308597886541159,-3.5364034175872803,-0.16140343248844147,assist,no
3781,0,0,0.0010322310674859476,-7.102033615112305,-0.22703364491462708,assist,no
3782,0,0,0.00033535013546190866,-8.161252975463867,-0.16125299036502838,assist,no
3783,0,0,8.481103161417479e-05,-9.627252578735352,-0.252252459526062,assist,no
3784,0,0,0.0002959570330524979,-8.163732528686523,-0.03873225674033165,assist,no
3785,0,0,0.0010322310674859476,-7.0779128074646,-0.202912837266922,assist,no
3786,0,0,0.0003799846166329393,-8.002889633178711,-0.12788990139961243,assist,no
3787,0,0,0.000552778571063681,-7.88762092590332,-0.38762080669403076,assist,no
3788,0,0,0.0001795280522623397,-8.826960563659668,-0.20196102559566498,assist,no
3789,0,0,0.00023050678037159035,-8.555403709411621,-0.1804039627313614,assist,no
3790,0,0,0.0004305571390419617,-7.911129474639893,-0.16112960875034332,assist,no
3791,0,0,0.00012339452450836627,-9.143092155456543,-0.14309173822402954,assist,no
3792,0,0,0.014063627456479755,-4.3859477043151855,-0.13594773411750793,assist,no
3793,0,0,4.006370655652864e-05,-10.180059432983398,-0.05505979061126709,assist,no
3794,0,0,0.004609572931459185,-5.48289680480957,-0.10789696872234344,assist,no
3795,0,0,0.00037998451899690875,-7.909813404083252,-0.03481341525912285,assist,no
3796,0,0,0.00013982206523122966,-8.975658416748047,-0.1006583422422409,assist,no
3797,0,0,0.009708475335369565,-4.9159464836120605,-0.290946364402771,assist,no
3798,0,0,0.009708477341052534,-4.781948089599609,-0.15694817900657654,assist,no
3799,0,0,4.53978592321319e-05,-10.127260208129883,-0.1272599995136261,assist,no
3800,0,0,0.0006263340275277853,-7.518729209899902,-0.14372900128364563,assist,no
3801,0,0,0.0031726827953585256,-5.881753921508789,-0.13175390660762787,assist,no
3802,0,0,0.0010322310175478648,-6.931727409362793,-0.056727390736341476,assist,no
3803,0,0,0.06008664512463808,-3.1917643547058105,-0.4417642652988434,assist,no
3804,0,0,0.0006263340741640804,-7.577489852905273,-0.2024897187948227,assist,no
3805,0,0,8.481106446974859e-05,-9.535561561584473,-0.16056182980537415,assist,no
3806,0,0,0.00020342706746033168,-8.589481353759766,-0.08948179334402084,assist,no
3807,0,0,0.04208772401067611,-3.2425057888031006,-0.11750569194555283,assist,no
3808,0,0,0.00043055704925942556,-7.877943992614746,-0.12794391810894012,assist,no
3809,0,0,0.03732689162774753,-3.407905101776123,-0.1579052209854126,assist,no
3810,0,0,0.002472623487419469,-6.104288578033447,-0.10428871214389801,assist,no
3811,0,0,0.010986943602109868,-4.824757099151611,-0.3247571885585785,assist,no
3812,0,0,0.00010889695383443324,-9.305268287658691,-0.18026868999004364,assist,no
3813,0,0,0.0001795279131781924,-8.786131858825684,-0.16113154590129852,assist,no
3814,0,0,0.0019267345487064141,-6.308378219604492,-0.05837815999984741,assist,no
3815,0,0,0.0005527786986672803,-7.564237117767334,-0.06423722952604294,assist,no
3816,0,0,0.0013250222200310669,-6.878739833831787,-0.25373968482017517,assist,no
3817,0,0,0.002472623622949322,-6.013354778289795,-0.013354967348277569,assist,no
3818,0,0,0.0007096704625050409,-7.411352634429932,-0.1613527238368988,assist,no
3819,0,0,0.0002034270371535052,-8.613329887390137,-0.11333017796278,assist,no
3820,0,0,0.00029595718846267717,-8.305456161499023,-0.18045641481876373,assist,no
3821,0,0,0.001501182301408549,-6.645206928253174,-0.14520695805549622,assist,no
3822,0,0,0.0002611903949706689,-8.339624404907227,-0.08962469547986984,assist,no
3823,0,0,0.00023050679754172573,-8.518424034118652,-0.1434243619441986,assist,no
3824,0,0,0.000335350100493896,-8.11382007598877,-0.11381998658180237,assist,no
3825,0,0,0.002800926759020172,-6.0401291847229,-0.16512911021709442,assist,no
3826,0,0,0.00015843623326558412,-8.95190715789795,-0.20190724730491638,assist,no
3827,0,0,0.0005527786122261291,-7.66118049621582,-0.16118045151233673,assist,no
3828,0,0,0.0007096702617242935,-7.39398717880249,-0.14398698508739471,assist,no
3829,0,0,0.00023050677178652315,-8.488457679748535,-0.11345789581537247,assist,no
3830,0,0,0.0002611903813520866,-8.430453300476074,-0.18045353889465332,assist,no
3831,0,0,0.18242551491653522,-2.011622190475464,-0.5116221308708191,assist,no
3832,0,0,0.001700722234337832,-6.578732013702393,-0.20373190939426422,assist,no
3833,0,0,0.00017952799074433818,-8.805295944213867,-0.18029606342315674,assist,no
3834,0,0,0.00029595720609788,-8.214678764343262,-0.08967907726764679,assist,no
3835,0,0,0.0013250222594674832,-6.787193775177002,-0.1621936559677124,assist,no
3836,0,0,0.13296424019782924,-2.169236183166504,-0.2942361831665039,assist,no
3837,0,0,0.01406363034912007,-4.517566680908203,-0.2675669193267822,assist,no
3838,0,0,0.00026119021792915444,-8.599221229553223,-0.3492208421230316,assist,no
3839,0,0,5.829128476939388e-05,-9.910526275634766,-0.1605266034603119,assist,no
3840,0,0,0.00017952799743107647,-8.704424858093262,-0.07942501455545425,assist,no
3841,0,0,7.484625985177274e-05,-9.660548210144043,-0.1605486422777176,assist,no
3842,0,0,0.00015843624152736866,-8.812470436096191,-0.06247057765722275,assist,no
3843,0,0,0.0031726828896118543,-5.93483304977417,-0.18483306467533112,assist,no
3844,0,0,0.003593603221697163,-5.854928016662598,-0.22992819547653198,assist,no
3845,0,0,0.006692850379434174,-5.111567497253418,-0.1115674152970314,assist,no
3846,0,0,0.00010889691428565299,-9.151628494262695,-0.026628533378243446,assist,no
3847,0,0,0.00043055698833557247,-7.850990295410156,-0.10099007934331894,assist,no
3848,0,0,0.008577485065237037,-4.788402080535889,-0.03840203955769539,assist,no
3849,0,0,0.0005527785216687471,-7.643729209899902,-0.14372900128364563,assist,no
3850,0,0,0.00669285191492257,-5.111400604248047,-0.11140075325965881,assist,no
3851,0,0,0.00017952794661187178,-8.695318222045898,-0.07031809538602829,assist,no
3852,0,0,0.001501182133890216,-6.5729265213012695,-0.07292643934488297,assist,no
3853,0,0,0.00970847504884346,-4.766417503356934,-0.14141735434532166,assist,no
3854,0,0,0.00013982211314529357,-9.035938262939453,-0.16093853116035461,assist,no
3855,0,0,0.0002305067906736714,-8.51824951171875,-0.14324980974197388,assist,no
3856,0,0,0.0006263342280638786,-7.476435661315918,-0.10143577307462692,assist,no
3857,0,0,0.0008040858518239816,-7.196869373321533,-0.07186926901340485,assist,no
3858,0,0,0.0002959571046954782,-8.268377304077148,-0.14337727427482605,assist,no
3859,0,0,0.00015843615890954283,-8.863370895385742,-0.11337051540613174,assist,no
3860,0,0,0.0007096704942072693,-7.378225803375244,-0.12822593748569489,assist,no
3861,0,0,0.00012339462562562233,-9.127460479736328,-0.12746088206768036,assist,no
3862,0,0,0.0474258704848281,-3.227304697036743,-0.2273046374320984,assist,no
3863,0,0,0.012431647926096252,-4.510814666748047,-0.13581442832946777,assist,no
3864,0,0,0.03308597791199666,-3.5970025062561035,-0.22200249135494232,assist,no
3865,0,0,0.006692851419603695,-5.169713973999023,-0.1697140485048294,assist,no
3866,0,0,3.120190070057365e-05,-10.430085182189941,-0.05508483946323395,assist,no
3867,0,0,0.00033535014295505474,-8.089695930480957,-0.08969596773386002,assist,no
3868,0,0,0.00017952798004555745,-8.805456161499023,-0.1804562211036682,assist,no
3869,0,0,0.00218271670497733,-6.408924579620361,-0.2839246988296509,assist,no
3870,0,0,0.060086646807761206,-3.0086190700531006,-0.2586190104484558,assist,no
3871,0,0,0.00015843619313692258,-8.829662322998047,-0.07966215908527374,assist,no
3872,0,0,0.0005527786657373164,-7.613895893096924,-0.113895945250988,assist,no
3873,0,0,0.025957354937269386,-3.902888774871826,-0.277888685464859,assist,no
3874,0,0,0.00033535012547104755,-8.100976943969727,-0.10097692906856537,assist,no
3875,0,0,0.09534945718704857,-2.536093235015869,-0.286093145608902,assist,no
3876,0,0,0.22270014914315833,-1.8180253505706787,-0.5680254101753235,assist,no
3877,0,0,7.484620074552262e-05,-9.660564422607422,-0.16056406497955322,assist,no
3878,0,0,0.06754669020109236,-2.806572198867798,-0.18157218396663666,assist,no
3879,0,0,0.10669058826486906,-2.4248788356781006,-0.2998787760734558,assist,no
3880,0,0,0.000911051051985455,-7.071889400482178,-0.0718892440199852,assist,no
3881,0,0,0.06008665354025422,-3.0831761360168457,-0.3331761956214905,assist,no
3882,0,0,9.61023886513534e-05,-9.29360294342041,-0.04360266402363777,assist,no
3883,0,0,0.03732688573777281,-3.391061544418335,-0.14106149971485138,assist,no
3884,0,0,0.009708477341052534,-4.887940406799316,-0.26294049620628357,assist,no
3885,0,0,0.06754669301670263,-2.8079540729522705,-0.1829541027545929,assist,no
3886,0,0,9.610241836327391e-05,-9.377521514892578,-0.1275215446949005,assist,no
3887,0,0,0.00015843617071208672,-8.8125,-0.062499694526195526,assist,no
3888,0,0,0.34864513533394575,-1.4180920124053955,-0.7930920124053955,assist,no
3889,0,0,0.0013250226341134984,-6.7544074058532715,-0.12940756976604462,assist,no
3890,0,0,0.00033535021039337676,-8.160922050476074,-0.16092228889465332,assist,no
3891,0,0,0.0005527785875286599,-7.680833339691162,-0.18083325028419495,assist,no
3892,0,0,0.03732688359596404,-3.4264111518859863,-0.17641104757785797,assist,no
3893,0,0,0.020332351858581475,-4.124314785003662,-0.24931471049785614,assist,no
3894,0,0,0.00010889689299016187,-9.214761734008789,-0.08976157754659653,assist,no
3895,0,0,0.0007096702458731843,-7.330779075622559,-0.08077885955572128,assist,no
3896,0,0,0.004070138350126891,-5.59633731842041,-0.09633747488260269,assist,no
3897,0,0,0.000804086019434498,-7.306324005126953,-0.18132410943508148,assist,no
3898,0,0,0.4073334000459302,-1.1816684007644653,-0.8066684007644653,assist,no
3899,0,0,0.005220125693558397,-5.348668098449707,-0.09866809844970703,assist,no
3900,0,0,0.01243165213378772,-4.520346641540527,-0.1453467458486557,assist,no
3901,0,0,0.01590639054554718,-4.289467811584473,-0.1644677370786667,assist,no
3902,0,0,9.610238578755434e-05,-9.3123779296875,-0.06237762048840523,assist,no
3903,0,0,0.05340333130637379,-3.0302486419677734,-0.15524867177009583,assist,no
3904,0,1,0.5926665999540697,-0.9493987560272217,-1.3243987560272217,assist,Yes
3905,0,0,0.0006263340555095619,-7.503345012664795,-0.1283448487520218,assist,no
3906,0,0,0.0003353501204756171,-8.252469062805176,-0.2524690330028534,assist,no
3907,0,0,0.00029595699667991454,-8.214692115783691,-0.08969172090291977,assist,no
3908,0,0,0.14804719427274565,-2.0290868282318115,-0.27908679842948914,assist,no
3909,0,0,0.014063624357222927,-4.416125297546387,-0.1661251038312912,assist,no
3910,0,0,0.0019267345200511502,-6.432340145111084,-0.18234007060527802,assist,no
3911,0,0,0.0004305570139877201,-7.863966941833496,-0.11396678537130356,assist,no
3912,0,0,0.00033535019540708184,-8.160954475402832,-0.16095466911792755,assist,no
3913,0,0,0.0028009263011984638,-6.006852149963379,-0.1318519115447998,assist,no
3914,0,0,0.0003353502153888086,-8.143205642700195,-0.1432058960199356,assist,no
3915,0,0,0.0059110695567328965,-5.214856147766113,-0.08985626697540283,assist,no
3916,0,0,0.053403333566198224,-3.064087152481079,-0.18908722698688507,assist,no
3917,0,0,0.0002611903930251571,-8.339536666870117,-0.08953694999217987,assist,no
3918,0,0,0.0002959570606074883,-8.187719345092773,-0.06271916627883911,assist,no
3919,0,0,0.0009110512825624411,-7.114484786987305,-0.11448488384485245,assist,no
3920,0,0,0.0002611902762944756,-8.476183891296387,-0.2261837273836136,assist,no
3921,0,0,0.0002611904280443717,-8.377779960632324,-0.12778037786483765,assist,no
3922,0,0,0.00020342702048475257,-8.643248558044434,-0.1432487666606903,assist,no
3923,0,0,0.004609572999830552,-5.437597274780273,-0.06259745359420776,assist,no
3924,0,0,8.481103161417479e-05,-9.518022537231445,-0.14302241802215576,assist,no
3925,0,0,0.000487857122782266,-7.9391984939575195,-0.31419849395751953,assist,no
3926,0,0,0.00013982210064597092,-8.954248428344727,-0.07924860715866089,assist,no
3927,0,0,0.05340333582602272,-3.1519408226013184,-0.2769409418106079,assist,no
3928,0,0,0.0006263340834913398,-7.577369689941406,-0.2023695707321167,assist,no
3929,0,0,0.3208212878370535,-1.4680914878845215,-0.7180914282798767,assist,no
3930,0,0,0.001926734606016944,-6.454132080078125,-0.2041320502758026,assist,no
3931,0,0,0.00033535017042992505,-8.225987434387207,-0.22598755359649658,assist,no
3932,0,0,0.014063628282948357,-4.612023830413818,-0.3620239198207855,assist,no
3933,0,0,0.0013250226735499273,-6.787350654602051,-0.1623508483171463,assist,no
3934,0,0,0.2018132270610754,-1.860641360282898,-0.48564139008522034,assist,no
3935,0,0,0.0004878571954431821,-7.939133644104004,-0.31413379311561584,assist,no
3936,0,0,0.029312229903390143,-3.716884136199951,-0.21688410639762878,assist,no
3937,0,1,0.7057850278370112,-0.9386392831802368,-1.8136392831802368,assist,Yes
3938,0,0,0.02033235482673614,-3.9811830520629883,-0.10618312656879425,assist,no
3939,0,0,0.002800926800640331,-6.080224990844727,-0.2052249312400818,assist,no
3940,0,0,0.0006263341394548992,-7.536226749420166,-0.16122671961784363,assist,no
3941,0,0,0.00029595698124912297,-8.327133178710938,-0.20213273167610168,assist,no
3942,0,0,0.060086648490884395,-2.922466278076172,-0.1724662482738495,assist,no
3943,0,0,0.060086646807761206,-2.9609265327453613,-0.21092647314071655,assist,no
3944,0,0,0.000487857028323091,-7.851314544677734,-0.22631435096263885,assist,no
3945,0,0,0.00017952802016598846,-8.752351760864258,-0.1273520439863205,assist,no
3946,0,0,0.00017952793056370494,-8.725700378417969,-0.10070016235113144,assist,no
3947,0,0,0.00012339459988667658,-9.100537300109863,-0.1005374938249588,assist,no
3948,0,0,5.144220607711669e-05,-10.055071830749512,-0.18007168173789978,assist,no
3949,0,0,0.0005527786863185436,-7.661257266998291,-0.16125735640525818,assist,no
3950,0,0,0.014063628851145548,-4.310729503631592,-0.06072963401675224,assist,no
3951,0,0,0.004070137142068378,-5.607110977172852,-0.10711083561182022,assist,no
3952,0,0,0.0005527785381337246,-7.929621696472168,-0.42962151765823364,assist,no
3953,0,1,0.5926666143433998,-0.9916245341300964,-1.3666245937347412,assist,Yes
3954,0,0,0.002472623505796398,-6.104520320892334,-0.10452046245336533,assist,no
3955,0,0,0.0010322312826038706,-7.399271011352539,-0.5242712497711182,assist,no
3956,0,0,0.037326887344129464,-3.344539165496826,-0.09453916549682617,assist,no
3957,0,0,0.0002959570341546974,-8.285806655883789,-0.16080638766288757,assist,no
3958,0,0,0.0001233945819613425,-9.043318748474121,-0.043318796902894974,assist,no
3959,0,0,0.0007096705523280251,-7.351513862609863,-0.10151407867670059,assist,no
3960,0,0,0.0010322310367548194,-7.037247180938721,-0.1622471809387207,assist,no
3961,0,0,0.001032231105899859,-6.977381706237793,-0.10238177329301834,assist,no
3962,0,0,0.02595735719779685,-3.8811631202697754,-0.2561631202697754,assist,no
3963,0,0,0.0007096703568309563,-7.3782501220703125,-0.12825006246566772,assist,no
3964,0,0,0.0024726230739386076,-6.059440612792969,-0.059440579265356064,assist,no
3965,0,0,0.00017952790515411027,-8.70437240600586,-0.07937204837799072,assist,no
3966,0,0,0.07585817584273653,-2.804645299911499,-0.30464524030685425,assist,no
3967,0,0,0.0004305570107812016,-7.952423095703125,-0.20242293179035187,assist,no
3968,0,0,0.0003353502603476981,-8.143340110778809,-0.14334049820899963,assist,no
3969,0,0,0.00043055722241147626,-8.002679824829102,-0.2526801526546478,assist,no
3970,0,0,0.004070137172269837,-5.684849739074707,-0.1848496049642563,assist,no
3971,0,0,0.0008040859056987868,-7.226670265197754,-0.10167022794485092,assist,no
3972,0,0,0.00012339452266987145,-9.070435523986816,-0.07043509185314178,assist,no
3973,0,0,0.3486451488696663,-1.2915973663330078,-0.6665974259376526,assist,no
3974,0,0,0.0002034270295767993,-8.627432823181152,-0.12743307650089264,assist,no
3975,0,0,0.03308597552845946,-3.6677439212799072,-0.29274383187294006,assist,no
3976,0,0,0.00010889689217890517,-9.20438289642334,-0.07938273251056671,assist,no
3977,0,0,0.0006263342327275096,-7.6892852783203125,-0.31428539752960205,assist,no
3978,0,0,0.0008040860673232232,-7.253418922424316,-0.12841908633708954,assist,no
3979,0,0,0.005220126931636656,-5.481534957885742,-0.2315351963043213,assist,no
3980,0,0,0.005911067717949184,-5.334192276000977,-0.20919208228588104,assist,no
3981,0,0,0.0003353500954984659,-8.160964012145996,-0.16096390783786774,assist,no
3982,0,0,0.0015011821673938809,-6.645124435424805,-0.1451243758201599,assist,no
3983,0,0,0.0003799844921116293,-7.964822769165039,-0.08982270956039429,assist,no
3984,0,0,0.0009110510316404296,-7.114433288574219,-0.11443310976028442,assist,no
3985,0,0,0.014063627456479755,-4.413868427276611,-0.16386845707893372,assist,no
3986,0,0,0.004609571632403393,-5.472229480743408,-0.09722936153411865,assist,no
3987,0,0,0.0002034269659324807,-8.613346099853516,-0.11334604024887085,assist,no
3988,0,0,0.0011695102432971653,-6.785841941833496,-0.0358419232070446,assist,no
3989,0,0,0.00013982205273191132,-8.988228797912598,-0.11322863399982452,assist,no
3990,0,0,0.000335350085507606,-8.143661499023438,-0.14366136491298676,assist,no
3991,0,0,0.0008040857680187367,-7.215632438659668,-0.09063223004341125,assist,no
3992,0,0,0.0007096704268400355,-7.274611949920654,-0.02461198903620243,assist,no
3993,0,0,0.00020342688410410035,-8.680458068847656,-0.18045760691165924,assist,no
3994,0,0,0.0015011823460801075,-6.7540411949157715,-0.25404125452041626,assist,no
3995,0,0,0.005220126506047222,-5.348433971405029,-0.09843412786722183,assist,no
3996,0,0,0.0004305571743136774,-7.840015888214111,-0.09001610428094864,assist,no
3997,0,0,0.0007096703356961413,-7.564513206481934,-0.31451311707496643,assist,no
3998,0,0,0.00020342702654611695,-8.781786918640137,-0.2817871570587158,assist,no
3999,0,0,0.0006263342513820332,-7.519279956817627,-0.1442801058292389,assist,no
4000,0,0,7.484626152459181e-05,-9.579328536987305,-0.0793289914727211,assist,no
4001,0,0,0.0009110512316998656,-7.056793689727783,-0.056793730705976486,assist,no
4002,0,0,0.00013982209908355568,-8.937394142150879,-0.06239430978894234,assist,no
4003,0,0,0.0003353501804207875,-8.314011573791504,-0.31401172280311584,assist,no
4004,0,0,4.0063699989839034e-05,-10.285408020019531,-0.16040821373462677,assist,no
4005,0,0,0.16451647518562237,-2.062011957168579,-0.43701204657554626,assist,no
4006,0,0,0.0008040861032397692,-7.4396562576293945,-0.31465646624565125,assist,no
4007,0,0,0.020332353936289693,-4.047223091125488,-0.17222312092781067,assist,no
4008,0,0,0.0011695102389454955,-6.864530086517334,-0.1145300641655922,assist,no
4009,0,0,0.00023050667391677975,-8.555347442626953,-0.1803472340106964,assist,no
4010,0,0,0.18242551491653522,-1.9708209037780762,-0.4708208441734314,assist,no
4011,0,0,0.0001233946063214125,-9.11313247680664,-0.11313272267580032,assist,no
4012,0,0,0.0011695102563521749,-6.831042289733887,-0.08104228228330612,assist,no
4013,0,0,5.829125871268376e-05,-9.820334434509277,-0.07033431529998779,assist,no
4014,0,0,0.00012339459620968476,-9.201860427856445,-0.20186059176921844,assist,no
4015,0,0,0.015906388562892566,-4.241250991821289,-0.11625079065561295,assist,no
4016,0,0,0.004070138561537168,-5.632511615753174,-0.13251182436943054,assist,no
4017,0,0,0.00017952805493703588,-8.76803207397461,-0.14303255081176758,assist,no
4018,0,0,0.00023050677006950976,-8.464579582214355,-0.08957979083061218,assist,no
4019,0,0,0.0001584361541885255,-8.863585472106934,-0.11358506232500076,assist,no
4020,0,0,0.0003353501154801867,-8.127774238586426,-0.1277741938829422,assist,no
4021,0,0,0.00010889691002655443,-9.28599739074707,-0.1609973907470703,assist,no
4022,0,0,0.00012339456127826798,-9.079297065734863,-0.07929694652557373,assist,no
4023,0,0,0.006692851518667466,-5.209753513336182,-0.2097536027431488,assist,no
4024,0,1,0.5312093733737563,-1.135101318359375,-1.260101318359375,assist,Yes
4025,0,1,0.5621765008857981,-0.8709985017776489,-1.120998501777649,assist,yes
4026,0,0,0.02297736991002561,-3.859596014022827,-0.10959601402282715,assist,no
4027,0,0,0.00037998450909180554,-7.976694583892822,-0.10169456899166107,assist,no
4028,0,0,0.00033534998559902284,-8.12767505645752,-0.1276746243238449,assist,no
4029,0,0,0.0004878570355891808,-7.704910755157471,-0.07991057634353638,assist,no
4030,0,0,0.0003799845487122197,-7.955031871795654,-0.08003196120262146,assist,no
4031,0,0,0.00013982205273191132,-9.002432823181152,-0.1274326592683792,assist,no
4032,0,0,0.0002305067769375634,-8.762506484985352,-0.38750672340393066,assist,no
4033,0,0,0.16451645880021026,-2.087204694747925,-0.4622046649456024,assist,no
4034,0,0,0.0011695102563521749,-6.782167911529541,-0.03216790407896042,assist,no
4035,0,0,0.009708476911263291,-4.817721843719482,-0.192721888422966,assist,no
4036,0,0,4.53978544969814e-05,-10.12716007232666,-0.12715975940227509,assist,no
4037,0,0,0.0019267344913958867,-6.45399284362793,-0.20399275422096252,assist,no
4038,0,0,0.005220125384038879,-5.330508708953857,-0.08050864934921265,assist,no
4039,0,0,0.00013982201315074406,-9.002569198608398,-0.12756875157356262,assist,no
4040,0,0,0.02033235067131973,-4.106878280639648,-0.2318781465291977,assist,no
4041,0,0,0.00015843615654903415,-8.793375015258789,-0.043374620378017426,assist,no
4042,0,0,0.0017007225632331216,-6.579153537750244,-0.2041536271572113,assist,no
4043,0,0,0.0031726835493852378,-5.8824028968811035,-0.13240312039852142,assist,no
4044,0,0,0.0001584362663127248,-8.86337947845459,-0.11337977647781372,assist,no
4045,0,0,0.0011695101258020842,-6.911971569061279,-0.16197144985198975,assist,no
4046,0,0,0.01798620575097472,-4.206951141357422,-0.20695090293884277,assist,no
4047,0,0,0.008577487061048297,-4.985809803009033,-0.23580999672412872,assist,no
4048,0,0,0.00015843622146303554,-8.877413749694824,-0.1274137645959854,assist,no
4049,0,0,0.0015011819663719016,-6.615458965301514,-0.11545877158641815,assist,no
4050,0,0,0.00012339459345194094,-9.079253196716309,-0.07925333827733994,assist,no
4051,0,0,0.0003353501854162189,-8.143328666687012,-0.14332883059978485,assist,no
4052,0,0,0.0007096703145613268,-7.35196590423584,-0.10196578502655029,assist,no
4053,0,0,0.0002305067185591137,-8.502676010131836,-0.12767599523067474,assist,no
4054,0,0,0.0002305067546163897,-8.454404830932617,-0.07940497249364853,assist,no
4055,0,0,0.06754669583231304,-2.8426156044006348,-0.21761567890644073,assist,no
4056,0,0,6.605212221831294e-05,-9.785462379455566,-0.16046203672885895,assist,no
4057,0,0,0.01243165304850344,-4.5723066329956055,-0.1973068118095398,assist,no
4058,0,0,0.005911068155754778,-5.27523946762085,-0.15023934841156006,assist,no
4059,0,0,0.00043055695306387187,-8.002838134765625,-0.2528378367424011,assist,no
4060,0,0,0.010986943116351513,-4.575464725494385,-0.07546477019786835,assist,no
4061,0,0,0.02931222820745785,-3.814844846725464,-0.3148447573184967,assist,no
4062,0,0,0.0006263341674366807,-7.518867015838623,-0.14386703073978424,assist,no
4063,0,0,0.0007096702300220753,-7.532158851623535,-0.28215861320495605,assist,no
4064,0,0,0.00012339462011013352,-9.100552558898926,-0.10055291652679443,assist,no
4065,0,0,0.0031726834551318883,-5.915092945098877,-0.16509313881397247,assist,no
4066,0,0,0.00033535013546190866,-8.049450874328613,-0.049450889229774475,assist,no
4067,0,0,0.0008040859116848763,-7.239245891571045,-0.11424586176872253,assist,no
4068,0,0,0.1066905911052601,-2.512094736099243,-0.3870947062969208,assist,no
4069,0,0,0.00015843614828725406,-8.893101692199707,-0.14310124516487122,assist,no
4070,0,0,0.0015011823349122177,-6.573171615600586,-0.07317166775465012,assist,no
4071,0,0,0.0005527785134362586,-7.628063201904297,-0.12806297838687897,assist,no
4072,0,0,0.012431648383453951,-4.467097759246826,-0.09209755808115005,assist,no
4073,0,0,0.000230506648161591,-8.455517768859863,-0.08051744848489761,assist,no
4074,0,0,0.0021827164453451808,-6.271524906158447,-0.14652490615844727,assist,no
4075,0,0,0.000335350150448201,-8.28182315826416,-0.28182321786880493,assist,no
4076,0,0,0.00043055718072671704,-7.851016998291016,-0.10101722925901413,assist,no
4077,0,0,0.000487857122782266,-7.75290060043335,-0.1279006004333496,assist,no
4078,0,0,0.00012339463114111144,-9.089356422424316,-0.08935686945915222,assist,no
4079,0,0,9.610241621542392e-05,-9.350495338439941,-0.100495345890522,assist,no
4080,0,0,0.0002034270326074816,-8.701915740966797,-0.20191600918769836,assist,no
4081,0,0,0.00010889689055639171,-9.214365005493164,-0.08936482667922974,assist,no
4082,0,0,0.00017952795062391375,-8.714466094970703,-0.08946599066257477,assist,no
4083,0,1,0.7057850278370112,-0.9320844411849976,-1.8070844411849976,assist,Yes
4084,0,0,0.00029595706501628696,-8.25265884399414,-0.1276586800813675,assist,no
4085,0,0,0.005911070169660925,-5.293568134307861,-0.16856835782527924,assist,no
4086,0,0,0.006692849438328558,-5.152531147003174,-0.15253092348575592,assist,no
4087,0,0,0.06754669677084987,-2.9079551696777344,-0.28295525908470154,assist,no
4088,0,0,0.0002034269689631621,-8.70199203491211,-0.2019919902086258,assist,no
4089,0,0,0.06754668738548215,-2.913379192352295,-0.28837913274765015,assist,no
4090,0,0,0.0002611903891341335,-8.377495765686035,-0.12749603390693665,assist,no
4091,0,0,0.001325022165805996,-6.670449256896973,-0.045449066907167435,assist,no
4092,0,0,0.0019267346633274755,-6.827897071838379,-0.5778970718383789,assist,no
4093,0,0,0.001032231251872736,-7.036776065826416,-0.16177627444267273,assist,no
4094,0,0,0.0004305570300203132,-7.893435955047607,-0.14343583583831787,assist,no
4095,0,0,0.00013982205273191132,-8.964776992797852,-0.08977682888507843,assist,no
4096,0,0,0.004609571153803984,-5.4263739585876465,-0.05137373507022858,assist,no
4097,0,0,0.00026119022571119644,-8.826472282409668,-0.5764719247817993,assist,no
4098,0,0,8.481103666887762e-05,-9.488090515136719,-0.11309045553207397,assist,no
4099,0,0,0.00017952800010577184,-8.738349914550781,-0.11335008591413498,assist,no
4100,0,0,0.32082130082460697,-1.4950027465820312,-0.7450027465820312,assist,no
4101,0,0,0.00017952795864799792,-8.725759506225586,-0.10075944662094116,assist,no
4102,0,0,0.18242552825126704,-1.9443026781082153,-0.4443027079105377,assist,no
4103,0,0,0.002472622862603971,-6.228470325469971,-0.22847020626068115,assist,no
4104,0,0,0.017986206014169497,-4.138711929321289,-0.13871170580387115,assist,no
4105,0,0,4.539788561369376e-05,-10.127220153808594,-0.1272205263376236,assist,no
4106,0,0,0.00033535022288195643,-8.1136474609375,-0.11364773660898209,assist,no
4107,0,0,0.0009110511944006454,-7.314486026763916,-0.314486026763916,assist,no
4108,0,0,0.010986944897465581,-4.676469802856445,-0.17647001147270203,assist,no
4109,0,0,0.00017952795062391375,-8.704421043395996,-0.07942093908786774,assist,no
4110,0,0,0.0021827160558970152,-6.441209316253662,-0.3162091374397278,assist,no
4111,0,0,0.0009110510858938316,-7.349889278411865,-0.3498891592025757,assist,no
4112,0,0,0.0002305068009757529,-8.48827075958252,-0.11327110230922699,assist,no
4113,0,0,0.00012339462011013352,-9.127410888671875,-0.12741124629974365,assist,no
4114,0,0,7.484623141385411e-05,-9.589312553405762,-0.0893126055598259,assist,no
4115,0,0,8.481106699710094e-05,-9.445192337036133,-0.07019263505935669,assist,no
4116,0,0,5.14421991785346e-05,-10.03557014465332,-0.16056986153125763,assist,no
4117,0,0,0.04208772671409796,-3.2560043334960938,-0.13100430369377136,assist,no
4118,0,0,0.00026119036189697025,-8.476037979125977,-0.2260381430387497,assist,no
4119,0,0,0.0002611902296022176,-8.339503288269043,-0.08950294554233551,assist,no
4120,0,0,0.0001795280388888593,-8.805211067199707,-0.18021145462989807,assist,no
4121,0,0,9.610244628532807e-05,-9.350600242614746,-0.10060056298971176,assist,no
4122,0,0,8.481101392271725e-05,-9.488240242004395,-0.11323991417884827,assist,no
4123,0,0,0.025957356632664963,-3.702049732208252,-0.07704970985651016,assist,no
4124,0,0,0.00012339453370084066,-9.08935546875,-0.08935512602329254,assist,no
4125,0,0,0.005220126080457822,-5.457361698150635,-0.20736177265644073,assist,no
4126,0,0,0.0002305067185591137,-8.601227760314941,-0.2262277454137802,assist,no
4127,0,0,0.0004878572099753667,-7.738714694976807,-0.11371487379074097,assist,no
4128,0,0,0.0004305570204007573,-7.8637542724609375,-0.11375413089990616,assist,no
4129,0,0,7.484626096698546e-05,-9.643036842346191,-0.14303728938102722,assist,no
4130,0,0,0.0008040858398518034,-7.254607200622559,-0.12960708141326904,assist,no
4131,0,0,9.610241335162402e-05,-9.32927131652832,-0.07927129417657852,assist,no
4132,0,0,0.012431650853185818,-4.907764434814453,-0.5327644348144531,assist,no
4133,0,0,0.0008040857680187367,-7.181643009185791,-0.0566428005695343,assist,no
4134,0,0,0.06008665354025422,-3.033393383026123,-0.2833934426307678,assist,no
4135,0,0,0.020332356310813628,-4.079911231994629,-0.20491138100624084,assist,no
4136,0,0,0.00013982212981105874,-9.002341270446777,-0.12734165787696838,assist,no
4137,0,0,0.029312227783474795,-3.640331268310547,-0.14033116400241852,assist,no
4138,0,0,0.0021827160234430044,-6.270905494689941,-0.1459053009748459,assist,no
4139,0,0,0.09534947004048376,-2.527151346206665,-0.2771514058113098,assist,no
4140,0,0,7.484624869964651e-05,-9.570292472839355,-0.07029275596141815,assist,no
4141,0,0,0.009708475263738038,-4.703564167022705,-0.07856404036283493,assist,no
4142,0,0,0.03732688627322502,-3.398794412612915,-0.14879438281059265,assist,no
4143,0,0,0.0002959570165195049,-8.438928604125977,-0.3139282763004303,assist,no
4144,0,0,0.0003799844298509897,-8.002664566040039,-0.12766434252262115,assist,no
4145,0,0,0.01590639031229368,-4.306759357452393,-0.18175926804542542,assist,no
4146,0,0,0.0002611904280443717,-8.410924911499023,-0.16092532873153687,assist,no
4147,0,0,9.610243697797577e-05,-9.393318176269531,-0.14331839978694916,assist,no
4148,0,0,0.0028009269879310543,-5.992916107177734,-0.11791611462831497,assist,no
4149,0,0,0.02297736857193652,-3.8575782775878906,-0.10757821798324585,assist,no
4150,0,0,0.014063627869714051,-4.784058094024658,-0.534058153629303,assist,no
4151,0,1,0.880797071719777,-0.5336821675300598,-2.533682107925415,assist,Yes
4152,0,0,5.144220722688045e-05,-9.975475311279297,-0.10047518461942673,assist,no
4153,0,0,0.0028009275081831283,-6.058314323425293,-0.1833145171403885,assist,no
4154,0,0,0.18242552825126704,-1.967699408531189,-0.46769943833351135,assist,no
4155,0,0,0.0005527785175525029,-7.5915350914001465,-0.09153487533330917,assist,no
4156,0,0,0.00029595713335267516,-8.204532623291016,-0.079532690346241,assist,no
4157,0,0,0.015906391945068224,-4.344857692718506,-0.21985770761966705,assist,no
4158,0,0,0.008577483766375987,-4.876266002655029,-0.12626580893993378,assist,no
4159,0,0,0.0006263342234002478,-7.577408313751221,-0.20240841805934906,assist,no
4160,0,0,0.0003799844921116293,-8.07705020904541,-0.20205014944076538,assist,no
4161,0,0,0.00010889689785770234,-9.180251121520996,-0.05525100976228714,assist,no
4162,0,0,0.00033535020040251337,-8.143506050109863,-0.14350625872612,assist,no
4163,0,0,0.0003353502803294287,-8.22632122039795,-0.22632166743278503,assist,no
4164,0,0,0.00522012577093828,-5.372135639190674,-0.12213565409183502,assist,no
4165,0,0,0.00017952803621416337,-8.768168449401855,-0.14316882193088531,assist,no
4166,0,0,6.605217438031387e-05,-9.725526809692383,-0.10052725672721863,assist,no
4167,0,0,0.04742587721667508,-3.2222344875335693,-0.2222345769405365,assist,no
4168,0,0,0.00020342702351543475,-8.725954055786133,-0.22595427930355072,assist,no
4169,0,0,0.00015843624742864355,-8.930217742919922,-0.1802179217338562,assist,no
4170,0,0,0.18242552380635632,-2.057663917541504,-0.5576639175415039,assist,no
4171,0,0,9.610245595065638e-05,-9.298957824707031,-0.048958245664834976,assist,no
4172,0,0,6.605215912538481e-05,-9.714171409606934,-0.0891716256737709,assist,no
4173,0,0,0.01406362952265135,-4.38687801361084,-0.13687819242477417,assist,no
4174,0,0,0.0002959571620098749,-8.22573471069336,-0.10073487460613251,assist,no
4175,0,0,0.0002611904397174443,-8.393267631530762,-0.14326809346675873,assist,no
4176,0,0,0.0003353501154801867,-8.161048889160156,-0.16104884445667267,assist,no
4177,0,0,0.0075772422763482235,-5.085709095001221,-0.21070922911167145,assist,no
4178,0,0,0.0002305066498786035,-8.502863883972168,-0.1278635710477829,assist,no
4179,0,0,9.610239974857565e-05,-9.37732219696045,-0.1273220330476761,assist,no
4180,0,0,9.610240046452552e-05,-9.329203605651855,-0.07920344918966293,assist,no
4181,0,0,0.029312227359491745,-3.9137730598449707,-0.41377294063568115,assist,no
4182,0,0,0.01798620575097472,-4.184528350830078,-0.18452811241149902,assist,no
4183,0,0,0.0006263341954184638,-7.555744647979736,-0.1807447075843811,assist,no
4184,0,0,0.001501182301408549,-6.7035908699035645,-0.20359089970588684,assist,no
4185,0,0,0.015906391478561197,-4.2776055335998535,-0.15260551869869232,assist,no
4186,0,0,0.00015843621910252594,-8.812361717224121,-0.062361717224121094,assist,no
4187,0,0,0.015906394044350028,-4.277491569519043,-0.1524917185306549,assist,no
4188,0,0,0.00020342694774839332,-8.702183723449707,-0.2021835744380951,assist,no
4189,0,0,0.0001795280255153799,-8.768257141113281,-0.14325745403766632,assist,no
4190,0,0,0.008577484653403024,-4.889884948730469,-0.1398848593235016,assist,no
4191,0,0,0.0002034269689631621,-8.660781860351562,-0.16078181564807892,assist,no
4192,0,0,0.00029595716641867513,-8.238424301147461,-0.11342447996139526,assist,no
4193,0,0,0.07585818002124356,-3.1349079608917236,-0.6349079608917236,assist,no
4194,0,0,0.001169510456529009,-6.852471351623535,-0.10247151553630829,assist,no
4195,0,0,0.00280092717522179,-6.006287574768066,-0.13128764927387238,assist,no
4196,0,0,0.00026119041248027575,-8.393296241760254,-0.14329659938812256,assist,no
4197,0,0,0.00029595719728027844,-8.23837661743164,-0.11337690055370331,assist,no
4198,0,0,0.18242552380635632,-1.8675044775009155,-0.3675044775009155,assist,no
4199,0,0,0.004070137232672753,-5.666650295257568,-0.1666501760482788,assist,no
4200,0,0,0.0007096704413702227,-7.4527668952941895,-0.20276695489883423,assist,no
4201,0,0,0.0031726834551318883,-5.955351829528809,-0.2053520232439041,assist,no
4202,0,0,0.06008665606493926,-2.9394989013671875,-0.18949900567531586,assist,no
4203,0,0,0.0015011819775397888,-6.615461826324463,-0.11546164005994797,assist,no
4204,0,0,0.00460957306820192,-5.524922847747803,-0.14992304146289825,assist,no
4205,0,0,0.18242552380635632,-1.9831548929214478,-0.48315489292144775,assist,no
4206,0,0,0.00017952798272025258,-8.805360794067383,-0.18036086857318878,assist,no
4207,0,0,0.00026119024127528134,-8.350985527038574,-0.10098522901535034,assist,no
4208,0,0,0.0007096704704305978,-7.30638313293457,-0.05638323351740837,assist,no
4209,0,0,8.481103919622915e-05,-9.502296447753906,-0.12729641795158386,assist,no
4210,0,0,0.0009110513029074721,-7.056675910949707,-0.05667603015899658,assist,no
4211,0,0,0.00015843624034711368,-8.850751876831055,-0.10075201094150543,assist,no
4212,0,0,0.002182716510253215,-6.353513717651367,-0.22851374745368958,assist,no
4213,0,0,0.0003353502553522657,-8.161187171936035,-0.161187544465065,assist,no
4214,0,0,0.00012339459483081287,-9.062433242797852,-0.0624333955347538,assist,no
4215,0,0,0.16451644651115205,-2.0475287437438965,-0.42252862453460693,assist,no
4216,0,0,0.0010322308523680697,-7.056293964385986,-0.181293785572052,assist,no
4217,0,0,0.002182716932155486,-6.2286272048950195,-0.10362742841243744,assist,no
4218,0,0,0.00015843617425285008,-8.863320350646973,-0.11332006752490997,assist,no
4219,0,0,0.01243165204231615,-4.434727668762207,-0.05972776561975479,assist,no
4220,0,0,0.0003799844072107596,-8.03593921661377,-0.16093893349170685,assist,no
4221,0,0,0.004609573136573289,-5.471720218658447,-0.09672042727470398,assist,no
4222,0,0,0.003593602954915036,-5.720487594604492,-0.09548769891262054,assist,no
4223,0,0,0.014063629729268525,-4.416130065917969,-0.16613025963306427,assist,no
4224,0,0,0.0005527785381337246,-7.661145210266113,-0.16114503145217896,assist,no
4225,0,0,0.06754668738548215,-2.889991044998169,-0.26499098539352417,assist,no
4226,0,0,0.00023050681471186232,-8.475906372070312,-0.10090677440166473,assist,no
4227,0,0,0.0021827168347934166,-6.353155136108398,-0.22815531492233276,assist,no
4228,0,0,0.004070137957507836,-5.586006164550781,-0.08600622415542603,assist,no
4229,0,0,0.0007096703568309563,-7.340321063995361,-0.09032100439071655,assist,no
4230,0,0,0.0028009273208923708,-5.980661869049072,-0.10566199570894241,assist,no
4231,0,0,0.002182716684693567,-6.155343055725098,-0.03034316562116146,assist,no
4232,0,0,0.010986944573626636,-4.598495960235596,-0.09849613904953003,assist,no
4233,0,0,0.13296424706933604,-2.322664737701416,-0.4476647973060608,assist,no
4234,0,0,0.00013982202460844923,-8.930448532104492,-0.05544816702604294,assist,no
4235,0,0,0.000379984497771688,-7.945721626281738,-0.0707215815782547,assist,no
4236,0,0,0.0021827166725233095,-6.271041393280029,-0.14604149758815765,assist,no
4237,0,0,0.0017007220319407623,-6.505424499511719,-0.13042427599430084,assist,no
4238,0,0,0.0002305066464445785,-8.502406120300293,-0.1274057924747467,assist,no
4239,0,0,0.07585817688736327,-2.66400146484375,-0.16400142014026642,assist,no
4240,0,0,0.0046095714956607,-5.661464214324951,-0.28646406531333923,assist,no
4241,0,0,0.07585817793199003,-2.7969141006469727,-0.29691407084465027,assist,no
4242,0,0,0.0019267343481195736,-6.413094520568848,-0.16309435665607452,assist,no
4243,0,0,0.0021827163155291175,-6.353385925292969,-0.22838586568832397,assist,no
4244,0,0,0.02595735682104226,-3.791851282119751,-0.16685126721858978,assist,no
4245,0,0,0.4378234991142019,-1.251671552658081,-1.001671552658081,assist,no
4246,0,0,0.012431648840811669,-4.520622730255127,-0.14562256634235382,assist,no
4247,0,0,0.060086656906500974,-2.9844813346862793,-0.23448145389556885,assist,no
4248,0,0,0.0002305066464445785,-8.657078742980957,-0.28207841515541077,assist,no
4249,0,0,0.01098694400690851,-4.599843502044678,-0.09984362870454788,assist,no
4250,0,0,5.829124394721985e-05,-9.91050910949707,-0.16050873696804047,assist,no
4251,0,0,0.0002305067769375634,-8.535907745361328,-0.16090798377990723,assist,no
4252,0,0,0.0011695104043089619,-7.032717704772949,-0.28271782398223877,assist,no
4253,0,0,7.484624145076534e-05,-9.562251091003418,-0.06225127726793289,assist,no
4254,0,0,0.00013982206731444948,-8.988274574279785,-0.11327451467514038,assist,no
4255,0,0,0.001032230990658129,-7.056427478790283,-0.18142743408679962,assist,no
4256,0,0,0.0010322309368786592,-6.9768967628479,-0.10189666599035263,assist,no
4257,0,0,0.020332353936289693,-4.034475803375244,-0.15947583317756653,assist,no
4258,0,0,0.0035936024747072553,-5.757754802703857,-0.13275477290153503,assist,no
4259,0,0,0.00048785710098399316,-7.688055038452148,-0.06305499374866486,assist,no
4260,0,0,0.0006263340461823029,-7.555785179138184,-0.18078500032424927,assist,no
4261,0,0,0.0013250226341134984,-6.75438928604126,-0.1293894499540329,assist,no
4262,0,0,0.13296424706933604,-2.163311004638672,-0.28831106424331665,assist,no
4263,0,0,0.00359360332841002,-5.830935955047607,-0.20593616366386414,assist,no
4264,0,0,0.0010322309368786592,-6.989572048187256,-0.1145719513297081,assist,no
4265,0,0,0.000295957122330676,-8.268284797668457,-0.14328482747077942,assist,no
4266,0,0,0.00020342698714725132,-8.725878715515137,-0.2258787602186203,assist,no
4267,0,0,0.00017952802016598846,-8.850932121276855,-0.22593240439891815,assist,no
4268,0,0,0.000203427075037039,-8.643209457397461,-0.14320993423461914,assist,no
4269,0,0,0.00029595709146908053,-8.350992202758789,-0.2259921282529831,assist,no
4270,0,0,0.0002611904183168116,-8.363570213317871,-0.11357059329748154,assist,no
4271,0,0,0.0019267344054300975,-6.366062641143799,-0.11606250703334808,assist,no
4272,0,0,0.0004878571554796769,-7.715157985687256,-0.09015805274248123,assist,no
4273,0,0,0.0003799843449501338,-8.055561065673828,-0.1805606186389923,assist,no
4274,0,0,0.0675466845698721,-2.7962563037872314,-0.1712561994791031,assist,no
4275,0,0,0.004070136930658175,-5.649983882904053,-0.14998368918895721,assist,no
4276,0,0,0.00043055728654188313,-8.00299072265625,-0.2529911994934082,assist,no
4277,0,0,0.005220124958449569,-5.292140960693359,-0.04214081913232803,assist,no
4278,0,0,0.00033535000058530843,-8.143350601196289,-0.14335021376609802,assist,no
4279,0,0,0.0013250221411582371,-6.828637599945068,-0.20363739132881165,assist,no
4280,0,0,0.00522012615783771,-5.436947345733643,-0.18694743514060974,assist,no
4281,0,0,0.0013250226735499273,-6.754496097564697,-0.12949629127979279,assist,no
4282,0,0,0.0002959571928714778,-8.377490043640137,-0.2524903118610382,assist,no
4283,0,0,0.00010889687352000222,-9.21422004699707,-0.08921971172094345,assist,no
4284,0,0,0.02931222863144092,-3.6512699127197266,-0.1512698382139206,assist,no
4285,0,0,0.00020342691744158468,-8.613637924194336,-0.11363762617111206,assist,no
4286,0,0,0.00013982210481241168,-8.975749969482422,-0.10075017809867859,assist,no
4287,0,0,0.0009110514046326339,-7.114888668060303,-0.11488889902830124,assist,no
4288,0,0,0.10669058826486906,-2.3922762870788574,-0.26727622747421265,assist,no
4289,0,0,0.0003353500405487399,-8.055935859680176,-0.05593559145927429,assist,no
4290,0,0,0.0005527787439459839,-7.6280012130737305,-0.128001406788826,assist,no
4291,0,0,0.00026119033855083256,-8.363727569580078,-0.1137276440858841,assist,no
4292,0,0,0.00037998468455367106,-8.002692222595215,-0.12769266963005066,assist,no
4293,0,0,0.06008665522337757,-3.104006052017212,-0.3540061414241791,assist,no
4294,0,0,0.00023050663957652873,-8.657034873962402,-0.2820345163345337,assist,no
4295,0,0,0.00033535006802360177,-8.062772750854492,-0.06277256458997726,assist,no
4296,0,0,0.00037998450767679084,-7.930723667144775,-0.0557236485183239,assist,no
4297,0,0,0.0002611903988616925,-8.363503456115723,-0.11350376158952713,assist,no
4298,0,0,0.08509904616718289,-2.5587520599365234,-0.18375207483768463,assist,no
4299,0,0,0.001032231205776036,-7.037059783935547,-0.16205994784832,assist,no
4300,0,0,4.006369252769305e-05,-10.214194297790527,-0.08919430524110794,assist,no
4301,0,0,0.0002959571487834747,-8.285792350769043,-0.16079246997833252,assist,no
4302,0,0,7.484620520637004e-05,-9.627269744873047,-0.127269446849823,assist,no
4303,0,0,0.008577486680893736,-5.071794509887695,-0.32179465889930725,assist,no
4304,0,0,5.829125350134312e-05,-9.829230308532715,-0.07923009991645813,assist,no
4305,0,0,0.00026119041637129965,-8.339627265930176,-0.08962763845920563,assist,no
4306,0,0,0.0002305067941076985,-8.555327415466309,-0.18032772839069366,assist,no
4307,0,0,2.430025097240915e-05,-10.680110931396484,-0.0551113523542881,assist,no
4308,0,0,8.481107521099662e-05,-9.454200744628906,-0.07920113950967789,assist,no
4309,0,0,0.042087729117139754,-3.2716357707977295,-0.14663580060005188,assist,no
4310,0,0,0.0005527786780860526,-7.680793285369873,-0.18079335987567902,assist,no
4311,0,0,0.00020342701442338832,-8.78172779083252,-0.28172796964645386,assist,no
4312,0,0,0.0002611902607303886,-8.339801788330078,-0.08980156481266022,assist,no
4313,0,0,0.22270014914315833,-1.8031892776489258,-0.5531893372535706,assist,no
4314,0,0,0.000230506756333403,-8.656726837158203,-0.28172698616981506,assist,no
4315,0,0,0.00012339458885570143,-9.127437591552734,-0.12743769586086273,assist,no
4316,0,0,0.0002959572501858916,-8.252573013305664,-0.12757347524166107,assist,no
4317,0,0,0.0002959571267394756,-8.204636573791504,-0.07963661849498749,assist,no
4318,0,1,0.5312093733737563,-0.9387906789779663,-1.0637906789779663,assist,yes
4319,0,0,0.00017952790247941633,-8.752442359924316,-0.12744198739528656,assist,no
4320,0,0,0.0003353502303751044,-8.1434907913208,-0.14349108934402466,assist,no
4321,0,0,0.004070138319925425,-5.852734565734863,-0.3527347147464752,assist,no
4322,0,0,0.00029595713335267516,-8.204532623291016,-0.079532690346241,assist,no
4323,0,0,0.000379984523241953,-7.954687118530273,-0.07968714088201523,assist,no
4324,0,0,0.001169510508749058,-7.065060138702393,-0.3150603473186493,assist,no
4325,0,0,0.02033235423310517,-4.000306129455566,-0.12530617415905,assist,no
4326,0,0,0.0002959570958778797,-8.252509117126465,-0.12750905752182007,assist,no
4327,0,0,3.535623783439785e-05,-10.33929443359375,-0.08929406851530075,assist,no
4328,0,0,0.02297736991002561,-3.8657538890838623,-0.1157538890838623,assist,no
4329,0,0,0.005911069118927199,-5.260667324066162,-0.1356673687696457,assist,no
4330,0,0,0.0005527786039936393,-7.6614203453063965,-0.1614202857017517,assist,no
4331,0,0,0.0004878570065248225,-7.752877235412598,-0.12787699699401855,assist,no
4332,0,0,0.00048785709735094785,-7.70481014251709,-0.07981009036302567,assist,no
4333,0,0,0.0017007225126338423,-6.629226207733154,-0.2542262673377991,assist,no
4334,0,0,3.120190070057365e-05,-10.430085182189941,-0.05508483946323395,assist,no
4335,0,0,0.0001584361895961588,-8.839493751525879,-0.08949356526136398,assist,no
4336,0,0,9.610242981847464e-05,-9.377277374267578,-0.12727752327919006,assist,no
4337,0,0,0.00015843628519680825,-8.893195152282715,-0.14319556951522827,assist,no
4338,0,0,0.0953494648991095,-2.540109872817993,-0.29010987281799316,assist,no
4339,0,0,0.010986944573626636,-4.633431434631348,-0.13343161344528198,assist,no
4340,0,0,0.0028009274249427897,-5.950246810913086,-0.07524697482585907,assist,no
4341,0,0,0.001501182323744328,-6.558265209197998,-0.05826525390148163,assist,no
4342,0,0,8.481103035049913e-05,-9.488258361816406,-0.1132582277059555,assist,no
4343,0,0,0.005911067893071419,-5.275517463684082,-0.1505172997713089,assist,no
4344,0,0,0.0004878572099753667,-7.786301612854004,-0.16130179166793823,assist,no
4345,0,0,0.000804085815907447,-7.2265543937683105,-0.10155424475669861,assist,no
4346,0,0,0.0005527787192485087,-7.726500034332275,-0.22650018334388733,assist,no
4347,0,0,0.00012339454473181088,-9.100598335266113,-0.10059808194637299,assist,no
4348,0,0,0.00015843621615188898,-8.78427505493164,-0.03427503630518913,assist,no
4349,0,0,0.00017952800679251044,-8.785932540893555,-0.1609327495098114,assist,no
4350,0,0,0.0008040858518239816,-7.205537796020508,-0.08053769171237946,assist,no
4351,0,0,0.00012339463114111144,-9.281723022460938,-0.2817234694957733,assist,no
4352,0,0,0.0001398221308526691,-8.945475578308105,-0.0704759731888771,assist,no
4353,0,0,5.144221067617192e-05,-9.988204956054688,-0.11320489645004272,assist,no
4354,0,0,0.0008040860733093143,-7.215665817260742,-0.09066598862409592,assist,no
4355,0,0,8.481107394732031e-05,-9.475785255432129,-0.10078563541173935,assist,no
4356,0,0,0.010986940687560063,-4.792708873748779,-0.29270869493484497,assist,no
4357,0,0,0.00048785706465354084,-7.752933025360107,-0.12793290615081787,assist,no
4358,0,0,0.08509904616718289,-2.532968521118164,-0.15796853601932526,assist,no
4359,0,0,0.00017952795597330317,-8.768169403076172,-0.1431693285703659,assist,no
4360,0,0,0.012431652591145573,-4.469079494476318,-0.0940796360373497,assist,no
4361,0,0,0.01243164902375476,-4.551401615142822,-0.17640146613121033,assist,no
4362,0,0,0.00020342698714725132,-8.562520027160645,-0.06252007186412811,assist,no
4363,0,0,0.00020342702200009362,-8.600831985473633,-0.10083220154047012,assist,no
4364,0,0,9.610240404427493e-05,-9.271001815795898,-0.021001696586608887,assist,no
4365,0,0,5.144220761013505e-05,-10.055188179016113,-0.18018805980682373,assist,no
4366,0,0,0.01243164902375476,-4.5342278480529785,-0.15922769904136658,assist,no
4367,0,0,0.000335350100493896,-8.202191352844238,-0.20219126343727112,assist,no
4368,0,0,0.06754668550840877,-2.9062533378601074,-0.28125324845314026,assist,no
4369,0,0,0.00017952789980472237,-8.973897933959961,-0.3488975465297699,assist,no
4370,0,0,0.00020342691592624437,-8.600921630859375,-0.10092132538557053,assist,no
4371,0,0,4.006367700643388e-05,-10.180109024047852,-0.05510864406824112,assist,no
4372,0,0,6.605214436255359e-05,-9.738057136535645,-0.11305712908506393,assist,no
4373,0,0,8.481103793255338e-05,-9.555137634277344,-0.18013758957386017,assist,no
4374,0,0,0.004070138319925425,-5.569494247436523,-0.06949439644813538,assist,no
4375,0,0,0.010986941659076578,-4.675282001495361,-0.17528191208839417,assist,no
4376,0,0,0.010986942954432066,-4.571949005126953,-0.07194903492927551,assist,no
4377,0,0,0.0001088969611357481,-9.187314987182617,-0.062315456569194794,assist,no
4378,0,0,0.0004878572027092744,-7.7863078117370605,-0.16130797564983368,assist,no
4379,0,0,0.00669285161773124,-5.137485027313232,-0.13748513162136078,assist,no
4380,0,0,0.00020342700533134222,-8.660866737365723,-0.1608668714761734,assist,no
4381,0,0,0.0011695100561753752,-6.8311333656311035,-0.08113318681716919,assist,no
4382,0,0,0.012431651767901451,-4.508067607879639,-0.13306768238544464,assist,no
4383,0,0,0.0002611904046982281,-8.475982666015625,-0.22598299384117126,assist,no
4384,0,0,0.00020342702351543475,-8.726054191589355,-0.22605441510677338,assist,no
4385,0,0,0.00010889691002655443,-9.26807975769043,-0.1430797576904297,assist,no
4386,0,0,0.0003353502803294287,-8.226073265075684,-0.2260737121105194,assist,no
4387,0,0,0.0002611902879675414,-8.320690155029297,-0.07069003582000732,assist,no
4388,0,0,0.00132502237777674,-6.740368843078613,-0.1153688132762909,assist,no
4389,0,0,5.1442226772868495e-05,-9.94517993927002,-0.07018019258975983,assist,no
4390,0,0,0.0024726227890962764,-6.316952705383301,-0.31695255637168884,assist,no
4391,0,0,0.0028009269046907316,-5.97999906539917,-0.10499904304742813,assist,no
4392,0,0,0.000626334132459454,-7.424854755401611,-0.049854714423418045,assist,no
4393,0,0,0.022977367233847502,-3.8592538833618164,-0.10925376415252686,assist,no
4394,0,0,0.00280092763304364,-6.039051055908203,-0.16405129432678223,assist,no
4395,0,0,0.0007096704360865182,-7.30651330947876,-0.056513361632823944,assist,no
4396,0,0,0.00015843623680634886,-8.863483428955078,-0.11348354071378708,assist,no
4397,0,0,0.0005527786780860526,-7.601251602172852,-0.10125167667865753,assist,no
4398,0,0,0.0001088969092152976,-9.238333702087402,-0.11333369463682175,assist,no
4399,0,0,0.07585817688736327,-2.738351583480835,-0.23835153877735138,assist,no
4400,0,0,0.00037998443551104746,-8.055761337280273,-0.18076112866401672,assist,no
4401,0,0,0.002472622642080892,-6.255218505859375,-0.2552182972431183,assist,no
4402,0,0,0.0002034269962392966,-8.60098934173584,-0.100989431142807,assist,no
4403,0,0,0.0003353502303751044,-8.180452346801758,-0.1804526448249817,assist,no
4404,0,0,0.005220126931636656,-5.458682060241699,-0.20868229866027832,assist,no
4405,0,0,0.0001795280081298582,-8.695690155029297,-0.07069037109613419,assist,no
4406,0,0,0.0010322310290720375,-6.955923557281494,-0.08092354983091354,assist,no
4407,0,0,0.00017952796332871385,-8.674138069152832,-0.049138035625219345,assist,no
4408,0,0,0.00037998435627024685,-8.018424987792969,-0.14342457056045532,assist,no
4409,0,0,9.610243984177639e-05,-9.410542488098145,-0.16054274141788483,assist,no
4410,0,0,0.0052201245328602945,-5.384159088134766,-0.13415886461734772,assist,no
4411,0,0,0.014063629316034177,-4.400678634643555,-0.15067879855632782,assist,no
4412,0,0,0.0001398220787721591,-8.964303970336914,-0.08930399268865585,assist,no
4413,0,0,0.005911070082099775,-5.213937282562256,-0.08893749117851257,assist,no
4414,0,0,0.0007096702934265129,-7.394075393676758,-0.14407524466514587,assist,no
4415,0,0,0.0002959572193242827,-8.327065467834473,-0.2020658254623413,assist,no
4416,0,0,0.00026119036967901663,-8.377654075622559,-0.1276542693376541,assist,no
4417,0,0,0.0008040858518239816,-7.327725887298584,-0.20272578299045563,assist,no
4418,0,0,7.484624312358402e-05,-9.643033981323242,-0.1430341899394989,assist,no
4419,0,0,0.37754066879814546,-1.3616834878921509,-0.8616834878921509,assist,no
4420,0,0,0.0003353499980875941,-8.079560279846191,-0.07955988496541977,assist,no
4421,0,0,0.00013982209700033537,-8.93032169342041,-0.05532184615731239,assist,no
4422,0,0,0.001700722209038197,-6.602700233459473,-0.2277001142501831,assist,no
4423,0,0,0.00015843621910252594,-9.002371788024902,-0.25237178802490234,assist,no
4424,0,0,0.0002305066567466536,-8.601127624511719,-0.22612734138965607,assist,no
4425,0,0,0.0001398221225197862,-8.964485168457031,-0.08948550373315811,assist,no
4426,0,0,0.0019267342621537913,-6.504231929779053,-0.254231721162796,assist,no
4427,0,0,0.0011695100474720368,-6.841210842132568,-0.09121065586805344,assist,no
4428,0,0,0.00013982207460571912,-8.954401016235352,-0.07940100878477097,assist,no
4429,0,0,0.037326887344129464,-3.602815628051758,-0.3528156280517578,assist,no
4430,0,0,2.1444944746114788e-05,-10.850356101989746,-0.10035593062639236,assist,no
4431,0,0,0.0534033328129234,-3.1252782344818115,-0.2502782940864563,assist,no
4432,0,0,0.007577241267860811,-5.196192741394043,-0.32119274139404297,assist,no
4433,0,0,0.001032231251872736,-7.003706932067871,-0.1287071406841278,assist,no
4434,0,0,0.20181321265898594,-1.7439191341400146,-0.3689190745353699,assist,no
4435,0,0,0.001169510508749058,-7.032699108123779,-0.282699316740036,assist,no
4436,0,0,0.0006263342234002478,-7.465237140655518,-0.09023724496364594,assist,no
4437,0,0,0.009708478200631072,-4.917606830596924,-0.29260700941085815,assist,no
4438,0,0,0.00023050671169106175,-8.43751049041748,-0.06251044571399689,assist,no
4439,0,0,0.00023050679754172573,-8.555325508117676,-0.18032583594322205,assist,no
4440,0,0,0.0019267350645012428,-6.533550262451172,-0.2835504710674286,assist,no
4441,0,0,0.00043055717110715777,-8.06432819366455,-0.3143284022808075,assist,no
4442,0,0,0.00015843618841590424,-8.8932523727417,-0.1432521790266037,assist,no
4443,0,0,0.1645164628965632,-1.998849868774414,-0.37384986877441406,assist,no
4444,0,0,0.2689414213699951,-1.5154566764831543,-0.5154566764831543,assist,no
4445,0,0,0.0124316506702427,-4.536445140838623,-0.16144512593746185,assist,no
4446,0,0,0.0002034269538097556,-8.562519073486328,-0.06251895427703857,assist,no
4447,0,0,0.047425875197120895,-3.1824193000793457,-0.18241934478282928,assist,no
4448,0,0,0.0005527786739698072,-7.590165615081787,-0.09016568213701248,assist,no
4449,0,0,0.0006263341068094889,-7.446292400360107,-0.07129231840372086,assist,no
4450,0,0,0.00020342693107964802,-8.562607765197754,-0.0626075342297554,assist,no
4451,0,0,0.0534033328129234,-3.1465702056884766,-0.27157026529312134,assist,no
4452,0,0,0.00017952791719023358,-8.674091339111328,-0.049091048538684845,assist,no
4453,0,0,0.06754668550840877,-2.811739444732666,-0.18673935532569885,assist,no
4454,0,0,0.020332357201260174,-4.100787162780762,-0.22578735649585724,assist,no
4455,0,0,0.008577483766375987,-4.96158504486084,-0.21158485114574432,assist,no
4456,0,0,0.00020342694623305284,-8.570464134216309,-0.07046397775411606,assist,no
4457,0,0,7.484620297594631e-05,-9.58931827545166,-0.08931794762611389,assist,no
4458,0,0,0.0028009267174000135,-6.1915788650512695,-0.31657877564430237,assist,no
4459,0,0,0.3486451217982255,-1.1188669204711914,-0.49386686086654663,assist,no
4460,0,0,0.46879062662624377,-0.9648096561431885,-0.8398096561431885,assist,no
4461,0,0,0.0001088969254404357,-9.225552558898926,-0.10055270045995712,assist,no
4462,0,0,0.0046095728630878175,-5.606534004211426,-0.23153415322303772,assist,no
4463,0,0,0.0013250226932681422,-7.0551934242248535,-0.43019363284111023,assist,no
4464,0,0,0.0009110510655488055,-7.063877105712891,-0.06387696415185928,assist,no
4465,0,0,0.0002611903074226522,-8.305983543395996,-0.05598349869251251,assist,no
4466,0,0,0.02595735682104226,-3.825547695159912,-0.20054768025875092,assist,no
4467,0,0,0.015906388096385633,-4.230777740478516,-0.10577750951051712,assist,no
4468,0,0,0.0015011824689269003,-6.6155805587768555,-0.11558070033788681,assist,no
4469,0,0,0.0052201253453489395,-5.371585369110107,-0.12158530205488205,assist,no
4470,0,0,0.00017952800946720594,-8.704418182373047,-0.07941840589046478,assist,no
4471,0,0,7.484625371810311e-05,-9.579283714294434,-0.07928406447172165,assist,no
4472,0,0,0.0003353500305578816,-8.143583297729492,-0.1435829997062683,assist,no
4473,0,0,0.0031726824419085657,-5.834752559661865,-0.08475243300199509,assist,no
4474,0,0,0.00048785714458053967,-7.704906463623047,-0.07990650832653046,assist,no
4475,0,0,0.1645164506075047,-2.02248215675354,-0.3974820673465729,assist,no
4476,0,0,0.0009110510587671301,-7.128560543060303,-0.1285603940486908,assist,no
4477,0,0,0.0005527787562947218,-7.563355922698975,-0.06335613876581192,assist,no
4478,0,0,0.004070138319925425,-5.666070938110352,-0.1660710871219635,assist,no
4479,0,0,0.0009110512757807642,-7.101871490478516,-0.10187157988548279,assist,no
4480,0,0,0.0013250222200310669,-6.939978122711182,-0.3149779736995697,assist,no
4481,0,0,0.0035936034351228795,-5.809767723083496,-0.1847679615020752,assist,no
4482,0,0,0.0002959572534924927,-8.180635452270508,-0.05563592538237572,assist,no
4483,0,0,0.0011695103520889172,-6.841184139251709,-0.09118421375751495,assist,no
4484,0,0,0.00023050670825703587,-8.488419532775879,-0.11341947317123413,assist,no
4485,0,0,0.0007096704043842924,-7.3135666847229,-0.06356669217348099,assist,no
4486,0,0,0.0004305571646941183,-7.877886772155762,-0.12788696587085724,assist,no
4487,0,0,0.0003353500954984659,-8.143310546875,-0.14331044256687164,assist,no
4488,0,0,0.0002034269295643076,-8.600951194763184,-0.10095095634460449,assist,no
4489,0,0,0.00012339454657030597,-9.31364917755127,-0.31364893913269043,assist,no
4490,0,0,0.0002034270295767993,-8.62746524810791,-0.12746550142765045,assist,no
4491,0,0,0.0004878570682865859,-7.715031147003174,-0.09003103524446487,assist,no
4492,0,0,0.014063625803542697,-4.491220951080322,-0.2412208616733551,assist,no
4493,0,0,0.0003353501104847565,-8.101076126098633,-0.10107606649398804,assist,no
4494,0,0,0.0021827165751612514,-6.208399295806885,-0.08339935541152954,assist,no
4495,0,0,0.0001795278877686002,-8.725624084472656,-0.10062362998723984,assist,no
4496,0,0,0.00010889688244382497,-9.238232612609863,-0.11323235929012299,assist,no
4497,0,0,0.0024726233771578993,-6.0482563972473145,-0.048256486654281616,assist,no
4498,0,0,0.00970847848715727,-4.687417507171631,-0.06241771578788757,assist,no
4499,0,0,0.000911051289344118,-7.090633869171143,-0.09063397347927094,assist,no
4500,0,0,0.0003799844921116293,-8.002615928649902,-0.12761586904525757,assist,no
4501,0,0,0.0021827159585349845,-6.289622783660889,-0.16462256014347076,assist,no
4502,0,0,0.00033535000058530843,-8.20215892791748,-0.20215854048728943,assist,no
4503,0,0,0.00359360311498431,-5.9422688484191895,-0.3172689974308014,assist,no
4504,0,0,0.012431651676429884,-4.476180076599121,-0.10118014365434647,assist,no
4505,0,0,0.06754668926255561,-3.0417425632476807,-0.4167425334453583,assist,no
4506,0,0,0.00015843615064776263,-8.893146514892578,-0.1431460827589035,assist,no
4507,0,0,0.06754668644694548,-2.7900428771972656,-0.16504280269145966,assist,no
4508,0,0,0.0035936023679944244,-5.7434773445129395,-0.11847728490829468,assist,no
4509,0,0,0.00013982207773054908,-8.988436698913574,-0.11343671381473541,assist,no
4510,0,0,0.00015843616481081468,-8.893463134765625,-0.14346279203891754,assist,no
4511,0,0,0.00015843624742864355,-8.893413543701172,-0.1434137225151062,assist,no
4512,0,0,0.0001233945410548207,-9.143045425415039,-0.14304514229297638,assist,no
4513,0,0,0.0002034269295643076,-8.62762451171875,-0.1276242733001709,assist,no
4514,0,0,0.00015843620729997842,-8.877379417419434,-0.12737934291362762,assist,no
4515,0,0,0.0001584361724824684,-8.793453216552734,-0.043452922254800797,assist,no
4516,0,0,0.0011695099865486702,-6.894664764404297,-0.14466452598571777,assist,no
4517,0,0,0.03308597743528921,-3.6647448539733887,-0.2897448241710663,assist,no
4518,0,0,0.010986943844989052,-4.598509311676025,-0.09850942343473434,assist,no
4519,0,0,0.029312233295254994,-3.637587785720825,-0.13758787512779236,assist,no
4520,0,0,0.0024726236344349032,-6.146630764007568,-0.14663095772266388,assist,no
4521,0,0,0.0028009265509193865,-6.130632400512695,-0.2556322515010834,assist,no
4522,0,0,0.02595735606753309,-3.796299934387207,-0.17129988968372345,assist,no
4523,0,0,0.029312231175339414,-3.720099449157715,-0.22009946405887604,assist,no
4524,0,0,0.014063628696182679,-4.428032875061035,-0.1780329942703247,assist,no
4525,0,0,0.00013982206939766936,-9.018143653869629,-0.14314360916614532,assist,no
4526,0,0,0.025957355314023947,-3.766270875930786,-0.14127080142498016,assist,no
4527,0,0,0.00970847719778945,-4.796726703643799,-0.1717267781496048,assist,no
4528,0,0,0.0004878570937179025,-7.827381610870361,-0.20238155126571655,assist,no
4529,0,0,0.00020342698108588805,-8.589527130126953,-0.08952714502811432,assist,no
4530,0,0,0.0006263340578413767,-7.43134880065918,-0.056348640471696854,assist,no
4531,0,1,0.5926665999540697,-0.945776104927063,-1.320776104927063,assist,Yes
4532,0,0,0.00017952796533473502,-8.738378524780273,-0.11337850242853165,assist,no
4533,0,0,0.037326888415033926,-3.3832855224609375,-0.1332855522632599,assist,no
4534,0,0,0.00037998455437227924,-8.036152839660645,-0.1611529439687729,assist,no
4535,0,0,0.09534945975773548,-2.5399105548858643,-0.2899104952812195,assist,no
4536,0,0,0.0008040860074623171,-7.305952548980713,-0.18095263838768005,assist,no
4537,0,0,0.0017007224873342032,-6.466742038726807,-0.09174208343029022,assist,no
4538,0,0,0.0002305066910869072,-8.502418518066406,-0.1274183839559555,assist,no
4539,0,0,0.002472623671188763,-6.074528694152832,-0.07452890276908875,assist,no
4540,0,0,0.2689414330889798,-1.3595125675201416,-0.3595126271247864,assist,no
4541,0,0,0.0010322309752925658,-7.019529342651367,-0.1445292830467224,assist,no
4542,0,0,0.01798620785653302,-4.154162406921387,-0.15416228771209717,assist,no
4543,0,0,0.001501182323744328,-6.581757068634033,-0.08175711333751678,assist,no
4544,0,0,0.00012339453645858313,-9.079224586486816,-0.07922426611185074,assist,no
4545,0,0,0.00020342694774839332,-8.660736083984375,-0.16073593497276306,assist,no
4546,0,0,9.610245487673098e-05,-9.320297241210938,-0.07029765099287033,assist,no
4547,0,0,0.46879062662624377,-1.1960575580596924,-1.0710575580596924,assist,no
4548,0,0,0.0009110513707242452,-7.181130886077881,-0.18113107979297638,assist,no
4549,0,0,0.003593602528063672,-5.830850601196289,-0.20585058629512787,assist,no
4550,0,0,0.00013982200898430603,-9.076885223388672,-0.20188474655151367,assist,no
4551,0,0,0.0002959571741340757,-8.174272537231445,-0.04927274212241173,assist,no
4552,0,0,6.605217438031387e-05,-9.850798606872559,-0.2257990539073944,assist,no
4553,0,0,0.0008040859476014153,-7.286542892456055,-0.16154290735721588,assist,no
4554,0,0,0.005911067761729742,-5.247194290161133,-0.12219410389661789,assist,no
4555,0,0,0.0017007220825400275,-6.440107345581055,-0.06510715186595917,assist,no
4556,0,0,0.004070137413881512,-5.706533432006836,-0.20653335750102997,assist,no
4557,0,0,0.0008040858338657143,-7.205506801605225,-0.08050667494535446,assist,no
4558,0,0,0.0005527785381337246,-7.6809210777282715,-0.18092089891433716,assist,no
4559,0,0,0.042087731520181665,-3.2669763565063477,-0.14197644591331482,assist,no
4560,0,0,0.0028009274249427897,-5.968629837036133,-0.09363000094890594,assist,no
4561,0,0,0.015906393811096483,-4.253632068634033,-0.12863220274448395,assist,no
4562,0,0,0.000487857213608413,-7.738703727722168,-0.11370391398668289,assist,no
4563,0,0,0.00591106981941633,-5.260809898376465,-0.13581006228923798,assist,no
4564,0,0,0.0003353501404573394,-8.202009201049805,-0.20200923085212708,assist,no
4565,0,0,8.481103540520188e-05,-9.517962455749512,-0.14296238124370575,assist,no
4566,0,0,0.1329642333263228,-2.162801504135132,-0.28780144453048706,assist,no
4567,0,0,0.00020342692047226534,-8.60072135925293,-0.100721076130867,assist,no
4568,0,0,0.00015843615300827117,-8.910626411437988,-0.16062599420547485,assist,no
4569,0,0,0.4378235137849365,-1.1545000076293945,-0.9045000672340393,assist,no
4570,0,0,0.0004305569979551276,-7.839873790740967,-0.08987359702587128,assist,no
4571,0,0,0.000230506661039185,-8.418610572814941,-0.043610308319330215,assist,no
4572,0,0,0.09534945718704857,-2.5601634979248047,-0.3101634085178375,assist,no
4573,0,0,0.0010322310444376016,-6.906369686126709,-0.03136969357728958,assist,no
4574,0,0,0.0009110511537105887,-7.114332675933838,-0.11433263123035431,assist,no
4575,0,0,0.0031726823476552492,-5.83443021774292,-0.08443006128072739,assist,no
4576,0,0,0.00017952801481659712,-8.768226623535156,-0.14322687685489655,assist,no
4577,0,0,0.001700722234337832,-6.504725933074951,-0.12972582876682281,assist,no
4578,0,0,0.0006263342700365574,-7.689387321472168,-0.3143875002861023,assist,no
4579,0,0,0.0002611902354387494,-8.32974910736084,-0.07974878698587418,assist,no
4580,0,0,0.0003799843675903602,-8.036126136779785,-0.16112574934959412,assist,no
4581,0,0,0.00026119040275271617,-8.350725173950195,-0.10072549432516098,assist,no
4582,0,0,0.0011695100561753752,-6.841035842895508,-0.09103566408157349,assist,no
4583,0,0,0.0021827164777991977,-6.255115032196045,-0.13011504709720612,assist,no
4584,0,0,3.535624099538022e-05,-10.320182800292969,-0.07018252462148666,assist,no
4585,0,0,0.002182716696863825,-6.1673970222473145,-0.042397137731313705,assist,no
4586,0,0,9.610243268227503e-05,-9.563718795776367,-0.3137189745903015,assist,no
4587,0,0,0.08509903804604459,-2.5294337272644043,-0.15443363785743713,assist,no
4588,0,0,0.005220124494170363,-5.371097087860107,-0.12109685689210892,assist,no
4589,0,0,0.0002034269113802235,-8.680176734924316,-0.18017640709877014,assist,no
4590,0,0,0.0019267350645012428,-6.477953910827637,-0.22795411944389343,assist,no
4591,0,0,9.610237755413244e-05,-9.312545776367188,-0.06254538148641586,assist,no
4592,0,0,5.8291280426608036e-05,-9.863203048706055,-0.11320330202579498,assist,no
4593,0,0,0.002182716867247439,-6.329651832580566,-0.20465202629566193,assist,no
4594,0,0,0.09534945718704857,-2.5626862049102783,-0.31268611550331116,assist,no
4595,0,0,0.04742587788985982,-3.194049596786499,-0.19404970109462738,assist,no
4596,0,0,0.06754669020109236,-2.860867738723755,-0.2358677238225937,assist,no
4597,0,0,0.00010889692625169268,-9.377382278442383,-0.25238242745399475,assist,no
4598,0,0,0.007577240931698369,-5.045749664306641,-0.17074961960315704,assist,no
4599,0,0,0.00043055704925942556,-7.877938747406006,-0.1279386729001999,assist,no
4600,0,0,0.00037998465059330366,-8.127799034118652,-0.252799391746521,assist,no
4601,0,0,0.00010889691489409565,-9.20456600189209,-0.07956604659557343,assist,no
4602,0,0,0.18242552380635632,-1.9543555974960327,-0.4543555974960327,assist,no
4603,0,0,0.0004878571881770901,-7.753032207489014,-0.12803234159946442,assist,no
4604,0,0,0.0004878570501213606,-7.78615665435791,-0.16115650534629822,assist,no
4605,0,0,0.00017952803353946743,-8.785818099975586,-0.1608184576034546,assist,no
4606,0,0,0.00017952789980472237,-8.695413589477539,-0.07041320204734802,assist,no
4607,0,0,0.015906394044350028,-4.263152599334717,-0.13815274834632874,assist,no
4608,0,0,0.00020342706594499022,-8.613557815551758,-0.11355824768543243,assist,no
4609,0,0,0.0035936026347765083,-5.700621604919434,-0.07562161982059479,assist,no
4610,0,0,0.00023050666361470388,-8.577013969421387,-0.20201371610164642,assist,no
4611,0,0,0.02297736857193652,-3.890925407409668,-0.1409253478050232,assist,no
4612,0,0,0.0004305570749115768,-7.976319789886475,-0.22631977498531342,assist,no
4613,0,0,0.0031726830309918535,-5.897433280944824,-0.147433340549469,assist,no
4614,0,0,0.0003799845430521603,-8.05545425415039,-0.1804543286561966,assist,no
4615,0,0,0.0007096702300220753,-7.476751327514648,-0.22675108909606934,assist,no
4616,0,0,0.0002305067460313235,-8.555468559265137,-0.18046866357326508,assist,no
4617,0,0,0.007577242500456555,-5.014986991882324,-0.13998715579509735,assist,no
4618,0,0,0.00048785714458053967,-7.753621578216553,-0.12862162292003632,assist,no
4619,0,0,0.00023050673916327072,-8.454479217529297,-0.07947929203510284,assist,no
4620,0,0,0.00017952804958764354,-8.850727081298828,-0.22572752833366394,assist,no
4621,0,0,0.2689414096510108,-1.6545186042785645,-0.6545185446739197,assist,no
4622,0,0,0.00043055699154209085,-7.9109086990356445,-0.16090849041938782,assist,no
4623,0,0,4.539785348230636e-05,-10.043195724487305,-0.043195389211177826,assist,no
4624,0,0,0.00020342705988362467,-8.680293083190918,-0.1802934855222702,assist,no
4625,0,0,0.0011695104913423747,-6.8787713050842285,-0.12877149879932404,assist,no
4626,0,0,0.00015843619313692258,-8.89323902130127,-0.1432388573884964,assist,no
4627,0,0,0.00017952799341903347,-8.785871505737305,-0.16087163984775543,assist,no
4628,0,0,0.00010889692787420664,-9.326851844787598,-0.2018520087003708,assist,no
4629,0,0,0.00037998459965275826,-7.9647674560546875,-0.08976767957210541,assist,no
4630,0,0,0.000709670367398364,-7.4524664878845215,-0.2024664431810379,assist,no
4631,0,0,0.0004305570043681645,-8.063957214355469,-0.3139570355415344,assist,no
4632,0,0,0.005911068155754778,-5.277360916137695,-0.15236079692840576,assist,no
4633,0,0,0.0008040858218935361,-7.239184856414795,-0.11418471485376358,assist,no
4634,0,0,5.8291291717851875e-05,-9.82017707824707,-0.07017752528190613,assist,no
4635,0,0,0.0013250224172131609,-7.149497985839844,-0.5244979858398438,assist,no
4636,0,0,0.00026119040858925185,-8.320967674255371,-0.07096801698207855,assist,no
4637,0,0,0.00013982207043927928,-8.975735664367676,-0.1007356271147728,assist,no
4638,0,0,0.0005527785381337246,-7.680951118469238,-0.18095093965530396,assist,no
4639,0,0,0.006692852113050128,-5.209824562072754,-0.20982474088668823,assist,no
4640,0,0,0.00012339459253269303,-9.089326858520508,-0.08932699263095856,assist,no
4641,0,0,0.007577239474994629,-5.086133003234863,-0.21113276481628418,assist,no
4642,0,0,0.0007096703991005882,-7.364036560058594,-0.11403656005859375,assist,no
4643,0,0,0.03308597648187432,-3.4732909202575684,-0.09829086065292358,assist,no
4644,0,0,0.2942149597859341,-1.4960765838623047,-0.6210765242576599,assist,no
4645,0,0,0.017986209172507078,-4.223927021026611,-0.22392697632312775,assist,no
4646,0,0,0.0004305571775201972,-7.830598831176758,-0.08059905469417572,assist,no
4647,0,0,0.00017952801749129276,-8.752419471740723,-0.12741973996162415,assist,no
4648,0,0,0.00037998459116266807,-7.937986850738525,-0.06298705190420151,assist,no
4649,0,0,0.0013250226193248379,-6.665199279785156,-0.04019943252205849,assist,no
4650,0,0,0.0006263341114731189,-7.555789947509766,-0.18078987300395966,assist,no
4651,0,0,0.0011695101083954067,-6.852385997772217,-0.10238586366176605,assist,no
4652,0,0,0.0006263342234002478,-7.556340217590332,-0.1813403218984604,assist,no
4653,0,0,0.004070138621940107,-5.665970802307129,-0.16597102582454681,assist,no
4654,0,0,0.0001584362733942558,-8.829317092895508,-0.07931743562221527,assist,no
4655,0,0,8.481107268364401e-05,-9.454256057739258,-0.07925642281770706,assist,no
4656,0,0,0.0010322312826038706,-7.077980041503906,-0.20298027992248535,assist,no
4657,0,0,0.015906391478561197,-4.264423847198486,-0.13942383229732513,assist,no
4658,0,0,0.2689414213699951,-1.5179243087768555,-0.5179243087768555,assist,no
4659,0,0,4.0063704765613184e-05,-10.180152893066406,-0.05515320599079132,assist,no
4660,0,0,0.000203427035638164,-8.680488586425781,-0.18048886954784393,assist,no
4661,0,0,0.00407013825952249,-5.648228168487549,-0.14822830259799957,assist,no
4662,0,0,6.605214091789345e-05,-9.752223014831543,-0.1272229552268982,assist,no
4663,0,0,1.0129988339300026e-05,-11.543148040771484,-0.04314778000116348,assist,no
4664,0,0,0.000139822111062073,-9.00232219696045,-0.12732245028018951,assist,no
4665,0,0,0.00037998450060171735,-7.964842796325684,-0.08984275907278061,assist,no
4666,0,0,0.0007096703356961413,-7.476786136627197,-0.2267860472202301,assist,no
4667,0,0,0.03732688948593843,-3.372107744216919,-0.12210780382156372,assist,no
4668,0,0,0.2942149845400438,-1.5141921043395996,-0.6391921639442444,assist,no
4669,0,0,0.008577486934330109,-4.922949314117432,-0.17294949293136597,assist,no
4670,0,0,0.00017952800679251044,-8.850924491882324,-0.22592470049858093,assist,no
4671,0,0,0.13296422989056964,-2.20865797996521,-0.3336578905582428,assist,no
4672,0,0,0.2689414213699951,-1.4616714715957642,-0.46167147159576416,assist,no
4673,0,0,0.05340333130637379,-3.110466480255127,-0.23546651005744934,assist,no
4674,0,0,0.00033535020539794506,-8.143448829650879,-0.14344905316829681,assist,no
4675,0,0,0.01243165222525929,-4.411951065063477,-0.036951176822185516,assist,no
4676,0,0,0.0002611903424418554,-8.475863456726074,-0.22586354613304138,assist,no
4677,0,0,0.0008040858218935361,-7.205721378326416,-0.08072123676538467,assist,no
4678,0,0,0.06008665522337757,-3.1246438026428223,-0.37464389204978943,assist,no
4679,0,0,0.0004878571954431821,-7.768642425537109,-0.1436425745487213,assist,no
4680,0,0,0.00013982203398293596,-8.954345703125,-0.07934540510177612,assist,no
4681,0,0,5.82912673982525e-05,-9.829205513000488,-0.07920554280281067,assist,no
4682,0,0,0.0006263340741640804,-7.503044128417969,-0.128043994307518,assist,no
4683,0,0,0.0019267343194643127,-6.533596992492676,-0.28359681367874146,assist,no
4684,0,0,0.0035936018877867223,-5.772512435913086,-0.14751224219799042,assist,no
4685,0,0,2.7535692755793414e-05,-10.61304759979248,-0.11304765939712524,assist,no
4686,0,0,0.0001233945815017186,-9.079219818115234,-0.07921986281871796,assist,no
4687,0,0,0.0005527786204586191,-7.680772304534912,-0.18077227473258972,assist,no
4688,0,0,8.481107205180587e-05,-9.656545639038086,-0.2815459966659546,assist,no
4689,0,0,0.020332350374504305,-4.001396656036377,-0.12639650702476501,assist,no
4690,0,0,0.00857748598394375,-4.827493667602539,-0.07749373465776443,assist,no
4691,0,0,0.0004878570573874506,-7.76871395111084,-0.1437138170003891,assist,no
4692,0,0,0.0002959571840538766,-8.326972961425781,-0.20197319984436035,assist,no
4693,0,0,0.0002034269780552065,-8.660672187805176,-0.16067218780517578,assist,no
4694,0,0,0.00012339461091765268,-9.143064498901367,-0.14306478202342987,assist,no
4695,0,0,0.042087729117139754,-3.512589693069458,-0.3875897228717804,assist,no
4696,0,0,0.0002959570517898911,-8.204649925231934,-0.07964971661567688,assist,no
4697,0,0,0.0007096704836398597,-7.340274810791016,-0.09027493000030518,assist,no
4698,0,0,0.0002034270386688464,-8.725957870483398,-0.22595816850662231,assist,no
4699,0,0,0.08509904732734556,-2.7042250633239746,-0.329225093126297,assist,no
4700,0,0,0.002800926967120973,-6.159605979919434,-0.2846059799194336,assist,no
4701,0,0,0.0005527785792961704,-7.627854347229004,-0.12785424292087555,assist,no
4702,0,0,0.0004878571554796769,-7.7150163650512695,-0.0900164321064949,assist,no
4703,0,0,5.829128824362278e-05,-9.8630952835083,-0.11309567093849182,assist,no
4704,0,0,0.07585818419975078,-2.7964160442352295,-0.29641610383987427,assist,no
4705,0,0,6.605213501276218e-05,-9.714203834533691,-0.08920368552207947,assist,no
4706,0,0,0.32082130082460697,-1.5018268823623657,-0.7518268823623657,assist,no
4707,0,0,2.144494906000952e-05,-10.812097549438477,-0.06209757924079895,assist,no
4708,0,0,0.14804719427274565,-2.1205990314483643,-0.37059900164604187,assist,no
4709,0,0,0.0008040861152119515,-7.286506175994873,-0.16150639951229095,assist,no
4710,0,0,0.001169510421715644,-6.87894344329834,-0.1289435774087906,assist,no
4711,0,0,6.605217093565217e-05,-9.714203834533691,-0.08920422941446304,assist,no
4712,0,0,0.0015011821673938809,-6.644876956939697,-0.1448768973350525,assist,no
4713,0,0,0.029312229903390143,-3.6484484672546387,-0.14844843745231628,assist,no
4714,0,0,0.0003799845430521603,-7.988625526428223,-0.11362560093402863,assist,no
4715,0,0,0.0003799845487122197,-8.077218055725098,-0.20221814513206482,assist,no
4716,0,0,0.014063624357222927,-4.36379337310791,-0.11379317939281464,assist,no
4717,0,0,0.0002611904222078356,-8.363449096679688,-0.11344949156045914,assist,no
4718,0,0,0.0017007225126338423,-6.504591941833496,-0.12959200143814087,assist,no
4719,0,0,0.0006263342513820332,-7.518953800201416,-0.14395394921302795,assist,no
4720,0,0,0.0001233945208313767,-9.143159866333008,-0.143159419298172,assist,no
4721,0,0,0.00012339462148900572,-9.062374114990234,-0.06237448379397392,assist,no
4722,0,0,0.09534945718704857,-2.474663019180298,-0.2246629297733307,assist,no
4723,0,0,0.00015843625923119402,-8.863591194152832,-0.11359144747257233,assist,no
4724,0,0,6.605213181414965e-05,-9.65501880645752,-0.030018609017133713,assist,no
4725,0,0,0.0474258704848281,-3.336392402648926,-0.336392343044281,assist,no
4726,0,0,0.017986209962091555,-4.273218631744385,-0.27321863174438477,assist,no
4727,0,0,0.00033535016043906285,-8.202098846435547,-0.20209893584251404,assist,no
4728,0,0,0.0001233946099984046,-9.08946418762207,-0.0894644632935524,assist,no
4729,0,0,0.00048785716637881444,-7.753159999847412,-0.12816008925437927,assist,no
4730,0,0,0.0004878571373144484,-7.768537521362305,-0.14353755116462708,assist,no
4731,0,0,0.004609572589602362,-5.525665283203125,-0.15066537261009216,assist,no
4732,0,0,0.0010322309445614404,-7.003777980804443,-0.1287778913974762,assist,no
4733,0,0,0.000804086127184134,-7.327648162841797,-0.20264840126037598,assist,no
4734,0,0,0.010986942306754304,-4.738801002502441,-0.23880097270011902,assist,no
4735,0,0,0.00037998465059330366,-8.036053657531738,-0.16105401515960693,assist,no
4736,0,0,0.00037998462229299983,-8.018499374389648,-0.14349965751171112,assist,no
4737,0,0,0.0005527786451560899,-7.613819122314453,-0.11381913721561432,assist,no
4738,0,0,7.484620297594631e-05,-9.61312484741211,-0.11312451958656311,assist,no
4739,0,0,0.01798620759333822,-4.246759414672852,-0.24675928056240082,assist,no
4740,0,0,0.0004305570556724632,-7.911134243011475,-0.16113418340682983,assist,no
4741,0,0,0.00029595707383388455,-8.285892486572266,-0.16089235246181488,assist,no
4742,0,0,0.0059110695567328965,-5.215994834899902,-0.0909949541091919,assist,no
4743,0,0,0.004609571290546667,-5.524871826171875,-0.14987163245677948,assist,no
4744,0,0,0.00026119033076878715,-8.43057918548584,-0.18057923018932343,assist,no
4745,0,0,0.0002611902918585634,-8.31259822845459,-0.06259812414646149,assist,no
4746,0,0,0.004609571256360996,-5.496795654296875,-0.12179545313119888,assist,no
4747,0,0,0.0004305569787160175,-7.877773284912109,-0.12777304649353027,assist,no
4748,0,0,0.00033535003555331067,-8.143472671508789,-0.14347238838672638,assist,no
4749,0,0,0.0001584361860553951,-8.877458572387695,-0.1274583637714386,assist,no
4750,0,0,0.042087729117139754,-3.55131196975708,-0.42631199955940247,assist,no
4751,0,0,0.00013982205689835065,-9.10107421875,-0.22607408463954926,assist,no
4752,0,0,0.0007096703991005882,-7.452580451965332,-0.20258045196533203,assist,no
4753,0,0,0.004609571119618313,-5.471199989318848,-0.09619975835084915,assist,no
4754,0,0,0.0002959571807472763,-8.163846015930176,-0.03884624317288399,assist,no
4755,0,0,0.0003353502203842404,-8.113645553588867,-0.11364582180976868,assist,no
4756,0,0,0.007577242388402388,-5.012268543243408,-0.13726869225502014,assist,no
4757,0,0,0.20181322226037882,-1.862532615661621,-0.4875326156616211,assist,no
4758,0,0,0.0002611903074226522,-8.476475715637207,-0.22647567093372345,assist,no
4759,0,0,0.22270012850745968,-1.8034906387329102,-0.5534905791282654,assist,no
4760,0,0,0.03732689055684297,-3.4978859424591064,-0.2478860318660736,assist,no
4761,0,0,0.0003353501179779019,-8.113523483276367,-0.1135234460234642,assist,no
4762,0,0,0.00037998457418248816,-7.976082801818848,-0.10108295828104019,assist,no
4763,0,0,0.00026119024516630264,-8.363465309143066,-0.11346502602100372,assist,no
4764,0,0,0.0002305066670487291,-8.518163681030273,-0.14316344261169434,assist,no
4765,0,0,0.32082130082460697,-1.3747265338897705,-0.6247265338897705,assist,no
4766,0,0,0.00020342690228818204,-8.57946491241455,-0.07946453988552094,assist,no
4767,0,0,0.00010889685972864123,-9.326790809631348,-0.20179034769535065,assist,no
4768,0,0,0.00026119022571119644,-8.35088062286377,-0.10088026523590088,assist,no
4769,0,0,0.00020342701139270623,-8.613519668579102,-0.1135198324918747,assist,no
4770,0,0,0.006692852509305267,-5.124087333679199,-0.12408757209777832,assist,no
4771,0,0,0.007577242388402388,-5.135942459106445,-0.26094260811805725,assist,no
4772,0,0,0.00017952801749129276,-8.680386543273926,-0.05538681149482727,assist,no
4773,0,0,0.07585818002124356,-2.826669692993164,-0.32666969299316406,assist,no
4774,0,0,0.0002959571091042776,-8.226123809814453,-0.10112379491329193,assist,no
4775,0,0,0.020332356310813628,-4.009200096130371,-0.13420024514198303,assist,no
4776,0,0,0.002472623487419469,-6.130836009979248,-0.1308361440896988,assist,no
4777,0,0,0.0675466911396291,-2.964228630065918,-0.33922863006591797,assist,no
4778,0,0,0.0008040857560465596,-7.3277106285095215,-0.20271040499210358,assist,no
4779,0,0,0.007577239699102878,-5.012942790985107,-0.1379425823688507,assist,no
4780,0,0,0.00033535021788652446,-8.070806503295898,-0.07080676406621933,assist,no
4781,0,0,0.00048785714094749403,-7.739750385284424,-0.11475042253732681,assist,no
4782,0,0,0.001700722341861285,-6.433583736419678,-0.05858369544148445,assist,no
4783,0,0,0.00013982202096281566,-8.937260627746582,-0.06226023659110069,assist,no
4784,0,0,0.00015843625628055635,-8.812450408935547,-0.06245064362883568,assist,no
4785,0,0,0.0004305570043681645,-7.851088523864746,-0.10108834505081177,assist,no
4786,0,0,0.00857748414653042,-4.92173957824707,-0.17173942923545837,assist,no
4787,0,0,0.0002611902762944756,-8.393280029296875,-0.14327986538410187,assist,no
4788,0,0,0.0010322309676097843,-6.915505886077881,-0.04050581902265549,assist,no
4789,0,0,0.00029595698124912297,-8.286072731018066,-0.1610722839832306,assist,no
4790,0,0,0.0010322310982170768,-6.976970672607422,-0.10197073221206665,assist,no
4791,0,0,0.0015011823572479975,-6.591465950012207,-0.0914660170674324,assist,no
4792,0,0,0.0002034269659324807,-8.570470809936523,-0.07047075033187866,assist,no
4793,0,0,0.00013982208814664943,-9.002482414245605,-0.12748250365257263,assist,no
4794,0,0,0.0007096702353057783,-7.3406453132629395,-0.09064508229494095,assist,no
4795,0,0,5.144219151344447e-05,-9.988146781921387,-0.1131463497877121,assist,no
4796,0,0,0.0001088968710862325,-9.252516746520996,-0.12751638889312744,assist,no
4797,0,0,0.00970847719778945,-4.861129283905029,-0.23612935841083527,assist,no
4798,0,0,0.0008040859356292355,-7.226675510406494,-0.10167551040649414,assist,no
4799,0,0,0.00010889689948021586,-9.204272270202637,-0.07927217334508896,assist,no
4800,0,0,8.481106573342475e-05,-9.502196311950684,-0.12719659507274628,assist,no
4801,0,0,0.00015843627811527666,-8.893118858337402,-0.1431192308664322,assist,no
4802,0,0,0.009708476194947928,-4.7818169593811035,-0.15681692957878113,assist,no
4803,0,0,0.0850990438468576,-2.5986578464508057,-0.22365783154964447,assist,no
4804,0,0,0.00015843626159170427,-8.893122673034668,-0.14312294125556946,assist,no
4805,0,0,0.0009110510723304808,-7.202909469604492,-0.20290933549404144,assist,no
4806,0,0,0.0011695101780221189,-6.977133274078369,-0.22713319957256317,assist,no
4807,0,0,0.00023050673229521818,-8.535844802856445,-0.1608448475599289,assist,no
4808,0,0,0.000139822140227163,-8.945486068725586,-0.07048653066158295,assist,no
4809,0,0,0.11920291576401235,-2.468806505203247,-0.4688064455986023,assist,no
4810,0,0,0.000295957113513077,-8.268339157104492,-0.1433391571044922,assist,no
4811,0,0,0.007577241940185738,-5.012771129608154,-0.13777121901512146,assist,no
4812,0,0,0.05340333130637379,-3.057490825653076,-0.18249085545539856,assist,no
4813,0,0,0.0015011820892186637,-6.557843208312988,-0.05784309655427933,assist,no
4814,0,0,0.0001398220464822526,-9.12798023223877,-0.2529800236225128,assist,no
4815,0,0,0.006692849735519792,-5.046503067016602,-0.046502888202667236,assist,no
4816,0,0,0.00015843616953183228,-8.930174827575684,-0.18017451465129852,assist,no
4817,0,0,0.029312229903390143,-3.6799018383026123,-0.17990180850028992,assist,no
4818,0,0,0.00013982211002046277,-8.945239067077637,-0.07023931294679642,assist,no
4819,0,0,0.00026119021792915444,-8.377735137939453,-0.12773475050926208,assist,no
4820,0,0,0.000203427035638164,-8.562453269958496,-0.06245355308055878,assist,no
4821,0,0,0.0024726232301424803,-6.130608081817627,-0.13060811161994934,assist,no
4822,0,0,0.1329642436335826,-2.2541942596435547,-0.3791942894458771,assist,no
4823,0,0,0.0004878570791857214,-7.78632926940918,-0.16132918000221252,assist,no
4824,0,0,7.48461996303108e-05,-9.627222061157227,-0.12722168862819672,assist,no
4825,0,0,0.0003799845713524582,-8.07724380493164,-0.20224395394325256,assist,no
4826,0,0,0.008577486237380102,-4.834593296051025,-0.08459339290857315,assist,no
4827,0,0,0.0003799845204119235,-7.976189613342285,-0.10118962824344635,assist,no
4828,0,0,0.008577485540430151,-4.905409812927246,-0.1554098278284073,assist,no
4829,0,0,0.0015011819105324674,-6.602794170379639,-0.10279393941164017,assist,no
4830,0,0,0.22270013882530884,-1.8098769187927246,-0.5598769187927246,assist,no
4831,0,0,5.8291238735880546e-05,-9.850543022155762,-0.10054256021976471,assist,no
4832,0,0,0.029312231175339414,-3.687730550765991,-0.1877305656671524,assist,no
4833,0,0,0.0007096703092776232,-7.340631484985352,-0.09063135832548141,assist,no
4834,0,0,0.022977370913592487,-3.9620890617370605,-0.21208910644054413,assist,no
4835,0,0,0.00026119019847405025,-8.410794258117676,-0.16079379618167877,assist,no
4836,0,0,0.0001584362663127248,-8.812504768371582,-0.06250506639480591,assist,no
4837,0,0,0.0001088968645961802,-9.238337516784668,-0.11333709955215454,assist,no
4838,0,0,0.00013982203814937472,-9.018123626708984,-0.14312335848808289,assist,no
4839,0,1,0.6224593452091672,-0.966331422328949,-1.4663314819335938,assist,Yes
4840,0,0,0.025957358328060655,-3.824061393737793,-0.19906143844127655,assist,no
4841,0,0,0.010986940363721243,-4.739503860473633,-0.2395036518573761,assist,no
4842,0,0,0.00020342692804896722,-8.61325740814209,-0.11325716227293015,assist,no
4843,0,0,0.0005527785381337246,-7.752946853637695,-0.252946674823761,assist,no
4844,0,0,0.009708477054526368,-4.861581802368164,-0.23658186197280884,assist,no
4845,0,0,5.8291245684333055e-05,-9.877197265625,-0.12719692289829254,assist,no
4846,0,0,0.00010889692787420664,-9.225522994995117,-0.10052315890789032,assist,no
4847,0,0,0.05340333130637379,-3.0882601737976074,-0.2132602035999298,assist,no
4848,0,0,0.00033534998559902284,-8.101188659667969,-0.10118822753429413,assist,no
4849,0,0,0.0006263341674366807,-7.536343574523926,-0.16134358942508698,assist,no
4850,0,0,0.008577485160275657,-4.9043354988098145,-0.15433546900749207,assist,no
4851,0,0,0.00015843626749297994,-8.829496383666992,-0.07949668914079666,assist,no
4852,0,0,0.000230506756333403,-8.657026290893555,-0.2820264399051666,assist,no
4853,0,0,0.047425867792089564,-3.269101142883301,-0.26910102367401123,assist,no
4854,0,0,0.00023050665846366614,-8.424840927124023,-0.04984065145254135,assist,no
4855,0,0,0.00010889689948021586,-9.225526809692383,-0.10052671283483505,assist,no
4856,0,0,0.2689414330889798,-1.529163122177124,-0.5291631817817688,assist,no
4857,0,0,0.32082130082460697,-1.4431761503219604,-0.6931761503219604,assist,no
4858,0,0,0.0159063879797589,-4.26278018951416,-0.13777995109558105,assist,no
4859,0,0,0.02297736773563088,-3.861219644546509,-0.11121954768896103,assist,no
4860,0,0,0.0003353502029002292,-8.100831985473633,-0.10083220154047012,assist,no
4861,0,1,0.5312093733737563,-1.1108875274658203,-1.2358875274658203,assist,Yes
4862,0,0,0.00020342689168080085,-8.570513725280762,-0.0705133005976677,assist,no
4863,0,0,0.0004305571390419617,-7.93049430847168,-0.18049444258213043,assist,no
4864,0,0,0.04742587115801275,-3.240511178970337,-0.24051113426685333,assist,no
4865,0,0,0.07585817166422973,-2.6793212890625,-0.17932116985321045,assist,no
4866,0,0,0.0009110513300341806,-7.161603927612305,-0.16160407662391663,assist,no
4867,0,0,0.00026119029574958553,-8.452117919921875,-0.20211783051490784,assist,no
4868,0,0,0.025957356444287677,-3.7940189838409424,-0.16901895403862,assist,no
4869,0,0,0.0007096702511568873,-7.476712703704834,-0.22671249508857727,assist,no
4870,0,0,0.00020342689925750167,-8.643153190612793,-0.14315280318260193,assist,no
4871,0,0,0.004070138289723957,-5.5766730308532715,-0.07667317241430283,assist,no
4872,0,0,0.0002959570980822793,-8.214479446411133,-0.08947939425706863,assist,no
4873,0,0,0.0015011823125764385,-6.565004348754883,-0.0650043860077858,assist,no
4874,0,0,0.0011695103172755556,-6.977173805236816,-0.2271738499403,assist,no
4875,0,0,0.0011695100909887293,-7.003818988800049,-0.2538188397884369,assist,no
4876,0,0,0.007577242388402388,-5.000763416290283,-0.12576356530189514,assist,no
4877,0,0,0.0059110692064883365,-5.517888069152832,-0.3928881287574768,assist,no
4878,0,0,0.002472623303650189,-6.093168258666992,-0.09316831827163696,assist,no
4879,0,0,0.0028009267174000135,-6.130199909210205,-0.2551998198032379,assist,no
4880,0,0,0.009708477627578704,-4.798577308654785,-0.1735774278640747,assist,no
4881,0,0,0.005911069294049474,-5.260098934173584,-0.13509900867938995,assist,no
4882,0,0,0.008577486427457372,-4.90468692779541,-0.1546870470046997,assist,no
4883,0,0,0.001700722436734926,-6.490967273712158,-0.1159672886133194,assist,no
4884,0,0,0.007577239811157005,-5.065872669219971,-0.19087247550487518,assist,no
4885,0,0,0.0003353501204756171,-8.143377304077148,-0.14337727427482605,assist,no
4886,0,0,0.022977370913592487,-3.9052436351776123,-0.1552436798810959,assist,no
4887,0,0,0.00033535024036596866,-8.160823822021484,-0.16082414984703064,assist,no
4888,0,0,0.0008040858278796249,-7.286681175231934,-0.16168104112148285,assist,no
4889,0,0,0.00023050677350353656,-8.60094928741455,-0.2259495109319687,assist,no
4890,0,0,0.1480471980316895,-2.134546995162964,-0.38454699516296387,assist,no
4891,0,0,0.0002959571796450762,-8.252544403076172,-0.12754462659358978,assist,no
4892,0,0,0.0004878571373144484,-7.768466472625732,-0.1434665024280548,assist,no
4893,0,0,0.0474258704848281,-3.231365203857422,-0.2313651442527771,assist,no
4894,0,0,0.00012339456035902028,-9.089510917663574,-0.08951079100370407,assist,no
4895,0,0,0.0013250226045361775,-6.706516265869141,-0.08151640743017197,assist,no
4896,0,0,0.00029595714437467477,-8.25278091430664,-0.12778101861476898,assist,no
4897,0,0,0.06754668550840877,-3.0087032318115234,-0.3837031424045563,assist,no
4898,0,0,0.00015843628047578715,-8.87730884552002,-0.12730923295021057,assist,no
4899,0,0,0.00013982211939495527,-9.076871871948242,-0.20187218487262726,assist,no
4900,0,0,0.003593603275053591,-5.790547847747803,-0.16554804146289825,assist,no
4901,0,0,0.0035936022612815957,-5.85459566116333,-0.22959557175636292,assist,no
4902,0,0,9.610245129697967e-05,-9.35064697265625,-0.10064734518527985,assist,no
4903,0,0,3.120191464847811e-05,-10.554953575134277,-0.1799536794424057,assist,no
4904,0,0,0.32082130082460697,-1.538436770439148,-0.788436770439148,assist,no
4905,0,0,0.0002305066292744544,-8.48858642578125,-0.11358602344989777,assist,no
4906,0,0,0.00522012615783771,-5.457738876342773,-0.2077389657497406,assist,no
4907,0,0,0.0010322310982170768,-7.019219875335693,-0.14421993494033813,assist,no
4908,0,0,0.017986213252027258,-4.075788974761963,-0.07578916102647781,assist,no
4909,0,0,0.0011695103869022799,-6.894789218902588,-0.14478932321071625,assist,no
4910,0,0,0.0001795279238769691,-8.704363822937012,-0.07936356961727142,assist,no
4911,0,1,0.5926665999540697,-0.8769609928131104,-1.2519609928131104,assist,yes
4912,0,0,0.0001795279319010521,-8.725889205932617,-0.10088899731636047,assist,no
4913,0,0,0.00020342700457367177,-8.518503189086914,-0.01850331947207451,assist,no
4914,0,0,0.00026119024516630264,-8.452315330505371,-0.2023150473833084,assist,no
4915,0,0,0.00029595705619868965,-8.268359184265137,-0.1433589905500412,assist,no
4916,0,0,0.0003353501179779019,-8.113649368286133,-0.11364933103322983,assist,no
4917,0,0,0.007577242556483638,-4.988374710083008,-0.11337488144636154,assist,no
4918,0,0,0.00023050661897238054,-8.688789367675781,-0.31378892064094543,assist,no
4919,0,0,0.0059110692064883365,-5.444559574127197,-0.31955963373184204,assist,no
4920,0,0,0.0002611902296022176,-8.410923957824707,-0.16092361509799957,assist,no
4921,0,0,0.00017952803353946743,-8.768532752990723,-0.1435331106185913,assist,no
4922,0,0,0.042087725512577126,-3.486186981201172,-0.3611869215965271,assist,no
4923,0,0,0.00359360311498431,-5.7303853034973145,-0.10538545250892639,assist,no
4924,0,0,0.08509904152653235,-2.557741165161133,-0.18274112045764923,assist,no
4925,0,0,0.01098694327827096,-4.738909721374512,-0.2389097809791565,assist,no
4926,0,0,0.1645164792819756,-2.061924457550049,-0.4369245767593384,assist,no
4927,0,0,0.00017952795062391375,-8.687389373779297,-0.06238926947116852,assist,no
4928,0,0,0.015906388912772775,-4.397034168243408,-0.2720339894294739,assist,no
4929,0,0,0.00015843614592674554,-8.95193099975586,-0.20193053781986237,assist,no
4930,0,0,0.0003353500555350279,-8.226139068603516,-0.22613884508609772,assist,no
4931,0,0,0.00037998451192183504,-7.937944412231445,-0.06294440478086472,assist,no
4932,0,0,0.003172682866048522,-5.869010925292969,-0.11901093274354935,assist,no
4933,0,0,0.0011695101954287976,-7.064651012420654,-0.3146509528160095,assist,no
4934,0,0,0.004609572726345088,-5.472627639770508,-0.09762775897979736,assist,no
4935,0,0,0.0001088969092152976,-9.238357543945312,-0.1133575364947319,assist,no
4936,0,0,0.00020342693562566932,-8.813873291015625,-0.3138730823993683,assist,no
4937,0,1,0.679178699175393,-0.8976436853408813,-1.6476436853408813,assist,Yes
4938,0,0,0.025957354937269386,-3.7798116207122803,-0.1548115313053131,assist,no
4939,0,0,0.00017952788910594706,-8.75278377532959,-0.12778332829475403,assist,no
4940,0,0,0.2689414213699951,-1.4031803607940674,-0.4031803607940674,assist,no
4941,0,0,0.24508501313237172,-1.739280343055725,-0.6142803430557251,assist,no
4942,0,0,0.0004305570941506913,-7.893444061279297,-0.14344409108161926,assist,no
4943,0,0,0.00013982203606615533,-8.988273620605469,-0.11327333748340607,assist,no
4944,0,0,0.2942149597859341,-1.5285074710845947,-0.65350741147995,assist,no
4945,0,0,0.007577241267860811,-4.989299774169922,-0.11429977416992188,assist,no
4946,0,0,0.00026119024905732415,-8.430471420288086,-0.18047115206718445,assist,no
4947,0,0,0.00029595706942508576,-8.406899452209473,-0.2818993031978607,assist,no
4948,0,0,0.0003353500305578816,-8.313947677612305,-0.3139473795890808,assist,no
4949,0,0,0.13296423676207594,-2.188676595687866,-0.3136765658855438,assist,no
4950,0,0,0.0019267343767748358,-6.504518032073975,-0.25451788306236267,assist,no
4951,0,0,0.04742587587030561,-3.3083934783935547,-0.30839353799819946,assist,no
4952,0,0,0.00026119032298674196,-8.410819053649902,-0.16081906855106354,assist,no
4953,0,0,0.00023050676320145628,-8.464563369750977,-0.08956354856491089,assist,no
4954,0,0,0.00522012654473717,-5.385562896728516,-0.13556306064128876,assist,no
4955,0,0,0.1066905911052601,-2.4387826919555664,-0.313782662153244,assist,no
4956,0,0,0.00012339453370084066,-9.113260269165039,-0.1132599264383316,assist,no
4957,0,0,0.0009110512757807642,-7.128518581390381,-0.12851867079734802,assist,no
4958,0,0,0.0007096703885331799,-7.351818084716797,-0.10181806981563568,assist,no
4959,0,0,0.000911051289344118,-7.0721282958984375,-0.07212840020656586,assist,no
4960,0,0,0.0002959570870602814,-8.474072456359863,-0.3490723669528961,assist,no
4961,0,0,0.00048785718454404407,-7.726042747497559,-0.10104287415742874,assist,no
4962,0,0,0.0001398220287748877,-8.930368423461914,-0.0553680881857872,assist,no
4963,0,0,0.00048785721724145916,-7.851430416107178,-0.22643060982227325,assist,no
4964,0,0,0.4073334000459302,-1.242496371269226,-0.8674963712692261,assist,no
4965,0,0,0.001032230844685289,-6.976978778839111,-0.1019785925745964,assist,no
4966,0,0,0.00029595716641867513,-8.19560432434082,-0.07060450315475464,assist,no
4967,0,0,0.004070137172269837,-5.607212066650391,-0.10721193253993988,assist,no
4968,0,0,0.0002305067254271658,-8.437566757202148,-0.06256677210330963,assist,no
4969,0,0,4.5397863290832726e-05,-10.089156150817871,-0.08915603160858154,assist,no
4970,0,0,7.484626040937911e-05,-9.570259094238281,-0.07025953382253647,assist,no
4971,0,0,0.0004305569947486092,-7.840156078338623,-0.09015587717294693,assist,no
4972,0,0,0.0013250222003128587,-6.754096508026123,-0.12909634411334991,assist,no
4973,0,0,0.0019267349498801579,-6.3433380126953125,-0.09333816170692444,assist,no
4974,0,0,0.00023050681986290357,-8.454445838928223,-0.07944626361131668,assist,no
4975,0,0,4.006370700425751e-05,-10.18005084991455,-0.05505121871829033,assist,no
4976,0,0,0.000626334102145859,-7.577793121337891,-0.20279303193092346,assist,no
4977,0,0,7.48462531604968e-05,-9.589288711547852,-0.08928905427455902,assist,no
4978,0,0,0.00010889693923180502,-9.377435684204102,-0.25243595242500305,assist,no
4979,0,0,0.0010322311212654243,-6.977172374725342,-0.10217245668172836,assist,no
4980,0,0,4.539788662836952e-05,-10.079119682312012,-0.07912007719278336,assist,no
4981,0,0,7.484624368119025e-05,-9.555249214172363,-0.05524943023920059,assist,no
4982,0,0,0.014063630142502889,-4.384214401245117,-0.1342146247625351,assist,no
4983,0,0,0.00013982201002591554,-8.964305877685547,-0.08930540829896927,assist,no
4984,0,0,0.05340332678672523,-3.0847890377044678,-0.209788978099823,assist,no
4985,0,0,0.001169510204132137,-6.841020584106445,-0.09102053195238113,assist,no
4986,0,0,0.00023050682930647948,-8.424455642700195,-0.04945610836148262,assist,no
4987,0,1,0.8354835207180245,-0.6724601984024048,-2.2974600791931152,assist,Yes
4988,0,0,0.00015843620493946904,-8.952021598815918,-0.2020215094089508,assist,no
4989,0,0,0.00023050662412341742,-8.464717864990234,-0.08971744030714035,assist,no
4990,0,0,0.04208773272170267,-3.3768868446350098,-0.2518869638442993,assist,no
4991,0,0,0.00015843625923119402,-8.839489936828613,-0.08949019014835358,assist,no
4992,0,0,0.0013250221805946513,-6.852500915527344,-0.22750073671340942,assist,no
4993,0,0,0.0534033328129234,-3.2426228523254395,-0.36762291193008423,assist,no
4994,0,0,0.0001398220298164973,-9.002227783203125,-0.12722745537757874,assist,no
4995,0,0,0.008577483639657844,-4.9870452880859375,-0.2370450794696808,assist,no
4996,0,0,0.01590639357784294,-4.326642036437988,-0.20164215564727783,assist,no
4997,0,0,0.00013982207773054908,-8.975757598876953,-0.10075761377811432,assist,no
4998,0,0,0.00023050661897238054,-8.555246353149414,-0.18024590611457825,assist,no
4999,0,0,0.0004878572099753667,-7.696259498596191,-0.07125967741012573,assist,no
5000,0,0,0.006692850924284856,-5.528448581695557,-0.5284485816955566,assist,no
5001,0,0,0.00023050670482301,-8.437800407409668,-0.062800332903862,assist,no
5002,0,0,0.00017952805493703588,-8.768320083618164,-0.14332056045532227,assist,no
5003,0,0,0.000158436181334377,-8.9301176071167,-0.18011736869812012,assist,no
5004,0,1,0.5621765008857981,-0.8159360885620117,-1.0659360885620117,assist,yes
5005,0,0,0.08509903804604459,-2.6527793407440186,-0.2777792513370514,assist,no
5006,0,0,0.0011695100909887293,-6.894456386566162,-0.14445623755455017,assist,no
5007,0,0,0.20181323186177208,-1.795835018157959,-0.42083507776260376,assist,no
5008,0,0,0.0040701384407312935,-5.6847686767578125,-0.18476885557174683,assist,no
5009,0,0,0.012431648474925493,-4.520135402679443,-0.14513520896434784,assist,no
5010,0,0,0.00010889688244382497,-9.252309799194336,-0.12730954587459564,assist,no
5011,0,0,0.05340333431947304,-3.2482404708862305,-0.37324056029319763,assist,no
5012,0,0,0.00023050671684210068,-8.475831031799316,-0.10083100944757462,assist,no
5013,0,0,0.0035936033817664495,-5.85476541519165,-0.2297656387090683,assist,no
5014,0,0,0.0005527787110160173,-7.661581516265869,-0.16158165037631989,assist,no
5015,0,0,0.00010889692949672061,-9.225523948669434,-0.10052412748336792,assist,no
5016,0,0,0.00033535016043906285,-8.160935401916504,-0.16093549132347107,assist,no
5017,0,0,0.017986212857234944,-4.144227504730225,-0.14422766864299774,assist,no
5018,0,0,0.008577485033557495,-4.906083583831787,-0.15608353912830353,assist,no
5019,0,0,0.04208773031866069,-3.4825336933135986,-0.3575337529182434,assist,no
5020,0,0,0.0017007227656302545,-6.5208539962768555,-0.14585420489311218,assist,no
5021,0,0,0.0007096704625050409,-7.503042221069336,-0.2530423104763031,assist,no
5022,0,0,0.00015843617189234115,-8.975863456726074,-0.22586315870285034,assist,no
5023,0,0,0.00669285241024148,-5.101070880889893,-0.10107110440731049,assist,no
5024,0,0,0.0600866518571309,-3.0715339183807373,-0.3215339481830597,assist,no
5025,0,0,0.00012339463206035962,-9.038825035095215,-0.038825489580631256,assist,no
5026,0,0,0.00033534999059445133,-8.180563926696777,-0.18056350946426392,assist,no
5027,0,0,0.0006263341674366807,-7.446311950683594,-0.07131196558475494,assist,no
5028,0,0,7.484622974103572e-05,-9.752273559570312,-0.2522735893726349,assist,no
5029,0,0,0.00020342699320861479,-8.57046890258789,-0.0704689770936966,assist,no
5030,0,0,0.001032230798588607,-6.989450454711914,-0.11445022374391556,assist,no
5031,0,0,0.0013250224270722666,-6.716329574584961,-0.09132958203554153,assist,no
5032,0,0,0.00029595716421427506,-8.214719772338867,-0.08971994370222092,assist,no
5033,0,0,0.00037998453314705655,-7.91412353515625,-0.03912358358502388,assist,no
5034,0,0,0.29421497216298875,-1.4619399309158325,-0.5869399309158325,assist,no
5035,0,0,0.0013250227327045727,-6.740262031555176,-0.11526226997375488,assist,no
5036,0,0,6.605216355423482e-05,-9.768031120300293,-0.14303140342235565,assist,no
5037,0,0,0.00017952789178064083,-8.725725173950195,-0.10072474181652069,assist,no
5038,0,0,5.829127087248035e-05,-9.892976760864258,-0.14297685027122498,assist,no
5039,0,0,0.00029595717523627575,-8.305530548095703,-0.18053075671195984,assist,no
5040,0,0,0.00020342694471771228,-8.56257152557373,-0.06257136166095734,assist,no
5041,0,0,0.0004305570845311339,-7.821008205413818,-0.07100821286439896,assist,no
5042,0,0,0.00359360194114313,-5.910632133483887,-0.2856319546699524,assist,no
5043,0,1,0.7310585786300049,-0.7530218362808228,-1.7530218362808228,assist,yes
5044,0,0,0.00029595702092830294,-8.225801467895508,-0.10080115497112274,assist,no
5045,0,0,0.00020342700230066032,-8.57949447631836,-0.07949459552764893,assist,no
5046,0,0,0.02297737057907019,-4.003573894500732,-0.2535739243030548,assist,no
5047,0,0,0.37754066879814546,-1.296393632888794,-0.796393632888794,assist,no
5048,0,0,0.005911068243315901,-5.276196479797363,-0.15119637548923492,assist,no
5049,0,0,0.0002034270371535052,-8.613306045532227,-0.11330633610486984,assist,no
5050,0,0,0.003593603088306097,-5.720093727111816,-0.09509386867284775,assist,no
5051,0,0,0.22270013882530884,-1.8184198141098022,-0.5684198141098022,assist,no
5052,0,0,0.00017952801214190153,-8.827054977416992,-0.2020552158355713,assist,no
5053,0,0,0.3486451217982255,-1.4564557075500488,-0.831455647945404,assist,no
5054,0,0,0.0008040860553510418,-7.378255844116211,-0.2532559931278229,assist,no
5055,0,0,0.02931222905542399,-3.654008150100708,-0.15400809049606323,assist,no
5056,0,0,0.04742587721667508,-3.1035072803497314,-0.10350736975669861,assist,no
5057,0,0,0.0005527785998773944,-7.5901570320129395,-0.09015696495771408,assist,no
5058,0,0,0.0009110513232525035,-7.101834297180176,-0.10183443874120712,assist,no
5059,0,0,0.24508501313237172,-1.6824384927749634,-0.5574384927749634,assist,no
5060,0,0,0.008577484019812273,-4.844424247741699,-0.09442408382892609,assist,no
5061,0,0,0.020332352749027827,-3.97652530670166,-0.10152527689933777,assist,no
5062,0,0,0.009708477054526368,-4.838528633117676,-0.21352869272232056,assist,no
5063,0,0,0.00013982213293588992,-8.988404273986816,-0.11340468376874924,assist,no
5064,0,0,0.00218271670497733,-6.329904556274414,-0.2049046754837036,assist,no
5065,0,0,0.020332358091706755,-4.1265974044799805,-0.25159764289855957,assist,no
5066,0,0,0.00015843620021845033,-9.002336502075195,-0.25233638286590576,assist,no
5067,0,0,5.8291243295802404e-05,-9.79881763458252,-0.04881725087761879,assist,no
5068,0,0,0.017986212330845203,-4.152983665466309,-0.15298379957675934,assist,no
5069,0,0,0.3486451217982255,-1.2031364440917969,-0.5781363844871521,assist,no
5070,0,0,0.0002959570429722942,-8.327160835266113,-0.20216059684753418,assist,no
5071,0,0,0.0006263340648368211,-7.53639030456543,-0.16139015555381775,assist,no
5072,0,0,0.053403325280175794,-3.0133273601531982,-0.13832727074623108,assist,no
5073,0,0,0.004070137293075673,-5.665621280670166,-0.16562117636203766,assist,no
5074,0,0,0.00023050666533171648,-8.475868225097656,-0.10086797922849655,assist,no
5075,0,0,0.047425875197120895,-3.230961799621582,-0.2309618443250656,assist,no
5076,0,0,0.22270013882530884,-1.809984803199768,-0.5599848031997681,assist,no
5077,0,0,0.007577241716077422,-4.975641250610352,-0.10064131021499634,assist,no
5078,0,0,0.029312229903390143,-3.643935203552246,-0.1439351737499237,assist,no
5079,0,0,0.00015843626041144913,-8.812695503234863,-0.06269576400518417,assist,no
5080,0,0,0.0015011825917737032,-6.645079612731934,-0.1450798362493515,assist,no
5081,0,0,0.0004305570043681645,-7.851149082183838,-0.10114890336990356,assist,no
5082,0,0,0.00017952804958764354,-8.704361915588379,-0.07936236262321472,assist,no
5083,0,0,0.2689414096510108,-1.452836036682129,-0.45283597707748413,assist,no
5084,0,0,8.481103540520188e-05,-9.517958641052246,-0.14295856654644012,assist,no
5085,0,0,0.13296423676207594,-2.0766022205352783,-0.20160219073295593,assist,no
5086,0,0,0.0004305571005637297,-7.8778181076049805,-0.12781815230846405,assist,no
5087,0,0,0.00029595720609788,-8.21467113494873,-0.08967144787311554,assist,no
5088,0,0,0.002472623266896334,-6.163511753082275,-0.16351179778575897,assist,no
5089,0,0,0.00015843614356623705,-8.911075592041016,-0.16107511520385742,assist,no
5090,0,0,0.00013982207043927928,-8.954301834106445,-0.07930179685354233,assist,no
5091,0,0,0.00043055717110715777,-7.812984943389893,-0.06298515200614929,assist,no
5092,0,0,0.0002034269841165697,-8.660801887512207,-0.16080191731452942,assist,no
5093,0,0,0.4073334000459302,-1.3211395740509033,-0.9461395740509033,assist,no
5094,0,0,0.0009110513673334065,-7.039842128753662,-0.03984231874346733,assist,no
5095,0,0,0.0035936030349496715,-5.69323205947876,-0.06823218613862991,assist,no
5096,0,0,9.610244914912895e-05,-9.293424606323242,-0.04342495650053024,assist,no
5097,0,0,0.00015843616835157788,-8.839508056640625,-0.08950773626565933,assist,no
5098,0,0,0.0004878571954431821,-7.907230377197266,-0.28223052620887756,assist,no
5099,0,0,0.01798621154126062,-4.185048580169678,-0.1850486695766449,assist,no
5100,0,0,0.01798620759333822,-4.20461368560791,-0.2046135514974594,assist,no
5101,0,0,0.001926735093156515,-6.477932453155518,-0.22793267667293549,assist,no
5102,0,0,0.00017952796667208246,-8.704386711120605,-0.07938669621944427,assist,no
5103,0,0,0.003593603168340736,-5.855429649353027,-0.23042981326580048,assist,no
5104,0,0,0.002472623248519407,-6.038491249084473,-0.03849128633737564,assist,no
5105,0,0,9.610237970198156e-05,-9.475709915161133,-0.22570954263210297,assist,no
5106,0,0,0.0008040860074623171,-7.2534403800964355,-0.1284404695034027,assist,no
5107,0,0,0.00023050676663548297,-8.555521011352539,-0.18052120506763458,assist,no
5108,0,0,0.00017952789713002849,-8.785717964172363,-0.16071756184101105,assist,no
5109,0,0,0.0001398220464822526,-9.100831031799316,-0.2258308231830597,assist,no
5110,0,0,0.025957357951306048,-3.7799673080444336,-0.15496733784675598,assist,no
5111,0,0,0.20181322226037882,-1.817979097366333,-0.442979097366333,assist,no
5112,0,0,0.004070137897104907,-5.666048526763916,-0.1660485714673996,assist,no
5113,0,0,0.0005527786369235996,-7.680660724639893,-0.18066072463989258,assist,no
5114,0,0,0.00012339462746411867,-9.180355072021484,-0.1803554892539978,assist,no
5115,0,0,0.00020342701593872934,-8.613235473632812,-0.11323565989732742,assist,no
5116,0,0,0.001032231251872736,-7.078639507293701,-0.20363971590995789,assist,no
5117,0,0,9.610245559268125e-05,-9.339272499084473,-0.08927291631698608,assist,no
5118,0,0,0.00013982213814394206,-9.017995834350586,-0.14299628138542175,assist,no
5119,0,0,0.00017952795731065056,-8.725796699523926,-0.10079663246870041,assist,no
5120,0,0,0.0004305570171942387,-7.87820291519165,-0.12820276618003845,assist,no
5121,0,0,0.0009110510045137297,-7.253324508666992,-0.2533243000507355,assist,no
5122,0,0,0.033085976005166884,-3.5505361557006836,-0.17553608119487762,assist,no
5123,0,0,0.0002611903891341335,-8.350892066955566,-0.1008923351764679,assist,no
5124,0,0,0.00010889685972864123,-9.225567817687988,-0.10056735575199127,assist,no
5125,0,0,0.0002305066464445785,-8.656529426574707,-0.28152909874916077,assist,no
5126,0,0,8.481106952445339e-05,-9.600946426391602,-0.22594675421714783,assist,no
5127,0,0,0.32082130082460697,-1.3617089986801147,-0.6117089986801147,assist,no
5128,0,0,0.00017952801481659712,-8.72572135925293,-0.10072161257266998,assist,no
5129,0,0,0.0001088969152997241,-9.18726634979248,-0.06226639822125435,assist,no
5130,0,0,0.00012339460907915658,-9.143011093139648,-0.14301136136054993,assist,no
5131,0,0,0.00023050678895665782,-8.48832893371582,-0.11332922428846359,assist,no
5132,0,0,0.0002034270076043537,-8.555405616760254,-0.055405762046575546,assist,no
5133,0,0,0.0017007227276807902,-6.490370750427246,-0.11537093669176102,assist,no
5134,0,0,0.00010889690840404075,-9.14128303527832,-0.01628302037715912,assist,no
5135,0,0,0.00017952790247941633,-8.805152893066406,-0.1801525205373764,assist,no
5136,0,0,0.00020342701139270623,-8.660755157470703,-0.16075532138347626,assist,no
5137,0,0,0.0004305571005637297,-7.952229976654053,-0.20223002135753632,assist,no
5138,0,0,8.48110069725028e-05,-9.488106727600098,-0.11310631781816483,assist,no
5139,0,0,0.0004305570909441722,-7.851039409637451,-0.10103943198919296,assist,no
5140,0,0,0.0013250222989039011,-6.878503322601318,-0.2535032331943512,assist,no
5141,0,0,0.24508501313237172,-1.7386255264282227,-0.6136255264282227,assist,no
5142,0,0,0.00012339452358911884,-9.079275131225586,-0.07927470654249191,assist,no
5143,0,0,0.02931222947940706,-3.739720106124878,-0.23972006142139435,assist,no
5144,0,0,0.00017952795062391375,-8.714447021484375,-0.08944691717624664,assist,no
5145,0,0,0.00026119027240345376,-8.476154327392578,-0.2261541485786438,assist,no
5146,0,0,5.144220013667095e-05,-9.918323516845703,-0.043323252350091934,assist,no
5147,0,0,0.0004878571736449062,-7.75316858291626,-0.12816868722438812,assist,no
5148,0,0,0.00023050662068939285,-8.44540786743164,-0.0704074278473854,assist,no
5149,0,0,0.00012339454519143462,-9.062310218811035,-0.06230996921658516,assist,no
5150,0,0,0.00012339460907915658,-9.14322566986084,-0.14322593808174133,assist,no
5151,0,0,0.0009110513707242452,-7.181047439575195,-0.18104763329029083,assist,no
5152,0,0,0.017986207198546027,-4.1228461265563965,-0.12284597009420395,assist,no
5153,0,0,0.0011695104913423747,-6.86483907699585,-0.11483927071094513,assist,no
5154,0,0,5.144222294032123e-05,-9.924034118652344,-0.049034297466278076,assist,no
5155,0,0,0.00407013825952249,-5.649014472961426,-0.14901460707187653,assist,no
5156,0,0,0.00020342706594499022,-8.68022346496582,-0.18022389709949493,assist,no
5157,0,0,0.0002611902879675414,-8.393433570861816,-0.14343345165252686,assist,no
5158,0,0,0.00029595723255068613,-8.215476989746094,-0.09047739207744598,assist,no
5159,0,0,0.00023050681299484859,-8.488473892211914,-0.1134742870926857,assist,no
5160,0,1,0.5312093733737563,-1.1342849731445312,-1.2592849731445312,assist,Yes
5161,0,0,0.0006263341814275722,-7.476398468017578,-0.10139850527048111,assist,no
5162,0,0,0.0008040857799909139,-7.205634117126465,-0.08063392341136932,assist,no
5163,0,0,0.000626334298018345,-7.446502208709717,-0.0715024322271347,assist,no
5164,0,0,0.00026119035022390116,-8.410910606384277,-0.1609107255935669,assist,no
5165,0,0,0.0011695104043089619,-7.064824104309082,-0.3148242235183716,assist,no
5166,0,0,0.00010889692787420664,-9.350728988647461,-0.22572915256023407,assist,no
5167,0,0,0.0004878572099753667,-7.939216613769531,-0.3142167925834656,assist,no
5168,0,0,0.04742587856304458,-3.2273616790771484,-0.227361798286438,assist,no
5169,0,0,0.0003799846902137325,-8.036237716674805,-0.1612381786108017,assist,no
5170,0,0,0.00020342700078531935,-8.589466094970703,-0.08946620672941208,assist,no
5171,0,0,0.00037998447230142474,-7.975882530212402,-0.10088241845369339,assist,no
5172,0,0,0.00026119033465980986,-8.410813331604004,-0.16081339120864868,assist,no
5173,0,0,0.007577242892646153,-4.949358940124512,-0.07435915619134903,assist,no
5174,0,0,0.0002611904397174443,-8.363565444946289,-0.11356590688228607,assist,no
5175,0,0,0.001501182446591119,-6.565258026123047,-0.06525815278291702,assist,no
5176,0,0,0.0013250221411582371,-6.807110786437988,-0.18211057782173157,assist,no
5177,0,0,0.004070137897104907,-5.706465721130371,-0.20646576583385468,assist,no
5178,0,0,0.000203426975024525,-8.562463760375977,-0.06246374547481537,assist,no
5179,0,0,0.0006263341534457899,-7.465126037597656,-0.09012603014707565,assist,no
5180,0,0,0.00012339455116654391,-9.03845500946045,-0.0384548082947731,assist,no
5181,0,0,0.00857748680761192,-4.90669059753418,-0.15669076144695282,assist,no
5182,0,0,0.0007096703039939198,-7.340210914611816,-0.09021078050136566,assist,no
5183,0,0,0.0003799845204119235,-7.964977741241455,-0.08997775614261627,assist,no
5184,0,0,0.0017007221078396608,-6.579023361206055,-0.20402318239212036,assist,no
5185,0,0,0.009708477627578704,-4.797664642333984,-0.17266476154327393,assist,no
5186,0,0,0.16451646699291617,-2.0324289798736572,-0.4074290096759796,assist,no
5187,0,0,0.008577485223634738,-4.863526344299316,-0.11352632194757462,assist,no
5188,0,0,9.610243984177639e-05,-9.350546836853027,-0.10054709017276764,assist,no
5189,0,0,0.2689414096510108,-1.6907215118408203,-0.6907214522361755,assist,no
5190,0,0,0.00017952790114206935,-8.725892066955566,-0.10089168697595596,assist,no
5191,0,0,8.481106320607244e-05,-9.423861503601074,-0.048861756920814514,assist,no
5192,0,0,0.000552778764527214,-7.579929828643799,-0.07993005961179733,assist,no
5193,0,0,0.0031726828424851893,-5.933707237243652,-0.18370723724365234,assist,no
5194,0,0,0.0005527786286911093,-7.6138787269592285,-0.11387871205806732,assist,no
5195,0,1,0.7981867873410141,-0.5617160201072693,-1.936716079711914,assist,yes
5196,0,0,0.00012339455392428676,-9.100777626037598,-0.10077744722366333,assist,no
5197,0,0,0.0002959571620098749,-8.252528190612793,-0.1275283545255661,assist,no
5198,0,0,0.0005527786266329867,-7.555983066558838,-0.0559830479323864,assist,no
5199,0,0,0.005911069031366064,-5.333587646484375,-0.2085876762866974,assist,no
5200,0,0,0.000709670377965772,-7.503221035003662,-0.2532210052013397,assist,no
5201,0,0,0.0007096702828591064,-7.393803596496582,-0.1438034325838089,assist,no
5202,0,0,0.06008665522337757,-3.067225933074951,-0.31722602248191833,assist,no
5203,0,0,0.00013982212772783794,-9.018110275268555,-0.14311064779758453,assist,no
5204,0,0,6.605212763134886e-05,-9.738116264343262,-0.11311600357294083,assist,no
5205,0,0,0.003593603275053591,-5.7733306884765625,-0.14833088219165802,assist,no
5206,0,0,0.000552778760410968,-7.680771350860596,-0.1807715743780136,assist,no
5207,0,0,0.010986941820996006,-4.589820384979248,-0.08982031047344208,assist,no
5208,0,0,0.1329642264548166,-2.196263313293457,-0.3212631940841675,assist,no
5209,0,0,0.008577485223634738,-4.820037841796875,-0.07003781944513321,assist,no
5210,0,0,0.0015011819663719016,-6.615435600280762,-0.1154354065656662,assist,no
5211,0,0,8.481107205180587e-05,-9.502453804016113,-0.12745416164398193,assist,no
5212,0,0,0.00017952795864799792,-8.752518653869629,-0.12751859426498413,assist,no
5213,0,0,9.610239688477625e-05,-9.410650253295898,-0.16065005958080292,assist,no
5214,0,0,0.00012339458517871,-9.160682678222656,-0.16068275272846222,assist,no
5215,0,0,0.002182716185713063,-6.475820064544678,-0.3508199453353882,assist,no
5216,0,0,0.002182716169486056,-6.208164215087891,-0.08316408842802048,assist,no
5217,0,0,0.0850990519679964,-2.6919338703155518,-0.3169339597225189,assist,no
5218,0,0,0.0013250223531289772,-6.682440280914307,-0.05744023248553276,assist,no
5219,0,0,0.03732689028911683,-3.357034921646118,-0.10703500360250473,assist,no
5220,0,0,0.0005527786739698072,-7.613766193389893,-0.11376626044511795,assist,no
5221,0,0,0.00026119035411492414,-8.430277824401855,-0.1802779585123062,assist,no
5222,0,0,0.00029595713555707507,-8.268311500549316,-0.14331157505512238,assist,no
5223,0,0,0.0003353499980875941,-8.100929260253906,-0.10092886537313461,assist,no
5224,0,0,0.0004305570204007573,-7.839956760406494,-0.0899566188454628,assist,no
5225,0,0,4.539786616574603e-05,-10.055096626281738,-0.055096570402383804,assist,no
5226,0,0,0.00012339453186234573,-9.16085433959961,-0.16085398197174072,assist,no
5227,0,0,0.0002034270485185646,-8.555336952209473,-0.05533729866147041,assist,no
5228,0,0,0.000230506756333403,-8.555439949035645,-0.18044009804725647,assist,no
5229,0,0,0.37754066879814546,-1.3743159770965576,-0.8743159770965576,assist,no
5230,0,0,0.009708478630420372,-4.754514694213867,-0.1295149177312851,assist,no
5231,0,0,0.000261190367733505,-8.35097599029541,-0.10097617655992508,assist,no
5232,0,0,0.0017007225632331216,-6.504775047302246,-0.12977513670921326,assist,no
5233,0,0,0.11920291263495983,-2.3088526725769043,-0.30885258316993713,assist,no
5234,0,0,0.0002305067185591137,-8.555342674255371,-0.1803426593542099,assist,no
5235,0,0,0.0003799844383410763,-7.964773654937744,-0.08977345377206802,assist,no
5236,0,0,8.481103287785046e-05,-9.45426082611084,-0.07926072180271149,assist,no
5237,0,0,0.00023050678037159035,-8.518086433410645,-0.14308668673038483,assist,no
5238,0,0,0.022977371248114782,-3.9090073108673096,-0.15900737047195435,assist,no
5239,0,0,0.13296424019782924,-2.24216365814209,-0.36716365814208984,assist,no
5240,0,0,0.00013982207564732912,-9.018009185791016,-0.14300918579101562,assist,no
5241,0,0,0.0008040858937266077,-7.205417633056641,-0.08041758090257645,assist,no
5242,0,0,0.009708477914104884,-4.752723693847656,-0.1277238428592682,assist,no
5243,0,0,0.00013982205169030157,-8.964406967163086,-0.08940679579973221,assist,no
5244,0,0,0.0013250222989039011,-6.806665420532227,-0.1816653311252594,assist,no
5245,0,0,0.0040701374742844335,-5.685293197631836,-0.18529313802719116,assist,no
5246,0,0,0.006692849537392301,-5.288017272949219,-0.28801706433296204,assist,no
5247,0,0,0.04742587654349034,-3.228530168533325,-0.22853024303913116,assist,no
5248,0,0,0.015906394510857135,-4.3933868408203125,-0.2683870196342468,assist,no
5249,0,0,0.0007096705259094992,-7.378267288208008,-0.12826746702194214,assist,no
5250,0,0,0.0011695102998688749,-6.840949535369873,-0.09094956517219543,assist,no
5251,0,0,0.007577239474994629,-5.136678695678711,-0.26167845726013184,assist,no
5252,0,0,0.00010889686621869323,-9.23824691772461,-0.11324651539325714,assist,no
5253,0,0,0.03308597981882656,-3.5218355655670166,-0.14683561027050018,assist,no
5254,0,0,0.006692850131774789,-5.13753604888916,-0.1375359296798706,assist,no
5255,0,0,0.00010889688244382497,-9.252264976501465,-0.12726472318172455,assist,no
5256,0,0,0.00033535028782257794,-8.034499168395996,-0.0344996377825737,assist,no
5257,0,0,0.0004305571198028453,-7.911052703857422,-0.16105279326438904,assist,no
5258,0,0,0.0066928520139863485,-5.110641002655029,-0.11064116656780243,assist,no
5259,0,0,0.0010322309445614404,-6.955568790435791,-0.08056870102882385,assist,no
5260,0,0,0.00026119031325918575,-8.350944519042969,-0.10094449669122696,assist,no
5261,0,0,0.0002959570385634958,-8.238448143005371,-0.1134478896856308,assist,no
5262,0,0,0.06754668926255561,-2.98577880859375,-0.3607787787914276,assist,no
5263,0,0,0.0001398220839802092,-9.035673141479492,-0.16067320108413696,assist,no
5264,0,0,0.002472623505796398,-6.074313640594482,-0.07431378215551376,assist,no
5265,0,0,0.0124316506702427,-4.614158630371094,-0.23915861546993256,assist,no
5266,0,0,0.0007096705206257941,-7.364140510559082,-0.11414068192243576,assist,no
5267,0,0,0.0007096704308028138,-7.430739879608154,-0.18073992431163788,assist,no
5268,0,0,0.0002305066756337924,-8.424089431762695,-0.049089230597019196,assist,no
5269,0,0,0.0001088969522119189,-9.406575202941895,-0.28157559037208557,assist,no
5270,0,0,0.00029595714437467477,-8.285785675048828,-0.16078577935695648,assist,no
5271,0,0,0.00048785711551617493,-7.669744968414307,-0.04474495351314545,assist,no
5272,0,0,0.00010889687270874564,-9.214359283447266,-0.08935894072055817,assist,no
5273,0,0,0.0010322310982170768,-6.97717809677124,-0.10217815637588501,assist,no
5274,0,0,0.0001795279452745245,-8.80527400970459,-0.1802738755941391,assist,no
5275,0,0,0.00012339453553933562,-9.16063404083252,-0.16063371300697327,assist,no
5276,0,0,0.00023050677006950976,-8.502853393554688,-0.1278536021709442,assist,no
5277,0,0,0.00015843617189234115,-9.063654899597168,-0.3136546015739441,assist,no
5278,0,0,0.00029595717744067593,-8.238409042358398,-0.11340925842523575,assist,no
5279,0,0,0.00015843617602323177,-8.812451362609863,-0.062451090663671494,assist,no
5280,0,0,0.0015011819663719016,-6.662572860717773,-0.16257266700267792,assist,no
5281,0,0,0.07585818002124356,-2.7046701908111572,-0.20467019081115723,assist,no
5282,0,0,0.0002611904319353959,-8.411008834838867,-0.1610092669725418,assist,no
5283,0,0,8.481104172358075e-05,-9.475563049316406,-0.10056304931640625,assist,no
5284,0,0,0.1645164628965632,-2.062805652618408,-0.4378056526184082,assist,no
5285,0,0,0.00037998456569239845,-8.101329803466797,-0.22632993757724762,assist,no
5286,0,0,0.00033535010299161105,-8.113741874694824,-0.11374179273843765,assist,no
5287,0,0,5.82912865065083e-05,-9.877333641052246,-0.12733399868011475,assist,no
5288,0,0,0.005911067893071419,-5.312345027923584,-0.18734486401081085,assist,no
5289,0,0,0.00020342698714725132,-8.627410888671875,-0.12741093337535858,assist,no
5290,0,0,0.00132502237777674,-6.754140377044678,-0.12914034724235535,assist,no
5291,0,0,0.0010322311673621205,-6.9393157958984375,-0.06431592255830765,assist,no
5292,0,0,8.48110069725028e-05,-9.475595474243164,-0.10059506446123123,assist,no
5293,0,0,0.0006263342513820332,-7.601354598999023,-0.22635474801063538,assist,no
5294,0,0,0.07585817584273653,-2.925835371017456,-0.4258353114128113,assist,no
5295,0,0,0.11920291732853862,-2.2350735664367676,-0.235073521733284,assist,no
5296,0,1,0.7772998508568416,-0.5540023446083069,-1.804002285003662,assist,yes
5297,0,0,0.000295957122330676,-8.327187538146973,-0.20218756794929504,assist,no
5298,0,0,0.0007096704572213362,-7.33052396774292,-0.08052404969930649,assist,no
5299,0,0,0.00020342704776089398,-8.725907325744629,-0.22590766847133636,assist,no
5300,0,0,0.0009110513435975354,-7.162162780761719,-0.16216294467449188,assist,no
5301,0,0,0.015906388679519302,-4.326762676239014,-0.20176248252391815,assist,no
5302,0,0,0.00029595708265148246,-8.327218055725098,-0.2022179514169693,assist,no
5303,0,0,0.004070138380328358,-5.606583595275879,-0.10658375918865204,assist,no
5304,0,0,0.0002305068112778349,-8.535711288452148,-0.16071167588233948,assist,no
5305,0,0,0.001501182133890216,-6.592442989349365,-0.09244290739297867,assist,no
5306,0,0,7.484622304976247e-05,-9.725846290588379,-0.22584623098373413,assist,no
5307,0,0,5.14422183412649e-05,-9.964261054992676,-0.08926114439964294,assist,no
5308,0,0,0.009708475908421797,-4.73142671585083,-0.1064266562461853,assist,no
5309,0,0,0.00522012577093828,-5.400143623352051,-0.15014363825321198,assist,no
5310,0,0,0.00037998450626177614,-7.9648261070251465,-0.0898260846734047,assist,no
5311,0,0,0.00013982210116677602,-8.937353134155273,-0.06235331669449806,assist,no
5312,0,0,5.144222294032123e-05,-9.97551155090332,-0.10051172971725464,assist,no
5313,0,0,0.006692850329902297,-5.082477569580078,-0.08247748017311096,assist,no
5314,0,0,9.61024176473239e-05,-9.329331398010254,-0.0793314203619957,assist,no
5315,0,0,0.00013982202148362047,-8.964422225952148,-0.0894218385219574,assist,no
5316,0,0,0.00013982206731444948,-9.035835266113281,-0.16083520650863647,assist,no
5317,0,0,0.0021827167698853724,-6.308016300201416,-0.18301644921302795,assist,no
5318,0,0,0.060086656906500974,-3.0178847312927246,-0.26788485050201416,assist,no
5319,0,0,0.03308598029553404,-3.5650923252105713,-0.19009238481521606,assist,no
5320,0,0,7.484624535400897e-05,-9.660652160644531,-0.16065239906311035,assist,no
5321,0,0,9.610245988838303e-05,-9.377344131469727,-0.12734459340572357,assist,no
5322,0,0,0.0010322311289482067,-7.003533363342285,-0.12853345274925232,assist,no
5323,0,0,0.0028009273833226214,-6.104063987731934,-0.22906413674354553,assist,no
5324,0,0,0.0013250223580585298,-6.807164669036865,-0.18216462433338165,assist,no
5325,0,0,0.0013250225749588576,-6.7539591789245605,-0.1289592981338501,assist,no
5326,0,0,0.004070137202471295,-5.562995910644531,-0.0629957839846611,assist,no
5327,0,0,0.000552778571063681,-7.782247543334961,-0.2822474241256714,assist,no
5328,0,0,0.00043055717110715777,-7.911287784576416,-0.16128799319267273,assist,no
5329,0,0,7.484623420188488e-05,-9.627262115478516,-0.1272622048854828,assist,no
5330,0,0,0.00015843625451017376,-8.877346992492676,-0.1273472160100937,assist,no
5331,0,0,0.0850990519679964,-2.6344900131225586,-0.25949010252952576,assist,no
5332,0,0,0.0005527785422499691,-7.563364028930664,-0.06336385756731033,assist,no
5333,0,0,0.00015843614592674554,-8.910808563232422,-0.16080810129642487,assist,no
5334,0,0,0.00013982211418690378,-8.945459365844727,-0.07045964151620865,assist,no
5335,0,0,0.0002305068215799173,-8.518404006958008,-0.14340443909168243,assist,no
5336,0,0,0.000487857028323091,-7.805688381195068,-0.18068818747997284,assist,no
5337,0,0,0.0004305571775201972,-7.893594741821289,-0.14359496533870697,assist,no
5338,0,0,0.008577483512939705,-4.921006679534912,-0.1710064560174942,assist,no
5339,0,0,6.605217585659752e-05,-9.725497245788574,-0.10049771517515182,assist,no
5340,0,0,0.0002034270098773652,-8.570578575134277,-0.07057873159646988,assist,no
5341,0,0,0.0534033328129234,-3.0743424892425537,-0.1993425488471985,assist,no
5342,0,0,0.00029595708265148246,-8.19559383392334,-0.07059372961521149,assist,no
5343,0,0,0.00023050668421885603,-8.488469123840332,-0.1134689599275589,assist,no
5344,0,0,0.022977371248114782,-3.9108781814575195,-0.1608782410621643,assist,no
5345,0,0,0.000552778702783526,-7.62797737121582,-0.12797749042510986,assist,no
5346,0,0,0.0003353502553522657,-8.20219898223877,-0.20219935476779938,assist,no
5347,0,0,0.0001233945778247273,-9.113198280334473,-0.11319829523563385,assist,no
5348,0,0,0.00029595723255068613,-8.195592880249023,-0.07059328258037567,assist,no
5349,0,0,0.00015843627103374547,-8.930366516113281,-0.18036684393882751,assist,no
5350,0,0,0.0007096703039939198,-7.476414203643799,-0.22641406953334808,assist,no
5351,0,0,0.017986212857234944,-4.156086444854736,-0.15608660876750946,assist,no
5352,0,0,0.0002034269841165697,-8.643235206604004,-0.1432352364063263,assist,no
5353,0,0,0.001501182301408549,-6.754120826721191,-0.2541208565235138,assist,no
5354,0,0,0.11920290950590741,-2.3084726333618164,-0.30847251415252686,assist,no
5355,0,0,4.539785906301937e-05,-10.023541450500488,-0.02354123815894127,assist,no
5356,0,0,0.008577486680893736,-4.9038591384887695,-0.15385928750038147,assist,no
5357,0,0,0.004070137912205639,-5.528873443603516,-0.028873492032289505,assist,no
5358,0,0,0.00012339459988667658,-9.048972129821777,-0.048972323536872864,assist,no
5359,0,0,0.00017952793725044096,-8.752301216125488,-0.12730103731155396,assist,no
5360,0,0,0.0017007227656302545,-6.578693866729736,-0.20369407534599304,assist,no
5361,0,0,4.0063673275362856e-05,-10.180051803588867,-0.05505133047699928,assist,no
5362,0,0,4.539787174646062e-05,-10.070199012756348,-0.07019907981157303,assist,no
5363,0,0,0.16451645470385742,-2.0769548416137695,-0.45195478200912476,assist,no
5364,0,0,0.0179862133836247,-4.187033653259277,-0.18703384697437286,assist,no
5365,0,0,5.144220837664425e-05,-9.937255859375,-0.06225575506687164,assist,no
5366,0,0,0.2689414330889798,-1.6374645233154297,-0.6374645829200745,assist,no
5367,0,0,0.0009110510180770795,-7.161739349365234,-0.16173915565013885,assist,no
5368,0,0,0.11920291263495983,-2.205420732498169,-0.20542064309120178,assist,no
5369,0,0,0.0003799846902137325,-8.077369689941406,-0.20237015187740326,assist,no
5370,0,0,0.01243164865786858,-4.52037239074707,-0.145372211933136,assist,no
5371,0,0,0.0028009266341596987,-5.969165802001953,-0.09416568279266357,assist,no
5372,0,0,0.0031726835022585624,-5.817951679229736,-0.06795188784599304,assist,no
5373,0,0,0.009708476338210996,-4.766425132751465,-0.14142511785030365,assist,no
5374,0,0,0.0007096705153420891,-7.393827438354492,-0.14382760226726532,assist,no
5375,0,0,0.00013982209856275063,-8.937362670898438,-0.06236283481121063,assist,no
5376,0,0,0.0008040860553510418,-7.286375999450684,-0.16137614846229553,assist,no
5377,0,0,0.010986943602109868,-4.7635626792907715,-0.26356276869773865,assist,no
5378,0,0,0.0003353500155715947,-8.160919189453125,-0.16091884672641754,assist,no
5379,0,0,0.00037998457701251805,-8.10123062133789,-0.22623078525066376,assist,no
5380,0,0,0.00013982210897885256,-9.018181800842285,-0.14318203926086426,assist,no
5381,0,0,0.00012339462930261501,-9.143041610717773,-0.14304204285144806,assist,no
5382,0,0,0.0001088969554569476,-9.268095970153809,-0.14309638738632202,assist,no
5383,0,0,0.00015843614946750833,-8.850568771362305,-0.10056833177804947,assist,no
5384,0,0,0.014063625183691352,-4.467751502990723,-0.2177513688802719,assist,no
5385,0,0,0.11920292515117029,-2.289811372756958,-0.2898114025592804,assist,no
5386,0,0,0.025957357951306048,-3.8604512214660645,-0.23545125126838684,assist,no
5387,0,0,0.012431652865560293,-4.57074499130249,-0.19574515521526337,assist,no
5388,0,0,0.0002305068181458898,-8.535804748535156,-0.16080516576766968,assist,no
5389,0,0,0.0024726233863463635,-6.060256004333496,-0.060256097465753555,assist,no
5390,0,0,0.0006263341208003788,-7.689295291900635,-0.31429523229599,assist,no
5391,0,0,0.010986944735546109,-4.629387378692627,-0.12938757240772247,assist,no
5392,0,0,0.00017952799609372879,-8.725708961486816,-0.10070911049842834,assist,no
5393,0,0,0.00013982201627557264,-8.937348365783691,-0.06234794110059738,assist,no
5394,0,0,5.8291242752954546e-05,-9.780111312866211,-0.03011091984808445,assist,no
5395,0,0,0.0035936027414893473,-5.790497779846191,-0.165497824549675,assist,no
5396,0,0,0.0002959572457770901,-8.351263046264648,-0.22626349329948425,assist,no
5397,0,0,0.0011695101606154403,-6.878658294677734,-0.1286582052707672,assist,no
5398,0,0,0.0019267349785354285,-6.4326090812683105,-0.18260924518108368,assist,no
5399,0,0,0.00033535003555331067,-8.100967407226562,-0.10096712410449982,assist,no
5400,0,0,0.00017952795329860845,-8.674271583557129,-0.04927149415016174,assist,no
5401,0,0,0.22270013882530884,-1.6461504697799683,-0.39615046977996826,assist,no
5402,0,0,0.0003799844581512792,-8.018446922302246,-0.14344677329063416,assist,no
5403,0,0,0.022977368906458788,-3.9577174186706543,-0.20771737396717072,assist,no
5404,0,0,0.0002611903190957194,-8.31257438659668,-0.06257438659667969,assist,no
5405,0,0,5.1442226389613754e-05,-9.96423625946045,-0.08923650532960892,assist,no
5406,0,0,0.0004305571326289228,-7.930553436279297,-0.18055355548858643,assist,no
5407,0,0,0.00017952788375655965,-8.687530517578125,-0.0625300407409668,assist,no
5408,0,0,0.00012339459437118888,-9.113181114196777,-0.11318126320838928,assist,no
5409,0,0,0.002472623707942624,-6.204674243927002,-0.20467446744441986,assist,no
5410,0,0,0.001169510360792258,-6.841202735900879,-0.09120281785726547,assist,no
5411,0,0,0.0003799844694713956,-7.988893508911133,-0.11389338970184326,assist,no
5412,0,0,0.0005527785957611495,-7.661299228668213,-0.16129915416240692,assist,no
5413,0,0,0.03308598172565655,-3.5252981185913086,-0.15029822289943695,assist,no
5414,0,0,0.00043055699314535,-7.799647808074951,-0.049647603183984756,assist,no
5415,0,0,0.16451646699291617,-1.987483263015747,-0.36248329281806946,assist,no
5416,0,0,8.481101265904185e-05,-9.488143920898438,-0.11314357817173004,assist,no
5417,0,0,0.000379984412870817,-8.10124683380127,-0.22624656558036804,assist,no
5418,0,0,0.004609573136573289,-5.606469631195068,-0.23146983981132507,assist,no
5419,0,0,0.5,-0.9313677549362183,-0.9313677549362183,assist,no
5420,0,0,0.001032230898464754,-6.955901145935059,-0.08090101182460785,assist,no
5421,0,0,0.0006263340461823029,-7.438075542449951,-0.06307536363601685,assist,no
5422,0,0,0.22270012850745968,-1.8035821914672852,-0.5535821318626404,assist,no
5423,0,0,0.014063624770457132,-4.411876201629639,-0.16187603771686554,assist,no
5424,0,0,0.00010889691408283875,-9.195511817932129,-0.07051185518503189,assist,no
5425,0,0,0.07585817584273653,-2.673095941543579,-0.17309588193893433,assist,no
5426,0,0,7.484622862582347e-05,-9.642942428588867,-0.14294244349002838,assist,no
5427,0,0,0.001926734606016944,-6.379829406738281,-0.12982937693595886,assist,no
5428,0,0,0.00010889690475338503,-9.168417930603027,-0.043417882174253464,assist,no
5429,0,0,0.00033535020040251337,-8.252674102783203,-0.25267431139945984,assist,no
5430,0,0,0.0004305571069767681,-7.976203918457031,-0.22620397806167603,assist,no
5431,0,0,0.0010322309522442217,-6.989835739135742,-0.11483565717935562,assist,no
5432,0,0,0.0046095714956607,-5.692868232727051,-0.31786808371543884,assist,no
5433,0,0,8.481101455455496e-05,-9.464254379272461,-0.08925405889749527,assist,no
5434,0,0,0.00015843619313692258,-8.839460372924805,-0.08946020901203156,assist,no
5435,0,0,0.0003353502428636848,-8.100883483886719,-0.10088381916284561,assist,no
5436,0,0,0.002800927279272204,-5.936367988586426,-0.061368100345134735,assist,no
5437,0,0,0.0005527787274810003,-7.627993583679199,-0.12799374759197235,assist,no
5438,0,0,0.00037998456852242834,-7.975983142852783,-0.10098328441381454,assist,no
5439,0,0,0.0005527785463662135,-7.571249961853027,-0.07124979794025421,assist,no
5440,0,0,0.11920291732853862,-2.2115442752838135,-0.2115442305803299,assist,no
5441,0,0,0.005911069731855184,-5.445049285888672,-0.3200494349002838,assist,no
5442,0,0,0.1480471980316895,-2.1454033851623535,-0.3954033851623535,assist,no
5443,0,0,3.5356250478329035e-05,-10.339096069335938,-0.0890960618853569,assist,no
5444,0,0,0.03732688680867724,-3.477140426635742,-0.227140411734581,assist,no
5445,0,0,8.481104677828419e-05,-9.576756477355957,-0.2017565369606018,assist,no
5446,0,0,0.0001795279412624827,-8.680644989013672,-0.05564483255147934,assist,no
5447,0,0,0.00013982206627283954,-8.964365005493164,-0.08936493843793869,assist,no
5448,0,0,7.484621524327776e-05,-9.643040657043457,-0.1430404931306839,assist,no
5449,0,0,0.004070138078313694,-5.817765712738037,-0.3177658021450043,assist,no
5450,0,0,0.02033235452992065,-4.149213790893555,-0.27421385049819946,assist,no
5451,0,0,0.00026119036578799344,-8.476003646850586,-0.22600382566452026,assist,no
5452,0,0,0.05340333130637379,-3.1141552925109863,-0.23915532231330872,assist,no
5453,0,0,0.017986209962091555,-4.128439426422119,-0.12843942642211914,assist,no
5454,0,0,0.18242552380635632,-1.9671647548675537,-0.4671647548675537,assist,no
5455,0,0,0.01098694327827096,-4.792658805847168,-0.29265886545181274,assist,no
5456,0,0,0.0013250224172131609,-6.787473678588867,-0.1624736785888672,assist,no
5457,0,0,0.0002959571620098749,-8.163814544677734,-0.03881470859050751,assist,no
5458,0,0,0.009708475908421797,-4.781108379364014,-0.1561083197593689,assist,no
5459,0,0,0.0850990542883219,-2.627044200897217,-0.25204432010650635,assist,no
5460,0,0,0.0003353501754253563,-8.202013969421387,-0.20201410353183746,assist,no
5461,0,0,0.0017007227150309691,-6.504648685455322,-0.1296488642692566,assist,no
5462,0,0,0.0005527787192485087,-7.702639579772949,-0.20263972878456116,assist,no
5463,0,0,0.00010889696032449088,-9.204449653625488,-0.07945011556148529,assist,no
5464,0,0,0.000158436274574511,-8.839315414428711,-0.08931576460599899,assist,no
5465,0,0,0.0008040859595735953,-7.253553867340088,-0.12855389714241028,assist,no
5466,0,0,0.0002034269265336268,-8.62745189666748,-0.12745164334774017,assist,no
5467,0,0,9.610242623872427e-05,-9.312456130981445,-0.062456242740154266,assist,no
5468,0,0,0.000552778760410968,-7.702381610870361,-0.20238183438777924,assist,no
5469,0,0,0.00013982211731173463,-9.002340316772461,-0.12734061479568481,assist,no
5470,0,0,0.017986211278065763,-4.203319072723389,-0.20331914722919464,assist,no
5471,0,0,0.0002305066498786035,-8.464576721191406,-0.08957640826702118,assist,no
5472,0,0,0.04742587856304458,-3.362389087677002,-0.3623892068862915,assist,no
5473,0,0,0.00023050663270847912,-8.454436302185059,-0.07943591475486755,assist,no
5474,0,0,0.13296424706933604,-2.155324935913086,-0.2803249955177307,assist,no
5475,0,0,0.0019267348925696179,-6.413089275360107,-0.16308939456939697,assist,no
5476,0,0,0.00023050682844797253,-8.502409934997559,-0.1274103969335556,assist,no
5477,0,0,0.00015843625451017376,-8.893037796020508,-0.14303801953792572,assist,no
5478,0,0,0.0046095727947164525,-5.5619354248046875,-0.18693555891513824,assist,no
5479,0,0,0.0002959571311482753,-8.351325988769531,-0.22632604837417603,assist,no
5480,0,0,0.02033235556877487,-3.9794600009918213,-0.10446011275053024,assist,no
5481,0,0,0.0002959571928714778,-8.43919849395752,-0.314198762178421,assist,no
5482,0,0,9.610240476022484e-05,-9.329168319702148,-0.07916820794343948,assist,no
5483,0,0,0.0013250226538317129,-6.852044105529785,-0.22704428434371948,assist,no
5484,0,0,0.022977369073719923,-3.85949444770813,-0.1094944104552269,assist,no
5485,0,0,0.005911069644294039,-5.276426792144775,-0.15142692625522614,assist,no
5486,0,0,0.3486451217982255,-1.4072179794311523,-0.7822179198265076,assist,no
5487,0,0,0.00017952789713002849,-8.805156707763672,-0.18015630543231964,assist,no
5488,0,0,0.03308597457504463,-3.7577590942382812,-0.3827589750289917,assist,no
5489,0,0,0.06754668363133542,-2.8119821548461914,-0.18698203563690186,assist,no
5490,0,0,0.0001088968645961802,-9.238128662109375,-0.11312824487686157,assist,no
5491,0,0,8.48110527807449e-05,-9.437250137329102,-0.06225026771426201,assist,no
5492,0,0,0.10669059678604234,-2.4468116760253906,-0.321811705827713,assist,no
5493,0,0,0.00020342701442338832,-8.570395469665527,-0.07039564847946167,assist,no
5494,0,0,0.0008040859356292355,-7.269104957580566,-0.1441049575805664,assist,no
5495,0,0,0.03308597552845946,-3.6916966438293457,-0.31669655442237854,assist,no
5496,0,0,0.005220126003077935,-5.537538528442383,-0.2875385880470276,assist,no
5497,0,0,0.017986212067650338,-4.53666353225708,-0.5366636514663696,assist,no
5498,0,0,0.14804718675485834,-2.0884640216827393,-0.3384639322757721,assist,no
5499,0,0,0.00015843627103374547,-8.82954216003418,-0.07954248785972595,assist,no
5500,0,0,0.00015843621438150682,-8.95216178894043,-0.2021617591381073,assist,no
5501,0,0,0.0005527786122261291,-7.661407947540283,-0.16140790283679962,assist,no
5502,0,0,0.008577484653403024,-4.961940288543701,-0.211940199136734,assist,no
5503,0,0,0.0003353500555350279,-8.11368179321289,-0.11368156969547272,assist,no
5504,0,0,0.0004878571373144484,-7.851421356201172,-0.22642138600349426,assist,no
5505,0,0,4.5397852467631335e-05,-10.160523414611816,-0.16052305698394775,assist,no
5506,0,0,0.0007096703039939198,-7.378048419952393,-0.12804828584194183,assist,no
5507,0,0,0.0004878570682865859,-7.7151360511779785,-0.09013593941926956,assist,no
5508,0,0,0.0009110511265838854,-7.128617286682129,-0.12861721217632294,assist,no
5509,0,0,9.610242158504898e-05,-9.312223434448242,-0.06222349777817726,assist,no
5510,0,0,0.0017007227276807902,-6.457376956939697,-0.08237714320421219,assist,no
5511,0,0,0.00033535020040251337,-8.281771659851074,-0.28177186846733093,assist,no
5512,0,0,0.0007096702828591064,-7.476480484008789,-0.22648032009601593,assist,no
5513,0,0,0.00015843622736430972,-8.829781532287598,-0.07978158444166183,assist,no
5514,0,0,0.0010322311904104695,-7.128271579742432,-0.2532717287540436,assist,no
5515,0,0,0.007577240203346464,-4.988792896270752,-0.11379275470972061,assist,no
5516,0,0,0.0007096705364769095,-7.411496162414551,-0.1614963561296463,assist,no
5517,0,0,0.025957356444287677,-3.9345617294311523,-0.30956169962882996,assist,no
5518,0,0,0.0008040859595735953,-7.378025531768799,-0.2530255615711212,assist,no
5519,0,0,0.01243165304850344,-4.641468048095703,-0.26646822690963745,assist,no
5520,0,0,0.00029595721711988225,-8.174582481384277,-0.0495828315615654,assist,no
5521,0,0,8.481105815136802e-05,-9.502306938171387,-0.12730713188648224,assist,no
5522,0,0,0.0003353500205670236,-8.127718925476074,-0.12771859765052795,assist,no
5523,0,0,0.0005527785792961704,-7.590268611907959,-0.09026850759983063,assist,no
5524,0,0,0.00017952802016598846,-8.752386093139648,-0.12738637626171112,assist,no
5525,0,0,0.06008665017400762,-3.233778715133667,-0.483778715133667,assist,no
5526,0,0,0.0009110511265838854,-7.161733150482178,-0.16173307597637177,assist,no
5527,0,0,0.000261190202365071,-8.410882949829102,-0.16088250279426575,assist,no
5528,0,0,0.00015843615772928848,-8.812684059143066,-0.06268367171287537,assist,no
5529,0,0,0.00218271615325905,-6.191192150115967,-0.06619201600551605,assist,no
5530,0,0,0.0005527785875286599,-7.571414947509766,-0.07141485810279846,assist,no
5531,0,0,0.0002959570606074883,-8.252766609191895,-0.1277664303779602,assist,no
5532,0,0,0.0006263342886910823,-7.465176582336426,-0.0901767909526825,assist,no
5533,0,0,0.00017952796533473502,-8.73830795288086,-0.11330793052911758,assist,no
5534,0,0,0.012431652499674001,-4.570691108703613,-0.19569124281406403,assist,no
5535,0,0,0.00669285072615733,-5.320255279541016,-0.32025524973869324,assist,no
5536,0,0,0.00012339461367539685,-9.113214492797852,-0.11321479827165604,assist,no
5537,0,0,0.11920291263495983,-2.3682992458343506,-0.3682991564273834,assist,no
5538,0,0,0.020332357201260174,-4.001864433288574,-0.12686462700366974,assist,no
5539,0,0,0.01098694327827096,-4.983222484588623,-0.4832225441932678,assist,no
5540,0,0,0.0002611903813520866,-8.350896835327148,-0.10089707374572754,assist,no
5541,0,0,0.00048785722450755167,-7.851396560668945,-0.22639676928520203,assist,no
5542,0,0,0.0004878571954431821,-7.8272809982299805,-0.2022811472415924,assist,no
5543,0,0,0.00023050682501394492,-8.424373626708984,-0.04937407374382019,assist,no
5544,0,0,0.0004305570300203132,-7.976102352142334,-0.22610223293304443,assist,no
5545,0,0,0.00010889688568885159,-9.204252243041992,-0.07925201952457428,assist,no
5546,0,0,0.0015011824968466274,-6.532242774963379,-0.03224293515086174,assist,no
5547,0,0,0.0004305571390419617,-7.911012172698975,-0.16101230680942535,assist,no
5548,0,0,0.0008040860433788604,-7.286587715148926,-0.16158784925937653,assist,no
5549,0,0,0.16451645470385742,-2.0681979656219482,-0.44319790601730347,assist,no
5550,0,0,0.000804086031406679,-7.269007205963135,-0.14400732517242432,assist,no
5551,0,0,0.16451646494473965,-1.8651256561279297,-0.24012567102909088,assist,no
5552,0,0,0.001032230990658129,-7.019725322723389,-0.1447252780199051,assist,no
5553,0,0,0.0004305571133898066,-7.8779401779174805,-0.12794025242328644,assist,no
5554,0,0,0.020332356904444657,-4.017147541046143,-0.1421477198600769,assist,no
5555,0,0,0.001501181999875563,-6.602840900421143,-0.10284072905778885,assist,no
5556,0,0,0.00026119024905732415,-8.363518714904785,-0.11351844668388367,assist,no
5557,0,0,0.033085978627057866,-3.480564594268799,-0.10556460171937943,assist,no
5558,0,0,8.481107268364401e-05,-9.488090515136719,-0.113090880215168,assist,no
5559,0,0,0.0007096704519376317,-7.411613941192627,-0.16161401569843292,assist,no
5560,0,0,0.0001088969400430621,-9.19529914855957,-0.0702994242310524,assist,no
5561,0,0,0.0002959572457770901,-8.43890380859375,-0.3139042556285858,assist,no
5562,0,0,0.08509904500702024,-2.6686809062957764,-0.29368090629577637,assist,no
5563,0,0,0.0035936021545687705,-5.8312554359436035,-0.20625531673431396,assist,no
5564,0,0,0.00020342698714725132,-8.701809883117676,-0.20180992782115936,assist,no
5565,0,0,0.000552778550482458,-7.601334571838379,-0.10133441537618637,assist,no
5566,0,0,0.00522012577093828,-5.385583877563477,-0.13558389246463776,assist,no
5567,0,0,0.005911069294049474,-5.235771179199219,-0.11077125370502472,assist,no
5568,0,0,0.00037998443551104746,-8.07727336883545,-0.2022731602191925,assist,no
5569,0,0,0.0002305067194176202,-8.394076347351074,-0.019076336175203323,assist,no
5570,0,0,0.0002611904046982281,-8.393468856811523,-0.1434691846370697,assist,no
5571,0,0,0.00037998440155070234,-8.101522445678711,-0.22652214765548706,assist,no
5572,0,0,0.00029595719728027844,-8.252667427062988,-0.12766771018505096,assist,no
5573,0,0,0.04208772371029592,-3.2560176849365234,-0.13101758062839508,assist,no
5574,0,0,4.006370237772604e-05,-10.267982482910156,-0.14298273622989655,assist,no
5575,0,0,0.00010889695667383341,-9.181049346923828,-0.05604977533221245,assist,no
5576,0,0,0.00026119033465980986,-8.329512596130371,-0.07951265573501587,assist,no
5577,0,0,0.025957358328060655,-3.7683465480804443,-0.14334659278392792,assist,no
5578,0,0,0.004609572247745565,-5.50856876373291,-0.13356877863407135,assist,no
5579,0,0,0.000487857180910998,-7.768538475036621,-0.14353859424591064,assist,no
5580,0,0,0.00015843623090507433,-8.829538345336914,-0.07953841984272003,assist,no
5581,0,0,0.0005527785792961704,-7.661251068115234,-0.16125096380710602,assist,no
5582,0,0,0.004070138380328358,-5.633102893829346,-0.13310305774211884,assist,no
5583,0,0,0.00013982213918555252,-8.988271713256836,-0.11327216774225235,assist,no
5584,0,0,0.00012339454013557315,-9.113155364990234,-0.1131550744175911,assist,no
5585,0,0,0.09534946875514017,-2.431878089904785,-0.18187813460826874,assist,no
5586,0,0,0.0010322307909058268,-7.037127494812012,-0.16212725639343262,assist,no
5587,0,0,0.025957354937269386,-3.934133529663086,-0.3091334402561188,assist,no
5588,0,0,0.08509904732734556,-2.8135640621185303,-0.43856409192085266,assist,no
5589,0,0,0.00192673483525908,-6.600584983825684,-0.35058507323265076,assist,no
5590,0,0,0.00023050669967197133,-8.488533020019531,-0.11353292316198349,assist,no
5591,0,0,0.34864513533394575,-1.4292199611663818,-0.8042199611663818,assist,no
5592,0,0,0.00048785708645181187,-7.738810062408447,-0.1138099879026413,assist,no
5593,0,0,0.0007096702934265129,-7.5031352043151855,-0.2531350553035736,assist,no
5594,0,0,0.009708476517289835,-4.687116622924805,-0.062116626650094986,assist,no
5595,0,0,0.00013982209647953032,-9.055089950561523,-0.18009009957313538,assist,no
5596,0,0,0.0009110510045137297,-7.1287078857421875,-0.1287076771259308,assist,no
5597,0,0,0.002182716007215999,-6.218196868896484,-0.09319666773080826,assist,no
5598,0,0,0.0011695103869022799,-6.841375827789307,-0.091375932097435,assist,no
5599,0,0,0.0009110514114143117,-7.203119277954102,-0.20311951637268066,assist,no
5600,0,0,0.0005527785052037703,-7.782127380371094,-0.28212714195251465,assist,no
5601,0,0,0.009708475621895678,-4.766670227050781,-0.1416701376438141,assist,no
5602,0,0,0.03308597648187432,-3.550685167312622,-0.1756851077079773,assist,no
5603,0,0,0.012431650121413363,-4.538541316986084,-0.1635412573814392,assist,no
5604,0,0,0.00017952789713002849,-8.725614547729492,-0.10061414539813995,assist,no
5605,0,0,0.00020342704776089398,-8.61327075958252,-0.11327110230922699,assist,no
5606,0,0,7.484622639539902e-05,-9.562369346618652,-0.06236933171749115,assist,no
5607,0,0,0.0002305067941076985,-8.518355369567871,-0.14335568249225616,assist,no
5608,0,1,0.7981867873410141,-0.6890706419944763,-2.064070701599121,assist,yes
5609,0,0,0.003593603221697163,-5.881257057189941,-0.25625723600387573,assist,no
5610,0,0,0.00010889694734437602,-9.19527530670166,-0.07027564942836761,assist,no
5611,0,0,0.00017952791184084533,-8.68753719329834,-0.06253687292337418,assist,no
5612,0,0,0.00857748414653042,-4.906545162200928,-0.1565450131893158,assist,no
5613,0,0,0.015906388679519302,-4.369266510009766,-0.2442663162946701,assist,no
5614,0,0,0.009708475693527207,-4.730238437652588,-0.10523835569620132,assist,no
5615,0,0,0.0008040860912675871,-7.2532958984375,-0.12829609215259552,assist,no
5616,0,0,6.605212024993636e-05,-9.76795768737793,-0.14295731484889984,assist,no
5617,0,0,0.001032231251872736,-7.10203742980957,-0.22703763842582703,assist,no
5618,0,0,0.001700722778280076,-6.4569478034973145,-0.08194801956415176,assist,no
5619,0,0,0.00017952802016598846,-8.72577953338623,-0.10077981650829315,assist,no
5620,0,0,0.007577242836619065,-5.1958723068237305,-0.3208725154399872,assist,no
5621,0,0,0.0005527786780860526,-7.702481746673584,-0.20248182117938995,assist,no
5622,0,0,0.002182716510253215,-6.475945472717285,-0.35094550251960754,assist,no
5623,0,0,9.610244413747746e-05,-9.350605010986328,-0.100605309009552,assist,no
5624,0,0,0.000379984412870817,-8.036154747009277,-0.16115447878837585,assist,no
5625,0,0,0.0001795279920816858,-8.704328536987305,-0.07932866364717484,assist,no
5626,0,0,0.0001795279319010521,-8.704763412475586,-0.07976320385932922,assist,no
5627,0,0,0.00029595697684032553,-8.286025047302246,-0.16102458536624908,assist,no
5628,0,0,0.000261190315204697,-8.339640617370605,-0.08964060246944427,assist,no
5629,0,0,0.00048785715911272274,-7.738888740539551,-0.11388881504535675,assist,no
5630,0,0,0.0005527785998773944,-7.6138386726379395,-0.11383860558271408,assist,no
5631,0,0,0.3775406547908327,-1.1508924961090088,-0.650892436504364,assist,no
5632,0,0,0.0006263342700365574,-7.555947780609131,-0.18094795942306519,assist,no
5633,0,0,6.605217044355765e-05,-9.725579261779785,-0.1005796492099762,assist,no
5634,0,0,0.00020342694320237174,-8.61336898803711,-0.11336881667375565,assist,no
5635,0,0,0.00970847848715727,-4.816479206085205,-0.1914794147014618,assist,no
5636,0,0,0.033085976005166884,-3.5676591396331787,-0.19265906512737274,assist,no
5637,0,0,6.605212024993636e-05,-9.805048942565918,-0.18004857003688812,assist,no
5638,0,0,4.539785551165646e-05,-10.043240547180176,-0.0432402566075325,assist,no
5639,0,0,0.03732688359596404,-3.4796271324157715,-0.22962702810764313,assist,no
5640,0,0,0.000430557273715801,-8.099099159240723,-0.34909960627555847,assist,no
5641,0,0,0.0008040859236570559,-7.351712226867676,-0.2267122119665146,assist,no
5642,0,0,0.00043055704284638804,-7.911113262176514,-0.1611131727695465,assist,no
5643,0,0,0.000709670367398364,-7.431005001068115,-0.18100495636463165,assist,no
5644,0,0,0.008577486427457372,-4.925180435180664,-0.1751805543899536,assist,no
5645,0,0,0.0008040858757683391,-7.30600643157959,-0.18100635707378387,assist,no
5646,0,0,0.05340333205964859,-3.0941922664642334,-0.21919231116771698,assist,no
5647,0,0,0.09534946875514017,-2.4229280948638916,-0.17292813956737518,assist,no
5648,0,0,0.0002959571928714778,-8.406718254089355,-0.28171852231025696,assist,no
5649,0,0,0.00012339451715438724,-9.143119812011719,-0.14311933517456055,assist,no
5650,0,0,5.8291243078663265e-05,-9.82015323638916,-0.07015284895896912,assist,no
5651,0,0,0.005911069906977476,-5.5587873458862305,-0.4337875247001648,assist,no
5652,0,0,0.00026119032104123067,-8.363361358642578,-0.11336136609315872,assist,no
5653,0,0,0.000552778583412415,-7.563251495361328,-0.06325139850378036,assist,no
5654,0,1,0.5926666143433998,-0.8244001269340515,-1.1994001865386963,assist,yes
5655,0,0,0.0953494648991095,-2.5309407711029053,-0.2809407711029053,assist,no
5656,0,0,0.00017952793992513544,-8.785630226135254,-0.16063006222248077,assist,no
5657,0,0,0.0003353500055807371,-8.202008247375488,-0.20200787484645844,assist,no
5658,0,0,4.0063690438292435e-05,-10.252220153808594,-0.12722010910511017,assist,no
5659,0,0,0.004609572726345088,-5.482871055603027,-0.1078711748123169,assist,no
5660,0,0,0.16451645470385742,-1.9239184856414795,-0.2989184260368347,assist,no
5661,0,0,0.004609573119480448,-5.4154558181762695,-0.04045602306723595,assist,no
5662,0,0,0.005911068856243796,-5.2349853515625,-0.1099853515625,assist,no
5663,0,0,7.484623364427871e-05,-9.543274879455566,-0.04327496141195297,assist,no
5664,0,0,0.0035936020878732573,-5.67047119140625,-0.04547105357050896,assist,no
5665,0,0,4.539786159970734e-05,-10.07907485961914,-0.07907470315694809,assist,no
5666,0,0,5.144221316732701e-05,-9.90900707244873,-0.03400706127285957,assist,no
5667,0,0,0.03308597505175204,-3.490111827850342,-0.11511172354221344,assist,no
5668,0,0,0.00023050680784380753,-8.576961517333984,-0.20196188986301422,assist,no
5669,0,0,0.0003353502803294287,-8.281937599182129,-0.2819380462169647,assist,no
5670,0,0,0.008577484906839334,-5.073370456695557,-0.32337039709091187,assist,no
5671,0,0,0.0035936023679944244,-5.8314127922058105,-0.20641273260116577,assist,no
5672,0,0,0.0010322308523680697,-7.128364086151123,-0.2533639073371887,assist,no
5673,0,0,0.014063626423394072,-4.398397922515869,-0.14839787781238556,assist,no
5674,0,0,0.00013982203398293596,-9.101065635681152,-0.22606533765792847,assist,no
5675,0,1,0.9465966732132748,-0.6202909350395203,-3.495290994644165,assist,Yes
5676,0,0,0.0010322310521203835,-6.955899238586426,-0.08089925348758698,assist,no
5677,0,0,0.017986210751676075,-4.155240058898926,-0.15524010360240936,assist,no
5678,0,0,0.00048785704285527056,-7.7686448097229,-0.14364464581012726,assist,no
5679,0,0,0.0008040858278796249,-7.269006729125977,-0.14400659501552582,assist,no
5680,0,0,0.0013250222594674832,-6.728031635284424,-0.10303151607513428,assist,no
5681,0,0,0.0005527786945510347,-7.702679634094238,-0.20267973840236664,assist,no
5682,0,0,6.605211582108923e-05,-9.725625038146973,-0.10062459856271744,assist,no
5683,0,0,9.610239831667594e-05,-9.320488929748535,-0.07048875093460083,assist,no
5684,0,0,0.003172682536161884,-5.825638294219971,-0.07563819736242294,assist,no
5685,0,0,0.0001398220829385992,-8.96442985534668,-0.08942990750074387,assist,no
5686,0,0,0.0008040859954901364,-7.286484718322754,-0.16148479282855988,assist,no
5687,0,0,0.0003353500705213166,-8.202099800109863,-0.20209962129592896,assist,no
5688,0,0,0.0003799844482461776,-7.909470558166504,-0.03447038307785988,assist,no
5689,0,0,0.0001088968710862325,-9.252220153808594,-0.1272197961807251,assist,no
5690,0,0,0.00043055715828107903,-7.976227283477783,-0.22622746229171753,assist,no
5691,0,0,0.00029595698124912297,-8.225951194763184,-0.10095074772834778,assist,no
5692,0,0,0.0008040861152119515,-7.306022644042969,-0.18102286756038666,assist,no
5693,0,0,0.00012339462516599827,-9.062292098999023,-0.06229249760508537,assist,no
5694,0,0,0.09534946232842245,-2.4899888038635254,-0.239988774061203,assist,no
5695,0,0,0.37754066879814546,-1.1649965047836304,-0.6649965047836304,assist,no
5696,0,0,0.000487857122782266,-7.907415866851807,-0.28241586685180664,assist,no
5697,0,0,0.0003353499806035945,-8.349159240722656,-0.34915879368782043,assist,no
5698,0,0,0.020332352452212373,-4.102265357971191,-0.22726531326770782,assist,no
5699,0,0,0.008577486934330109,-4.892065525054932,-0.14206570386886597,assist,no
5700,0,0,0.0001795280395575333,-8.674555778503418,-0.04955616965889931,assist,no
5701,0,0,0.0004305570588789821,-7.863658428192139,-0.1136583760380745,assist,no
5702,0,0,0.010986941416197443,-4.591573715209961,-0.09157360345125198,assist,no
5703,0,0,0.10669060530721626,-2.5805611610412598,-0.4555612802505493,assist,no
5704,0,0,0.4378234991142019,-1.2403520345687866,-0.9903520345687866,assist,no
5705,0,0,0.0002305067838056173,-8.57696533203125,-0.2019656002521515,assist,no
5706,0,0,0.0004305569947486092,-7.829792022705078,-0.07979182153940201,assist,no
5707,0,0,0.06008665017400762,-3.096235990524292,-0.346235990524292,assist,no
5708,0,0,0.0006263340508459324,-7.465199947357178,-0.090199775993824,assist,no
5709,0,0,0.13296423676207594,-2.232407569885254,-0.3574075400829315,assist,no
5710,0,0,0.0002305068112778349,-8.445645332336426,-0.07064571976661682,assist,no
5711,0,0,0.00043055715828107903,-7.930522918701172,-0.1805230975151062,assist,no
5712,0,0,0.022977371248114782,-3.9614617824554443,-0.2114618420600891,assist,no
5713,0,0,0.0001795280388888593,-8.768352508544922,-0.14335289597511292,assist,no
5714,0,0,0.004070138621940107,-5.684884071350098,-0.18488429486751556,assist,no
5715,0,0,0.00023050673572924443,-8.454790115356445,-0.07979017496109009,assist,no
5716,0,0,0.0001584361954974318,-9.031733512878418,-0.28173336386680603,assist,no
5717,0,0,0.000487857122782266,-7.715089321136475,-0.09008932113647461,assist,no
5718,0,0,0.0028009266341596987,-6.080546855926514,-0.20554673671722412,assist,no
5719,0,0,0.010986942954432066,-4.714899063110352,-0.21489909291267395,assist,no
5720,0,0,0.008577486237380102,-4.827732563018799,-0.07773265987634659,assist,no
5721,0,0,0.00015843626041144913,-8.850885391235352,-0.10088565200567245,assist,no
5722,0,0,0.00026119021014711256,-8.724690437316895,-0.4746900200843811,assist,no
5723,0,0,0.0021827167698853724,-6.307555675506592,-0.18255582451820374,assist,no
5724,0,0,0.006692851023348621,-5.136850833892822,-0.13685084879398346,assist,no
5725,0,0,3.120191976271131e-05,-10.464105606079102,-0.08910587430000305,assist,no
5726,0,0,0.0010322309445614404,-7.00364351272583,-0.12864342331886292,assist,no
5727,0,0,0.11920292828022305,-2.330937385559082,-0.3309374451637268,assist,no
5728,0,0,0.00026119021792915444,-8.430356979370117,-0.18035659193992615,assist,no
5729,0,0,0.0008040858278796249,-7.327701091766357,-0.20270095765590668,assist,no
5730,0,0,0.0002959570958778797,-8.214926719665527,-0.08992666006088257,assist,no
5731,0,0,0.00970847848715727,-4.917247295379639,-0.2922475039958954,assist,no
5732,0,0,0.0031726825125985543,-5.934228420257568,-0.18422831594944,assist,no
5733,0,0,0.00037998460531281857,-8.07710075378418,-0.2021009922027588,assist,no
5734,0,0,0.004070138244421757,-5.550433158874512,-0.050433289259672165,assist,no
5735,0,0,0.05340332603345051,-3.0097708702087402,-0.13477079570293427,assist,no
5736,0,0,0.00010889688568885159,-9.267997741699219,-0.14299751818180084,assist,no
5737,0,0,0.00026119043582642,-8.339584350585938,-0.08958479762077332,assist,no
5738,0,0,0.00012339452818535594,-9.113203048706055,-0.11320266127586365,assist,no
5739,0,0,0.002182716899701462,-6.408674240112305,-0.2836744487285614,assist,no
5740,0,0,0.00023050665502964105,-8.464509010314941,-0.08950871974229813,assist,no
5741,0,0,0.00013982205064869173,-9.018078804016113,-0.14307862520217896,assist,no
5742,0,0,0.0002611904319353959,-8.430482864379883,-0.18048329651355743,assist,no
5743,0,0,0.0001795280081298582,-8.704471588134766,-0.07947180420160294,assist,no
5744,0,0,0.00020342689622682129,-8.72593879699707,-0.22593839466571808,assist,no
5745,0,0,0.007577239923211134,-5.065016269683838,-0.19001609086990356,assist,no
5746,0,0,8.481103382560723e-05,-9.437283515930176,-0.06228342279791832,assist,no
5747,0,0,0.006692849735519792,-5.288798809051514,-0.28879863023757935,assist,no
5748,0,0,0.00013982212460300687,-8.937784194946289,-0.06278454512357712,assist,no
5749,0,0,0.000379984582672578,-8.002877235412598,-0.12787741422653198,assist,no
5750,0,0,0.0007096705259094992,-7.321267604827881,-0.07126778364181519,assist,no
5751,0,0,0.005220126892946706,-5.347134590148926,-0.09713482111692429,assist,no
5752,0,0,0.000295957122330676,-8.326994895935059,-0.20199492573738098,assist,no
5753,0,0,2.7535697576848187e-05,-10.54311466217041,-0.04311489686369896,assist,no
5754,0,0,0.010986941982915435,-4.896666049957275,-0.3966659903526306,assist,no
5755,0,0,7.484624758443399e-05,-9.725759506225586,-0.22575977444648743,assist,no
5756,0,0,0.02931222905542399,-3.741346597671509,-0.241346538066864,assist,no
5757,0,0,0.00020342697653986575,-8.600781440734863,-0.10078143328428268,assist,no
5758,0,0,0.00017952797068412487,-8.738483428955078,-0.11348343640565872,assist,no
5759,0,0,0.0011695102563521749,-6.832080364227295,-0.08208035677671432,assist,no
5760,0,0,4.006368222993389e-05,-10.173867225646973,-0.04886697605252266,assist,no
5761,0,0,0.0011695105348590836,-6.841123580932617,-0.09112381190061569,assist,no
5762,0,0,0.020332349780873466,-4.12569522857666,-0.25069504976272583,assist,no
5763,0,0,0.0007096702564405903,-7.351475715637207,-0.10147551447153091,assist,no
5764,0,0,0.033085976005166884,-3.5356836318969727,-0.1606835573911667,assist,no
5765,0,0,0.0046095724528596406,-5.472439765930176,-0.09743982553482056,assist,no
5766,0,0,0.09534947261117097,-2.5359718799591064,-0.2859719693660736,assist,no
5767,0,0,0.0006263341860912028,-7.577531337738037,-0.2025313824415207,assist,no
5768,0,0,0.0003353500405487399,-8.474650382995605,-0.474650114774704,assist,no
5769,0,0,0.00012339457414773617,-9.143208503723145,-0.14320848882198334,assist,no
5770,0,0,0.0373268852023206,-3.7544636726379395,-0.5044636130332947,assist,no
5771,0,0,0.22270012850745968,-1.7671360969543457,-0.5171360373497009,assist,no
5772,0,0,0.03732689055684297,-3.4630024433135986,-0.2130025327205658,assist,no
5773,0,0,0.00037998440155070234,-8.101099967956543,-0.2260996699333191,assist,no
5774,0,0,0.0009110510858938316,-7.102138996124268,-0.10213887691497803,assist,no
5775,0,0,0.0031726830309918535,-5.867918491363525,-0.11791855096817017,assist,no
5776,0,0,0.00669285052802981,-5.288318634033203,-0.28831857442855835,assist,no
5777,0,0,2.7535684652320267e-05,-10.538196563720703,-0.03819632902741432,assist,no
5778,0,0,0.000804085887740518,-7.327770709991455,-0.2027706503868103,assist,no
5779,0,0,0.02931223202330563,-3.7392725944519043,-0.23927263915538788,assist,no
5780,0,0,8.481101265904185e-05,-9.600848197937012,-0.22584785521030426,assist,no
5781,0,0,0.00023050673229521818,-8.488322257995605,-0.11332230269908905,assist,no
5782,0,0,0.0009110512011823215,-7.0720977783203125,-0.0720977857708931,assist,no
5783,0,0,0.03308597648187432,-3.642326831817627,-0.2673267722129822,assist,no
5784,0,0,0.0002611903891341335,-8.32061767578125,-0.07061794400215149,assist,no
5785,0,0,0.000261190315204697,-8.475969314575195,-0.22596929967403412,assist,no
5786,0,0,0.01798620785653302,-4.201099872589111,-0.20109975337982178,assist,no
5787,0,0,0.0009110510180770795,-7.203025817871094,-0.20302562415599823,assist,no
5788,0,0,0.000911051207963998,-7.161835670471191,-0.1618356853723526,assist,no
5789,0,0,0.00023050661553835608,-8.424125671386719,-0.04912520945072174,assist,no
5790,0,0,0.10669058826486906,-2.4675068855285645,-0.3425068259239197,assist,no
5791,0,0,0.0028009265092992313,-5.980202674865723,-0.10520251095294952,assist,no
5792,0,0,5.144220377758922e-05,-9.964224815368652,-0.08922462165355682,assist,no
5793,0,0,0.0001584362509694086,-8.850581169128418,-0.10058137029409409,assist,no
5794,0,0,0.0002305066292744544,-8.437549591064453,-0.06254918873310089,assist,no
5795,0,0,0.1645164792819756,-2.0615439414978027,-0.4365440607070923,assist,no
5796,0,0,0.0028009265092992313,-5.929858207702637,-0.054858043789863586,assist,no
5797,0,0,0.005220126080457822,-5.457913398742676,-0.20791347324848175,assist,no
5798,0,0,0.0015011821673938809,-6.58131217956543,-0.08131211996078491,assist,no
5799,0,0,0.00048785722450755167,-7.8056769371032715,-0.1806771457195282,assist,no
5800,0,0,0.001926734606016944,-6.396596908569336,-0.14659687876701355,assist,no
5801,0,0,9.610237039463572e-05,-9.312341690063477,-0.062341220676898956,assist,no
5802,0,0,0.020332355123551627,-4.061266899108887,-0.18626698851585388,assist,no
5803,0,0,0.0002611902665669211,-8.363338470458984,-0.11333826929330826,assist,no
5804,0,0,5.82912404729936e-05,-9.863056182861328,-0.1130557507276535,assist,no
5805,0,0,0.0006263341301276389,-7.5029473304748535,-0.12794728577136993,assist,no
5806,0,0,0.1480471980316895,-2.28783917427063,-0.5378391742706299,assist,no
5807,0,0,2.753569624336487e-05,-10.579055786132812,-0.07905597239732742,assist,no
5808,0,0,0.00017952791050349827,-8.67405891418457,-0.04905858635902405,assist,no
5809,0,0,0.0040701381085151605,-5.555736064910889,-0.05573616176843643,assist,no
5810,0,0,0.00017952788643125331,-8.714438438415527,-0.08943797647953033,assist,no
5811,0,0,0.0003353501629367784,-8.101104736328125,-0.10110483318567276,assist,no
5812,0,0,0.0006263340461823029,-7.628013610839844,-0.2530134320259094,assist,no
5813,0,0,0.0007096702722916998,-7.393679618835449,-0.1436794400215149,assist,no
5814,0,0,0.014063630142502889,-4.3452229499816895,-0.09522317349910736,assist,no
5815,0,0,0.004609571358918011,-5.60657262802124,-0.2315724492073059,assist,no
5816,0,0,0.00017952793457574653,-8.752413749694824,-0.1274135559797287,assist,no
5817,0,0,0.008577485096916576,-4.812981605529785,-0.06298156827688217,assist,no
5818,0,0,0.005911067455265844,-5.275710105895996,-0.150709867477417,assist,no
5819,0,0,0.2018132174596823,-1.767003059387207,-0.39200302958488464,assist,no
5820,0,0,0.00037998439589064507,-8.055591583251953,-0.18059127032756805,assist,no
5821,0,0,0.00020342694774839332,-8.643168449401855,-0.14316830039024353,assist,no
5822,0,0,0.0006263340275277853,-7.628033638000488,-0.25303342938423157,assist,no
5823,0,0,0.0009110512622174105,-7.144193649291992,-0.14419372379779816,assist,no
5824,0,0,0.02033235408469743,-3.9926717281341553,-0.11767176538705826,assist,no
5825,0,0,0.0019267346919827415,-6.4132795333862305,-0.16327954828739166,assist,no
5826,0,0,0.00026119024905732415,-8.37771224975586,-0.12771198153495789,assist,no
5827,0,0,0.0011695100039553462,-6.894587993621826,-0.14458777010440826,assist,no
5828,0,0,0.0017007227150309691,-6.658254623413086,-0.28325480222702026,assist,no
5829,0,0,0.015906389379279733,-4.308560848236084,-0.18356069922447205,assist,no
5830,0,0,0.00017952800545516275,-8.725743293762207,-0.10074349492788315,assist,no
5831,0,0,0.00048785718454404407,-7.696042060852051,-0.07104218751192093,assist,no
5832,0,0,0.01406362497707424,-4.430503845214844,-0.1805036962032318,assist,no
5833,0,0,0.0028009268422604905,-6.079880237579346,-0.20488019287586212,assist,no
5834,0,0,0.0017007220698902112,-6.4684977531433105,-0.09349755197763443,assist,no
5835,0,0,0.0002611902334932388,-8.452198028564453,-0.20219770073890686,assist,no
5836,0,0,0.00013982210064597092,-9.035701751708984,-0.1607019305229187,assist,no
5837,0,0,0.0004305570973572105,-7.840067386627197,-0.09006742388010025,assist,no
5838,0,0,0.010986940039882433,-4.645821571350098,-0.14582133293151855,assist,no
5839,0,0,0.0002611903424418554,-8.410959243774414,-0.16095933318138123,assist,no
5840,0,0,0.0007096702511568873,-7.503039836883545,-0.2530396282672882,assist,no
5841,0,0,0.003172683243061864,-5.868342876434326,-0.11834300309419632,assist,no
5842,0,0,0.00010889694491060464,-9.187337875366211,-0.062338195741176605,assist,no
5843,0,0,0.0003353500511640272,-8.017145156860352,-0.01714492030441761,assist,no
5844,0,0,0.00026119024516630264,-8.363590240478516,-0.11358995735645294,assist,no
5845,0,0,0.014063626423394072,-4.429624080657959,-0.1796240359544754,assist,no
5846,0,0,0.06008665017400762,-3.2308406829833984,-0.48084068298339844,assist,no
5847,0,0,0.0003353500305578816,-8.180502891540527,-0.18050259351730347,assist,no
5848,0,0,0.00037998448362154145,-7.964701175689697,-0.0897010937333107,assist,no
5849,0,0,0.00023050676320145628,-8.62740707397461,-0.2524072527885437,assist,no
5850,0,0,0.00037998460531281857,-8.12759017944336,-0.2525904178619385,assist,no
5851,0,0,0.004609571803331766,-5.495523929595947,-0.1205238476395607,assist,no
5852,0,0,0.0010322312019346441,-6.925790786743164,-0.050790946930646896,assist,no
5853,0,0,0.00029595706501628696,-8.195650100708008,-0.07064993679523468,assist,no
5854,0,0,0.0002611902938040745,-8.339679718017578,-0.08967962116003036,assist,no
5855,0,0,0.025957357951306048,-3.762589931488037,-0.1375899612903595,assist,no
5856,0,0,0.022977371917159397,-4.087849140167236,-0.3378492295742035,assist,no
5857,0,0,0.0001088968743312588,-9.252349853515625,-0.12734952569007874,assist,no
5858,0,0,0.060086652698692546,-2.9517107009887695,-0.2017107456922531,assist,no
5859,0,0,0.020332353342658753,-3.9994893074035645,-0.12448930740356445,assist,no
5860,0,0,0.0024726235976810437,-6.1639885902404785,-0.16398876905441284,assist,no
5861,0,0,5.829125610701338e-05,-9.820194244384766,-0.07019408047199249,assist,no
5862,0,0,0.00017952798673229534,-8.738605499267578,-0.11360559612512589,assist,no
5863,0,0,9.610243697797577e-05,-9.363386154174805,-0.1133863776922226,assist,no
5864,0,0,0.0003799845430521603,-7.937910079956055,-0.06291015446186066,assist,no
5865,0,0,0.00020342694774839332,-8.64334487915039,-0.1433447301387787,assist,no
5866,0,0,0.0006263340578413767,-7.409693717956543,-0.034693557769060135,assist,no
5867,0,0,0.18242552380635632,-1.9996817111968994,-0.4996817111968994,assist,no
5868,0,0,0.00012339459437118888,-9.201855659484863,-0.20185580849647522,assist,no
5869,0,0,0.06008665522337757,-2.971646785736084,-0.22164687514305115,assist,no
5870,0,0,0.0010322312211416022,-6.989383697509766,-0.11438387632369995,assist,no
5871,0,0,0.007577241155806661,-4.9767279624938965,-0.10172794759273529,assist,no
5872,0,0,0.0001584361860553951,-9.002548217773438,-0.2525480091571808,assist,no
5873,0,0,0.0011695101432087622,-6.840938568115234,-0.09093846380710602,assist,no
5874,0,0,0.08509904500702024,-2.809889554977417,-0.434889554977417,assist,no
5875,0,0,0.0001233946141350209,-9.055383682250977,-0.055383991450071335,assist,no
5876,0,0,0.00015843624742864355,-8.839373588562012,-0.08937376737594604,assist,no
5877,0,0,0.0017007225885327618,-6.47819185256958,-0.10319195687770844,assist,no
5878,0,0,0.005911070169660925,-5.312932968139648,-0.18793319165706635,assist,no
5879,0,0,0.00023050673572924443,-8.6570405960083,-0.28204065561294556,assist,no
5880,0,0,0.00012339463206035962,-9.100570678710938,-0.10057113319635391,assist,no
5881,0,0,0.005911068418438151,-5.262231349945068,-0.1372312754392624,assist,no
5882,0,0,9.610246132028366e-05,-9.350578308105469,-0.10057878494262695,assist,no
5883,0,0,0.00020342702048475257,-8.70262336730957,-0.20262357592582703,assist,no
5884,0,0,0.22270014914315833,-1.797452449798584,-0.5474525094032288,assist,no
5885,0,1,0.5621765008857981,-1.0250465869903564,-1.2750465869903564,assist,Yes
5886,0,0,0.004070138682343046,-5.666282653808594,-0.16628289222717285,assist,no
5887,0,0,0.0008040860912675871,-7.2866926193237305,-0.161692813038826,assist,no
5888,0,0,4.006370416864139e-05,-10.154884338378906,-0.029884636402130127,assist,no
5889,0,0,0.0007096702722916998,-7.321868896484375,-0.07186871767044067,assist,no
5890,0,0,0.000158436176613359,-8.893177032470703,-0.14317676424980164,assist,no
5891,0,0,0.02931223159932252,-3.6878268718719482,-0.18782690167427063,assist,no
5892,0,0,0.2942149597859341,-1.586641788482666,-0.7116417288780212,assist,no
5893,0,0,0.010986943116351513,-4.738285541534424,-0.2382855862379074,assist,no
5894,0,0,0.00033535006552588696,-8.12757682800293,-0.12757663428783417,assist,no
5895,0,0,0.00026119040858925185,-8.339622497558594,-0.08962284028530121,assist,no
5896,0,0,0.0015011825917737032,-6.6450605392456055,-0.14506076276302338,assist,no
5897,0,0,0.007577242164294059,-5.086679458618164,-0.2116795778274536,assist,no
5898,0,0,6.605214977559133e-05,-9.752230644226074,-0.1272307187318802,assist,no
5899,0,0,0.004070137595090279,-5.7305588722229,-0.230558842420578,assist,no
5900,0,0,0.00026119019847405025,-8.393475532531738,-0.14347507059574127,assist,no
5901,0,0,0.0006263341487821595,-7.519244194030762,-0.14424417912960052,assist,no
5902,0,0,0.0015011825917737032,-6.545840740203857,-0.04584096372127533,assist,no
5903,0,0,8.48110480419601e-05,-9.555000305175781,-0.18000037968158722,assist,no
5904,0,0,8.48110685766962e-05,-9.430299758911133,-0.05530007556080818,assist,no
5905,0,0,0.053403329046549465,-3.107473850250244,-0.23247383534908295,assist,no
5906,0,0,0.09534947132582737,-2.4900994300842285,-0.24009950459003448,assist,no
5907,0,0,0.00048785714458053967,-7.704738616943359,-0.07973866164684296,assist,no
5908,0,0,0.00020342696290179938,-8.549478530883789,-0.04947845637798309,assist,no
5909,0,0,0.00026119025392110095,-8.288915634155273,-0.03891538456082344,assist,no
5910,0,0,0.02931223202330563,-3.677668333053589,-0.17766837775707245,assist,no
5911,0,0,0.00015843624742864355,-8.910723686218262,-0.16072386503219604,assist,no
5912,0,0,0.00013982209022986961,-9.018228530883789,-0.14322863519191742,assist,no
5913,0,0,0.00023050672886119197,-8.518263816833496,-0.14326384663581848,assist,no
5914,0,0,0.00013982209856275063,-9.002342224121094,-0.12734238803386688,assist,no
5915,0,0,0.022977371248114782,-3.958566904067993,-0.20856696367263794,assist,no
5916,0,0,0.015906388562892566,-4.229466438293457,-0.10446623712778091,assist,no
5917,0,0,0.00013982204231581362,-8.975717544555664,-0.10071730613708496,assist,no
5918,0,0,0.006692850032711038,-5.169900894165039,-0.16990076005458832,assist,no
5919,0,0,0.004609572316116922,-5.560906410217285,-0.18590644001960754,assist,no
5920,0,0,0.0001398221058540219,-8.964314460754395,-0.08931467682123184,assist,no
5921,0,0,0.008577486237380102,-4.851353168487549,-0.10135326534509659,assist,no
5922,0,0,0.015906393344589397,-4.289122104644775,-0.16412220895290375,assist,no
5923,0,0,0.012431651127600503,-4.445428848266602,-0.07042887061834335,assist,no
5924,0,0,0.2942149597859341,-1.5487408638000488,-0.673740804195404,assist,no
5925,0,0,0.0009110512757807642,-7.080699920654297,-0.08070001006126404,assist,no
5926,0,0,0.012431650121413363,-4.669121742248535,-0.2941216826438904,assist,no
5927,0,0,0.008577487441202876,-5.011317253112793,-0.26131749153137207,assist,no
5928,0,0,0.000552778571063681,-7.601363182067871,-0.10136306285858154,assist,no
5929,0,0,0.0011695102476488354,-6.894425392150879,-0.1444253772497177,assist,no
5930,0,0,0.0013250222594674832,-6.940081596374512,-0.31508147716522217,assist,no
5931,0,0,0.01590639427760358,-4.273684501647949,-0.14868466556072235,assist,no
5932,0,0,0.0008040860074623171,-7.378173828125,-0.25317391753196716,assist,no
5933,0,0,0.0009110512350907039,-7.144033908843994,-0.14403395354747772,assist,no
5934,0,0,0.0011695103781989395,-6.852138996124268,-0.10213909298181534,assist,no
5935,0,0,0.014063627456479755,-4.468469619750977,-0.21846964955329895,assist,no
5936,0,0,0.0003799844298509897,-8.002760887145996,-0.12776066362857819,assist,no
5937,0,0,0.0007096703726820679,-7.330833435058594,-0.08083339780569077,assist,no
5938,0,0,0.0002034270416995289,-8.701908111572266,-0.2019084244966507,assist,no
5939,0,0,0.0002305067872396443,-8.555395126342773,-0.18039540946483612,assist,no
5940,0,0,0.004070137534687356,-5.648006916046143,-0.148006871342659,assist,no
5941,0,0,1.6701426669882813e-05,-11.018211364746094,-0.01821165345609188,assist,no
5942,0,0,0.11920292515117029,-2.413222312927246,-0.4132223427295685,assist,no
5943,0,0,7.484622304976247e-05,-9.701674461364746,-0.20167440176010132,assist,no
5944,0,0,0.09534945718704857,-2.554973602294922,-0.3049735128879547,assist,no
5945,0,0,0.00591106763038807,-5.412925720214844,-0.28792551159858704,assist,no
5946,0,0,0.0015011820277952813,-6.551631927490234,-0.05163177475333214,assist,no
5947,0,0,0.022977364557669702,-4.002215385437012,-0.2522151470184326,assist,no
5948,0,0,0.00020342704473021137,-8.752622604370117,-0.25262293219566345,assist,no
5949,0,0,0.0001584362108407426,-8.863444328308105,-0.11344427615404129,assist,no
5950,0,0,8.481106826077716e-05,-9.437341690063477,-0.06234200298786163,assist,no
5951,0,0,0.0001398221068956321,-9.055087089538574,-0.18008731305599213,assist,no
5952,0,0,0.0004878570610204957,-7.738797664642334,-0.11379753798246384,assist,no
5953,0,0,2.144494906000952e-05,-10.839071273803711,-0.08907130360603333,assist,no
5954,0,0,0.10669059678604234,-2.3694980144500732,-0.24449804425239563,assist,no
5955,0,0,0.02931223202330563,-3.703610897064209,-0.20361094176769257,assist,no
5956,0,0,0.02931222820745785,-3.8435475826263428,-0.3435474932193756,assist,no
5957,0,0,0.01590639299470909,-4.243851661682129,-0.11885174363851547,assist,no
5958,0,0,0.00023050662584042975,-8.576906204223633,-0.20190578699111938,assist,no
5959,0,0,0.00013982206054398514,-8.93745231628418,-0.06245220825076103,assist,no
5960,0,0,0.0004878571954431821,-7.877954959869385,-0.2529551088809967,assist,no
5961,0,0,0.001169510508749058,-6.953007698059082,-0.20300790667533875,assist,no
5962,0,0,0.0005527787274810003,-7.6807332038879395,-0.18073336780071259,assist,no
5963,0,0,0.0003353502603476981,-8.14332389831543,-0.14332428574562073,assist,no
5964,0,0,0.5,-1.084038257598877,-1.084038257598877,assist,no
5965,0,0,0.0019267345487064141,-6.4326324462890625,-0.18263238668441772,assist,no
5966,0,0,3.1201920692571975e-05,-10.464226722717285,-0.08922702074050903,assist,no
5967,0,0,0.00013982210481241168,-9.035577774047852,-0.16057798266410828,assist,no
5968,0,0,0.04208773061904093,-3.216120481491089,-0.09112054854631424,assist,no
5969,0,0,0.00013982205377352115,-8.964506149291992,-0.08950599282979965,assist,no
5970,0,0,0.000203426975024525,-8.562524795532227,-0.06252478063106537,assist,no
5971,0,0,0.0002611903774610632,-8.393362998962402,-0.14336322247982025,assist,no
5972,0,0,0.001325022545381538,-6.706813812255859,-0.08181390911340714,assist,no
5973,0,0,0.00012339458517871,-9.180049896240234,-0.18004997074604034,assist,no
5974,0,0,0.00010889687919879841,-9.252267837524414,-0.12726755440235138,assist,no
5975,0,0,0.00010889692625169268,-9.28561782836914,-0.16061797738075256,assist,no
5976,0,0,9.610239616882642e-05,-9.329381942749023,-0.07938174158334732,assist,no
5977,0,0,0.0004305571005637297,-7.893496513366699,-0.1434965580701828,assist,no
5978,0,0,0.0001233946127561488,-9.100749015808105,-0.10074931383132935,assist,no
5979,0,0,0.0006263342140729864,-7.489089012145996,-0.11408910155296326,assist,no
5980,0,0,0.0004878572099753667,-7.851374626159668,-0.2263748049736023,assist,no
5981,0,0,0.033085976958581766,-3.525197744369507,-0.15019769966602325,assist,no
5982,0,0,0.0006263341907548331,-7.46523904800415,-0.09023910015821457,assist,no
5983,0,0,5.144220531060752e-05,-10.017966270446777,-0.1429661065340042,assist,no
5984,0,0,0.0019267344913958867,-6.504647254943848,-0.2546471655368805,assist,no
5985,0,0,0.001700722133139294,-6.556983947753906,-0.18198378384113312,assist,no
5986,0,0,0.00020342701896941147,-8.600743293762207,-0.10074349492788315,assist,no
5987,0,0,0.017986209435701905,-4.155768394470215,-0.15576836466789246,assist,no
5988,0,0,0.00015843625451017376,-8.893099784851074,-0.14310000836849213,assist,no
5989,0,0,0.37754066879814546,-1.3481907844543457,-0.8481907844543457,assist,no
5990,0,0,0.007577242920659696,-4.921122074127197,-0.046122293919324875,assist,no
5991,0,0,0.0005527787521784759,-7.62839937210083,-0.1283995807170868,assist,no
5992,0,0,0.00522012445548043,-5.830291748046875,-0.5802915096282959,assist,no
5993,0,0,0.00020342694320237174,-8.6134672164917,-0.11346704512834549,assist,no
5994,0,0,0.01590639077880068,-4.3984456062316895,-0.2734455466270447,assist,no
5995,0,0,0.003172682748231862,-6.067150115966797,-0.3171500861644745,assist,no
5996,0,0,0.0013250224369313723,-6.85269021987915,-0.22769023478031158,assist,no
5997,0,0,0.0031726833137518703,-5.834654808044434,-0.08465495705604553,assist,no
5998,0,0,0.00020342700533134222,-8.57934284210205,-0.07934297621250153,assist,no
5999,0,0,0.2689414213699951,-1.665158987045288,-0.6651589870452881,assist,no
