idx,y_true,y_pred,p_yes,lp_yes,lp_no,mode,raw_text
0,1,0,0.06754668644694548,-2.768683433532715,-0.14368335902690887,attack,No
1,1,0,0.22270013882530884,-1.5667049884796143,-0.31670498847961426,attack,No
2,1,1,0.6224593312018546,-0.4934459924697876,-0.9934459924697876,attack,Yes
3,1,1,0.9706877687186648,-0.0582895465195179,-3.5582895278930664,attack,Yes
4,1,1,0.6791786861878392,-0.42254143953323364,-1.1725413799285889,attack,Yes
5,1,0,0.4378234991142019,-0.8683475255966187,-0.6183475255966187,attack,No
6,1,1,0.754914975839675,-0.33570200204849243,-1.4607019424438477,attack,Yes
7,1,1,0.9890130585433228,-0.024066340178251266,-4.52406644821167,attack,Yes
8,1,0,0.32082129433083023,-1.1762796640396118,-0.42627963423728943,attack,No
9,1,1,0.8807970889295664,-0.16012872755527496,-2.1601288318634033,attack,Yes
10,1,0,0.060086652698692546,-2.8730130195617676,-0.12301306426525116,attack,No
11,1,1,0.9820137931633468,-0.023338617756962776,-4.023338794708252,attack,Yes
12,1,0,0.18242553047372242,-1.7314164638519287,-0.2314165085554123,attack,No
13,1,1,0.5926665999540697,-0.5508108139038086,-0.9258108139038086,attack,Yes
14,1,1,0.9046505338155469,-0.1177063137292862,-2.367706298828125,attack,Yes
15,1,1,0.8354835350552604,-0.20098616182804108,-1.8259861469268799,attack,Yes
16,1,1,0.8175744828610095,-0.23497863113880157,-1.7349786758422852,attack,Yes
17,1,1,0.7772998663336157,-0.2765236794948578,-1.5265237092971802,attack,Yes
18,1,1,0.9399133473013074,-0.07506828010082245,-2.825068235397339,attack,Yes
19,1,1,0.7772998663336157,-0.27514633536338806,-1.5251463651657104,attack,Yes
20,1,1,0.9626731151992686,-0.0443379171192646,-3.2943379878997803,attack,Yes
21,1,1,0.9241418184118162,-0.08605840057134628,-2.5860583782196045,attack,Yes
22,1,1,0.9149009497722478,-0.11672527343034744,-2.491725206375122,attack,Yes
23,1,1,0.9399133519298963,-0.0746891126036644,-2.8246891498565674,attack,Yes
24,1,1,0.9324533088603709,-0.0830373764038086,-2.7080373764038086,attack,Yes
25,1,0,0.1329642264548166,-2.0589637756347656,-0.18396365642547607,attack,No
26,1,0,0.2689414096510108,-1.3622398376464844,-0.3622397780418396,attack,No
27,1,1,0.9046505421702796,-0.12430182844400406,-2.3743019104003906,attack,Yes
28,1,0,0.13296423160844623,-2.0512001514434814,-0.17620007693767548,attack,No
29,1,1,0.9579122690805788,-0.05715306103229523,-3.1821529865264893,attack,Yes
30,1,1,0.8933094145755219,-0.1357831060886383,-2.2607831954956055,attack,Yes
31,1,0,0.46879062662624377,-0.8039865493774414,-0.6789865493774414,attack,No
32,1,0,0.022977371582637088,-3.803457021713257,-0.053457096219062805,attack,No
33,1,0,0.022977372084420553,-3.821770429611206,-0.07177052646875381,attack,No
34,1,1,0.9740426399765436,-0.03697025030851364,-3.6619701385498047,attack,Yes
35,1,1,0.7549149868676283,-0.3242374658584595,-1.4492374658584595,attack,Yes
36,1,0,0.033085981487302796,-3.443281412124634,-0.06828150898218155,attack,No
37,1,1,0.798186775339273,-0.24432887136936188,-1.6193288564682007,attack,Yes
38,1,0,0.5,-0.7532107830047607,-0.7532107830047607,attack,No
39,1,0,0.18242551936144574,-1.7179845571517944,-0.21798452734947205,attack,No
40,1,1,0.9525741315347259,-0.06366099417209625,-3.0636610984802246,attack,Yes
41,1,1,0.9149009584734678,-0.09922333061695099,-2.4742233753204346,attack,Yes
42,1,1,0.9046505286741726,-0.11390860378742218,-2.363908529281616,attack,Yes
43,1,0,0.3208212878370535,-1.1715798377990723,-0.4215797781944275,attack,No
44,1,1,0.9324533036984186,-0.09056504815816879,-2.7155649662017822,attack,Yes
45,1,0,0.46879062662624377,-0.7940003275871277,-0.6690003275871277,attack,No
46,1,1,0.880797081106935,-0.14100071787834167,-2.141000747680664,attack,Yes
47,1,1,0.880797081106935,-0.14313575625419617,-2.1431357860565186,attack,Yes
48,1,1,0.5312093733737563,-0.6547467708587646,-0.7797467708587646,attack,Yes
49,1,0,0.04208773001828046,-3.206754207611084,-0.08175425976514816,attack,No
50,1,0,0.06754668832401889,-2.738570213317871,-0.11357016861438751,attack,No
51,1,1,0.9875683484379096,-0.02148204855620861,-4.396481990814209,attack,Yes
52,1,1,0.9324533069832973,-0.08559277653694153,-2.710592746734619,attack,Yes
53,1,0,0.020332353936289693,-3.9389917850494385,-0.06399181485176086,attack,No
54,1,1,0.8933094145755219,-0.12855830788612366,-2.253558397293091,attack,Yes
55,1,0,0.32082129433083023,-1.1798466444015503,-0.4298466145992279,attack,No
56,1,0,0.4073334000459302,-0.9201191067695618,-0.5451191067695618,attack,No
57,1,1,0.9525741253077676,-0.056400809437036514,-3.056400775909424,attack,Yes
58,1,1,0.9579122735862822,-0.056994639337062836,-3.181994676589966,attack,Yes
59,1,1,0.9706877718985378,-0.0454648993909359,-3.5454649925231934,attack,Yes
60,1,1,0.7981867777396212,-0.2473832368850708,-1.6223832368850708,attack,Yes
61,1,1,0.8807970732843035,-0.15326671302318573,-2.153266668319702,attack,Yes
62,1,1,0.7772998663336157,-0.2829706370830536,-1.532970666885376,attack,Yes
63,1,0,0.20181321265898594,-1.630770206451416,-0.25577014684677124,attack,No
64,1,0,0.37754066879814546,-1.0013223886489868,-0.5013223886489868,attack,No
65,1,1,0.9241418184118162,-0.09451606124639511,-2.5945160388946533,attack,Yes
66,1,1,0.9890130582397237,-0.022553840652108192,-4.52255392074585,attack,Yes
67,1,1,0.9046505383142494,-0.11589499562978745,-2.3658950328826904,attack,Yes
68,1,1,0.982013794117428,-0.028682954609394073,-4.028683185577393,attack,Yes
69,1,0,0.46879062662624377,-0.8068541884422302,-0.6818541884422302,attack,No
70,1,0,0.4073334000459302,-0.9205570220947266,-0.5455570220947266,attack,No
71,1,1,0.9525741301883566,-0.06497947871685028,-3.0649795532226562,attack,Yes
72,1,0,0.0600866447038573,-2.8420088291168213,-0.09200873225927353,attack,No
73,1,0,0.32082130082460697,-1.1820646524429321,-0.43206465244293213,attack,No
74,1,0,0.22270012850745968,-1.5380444526672363,-0.28804439306259155,attack,No
75,1,0,0.18242553047372242,-1.7393444776535034,-0.239344522356987,attack,No
76,1,0,0.07585817218654307,-2.5998051166534424,-0.09980500489473343,attack,No
77,1,1,0.7772998611746911,-0.271420955657959,-1.521420955657959,attack,Yes
78,1,1,0.9046505402422645,-0.11318796873092651,-2.3631880283355713,attack,Yes
79,1,1,0.8519528076067262,-0.1923787146806717,-1.9423787593841553,attack,Yes
80,1,1,0.966914024948248,-0.040115490555763245,-3.4151155948638916,attack,Yes
81,1,1,0.9046505434556232,-0.11635532230138779,-2.3663554191589355,attack,Yes
82,1,1,0.9241418189341297,-0.09188129007816315,-2.591881275177002,attack,Yes
83,1,1,0.731058584489497,-0.34426650404930115,-1.3442665338516235,attack,Yes
84,1,0,0.14804719239327382,-1.9400160312652588,-0.1900159865617752,attack,No
85,1,1,0.9840936094836095,-0.02779523842036724,-4.152795314788818,attack,Yes
86,1,0,0.22270014398423357,-1.5587319135665894,-0.30873194336891174,attack,No
87,1,1,0.9740426456278624,-0.033740170300006866,-3.658740282058716,attack,Yes
88,1,1,0.9579122732859019,-0.05067083239555359,-3.175670862197876,attack,Yes
89,1,1,0.957912274637613,-0.058999475091695786,-3.183999538421631,attack,Yes
90,1,1,0.5312093733737563,-0.6771160364151001,-0.8021160364151001,attack,Yes
91,1,1,0.9149009474519222,-0.10433898121118546,-2.4793388843536377,attack,Yes
92,1,0,0.012431653597332908,-4.450160503387451,-0.07516072690486908,attack,No
93,1,1,0.8354835350552604,-0.19919027388095856,-1.8241902589797974,attack,Yes
94,1,1,0.5926665999540697,-0.5596466660499573,-0.9346466660499573,attack,Yes
95,1,1,0.8519528000888387,-0.1864425092935562,-1.936442494392395,attack,Yes
96,1,0,0.2942149845400438,-1.248382329940796,-0.3733823895454407,attack,No
97,1,1,0.651354857898194,-0.4599970877170563,-1.0849970579147339,attack,Yes
98,1,1,0.7549149868676283,-0.3224259614944458,-1.4474259614944458,attack,Yes
99,1,1,0.7981867825403176,-0.2560746371746063,-1.6310746669769287,attack,Yes
100,1,0,0.07585817897661679,-2.6000773906707764,-0.10007737576961517,attack,No
101,1,1,0.9626731097108832,-0.0446985587477684,-3.294698476791382,attack,Yes
102,1,1,0.979667647807501,-0.02788323350250721,-3.902883291244507,attack,Yes
103,1,0,0.20181322226037882,-1.6520936489105225,-0.27709364891052246,attack,No
104,1,1,0.7772998508568416,-0.27026110887527466,-1.5202610492706299,attack,Yes
105,1,1,0.9324533022906132,-0.08185850083827972,-2.7068583965301514,attack,Yes
106,1,1,0.9770226317625857,-0.034094974398612976,-3.784095048904419,attack,Yes
107,1,1,0.7772998611746911,-0.2678779363632202,-1.5178779363632202,attack,Yes
108,1,0,0.37754066879814546,-1.0267888307571411,-0.5267888307571411,attack,No
109,1,1,0.6224593452091672,-0.5079891085624695,-1.0079891681671143,attack,Yes
110,1,1,0.7981867825403176,-0.2535352408885956,-1.628535270690918,attack,Yes
111,1,0,0.46879062662624377,-0.7921280264854431,-0.6671280264854431,attack,No
112,1,1,0.6513548511303336,-0.4640193581581116,-1.0890192985534668,attack,Yes
113,1,1,0.6224593452091672,-0.5225314497947693,-1.022531509399414,attack,Yes
114,1,0,0.2689414272294874,-1.340700626373291,-0.3407006561756134,attack,No
115,1,1,0.904650530602188,-0.11025934666395187,-2.3602592945098877,attack,Yes
116,1,0,0.4073334000459302,-0.9134173393249512,-0.5384173393249512,attack,No
117,1,0,0.29421496597446145,-1.2664755582809448,-0.39147552847862244,attack,No
118,1,1,0.8933093946927838,-0.1281057596206665,-2.253105640411377,attack,Yes
119,1,1,0.9579122693809591,-0.05593187361955643,-3.180931806564331,attack,Yes
120,1,0,0.11920293140927592,-2.153164863586426,-0.15316495299339294,attack,No
121,1,1,0.957912268029248,-0.05191860720515251,-3.1769185066223145,attack,Yes
122,1,1,0.9324533097989077,-0.08490465581417084,-2.709904670715332,attack,Yes
123,1,1,0.9914225155049947,-0.01568211242556572,-4.765682220458984,attack,Yes
124,1,1,0.6791786926816161,-0.446179062128067,-1.1961790323257446,attack,Yes
125,1,1,0.9669140181551665,-0.04471360519528389,-3.4197134971618652,attack,Yes
126,1,0,0.0085774865858551,-4.792662620544434,-0.04266275838017464,attack,No
127,1,1,0.798186768138228,-0.27177220582962036,-1.6467721462249756,attack,Yes
128,1,1,0.6791787056691698,-0.4232740104198456,-1.173274040222168,attack,Yes
129,1,1,0.8670357683915538,-0.15828220546245575,-2.0332822799682617,attack,Yes
130,1,1,0.9579122701319096,-0.05271415784955025,-3.1777141094207764,attack,Yes
131,1,1,0.9626731127897337,-0.054150816053152084,-3.3041508197784424,attack,Yes
132,1,0,0.24508500210441886,-1.453369140625,-0.3283690810203552,attack,No
133,1,1,0.9579122710330503,-0.05537011846899986,-3.1803700923919678,attack,Yes
134,1,0,0.24508501313237172,-1.4355032444000244,-0.3105032444000244,attack,No
135,1,1,0.8354835289107309,-0.2087422013282776,-1.8337421417236328,attack,Yes
136,1,1,0.6791787121629466,-0.4113397002220154,-1.1613397598266602,attack,Yes
137,1,1,0.7772998663336157,-0.28535446524620056,-1.535354495048523,attack,Yes
138,1,0,0.37754066879814546,-1.0077685117721558,-0.5077685117721558,attack,No
139,1,0,0.4378234991142019,-0.8812186121940613,-0.6312186121940613,attack,No
140,1,1,0.9770226285846242,-0.03283316642045975,-3.7828330993652344,attack,Yes
141,1,1,0.817574478416099,-0.22795270383358002,-1.7279527187347412,attack,Yes
142,1,0,0.08509904152653235,-2.511460542678833,-0.13646049797534943,attack,No
143,1,0,0.5,-0.7111682295799255,-0.7111682295799255,attack,No
144,1,0,0.5,-0.7324533462524414,-0.7324533462524414,attack,No
145,1,1,0.9890130587052423,-0.03226601704955101,-4.532266139984131,attack,Yes
146,1,1,0.9525741288419872,-0.05972619354724884,-3.0597262382507324,attack,Yes
147,1,1,0.7310585903489892,-0.346230685710907,-1.3462307453155518,attack,Yes
148,1,1,0.8670357460591569,-0.15756475925445557,-2.032564640045166,attack,Yes
149,1,0,0.5,-0.7236713171005249,-0.7236713171005249,attack,No
150,1,0,0.5,-0.726506233215332,-0.726506233215332,attack,No
151,1,1,0.9149009636941993,-0.10623157769441605,-2.481231689453125,attack,Yes
152,1,1,0.7057850216484838,-0.3839336931705475,-1.258933663368225,attack,Yes
153,1,1,0.8670357701094303,-0.16041460633277893,-2.035414695739746,attack,Yes
154,1,1,0.9465966750964616,-0.063990019261837,-2.9389901161193848,attack,Yes
155,1,0,0.08509904036636974,-2.533456563949585,-0.15845650434494019,attack,No
156,1,1,0.9626731087738417,-0.05351291969418526,-3.3035128116607666,attack,Yes
157,1,1,0.679178699175393,-0.397741436958313,-1.147741436958313,attack,Yes
158,1,1,0.8933093961129795,-0.13401947915554047,-2.259019374847412,attack,Yes
159,1,1,0.9046505312448597,-0.1277018040418625,-2.377701759338379,attack,Yes
160,1,1,0.6513548646660542,-0.4649621248245239,-1.089962124824524,attack,Yes
161,1,1,0.8933094003735664,-0.12626653909683228,-2.2512664794921875,attack,Yes
162,1,1,0.679178699175393,-0.41700756549835205,-1.167007565498352,attack,Yes
163,1,1,0.952574129515172,-0.06631797552108765,-3.0663180351257324,attack,Yes
164,1,1,0.7310585786300049,-0.33561277389526367,-1.3356127738952637,attack,Yes
165,1,0,0.3486451217982255,-1.0881767272949219,-0.4631766676902771,attack,No
166,1,1,0.9669140194661121,-0.047279901802539825,-3.4222798347473145,attack,Yes
167,1,0,0.37754066879814546,-0.9936347603797913,-0.49363476037979126,attack,No
168,1,1,0.9241418173671895,-0.08968833833932877,-2.589688301086426,attack,Yes
169,1,1,0.7057850278370112,-0.37020838260650635,-1.2452083826065063,attack,Yes
170,1,1,0.9046505261034853,-0.11312495172023773,-2.3631248474121094,attack,Yes
171,1,1,0.6791786926816161,-0.41466668248176575,-1.1646666526794434,attack,Yes
172,1,0,0.3486451421018059,-1.1060129404067993,-0.4810129702091217,attack,No
173,1,0,0.2689414213699951,-1.3413621187210083,-0.3413621187210083,attack,No
174,1,1,0.8175744761936437,-0.24422168731689453,-1.7442216873168945,attack,Yes
175,1,1,0.9324533149608596,-0.08142366260290146,-2.706423759460449,attack,Yes
176,1,1,0.7772998663336157,-0.28001412749290466,-1.530014157295227,attack,Yes
177,1,0,0.022977371666267666,-3.8121674060821533,-0.06216748431324959,attack,No
178,1,0,0.14804720179063335,-1.9565469026565552,-0.20654693245887756,attack,No
179,1,0,0.11920291419948606,-2.1797120571136475,-0.1797119826078415,attack,No
180,1,1,0.8354835350552604,-0.2055007368326187,-1.8305007219314575,attack,Yes
181,1,1,0.9579122675786775,-0.05383717268705368,-3.1788370609283447,attack,Yes
182,1,1,0.8807970748488297,-0.13728812336921692,-2.1372880935668945,attack,Yes
183,1,0,0.042087728215999064,-3.2072694301605225,-0.08226943761110306,attack,No
184,1,1,0.9669140247098942,-0.05519404262304306,-3.430194139480591,attack,Yes
185,1,0,0.02595735606753309,-3.739894151687622,-0.11489410698413849,attack,No
186,1,1,0.5312093733737563,-0.6705145835876465,-0.7955145835876465,attack,Yes
187,1,0,0.037326887344129464,-3.3582701683044434,-0.10827016830444336,attack,No
188,1,0,0.22270014914315833,-1.5373237133026123,-0.2873237729072571,attack,No
189,1,1,0.8519528076067262,-0.1803620606660843,-1.9303621053695679,attack,Yes
190,1,1,0.7310585669110203,-0.3422916531562805,-1.3422915935516357,attack,Yes
191,1,1,0.5312093733737563,-0.6989399194717407,-0.8239399194717407,attack,Yes
192,1,0,0.010986941578116865,-4.545595645904541,-0.045595549046993256,attack,No
193,1,1,0.9820137932291455,-0.02628546766936779,-4.026285648345947,attack,Yes
194,1,1,0.8933094145755219,-0.13053718209266663,-2.255537271499634,attack,Yes
195,1,1,0.5926665999540697,-0.5863393545150757,-0.9613393545150757,attack,Yes
196,1,0,0.29421497216298875,-1.2636619806289673,-0.3886619806289673,attack,No
197,1,1,0.7549149923816048,-0.31146571040153503,-1.4364657402038574,attack,Yes
198,1,0,0.4073334000459302,-0.9299854040145874,-0.5549854040145874,attack,No
199,1,1,0.914900950352329,-0.10338956117630005,-2.4783895015716553,attack,Yes
200,1,1,0.7057850278370112,-0.3968667984008789,-1.271866798400879,attack,Yes
201,1,1,0.7772998663336157,-0.28526851534843445,-1.5352685451507568,attack,Yes
202,1,0,0.1329642264548166,-2.0474066734313965,-0.17240655422210693,attack,No
203,1,0,0.0330859819640103,-3.4655885696411133,-0.09058868139982224,attack,No
204,1,0,0.005220126409322355,-5.294011116027832,-0.044011253863573074,attack,No
205,1,1,0.7981867825403176,-0.26055988669395447,-1.6355599164962769,attack,Yes
206,1,1,0.8519528076067262,-0.18549378216266632,-1.93549382686615,attack,Yes
207,1,1,0.9933071479612476,-0.013567615300416946,-5.0135674476623535,attack,Yes
208,1,0,0.04742587284097443,-3.0758249759674072,-0.07582496851682663,attack,No
209,1,1,0.9399133536130195,-0.0803949162364006,-2.830394983291626,attack,Yes
210,1,1,0.6224593312018546,-0.4969758987426758,-0.9969758987426758,attack,Yes
211,1,1,0.7772998611746911,-0.27639710903167725,-1.5263971090316772,attack,Yes
212,1,0,0.37754067580180184,-0.9932953119277954,-0.4932953417301178,attack,No
213,1,1,0.9579122693809591,-0.05518276244401932,-3.180182695388794,attack,Yes
214,1,1,0.5312093733737563,-0.6784114837646484,-0.8034114837646484,attack,Yes
215,1,1,0.9241418225903234,-0.10740157216787338,-2.6074016094207764,attack,Yes
216,1,1,0.6513548646660542,-0.5557394027709961,-1.180739402770996,attack,Yes
217,1,1,0.9241418147556224,-0.09429152309894562,-2.5942914485931396,attack,Yes
218,1,1,0.9924227574715299,-0.01668088510632515,-4.891680717468262,attack,Yes
219,1,1,0.880797076413356,-0.14028765261173248,-2.1402876377105713,attack,Yes
220,1,1,0.8933094060543487,-0.1258854866027832,-2.250885486602783,attack,Yes
221,1,1,0.9399133552961428,-0.08457126468420029,-2.834571361541748,attack,Yes
222,1,1,0.8933094131553264,-0.128945991396904,-2.25394606590271,attack,Yes
223,1,0,0.4378234991142019,-0.8608950972557068,-0.6108950972557068,attack,No
224,1,1,0.7549149813536518,-0.32702329754829407,-1.4520232677459717,attack,Yes
225,1,0,0.0031726822180569445,-5.7874627113342285,-0.0374625138938427,attack,No
226,1,1,0.651354857898194,-0.46740904450416565,-1.0924090147018433,attack,Yes
227,1,1,0.8519528000888387,-0.18634237349033356,-1.9363423585891724,attack,Yes
228,1,0,0.0953494738965146,-2.4168288707733154,-0.1668289750814438,attack,No
229,1,0,0.2689414213699951,-1.3532456159591675,-0.3532456159591675,attack,No
230,1,1,0.9740426415777508,-0.035541582852602005,-3.660541534423828,attack,Yes
231,1,0,0.4073334000459302,-0.9377220869064331,-0.5627220869064331,attack,No
232,1,1,0.5926665999540697,-0.5500153303146362,-0.9250153303146362,attack,Yes
233,1,0,0.025957358328060655,-3.706286907196045,-0.0812869518995285,attack,No
234,1,1,0.932453304167687,-0.10032875835895538,-2.7253286838531494,attack,Yes
235,1,1,0.9046505286741726,-0.12185771763324738,-2.3718576431274414,attack,Yes
236,1,1,0.8933094110250331,-0.12367577105760574,-2.24867582321167,attack,Yes
237,1,0,0.46879062662624377,-0.7930742502212524,-0.6680742502212524,attack,No
238,1,1,0.7057850340255386,-0.3787406384944916,-1.253740668296814,attack,Yes
239,1,0,0.24508501864634827,-1.4467692375183105,-0.32176926732063293,attack,No
240,1,1,0.8175744695262777,-0.21976356208324432,-1.7197635173797607,attack,Yes
241,1,0,0.37754066879814546,-1.0156223773956299,-0.5156223773956299,attack,No
242,1,0,0.03308597958047282,-3.4474599361419678,-0.07245997339487076,attack,No
243,1,1,0.8519528000888387,-0.17612971365451813,-1.926129698753357,attack,Yes
244,1,1,0.7310585727705126,-0.33179691433906555,-1.3317968845367432,attack,Yes
245,1,1,0.9324533074525657,-0.08779241889715195,-2.71279239654541,attack,Yes
246,1,1,0.6513548646660542,-0.465140700340271,-1.090140700340271,attack,Yes
247,1,1,0.9840936087255355,-0.022299261763691902,-4.147299289703369,attack,Yes
248,1,1,0.9890130575313263,-0.018946155905723572,-4.518946170806885,attack,Yes
249,1,1,0.817574471748733,-0.224247008562088,-1.7242469787597656,attack,Yes
250,1,1,0.5312093733737563,-0.6702060699462891,-0.7952060699462891,attack,Yes
251,1,1,0.7772998508568416,-0.29662567377090454,-1.5466256141662598,attack,Yes
252,1,0,0.16451645470385742,-1.8288614749908447,-0.20386141538619995,attack,No
253,1,1,0.9149009538328171,-0.10298968851566315,-2.477989673614502,attack,Yes
254,1,0,0.4378234991142019,-0.8636623620986938,-0.6136623620986938,attack,No
255,1,0,0.04208772491181671,-3.20172381401062,-0.07672373950481415,attack,No
256,1,1,0.932453304167687,-0.09030826389789581,-2.71530818939209,attack,Yes
257,1,0,0.4073334000459302,-0.9468616843223572,-0.5718616843223572,attack,No
258,1,1,0.8670357563664174,-0.17627623677253723,-2.051276206970215,attack,Yes
259,1,1,0.5621765008857981,-0.6121686100959778,-0.8621686100959778,attack,Yes
260,1,0,0.32082130082460697,-1.1582732200622559,-0.40827322006225586,attack,No
261,1,1,0.8175744806385543,-0.23910173773765564,-1.739101767539978,attack,Yes
262,1,1,0.7981867777396212,-0.262426495552063,-1.637426495552063,attack,Yes
263,1,0,0.060086648070103596,-2.8336236476898193,-0.08362361043691635,attack,No
264,1,1,0.817574478416099,-0.22520659863948822,-1.7252066135406494,attack,Yes
265,1,0,0.0850990542883219,-2.524044990539551,-0.14904510974884033,attack,No
266,1,1,0.8175744850834649,-0.22879618406295776,-1.7287962436676025,attack,Yes
267,1,1,0.7772998663336157,-0.267283171415329,-1.5172832012176514,attack,Yes
268,1,0,0.32082130082460697,-1.164222002029419,-0.41422200202941895,attack,No
269,1,1,0.9770226276646877,-0.036703456193208694,-3.78670334815979,attack,Yes
270,1,1,0.6224593452091672,-0.5402602553367615,-1.0402603149414062,attack,Yes
271,1,1,0.7310585786300049,-0.35257863998413086,-1.3525786399841309,attack,Yes
272,1,1,0.7057850154599563,-0.3656688332557678,-1.240668773651123,attack,Yes
273,1,1,0.914900957313305,-0.10406658053398132,-2.4790666103363037,attack,Yes
274,1,0,0.32082130082460697,-1.164231538772583,-0.414231538772583,attack,No
275,1,1,0.9770226296718215,-0.03362848237156868,-3.783628463745117,attack,Yes
276,1,0,0.3486451217982255,-1.1071343421936035,-0.48213428258895874,attack,No
277,1,1,0.8519528019683106,-0.1940295696258545,-1.9440295696258545,attack,Yes
278,1,0,0.10669060246682488,-2.2643847465515137,-0.13938483595848083,attack,No
279,1,1,0.9525741278322103,-0.05652902275323868,-3.0565290451049805,attack,Yes
280,1,1,0.9465966720833627,-0.07117053121328354,-2.9461705684661865,attack,Yes
281,1,1,0.9399133536130195,-0.08488243073225021,-2.8348824977874756,attack,Yes
282,1,1,0.9706877669167365,-0.03942044824361801,-3.5394203662872314,attack,Yes
283,1,1,0.880797071719777,-0.16573935747146606,-2.1657392978668213,attack,Yes
284,1,0,0.3208212878370535,-1.1603822708129883,-0.4103822112083435,attack,No
285,1,0,0.24508501313237172,-1.4565504789352417,-0.3315504789352417,attack,No
286,1,1,0.8933094032139576,-0.1397712528705597,-2.2647712230682373,attack,Yes
287,1,1,0.9706877704145973,-0.03646751120686531,-3.5364675521850586,attack,Yes
288,1,1,0.880797068590724,-0.14526376128196716,-2.145263671875,attack,Yes
289,1,1,0.8519527963298947,-0.19001047313213348,-1.94001042842865,attack,Yes
290,1,0,0.4378234991142019,-0.8964360356330872,-0.6464360356330872,attack,No
291,1,0,0.24508501864634827,-1.4536962509155273,-0.32869628071784973,attack,No
292,1,1,0.904650527388829,-0.12527641654014587,-2.3752763271331787,attack,Yes
293,1,1,0.5621765008857981,-0.6248172521591187,-0.8748172521591187,attack,Yes
294,1,1,0.9579122686300086,-0.050956811755895615,-3.1759567260742188,attack,Yes
295,1,1,0.9324533069832973,-0.08469536900520325,-2.709695339202881,attack,Yes
296,1,1,0.6791787056691698,-0.41322919726371765,-1.16322922706604,attack,Yes
297,1,1,0.9525741242979905,-0.054316576570272446,-3.054316520690918,attack,Yes
298,1,0,0.32082130731838393,-1.1607246398925781,-0.4107246696949005,attack,No
299,1,0,0.007577242500456555,-4.9625043869018555,-0.0875045508146286,attack,No
300,1,0,0.014063624770457132,-4.319444179534912,-0.06944401562213898,attack,No
301,1,1,0.5621765008857981,-0.6105108857154846,-0.8605108857154846,attack,Yes
302,1,1,0.7772998560157665,-0.28370705246925354,-1.5337070226669312,attack,Yes
303,1,1,0.7981867729389246,-0.2646695673465729,-1.6396695375442505,attack,Yes
304,1,1,0.651354857898194,-0.4721583425998688,-1.0971583127975464,attack,Yes
305,1,0,0.01590639124530769,-4.18009614944458,-0.05509611964225769,attack,No
306,1,1,0.9796676446538368,-0.034810882061719894,-3.909810781478882,attack,Yes
307,1,1,0.5926665999540697,-0.5750492215156555,-0.9500492215156555,attack,Yes
308,1,1,0.9241418158002492,-0.0872223973274231,-2.5872223377227783,attack,Yes
309,1,1,0.8519528076067262,-0.17930562794208527,-1.9293056726455688,attack,Yes
310,1,0,0.2018132270610754,-1.6575654745101929,-0.28256550431251526,attack,No
311,1,0,0.24508501864634827,-1.4376097917556763,-0.31260982155799866,attack,No
312,1,0,0.06008665311947337,-2.8468403816223145,-0.09684043377637863,attack,No
313,1,0,0.3486451488696663,-1.0843851566314697,-0.4593852162361145,attack,No
314,1,1,0.9796676465460353,-0.029847150668501854,-3.9048471450805664,attack,Yes
315,1,1,0.9859363747388271,-0.021375050768256187,-4.2713751792907715,attack,Yes
316,1,1,0.9953904276838831,-0.009387046098709106,-5.384387016296387,attack,Yes
317,1,1,0.8175744850834649,-0.2280086874961853,-1.72800874710083,attack,Yes
318,1,1,0.9669140245907175,-0.040219929069280624,-3.415220022201538,attack,Yes
319,1,1,0.7772998611746911,-0.2888782024383545,-1.5388782024383545,attack,Yes
320,1,1,0.7057850278370112,-0.3783379793167114,-1.2533379793167114,attack,Yes
321,1,1,0.9579122741870427,-0.05168385058641434,-3.1766839027404785,attack,Yes
322,1,1,0.8670357666736773,-0.1608707308769226,-2.0358707904815674,attack,Yes
323,1,1,0.5312093733737563,-0.6624516248703003,-0.7874516248703003,attack,Yes
324,1,1,0.9579122740368525,-0.05906982347369194,-3.184069871902466,attack,Yes
325,1,1,0.7772998714925403,-0.26448243856430054,-1.5144824981689453,attack,Yes
326,1,1,0.8354835452961425,-0.19407552480697632,-1.819075584411621,attack,Yes
327,1,1,0.7549149813536518,-0.31478193402290344,-1.439781904220581,attack,Yes
328,1,1,0.8670357598021706,-0.16770362854003906,-2.042703628540039,attack,Yes
329,1,1,0.817574478416099,-0.22138677537441254,-1.7213867902755737,attack,Yes
330,1,1,0.9796676445054291,-0.0324619896709919,-3.9074618816375732,attack,Yes
331,1,1,0.6513548714339145,-0.48220059275627136,-1.1072006225585938,attack,Yes
332,1,1,0.5621765008857981,-0.6036503911018372,-0.8536503911018372,attack,Yes
333,1,1,0.7549149868676283,-0.31527841091156006,-1.44027841091156,attack,Yes
334,1,1,0.6513548646660542,-0.45801877975463867,-1.0830187797546387,attack,Yes
335,1,0,0.020332353491066484,-3.9452097415924072,-0.07020974904298782,attack,No
336,1,1,0.7549149923816048,-0.32191202044487,-1.4469120502471924,attack,Yes
337,1,0,0.015906389146026254,-4.184817314147949,-0.059817150235176086,attack,No
338,1,1,0.731058584489497,-0.3445793092250824,-1.3445793390274048,attack,Yes
339,1,1,0.9149009596336303,-0.10226792097091675,-2.4772679805755615,attack,Yes
340,1,0,0.4073334000459302,-0.927645206451416,-0.552645206451416,attack,No
341,1,1,0.9840936066554105,-0.030918225646018982,-4.155918121337891,attack,Yes
342,1,1,0.893309411735131,-0.13644593954086304,-2.261445999145508,attack,Yes
343,1,1,0.7057850340255386,-0.3684093654155731,-1.2434093952178955,attack,Yes
344,1,1,0.5621765008857981,-0.599334716796875,-0.849334716796875,attack,Yes
345,1,0,0.029312229373411294,-3.558213233947754,-0.058213185518980026,attack,No
346,1,1,0.893309401793762,-0.1302066296339035,-2.25520658493042,attack,Yes
347,1,1,0.8519528038477825,-0.1935647577047348,-1.943564772605896,attack,Yes
348,1,0,0.01406362559692558,-4.3266119956970215,-0.07661189138889313,attack,No
349,1,0,0.4378234991142019,-0.8616751432418823,-0.6116751432418823,attack,No
350,1,1,0.880797071719777,-0.14199382066726685,-2.141993761062622,attack,Yes
351,1,0,0.06754669677084987,-2.729102373123169,-0.10410246253013611,attack,No
352,1,1,0.5312093733737563,-0.678598165512085,-0.803598165512085,attack,Yes
353,1,1,0.9740426409184302,-0.039821699261665344,-3.6648216247558594,attack,Yes
354,1,1,0.8933094159957173,-0.12364448606967926,-2.2486445903778076,attack,Yes
355,1,1,0.9770226292536686,-0.031143464148044586,-3.7811434268951416,attack,Yes
356,1,1,0.5926665999540697,-0.5669047832489014,-0.9419047832489014,attack,Yes
357,1,1,0.9740426437440897,-0.032818518579006195,-3.657818555831909,attack,Yes
358,1,1,0.679178699175393,-0.40683722496032715,-1.1568372249603271,attack,Yes
359,1,1,0.9241418163225626,-0.08573775738477707,-2.585737705230713,attack,Yes
360,1,1,0.914900948612085,-0.11071117967367172,-2.485711097717285,attack,Yes
361,1,0,0.5,-0.7141942977905273,-0.7141942977905273,attack,No
362,1,1,0.7772998508568416,-0.3048263192176819,-1.554826259613037,attack,Yes
363,1,0,0.05340332565681314,-2.9794154167175293,-0.10441533476114273,attack,No
364,1,0,0.46879062662624377,-0.7891426086425781,-0.6641426086425781,attack,No
365,1,1,0.7772998508568416,-0.28530651330947876,-1.535306453704834,attack,Yes
366,1,1,0.7981867777396212,-0.2556300163269043,-1.6306300163269043,attack,Yes
367,1,1,0.7310585727705126,-0.33468392491340637,-1.334683895111084,attack,Yes
368,1,1,0.679178699175393,-0.43076324462890625,-1.1807632446289062,attack,Yes
369,1,0,0.3486451421018059,-1.0879325866699219,-0.46293261647224426,attack,No
370,1,0,0.02931222799546632,-3.55126953125,-0.05126943439245224,attack,No
371,1,1,0.7310585786300049,-0.3405262231826782,-1.3405262231826782,attack,Yes
372,1,1,0.9579122735862822,-0.06301828473806381,-3.188018321990967,attack,Yes
373,1,1,0.7772998560157665,-0.29166653752326965,-1.5416665077209473,attack,Yes
374,1,1,0.7772998560157665,-0.26656320691108704,-1.5165631771087646,attack,Yes
375,1,1,0.798186768138228,-0.26923471689224243,-1.6442346572875977,attack,Yes
376,1,1,0.7981867777396212,-0.26604485511779785,-1.6410448551177979,attack,Yes
377,1,0,0.24508501313237172,-1.455737590789795,-0.3307375907897949,attack,No
378,1,1,0.8175744828610095,-0.23757679760456085,-1.7375768423080444,attack,Yes
379,1,1,0.9324533093296393,-0.0846404954791069,-2.7096405029296875,attack,Yes
380,1,0,0.13296422989056964,-2.0405755043029785,-0.16557541489601135,attack,No
381,1,1,0.9796676464718315,-0.029653558507561684,-3.904653549194336,attack,Yes
382,1,1,0.7549149813536518,-0.3192242681980133,-1.444224238395691,attack,Yes
383,1,0,0.22270014398423357,-1.5336676836013794,-0.2836677134037018,attack,No
384,1,1,0.924141814233309,-0.1129358634352684,-2.612935781478882,attack,Yes
385,1,0,0.46879062662624377,-0.8045799136161804,-0.6795799136161804,attack,No
386,1,1,0.9046505434556232,-0.12182226032018661,-2.3718223571777344,attack,Yes
387,1,0,0.4378234991142019,-0.8587443232536316,-0.6087443232536316,attack,No
388,1,1,0.9525741269907294,-0.05472182855010033,-3.0547218322753906,attack,Yes
389,1,0,0.3486451217982255,-1.0815434455871582,-0.4565433859825134,attack,No
390,1,1,0.880797081106935,-0.15816375613212585,-2.1581637859344482,attack,Yes
391,1,0,0.24508500210441886,-1.450596570968628,-0.32559651136398315,attack,No
392,1,1,0.8354835452961425,-0.19735926389694214,-1.822359323501587,attack,Yes
393,1,1,0.5312093733737563,-0.6571381092071533,-0.7821381092071533,attack,Yes
394,1,0,0.34864513533394575,-1.0832250118255615,-0.4582250118255615,attack,No
395,1,0,0.0850990490675896,-2.492992877960205,-0.11799293011426926,attack,No
396,1,1,0.9324533158993962,-0.08497036248445511,-2.709970474243164,attack,Yes
397,1,1,0.6791786926816161,-0.4095001518726349,-1.1595001220703125,attack,Yes
398,1,1,0.9241418147556224,-0.09761770069599152,-2.5976176261901855,attack,Yes
399,1,1,0.6224593312018546,-0.5358942747116089,-1.0358942747116089,attack,Yes
400,1,1,0.8175744695262777,-0.22308270633220673,-1.7230826616287231,attack,Yes
401,1,1,0.8354835350552604,-0.20877422392368317,-1.833774209022522,attack,Yes
402,1,1,0.5926665999540697,-0.5402982234954834,-0.9152982234954834,attack,Yes
403,1,0,0.16451645880021026,-1.8392055034637451,-0.21420547366142273,attack,No
404,1,1,0.5926665999540697,-0.5729615688323975,-0.9479615688323975,attack,Yes
405,1,0,0.18242552380635632,-1.7518049478530884,-0.2518049478530884,attack,No
406,1,0,0.32082130082460697,-1.1651887893676758,-0.4151887893676758,attack,No
407,1,1,0.9324533036984186,-0.08428510278463364,-2.709285020828247,attack,Yes
408,1,1,0.7057850402140659,-0.3735803961753845,-1.2485804557800293,attack,Yes
409,1,0,0.24508501313237172,-1.4276971817016602,-0.30269718170166016,attack,No
410,1,1,0.9740426445917875,-0.03853647783398628,-3.663536548614502,attack,Yes
411,1,0,0.07585818419975078,-2.6281323432922363,-0.1281324028968811,attack,No
412,1,1,0.651354857898194,-0.4647088348865509,-1.0897088050842285,attack,Yes
413,1,1,0.8670357494949105,-0.15698537230491638,-2.031985282897949,attack,Yes
414,1,1,0.9740426444975988,-0.03685443848371506,-3.6618545055389404,attack,Yes
415,1,1,0.7549149868676283,-0.32952094078063965,-1.4545209407806396,attack,Yes
416,1,1,0.9399133557169234,-0.0725649744272232,-2.8225650787353516,attack,Yes
417,1,0,0.24508501313237172,-1.420798420906067,-0.2957984209060669,attack,No
418,1,1,0.8175744695262777,-0.2142520397901535,-1.71425199508667,attack,Yes
419,1,0,0.4073334000459302,-0.9366453886032104,-0.5616453886032104,attack,No
420,1,1,0.9875683473859866,-0.019647741690278053,-4.394647598266602,attack,Yes
421,1,1,0.9796676482156224,-0.037066858261823654,-3.91206693649292,attack,Yes
422,1,0,0.10669059820623795,-2.280076742172241,-0.1550767868757248,attack,No
423,1,1,0.8670357735451834,-0.1615837812423706,-2.03658390045166,attack,Yes
424,1,0,0.03732688346210099,-3.3122763633728027,-0.06227625533938408,attack,No
425,1,0,0.0293122296913986,-3.5853865146636963,-0.0853864774107933,attack,No
426,1,0,0.11920292671569666,-2.1744771003723145,-0.17447714507579803,attack,No
427,1,1,0.8354835432479661,-0.19444628059864044,-1.819446325302124,attack,Yes
428,1,0,0.00970847504884346,-4.67809534072876,-0.05309519171714783,attack,No
429,1,1,0.8670357683915538,-0.1743582934141159,-2.049358367919922,attack,Yes
430,1,0,0.4378234991142019,-0.8823246955871582,-0.6323246955871582,attack,No
431,1,0,0.29421497216298875,-1.2583657503128052,-0.3833657503128052,attack,No
432,1,0,0.20181321265898594,-1.6290042400360107,-0.25400418043136597,attack,No
433,1,1,0.9579122678790578,-0.05030451714992523,-3.175304412841797,attack,Yes
434,1,1,0.89330940889474,-0.12666699290275574,-2.251667022705078,attack,Yes
435,1,1,0.9324533102681759,-0.07895848900079727,-2.703958511352539,attack,Yes
436,1,0,0.22270014914315833,-1.5473079681396484,-0.2973080277442932,attack,No
437,1,1,0.8519527982093668,-0.17979922890663147,-1.929799199104309,attack,Yes
438,1,0,0.5,-0.7462849020957947,-0.7462849020957947,attack,No
439,1,1,0.6513548511303336,-0.46817547082901,-1.0931754112243652,attack,Yes
440,1,0,0.37754066879814546,-1.0077648162841797,-0.5077648162841797,attack,No
441,1,0,0.05340333507274787,-2.9482555389404297,-0.07325564324855804,attack,No
442,1,0,0.0534033331895608,-2.972715377807617,-0.09771544486284256,attack,No
443,1,1,0.7981867777396212,-0.2544224262237549,-1.6294224262237549,attack,Yes
444,1,0,0.017986209304104488,-4.042232513427734,-0.04223247617483139,attack,No
445,1,1,0.7057850154599563,-0.3783414959907532,-1.2533414363861084,attack,Yes
446,1,1,0.9149009596336303,-0.10646694898605347,-2.4814670085906982,attack,Yes
447,1,1,0.679178699175393,-0.4097045660018921,-1.159704566001892,attack,Yes
448,1,0,0.4378234991142019,-0.8647329211235046,-0.6147329211235046,attack,No
449,1,1,0.7772998663336157,-0.2782714068889618,-1.5282714366912842,attack,Yes
450,1,1,0.5926665999540697,-0.5578200817108154,-0.9328200817108154,attack,Yes
451,1,1,0.7057850340255386,-0.3822678029537201,-1.2572678327560425,attack,Yes
452,1,1,0.9820137915512788,-0.02166358008980751,-4.021663665771484,attack,Yes
453,1,0,0.10669059536584675,-2.2757749557495117,-0.1507749706506729,attack,No
454,1,1,0.6791787056691698,-0.43951448798179626,-1.1895145177841187,attack,Yes
455,1,1,0.8175744695262777,-0.22219733893871307,-1.7221972942352295,attack,Yes
456,1,0,0.4073334000459302,-0.9237033128738403,-0.5487033128738403,attack,No
457,1,0,0.37754067580180184,-0.9999676942825317,-0.4999677240848541,attack,No
458,1,1,0.7057850216484838,-0.36833158135414124,-1.2433315515518188,attack,Yes
459,1,0,0.37754066879814546,-1.0055407285690308,-0.5055407285690308,attack,No
460,1,0,0.18242552825126704,-1.7421082258224487,-0.24210825562477112,attack,No
461,1,1,0.8175744806385543,-0.22770068049430847,-1.7277007102966309,attack,Yes
462,1,1,0.5621765008857981,-0.606562077999115,-0.856562077999115,attack,Yes
463,1,1,0.9399133515091156,-0.07802125811576843,-2.828021287918091,attack,Yes
464,1,1,0.9706877670227323,-0.0381668396294117,-3.5381667613983154,attack,Yes
465,1,1,0.5312093733737563,-0.658218502998352,-0.783218502998352,attack,Yes
466,1,0,0.4378234991142019,-0.8772637844085693,-0.6272637844085693,attack,No
467,1,1,0.6791786861878392,-0.4177733063697815,-1.1677732467651367,attack,Yes
468,1,1,0.7310585786300049,-0.354933500289917,-1.354933500289917,attack,Yes
469,1,1,0.851952809486198,-0.1788455843925476,-1.9288456439971924,attack,Yes
470,1,1,0.9324533022906132,-0.08013759553432465,-2.7051374912261963,attack,Yes
471,1,1,0.8354835350552604,-0.2101743370294571,-1.835174322128296,attack,Yes
472,1,1,0.9740426435557125,-0.035835713148117065,-3.6608357429504395,attack,Yes
473,1,0,0.4378234991142019,-0.8711082935333252,-0.6211082935333252,attack,No
474,1,0,0.11920291419948606,-2.1652393341064453,-0.16523925960063934,attack,No
475,1,1,0.8807970826714613,-0.14506931602954865,-2.1450693607330322,attack,Yes
476,1,0,0.34864513533394575,-1.0970673561096191,-0.47206735610961914,attack,No
477,1,0,0.11920291107043361,-2.1650888919830322,-0.16508878767490387,attack,No
478,1,1,0.8519527982093668,-0.18228891491889954,-1.9322888851165771,attack,Yes
479,1,1,0.7549149923816048,-0.30138489603996277,-1.4263849258422852,attack,Yes
480,1,1,0.6513548646660542,-0.46408402919769287,-1.0890840291976929,attack,Yes
481,1,1,0.9149009468718409,-0.1016310304403305,-2.476630926132202,attack,Yes
482,1,1,0.9770226289609616,-0.03050713799893856,-3.7805070877075195,attack,Yes
483,1,1,0.939913350667554,-0.07383988797664642,-2.8238399028778076,attack,Yes
484,1,0,0.02931222905542399,-3.5683562755584717,-0.0683562159538269,attack,No
485,1,1,0.8933094039240554,-0.12154772132635117,-2.2465476989746094,attack,Yes
486,1,1,0.9399133468805266,-0.07563024014234543,-2.8256301879882812,attack,Yes
487,1,0,0.1645164628965632,-1.8348969221115112,-0.20989692211151123,attack,No
488,1,0,0.053403324150263734,-2.960293769836426,-0.08529365807771683,attack,No
489,1,1,0.8670357598021706,-0.1705167293548584,-2.0455167293548584,attack,Yes
490,1,0,0.32082129433083023,-1.1610145568847656,-0.41101452708244324,attack,No
491,1,1,0.6791787056691698,-0.40920397639274597,-1.1592040061950684,attack,Yes
492,1,0,0.3775406547908327,-1.0108122825622559,-0.5108122229576111,attack,No
493,1,1,0.5621765008857981,-0.5997483730316162,-0.8497483730316162,attack,Yes
494,1,1,0.8519528038477825,-0.18037520349025726,-1.9303752183914185,attack,Yes
495,1,1,0.7549149813536518,-0.3048601448535919,-1.4298601150512695,attack,Yes
496,1,0,0.3486451488696663,-1.0842270851135254,-0.45922714471817017,attack,No
497,1,1,0.9875683499014545,-0.0180549006909132,-4.393054962158203,attack,Yes
498,1,1,0.9399133435142799,-0.06997191160917282,-2.819971799850464,attack,Yes
499,1,1,0.7549149813536518,-0.31140652298927307,-1.4364064931869507,attack,Yes
500,1,1,0.9579122717840008,-0.06297541409730911,-3.1879754066467285,attack,Yes
501,1,1,0.8670357494949105,-0.1614132821559906,-2.0364131927490234,attack,Yes
502,1,0,0.20181321265898594,-1.6432976722717285,-0.26829761266708374,attack,No
503,1,1,0.8354835452961425,-0.20438259840011597,-1.8293826580047607,attack,Yes
504,1,1,0.9149009584734678,-0.09709544479846954,-2.472095489501953,attack,Yes
505,1,0,0.3775406547908327,-1.0151433944702148,-0.5151433348655701,attack,No
506,1,0,0.4378234991142019,-0.88355553150177,-0.63355553150177,attack,No
507,1,1,0.5621765008857981,-0.6187342405319214,-0.8687342405319214,attack,Yes
508,1,0,0.2018132150593341,-1.6216614246368408,-0.24666137993335724,attack,No
509,1,1,0.8519528000888387,-0.17904771864414215,-1.929047703742981,attack,Yes
510,1,1,0.8807970889295664,-0.14575137197971344,-2.145751476287842,attack,Yes
511,1,0,0.06754669395523943,-2.728938579559326,-0.10393862426280975,attack,No
512,1,1,0.7981867825403176,-0.2556248605251312,-1.6306248903274536,attack,Yes
513,1,0,0.060086643862295744,-2.8454840183258057,-0.09548390656709671,attack,No
514,1,0,0.008577485096916576,-4.807931900024414,-0.05793186277151108,attack,No
515,1,0,0.4378234991142019,-0.8459996581077576,-0.5959996581077576,attack,No
516,1,1,0.9046505286741726,-0.11544688045978546,-2.3654468059539795,attack,Yes
517,1,1,0.7772998714925403,-0.3025290369987488,-1.5525290966033936,attack,Yes
518,1,0,0.3486451217982255,-1.1059091091156006,-0.4809090495109558,attack,No
519,1,1,0.9465966754730989,-0.06948627531528473,-2.944486379623413,attack,Yes
520,1,1,0.6513548646660542,-0.4824272394180298,-1.1074272394180298,attack,Yes
521,1,1,0.9706877705205931,-0.04382152855396271,-3.5438215732574463,attack,Yes
522,1,0,0.22270014914315833,-1.5393686294555664,-0.2893686890602112,attack,No
523,1,1,0.8933094046341532,-0.1306927353143692,-2.255692720413208,attack,Yes
524,1,1,0.9626731101124724,-0.046547722071409225,-3.2965476512908936,attack,Yes
525,1,0,0.025957357668740095,-3.6855406761169434,-0.06054069474339485,attack,No
526,1,0,0.2018132270610754,-1.6464835405349731,-0.27148357033729553,attack,No
527,1,1,0.8175744850834649,-0.21582859754562378,-1.7158286571502686,attack,Yes
528,1,0,0.04208773061904093,-3.1990561485290527,-0.0740562155842781,attack,No
529,1,1,0.8933094145755219,-0.14241376519203186,-2.267413854598999,attack,Yes
530,1,1,0.5312093733737563,-0.6646416783332825,-0.7896416783332825,attack,Yes
531,1,1,0.7549149923816048,-0.3081645667552948,-1.4331645965576172,attack,Yes
532,1,0,0.033085976362697465,-3.435622215270996,-0.06062215194106102,attack,No
533,1,1,0.8519528076067262,-0.1900922805070877,-1.9400923252105713,attack,Yes
534,1,1,0.9525741219418441,-0.053336966782808304,-3.0533368587493896,attack,Yes
535,1,1,0.8354835309589073,-0.1991209238767624,-1.8241208791732788,attack,Yes
536,1,0,0.24508500761839525,-1.4247775077819824,-0.29977747797966003,attack,No
537,1,0,0.053403324150263734,-2.9990036487579346,-0.12400353699922562,attack,No
538,1,1,0.754914975839675,-0.30775123834609985,-1.432751178741455,attack,Yes
539,1,1,0.9324533116759811,-0.09668536484241486,-2.7216854095458984,attack,Yes
540,1,1,0.5926665999540697,-0.5790419578552246,-0.9540419578552246,attack,Yes
541,1,1,0.9046505261034853,-0.12249051034450531,-2.372490406036377,attack,Yes
542,1,1,0.7057850278370112,-0.38863909244537354,-1.2636390924453735,attack,Yes
543,1,1,0.8670357735451834,-0.1564730405807495,-2.031473159790039,attack,Yes
544,1,1,0.8175744673038221,-0.23496562242507935,-1.7349655628204346,attack,Yes
545,1,1,0.9669140203003503,-0.04706577584147453,-3.4220657348632812,attack,Yes
546,1,0,0.3486451217982255,-1.0806097984313965,-0.4556097388267517,attack,No
547,1,1,0.798186775339273,-0.24323250353336334,-1.6182324886322021,attack,Yes
548,1,1,0.7981867825403176,-0.25575706362724304,-1.6307570934295654,attack,Yes
549,1,0,0.14804720179063335,-1.9331433773040771,-0.18314340710639954,attack,No
550,1,1,0.8933094003735664,-0.12653642892837524,-2.2515363693237305,attack,Yes
551,1,1,0.9669140222071801,-0.04489324614405632,-3.419893264770508,attack,Yes
552,1,0,0.4378234991142019,-0.8646757006645203,-0.6146757006645203,attack,No
553,1,1,0.9149009636941993,-0.11053550988435745,-2.4855356216430664,attack,Yes
554,1,1,0.9706877694606352,-0.045726291835308075,-3.5457262992858887,attack,Yes
555,1,1,0.5621765008857981,-0.6149120926856995,-0.8649120926856995,attack,Yes
556,1,1,0.9626731125220074,-0.06070113554596901,-3.3107011318206787,attack,Yes
557,1,0,0.060086649753226806,-2.851207733154297,-0.10120772570371628,attack,No
558,1,1,0.8933093975331751,-0.1270969808101654,-2.2520968914031982,attack,Yes
559,1,0,0.06754668503914042,-2.7180674076080322,-0.09306731075048447,attack,No
560,1,0,0.5,-0.7321133613586426,-0.7321133613586426,attack,No
561,1,1,0.9241418267688303,-0.09066500514745712,-2.590665102005005,attack,Yes
562,1,1,0.6513548646660542,-0.47942936420440674,-1.1044293642044067,attack,Yes
563,1,0,0.18242552825126704,-1.7377156019210815,-0.23771563172340393,attack,No
564,1,0,0.0953494674697966,-2.38350772857666,-0.13350775837898254,attack,No
565,1,1,0.8933093968230772,-0.1230526939034462,-2.2480525970458984,attack,Yes
566,1,1,0.5312093733737563,-0.6585800051689148,-0.7835800051689148,attack,Yes
567,1,1,0.9579122690805788,-0.06146462261676788,-3.186464548110962,attack,Yes
568,1,1,0.5312093733737563,-0.655730128288269,-0.780730128288269,attack,Yes
569,1,1,0.9902915253093142,-0.022735409438610077,-4.647735595703125,attack,Yes
570,1,1,0.8519527944504226,-0.2037401795387268,-1.953740119934082,attack,Yes
571,1,0,0.46879062662624377,-0.7820595502853394,-0.6570595502853394,attack,No
572,1,1,0.9046505261034853,-0.12781678140163422,-2.377816677093506,attack,Yes
573,1,0,0.4073334000459302,-0.9500274658203125,-0.5750274658203125,attack,No
574,1,1,0.5926665999540697,-0.5571002960205078,-0.9321002960205078,attack,Yes
575,1,0,0.46879062662624377,-0.7731065154075623,-0.6481065154075623,attack,No
576,1,1,0.8933094060543487,-0.14220499992370605,-2.267204999923706,attack,Yes
577,1,1,0.7310585903489892,-0.35275405645370483,-1.3527541160583496,attack,Yes
578,1,1,0.8354835411997897,-0.20094463229179382,-1.8259446620941162,attack,Yes
579,1,1,0.731058584489497,-0.34176716208457947,-1.3417671918869019,attack,Yes
580,1,1,0.9149009607937928,-0.12793605029582977,-2.5029361248016357,attack,Yes
581,1,0,0.0373268854700467,-3.307201862335205,-0.0572018101811409,attack,No
582,1,1,0.8670357460591569,-0.15826094150543213,-2.0332608222961426,attack,Yes
583,1,0,0.5,-0.7361467480659485,-0.7361467480659485,attack,No
584,1,0,0.46879062662624377,-0.7934696674346924,-0.6684696674346924,attack,No
585,1,1,0.893309411735131,-0.14110487699508667,-2.2661049365997314,attack,Yes
586,1,1,0.9579122726851417,-0.05424092710018158,-3.1792409420013428,attack,Yes
587,1,0,0.2942149597859341,-1.268038272857666,-0.39303821325302124,attack,No
588,1,1,0.7772998508568416,-0.2829301953315735,-1.5329301357269287,attack,Yes
589,1,1,0.966914022445534,-0.0422653891146183,-3.4172654151916504,attack,Yes
590,1,1,0.7772998560157665,-0.2834993898868561,-1.5334993600845337,attack,Yes
591,1,0,0.24508501313237172,-1.4413044452667236,-0.31630444526672363,attack,No
592,1,0,0.22270013366638422,-1.532029628753662,-0.2820295989513397,attack,No
593,1,1,0.7057850216484838,-0.3972783386707306,-1.2722783088684082,attack,Yes
594,1,1,0.5312093733737563,-0.668388307094574,-0.793388307094574,attack,Yes
595,1,1,0.9626731150654055,-0.044701747596263885,-3.2947018146514893,attack,Yes
596,1,1,0.9324533046369554,-0.09306318312883377,-2.7180631160736084,attack,Yes
597,1,1,0.8933094138654242,-0.11978618055582047,-2.244786262512207,attack,Yes
598,1,1,0.9579122684798184,-0.05562600493431091,-3.1806259155273438,attack,Yes
599,1,1,0.679178699175393,-0.42445504665374756,-1.1744550466537476,attack,Yes
600,1,1,0.5312093733737563,-0.6690710186958313,-0.7940710186958313,attack,Yes
601,1,0,0.24508501864634827,-1.4510047435760498,-0.3260047733783722,attack,No
602,1,1,0.7057850340255386,-0.38418278098106384,-1.2591828107833862,attack,Yes
603,1,1,0.8519527963298947,-0.18174783885478973,-1.9317477941513062,attack,Yes
604,1,0,0.06008665143635008,-2.854248523712158,-0.1042485460639,attack,No
605,1,1,0.5926665999540697,-0.5835079550743103,-0.9585079550743103,attack,Yes
606,1,0,0.1066905854244781,-2.2799134254455566,-0.15491333603858948,attack,No
607,1,0,0.3208212878370535,-1.1662139892578125,-0.4162139296531677,attack,No
608,1,1,0.7549149813536518,-0.3077843487262726,-1.4327843189239502,attack,Yes
609,1,0,0.4073334000459302,-0.9391466379165649,-0.5641466379165649,attack,No
610,1,0,0.32082129433083023,-1.1633037328720093,-0.4133037030696869,attack,No
611,1,1,0.7310585786300049,-0.34071123600006104,-1.340711236000061,attack,Yes
612,1,1,0.6513548782017746,-0.4688388705253601,-1.0938389301300049,attack,Yes
613,1,0,0.02297736882282822,-3.8078160285949707,-0.05781598016619682,attack,No
614,1,1,0.9579122702820998,-0.0656013935804367,-3.190601348876953,attack,Yes
615,1,1,0.9149009596336303,-0.1018018126487732,-2.476801872253418,attack,Yes
616,1,0,0.10669059394565118,-2.2562057971954346,-0.13120579719543457,attack,No
617,1,1,0.9820137880639471,-0.03138887137174606,-4.031388759613037,attack,Yes
618,1,1,0.9241418173671895,-0.09191945940256119,-2.591919422149658,attack,Yes
619,1,1,0.9770226320134775,-0.04075637832283974,-3.7907564640045166,attack,Yes
620,1,1,0.9770226324316302,-0.03555573523044586,-3.785555839538574,attack,Yes
621,1,0,0.4378234991142019,-0.8440074920654297,-0.5940074920654297,attack,No
622,1,1,0.7057850340255386,-0.3807384669780731,-1.2557384967803955,attack,Yes
623,1,0,0.18242551491653522,-1.7191894054412842,-0.2191893458366394,attack,No
624,1,0,0.4378234991142019,-0.850361168384552,-0.600361168384552,attack,No
625,1,1,0.9399133489844308,-0.09529449045658112,-2.84529447555542,attack,Yes
626,1,1,0.8670357666736773,-0.16381806135177612,-2.038818120956421,attack,Yes
627,1,0,0.34864513533394575,-1.112441897392273,-0.48744189739227295,attack,No
628,1,1,0.8933093968230772,-0.1220000758767128,-2.246999979019165,attack,Yes
629,1,0,0.06754668597767712,-2.7256720066070557,-0.1006719246506691,attack,No
630,1,1,0.8807970889295664,-0.14748992025852203,-2.1474900245666504,attack,Yes
631,1,0,0.22270014914315833,-1.5312614440917969,-0.28126150369644165,attack,No
632,1,0,0.4378234991142019,-0.8623592853546143,-0.6123592853546143,attack,No
633,1,1,0.5621765008857981,-0.6648731827735901,-0.9148731827735901,attack,Yes
634,1,1,0.8933094159957173,-0.12585605680942535,-2.2508561611175537,attack,Yes
635,1,1,0.9525741236248058,-0.05839188024401665,-3.058391809463501,attack,Yes
636,1,0,0.14804720179063335,-1.9282724857330322,-0.17827251553535461,attack,No
637,1,1,0.867035752930664,-0.16883522272109985,-2.043835163116455,attack,Yes
638,1,1,0.8807970732843035,-0.15227799117565155,-2.152277946472168,attack,Yes
639,1,1,0.9525741221101401,-0.056866034865379333,-3.056865930557251,attack,Yes
640,1,1,0.8519528057272543,-0.17450818419456482,-1.9245082139968872,attack,Yes
641,1,1,0.8807970889295664,-0.1446789652109146,-2.144679069519043,attack,Yes
642,1,1,0.9149009497722478,-0.10413629561662674,-2.4791362285614014,attack,Yes
643,1,1,0.8670357494949105,-0.17835769057273865,-2.0533576011657715,attack,Yes
644,1,1,0.9902915253451299,-0.02003316953778267,-4.645033359527588,attack,Yes
645,1,1,0.9324533079218341,-0.09382320940494537,-2.718823194503784,attack,Yes
646,1,0,0.03732688627322502,-3.3428733348846436,-0.09287330508232117,attack,No
647,1,1,0.9046505280315009,-0.11968740075826645,-2.36968731880188,attack,Yes
648,1,1,0.8175744761936437,-0.21864259243011475,-1.7186425924301147,attack,Yes
649,1,0,0.22270013882530884,-1.5471231937408447,-0.2971231937408447,attack,No
650,1,1,0.9525741298517642,-0.06968920677900314,-3.0696892738342285,attack,Yes
651,1,1,0.9626731126558706,-0.05787920951843262,-3.3078792095184326,attack,Yes
652,1,1,0.9820137902024053,-0.02649306319653988,-4.026493072509766,attack,Yes
653,1,0,0.46879062662624377,-0.8262106776237488,-0.7012106776237488,attack,No
654,1,0,0.29421496597446145,-1.2407532930374146,-0.36575326323509216,attack,No
655,1,1,0.8354835391516132,-0.2066500037908554,-1.8316500186920166,attack,Yes
656,1,1,0.7057850154599563,-0.38890987634658813,-1.2639098167419434,attack,Yes
657,1,1,0.9241418262465169,-0.09480896592140198,-2.594809055328369,attack,Yes
658,1,1,0.8175744828610095,-0.24421317875385284,-1.7442132234573364,attack,Yes
659,1,1,0.9399133443558416,-0.07368264347314835,-2.8236825466156006,attack,Yes
660,1,1,0.7310585903489892,-0.3312162756919861,-1.3312163352966309,attack,Yes
661,1,1,0.9324533158993962,-0.08853114396333694,-2.713531255722046,attack,Yes
662,1,1,0.9626731097108832,-0.04664238542318344,-3.296642303466797,attack,Yes
663,1,0,0.3486451217982255,-1.0804576873779297,-0.4554576277732849,attack,No
664,1,1,0.6513548646660542,-0.46104753017425537,-1.0860475301742554,attack,Yes
665,1,1,0.8933094145755219,-0.1442669928073883,-2.2692670822143555,attack,Yes
666,1,0,0.05340332829327471,-3.0085482597351074,-0.13354822993278503,attack,No
667,1,1,0.8519528076067262,-0.1747768670320511,-1.9247769117355347,attack,Yes
668,1,0,0.1480471980316895,-1.9611068964004517,-0.21110689640045166,attack,No
669,1,0,0.37754066879814546,-1.0067079067230225,-0.5067079067230225,attack,No
670,1,0,0.26894141551050293,-1.3776065111160278,-0.37760648131370544,attack,No
671,1,0,0.014063627146554044,-4.299584865570068,-0.049584873020648956,attack,No
672,1,1,0.9465966668104392,-0.06716591864824295,-2.9421658515930176,attack,Yes
673,1,0,0.4073334000459302,-0.9642089605331421,-0.5892089605331421,attack,No
674,1,1,0.5621765008857981,-0.6269559860229492,-0.8769559860229492,attack,Yes
675,1,1,0.5312093733737563,-0.6812015771865845,-0.8062015771865845,attack,Yes
676,1,0,0.04742587587030561,-3.076874256134033,-0.07687431573867798,attack,No
677,1,1,0.7549149868676283,-0.31176304817199707,-1.436763048171997,attack,Yes
678,1,1,0.9669140212537652,-0.04234720394015312,-3.4173471927642822,attack,Yes
679,1,0,0.2018132270610754,-1.6250423192977905,-0.2500423491001129,attack,No
680,1,1,0.8354835391516132,-0.2078256458044052,-1.8328256607055664,attack,Yes
681,1,1,0.6224593171945417,-0.5104435086250305,-1.0104434490203857,attack,Yes
682,1,1,0.9241418184118162,-0.09261395782232285,-2.592613935470581,attack,Yes
683,1,0,0.34864513533394575,-1.0857452154159546,-0.4607452154159546,attack,No
684,1,1,0.9525741280005063,-0.05964061990380287,-3.059640645980835,attack,Yes
685,1,1,0.9840936060431199,-0.023621225729584694,-4.148621082305908,attack,Yes
686,1,1,0.5621765008857981,-0.6268408894538879,-0.8768408894538879,attack,Yes
687,1,1,0.9525741222784364,-0.06104717776179314,-3.061047077178955,attack,Yes
688,1,1,0.9149009474519222,-0.10157427936792374,-2.476574182510376,attack,Yes
689,1,0,0.11920291107043361,-2.1646199226379395,-0.1646198183298111,attack,No
690,1,1,0.9579122675786775,-0.06784640997648239,-3.1928462982177734,attack,Yes
691,1,1,0.7772998611746911,-0.28687918186187744,-1.5368791818618774,attack,Yes
692,1,1,0.7549149813536518,-0.3065238296985626,-1.4315237998962402,attack,Yes
693,1,1,0.7981867729389246,-0.2912987768650055,-1.666298747062683,attack,Yes
694,1,1,0.914900950352329,-0.10068970918655396,-2.475689649581909,attack,Yes
695,1,0,0.06008665227791171,-2.849853515625,-0.09985355287790298,attack,No
696,1,1,0.946596671330088,-0.06399080902338028,-2.938990831375122,attack,Yes
697,1,1,0.6513548646660542,-0.4486880302429199,-1.07368803024292,attack,Yes
698,1,0,0.09534946232842245,-2.3766281604766846,-0.12662813067436218,attack,No
699,1,1,0.8175744761936437,-0.23683786392211914,-1.7368378639221191,attack,Yes
700,1,1,0.9859363727243103,-0.020529286935925484,-4.270529270172119,attack,Yes
701,1,1,0.9770226284173629,-0.028970077633857727,-3.7789700031280518,attack,Yes
702,1,1,0.9465966747198243,-0.06693091988563538,-2.9419310092926025,attack,Yes
703,1,1,0.5621765008857981,-0.6125177145004272,-0.8625177145004272,attack,Yes
704,1,1,0.5926665999540697,-0.5491371154785156,-0.9241371154785156,attack,Yes
705,1,0,0.2689414330889798,-1.3493220806121826,-0.3493221402168274,attack,No
706,1,0,0.46879062662624377,-0.8008362054824829,-0.6758362054824829,attack,No
707,1,1,0.9241418241572634,-0.09432429075241089,-2.5943243503570557,attack,Yes
708,1,1,0.957912269230769,-0.058009933680295944,-3.1830098628997803,attack,Yes
709,1,1,0.6791786926816161,-0.4080103933811188,-1.1580103635787964,attack,Yes
710,1,1,0.8670357546485407,-0.16405300796031952,-2.039052963256836,attack,Yes
711,1,1,0.6513548714339145,-0.4715200364589691,-1.0965200662612915,attack,Yes
712,1,1,0.5621765008857981,-0.636330783367157,-0.886330783367157,attack,Yes
713,1,1,0.6513548511303336,-0.4800906777381897,-1.105090618133545,attack,Yes
714,1,1,0.7981867777396212,-0.25118303298950195,-1.626183032989502,attack,Yes
715,1,1,0.679178699175393,-0.41114509105682373,-1.1611450910568237,attack,Yes
716,1,1,0.9706877696726267,-0.037373289465904236,-3.5373733043670654,attack,Yes
717,1,0,0.2942149783515162,-1.260072946548462,-0.3850729763507843,attack,No
718,1,0,0.4073334000459302,-0.9304337501525879,-0.5554337501525879,attack,No
719,1,1,0.817574478416099,-0.2158437818288803,-1.7158437967300415,attack,Yes
720,1,1,0.5621765008857981,-0.6013602018356323,-0.8513602018356323,attack,Yes
721,1,1,0.7310585669110203,-0.37307173013687134,-1.3730716705322266,attack,Yes
722,1,0,0.37754066879814546,-1.0198004245758057,-0.5198004245758057,attack,No
723,1,1,0.9241418158002492,-0.09076505899429321,-2.5907649993896484,attack,Yes
724,1,1,0.8175744806385543,-0.2201959788799286,-1.720196008682251,attack,Yes
725,1,0,0.20181322226037882,-1.6409534215927124,-0.2659534215927124,attack,No
726,1,1,0.754914997895581,-0.3068999648094177,-1.4319000244140625,attack,Yes
727,1,1,0.6224593312018546,-0.5254305601119995,-1.0254305601119995,attack,Yes
728,1,1,0.9149009584734678,-0.11067147552967072,-2.4856715202331543,attack,Yes
729,1,1,0.8670357477770336,-0.16473327577114105,-2.0397331714630127,attack,Yes
730,1,0,0.009708477770841793,-4.685389518737793,-0.06038965284824371,attack,No
731,1,0,0.1480472036701053,-1.956827163696289,-0.20682720839977264,attack,No
732,1,1,0.7310585786300049,-0.33538615703582764,-1.3353861570358276,attack,Yes
733,1,0,0.13296424878721277,-2.046708822250366,-0.17170889675617218,attack,No
734,1,0,0.04208772340991573,-3.195384979248047,-0.07038486748933792,attack,No
735,1,0,0.042087725512577126,-3.1947221755981445,-0.06972211599349976,attack,No
736,1,0,0.010986942306754304,-4.554980278015137,-0.05498024821281433,attack,No
737,1,1,0.6791786861878392,-0.44651085138320923,-1.1965107917785645,attack,Yes
738,1,0,0.06754668973182397,-2.7429392337799072,-0.11793921142816544,attack,No
739,1,1,0.6513548714339145,-0.4642429053783417,-1.089242935180664,attack,Yes
740,1,1,0.9149009497722478,-0.11893684417009354,-2.493936777114868,attack,Yes
741,1,1,0.8175744695262777,-0.2418709248304367,-1.7418708801269531,attack,Yes
742,1,1,0.9324533065140289,-0.08429507166147232,-2.7092950344085693,attack,Yes
743,1,1,0.8933094103149354,-0.14305992424488068,-2.2680599689483643,attack,Yes
744,1,0,0.2942149845400438,-1.2627222537994385,-0.38772231340408325,attack,No
745,1,1,0.8807970858005139,-0.13700740039348602,-2.137007474899292,attack,Yes
746,1,1,0.5621765008857981,-0.5966090559959412,-0.8466090559959412,attack,Yes
747,1,0,0.4378234991142019,-0.8650498986244202,-0.6150498986244202,attack,No
748,1,1,0.8175744828610095,-0.22915704548358917,-1.7291570901870728,attack,Yes
749,1,1,0.9859363709164101,-0.019671587273478508,-4.269671440124512,attack,Yes
750,1,1,0.8519528076067262,-0.17396147549152374,-1.9239615201950073,attack,Yes
751,1,1,0.651354857898194,-0.4681788980960846,-1.0931788682937622,attack,Yes
752,1,0,0.2942149845400438,-1.2539238929748535,-0.3789239525794983,attack,No
753,1,0,0.2018132198600306,-1.620750904083252,-0.24575088918209076,attack,No
754,1,0,0.24508501864634827,-1.4476851224899292,-0.3226851522922516,attack,No
755,1,0,0.34864513533394575,-1.1217595338821411,-0.4967595338821411,attack,No
756,1,1,0.9149009619539553,-0.10589900612831116,-2.4808990955352783,attack,Yes
757,1,0,0.46879062662624377,-0.8052201271057129,-0.6802201271057129,attack,No
758,1,1,0.851952809486198,-0.1809965968132019,-1.9309966564178467,attack,Yes
759,1,1,0.9796676455813851,-0.026834780350327492,-3.901834726333618,attack,Yes
760,1,1,0.6224593312018546,-0.5132352113723755,-1.0132352113723755,attack,Yes
761,1,1,0.9241418272911436,-0.09226812422275543,-2.592268228530884,attack,Yes
762,1,1,0.7981867777396212,-0.24926936626434326,-1.6242693662643433,attack,Yes
763,1,1,0.9046505299595163,-0.12487488985061646,-2.3748748302459717,attack,Yes
764,1,1,0.9770226284173629,-0.03416617214679718,-3.784166097640991,attack,Yes
765,1,1,0.5621765008857981,-0.6163322925567627,-0.8663322925567627,attack,Yes
766,1,0,0.18242552380635632,-1.7604163885116577,-0.2604163885116577,attack,No
767,1,1,0.7981867777396212,-0.257715106010437,-1.632715106010437,attack,Yes
768,1,1,0.9953904274488566,-0.012454590760171413,-5.387454509735107,attack,Yes
769,1,1,0.9399133439350607,-0.08261929452419281,-2.8326191902160645,attack,Yes
770,1,0,0.03732689162774753,-3.3883442878723145,-0.138344407081604,attack,No
771,1,0,0.06754669677084987,-2.7485015392303467,-0.12350162863731384,attack,No
772,1,1,0.8354835452961425,-0.2070102095603943,-1.832010269165039,attack,Yes
773,1,1,0.9626731125220074,-0.050585273653268814,-3.3005852699279785,attack,Yes
774,1,1,0.9525741217735477,-0.06458651274442673,-3.0645864009857178,attack,Yes
775,1,0,0.22270014914315833,-1.538541316986084,-0.28854137659072876,attack,No
776,1,1,0.7057850340255386,-0.4067401587963104,-1.2817401885986328,attack,Yes
777,1,0,0.4378234991142019,-0.8659949898719788,-0.6159949898719788,attack,No
778,1,0,0.07585817166422973,-2.6122002601623535,-0.11220014095306396,attack,No
779,1,1,0.5926665999540697,-0.5621284246444702,-0.9371284246444702,attack,Yes
780,1,1,0.9149009596336303,-0.1102551817893982,-2.485255241394043,attack,Yes
781,1,0,0.033085978388704126,-3.508355140686035,-0.13335514068603516,attack,No
782,1,1,0.8670357701094303,-0.17081323266029358,-2.0458133220672607,attack,Yes
783,1,1,0.7772998714925403,-0.2881147265434265,-1.5381147861480713,attack,Yes
784,1,0,0.2942149597859341,-1.2859644889831543,-0.4109644293785095,attack,No
785,1,0,0.18242552158390105,-1.748306393623352,-0.24830637872219086,attack,No
786,1,1,0.5621765008857981,-0.6089071035385132,-0.8589071035385132,attack,Yes
787,1,0,0.32082130731838393,-1.1617501974105835,-0.4117502272129059,attack,No
788,1,1,0.8519527982093668,-0.18209686875343323,-1.9320968389511108,attack,Yes
789,1,0,0.0850990519679964,-2.5066988468170166,-0.13169893622398376,attack,No
790,1,1,0.9740426409184302,-0.03490574657917023,-3.6599056720733643,attack,Yes
791,1,0,0.008577485920584663,-4.814460277557373,-0.06446033716201782,attack,No
792,1,1,0.5312093733737563,-0.6890100240707397,-0.8140100240707397,attack,Yes
793,1,1,0.8670357477770336,-0.1679457277059555,-2.042945623397827,attack,Yes
794,1,0,0.14804720179063335,-1.9311978816986084,-0.1811979115009308,attack,No
795,1,1,0.7057850154599563,-0.3713257908821106,-1.2463257312774658,attack,Yes
796,1,1,0.8933094046341532,-0.1408996731042862,-2.265899658203125,attack,Yes
797,1,1,0.5926665999540697,-0.5640202760696411,-0.9390202760696411,attack,Yes
798,1,0,0.11920291576401235,-2.1644763946533203,-0.16447633504867554,attack,No
799,1,1,0.8670357701094303,-0.17552438378334045,-2.0505244731903076,attack,Yes
800,1,1,0.9046505357435624,-0.11390136927366257,-2.363901376724243,attack,Yes
801,1,1,0.7981867777396212,-0.25968706607818604,-1.634687066078186,attack,Yes
802,1,0,0.2689414096510108,-1.3629884719848633,-0.3629884123802185,attack,No
803,1,0,0.05340332753999997,-2.9792535305023193,-0.10425348579883575,attack,No
804,1,1,0.8519527944504226,-0.17475634813308716,-1.9247562885284424,attack,Yes
805,1,1,0.5926665999540697,-0.5724590420722961,-0.9474590420722961,attack,Yes
806,1,0,0.005911068155754778,-5.1656999588012695,-0.04069983959197998,attack,No
807,1,1,0.8933094003735664,-0.14425450563430786,-2.269254446029663,attack,Yes
808,1,1,0.5312093733737563,-0.6555905938148499,-0.7805905938148499,attack,Yes
809,1,1,0.8807970873650403,-0.14021626114845276,-2.14021635055542,attack,Yes
810,1,1,0.9149009520925732,-0.1153428927063942,-2.490342855453491,attack,Yes
811,1,1,0.5312093733737563,-0.6788564920425415,-0.8038564920425415,attack,Yes
812,1,0,0.18242552825126704,-1.7591278553009033,-0.2591278851032257,attack,No
813,1,0,0.37754066879814546,-1.0064116716384888,-0.5064116716384888,attack,No
814,1,1,0.7772998663336157,-0.2890877425670624,-1.5390877723693848,attack,Yes
815,1,1,0.9669140218496496,-0.053508512675762177,-3.4285085201263428,attack,Yes
816,1,1,0.9525741286736912,-0.05522247031331062,-3.055222511291504,attack,Yes
817,1,0,0.022977369742764476,-3.8173725605010986,-0.06737255305051804,attack,No
818,1,1,0.7772998611746911,-0.26719510555267334,-1.5171951055526733,attack,Yes
819,1,0,0.24508500761839525,-1.4257856607437134,-0.300785630941391,attack,No
820,1,0,0.10669058968506456,-2.2566025257110596,-0.131602481007576,attack,No
821,1,1,0.5621765008857981,-0.5978432893753052,-0.8478432893753052,attack,Yes
822,1,1,0.8670357477770336,-0.16369591653347015,-2.038695812225342,attack,Yes
823,1,0,0.46879062662624377,-0.7901203036308289,-0.6651203036308289,attack,No
824,1,1,0.9706877680826902,-0.03708581253886223,-3.537085771560669,attack,Yes
825,1,0,0.4073334000459302,-0.9682682752609253,-0.5932682752609253,attack,No
826,1,1,0.7772998560157665,-0.27975884079933167,-1.5297588109970093,attack,Yes
827,1,0,0.014063628334602648,-4.298736095428467,-0.04873618856072426,attack,No
828,1,0,0.1329642384799526,-2.062169313430786,-0.18716929852962494,attack,No
829,1,1,0.7310585727705126,-0.3573346436023712,-1.3573346138000488,attack,Yes
830,1,0,0.18242552602881168,-1.7249457836151123,-0.2249457985162735,attack,No
831,1,1,0.9669140200619966,-0.04132227972149849,-3.4163222312927246,attack,Yes
832,1,1,0.731058584489497,-0.3391445577144623,-1.3391445875167847,attack,Yes
833,1,1,0.7549149813536518,-0.32960763573646545,-1.454607605934143,attack,Yes
834,1,1,0.7549149813536518,-0.31304147839546204,-1.4380414485931396,attack,Yes
835,1,0,0.22270013366638422,-1.5298550128936768,-0.27985498309135437,attack,No
836,1,1,0.9626731097108832,-0.04776700586080551,-3.297766923904419,attack,Yes
837,1,0,0.4073334000459302,-0.9226896166801453,-0.5476896166801453,attack,No
838,1,1,0.880797071719777,-0.13331633806228638,-2.1333162784576416,attack,Yes
839,1,1,0.8933094103149354,-0.13553090393543243,-2.260530948638916,attack,Yes
840,1,1,0.5621765008857981,-0.6191958785057068,-0.8691958785057068,attack,Yes
841,1,1,0.798186768138228,-0.2715044617652893,-1.6465044021606445,attack,Yes
842,1,0,0.0019267344663225308,-6.278878688812256,-0.02887858636677265,attack,No
843,1,0,0.18242551713899047,-1.7423077821731567,-0.24230773746967316,attack,No
844,1,1,0.5621765008857981,-0.634482741355896,-0.884482741355896,attack,Yes
845,1,1,0.5926665999540697,-0.5605024695396423,-0.9355024695396423,attack,Yes
846,1,1,0.8807970748488297,-0.1413455307483673,-2.141345500946045,attack,Yes
847,1,1,0.6791786926816161,-0.40516069531440735,-1.155160665512085,attack,Yes
848,1,1,0.9149009625340367,-0.10363473743200302,-2.478634834289551,attack,Yes
849,1,0,0.03732688306051187,-3.321791172027588,-0.07179105281829834,attack,No
850,1,0,0.11920291263495983,-2.17043137550354,-0.17043128609657288,attack,No
851,1,0,0.06754668879328725,-2.709662437438965,-0.08466240018606186,attack,No
852,1,0,0.04208773001828046,-3.2171430587768555,-0.09214311093091965,attack,No
853,1,1,0.6224593312018546,-0.5126380920410156,-1.0126380920410156,attack,Yes
854,1,1,0.9241418121440552,-0.0921696349978447,-2.5921695232391357,attack,Yes
855,1,1,0.9796676445054291,-0.03429185226559639,-3.9092917442321777,attack,Yes
856,1,0,0.053403324150263734,-2.9534618854522705,-0.07846177369356155,attack,No
857,1,1,0.7549149923816048,-0.3327603042125702,-1.4577603340148926,attack,Yes
858,1,1,0.9149009555730611,-0.11282681673765182,-2.4878268241882324,attack,Yes
859,1,1,0.6224593452091672,-0.5084452033042908,-1.0084452629089355,attack,Yes
860,1,1,0.9241418267688303,-0.08950033038854599,-2.5895004272460938,attack,Yes
861,1,1,0.6513548646660542,-0.44956207275390625,-1.0745620727539062,attack,Yes
862,1,0,0.05340332603345051,-2.956876039505005,-0.08187596499919891,attack,No
863,1,1,0.9149009462917594,-0.09816562384366989,-2.473165512084961,attack,Yes
864,1,1,0.7772998663336157,-0.2752532660961151,-1.5252532958984375,attack,Yes
865,1,1,0.7981867729389246,-0.2812686264514923,-1.65626859664917,attack,Yes
866,1,1,0.9241418236349501,-0.10194510966539383,-2.601945161819458,attack,Yes
867,1,1,0.731058584489497,-0.3503884971141815,-1.350388526916504,attack,Yes
868,1,0,0.11920293453832885,-2.156975269317627,-0.1569753885269165,attack,No
869,1,0,0.11920293140927592,-2.155942916870117,-0.15594300627708435,attack,No
870,1,1,0.5312093733737563,-0.662083089351654,-0.787083089351654,attack,Yes
871,1,1,0.6224593171945417,-0.5177658200263977,-1.017765760421753,attack,Yes
872,1,1,0.9706877725345124,-0.03738224878907204,-3.5373823642730713,attack,Yes
873,1,0,0.07585817218654307,-2.5973238945007324,-0.09732378274202347,attack,No
874,1,0,0.13296424535145931,-2.054825782775879,-0.1798258274793625,attack,No
875,1,1,0.5926665999540697,-0.5600277185440063,-0.9350277185440063,attack,Yes
876,1,1,0.5312093733737563,-0.6735832095146179,-0.7985832095146179,attack,Yes
877,1,0,0.4378234991142019,-0.8700976371765137,-0.6200976371765137,attack,No
878,1,0,0.1645164628965632,-1.8487296104431152,-0.22372961044311523,attack,No
879,1,1,0.6513548714339145,-0.4930259883403778,-1.1180260181427002,attack,Yes
880,1,1,0.8175744806385543,-0.2325422465801239,-1.7325422763824463,attack,Yes
881,1,1,0.5621765008857981,-0.5998774170875549,-0.8498774170875549,attack,Yes
882,1,1,0.8519528000888387,-0.19269229471683502,-1.9426922798156738,attack,Yes
883,1,0,0.4073334000459302,-0.935596227645874,-0.560596227645874,attack,No
884,1,0,0.5,-0.731955349445343,-0.731955349445343,attack,No
885,1,0,0.05340332565681314,-2.954747438430786,-0.07974735647439957,attack,No
886,1,1,0.8175744806385543,-0.2276913821697235,-1.727691411972046,attack,Yes
887,1,0,0.29421497216298875,-1.2931040525436401,-0.41810405254364014,attack,No
888,1,1,0.8670357580842941,-0.16806484758853912,-2.043064832687378,attack,Yes
889,1,1,0.7549149868676283,-0.31710171699523926,-1.4421017169952393,attack,Yes
890,1,0,0.32082130731838393,-1.1652237176895142,-0.41522374749183655,attack,No
891,1,1,0.7057850216484838,-0.3728645145893097,-1.2478644847869873,attack,Yes
892,1,1,0.5926665999540697,-0.5465143322944641,-0.9215143322944641,attack,Yes
893,1,0,0.5,-0.7443568110466003,-0.7443568110466003,attack,No
894,1,0,0.06754669677084987,-2.7433080673217773,-0.1183081567287445,attack,No
895,1,1,0.9579122723847614,-0.06355427950620651,-3.188554286956787,attack,Yes
896,1,1,0.9399133552961428,-0.08003415912389755,-2.8300342559814453,attack,Yes
897,1,0,0.09534947518185825,-2.379197120666504,-0.12919723987579346,attack,No
898,1,1,0.9706877714745548,-0.04505006596446037,-3.5450501441955566,attack,Yes
899,1,1,0.8519528019683106,-0.1915571689605713,-1.9415571689605713,attack,Yes
900,1,0,0.1480471980316895,-1.9434021711349487,-0.19340217113494873,attack,No
901,1,1,0.8519528019683106,-0.18519854545593262,-1.9351985454559326,attack,Yes
902,1,1,0.9579122741870427,-0.054016537964344025,-3.179016590118408,attack,Yes
903,1,0,0.46879062662624377,-0.8149800300598145,-0.6899800300598145,attack,No
904,1,1,0.7310585727705126,-0.35042133927345276,-1.3504213094711304,attack,Yes
905,1,0,0.4378234991142019,-0.8781629204750061,-0.6281629204750061,attack,No
906,1,1,0.7549149923816048,-0.3258400857448578,-1.4508401155471802,attack,Yes
907,1,0,0.3486451421018059,-1.0947015285491943,-0.4697015583515167,attack,No
908,1,1,0.893309411735131,-0.12746256589889526,-2.25246262550354,attack,Yes
909,1,1,0.9669140235181256,-0.04728502035140991,-3.4222850799560547,attack,Yes
910,1,0,0.020332352749027827,-3.9663736820220947,-0.09137365221977234,attack,No
911,1,0,0.5,-0.7393231987953186,-0.7393231987953186,attack,No
912,1,0,0.0330859819640103,-3.4523346424102783,-0.07733475416898727,attack,No
913,1,1,0.7772998663336157,-0.28531619906425476,-1.5353162288665771,attack,Yes
914,1,1,0.8354835289107309,-0.20081454515457153,-1.8258144855499268,attack,Yes
915,1,1,0.7981867873410141,-0.25035709142684937,-1.6253571510314941,attack,Yes
916,1,1,0.8175744806385543,-0.22320792078971863,-1.723207950592041,attack,Yes
917,1,1,0.904650538956921,-0.11836238205432892,-2.3683624267578125,attack,Yes
918,1,1,0.6224593312018546,-0.5103001594543457,-1.0103001594543457,attack,Yes
919,1,1,0.9525741293468757,-0.059596482664346695,-3.059596538543701,attack,Yes
920,1,0,0.1066905911052601,-2.256901264190674,-0.13190123438835144,attack,No
921,1,0,0.3208213138121609,-1.1906328201293945,-0.4406328797340393,attack,No
922,1,0,0.3775406828054583,-1.0126800537109375,-0.5126801133155823,attack,No
923,1,1,0.798186768138228,-0.25264793634414673,-1.627647876739502,attack,Yes
924,1,0,0.11920291732853862,-2.1543962955474854,-0.15439625084400177,attack,No
925,1,1,0.8670357563664174,-0.15726807713508606,-2.0322680473327637,attack,Yes
926,1,1,0.9241418278134569,-0.0962764099240303,-2.5962765216827393,attack,Yes
927,1,1,0.9796676458039967,-0.03110937587916851,-3.90610933303833,attack,Yes
928,1,0,0.32082129433083023,-1.161232829093933,-0.4112327992916107,attack,No
929,1,0,0.22270013366638422,-1.5608030557632446,-0.31080302596092224,attack,No
930,1,0,0.4073334000459302,-0.9212188124656677,-0.5462188124656677,attack,No
931,1,1,0.9796676471767682,-0.03601810708642006,-3.911018133163452,attack,Yes
932,1,0,0.5,-0.7174267172813416,-0.7174267172813416,attack,No
933,1,1,0.9820137911235872,-0.028599200770258904,-4.028599262237549,attack,Yes
934,1,1,0.932453315430128,-0.09070147573947906,-2.7157015800476074,attack,Yes
935,1,0,0.32082130082460697,-1.176222324371338,-0.4262223243713379,attack,No
936,1,0,0.37754066879814546,-1.0268300771713257,-0.5268300771713257,attack,No
937,1,0,0.22270014914315833,-1.5288515090942383,-0.27885156869888306,attack,No
938,1,0,0.02033235156176603,-3.939265489578247,-0.06426540017127991,attack,No
939,1,1,0.7981867849406659,-0.24638469517230988,-1.6213847398757935,attack,Yes
940,1,1,0.7981867873410141,-0.2544822096824646,-1.6294822692871094,attack,Yes
941,1,1,0.904650530602188,-0.10648827999830246,-2.3564882278442383,attack,Yes
942,1,1,0.7057850278370112,-0.40269625186920166,-1.2776962518692017,attack,Yes
943,1,1,0.7981867777396212,-0.24917840957641602,-1.624178409576416,attack,Yes
944,1,0,0.2942149845400438,-1.260082483291626,-0.38508254289627075,attack,No
945,1,1,0.9706877714745548,-0.038063447922468185,-3.5380635261535645,attack,Yes
946,1,1,0.9241418246795767,-0.08592002838850021,-2.5859200954437256,attack,Yes
947,1,1,0.924141813188682,-0.08910641819238663,-2.589106321334839,attack,Yes
948,1,1,0.8354835432479661,-0.21017558872699738,-1.835175633430481,attack,Yes
949,1,0,0.2689414272294874,-1.3582649230957031,-0.3582649528980255,attack,No
950,1,0,0.01590639427760358,-4.212460041046143,-0.08746020495891571,attack,No
951,1,0,0.37754066879814546,-0.9917507171630859,-0.49175071716308594,attack,No
952,1,1,0.6224593312018546,-0.5172078609466553,-1.0172078609466553,attack,Yes
953,1,0,0.004609572675066565,-5.4292449951171875,-0.054245103150606155,attack,No
954,1,1,0.7981867849406659,-0.24593408405780792,-1.6209341287612915,attack,Yes
955,1,1,0.8175744806385543,-0.2276885211467743,-1.7276885509490967,attack,Yes
956,1,1,0.9241418283357702,-0.09069287776947021,-2.5906929969787598,attack,Yes
957,1,1,0.8519528038477825,-0.18355117738246918,-1.9335511922836304,attack,Yes
958,1,0,0.06008665143635008,-2.84598445892334,-0.09598448127508163,attack,No
959,1,1,0.8354835432479661,-0.20748431980609894,-1.8324843645095825,attack,Yes
960,1,0,0.4073334000459302,-0.943870484828949,-0.568870484828949,attack,No
961,1,0,0.11920291107043361,-2.1800007820129395,-0.1800006777048111,attack,No
962,1,1,0.9046505428129514,-0.146097332239151,-2.396097421646118,attack,Yes
963,1,1,0.6513548782017746,-0.4630576968193054,-1.0880577564239502,attack,Yes
964,1,1,0.9669140213729421,-0.04250956326723099,-3.4175095558166504,attack,Yes
965,1,1,0.8354835330070839,-0.20245447754859924,-1.8274544477462769,attack,Yes
966,1,1,0.8933094060543487,-0.14380860328674316,-2.268808603286743,attack,Yes
967,1,1,0.9706877674467155,-0.040646616369485855,-3.540646553039551,attack,Yes
968,1,1,0.7549149868676283,-0.3092203140258789,-1.434220314025879,attack,Yes
969,1,0,0.34864513533394575,-1.0975896120071411,-0.4725896120071411,attack,No
970,1,1,0.7981867729389246,-0.2504439651966095,-1.625443935394287,attack,Yes
971,1,0,0.26894141551050293,-1.3492454290390015,-0.3492453992366791,attack,No
972,1,1,0.8519528057272543,-0.1793583333492279,-1.9293583631515503,attack,Yes
973,1,1,0.880797068590724,-0.14450225234031677,-2.1445021629333496,attack,Yes
974,1,1,0.6224593452091672,-0.528786838054657,-1.0287868976593018,attack,Yes
975,1,0,0.053403329423186846,-2.992050886154175,-0.11705087870359421,attack,No
976,1,1,0.914900948612085,-0.12269266694784164,-2.497692584991455,attack,Yes
977,1,1,0.8933094174159129,-0.1411193609237671,-2.2661194801330566,attack,Yes
978,1,1,0.9149009509324104,-0.10087638348340988,-2.4758763313293457,attack,Yes
979,1,1,0.9740426413893734,-0.038053806871175766,-3.6630537509918213,attack,Yes
980,1,0,0.24508500761839525,-1.4615412950515747,-0.3365412652492523,attack,No
981,1,1,0.9465966679403514,-0.08513502776622772,-2.960134983062744,attack,Yes
982,1,1,0.7057850340255386,-0.3966849744319916,-1.271685004234314,attack,Yes
983,1,1,0.9740426406358642,-0.036177244037389755,-3.661177158355713,attack,Yes
984,1,1,0.9046505267461572,-0.12176737934350967,-2.371767282485962,attack,Yes
985,1,0,0.02931222757148327,-3.560514211654663,-0.06051409989595413,attack,No
986,1,1,0.6513548511303336,-0.4508088231086731,-1.0758087635040283,attack,Yes
987,1,1,0.9525741264858409,-0.06473804265260696,-3.0647380352020264,attack,Yes
988,1,0,0.04208773001828046,-3.207033634185791,-0.0820336863398552,attack,No
989,1,0,0.4073334000459302,-0.9320615530014038,-0.5570615530014038,attack,No
990,1,0,0.06754668691621381,-2.7371997833251953,-0.11219971626996994,attack,No
991,1,0,0.1480471961522176,-1.934127688407898,-0.18412767350673676,attack,No
992,1,0,0.16451647108926923,-1.8281028270721436,-0.20310288667678833,attack,No
993,1,1,0.8354835330070839,-0.21534863114356995,-1.8403486013412476,attack,Yes
994,1,1,0.8670357649558007,-0.16638393700122833,-2.041383981704712,attack,Yes
995,1,1,0.6791787056691698,-0.4118156135082245,-1.1618156433105469,attack,Yes
996,1,1,0.6224593312018546,-0.5227851867675781,-1.0227851867675781,attack,Yes
997,1,0,0.2689414213699951,-1.3652008771896362,-0.36520087718963623,attack,No
998,1,1,0.9740426456278624,-0.03392375260591507,-3.658923864364624,attack,Yes
999,1,0,0.4073334000459302,-0.931110680103302,-0.556110680103302,attack,No
1000,1,0,0.1066905854244781,-2.2759053707122803,-0.1509052813053131,attack,No
1001,1,1,0.9241418184118162,-0.1062016710639,-2.606201648712158,attack,Yes
1002,1,1,0.9706877702026058,-0.04238411411643028,-3.542384147644043,attack,Yes
1003,1,1,0.9399133531922388,-0.07189267873764038,-2.821892738342285,attack,Yes
1004,1,1,0.9241418283357702,-0.09573113918304443,-2.595731258392334,attack,Yes
1005,1,0,0.017986213120429816,-4.048403739929199,-0.048403918743133545,attack,No
1006,1,1,0.9399133481428692,-0.06877663731575012,-2.8187766075134277,attack,Yes
1007,1,1,0.9324533130837861,-0.08092992752790451,-2.70592999458313,attack,Yes
1008,1,1,0.6791786861878392,-0.436218798160553,-1.1862187385559082,attack,Yes
1009,1,1,0.7772998560157665,-0.27447596192359924,-1.5244759321212769,attack,Yes
1010,1,1,0.9706877675527112,-0.03963381052017212,-3.5396337509155273,attack,Yes
1011,1,1,0.731058584489497,-0.3407538831233978,-1.3407539129257202,attack,Yes
1012,1,0,0.08509904500702024,-2.501983165740967,-0.1269831657409668,attack,No
1013,1,1,0.8933094131553264,-0.12643758952617645,-2.2514376640319824,attack,Yes
1014,1,1,0.7772998560157665,-0.26642659306526184,-1.5164265632629395,attack,Yes
1015,1,1,0.5926665999540697,-0.5768395662307739,-0.9518395662307739,attack,Yes
1016,1,1,0.5621765008857981,-0.6084215044975281,-0.8584215044975281,attack,Yes
1017,1,0,0.37754066879814546,-0.9967909455299377,-0.49679094552993774,attack,No
1018,1,0,0.2942149783515162,-1.2554879188537598,-0.38048794865608215,attack,No
1019,1,0,0.5,-0.7405423521995544,-0.7405423521995544,attack,No
1020,1,0,0.24508500761839525,-1.4340888261795044,-0.309088796377182,attack,No
1021,1,1,0.8807970858005139,-0.14942781627178192,-2.149427890777588,attack,Yes
1022,1,0,0.04208772401067611,-3.1897289752960205,-0.06472887843847275,attack,No
1023,1,1,0.8175744695262777,-0.2256970852613449,-1.7256970405578613,attack,Yes
1024,1,1,0.9399133477220882,-0.08484486490488052,-2.8348448276519775,attack,Yes
1025,1,0,0.37754066879814546,-1.0308458805084229,-0.5308458805084229,attack,No
1026,1,1,0.9149009555730611,-0.11119651049375534,-2.486196517944336,attack,Yes
1027,1,0,0.46879062662624377,-0.8171544075012207,-0.6921544075012207,attack,No
1028,1,1,0.9626731117188292,-0.051989343017339706,-3.3019893169403076,attack,Yes
1029,1,0,0.37754066879814546,-1.012215256690979,-0.512215256690979,attack,No
1030,1,0,0.2689414096510108,-1.3391883373260498,-0.33918827772140503,attack,No
1031,1,0,0.46879062662624377,-0.8012990355491638,-0.6762990355491638,attack,No
1032,1,1,0.9840936055474562,-0.0251881442964077,-4.150187969207764,attack,Yes
1033,1,0,0.08509904790742691,-2.4972739219665527,-0.12227395921945572,attack,No
1034,1,0,0.10669059820623795,-2.2585818767547607,-0.13358192145824432,attack,No
1035,1,0,0.02595735569077852,-3.689619541168213,-0.06461948156356812,attack,No
1036,1,1,0.962673111451103,-0.056556735187768936,-3.3065567016601562,attack,Yes
1037,1,1,0.8354835452961425,-0.1961471438407898,-1.8211472034454346,attack,Yes
1038,1,1,0.9933071498558422,-0.018090607598423958,-5.018090724945068,attack,Yes
1039,1,1,0.6513548646660542,-0.4681965112686157,-1.0931965112686157,attack,Yes
1040,1,1,0.8354835411997897,-0.2009199559688568,-1.8259199857711792,attack,Yes
1041,1,0,0.09534945718704857,-2.4043259620666504,-0.15432587265968323,attack,No
1042,1,1,0.5621765008857981,-0.6146835088729858,-0.8646835088729858,attack,Yes
1043,1,1,0.9626731118526922,-0.04687526077032089,-3.296875238418579,attack,Yes
1044,1,1,0.7549149923816048,-0.30435284972190857,-1.429352879524231,attack,Yes
1045,1,0,0.29421496597446145,-1.2485805749893188,-0.37358054518699646,attack,No
1046,1,0,0.4073334000459302,-0.9427311420440674,-0.5677311420440674,attack,No
1047,1,1,0.9465966720833627,-0.06576939672231674,-2.9407694339752197,attack,Yes
1048,1,0,0.5,-0.7126720547676086,-0.7126720547676086,attack,No
1049,1,1,0.952574127663914,-0.05893395468592644,-3.058933973312378,attack,Yes
1050,1,0,0.2942149845400438,-1.2460074424743652,-0.37100750207901,attack,No
1051,1,1,0.974042644685976,-0.03989283740520477,-3.6648929119110107,attack,Yes
1052,1,0,0.37754066879814546,-1.0266919136047363,-0.5266919136047363,attack,No
1053,1,1,0.9940889306293345,-0.013960449025034904,-5.138960361480713,attack,Yes
1054,1,1,0.5312093733737563,-0.6654878258705139,-0.7904878258705139,attack,Yes
1055,1,0,0.04208773031866069,-3.2379868030548096,-0.11298686265945435,attack,No
1056,1,0,0.008577486459136916,-4.782421588897705,-0.03242171183228493,attack,No
1057,1,1,0.946596671330088,-0.06828496605157852,-2.9432849884033203,attack,Yes
1058,1,1,0.9740426453452966,-0.04157652333378792,-3.666576623916626,attack,Yes
1059,1,0,0.2018132150593341,-1.6168469190597534,-0.24184687435626984,attack,No
1060,1,0,0.060086643862295744,-2.843221426010132,-0.09322131425142288,attack,No
1061,1,1,0.9046505344582186,-0.11538506299257278,-2.365385055541992,attack,Yes
1062,1,1,0.7310585903489892,-0.3393098711967468,-1.3393099308013916,attack,Yes
1063,1,1,0.8670357546485407,-0.1700921505689621,-2.0450921058654785,attack,Yes
1064,1,0,0.5,-0.7097072005271912,-0.7097072005271912,attack,No
1065,1,1,0.9626731141283641,-0.05686040595173836,-3.3068604469299316,attack,Yes
1066,1,0,0.02931223128133519,-3.5564072132110596,-0.05640723183751106,attack,No
1067,1,0,0.46879062662624377,-0.8169788718223572,-0.6919788718223572,attack,No
1068,1,0,0.04742587250438209,-3.0750277042388916,-0.07502768933773041,attack,No
1069,1,1,0.9626731149315425,-0.05788629874587059,-3.3078863620758057,attack,Yes
1070,1,0,0.20181322226037882,-1.646968126296997,-0.27196812629699707,attack,No
1071,1,0,0.37754066879814546,-0.9976948499679565,-0.49769484996795654,attack,No
1072,1,1,0.8354835432479661,-0.21173639595508575,-1.8367364406585693,attack,Yes
1073,1,1,0.924141814233309,-0.10108812898397446,-2.601088047027588,attack,Yes
1074,1,1,0.5312093733737563,-0.6581220030784607,-0.7831220030784607,attack,Yes
1075,1,1,0.6791787121629466,-0.4307662844657898,-1.1807663440704346,attack,Yes
1076,1,1,0.8175744673038221,-0.23411637544631958,-1.7341163158416748,attack,Yes
1077,1,1,0.9241418278134569,-0.09774268418550491,-2.597742795944214,attack,Yes
1078,1,0,0.4073334000459302,-0.956764280796051,-0.581764280796051,attack,No
1079,1,0,0.34864513533394575,-1.0859893560409546,-0.4609893560409546,attack,No
1080,1,1,0.8933094103149354,-0.13559408485889435,-2.260594129562378,attack,Yes
1081,1,1,0.7057850278370112,-0.39376962184906006,-1.26876962184906,attack,Yes
1082,1,0,0.0850990357257195,-2.4985876083374023,-0.12358748912811279,attack,No
1083,1,0,0.16451645880021026,-1.831252932548523,-0.20625290274620056,attack,No
1084,1,0,0.4073334000459302,-0.9555186033248901,-0.5805186033248901,attack,No
1085,1,1,0.7772998508568416,-0.30511075258255005,-1.5551106929779053,attack,Yes
1086,1,1,0.7772998663336157,-0.2808750569820404,-1.5308750867843628,attack,Yes
1087,1,1,0.7549149923816048,-0.3197532594203949,-1.4447532892227173,attack,Yes
1088,1,0,0.0953494738965146,-2.3753886222839355,-0.1253887265920639,attack,No
1089,1,0,0.022977371582637088,-3.822291135787964,-0.07229121029376984,attack,No
1090,1,1,0.9241418267688303,-0.08666767925024033,-2.586667776107788,attack,Yes
1091,1,1,0.7981867777396212,-0.25140535831451416,-1.6264053583145142,attack,Yes
1092,1,1,0.731058584489497,-0.34424301981925964,-1.344243049621582,attack,Yes
1093,1,1,0.9241418246795767,-0.09338300675153732,-2.5933830738067627,attack,Yes
1094,1,1,0.7981867825403176,-0.26402315497398376,-1.6390231847763062,attack,Yes
1095,1,1,0.94659667246,-0.06579752266407013,-2.9407975673675537,attack,Yes
1096,1,0,0.04208772611333754,-3.210706949234009,-0.08570690453052521,attack,No
1097,1,1,0.9399133557169234,-0.07907690107822418,-2.8290770053863525,attack,Yes
1098,1,1,0.5621765008857981,-0.6005763411521912,-0.8505763411521912,attack,Yes
1099,1,1,0.9399133473013074,-0.07833699882030487,-2.8283369541168213,attack,Yes
1100,1,1,0.9324533140223229,-0.08647767454385757,-2.711477756500244,attack,Yes
1101,1,1,0.5621765008857981,-0.6336021423339844,-0.8836021423339844,attack,Yes
1102,1,1,0.9947798743548041,-0.00733279250562191,-5.257332801818848,attack,Yes
1103,1,1,0.7981867729389246,-0.26423707604408264,-1.6392370462417603,attack,Yes
1104,1,1,0.9875683500386618,-0.01808159239590168,-4.3930816650390625,attack,Yes
1105,1,1,0.7549149813536518,-0.31714609265327454,-1.4421460628509521,attack,Yes
1106,1,1,0.9399133527714579,-0.08275384455919266,-2.832753896713257,attack,Yes
1107,1,1,0.8807970842359877,-0.15207332372665405,-2.152073383331299,attack,Yes
1108,1,1,0.6224593312018546,-0.5261759757995605,-1.0261759757995605,attack,Yes
1109,1,1,0.9525741251394714,-0.06439618021249771,-3.0643961429595947,attack,Yes
1110,1,1,0.9579122734360922,-0.059098925441503525,-3.184098958969116,attack,Yes
1111,1,0,0.06754669583231304,-2.7161316871643066,-0.09113176167011261,attack,No
1112,1,1,0.6513548646660542,-0.4685438871383667,-1.0935438871383667,attack,Yes
1113,1,0,0.2689414330889798,-1.335787057876587,-0.3357871174812317,attack,No
1114,1,0,0.20181322226037882,-1.6405935287475586,-0.2655935287475586,attack,No
1115,1,1,0.8175744806385543,-0.2222958505153656,-1.722295880317688,attack,Yes
1116,1,1,0.9149009619539553,-0.10887899994850159,-2.4838790893554688,attack,Yes
1117,1,1,0.9149009596336303,-0.11431998014450073,-2.4893200397491455,attack,Yes
1118,1,1,0.9399133494052115,-0.08125782757997513,-2.8312578201293945,attack,Yes
1119,1,0,0.37754066879814546,-1.0023283958435059,-0.5023283958435059,attack,No
1120,1,1,0.9525741268224334,-0.061403751373291016,-3.061403751373291,attack,Yes
1121,1,1,0.9875683463569312,-0.020484674721956253,-4.395484447479248,attack,Yes
1122,1,1,0.7310585903489892,-0.32817214727401733,-1.328172206878662,attack,Yes
1123,1,1,0.8519528019683106,-0.19121074676513672,-1.9412107467651367,attack,Yes
1124,1,1,0.5621765008857981,-0.6236274242401123,-0.8736274242401123,attack,Yes
1125,1,1,0.7981867849406659,-0.24407608807086945,-1.619076132774353,attack,Yes
1126,1,0,0.16451646494473965,-1.8407500982284546,-0.21575011312961578,attack,No
1127,1,0,0.37754066879814546,-1.0266870260238647,-0.5266870260238647,attack,No
1128,1,1,0.8354835391516132,-0.2066478580236435,-1.8316478729248047,attack,Yes
1129,1,1,0.7981867873410141,-0.265974223613739,-1.6409742832183838,attack,Yes
1130,1,0,0.06754669067036073,-2.7186086177825928,-0.09360861033201218,attack,No
1131,1,0,0.11920292671569666,-2.16886305809021,-0.16886310279369354,attack,No
1132,1,0,0.4378234991142019,-0.8510457277297974,-0.6010457277297974,attack,No
1133,1,1,0.9241418126663687,-0.09184442460536957,-2.591844320297241,attack,Yes
1134,1,1,0.6224593312018546,-0.5094413757324219,-1.0094413757324219,attack,Yes
1135,1,0,0.34864513533394575,-1.0770293474197388,-0.45202934741973877,attack,No
1136,1,0,0.0474258688018665,-3.1181321144104004,-0.11813201755285263,attack,No
1137,1,1,0.7057850216484838,-0.3750387728214264,-1.250038743019104,attack,Yes
1138,1,1,0.8354835289107309,-0.22546154260635376,-1.850461483001709,attack,Yes
1139,1,1,0.9149009491921662,-0.10048682987689972,-2.4754867553710938,attack,Yes
1140,1,1,0.9324533074525657,-0.08188464492559433,-2.7068846225738525,attack,Yes
1141,1,1,0.8519527982093668,-0.19986394047737122,-1.9498639106750488,attack,Yes
1142,1,0,0.46879062662624377,-0.7924829125404358,-0.6674829125404358,attack,No
1143,1,1,0.6224593312018546,-0.5121709108352661,-1.0121709108352661,attack,Yes
1144,1,1,0.8354835350552604,-0.2103210836648941,-1.835321068763733,attack,Yes
1145,1,0,0.34864513533394575,-1.0761879682540894,-0.45118796825408936,attack,No
1146,1,1,0.9399133451974032,-0.07512124627828598,-2.8251211643218994,attack,Yes
1147,1,1,0.5312093733737563,-0.662586510181427,-0.787586510181427,attack,Yes
1148,1,1,0.9902915232319999,-0.017799407243728638,-4.642799377441406,attack,Yes
1149,1,1,0.9626731102463355,-0.04557926207780838,-3.295579195022583,attack,Yes
1150,1,0,0.34864513533394575,-1.0991212129592896,-0.47412121295928955,attack,No
1151,1,1,0.6513548646660542,-0.4835667610168457,-1.1085667610168457,attack,Yes
1152,1,1,0.8670357615200474,-0.16955922544002533,-2.0445592403411865,attack,Yes
1153,1,1,0.8354835289107309,-0.19802457094192505,-1.8230245113372803,attack,Yes
1154,1,0,0.03732688814730781,-3.326392889022827,-0.07639291137456894,attack,No
1155,1,1,0.9324533158993962,-0.0871666744351387,-2.7121667861938477,attack,Yes
1156,1,1,0.5926665999540697,-0.5595694184303284,-0.9345694184303284,attack,Yes
1157,1,1,0.982013787603356,-0.031537193804979324,-4.031537055969238,attack,Yes
1158,1,0,0.20181322226037882,-1.6265575885772705,-0.2515575885772705,attack,No
1159,1,1,0.798186768138228,-0.23795968294143677,-1.612959623336792,attack,Yes
1160,1,1,0.6224593312018546,-0.4985685348510742,-0.9985685348510742,attack,Yes
1161,1,1,0.9149009561531425,-0.10762403905391693,-2.482624053955078,attack,Yes
1162,1,1,0.9149009625340367,-0.10362377017736435,-2.478623867034912,attack,Yes
1163,1,0,0.5,-0.7240500450134277,-0.7240500450134277,attack,No
1164,1,1,0.8519528057272543,-0.17999431490898132,-1.9299943447113037,attack,Yes
1165,1,0,0.16451646494473965,-1.825588345527649,-0.20058836042881012,attack,No
1166,1,0,0.46879062662624377,-0.7961406111717224,-0.6711406111717224,attack,No
1167,1,1,0.8807970779778823,-0.15216445922851562,-2.1521644592285156,attack,Yes
1168,1,1,0.904650536386234,-0.12526200711727142,-2.3752620220184326,attack,Yes
1169,1,1,0.9706877684006775,-0.043747931718826294,-3.543747901916504,attack,Yes
1170,1,1,0.8670357477770336,-0.17825137078762054,-2.053251266479492,attack,Yes
1171,1,1,0.7772998560157665,-0.2829780876636505,-1.5329780578613281,attack,Yes
1172,1,0,0.16451645675203383,-1.8441216945648193,-0.21912164986133575,attack,No
1173,1,0,0.2018132150593341,-1.6233729124069214,-0.2483728677034378,attack,No
1174,1,0,0.022977369826395047,-3.8080031871795654,-0.05800318345427513,attack,No
1175,1,1,0.8519528000888387,-0.17845691740512848,-1.9284569025039673,attack,Yes
1176,1,1,0.5926665999540697,-0.5633062124252319,-0.9383062124252319,attack,Yes
1177,1,0,0.002800926592539542,-5.940361022949219,-0.065360888838768,attack,No
1178,1,0,0.4073334000459302,-0.9304192066192627,-0.5554192066192627,attack,No
1179,1,1,0.8175744673038221,-0.21720391511917114,-1.7172038555145264,attack,Yes
1180,1,1,0.9740426419545052,-0.033874545246362686,-3.65887451171875,attack,Yes
1181,1,0,0.053403324903538434,-2.9783143997192383,-0.10331430286169052,attack,No
1182,1,1,0.7310585727705126,-0.35270705819129944,-1.352707028388977,attack,Yes
1183,1,1,0.817574471748733,-0.2194519340991974,-1.719451904296875,attack,Yes
1184,1,0,0.1066905854244781,-2.2761144638061523,-0.15111437439918518,attack,No
1185,1,1,0.5621765008857981,-0.6141151785850525,-0.8641151785850525,attack,Yes
1186,1,1,0.798186775339273,-0.24869169294834137,-1.6236916780471802,attack,Yes
1187,1,1,0.8519528019683106,-0.19655239582061768,-1.9465523958206177,attack,Yes
1188,1,0,0.13296424878721277,-2.071058988571167,-0.19605906307697296,attack,No
1189,1,1,0.5312093733737563,-0.6961907148361206,-0.8211907148361206,attack,Yes
1190,1,0,0.01590639427760358,-4.190398693084717,-0.06539885699748993,attack,No
1191,1,1,0.5312093733737563,-0.6845086216926575,-0.8095086216926575,attack,Yes
1192,1,0,0.20181323186177208,-1.6372342109680176,-0.26223427057266235,attack,No
1193,1,1,0.6513548646660542,-0.4706106185913086,-1.0956106185913086,attack,Yes
1194,1,1,0.9859363708131016,-0.025784647092223167,-4.275784492492676,attack,Yes
1195,1,0,0.24508501313237172,-1.4388384819030762,-0.31383848190307617,attack,No
1196,1,1,0.914900948612085,-0.0966230258345604,-2.471622943878174,attack,Yes
1197,1,0,0.10669059394565118,-2.291438341140747,-0.16643834114074707,attack,No
1198,1,1,0.9626731146638163,-0.045538369566202164,-3.2955384254455566,attack,Yes
1199,1,0,0.3486451285660856,-1.0914889574050903,-0.46648892760276794,attack,No
1200,1,0,0.03308597886541159,-3.479794979095459,-0.10479499399662018,attack,No
1201,1,1,0.8354835309589073,-0.20406274497509003,-1.8290627002716064,attack,Yes
1202,1,0,0.46879062662624377,-0.794991135597229,-0.669991135597229,attack,No
1203,1,0,0.46879062662624377,-0.7844661474227905,-0.6594661474227905,attack,No
1204,1,1,0.867035752930664,-0.17571979761123657,-2.050719738006592,attack,Yes
1205,1,1,0.7549149868676283,-0.30217158794403076,-1.4271715879440308,attack,Yes
1206,1,1,0.893309411735131,-0.13178390264511108,-2.256783962249756,attack,Yes
1207,1,0,0.14804719239327382,-1.9522879123687744,-0.20228786766529083,attack,No
1208,1,0,0.014063628231294069,-4.3028388023376465,-0.05283888801932335,attack,No
1209,1,1,0.754914975839675,-0.30403977632522583,-1.429039716720581,attack,Yes
1210,1,1,0.9820137872743625,-0.027403511106967926,-4.027403354644775,attack,Yes
1211,1,1,0.7772998663336157,-0.27084848284721375,-1.5208485126495361,attack,Yes
1212,1,0,0.20181322226037882,-1.6361401081085205,-0.2611401081085205,attack,No
1213,1,0,0.2018132174596823,-1.6338659524917603,-0.25886592268943787,attack,No
1214,1,1,0.9914225162811434,-0.014098921790719032,-4.76409912109375,attack,Yes
1215,1,1,0.6513548782017746,-0.44986671209335327,-1.074866771697998,attack,Yes
1216,1,0,0.03308597981882656,-3.472377061843872,-0.09737710654735565,attack,No
1217,1,1,0.7310585786300049,-0.3467332124710083,-1.3467332124710083,attack,Yes
1218,1,1,0.9046505344582186,-0.12195111066102982,-2.371951103210449,attack,Yes
1219,1,1,0.9840936114371074,-0.02323845773935318,-4.148238658905029,attack,Yes
1220,1,1,0.6224593312018546,-0.4942939877510071,-0.9942939877510071,attack,Yes
1221,1,0,0.22270014914315833,-1.537687063217163,-0.28768712282180786,attack,No
1222,1,1,0.9525741311981335,-0.0647663101553917,-3.0647664070129395,attack,Yes
1223,1,1,0.7772998560157665,-0.29676976799964905,-1.5467697381973267,attack,Yes
1224,1,1,0.924141819456443,-0.10068679600954056,-2.60068678855896,attack,Yes
1225,1,0,0.14804719991116141,-1.9311752319335938,-0.18117524683475494,attack,No
1226,1,1,0.754914975839675,-0.31715303659439087,-1.442152976989746,attack,Yes
1227,1,1,0.9046505440982949,-0.11306394636631012,-2.3630640506744385,attack,Yes
1228,1,1,0.9940889312422625,-0.0172490905970335,-5.14224910736084,attack,Yes
1229,1,0,0.46879062662624377,-0.8139602541923523,-0.6889602541923523,attack,No
1230,1,0,0.04208773121980142,-3.202406167984009,-0.07740624994039536,attack,No
1231,1,0,0.18242552825126704,-1.7337632179260254,-0.23376324772834778,attack,No
1232,1,0,0.007577240427454735,-4.938182353973389,-0.06318224221467972,attack,No
1233,1,1,0.5621765008857981,-0.6125447750091553,-0.8625447750091553,attack,Yes
1234,1,1,0.679178699175393,-0.4243330955505371,-1.174333095550537,attack,Yes
1235,1,0,0.34864513533394575,-1.1115093231201172,-0.4865093231201172,attack,No
1236,1,1,0.817574478416099,-0.22154735028743744,-1.7215473651885986,attack,Yes
1237,1,1,0.8933094046341532,-0.13306643068790436,-2.258066415786743,attack,Yes
1238,1,0,0.04742587755326745,-3.0970776081085205,-0.09707770496606827,attack,No
1239,1,1,0.9579122687801985,-0.06122525781393051,-3.186225175857544,attack,Yes
1240,1,1,0.9770226304244968,-0.04081486165523529,-3.7908148765563965,attack,Yes
1241,1,1,0.9324533158993962,-0.08426154404878616,-2.709261655807495,attack,Yes
1242,1,0,0.26894141551050293,-1.3379548788070679,-0.3379548490047455,attack,No
1243,1,0,0.07585817897661679,-2.626380443572998,-0.12638042867183685,attack,No
1244,1,1,0.6791786861878392,-0.4305935502052307,-1.180593490600586,attack,Yes
1245,1,1,0.924141813188682,-0.09524116665124893,-2.595241069793701,attack,Yes
1246,1,1,0.9465966645506146,-0.06321536749601364,-2.9382152557373047,attack,Yes
1247,1,1,0.8807970904940926,-0.13989293575286865,-2.139893054962158,attack,Yes
1248,1,1,0.5926665999540697,-0.5543637275695801,-0.9293637275695801,attack,Yes
1249,1,0,0.18242551491653522,-1.721771478652954,-0.22177141904830933,attack,No
1250,1,0,0.2689414272294874,-1.3635077476501465,-0.36350777745246887,attack,No
1251,1,1,0.9740426434615237,-0.03812048211693764,-3.6631205081939697,attack,Yes
1252,1,1,0.8354835432479661,-0.19770963490009308,-1.8227096796035767,attack,Yes
1253,1,1,0.8175744739711884,-0.22342313826084137,-1.7234231233596802,attack,Yes
1254,1,0,0.1329642333263228,-2.0786678791046143,-0.20366781949996948,attack,No
1255,1,1,0.8175744695262777,-0.2324303835630417,-1.732430338859558,attack,Yes
1256,1,1,0.9149009538328171,-0.10884596407413483,-2.4838459491729736,attack,Yes
1257,1,1,0.914900948612085,-0.10341557115316391,-2.4784154891967773,attack,Yes
1258,1,0,0.26894141551050293,-1.3384324312210083,-0.3384324014186859,attack,No
1259,1,1,0.9525741318713181,-0.06657899171113968,-3.0665791034698486,attack,Yes
1260,1,0,0.010986940404201095,-4.55497932434082,-0.0549791194498539,attack,No
1261,1,1,0.7057850340255386,-0.3762541711330414,-1.2512542009353638,attack,Yes
1262,1,0,0.37754066879814546,-1.0068669319152832,-0.5068669319152832,attack,No
1263,1,1,0.9241418121440552,-0.09060751646757126,-2.5906074047088623,attack,Yes
1264,1,0,0.060086648911665194,-2.834052801132202,-0.08405277878046036,attack,No
1265,1,1,0.8519527963298947,-0.2066289633512497,-1.9566289186477661,attack,Yes
1266,1,0,0.017986208119727825,-4.066962242126465,-0.06696213781833649,attack,No
1267,1,0,0.32082130731838393,-1.1762211322784424,-0.42622116208076477,attack,No
1268,1,0,0.020332353342658753,-3.9400546550750732,-0.06505465507507324,attack,No
1269,1,0,0.025957360023456458,-3.700479030609131,-0.07547914236783981,attack,No
1270,1,0,0.007577240147319397,-4.928265571594238,-0.05326542258262634,attack,No
1271,1,0,0.07585818524437762,-2.6265292167663574,-0.1265292912721634,attack,No
1272,1,0,0.20181322226037882,-1.6260125637054443,-0.25101256370544434,attack,No
1273,1,0,0.20181322226037882,-1.6370500326156616,-0.2620500326156616,attack,No
1274,1,1,0.7310585727705126,-0.3412773907184601,-1.3412773609161377,attack,Yes
1275,1,0,0.5,-0.7606522440910339,-0.7606522440910339,attack,No
1276,1,0,0.20181322226037882,-1.6318007707595825,-0.2568007707595825,attack,No
1277,1,1,0.5312093733737563,-0.6942621469497681,-0.8192621469497681,attack,Yes
1278,1,1,0.7772998611746911,-0.2672607898712158,-1.5172607898712158,attack,Yes
1279,1,1,0.9149009462917594,-0.10162317007780075,-2.476623058319092,attack,Yes
1280,1,1,0.754914997895581,-0.3147863745689392,-1.439786434173584,attack,Yes
1281,1,1,0.9241418272911436,-0.09218300879001617,-2.5921831130981445,attack,Yes
1282,1,1,0.7310585727705126,-0.35472241044044495,-1.3547223806381226,attack,Yes
1283,1,1,0.9770226325152609,-0.0393301360309124,-3.789330244064331,attack,Yes
1284,1,1,0.94659667246,-0.06637854874134064,-2.941378593444824,attack,Yes
1285,1,1,0.9770226314698788,-0.02983754687011242,-3.7798376083374023,attack,Yes
1286,1,1,0.9859363703998673,-0.021199887618422508,-4.271199703216553,attack,Yes
1287,1,1,0.9840936072385444,-0.026298590004444122,-4.151298522949219,attack,Yes
1288,1,1,0.9324533163686646,-0.08306491374969482,-2.7080650329589844,attack,Yes
1289,1,0,0.24508501313237172,-1.429893970489502,-0.30489397048950195,attack,No
1290,1,1,0.5926665999540697,-0.5507482290267944,-0.9257482290267944,attack,Yes
1291,1,1,0.8175744828610095,-0.24095745384693146,-1.740957498550415,attack,Yes
1292,1,1,0.5312093733737563,-0.6517468690872192,-0.7767468690872192,attack,Yes
1293,1,1,0.9626731135929119,-0.051793310791254044,-3.301793336868286,attack,Yes
1294,1,1,0.6513548646660542,-0.45529818534851074,-1.0802981853485107,attack,Yes
1295,1,0,0.22270013366638422,-1.5253318548202515,-0.2753318250179291,attack,No
1296,1,1,0.9046505408849363,-0.11840241402387619,-2.3684024810791016,attack,Yes
1297,1,1,0.6513548511303336,-0.4503708481788635,-1.0753707885742188,attack,Yes
1298,1,1,0.6791787056691698,-0.40360912680625916,-1.1536091566085815,attack,Yes
1299,1,1,0.6791787056691698,-0.4255823791027069,-1.1755824089050293,attack,Yes
1300,1,0,0.5,-0.711259663105011,-0.711259663105011,attack,No
1301,1,1,0.5926665999540697,-0.5621377229690552,-0.9371377229690552,attack,Yes
1302,1,0,0.05340332866991209,-2.9572768211364746,-0.08227679878473282,attack,No
1303,1,1,0.9241418215456966,-0.08781502395868301,-2.587815046310425,attack,Yes
1304,1,1,0.9149009491921662,-0.10238392651081085,-2.477383852005005,attack,Yes
1305,1,0,0.32082130731838393,-1.1616851091384888,-0.41168513894081116,attack,No
1306,1,1,0.7549149813536518,-0.3096301853656769,-1.4346301555633545,attack,Yes
1307,1,0,0.04742587250438209,-3.0872323513031006,-0.08723233640193939,attack,No
1308,1,1,0.8354835432479661,-0.20452912151813507,-1.8295291662216187,attack,Yes
1309,1,0,0.18242552380635632,-1.7679961919784546,-0.2679961919784546,attack,No
1310,1,1,0.7981867729389246,-0.26510146260261536,-1.640101432800293,attack,Yes
1311,1,1,0.9324533083911025,-0.08539534360170364,-2.710395336151123,attack,Yes
1312,1,0,0.2018132174596823,-1.6478815078735352,-0.27288147807121277,attack,No
1313,1,0,0.10669059962643358,-2.2642159461975098,-0.13921600580215454,attack,No
1314,1,1,0.7772998611746911,-0.26937997341156006,-1.51937997341156,attack,Yes
1315,1,1,0.9859363724143846,-0.02211574651300907,-4.272115707397461,attack,Yes
1316,1,1,0.9465966683169889,-0.07716945558786392,-2.952169418334961,attack,Yes
1317,1,1,0.7772998508568416,-0.28290802240371704,-1.5329079627990723,attack,Yes
1318,1,0,0.037326884399142314,-3.3438193798065186,-0.09381929785013199,attack,No
1319,1,0,0.009708477949920658,-4.678093910217285,-0.05309406295418739,attack,No
1320,1,0,0.37754066879814546,-1.003908395767212,-0.5039083957672119,attack,No
1321,1,1,0.7310585669110203,-0.35243040323257446,-1.3524303436279297,attack,Yes
1322,1,1,0.8807970858005139,-0.1443130224943161,-2.144313097000122,attack,Yes
1323,1,1,0.9324533036984186,-0.08304604142904282,-2.7080459594726562,attack,Yes
1324,1,0,0.32082130731838393,-1.1617145538330078,-0.4117145836353302,attack,No
1325,1,0,0.3486451217982255,-1.1126384735107422,-0.4876384139060974,attack,No
1326,1,0,0.0203323526006201,-3.944274663925171,-0.06927462667226791,attack,No
1327,1,0,0.3486451488696663,-1.106278896331787,-0.4812789559364319,attack,No
1328,1,1,0.9465966732132748,-0.07849758863449097,-2.9534976482391357,attack,Yes
1329,1,1,0.9149009555730611,-0.0995788499712944,-2.474578857421875,attack,Yes
1330,1,1,0.5312093733737563,-0.6872724294662476,-0.8122724294662476,attack,Yes
1331,1,1,0.8807970732843035,-0.1386754959821701,-2.1386754512786865,attack,Yes
1332,1,0,0.09534945461636171,-2.376628875732422,-0.12662875652313232,attack,No
1333,1,1,0.5926665999540697,-0.5446131229400635,-0.9196131229400635,attack,Yes
1334,1,1,0.7981867777396212,-0.2446366548538208,-1.6196366548538208,attack,Yes
1335,1,1,0.6513548714339145,-0.46620580554008484,-1.0912058353424072,attack,Yes
1336,1,1,0.9626731117188292,-0.045748498290777206,-3.295748472213745,attack,Yes
1337,1,0,0.5,-0.7310507297515869,-0.7310507297515869,attack,No
1338,1,1,0.970687768188686,-0.03719309717416763,-3.5371930599212646,attack,Yes
1339,1,0,0.4378234991142019,-0.8605607748031616,-0.6105607748031616,attack,No
1340,1,0,0.29421497216298875,-1.262923002243042,-0.387923002243042,attack,No
1341,1,0,0.22270014914315833,-1.5262811183929443,-0.2762811779975891,attack,No
1342,1,1,0.798186768138228,-0.2517569661140442,-1.6267569065093994,attack,Yes
1343,1,1,0.6791786926816161,-0.4268491566181183,-1.176849126815796,attack,Yes
1344,1,1,0.9525741251394714,-0.07114533334970474,-3.0711452960968018,attack,Yes
1345,1,0,0.2689414272294874,-1.348186731338501,-0.34818676114082336,attack,No
1346,1,0,0.07585817793199003,-2.6330935955047607,-0.13309356570243835,attack,No
1347,1,0,0.5,-0.7403469085693359,-0.7403469085693359,attack,No
1348,1,1,0.6513548646660542,-0.45890235900878906,-1.083902359008789,attack,Yes
1349,1,1,0.6791786926816161,-0.4214470684528351,-1.1714470386505127,attack,Yes
1350,1,1,0.9046505370289059,-0.11283395439386368,-2.3628339767456055,attack,Yes
1351,1,0,0.5,-0.7233206629753113,-0.7233206629753113,attack,No
1352,1,1,0.679178699175393,-0.4185490608215332,-1.1685490608215332,attack,Yes
1353,1,0,0.32082129433083023,-1.177955150604248,-0.42795512080192566,attack,No
1354,1,1,0.97966764509906,-0.037467796355485916,-3.9124677181243896,attack,Yes
1355,1,0,0.20181323186177208,-1.6525235176086426,-0.27752357721328735,attack,No
1356,1,0,0.02033235208119306,-3.9256646633148193,-0.05066459998488426,attack,No
1357,1,0,0.22270013882530884,-1.5475108623504639,-0.29751086235046387,attack,No
1358,1,1,0.9796676459153025,-0.03945712000131607,-3.914457082748413,attack,Yes
1359,1,0,0.13296425050508953,-2.040896415710449,-0.16589650511741638,attack,No
1360,1,1,0.6224593452091672,-0.5140623450279236,-1.0140624046325684,attack,Yes
1361,1,1,0.7057850216484838,-0.37713363766670227,-1.2521336078643799,attack,Yes
1362,1,0,0.02297736857193652,-3.797830820083618,-0.04783076047897339,attack,No
1363,1,1,0.5621765008857981,-0.6025847792625427,-0.8525847792625427,attack,Yes
1364,1,1,0.8175744739711884,-0.22166837751865387,-1.7216683626174927,attack,Yes
1365,1,1,0.9770226286682546,-0.032911840826272964,-3.782911777496338,attack,Yes
1366,1,1,0.9875683516394139,-0.017430102452635765,-4.392430305480957,attack,Yes
1367,1,1,0.5926665999540697,-0.5541660785675049,-0.9291660785675049,attack,Yes
1368,1,0,0.34864513533394575,-1.0863598585128784,-0.4613598585128784,attack,No
1369,1,0,0.20181322226037882,-1.6450222730636597,-0.27002227306365967,attack,No
1370,1,1,0.9465966728366375,-0.07615918666124344,-2.9511592388153076,attack,Yes
1371,1,1,0.880797068590724,-0.14924845099449158,-2.1492483615875244,attack,Yes
1372,1,1,0.8670357580842941,-0.16641856729984283,-2.0414185523986816,attack,Yes
1373,1,1,0.7981867777396212,-0.26388096809387207,-1.638880968093872,attack,Yes
1374,1,1,0.9924227581928786,-0.013704848475754261,-4.888704776763916,attack,Yes
1375,1,0,0.1480471961522176,-1.9362075328826904,-0.18620751798152924,attack,No
1376,1,0,0.34864513533394575,-1.073859691619873,-0.44885969161987305,attack,No
1377,1,0,0.5,-0.7338703870773315,-0.7338703870773315,attack,No
1378,1,0,0.0017007223545111032,-6.420361042022705,-0.04536100849509239,attack,No
1379,1,1,0.9399133456181842,-0.07451684772968292,-2.824516773223877,attack,Yes
1380,1,0,0.5,-0.7490001320838928,-0.7490001320838928,attack,No
1381,1,0,0.22270014398423357,-1.5254274606704712,-0.2754274904727936,attack,No
1382,1,0,0.11920291576401235,-2.1637485027313232,-0.16374844312667847,attack,No
1383,1,0,0.24508502416032488,-1.4680569171905518,-0.34305697679519653,attack,No
1384,1,1,0.8175744761936437,-0.22977709770202637,-1.7297770977020264,attack,Yes
1385,1,1,0.7549149923816048,-0.30966290831565857,-1.434662938117981,attack,Yes
1386,1,1,0.6513548511303336,-0.4740908741950989,-1.099090814590454,attack,Yes
1387,1,0,0.46879062662624377,-0.7917031049728394,-0.6667031049728394,attack,No
1388,1,0,0.2018132174596823,-1.6243343353271484,-0.24933430552482605,attack,No
1389,1,0,0.015906392528202036,-4.2202606201171875,-0.09526067227125168,attack,No
1390,1,0,0.4073334000459302,-0.9506189227104187,-0.5756189227104187,attack,No
1391,1,0,0.18242552380635632,-1.7535825967788696,-0.25358259677886963,attack,No
1392,1,0,0.34864513533394575,-1.0787975788116455,-0.4537975788116455,attack,No
1393,1,1,0.8933094060543487,-0.14043569564819336,-2.2654356956481934,attack,Yes
1394,1,0,0.4073334000459302,-0.9278661012649536,-0.5528661012649536,attack,No
1395,1,1,0.9669140193469352,-0.04328329488635063,-3.418283224105835,attack,Yes
1396,1,1,0.9149009491921662,-0.1277523785829544,-2.5027523040771484,attack,Yes
1397,1,1,0.957912274787803,-0.05462329834699631,-3.1796233654022217,attack,Yes
1398,1,0,0.14804719239327382,-1.9403375387191772,-0.19033749401569366,attack,No
1399,1,1,0.966914024948248,-0.04938496649265289,-3.4243850708007812,attack,Yes
1400,1,1,0.9626731147976793,-0.05301922559738159,-3.3030192852020264,attack,Yes
1401,1,1,0.7981867825403176,-0.26419517397880554,-1.639195203781128,attack,Yes
1402,1,0,0.2942149845400438,-1.2601220607757568,-0.3851221203804016,attack,No
1403,1,1,0.9626731158685837,-0.04763880372047424,-3.2976388931274414,attack,Yes
1404,1,0,0.08509904094645104,-2.497697353363037,-0.12269730120897293,attack,No
1405,1,1,0.9324533130837861,-0.08218687027692795,-2.7071869373321533,attack,Yes
1406,1,1,0.9399133515091156,-0.0674276053905487,-2.817427635192871,attack,Yes
1407,1,0,0.5,-0.758658230304718,-0.758658230304718,attack,No
1408,1,1,0.5621765008857981,-0.624783992767334,-0.874783992767334,attack,Yes
1409,1,0,0.03308597719693549,-3.4575600624084473,-0.08256002515554428,attack,No
1410,1,0,0.0534033328129234,-2.9681291580200195,-0.0931292176246643,attack,No
1411,1,0,0.37754066879814546,-1.0268738269805908,-0.5268738269805908,attack,No
1412,1,0,0.09534947518185825,-2.3769478797912598,-0.12694799900054932,attack,No
1413,1,0,0.2942149597859341,-1.252974510192871,-0.3779744505882263,attack,No
1414,1,1,0.9626731099786093,-0.05891473591327667,-3.3089146614074707,attack,Yes
1415,1,0,0.4073334000459302,-0.927958607673645,-0.552958607673645,attack,No
1416,1,1,0.5621765008857981,-0.6228901743888855,-0.8728901743888855,attack,Yes
1417,1,0,0.11920293453832885,-2.19398832321167,-0.19398844242095947,attack,No
1418,1,1,0.5621765008857981,-0.6018527150154114,-0.8518527150154114,attack,Yes
1419,1,0,0.4073334000459302,-0.9433174729347229,-0.5683174729347229,attack,No
1420,1,1,0.9859363739123588,-0.025797775015234947,-4.2757978439331055,attack,Yes
1421,1,1,0.6513548646660542,-0.4858056306838989,-1.110805630683899,attack,Yes
1422,1,1,0.8933094110250331,-0.12202233821153641,-2.2470223903656006,attack,Yes
1423,1,1,0.7057850216484838,-0.38429418206214905,-1.2592941522598267,attack,Yes
1424,1,0,0.02033235408469743,-3.9573636054992676,-0.08236364275217056,attack,No
1425,1,0,0.22270013882530884,-1.537343978881836,-0.28734397888183594,attack,No
1426,1,1,0.8519528076067262,-0.177975133061409,-1.9279751777648926,attack,Yes
1427,1,1,0.7981867825403176,-0.24518319964408875,-1.6201832294464111,attack,Yes
1428,1,1,0.9241418163225626,-0.09177928417921066,-2.5917792320251465,attack,Yes
1429,1,1,0.8807970779778823,-0.16096735000610352,-2.1609673500061035,attack,Yes
1430,1,0,0.04208773061904093,-3.2065045833587646,-0.08150465041399002,attack,No
1431,1,1,0.6513548511303336,-0.48647767305374146,-1.1114776134490967,attack,Yes
1432,1,1,0.622459324198198,-0.4913536608219147,-0.9913536310195923,attack,Yes
1433,1,0,0.008577484653403024,-4.793030261993408,-0.04303017258644104,attack,No
1434,1,0,0.06754668644694548,-2.7288341522216797,-0.10383407771587372,attack,No
1435,1,1,0.8354835330070839,-0.19907715916633606,-1.8240771293640137,attack,Yes
1436,1,0,0.004609572264838404,-5.4239115715026855,-0.04891159012913704,attack,No
1437,1,1,0.9465966686936261,-0.06519940495491028,-2.940199375152588,attack,Yes
1438,1,0,0.16451646494473965,-1.835272192955017,-0.21027220785617828,attack,No
1439,1,0,0.2689414272294874,-1.3561697006225586,-0.356169730424881,attack,No
1440,1,0,0.005220126564082143,-5.289877891540527,-0.039878059178590775,attack,No
1441,1,0,0.09534945975773548,-2.376804828643799,-0.12680476903915405,attack,No
1442,1,0,0.4378234991142019,-0.8602426052093506,-0.6102426052093506,attack,No
1443,1,0,0.025957356632664963,-3.707052707672119,-0.08205268532037735,attack,No
1444,1,1,0.9241418121440552,-0.0912250205874443,-2.5912249088287354,attack,Yes
1445,1,0,0.18242552602881168,-1.7191836833953857,-0.21918369829654694,attack,No
1446,1,0,0.09534947261117097,-2.397740364074707,-0.1477404534816742,attack,No
1447,1,1,0.8807970748488297,-0.14376524090766907,-2.1437652111053467,attack,Yes
1448,1,0,0.32082129433083023,-1.1510096788406372,-0.4010096490383148,attack,No
1449,1,1,0.8354835411997897,-0.2051379382610321,-1.8301379680633545,attack,Yes
1450,1,0,0.0758581847220642,-2.6218273639678955,-0.12182743102312088,attack,No
1451,1,1,0.8354835371034369,-0.20326709747314453,-1.8282670974731445,attack,Yes
1452,1,1,0.679178699175393,-0.4089716672897339,-1.1589716672897339,attack,Yes
1453,1,0,0.29421496597446145,-1.254748821258545,-0.37974879145622253,attack,No
1454,1,0,0.008577486015623293,-4.793110370635986,-0.043110441416502,attack,No
1455,1,1,0.9525741216052517,-0.05714833363890648,-3.0571482181549072,attack,Yes
1456,1,1,0.9902915224798687,-0.016783345490694046,-4.641783237457275,attack,Yes
1457,1,1,0.946596671330088,-0.0625138059258461,-2.937513828277588,attack,Yes
1458,1,0,0.46879062662624377,-0.7940061688423157,-0.6690061688423157,attack,No
1459,1,1,0.8807970670261975,-0.15739570558071136,-2.157395601272583,attack,Yes
1460,1,1,0.7772998663336157,-0.2817494571208954,-1.5317494869232178,attack,Yes
1461,1,0,0.10669059252545564,-2.2714056968688965,-0.1464056819677353,attack,No
1462,1,1,0.8354835432479661,-0.18680591881275177,-1.8118059635162354,attack,Yes
1463,1,0,0.46879062662624377,-0.7919090986251831,-0.6669090986251831,attack,No
1464,1,1,0.7310585669110203,-0.33800774812698364,-1.3380076885223389,attack,Yes
1465,1,1,0.5926665999540697,-0.5598348379135132,-0.9348348379135132,attack,Yes
1466,1,1,0.924141817889503,-0.09859541058540344,-2.598595380783081,attack,Yes
1467,1,1,0.8354835330070839,-0.20753780007362366,-1.8325377702713013,attack,Yes
1468,1,1,0.8933093961129795,-0.12797056138515472,-2.2529704570770264,attack,Yes
1469,1,1,0.5621765008857981,-0.6139349341392517,-0.8639349341392517,attack,Yes
1470,1,1,0.9324533102681759,-0.08004758507013321,-2.705047607421875,attack,Yes
1471,1,1,0.8807970748488297,-0.15356877446174622,-2.153568744659424,attack,Yes
1472,1,1,0.9465966732132748,-0.06620663404464722,-2.941206693649292,attack,Yes
1473,1,0,0.06754669301670263,-2.733612298965454,-0.10861232876777649,attack,No
1474,1,1,0.6224593312018546,-0.51221764087677,-1.01221764087677,attack,Yes
1475,1,1,0.9046505338155469,-0.11212064325809479,-2.3621206283569336,attack,Yes
1476,1,0,0.4073334000459302,-0.9268894195556641,-0.5518894195556641,attack,No
1477,1,1,0.9241418158002492,-0.09739094972610474,-2.59739089012146,attack,Yes
1478,1,1,0.7981867705385763,-0.24243824183940887,-1.6174381971359253,attack,Yes
1479,1,1,0.9525741288419872,-0.0645567923784256,-3.064556837081909,attack,Yes
1480,1,1,0.7310585669110203,-0.329470694065094,-1.3294706344604492,attack,Yes
1481,1,1,0.8354835432479661,-0.2089499980211258,-1.8339500427246094,attack,Yes
1482,1,1,0.8175744695262777,-0.2349584549665451,-1.7349584102630615,attack,Yes
1483,1,1,0.8670357563664174,-0.16845253109931946,-2.043452501296997,attack,Yes
1484,1,1,0.9706877715805505,-0.043582119047641754,-3.5435822010040283,attack,Yes
1485,1,1,0.6791786861878392,-0.40124326944351196,-1.1512432098388672,attack,Yes
1486,1,1,0.7981867729389246,-0.23858538269996643,-1.613585352897644,attack,Yes
1487,1,0,0.18242551936144574,-1.7355363368988037,-0.23553630709648132,attack,No
1488,1,1,0.754914975839675,-0.31119948625564575,-1.436199426651001,attack,Yes
1489,1,0,0.10669060246682488,-2.298116445541382,-0.173116534948349,attack,No
1490,1,1,0.9399133515091156,-0.07089683413505554,-2.820896863937378,attack,Yes
1491,1,0,0.022977367902892003,-3.800220489501953,-0.05022040009498596,attack,No
1492,1,1,0.9525741227833249,-0.06604394316673279,-3.0660438537597656,attack,Yes
1493,1,1,0.5926665999540697,-0.5456939935684204,-0.9206939935684204,attack,Yes
1494,1,1,0.893309401793762,-0.12922362983226776,-2.254223585128784,attack,Yes
1495,1,0,0.4378234991142019,-0.8601979613304138,-0.6101979613304138,attack,No
1496,1,0,0.24508501313237172,-1.4385981559753418,-0.3135981559753418,attack,No
1497,1,0,0.3486451488696663,-1.0761754512786865,-0.4511755108833313,attack,No
1498,1,0,0.2689414272294874,-1.3564977645874023,-0.35649779438972473,attack,No
1499,1,0,0.4073334000459302,-0.9227930903434753,-0.5477930903434753,attack,No
1500,1,1,0.9465966679403514,-0.06829075515270233,-2.9432907104492188,attack,Yes
1501,1,1,0.5926665999540697,-0.5617351531982422,-0.9367351531982422,attack,Yes
1502,1,0,0.5,-0.7462514042854309,-0.7462514042854309,attack,No
1503,1,1,0.7057850216484838,-0.38636866211891174,-1.2613686323165894,attack,Yes
1504,1,1,0.8670357649558007,-0.1590840369462967,-2.0340840816497803,attack,Yes
1505,1,1,0.851952809486198,-0.1855418086051941,-1.9355418682098389,attack,Yes
1506,1,1,0.679178699175393,-0.4390251636505127,-1.1890251636505127,attack,Yes
1507,1,1,0.7981867777396212,-0.24914765357971191,-1.624147653579712,attack,Yes
1508,1,0,0.020332353862085824,-3.9295854568481445,-0.05458548292517662,attack,No
1509,1,1,0.9820137873401613,-0.03155532851815224,-4.03155517578125,attack,Yes
1510,1,0,0.5,-0.7272155284881592,-0.7272155284881592,attack,No
1511,1,1,0.7057850340255386,-0.37848445773124695,-1.2534844875335693,attack,Yes
1512,1,1,0.8519528076067262,-0.18553240597248077,-1.9355324506759644,attack,Yes
1513,1,1,0.5926665999540697,-0.555681049823761,-0.930681049823761,attack,Yes
1514,1,1,0.8175744806385543,-0.21788713335990906,-1.7178871631622314,attack,Yes
1515,1,0,0.10669059536584675,-2.2864184379577637,-0.16141845285892487,attack,No
1516,1,1,0.7057850278370112,-0.37206578254699707,-1.247065782546997,attack,Yes
1517,1,1,0.8519528057272543,-0.20503684878349304,-1.9550368785858154,attack,Yes
1518,1,1,0.8175744695262777,-0.21833138167858124,-1.7183313369750977,attack,Yes
1519,1,1,0.798186768138228,-0.24793487787246704,-1.6229348182678223,attack,Yes
1520,1,1,0.7981867825403176,-0.25429245829582214,-1.6292924880981445,attack,Yes
1521,1,0,0.10669059820623795,-2.2861621379852295,-0.16116218268871307,attack,No
1522,1,1,0.8519527982093668,-0.19710078835487366,-1.9471007585525513,attack,Yes
1523,1,0,0.03732688600549891,-3.3673129081726074,-0.11731287091970444,attack,No
1524,1,1,0.9669140230414182,-0.03946204483509064,-3.414462089538574,attack,Yes
1525,1,0,0.002800926738210093,-5.948309898376465,-0.07330981642007828,attack,No
1526,1,1,0.9241418283357702,-0.09240758419036865,-2.592407703399658,attack,Yes
1527,1,1,0.5621765008857981,-0.6015139818191528,-0.8515139818191528,attack,Yes
1528,1,1,0.9046505338155469,-0.12449099123477936,-2.374490976333618,attack,Yes
1529,1,1,0.9046505318875316,-0.119753398001194,-2.369753360748291,attack,Yes
1530,1,1,0.7549149923816048,-0.3079938590526581,-1.4329938888549805,attack,Yes
1531,1,1,0.6513548646660542,-0.4675939083099365,-1.0925939083099365,attack,Yes
1532,1,1,0.731058584489497,-0.33233878016471863,-1.332338809967041,attack,Yes
1533,1,1,0.9740426453452966,-0.03221811726689339,-3.6572182178497314,attack,Yes
1534,1,1,0.731058584489497,-0.36352643370628357,-1.363526463508606,attack,Yes
1535,1,0,0.2942149783515162,-1.24813711643219,-0.37313714623451233,attack,No
1536,1,1,0.5926665999540697,-0.5673754215240479,-0.9423754215240479,attack,Yes
1537,1,1,0.9324533018213448,-0.08644115179777145,-2.7114410400390625,attack,Yes
1538,1,1,0.7057850278370112,-0.36648571491241455,-1.2414857149124146,attack,Yes
1539,1,1,0.8670357666736773,-0.15399235486984253,-2.0289924144744873,attack,Yes
1540,1,0,0.2942149783515162,-1.2626179456710815,-0.38761797547340393,attack,No
1541,1,0,0.32082130082460697,-1.1622095108032227,-0.41220951080322266,attack,No
1542,1,1,0.731058584489497,-0.3444616496562958,-1.3444616794586182,attack,Yes
1543,1,1,0.9046505299595163,-0.12182384729385376,-2.371823787689209,attack,Yes
1544,1,0,0.26894141551050293,-1.3386090993881226,-0.33860906958580017,attack,No
1545,1,0,0.5,-0.7385753989219666,-0.7385753989219666,attack,No
1546,1,1,0.8807970701552504,-0.1532650738954544,-2.1532649993896484,attack,Yes
1547,1,0,0.32082130731838393,-1.1564826965332031,-0.4064827263355255,attack,No
1548,1,1,0.9149009578933863,-0.09947773069143295,-2.474477767944336,attack,Yes
1549,1,1,0.9525741281688026,-0.06482049822807312,-3.0648205280303955,attack,Yes
1550,1,1,0.5621765008857981,-0.6082758903503418,-0.8582758903503418,attack,Yes
1551,1,0,0.015906392061694984,-4.189798355102539,-0.06479837745428085,attack,No
1552,1,0,0.3486451421018059,-1.081258773803711,-0.4562588036060333,attack,No
1553,1,0,0.24508501313237172,-1.4943101406097412,-0.3693101406097412,attack,No
1554,1,0,0.5,-0.7531659603118896,-0.7531659603118896,attack,No
1555,1,0,0.4378234991142019,-0.8521755933761597,-0.6021755933761597,attack,No
1556,1,1,0.9399133435142799,-0.07897865027189255,-2.8289785385131836,attack,Yes
1557,1,0,0.1480472036701053,-1.95634925365448,-0.20634929835796356,attack,No
1558,1,1,0.9740426440266556,-0.034700583666563034,-3.659700632095337,attack,Yes
1559,1,0,0.3486451217982255,-1.0743656158447266,-0.4493655562400818,attack,No
1560,1,1,0.8519528019683106,-0.18177855014801025,-1.9317785501480103,attack,Yes
1561,1,1,0.7549149868676283,-0.2996408939361572,-1.4246408939361572,attack,Yes
1562,1,1,0.9770226299227133,-0.034773118793964386,-3.784773111343384,attack,Yes
1563,1,1,0.9046505299595163,-0.12702590227127075,-2.377025842666626,attack,Yes
1564,1,1,0.5621765008857981,-0.6192377805709839,-0.8692377805709839,attack,Yes
1565,1,0,0.1645164608483867,-1.8466824293136597,-0.22168241441249847,attack,No
1566,1,1,0.9241418147556224,-0.10904534161090851,-2.6090452671051025,attack,Yes
1567,1,1,0.8519527982093668,-0.18272355198860168,-1.9327235221862793,attack,Yes
1568,1,1,0.6224593312018546,-0.5103884935379028,-1.0103884935379028,attack,Yes
1569,1,1,0.8670357546485407,-0.15685515105724335,-2.0318551063537598,attack,Yes
1570,1,1,0.8519528057272543,-0.18344828486442566,-1.933448314666748,attack,Yes
1571,1,0,0.4378234991142019,-0.8590755462646484,-0.6090755462646484,attack,No
1572,1,0,0.46879062662624377,-0.7927833199501038,-0.6677833199501038,attack,No
1573,1,0,0.029312231811314076,-3.578761577606201,-0.07876161485910416,attack,No
1574,1,1,0.8807970873650403,-0.14660635590553284,-2.1466064453125,attack,Yes
1575,1,1,0.9149009491921662,-0.10803468525409698,-2.483034610748291,attack,Yes
1576,1,1,0.9525741274956179,-0.06476329267024994,-3.064763307571411,attack,Yes
1577,1,0,0.2689414096510108,-1.3633508682250977,-0.3633508086204529,attack,No
1578,1,1,0.754914975839675,-0.3030245900154114,-1.4280245304107666,attack,Yes
1579,1,1,0.9579122722345713,-0.05713820084929466,-3.182138204574585,attack,Yes
1580,1,1,0.7772998611746911,-0.2750321626663208,-1.5250321626663208,attack,Yes
1581,1,0,0.46879062662624377,-0.7883995771408081,-0.6633995771408081,attack,No
1582,1,1,0.9820137893799213,-0.03353361040353775,-4.033533573150635,attack,Yes
1583,1,1,0.8354835371034369,-0.18854093551635742,-1.8135409355163574,attack,Yes
1584,1,0,0.46879062662624377,-0.7840330600738525,-0.6590330600738525,attack,No
1585,1,1,0.7981867825403176,-0.2489306628704071,-1.6239306926727295,attack,Yes
1586,1,0,0.037326887344129464,-3.321392774581909,-0.07139277458190918,attack,No
1587,1,1,0.7549149923816048,-0.293827623128891,-1.4188276529312134,attack,Yes
1588,1,1,0.6513548646660542,-0.4750244617462158,-1.1000244617462158,attack,Yes
1589,1,0,0.1480471980316895,-1.9470106363296509,-0.19701063632965088,attack,No
1590,1,1,0.962673111183377,-0.05072907730937004,-3.3007290363311768,attack,Yes
1591,1,1,0.7549149813536518,-0.3302471935749054,-1.455247163772583,attack,Yes
1592,1,0,0.13296425222296632,-2.058865547180176,-0.18386565148830414,attack,No
1593,1,1,0.6791787056691698,-0.44735273718833923,-1.1973527669906616,attack,Yes
1594,1,1,0.9579122722345713,-0.050848957151174545,-3.175848960876465,attack,Yes
1595,1,1,0.9324533032291502,-0.0803118646144867,-2.7053117752075195,attack,Yes
1596,1,1,0.6513548646660542,-0.45916855335235596,-1.084168553352356,attack,Yes
1597,1,0,0.22270013882530884,-1.5250803232192993,-0.2750803232192993,attack,No
1598,1,0,0.0203323520069892,-3.9446215629577637,-0.0696214959025383,attack,No
1599,1,1,0.8354835452961425,-0.19811385869979858,-1.8231139183044434,attack,Yes
1600,1,1,0.9149009538328171,-0.10879828035831451,-2.4837982654571533,attack,Yes
1601,1,0,0.4073334000459302,-0.9255521297454834,-0.5505521297454834,attack,No
1602,1,1,0.9465966662454831,-0.06062944605946541,-2.935629367828369,attack,Yes
1603,1,1,0.5621765008857981,-0.6110814213752747,-0.8610814213752747,attack,Yes
1604,1,1,0.7057850340255386,-0.38176020979881287,-1.2567602396011353,attack,Yes
1605,1,0,0.13296423676207594,-2.0651497840881348,-0.19014975428581238,attack,No
1606,1,1,0.9399133561377042,-0.08042395859956741,-2.8304240703582764,attack,Yes
1607,1,1,0.939913350667554,-0.06740520894527435,-2.8174052238464355,attack,Yes
1608,1,0,0.06754668691621381,-2.7433152198791504,-0.11831515282392502,attack,No
1609,1,0,0.13296425050508953,-2.0448150634765625,-0.16981515288352966,attack,No
1610,1,1,0.8807970842359877,-0.15549391508102417,-2.155493974685669,attack,Yes
1611,1,0,0.04742587688008271,-3.1109795570373535,-0.11097963899374008,attack,No
1612,1,0,0.04208773001828046,-3.191521167755127,-0.06652121990919113,attack,No
1613,1,0,0.46879062662624377,-0.7798627614974976,-0.6548627614974976,attack,No
1614,1,1,0.9241418231126367,-0.09391827881336212,-2.5939183235168457,attack,Yes
1615,1,1,0.7549149813536518,-0.32182326912879944,-1.446823239326477,attack,Yes
1616,1,0,0.37754066879814546,-1.0155525207519531,-0.5155525207519531,attack,No
1617,1,0,0.1066905911052601,-2.2611453533172607,-0.13614532351493835,attack,No
1618,1,1,0.6791787056691698,-0.43351492285728455,-1.183514952659607,attack,Yes
1619,1,0,0.13296423676207594,-2.0723209381103516,-0.19732090830802917,attack,No
1620,1,1,0.6513548511303336,-0.4578896164894104,-1.0828895568847656,attack,Yes
1621,1,0,0.4073334000459302,-0.9605313539505005,-0.5855313539505005,attack,No
1622,1,0,0.06754669207816587,-2.711327314376831,-0.08632732927799225,attack,No
1623,1,0,0.04742587553371325,-3.091519594192505,-0.09151964634656906,attack,No
1624,1,1,0.9465966762263737,-0.07149732112884521,-2.9464974403381348,attack,Yes
1625,1,1,0.9626731130574596,-0.050181854516267776,-3.3001818656921387,attack,Yes
1626,1,1,0.7549149923816048,-0.3094036281108856,-1.434403657913208,attack,Yes
1627,1,0,0.07585817740967664,-2.600109338760376,-0.10010930150747299,attack,No
1628,1,0,0.010986943197311236,-4.554999828338623,-0.054999880492687225,attack,No
1629,1,1,0.6224593452091672,-0.5100206732749939,-1.0100207328796387,attack,Yes
1630,1,0,0.1066905911052601,-2.2855300903320312,-0.16053006052970886,attack,No
1631,1,1,0.9046505357435624,-0.12352322787046432,-2.373523235321045,attack,Yes
1632,1,1,0.974042644685976,-0.0417887419462204,-3.6667888164520264,attack,Yes
1633,1,1,0.754914975839675,-0.31954890489578247,-1.4445488452911377,attack,Yes
1634,1,1,0.7772998560157665,-0.2720398008823395,-1.522039771080017,attack,Yes
1635,1,1,0.939913346038965,-0.07237393409013748,-2.822373867034912,attack,Yes
1636,1,1,0.7981867873410141,-0.261413037776947,-1.6364130973815918,attack,Yes
1637,1,1,0.8354835432479661,-0.19791944324970245,-1.822919487953186,attack,Yes
1638,1,1,0.9324533112067127,-0.08574410527944565,-2.7107441425323486,attack,Yes
1639,1,1,0.9399133439350607,-0.0761481374502182,-2.82614803314209,attack,Yes
1640,1,1,0.7057850278370112,-0.3788954019546509,-1.2538954019546509,attack,Yes
1641,1,0,0.04742587385075148,-3.0758533477783203,-0.0758533626794815,attack,No
1642,1,1,0.8933093961129795,-0.1337665170431137,-2.2587664127349854,attack,Yes
1643,1,1,0.8933094103149354,-0.12472052872180939,-2.249720573425293,attack,Yes
1644,1,0,0.007577241267860811,-4.945218086242676,-0.07021808624267578,attack,No
1645,1,0,0.22270014398423357,-1.5310975313186646,-0.28109756112098694,attack,No
1646,1,0,0.2689414213699951,-1.3592183589935303,-0.3592183589935303,attack,No
1647,1,0,0.32082130731838393,-1.1786047220230103,-0.42860475182533264,attack,No
1648,1,1,0.9149009544128985,-0.10832954198122025,-2.4833295345306396,attack,Yes
1649,1,1,0.8354835309589073,-0.188363716006279,-1.8133636713027954,attack,Yes
1650,1,1,0.9525741320396142,-0.061292532831430435,-3.0612926483154297,attack,Yes
1651,1,1,0.9324533027598818,-0.0835166946053505,-2.7085165977478027,attack,Yes
1652,1,0,0.07585817949893016,-2.612215280532837,-0.11221527308225632,attack,No
1653,1,1,0.6224593312018546,-0.5104262828826904,-1.0104262828826904,attack,Yes
1654,1,0,0.13296424706933604,-2.0564124584198,-0.18141251802444458,attack,No
1655,1,0,0.014063627559788329,-4.343780517578125,-0.09378055483102798,attack,No
1656,1,1,0.7772998611746911,-0.27638399600982666,-1.5263839960098267,attack,Yes
1657,1,1,0.6513548714339145,-0.4682333171367645,-1.093233346939087,attack,Yes
1658,1,1,0.7981867825403176,-0.25116226077079773,-1.6261622905731201,attack,Yes
1659,1,1,0.7981867777396212,-0.2546970844268799,-1.6296970844268799,attack,Yes
1660,1,0,0.0031726829013935206,-5.796902656555176,-0.046902675181627274,attack,No
1661,1,0,0.13296425050508953,-2.0442376136779785,-0.16923770308494568,attack,No
1662,1,0,0.009708476947079058,-4.673763275146484,-0.048763323575258255,attack,No
1663,1,1,0.8354835452961425,-0.20012491941452026,-1.825124979019165,attack,Yes
1664,1,1,0.754914975839675,-0.3042517304420471,-1.4292516708374023,attack,Yes
1665,1,1,0.8933094159957173,-0.13406910002231598,-2.2590692043304443,attack,Yes
1666,1,1,0.5312093733737563,-0.6512485146522522,-0.7762485146522522,attack,Yes
1667,1,0,0.3486451421018059,-1.0933964252471924,-0.46839645504951477,attack,No
1668,1,1,0.8933093961129795,-0.13941822946071625,-2.264418125152588,attack,Yes
1669,1,1,0.9241418189341297,-0.0872202068567276,-2.5872201919555664,attack,Yes
1670,1,1,0.6224593312018546,-0.5226792097091675,-1.0226792097091675,attack,Yes
1671,1,1,0.9241418184118162,-0.09110858291387558,-2.591108560562134,attack,Yes
1672,1,1,0.7549149813536518,-0.3135301172733307,-1.4385300874710083,attack,Yes
1673,1,1,0.7057850216484838,-0.3788318932056427,-1.2538318634033203,attack,Yes
1674,1,1,0.6224593312018546,-0.5032304525375366,-1.0032304525375366,attack,Yes
1675,1,1,0.5312093733737563,-0.6613008975982666,-0.7863008975982666,attack,Yes
1676,1,0,0.2689414272294874,-1.3405636548995972,-0.34056368470191956,attack,No
1677,1,1,0.5312093733737563,-0.6964829564094543,-0.8214829564094543,attack,Yes
1678,1,1,0.7981867825403176,-0.2615832984447479,-1.6365833282470703,attack,Yes
1679,1,1,0.9046505428129514,-0.11964002251625061,-2.3696401119232178,attack,Yes
1680,1,1,0.9770226314280634,-0.03538936376571655,-3.7853894233703613,attack,Yes
1681,1,1,0.8354835330070839,-0.19252720475196838,-1.817527174949646,attack,Yes
1682,1,1,0.5621765008857981,-0.6091774702072144,-0.8591774702072144,attack,Yes
1683,1,1,0.9324533107374443,-0.07952377200126648,-2.704523801803589,attack,Yes
1684,1,0,0.2689414213699951,-1.363028883934021,-0.363028883934021,attack,No
1685,1,0,0.18242552825126704,-1.7246984243392944,-0.22469845414161682,attack,No
1686,1,0,0.4073334000459302,-0.933371901512146,-0.558371901512146,attack,No
1687,1,0,0.04208772461143651,-3.2227563858032227,-0.09775630384683609,attack,No
1688,1,1,0.731058584489497,-0.33899006247520447,-1.3389900922775269,attack,Yes
1689,1,1,0.7981867849406659,-0.24930913746356964,-1.6243091821670532,attack,Yes
1690,1,1,0.5621765008857981,-0.6642137169837952,-0.9142137169837952,attack,Yes
1691,1,0,0.0021827166725233095,-6.189859390258789,-0.06485949456691742,attack,No
1692,1,0,0.3208213138121609,-1.1669628620147705,-0.4169629216194153,attack,No
1693,1,1,0.9241418283357702,-0.09904325008392334,-2.599043369293213,attack,Yes
1694,1,0,0.24508500761839525,-1.4261054992675781,-0.30110546946525574,attack,No
1695,1,1,0.9796676445054291,-0.03402434661984444,-3.909024238586426,attack,Yes
1696,1,0,0.5,-0.7295877933502197,-0.7295877933502197,attack,No
1697,1,1,0.8354835411997897,-0.2055421769618988,-1.8305422067642212,attack,Yes
1698,1,1,0.8670357512127872,-0.1783333569765091,-2.053333282470703,attack,Yes
1699,1,1,0.9626731109156508,-0.047789622098207474,-3.2977895736694336,attack,Yes
1700,1,1,0.9241418272911436,-0.09263123571872711,-2.5926313400268555,attack,Yes
1701,1,1,0.5926665999540697,-0.5533459186553955,-0.9283459186553955,attack,Yes
1702,1,0,0.025957359269947192,-3.7069787979125977,-0.08197887986898422,attack,No
1703,1,1,0.9706877706265888,-0.036374520510435104,-3.536374568939209,attack,Yes
1704,1,1,0.957912269230769,-0.05347020551562309,-3.1784701347351074,attack,Yes
1705,1,1,0.5312093733737563,-0.6821461915969849,-0.8071461915969849,attack,Yes
1706,1,1,0.9706877717925421,-0.036791473627090454,-3.5367915630340576,attack,Yes
1707,1,0,0.3486451421018059,-1.0707900524139404,-0.4457900822162628,attack,No
1708,1,0,0.04742587755326745,-3.0917749404907227,-0.09177503734827042,attack,No
1709,1,0,0.060086649753226806,-2.8677055835723877,-0.1177055761218071,attack,No
1710,1,0,0.0293122339312297,-3.568481683731079,-0.06848179548978806,attack,No
1711,1,0,0.017986213120429816,-4.097630500793457,-0.09763067960739136,attack,No
1712,1,1,0.8670357546485407,-0.15836767852306366,-2.03336763381958,attack,Yes
1713,1,1,0.5926665999540697,-0.5456556081771851,-0.9206556081771851,attack,Yes
1714,1,0,0.20181322226037882,-1.6466422080993652,-0.27164220809936523,attack,No
1715,1,0,0.46879062662624377,-0.7923166155815125,-0.6673166155815125,attack,No
1716,1,0,0.03732689028911683,-3.3578672409057617,-0.10786732286214828,attack,No
1717,1,1,0.6513548511303336,-0.462299644947052,-1.0872995853424072,attack,Yes
1718,1,1,0.8670357512127872,-0.1582375317811966,-2.0332374572753906,attack,Yes
1719,1,1,0.8175744828610095,-0.2197541743516922,-1.7197542190551758,attack,Yes
1720,1,1,0.8519528000888387,-0.1839393526315689,-1.9339393377304077,attack,Yes
1721,1,1,0.5926665999540697,-0.5484198927879333,-0.9234198927879333,attack,Yes
1722,1,1,0.5621765008857981,-0.6119433641433716,-0.8619433641433716,attack,Yes
1723,1,1,0.8519528000888387,-0.17615999281406403,-1.9261599779129028,attack,Yes
1724,1,0,0.3208213138121609,-1.1798672676086426,-0.42986732721328735,attack,No
1725,1,1,0.6791787121629466,-0.43103474378585815,-1.181034803390503,attack,Yes
1726,1,0,0.14804719427274565,-1.9526602029800415,-0.20266017317771912,attack,No
1727,1,1,0.8933093961129795,-0.13476954400539398,-2.2597694396972656,attack,Yes
1728,1,0,0.29421496597446145,-1.2430843114852905,-0.36808428168296814,attack,No
1729,1,1,0.7549149813536518,-0.3171636164188385,-1.4421635866165161,attack,Yes
1730,1,0,0.0040701377460975905,-5.534352779388428,-0.03435278683900833,attack,No
1731,1,1,0.7310585727705126,-0.3503258526325226,-1.3503258228302002,attack,Yes
1732,1,0,0.060086649753226806,-2.872910499572754,-0.12291049212217331,attack,No
1733,1,1,0.9149009491921662,-0.10330183804035187,-2.478301763534546,attack,Yes
1734,1,0,0.22270013882530884,-1.5251497030258179,-0.27514970302581787,attack,No
1735,1,1,0.9820137891496259,-0.026517441496253014,-4.026517391204834,attack,Yes
1736,1,0,0.46879062662624377,-0.8119631409645081,-0.6869631409645081,attack,No
1737,1,1,0.5926665999540697,-0.5470790863037109,-0.9220790863037109,attack,Yes
1738,1,0,0.01243165204231615,-4.42594051361084,-0.050940610468387604,attack,No
1739,1,0,0.10669059536584675,-2.2675461769104004,-0.14254619181156158,attack,No
1740,1,0,0.14804719239327382,-1.9510935544967651,-0.20109350979328156,attack,No
1741,1,0,0.01243165140201519,-4.426944255828857,-0.051944300532341,attack,No
1742,1,1,0.8175744828610095,-0.22593505680561066,-1.7259351015090942,attack,Yes
1743,1,1,0.7772998560157665,-0.2788145840167999,-1.5288145542144775,attack,Yes
1744,1,1,0.7772998508568416,-0.28321582078933716,-1.5332157611846924,attack,Yes
1745,1,0,0.2689414272294874,-1.4022055864334106,-0.40220561623573303,attack,No
1746,1,1,0.9579122758391339,-0.05378260836005211,-3.1787827014923096,attack,Yes
1747,1,1,0.924141819456443,-0.08875752240419388,-2.5887575149536133,attack,Yes
1748,1,1,0.8670357512127872,-0.1619473248720169,-2.036947250366211,attack,Yes
1749,1,0,0.08509905022775233,-2.497636079788208,-0.12263614684343338,attack,No
1750,1,1,0.6224593312018546,-0.5057181119918823,-1.0057181119918823,attack,Yes
1751,1,0,0.4073334000459302,-0.9390134811401367,-0.5640134811401367,attack,No
1752,1,1,0.6224593312018546,-0.5069869756698608,-1.0069869756698608,attack,Yes
1753,1,0,0.4378234991142019,-0.857029378414154,-0.607029378414154,attack,No
1754,1,0,0.5,-0.7308756113052368,-0.7308756113052368,attack,No
1755,1,0,0.2689414272294874,-1.343963623046875,-0.3439636528491974,attack,No
1756,1,1,0.9840936094252962,-0.02332918532192707,-4.148329257965088,attack,Yes
1757,1,1,0.8519528057272543,-0.19793352484703064,-1.947933554649353,attack,Yes
1758,1,0,0.11920292045759123,-2.156158208847046,-0.1561581939458847,attack,No
1759,1,0,0.13296423504419938,-2.0336763858795166,-0.15867634117603302,attack,No
1760,1,1,0.9324533158993962,-0.08302629739046097,-2.70802640914917,attack,Yes
1761,1,1,0.7310585669110203,-0.3530197739601135,-1.3530197143554688,attack,Yes
1762,1,0,0.02595735974089048,-3.6787595748901367,-0.05375967547297478,attack,No
1763,1,0,0.14804720179063335,-1.9368849992752075,-0.1868850290775299,attack,No
1764,1,1,0.9890130586546423,-0.015043617226183414,-4.51504373550415,attack,Yes
1765,1,0,0.11920291263495983,-2.156371593475342,-0.15637150406837463,attack,No
1766,1,0,0.1329642419157059,-2.0470118522644043,-0.1720118671655655,attack,No
1767,1,1,0.9706877679766944,-0.03709201514720917,-3.5370919704437256,attack,Yes
1768,1,0,0.0534033328129234,-2.968533754348755,-0.09353381395339966,attack,No
1769,1,0,0.3775406828054583,-1.0002431869506836,-0.5002432465553284,attack,No
1770,1,1,0.9046505299595163,-0.11274439096450806,-2.3627443313598633,attack,Yes
1771,1,1,0.9324533112067127,-0.08750935643911362,-2.7125093936920166,attack,Yes
1772,1,0,0.05340332641008787,-2.9729325771331787,-0.09793251007795334,attack,No
1773,1,1,0.6791787056691698,-0.4521394670009613,-1.2021394968032837,attack,Yes
1774,1,0,0.4378234991142019,-0.8569658398628235,-0.6069658398628235,attack,No
1775,1,1,0.9626731105140616,-0.05408960580825806,-3.3040895462036133,attack,Yes
1776,1,1,0.6791786926816161,-0.413129597902298,-1.1631295680999756,attack,Yes
1777,1,1,0.9579122737364725,-0.05325694754719734,-3.1782569885253906,attack,Yes
1778,1,0,0.14804719239327382,-1.9344818592071533,-0.18448181450366974,attack,No
1779,1,1,0.5926665999540697,-0.5764917135238647,-0.9514917135238647,attack,Yes
1780,1,0,0.4378234991142019,-0.8678600192070007,-0.6178600192070007,attack,No
1781,1,1,0.9902915252914063,-0.02451067604124546,-4.649510860443115,attack,Yes
1782,1,1,0.9399133515091156,-0.07588574290275574,-2.825885772705078,attack,Yes
1783,1,1,0.9241418246795767,-0.09745853394269943,-2.597458600997925,attack,Yes
1784,1,0,0.22270014914315833,-1.546069622039795,-0.2960696816444397,attack,No
1785,1,1,0.8519527944504226,-0.17516285181045532,-1.9251627922058105,attack,Yes
1786,1,0,0.29421496597446145,-1.2673895359039307,-0.3923895061016083,attack,No
1787,1,1,0.8354835391516132,-0.21392522752285004,-1.8389252424240112,attack,Yes
1788,1,1,0.9149009549929797,-0.11009502410888672,-2.4850950241088867,attack,Yes
1789,1,0,0.06754669442450784,-2.7436647415161133,-0.11866479367017746,attack,No
1790,1,1,0.9796676485866417,-0.03962292522192001,-3.9146230220794678,attack,Yes
1791,1,1,0.8807970795424088,-0.1631297916173935,-2.1631298065185547,attack,Yes
1792,1,1,0.9579122762897041,-0.05306376516819,-3.1780638694763184,attack,Yes
1793,1,0,0.017986209172507078,-4.0674004554748535,-0.06740041077136993,attack,No
1794,1,1,0.7057850154599563,-0.38257962465286255,-1.2575795650482178,attack,Yes
1795,1,1,0.9770226302572356,-0.03815674036741257,-3.788156747817993,attack,Yes
1796,1,1,0.9046505370289059,-0.1142112985253334,-2.364211320877075,attack,Yes
1797,1,1,0.5621765008857981,-0.6174560785293579,-0.8674560785293579,attack,Yes
1798,1,0,0.24508502416032488,-1.4276213645935059,-0.30262142419815063,attack,No
1799,1,1,0.8933094145755219,-0.13557878136634827,-2.2605788707733154,attack,Yes
1800,1,0,0.08509903746596333,-2.488203287124634,-0.11320319026708603,attack,No
1801,1,1,0.5621765008857981,-0.600172221660614,-0.850172221660614,attack,Yes
1802,1,1,0.6224593171945417,-0.5080261826515198,-1.008026123046875,attack,Yes
1803,1,1,0.8175744761936437,-0.22317731380462646,-1.7231773138046265,attack,Yes
1804,1,0,0.18242553269617778,-1.7247228622436523,-0.22472292184829712,attack,No
1805,1,0,0.4073334000459302,-0.9431057572364807,-0.5681057572364807,attack,No
1806,1,1,0.5926665999540697,-0.5835884213447571,-0.9585884213447571,attack,Yes
1807,1,0,0.5,-0.7315776944160461,-0.7315776944160461,attack,No
1808,1,1,0.9149009544128985,-0.10463953763246536,-2.4796395301818848,attack,Yes
1809,1,0,0.32082130082460697,-1.1519113779067993,-0.4019113779067993,attack,No
1810,1,1,0.8933094060543487,-0.14428019523620605,-2.269280195236206,attack,Yes
1811,1,0,0.0075772408196442265,-4.916824817657471,-0.04182475805282593,attack,No
1812,1,1,0.7310585669110203,-0.3332253098487854,-1.3332252502441406,attack,Yes
1813,1,1,0.7057850216484838,-0.3750796616077423,-1.25007963180542,attack,Yes
1814,1,1,0.9796676466944431,-0.027767179533839226,-3.9027671813964844,attack,Yes
1815,1,1,0.97404264440341,-0.037202056497335434,-3.6622021198272705,attack,Yes
1816,1,0,0.37754067580180184,-0.9997889995574951,-0.4997890293598175,attack,No
1817,1,1,0.8354835309589073,-0.1977730244398117,-1.8227729797363281,attack,Yes
1818,1,1,0.6791787056691698,-0.43138954043388367,-1.181389570236206,attack,Yes
1819,1,1,0.8807970670261975,-0.1348942369222641,-2.1348941326141357,attack,Yes
1820,1,1,0.9465966645506146,-0.06617628782987595,-2.941176176071167,attack,Yes
1821,1,0,0.2018132270610754,-1.6370887756347656,-0.262088805437088,attack,No
1822,1,0,0.10669059536584675,-2.2810521125793457,-0.1560521274805069,attack,No
1823,1,1,0.8807970670261975,-0.17365799844264984,-2.1736578941345215,attack,Yes
1824,1,1,0.9149009538328171,-0.10660625994205475,-2.4816062450408936,attack,Yes
1825,1,1,0.8933094131553264,-0.14860431849956512,-2.273604393005371,attack,Yes
1826,1,0,0.2018132270610754,-1.6269185543060303,-0.25191858410835266,attack,No
1827,1,1,0.9324533112067127,-0.08339091390371323,-2.708390951156616,attack,Yes
1828,1,1,0.754914975839675,-0.2988787293434143,-1.4238786697387695,attack,Yes
1829,1,0,0.060086649753226806,-2.839012861251831,-0.08901285380125046,attack,No
1830,1,1,0.8354835411997897,-0.1998879611492157,-1.824887990951538,attack,Yes
1831,1,1,0.8807970842359877,-0.169369637966156,-2.169369697570801,attack,Yes
1832,1,0,0.033085978627057866,-3.447160005569458,-0.0721600130200386,attack,No
1833,1,1,0.914900959053549,-0.1007346585392952,-2.4757347106933594,attack,Yes
1834,1,1,0.5621765008857981,-0.6158252358436584,-0.8658252358436584,attack,Yes
1835,1,1,0.9465966732132748,-0.07109493017196655,-2.9460949897766113,attack,Yes
1836,1,1,0.9626731150654055,-0.04675524681806564,-3.296755313873291,attack,Yes
1837,1,0,0.029312233295254994,-3.572930335998535,-0.07293042540550232,attack,No
1838,1,0,0.46879062662624377,-0.7829936742782593,-0.6579936742782593,attack,No
1839,1,1,0.731058584489497,-0.33495840430259705,-1.3349584341049194,attack,Yes
1840,1,0,0.37754066879814546,-0.9894206523895264,-0.48942065238952637,attack,No
1841,1,1,0.9706877674467155,-0.033832136541604996,-3.53383207321167,attack,Yes
1842,1,1,0.7057850340255386,-0.37778541445732117,-1.2527854442596436,attack,Yes
1843,1,0,0.22270014398423357,-1.5225212574005127,-0.2725212872028351,attack,No
1844,1,0,0.24508501313237172,-1.4558093547821045,-0.3308093547821045,attack,No
1845,1,0,0.14804720179063335,-1.9289199113845825,-0.1789199411869049,attack,No
1846,1,1,0.5312093733737563,-0.6794764399528503,-0.8044764399528503,attack,Yes
1847,1,0,0.11920292515117029,-2.163945436477661,-0.16394546627998352,attack,No
1848,1,0,0.029312229161419755,-3.560027837753296,-0.06002778187394142,attack,No
1849,1,1,0.6513548782017746,-0.4688538908958435,-1.0938539505004883,attack,Yes
1850,1,0,0.16451645470385742,-1.8420319557189941,-0.21703189611434937,attack,No
1851,1,0,0.18242552380635632,-1.7938183546066284,-0.2938183546066284,attack,No
1852,1,1,0.7549149923816048,-0.30493995547294617,-1.4299399852752686,attack,Yes
1853,1,0,0.46879062662624377,-0.8264608979225159,-0.7014608979225159,attack,No
1854,1,0,0.22270013366638422,-1.5343616008758545,-0.2843615710735321,attack,No
1855,1,1,0.8519528076067262,-0.17972882091999054,-1.9297288656234741,attack,Yes
1856,1,1,0.798186768138228,-0.25363689661026,-1.6286368370056152,attack,Yes
1857,1,0,0.03732688654095113,-3.331002950668335,-0.08100292831659317,attack,No
1858,1,0,0.007577239783143473,-4.913048267364502,-0.038048069924116135,attack,No
1859,1,1,0.8807970748488297,-0.13332489132881165,-2.1333248615264893,attack,Yes
1860,1,0,0.37754066879814546,-1.0377023220062256,-0.5377023220062256,attack,No
1861,1,1,0.9324533112067127,-0.0789775475859642,-2.703977584838867,attack,Yes
1862,1,0,0.10669060104662924,-2.268042802810669,-0.14304287731647491,attack,No
1863,1,1,0.9149009509324104,-0.10970049351453781,-2.4847004413604736,attack,Yes
1864,1,1,0.9241418205010697,-0.09804772585630417,-2.5980477333068848,attack,Yes
1865,1,0,0.29421497216298875,-1.2785978317260742,-0.4035978317260742,attack,No
1866,1,1,0.9241418257242036,-0.09062091261148453,-2.590620994567871,attack,Yes
1867,1,0,0.4378234991142019,-0.8643991351127625,-0.6143991351127625,attack,No
1868,1,1,0.9399133515091156,-0.08292338252067566,-2.832923412322998,attack,Yes
1869,1,1,0.7057850278370112,-0.3847472667694092,-1.2597472667694092,attack,Yes
1870,1,1,0.9046505293168443,-0.11522752791643143,-2.365227460861206,attack,Yes
1871,1,1,0.9706877710505719,-0.03654187545180321,-3.5365419387817383,attack,Yes
1872,1,0,0.03308597529010575,-3.4425089359283447,-0.06750883907079697,attack,No
1873,1,1,0.9740426434615237,-0.041698191314935684,-3.6666982173919678,attack,Yes
1874,1,1,0.9465966686936261,-0.06426718831062317,-2.939267158508301,attack,Yes
1875,1,1,0.7981867825403176,-0.24651643633842468,-1.621516466140747,attack,Yes
1876,1,1,0.9149009619539553,-0.11021557450294495,-2.485215663909912,attack,Yes
1877,1,1,0.7057850278370112,-0.37825191020965576,-1.2532519102096558,attack,Yes
1878,1,1,0.9626731141283641,-0.045686203986406326,-3.2956862449645996,attack,Yes
1879,1,1,0.7310585786300049,-0.3306007385253906,-1.3306007385253906,attack,Yes
1880,1,1,0.9149009538328171,-0.10710097849369049,-2.4821009635925293,attack,Yes
1881,1,0,0.4378234991142019,-0.873273491859436,-0.623273491859436,attack,No
1882,1,1,0.7772998560157665,-0.2871411144733429,-1.5371410846710205,attack,Yes
1883,1,1,0.7057850278370112,-0.3735712766647339,-1.2485712766647339,attack,Yes
1884,1,1,0.8354835432479661,-0.2159467488527298,-1.8409467935562134,attack,Yes
1885,1,0,0.09534945590170514,-2.3879363536834717,-0.13793624937534332,attack,No
1886,1,1,0.7057850340255386,-0.38176819682121277,-1.2567682266235352,attack,Yes
1887,1,0,0.022977371080853633,-3.799983263015747,-0.04998331516981125,attack,No
1888,1,1,0.9399133498259924,-0.06893754005432129,-2.8189375400543213,attack,Yes
1889,1,1,0.7772998508568416,-0.2726755738258362,-1.5226755142211914,attack,Yes
1890,1,1,0.6791786926816161,-0.419121652841568,-1.1691216230392456,attack,Yes
1891,1,1,0.9796676442828175,-0.03391706943511963,-3.90891695022583,attack,Yes
1892,1,1,0.9859363714587802,-0.018568146973848343,-4.26856803894043,attack,Yes
1893,1,1,0.9399133451974032,-0.0754445418715477,-2.825444459915161,attack,Yes
1894,1,1,0.9046505351008906,-0.1269373893737793,-2.3769373893737793,attack,Yes
1895,1,1,0.9579122753885635,-0.05687538534402847,-3.181875467300415,attack,Yes
1896,1,1,0.924141816844876,-0.10502533614635468,-2.605025291442871,attack,Yes
1897,1,0,0.18242552825126704,-1.7358043193817139,-0.23580434918403625,attack,No
1898,1,0,0.2942149783515162,-1.2844958305358887,-0.40949586033821106,attack,No
1899,1,1,0.914900959053549,-0.10984320193529129,-2.4848432540893555,attack,Yes
1900,1,1,0.9626731143960903,-0.047586631029844284,-3.297586679458618,attack,Yes
1901,1,1,0.8933094145755219,-0.1375350058078766,-2.2625350952148438,attack,Yes
1902,1,1,0.8175744761936437,-0.2547307014465332,-1.7547307014465332,attack,Yes
1903,1,1,0.7310585669110203,-0.3258233666419983,-1.3258233070373535,attack,Yes
1904,1,1,0.6224593312018546,-0.5323141813278198,-1.0323141813278198,attack,Yes
1905,1,1,0.8519528019683106,-0.17530882358551025,-1.9253088235855103,attack,Yes
1906,1,1,0.9770226305081273,-0.03269980475306511,-3.7826998233795166,attack,Yes
1907,1,1,0.914900961373874,-0.11293617635965347,-2.48793625831604,attack,Yes
1908,1,1,0.9149009538328171,-0.10715056955814362,-2.4821505546569824,attack,Yes
1909,1,1,0.9399133494052115,-0.08142805844545364,-2.831428050994873,attack,Yes
1910,1,0,0.5,-0.7162699699401855,-0.7162699699401855,attack,No
1911,1,1,0.8670357649558007,-0.17071886360645294,-2.0457189083099365,attack,Yes
1912,1,0,0.2689414213699951,-1.3421714305877686,-0.34217143058776855,attack,No
1913,1,1,0.7549149923816048,-0.31697723269462585,-1.4419772624969482,attack,Yes
1914,1,1,0.9241418272911436,-0.09242095053195953,-2.592421054840088,attack,Yes
1915,1,0,0.18242552158390105,-1.7337032556533813,-0.23370324075222015,attack,No
1916,1,1,0.5621765008857981,-0.6244338154792786,-0.8744338154792786,attack,Yes
1917,1,1,0.8519528057272543,-0.18285581469535828,-1.9328558444976807,attack,Yes
1918,1,1,0.9859363705548301,-0.02906387485563755,-4.279063701629639,attack,Yes
1919,1,1,0.6513548782017746,-0.4582781195640564,-1.0832781791687012,attack,Yes
1920,1,1,0.5621765008857981,-0.6378076076507568,-0.8878076076507568,attack,Yes
1921,1,1,0.6791786861878392,-0.41048938035964966,-1.1604893207550049,attack,Yes
1922,1,1,0.9796676477703992,-0.03547186031937599,-3.9104719161987305,attack,Yes
1923,1,1,0.9241418137109955,-0.08589300513267517,-2.585892915725708,attack,Yes
1924,1,1,0.6791786926816161,-0.41278448700904846,-1.162784457206726,attack,Yes
1925,1,1,0.754914975839675,-0.31515151262283325,-1.4401514530181885,attack,Yes
1926,1,1,0.9149009480320036,-0.1121431291103363,-2.487143039703369,attack,Yes
1927,1,1,0.8519528076067262,-0.18118388950824738,-1.931183934211731,attack,Yes
1928,1,0,0.22270013366638422,-1.5273146629333496,-0.2773146331310272,attack,No
1929,1,0,0.4378234991142019,-0.8466941118240356,-0.5966941118240356,attack,No
1930,1,1,0.6513548782017746,-0.46171826124191284,-1.0867183208465576,attack,Yes
1931,1,1,0.9579122719341912,-0.05583548918366432,-3.180835485458374,attack,Yes
1932,1,1,0.9875683487580601,-0.016553910449147224,-4.39155387878418,attack,Yes
1933,1,1,0.5926665999540697,-0.5410317182540894,-0.9160317182540894,attack,Yes
1934,1,1,0.9465966732132748,-0.06915849447250366,-2.9441585540771484,attack,Yes
1935,1,0,0.18242552380635632,-1.7377818822860718,-0.23778188228607178,attack,No
1936,1,1,0.6791786926816161,-0.4425833523273468,-1.1925833225250244,attack,Yes
1937,1,1,0.880797068590724,-0.14823970198631287,-2.1482396125793457,attack,Yes
1938,1,1,0.7310585786300049,-0.35005247592926025,-1.3500524759292603,attack,Yes
1939,1,1,0.9890130571872475,-0.020239846780896187,-4.52023983001709,attack,Yes
1940,1,1,0.924141819456443,-0.08896661549806595,-2.5889666080474854,attack,Yes
1941,1,1,0.9149009538328171,-0.11103297770023346,-2.4860329627990723,attack,Yes
1942,1,0,0.24508501313237172,-1.464622974395752,-0.33962297439575195,attack,No
1943,1,1,0.8933093989533708,-0.12746937572956085,-2.252469301223755,attack,Yes
1944,1,1,0.914900961373874,-0.1081947460770607,-2.4831948280334473,attack,Yes
1945,1,1,0.5926665999540697,-0.5655328035354614,-0.9405328035354614,attack,Yes
1946,1,1,0.924141816844876,-0.10548071563243866,-2.605480670928955,attack,Yes
1947,1,1,0.880797071719777,-0.1630728840827942,-2.1630728244781494,attack,Yes
1948,1,1,0.9859363728017917,-0.0232396237552166,-4.273239612579346,attack,Yes
1949,1,1,0.880797071719777,-0.1469288468360901,-2.1469287872314453,attack,Yes
1950,1,1,0.7057850340255386,-0.4031037986278534,-1.2781038284301758,attack,Yes
1951,1,1,0.9324533130837861,-0.08589475601911545,-2.710894823074341,attack,Yes
1952,1,0,0.09534946554178125,-2.366621732711792,-0.11662174016237259,attack,No
1953,1,1,0.9525741254760638,-0.06273987889289856,-3.062739849090576,attack,Yes
1954,1,0,0.32082130731838393,-1.1751363277435303,-0.42513635754585266,attack,No
1955,1,1,0.9241418184118162,-0.09341862052679062,-2.593418598175049,attack,Yes
1956,1,0,0.2018132270610754,-1.629173994064331,-0.25417402386665344,attack,No
1957,1,1,0.6513548646660542,-0.46850359439849854,-1.0935035943984985,attack,Yes
1958,1,0,0.06754668832401889,-2.764045000076294,-0.13904495537281036,attack,No
1959,1,0,0.06754669583231304,-2.7258143424987793,-0.10081441700458527,attack,No
1960,1,0,0.32082130731838393,-1.1740615367889404,-0.4240615665912628,attack,No
1961,1,1,0.9324533107374443,-0.07827207446098328,-2.7032721042633057,attack,Yes
1962,1,1,0.914900945711678,-0.10716021060943604,-2.4821600914001465,attack,Yes
1963,1,1,0.5926665999540697,-0.5549834966659546,-0.9299834966659546,attack,Yes
1964,1,1,0.5621765008857981,-0.6028549671173096,-0.8528549671173096,attack,Yes
1965,1,1,0.5926665999540697,-0.5413503646850586,-0.9163503646850586,attack,Yes
1966,1,1,0.5621765008857981,-0.6462824940681458,-0.8962824940681458,attack,Yes
1967,1,1,0.7981867777396212,-0.2401735782623291,-1.615173578262329,attack,Yes
1968,1,1,0.9525741273273218,-0.057447660714387894,-3.057447671890259,attack,Yes
1969,1,1,0.8807970904940926,-0.147574782371521,-2.1475749015808105,attack,Yes
1970,1,1,0.8933093989533708,-0.12772782146930695,-2.252727746963501,attack,Yes
1971,1,0,0.0758581868113179,-2.617849588394165,-0.1178496852517128,attack,No
1972,1,0,0.029312230115381685,-3.6010208129882812,-0.10102079063653946,attack,No
1973,1,1,0.7981867705385763,-0.24961046874523163,-1.624610424041748,attack,Yes
1974,1,1,0.9770226291282228,-0.03093533031642437,-3.780935287475586,attack,Yes
1975,1,1,0.817574471748733,-0.22480395436286926,-1.7248039245605469,attack,Yes
1976,1,1,0.8175744739711884,-0.21962346136569977,-1.7196234464645386,attack,Yes
1977,1,1,0.8807970795424088,-0.13819168508052826,-2.1381916999816895,attack,Yes
1978,1,1,0.6513548646660542,-0.454431414604187,-1.079431414604187,attack,Yes
1979,1,1,0.6224593171945417,-0.5333428978919983,-1.0333428382873535,attack,Yes
1980,1,1,0.8933094060543487,-0.12898612022399902,-2.253986120223999,attack,Yes
1981,1,1,0.9770226315535092,-0.029071981087327003,-3.7790720462799072,attack,Yes
1982,1,0,0.3486451217982255,-1.1521379947662354,-0.5271379351615906,attack,No
1983,1,1,0.867035763237924,-0.16040608286857605,-2.0354061126708984,attack,Yes
1984,1,1,0.5621765008857981,-0.62721186876297,-0.87721186876297,attack,Yes
1985,1,1,0.9324533093296393,-0.07920026034116745,-2.704200267791748,attack,Yes
1986,1,1,0.9770226283337324,-0.027440626174211502,-3.7774405479431152,attack,Yes
1987,1,1,0.7549149813536518,-0.3037010729312897,-1.4287010431289673,attack,Yes
1988,1,0,0.22270012850745968,-1.5466506481170654,-0.29665058851242065,attack,No
1989,1,1,0.6224593382055109,-0.49887391924858093,-0.9988739490509033,attack,Yes
1990,1,1,0.7057850278370112,-0.3799419403076172,-1.2549419403076172,attack,Yes
1991,1,0,0.06754668973182397,-2.7160227298736572,-0.09102270752191544,attack,No
1992,1,1,0.9241418220680101,-0.08832523226737976,-2.588325262069702,attack,Yes
1993,1,1,0.679178699175393,-0.4427696466445923,-1.1927696466445923,attack,Yes
1994,1,1,0.914900945711678,-0.11744558811187744,-2.492445468902588,attack,Yes
1995,1,1,0.5621765008857981,-0.6297562122344971,-0.8797562122344971,attack,Yes
1996,1,0,0.24508500761839525,-1.458299160003662,-0.3332991302013397,attack,No
1997,1,1,0.7057850340255386,-0.3726669251918793,-1.2476669549942017,attack,Yes
1998,1,0,0.07585818785594478,-2.606290102005005,-0.10629021376371384,attack,No
1999,1,0,0.03732689162774753,-3.343268871307373,-0.0932689905166626,attack,No
2000,1,1,0.8519528019683106,-0.1840904951095581,-1.934090495109558,attack,Yes
2001,1,0,0.5,-0.7457658648490906,-0.7457658648490906,attack,No
2002,1,1,0.880797068590724,-0.14376482367515564,-2.1437647342681885,attack,Yes
2003,1,1,0.6791786926816161,-0.41275838017463684,-1.1627583503723145,attack,Yes
2004,1,1,0.8933094032139576,-0.1323118507862091,-2.2573118209838867,attack,Yes
2005,1,1,0.9046505331728751,-0.11449529975652695,-2.364495277404785,attack,Yes
2006,1,1,0.9149009555730611,-0.10576795786619186,-2.4807679653167725,attack,Yes
2007,1,0,0.05340333017646162,-2.967897415161133,-0.09289742261171341,attack,No
2008,1,0,0.1480471961522176,-1.957339882850647,-0.20733986794948578,attack,No
2009,1,1,0.5312093733737563,-0.7073088884353638,-0.8323088884353638,attack,Yes
2010,1,1,0.9669140223263571,-0.04722020775079727,-3.422220230102539,attack,Yes
2011,1,1,0.9579122723847614,-0.06282877177000046,-3.187828779220581,attack,Yes
2012,1,1,0.8670357546485407,-0.18964891135692596,-2.0646488666534424,attack,Yes
2013,1,0,0.4378234991142019,-0.8653494119644165,-0.6153494119644165,attack,No
2014,1,1,0.8670357580842941,-0.15970255434513092,-2.0347025394439697,attack,Yes
2015,1,1,0.8354835371034369,-0.21227788925170898,-1.837277889251709,attack,Yes
2016,1,1,0.9959298627069244,-0.018471136689186096,-5.5184712409973145,attack,Yes
2017,1,1,0.9465966679403514,-0.07149676978588104,-2.9464967250823975,attack,Yes
2018,1,1,0.5926665999540697,-0.5977458357810974,-0.9727458357810974,attack,Yes
2019,1,0,0.24508501864634827,-1.4723330736160278,-0.3473331034183502,attack,No
2020,1,1,0.7772998611746911,-0.2873021364212036,-1.5373021364212036,attack,Yes
2021,1,0,0.015906388446265834,-4.165036678314209,-0.04003646969795227,attack,No
2022,1,1,0.904650536386234,-0.11366008222103119,-2.3636600971221924,attack,Yes
2023,1,0,0.4073334000459302,-0.9450680017471313,-0.5700680017471313,attack,No
2024,1,1,0.939913354875362,-0.07133427262306213,-2.8213343620300293,attack,Yes
2025,1,1,0.5621765008857981,-0.625175416469574,-0.875175416469574,attack,Yes
2026,1,0,0.5,-0.7178487181663513,-0.7178487181663513,attack,No
2027,1,1,0.7310585786300049,-0.3499412536621094,-1.3499412536621094,attack,Yes
2028,1,0,0.13296425394084313,-2.041135787963867,-0.16613590717315674,attack,No
2029,1,1,0.8807970779778823,-0.16021943092346191,-2.160219430923462,attack,Yes
2030,1,0,0.5,-0.7199051380157471,-0.7199051380157471,attack,No
2031,1,1,0.9241418236349501,-0.11733979731798172,-2.617339849472046,attack,Yes
2032,1,1,0.5926665999540697,-0.5537034273147583,-0.9287034273147583,attack,Yes
2033,1,0,0.053403329799824234,-2.9638640880584717,-0.08886408805847168,attack,No
2034,1,1,0.5312093733737563,-0.6582426428794861,-0.7832426428794861,attack,Yes
2035,1,0,0.4378234991142019,-0.8650847673416138,-0.6150847673416138,attack,No
2036,1,1,0.8519527963298947,-0.17804138362407684,-1.9280413389205933,attack,Yes
2037,1,1,0.7310585786300049,-0.33099234104156494,-1.330992341041565,attack,Yes
2038,1,1,0.7057850216484838,-0.3737685978412628,-1.2487685680389404,attack,Yes
2039,1,1,0.9525741226150288,-0.06193074956536293,-3.0619306564331055,attack,Yes
2040,1,1,0.6224593312018546,-0.5023387670516968,-1.0023387670516968,attack,Yes
2041,1,1,0.8670357683915538,-0.15539471805095673,-2.0303947925567627,attack,Yes
2042,1,1,0.9046505318875316,-0.12120489031076431,-2.3712048530578613,attack,Yes
2043,1,1,0.7772998508568416,-0.27235180139541626,-1.5223517417907715,attack,Yes
2044,1,1,0.932453304167687,-0.07966358959674835,-2.7046635150909424,attack,Yes
2045,1,1,0.9669140225647107,-0.04348990321159363,-3.418489933013916,attack,Yes
2046,1,1,0.9465966705768132,-0.06283234804868698,-2.9378323554992676,attack,Yes
2047,1,1,0.6791786926816161,-0.4341208040714264,-1.184120774269104,attack,Yes
2048,1,1,0.798186768138228,-0.24976593255996704,-1.6247658729553223,attack,Yes
2049,1,1,0.9579122675786775,-0.05708753317594528,-3.1820874214172363,attack,Yes
2050,1,1,0.7549149923816048,-0.3048921525478363,-1.4298921823501587,attack,Yes
2051,1,1,0.5312093733737563,-0.6486496329307556,-0.7736496329307556,attack,Yes
2052,1,0,0.053403329799824234,-2.991615056991577,-0.11661505699157715,attack,No
2053,1,1,0.9525741261492485,-0.06113936007022858,-3.0611393451690674,attack,Yes
2054,1,1,0.5312093733737563,-0.6983004212379456,-0.8233004212379456,attack,Yes
2055,1,0,0.5,-0.727177083492279,-0.727177083492279,attack,No
2056,1,1,0.7549149868676283,-0.3001216650009155,-1.4251216650009155,attack,Yes
2057,1,1,0.679178699175393,-0.4150996208190918,-1.1650996208190918,attack,Yes
2058,1,1,0.9241418189341297,-0.09258700907230377,-2.5925869941711426,attack,Yes
2059,1,0,0.01590639503567764,-4.184389591217041,-0.05938980355858803,attack,No
2060,1,1,0.957912274637613,-0.05307834967970848,-3.1780784130096436,attack,Yes
2061,1,0,0.4378234991142019,-0.8907482028007507,-0.6407482028007507,attack,No
2062,1,1,0.9770226305081273,-0.033948641270399094,-3.7839486598968506,attack,Yes
2063,1,1,0.7772998508568416,-0.2828992009162903,-1.5328991413116455,attack,Yes
2064,1,0,0.007577241884158658,-4.938443660736084,-0.06344374269247055,attack,No
2065,1,0,0.5,-0.7243086695671082,-0.7243086695671082,attack,No
2066,1,1,0.880797081106935,-0.15749570727348328,-2.1574957370758057,attack,Yes
2067,1,1,0.7981867873410141,-0.2640678286552429,-1.6390678882598877,attack,Yes
2068,1,1,0.9149009491921662,-0.10174496471881866,-2.4767448902130127,attack,Yes
2069,1,1,0.9579122695311493,-0.05577212944626808,-3.180772066116333,attack,Yes
2070,1,1,0.9626731126558706,-0.057628631591796875,-3.307628631591797,attack,Yes
2071,1,0,0.06754669207816587,-2.7328124046325684,-0.10781241953372955,attack,No
2072,1,0,0.5,-0.7360694408416748,-0.7360694408416748,attack,No
2073,1,1,0.7549149868676283,-0.32404041290283203,-1.449040412902832,attack,Yes
2074,1,1,0.8175744739711884,-0.2165839821100235,-1.7165839672088623,attack,Yes
2075,1,1,0.5926665999540697,-0.5570052862167358,-0.9320052862167358,attack,Yes
2076,1,1,0.8175744761936437,-0.21785414218902588,-1.7178541421890259,attack,Yes
2077,1,1,0.7981867849406659,-0.23991890251636505,-1.6149189472198486,attack,Yes
2078,1,1,0.9399133519298963,-0.06987353414297104,-2.819873571395874,attack,Yes
2079,1,1,0.8519527982093668,-0.1924777328968048,-1.9424777030944824,attack,Yes
2080,1,1,0.9626731135929119,-0.049040768295526505,-3.2990407943725586,attack,Yes
2081,1,0,0.24508502416032488,-1.4520237445831299,-0.32702380418777466,attack,No
2082,1,0,0.32082129433083023,-1.1572753190994263,-0.4072752892971039,attack,No
2083,1,1,0.8354835330070839,-0.19987908005714417,-1.8248790502548218,attack,Yes
2084,1,0,0.2018132270610754,-1.6580177545547485,-0.2830177843570709,attack,No
2085,1,0,0.2942149597859341,-1.2651004791259766,-0.3901004195213318,attack,No
2086,1,0,0.26894141551050293,-1.3450024127960205,-0.3450023829936981,attack,No
2087,1,1,0.9149009602137115,-0.10446613281965256,-2.479466199874878,attack,Yes
2088,1,0,0.02033235363947422,-3.950748920440674,-0.07574893534183502,attack,No
2089,1,1,0.8807970842359877,-0.1525060534477234,-2.152506113052368,attack,Yes
2090,1,1,0.9324533093296393,-0.09190749377012253,-2.716907501220703,attack,Yes
2091,1,0,0.46879062662624377,-0.7887643575668335,-0.6637643575668335,attack,No
2092,1,0,0.1480471961522176,-1.9631264209747314,-0.21312640607357025,attack,No
2093,1,1,0.893309411735131,-0.13403314352035522,-2.259033203125,attack,Yes
2094,1,1,0.9820137907616943,-0.02491946890950203,-4.024919509887695,attack,Yes
2095,1,1,0.8807970795424088,-0.1438433974981308,-2.143843412399292,attack,Yes
2096,1,1,0.9706877712625634,-0.03347032144665718,-3.533470392227173,attack,Yes
2097,1,1,0.798186768138228,-0.24008113145828247,-1.6150810718536377,attack,Yes
2098,1,1,0.8354835391516132,-0.20438610017299652,-1.8293861150741577,attack,Yes
2099,1,0,0.46879062662624377,-0.7758821845054626,-0.6508821845054626,attack,No
2100,1,0,0.4378234991142019,-0.855948805809021,-0.605948805809021,attack,No
2101,1,0,0.20181321265898594,-1.641296148300171,-0.2662960886955261,attack,No
2102,1,1,0.7549149813536518,-0.3162536919116974,-1.441253662109375,attack,Yes
2103,1,0,0.07585817584273653,-2.5962936878204346,-0.0962936282157898,attack,No
2104,1,0,0.32082130082460697,-1.1754820346832275,-0.42548203468322754,attack,No
2105,1,1,0.8807970779778823,-0.15353655815124512,-2.153536558151245,attack,Yes
2106,1,0,0.37754066879814546,-0.9882962703704834,-0.4882962703704834,attack,No
2107,1,1,0.8519528000888387,-0.18873609602451324,-1.938736081123352,attack,Yes
2108,1,0,0.05340333130637379,-2.968064785003662,-0.0930648148059845,attack,No
2109,1,1,0.9046505428129514,-0.12170162796974182,-2.371701717376709,attack,Yes
2110,1,1,0.6791786861878392,-0.4330306649208069,-1.183030605316162,attack,Yes
2111,1,1,0.893309411735131,-0.1305941939353943,-2.255594253540039,attack,Yes
2112,1,1,0.9740426413893734,-0.03848772868514061,-3.663487672805786,attack,Yes
2113,1,1,0.9525741236248058,-0.05854828283190727,-3.0585482120513916,attack,Yes
2114,1,0,0.053403334696110465,-2.951294183731079,-0.07629428058862686,attack,No
2115,1,1,0.9241418173671895,-0.09835914522409439,-2.5983591079711914,attack,Yes
2116,1,1,0.6224593312018546,-0.5123691558837891,-1.012369155883789,attack,Yes
2117,1,1,0.8807970873650403,-0.14537468552589417,-2.1453747749328613,attack,Yes
2118,1,1,0.8519528000888387,-0.1754380613565445,-1.9254380464553833,attack,Yes
2119,1,0,0.08509904732734556,-2.4846420288085938,-0.10964205861091614,attack,No
2120,1,0,0.012431647926096252,-4.43140983581543,-0.056409597396850586,attack,No
2121,1,0,0.11920291263495983,-2.152071475982666,-0.15207138657569885,attack,No
2122,1,0,0.22270013882530884,-1.5473299026489258,-0.2973299026489258,attack,No
2123,1,1,0.8933093989533708,-0.13236553966999054,-2.2573654651641846,attack,Yes
2124,1,0,0.0534033328129234,-2.9682281017303467,-0.09322816133499146,attack,No
2125,1,0,0.02595735813968335,-3.678157329559326,-0.053157366812229156,attack,No
2126,1,1,0.9149009555730611,-0.1030118390917778,-2.4780118465423584,attack,Yes
2127,1,1,0.7981867825403176,-0.24206015467643738,-1.6170601844787598,attack,Yes
2128,1,1,0.7772998560157665,-0.2716592848300934,-1.521659255027771,attack,Yes
2129,1,1,0.5312093733737563,-0.697081446647644,-0.822081446647644,attack,Yes
2130,1,1,0.9465966743431868,-0.06787625700235367,-2.9428763389587402,attack,Yes
2131,1,1,0.8807970732843035,-0.15821199119091034,-2.1582119464874268,attack,Yes
2132,1,0,0.14804719427274565,-1.9622513055801392,-0.21225127577781677,attack,No
2133,1,0,0.20181322466072713,-1.616955041885376,-0.24195505678653717,attack,No
2134,1,0,0.4073334000459302,-0.9431580305099487,-0.5681580305099487,attack,No
2135,1,1,0.9525741278322103,-0.06112859398126602,-3.061128616333008,attack,Yes
2136,1,0,0.24508501313237172,-1.435319185256958,-0.310319185256958,attack,No
2137,1,0,0.20181321265898594,-1.632831335067749,-0.25783127546310425,attack,No
2138,1,1,0.8807970779778823,-0.14000725746154785,-2.140007257461548,attack,Yes
2139,1,1,0.7310585903489892,-0.33456629514694214,-1.334566354751587,attack,Yes
2140,1,1,0.9465966649272521,-0.06791268289089203,-2.9429125785827637,attack,Yes
2141,1,1,0.9579122686300086,-0.051748599857091904,-3.176748514175415,attack,Yes
2142,1,0,0.13296425050508953,-2.0541493892669678,-0.17914947867393494,attack,No
2143,1,0,0.5,-0.7352070808410645,-0.7352070808410645,attack,No
2144,1,0,0.46879062662624377,-0.7996394634246826,-0.6746394634246826,attack,No
2145,1,1,0.731058584489497,-0.3302646577358246,-1.330264687538147,attack,Yes
2146,1,1,0.7057850278370112,-0.3841285705566406,-1.2591285705566406,attack,Yes
2147,1,0,0.4378234991142019,-0.8788429498672485,-0.6288429498672485,attack,No
2148,1,1,0.9324533022906132,-0.0836096853017807,-2.7086095809936523,attack,Yes
2149,1,0,0.37754066879814546,-1.0062841176986694,-0.5062841176986694,attack,No
2150,1,1,0.7772998663336157,-0.26980993151664734,-1.5198099613189697,attack,Yes
2151,1,0,0.4073334000459302,-0.941594123840332,-0.566594123840332,attack,No
2152,1,1,0.8807970842359877,-0.1470929980278015,-2.1470930576324463,attack,Yes
2153,1,0,0.32082130082460697,-1.1609281301498413,-0.4109281301498413,attack,No
2154,1,1,0.7549149868676283,-0.31708669662475586,-1.4420866966247559,attack,Yes
2155,1,1,0.8354835411997897,-0.2003668248653412,-1.8253668546676636,attack,Yes
2156,1,1,0.9324533036984186,-0.08062633126974106,-2.7056262493133545,attack,Yes
2157,1,0,0.22270012850745968,-1.5303444862365723,-0.2803444266319275,attack,No
2158,1,1,0.8670357512127872,-0.15755803883075714,-2.032557964324951,attack,Yes
2159,1,0,0.4073334000459302,-0.9486932158470154,-0.5736932158470154,attack,No
2160,1,0,0.0600866518571309,-2.84291672706604,-0.09291675686836243,attack,No
2161,1,1,0.8670357701094303,-0.16475430130958557,-2.0397543907165527,attack,Yes
2162,1,0,0.022977370913592487,-3.7900068759918213,-0.04000692069530487,attack,No
2163,1,0,0.4378234991142019,-0.8764966130256653,-0.6264966130256653,attack,No
2164,1,1,0.9324533018213448,-0.08106767386198044,-2.7060675621032715,attack,Yes
2165,1,1,0.5621765008857981,-0.6117225289344788,-0.8617225289344788,attack,Yes
2166,1,1,0.9579122704322899,-0.06145767495036125,-3.186457633972168,attack,Yes
2167,1,1,0.817574478416099,-0.23133288323879242,-1.7313328981399536,attack,Yes
2168,1,1,0.9149009532527358,-0.09936883300542831,-2.4743688106536865,attack,Yes
2169,1,0,0.3775406828054583,-1.000443458557129,-0.5004435181617737,attack,No
2170,1,0,0.11920291576401235,-2.1545634269714355,-0.15456336736679077,attack,No
2171,1,0,0.32082130082460697,-1.1672381162643433,-0.41723811626434326,attack,No
2172,1,1,0.7981867729389246,-0.24163952469825745,-1.616639494895935,attack,Yes
2173,1,0,0.46879062662624377,-0.7881080508232117,-0.6631080508232117,attack,No
2174,1,1,0.962673111183377,-0.046545784920454025,-3.2965457439422607,attack,Yes
2175,1,1,0.5926665999540697,-0.5558465123176575,-0.9308465123176575,attack,Yes
2176,1,1,0.8807970795424088,-0.15452884137630463,-2.154528856277466,attack,Yes
2177,1,1,0.9820137916499767,-0.02457895688712597,-4.024579048156738,attack,Yes
2178,1,0,0.4378234991142019,-0.8577475547790527,-0.6077475547790527,attack,No
2179,1,1,0.939913354875362,-0.07850375771522522,-2.8285038471221924,attack,Yes
2180,1,0,0.1645164608483867,-1.8373565673828125,-0.2123565524816513,attack,No
2181,1,1,0.5926665999540697,-0.5527633428573608,-0.9277633428573608,attack,Yes
2182,1,0,0.5,-0.7191805243492126,-0.7191805243492126,attack,No
2183,1,0,0.3208213138121609,-1.1725733280181885,-0.42257338762283325,attack,No
2184,1,0,0.02033235096813516,-3.974684715270996,-0.09968459606170654,attack,No
2185,1,1,0.7310585669110203,-0.33561474084854126,-1.3356146812438965,attack,Yes
2186,1,1,0.8670357512127872,-0.16981203854084015,-2.044811964035034,attack,Yes
2187,1,1,0.9046505312448597,-0.13013629615306854,-2.380136251449585,attack,Yes
2188,1,1,0.5926665999540697,-0.572932243347168,-0.947932243347168,attack,Yes
2189,1,1,0.8807970904940926,-0.1453794240951538,-2.1453795433044434,attack,Yes
2190,1,0,0.22270013882530884,-1.538425326347351,-0.2884253263473511,attack,No
2191,1,1,0.9399133502467731,-0.08090376108884811,-2.8309037685394287,attack,Yes
2192,1,1,0.5621765008857981,-0.5998671054840088,-0.8498671054840088,attack,Yes
2193,1,1,0.867035771827307,-0.17161883413791656,-2.046618938446045,attack,Yes
2194,1,1,0.8807970795424088,-0.1471228450536728,-2.147122859954834,attack,Yes
2195,1,1,0.7981867777396212,-0.25235307216644287,-1.6273530721664429,attack,Yes
2196,1,1,0.8933094039240554,-0.11928965896368027,-2.2442896366119385,attack,Yes
2197,1,1,0.9149009625340367,-0.095819853246212,-2.4708199501037598,attack,Yes
2198,1,0,0.09534946361376598,-2.392815351486206,-0.14281533658504486,attack,No
2199,1,1,0.5926665999540697,-0.5674351453781128,-0.9424351453781128,attack,Yes
2200,1,1,0.9399133464597458,-0.07241851091384888,-2.822418451309204,attack,Yes
2201,1,1,0.880797068590724,-0.15292701125144958,-2.1529269218444824,attack,Yes
2202,1,0,0.14804720179063335,-1.941586971282959,-0.19158700108528137,attack,No
2203,1,1,0.8670357683915538,-0.16170446574687958,-2.0367045402526855,attack,Yes
2204,1,1,0.5312093733737563,-0.6833537817001343,-0.8083537817001343,attack,Yes
2205,1,1,0.7310585786300049,-0.35725510120391846,-1.3572551012039185,attack,Yes
2206,1,1,0.9046505286741726,-0.12662823498249054,-2.3766281604766846,attack,Yes
2207,1,0,0.4073334000459302,-0.9323962330818176,-0.5573962330818176,attack,No
2208,1,1,0.6513548714339145,-0.4642927348613739,-1.0892927646636963,attack,Yes
2209,1,1,0.9465966702001757,-0.06784796714782715,-2.942847967147827,attack,Yes
2210,1,0,0.3486451217982255,-1.0937771797180176,-0.4687771201133728,attack,No
2211,1,1,0.8354835330070839,-0.1931314766407013,-1.818131446838379,attack,Yes
2212,1,0,0.5,-0.725568413734436,-0.725568413734436,attack,No
2213,1,0,0.24508501313237172,-1.4347285032272339,-0.3097285032272339,attack,No
2214,1,0,0.004070137534687356,-5.54282808303833,-0.0428280383348465,attack,No
2215,1,0,0.22270014398423357,-1.5493192672729492,-0.2993192970752716,attack,No
2216,1,1,0.9669140210154115,-0.047354716807603836,-3.4223546981811523,attack,Yes
2217,1,0,0.08509903688588204,-2.4848601818084717,-0.10986007750034332,attack,No
2218,1,1,0.8354835371034369,-0.2086951732635498,-1.8336951732635498,attack,Yes
2219,1,1,0.7057850340255386,-0.36214742064476013,-1.2371474504470825,attack,Yes
2220,1,1,0.7057850216484838,-0.38667288422584534,-1.261672854423523,attack,Yes
2221,1,1,0.9579122741870427,-0.06271714717149734,-3.1877171993255615,attack,Yes
2222,1,0,0.34864513533394575,-1.1041392087936401,-0.47913920879364014,attack,No
2223,1,1,0.679178699175393,-0.4177035093307495,-1.1677035093307495,attack,Yes
2224,1,0,0.2942149845400438,-1.24835205078125,-0.3733521103858948,attack,No
2225,1,1,0.731058584489497,-0.3290735185146332,-1.3290735483169556,attack,Yes
2226,1,0,0.1329642333263228,-2.0323190689086914,-0.15731900930404663,attack,No
2227,1,1,0.9324533140223229,-0.08927956968545914,-2.7142796516418457,attack,Yes
2228,1,0,0.09534946361376598,-2.3841440677642822,-0.13414405286312103,attack,No
2229,1,0,0.0850990438468576,-2.511632204055786,-0.13663218915462494,attack,No
2230,1,1,0.8354835371034369,-0.2065579891204834,-1.8315579891204834,attack,Yes
2231,1,1,0.5621765008857981,-0.6383311748504639,-0.8883311748504639,attack,Yes
2232,1,1,0.9669140214921191,-0.04451465979218483,-3.4195146560668945,attack,Yes
2233,1,1,0.7057850154599563,-0.36303311586380005,-1.2380330562591553,attack,Yes
2234,1,0,0.060086649753226806,-2.860590696334839,-0.11059068888425827,attack,No
2235,1,1,0.9740426448743534,-0.03382603079080582,-3.6588261127471924,attack,Yes
2236,1,1,0.8807970732843035,-0.14483337104320526,-2.1448333263397217,attack,Yes
2237,1,1,0.7549149868676283,-0.3153318166732788,-1.4403318166732788,attack,Yes
2238,1,0,0.29421496597446145,-1.2667406797409058,-0.3917406499385834,attack,No
2239,1,1,0.8354835309589073,-0.20795898139476776,-1.8329589366912842,attack,Yes
2240,1,0,0.4378234991142019,-0.8461500406265259,-0.5961500406265259,attack,No
2241,1,1,0.5621765008857981,-0.6276232004165649,-0.8776232004165649,attack,Yes
2242,1,0,0.06008665606493926,-2.8504886627197266,-0.10048876702785492,attack,No
2243,1,1,0.7772998611746911,-0.27003300189971924,-1.5200330018997192,attack,Yes
2244,1,1,0.7549149813536518,-0.30641213059425354,-1.4314121007919312,attack,Yes
2245,1,1,0.8519527944504226,-0.172565758228302,-1.9225656986236572,attack,Yes
2246,1,1,0.9399133481428692,-0.08470752835273743,-2.834707498550415,attack,Yes
2247,1,0,0.05340333243628599,-2.9635910987854004,-0.08859115093946457,attack,No
2248,1,1,0.5926665999540697,-0.5467780828475952,-0.9217780828475952,attack,Yes
2249,1,1,0.7057850340255386,-0.3764154613018036,-1.251415491104126,attack,Yes
2250,1,0,0.11920291263495983,-2.1641788482666016,-0.1641787588596344,attack,No
2251,1,1,0.7549149868676283,-0.30785059928894043,-1.4328505992889404,attack,Yes
2252,1,0,0.18242551936144574,-1.7254359722137451,-0.22543594241142273,attack,No
2253,1,1,0.9840936048476955,-0.02251456305384636,-4.147514343261719,attack,Yes
2254,1,1,0.5621765008857981,-0.6000177264213562,-0.8500177264213562,attack,Yes
2255,1,0,0.37754066879814546,-1.0266053676605225,-0.5266053676605225,attack,No
2256,1,0,0.053403333566198224,-2.9560694694519043,-0.08106954395771027,attack,No
2257,1,0,0.18242552602881168,-1.7307677268981934,-0.23076774179935455,attack,No
2258,1,1,0.7057850216484838,-0.3835442364215851,-1.2585442066192627,attack,Yes
2259,1,1,0.6224593312018546,-0.5141475200653076,-1.0141475200653076,attack,Yes
2260,1,1,0.952574122951621,-0.05654558166861534,-3.0565454959869385,attack,Yes
2261,1,1,0.8175744695262777,-0.2248326987028122,-1.7248326539993286,attack,Yes
2262,1,1,0.9324533112067127,-0.07902976125478745,-2.7040297985076904,attack,Yes
2263,1,0,0.26894141551050293,-1.3352895975112915,-0.3352895677089691,attack,No
2264,1,1,0.7310585727705126,-0.3525306284427643,-1.352530598640442,attack,Yes
2265,1,1,0.9840936106207203,-0.026302188634872437,-4.151302337646484,attack,Yes
2266,1,0,0.22270012850745968,-1.5211338996887207,-0.2711338400840759,attack,No
2267,1,0,0.18242552380635632,-1.738342046737671,-0.2383420467376709,attack,No
2268,1,1,0.9241418283357702,-0.08523213863372803,-2.5852322578430176,attack,Yes
2269,1,0,0.5,-0.7098293304443359,-0.7098293304443359,attack,No
2270,1,1,0.6513548782017746,-0.4650837779045105,-1.0900838375091553,attack,Yes
2271,1,1,0.6513548782017746,-0.46188873052597046,-1.0868887901306152,attack,Yes
2272,1,0,0.3486451488696663,-1.0730407238006592,-0.44804078340530396,attack,No
2273,1,0,0.08509904964767095,-2.513230562210083,-0.13823062181472778,attack,No
2274,1,1,0.8807970889295664,-0.15642227232456207,-2.1564223766326904,attack,Yes
2275,1,1,0.9579122753885635,-0.055459894239902496,-3.180459976196289,attack,Yes
2276,1,1,0.7772998663336157,-0.2725926339626312,-1.5225926637649536,attack,Yes
2277,1,1,0.8933094060543487,-0.14078783988952637,-2.2657878398895264,attack,Yes
2278,1,0,0.2689414213699951,-1.339914083480835,-0.33991408348083496,attack,No
2279,1,1,0.880797068590724,-0.15636906027793884,-2.1563689708709717,attack,Yes
2280,1,1,0.8933094032139576,-0.12655428051948547,-2.251554250717163,attack,Yes
2281,1,0,0.05340332678672523,-2.9690539836883545,-0.09405392408370972,attack,No
2282,1,1,0.7549149923816048,-0.3005065619945526,-1.425506591796875,attack,Yes
2283,1,1,0.7981867825403176,-0.2670881450176239,-1.6420881748199463,attack,Yes
2284,1,1,0.754914975839675,-0.31163936853408813,-1.4366393089294434,attack,Yes
2285,1,1,0.9525741271590255,-0.06488250941038132,-3.064882516860962,attack,Yes
2286,1,0,0.4073334000459302,-0.9214359521865845,-0.5464359521865845,attack,No
2287,1,1,0.5621765008857981,-0.6048983931541443,-0.8548983931541443,attack,Yes
2288,1,1,0.9626731145299533,-0.0422632172703743,-3.2922632694244385,attack,Yes
2289,1,1,0.7057850340255386,-0.3922114074230194,-1.2672114372253418,attack,Yes
2290,1,1,0.7772998508568416,-0.2767680287361145,-1.5267679691314697,attack,Yes
2291,1,0,0.4073334000459302,-0.9235615134239197,-0.5485615134239197,attack,No
2292,1,1,0.8933094032139576,-0.1399705708026886,-2.264970541000366,attack,Yes
2293,1,1,0.7549149813536518,-0.3226450979709625,-1.4476450681686401,attack,Yes
2294,1,1,0.9740426455336738,-0.03341187164187431,-3.658411979675293,attack,Yes
2295,1,0,0.012431653780276067,-4.443367004394531,-0.06836724281311035,attack,No
2296,1,1,0.8354835391516132,-0.20022808015346527,-1.8252280950546265,attack,Yes
2297,1,0,0.46879062662624377,-0.7850309610366821,-0.6600309610366821,attack,No
2298,1,1,0.8519527963298947,-0.189911887049675,-1.9399118423461914,attack,Yes
2299,1,0,0.4378234991142019,-0.8505149483680725,-0.6005149483680725,attack,No
2300,1,0,0.4073334000459302,-0.9486871957778931,-0.5736871957778931,attack,No
2301,1,1,0.9579122740368525,-0.05735344812273979,-3.1823534965515137,attack,Yes
2302,1,0,0.2018132270610754,-1.6376538276672363,-0.2626538574695587,attack,No
2303,1,0,0.4378234991142019,-0.8496359586715698,-0.5996359586715698,attack,No
2304,1,1,0.8807970858005139,-0.14877097308635712,-2.148771047592163,attack,Yes
2305,1,1,0.7981867873410141,-0.25961440801620483,-1.6346144676208496,attack,Yes
2306,1,1,0.5926665999540697,-0.5599967837333679,-0.9349967837333679,attack,Yes
2307,1,1,0.8519528019683106,-0.18867361545562744,-1.9386736154556274,attack,Yes
2308,1,1,0.9770226287518852,-0.032722532749176025,-3.7827224731445312,attack,Yes
2309,1,1,0.9241418257242036,-0.09178558737039566,-2.5917856693267822,attack,Yes
2310,1,1,0.8175744828610095,-0.22646816074848175,-1.7264682054519653,attack,Yes
2311,1,1,0.9324533036984186,-0.08507832139730453,-2.710078239440918,attack,Yes
2312,1,1,0.8670357701094303,-0.1653992235660553,-2.0403993129730225,attack,Yes
2313,1,1,0.7981867825403176,-0.23757538199424744,-1.6125754117965698,attack,Yes
2314,1,1,0.8807970873650403,-0.14928951859474182,-2.149289608001709,attack,Yes
2315,1,1,0.9859363704515215,-0.02228468842804432,-4.272284507751465,attack,Yes
2316,1,0,0.5,-0.755411684513092,-0.755411684513092,attack,No
2317,1,1,0.9149009532527358,-0.09870006889104843,-2.4737000465393066,attack,Yes
2318,1,1,0.9324533036984186,-0.08264311403036118,-2.7076430320739746,attack,Yes
2319,1,1,0.5926665999540697,-0.5620823502540588,-0.9370823502540588,attack,Yes
2320,1,0,0.2942149845400438,-1.266127347946167,-0.39112740755081177,attack,No
2321,1,0,0.4378234991142019,-0.8533917665481567,-0.6033917665481567,attack,No
2322,1,1,0.7549149813536518,-0.30465343594551086,-1.4296534061431885,attack,Yes
2323,1,1,0.6513548511303336,-0.4783053994178772,-1.1033053398132324,attack,Yes
2324,1,0,0.32082130731838393,-1.157103419303894,-0.40710344910621643,attack,No
2325,1,0,0.1480471961522176,-1.9299150705337524,-0.17991505563259125,attack,No
2326,1,0,0.37754066879814546,-0.9987606406211853,-0.4987606406211853,attack,No
2327,1,1,0.8175744761936437,-0.22212183475494385,-1.7221218347549438,attack,Yes
2328,1,0,0.24508501864634827,-1.4421284198760986,-0.317128449678421,attack,No
2329,1,1,0.5312093733737563,-0.6655663847923279,-0.7905663847923279,attack,Yes
2330,1,1,0.5621765008857981,-0.6166506409645081,-0.8666506409645081,attack,Yes
2331,1,0,0.2942149845400438,-1.2405023574829102,-0.36550241708755493,attack,No
2332,1,1,0.8519528076067262,-0.18096287548542023,-1.9309629201889038,attack,Yes
2333,1,1,0.9579122720843811,-0.0792551040649414,-3.2042551040649414,attack,Yes
2334,1,0,0.022977369742764476,-3.8035106658935547,-0.05351065844297409,attack,No
2335,1,1,0.7310585727705126,-0.336777001619339,-1.3367769718170166,attack,Yes
2336,1,1,0.5926665999540697,-0.5541061162948608,-0.9291061162948608,attack,Yes
2337,1,1,0.9149009468718409,-0.10378776490688324,-2.478787660598755,attack,Yes
2338,1,1,0.9740426424254486,-0.0415654331445694,-3.666565418243408,attack,Yes
2339,1,0,0.18242552158390105,-1.7318347692489624,-0.2318347543478012,attack,No
2340,1,0,0.2018132174596823,-1.633412480354309,-0.2584124505519867,attack,No
2341,1,1,0.8933094074745443,-0.1360168308019638,-2.261016845703125,attack,Yes
2342,1,0,0.012431651493486755,-4.421585559844971,-0.04658561199903488,attack,No
2343,1,0,0.5,-0.7212176322937012,-0.7212176322937012,attack,No
2344,1,0,0.18242553269617778,-1.7375550270080566,-0.23755508661270142,attack,No
2345,1,0,0.02297736756836975,-3.82974910736084,-0.07974900305271149,attack,No
2346,1,1,0.9465966660571644,-0.06359823793172836,-2.938598155975342,attack,Yes
2347,1,1,0.957912268029248,-0.056138139218091965,-3.181138038635254,attack,Yes
2348,1,1,0.7772998714925403,-0.29350703954696655,-1.5435070991516113,attack,Yes
2349,1,1,0.5926665999540697,-0.5698927640914917,-0.9448927640914917,attack,Yes
2350,1,1,0.8175744850834649,-0.2440442442893982,-1.744044303894043,attack,Yes
2351,1,0,0.5,-0.7554119825363159,-0.7554119825363159,attack,No
2352,1,1,0.8933094046341532,-0.13012529909610748,-2.2551252841949463,attack,Yes
2353,1,1,0.9820137860570862,-0.023761974647641182,-4.023761749267578,attack,Yes
2354,1,1,0.9465966653038896,-0.0698452964425087,-2.944845199584961,attack,Yes
2355,1,1,0.9399133473013074,-0.06994323432445526,-2.8199431896209717,attack,Yes
2356,1,1,0.8175744761936437,-0.2190260887145996,-1.7190260887145996,attack,Yes
2357,1,1,0.5621765008857981,-0.6405174732208252,-0.8905174732208252,attack,Yes
2358,1,1,0.6224593171945417,-0.5120490193367004,-1.0120489597320557,attack,Yes
2359,1,0,0.4073334000459302,-0.9383970499038696,-0.5633970499038696,attack,No
2360,1,0,0.46879062662624377,-0.802871584892273,-0.677871584892273,attack,No
2361,1,1,0.5312093733737563,-0.6689903140068054,-0.7939903140068054,attack,Yes
2362,1,0,0.2689414272294874,-1.4235447645187378,-0.4235447943210602,attack,No
2363,1,1,0.8354835371034369,-0.195786714553833,-1.820786714553833,attack,Yes
2364,1,0,0.11920292045759123,-2.1861445903778076,-0.18614457547664642,attack,No
2365,1,0,0.16451647108926923,-1.8419811725616455,-0.21698123216629028,attack,No
2366,1,1,0.9046505351008906,-0.12620949745178223,-2.3762094974517822,attack,Yes
2367,1,1,0.9324533083911025,-0.09114743024110794,-2.7161474227905273,attack,Yes
2368,1,0,0.005220125867663134,-5.2985076904296875,-0.048507723957300186,attack,No
2369,1,0,0.025957355125646668,-3.685358762741089,-0.0603586807847023,attack,No
2370,1,1,0.9399133435142799,-0.09144436568021774,-2.841444253921509,attack,Yes
2371,1,1,0.9324533018213448,-0.08520542830228806,-2.710205316543579,attack,Yes
2372,1,1,0.8670357546485407,-0.1591208428144455,-2.034120798110962,attack,Yes
2373,1,1,0.9626731149315425,-0.04583948478102684,-3.295839548110962,attack,Yes
2374,1,1,0.9890130597779583,-0.020099418237805367,-4.520099639892578,attack,Yes
2375,1,0,0.012431649664055602,-4.450580596923828,-0.07558050006628036,attack,No
2376,1,0,0.09534945847239201,-2.383561134338379,-0.13356105983257294,attack,No
2377,1,1,0.5312093733737563,-0.6689295172691345,-0.7939295172691345,attack,Yes
2378,1,1,0.7310585669110203,-0.3368886113166809,-1.3368885517120361,attack,Yes
2379,1,1,0.7549149923816048,-0.3073323667049408,-1.4323323965072632,attack,Yes
2380,1,1,0.7057850216484838,-0.3823137581348419,-1.2573137283325195,attack,Yes
2381,1,1,0.5926665999540697,-0.5449028015136719,-0.9199028015136719,attack,Yes
2382,1,1,0.8670357512127872,-0.16137726604938507,-2.036377191543579,attack,Yes
2383,1,1,0.679178699175393,-0.4037337303161621,-1.153733730316162,attack,Yes
2384,1,0,0.0075772399792382,-4.938106536865234,-0.06310636550188065,attack,No
2385,1,0,0.2018132174596823,-1.6327569484710693,-0.25775691866874695,attack,No
2386,1,0,0.0534033271633626,-2.953009843826294,-0.07800979167222977,attack,No
2387,1,1,0.8354835371034369,-0.194504976272583,-1.819504976272583,attack,Yes
2388,1,1,0.9046505383142494,-0.11424394696950912,-2.364243984222412,attack,Yes
2389,1,1,0.7057850216484838,-0.3807962238788605,-1.255796194076538,attack,Yes
2390,1,1,0.7549149868676283,-0.3047133684158325,-1.4297133684158325,attack,Yes
2391,1,1,0.5621765008857981,-0.6176565885543823,-0.8676565885543823,attack,Yes
2392,1,1,0.6224593312018546,-0.5171970129013062,-1.0171970129013062,attack,Yes
2393,1,0,0.4378234991142019,-0.8653602600097656,-0.6153602600097656,attack,No
2394,1,1,0.9046505447409665,-0.12250674515962601,-2.372506856918335,attack,Yes
2395,1,0,0.2942149597859341,-1.2481329441070557,-0.3731328845024109,attack,No
2396,1,1,0.8807970842359877,-0.15213578939437866,-2.1521358489990234,attack,Yes
2397,1,1,0.7057850278370112,-0.3708244562149048,-1.2458244562149048,attack,Yes
2398,1,0,0.5,-0.7410296201705933,-0.7410296201705933,attack,No
2399,1,1,0.8519527963298947,-0.17114560306072235,-1.9211455583572388,attack,Yes
2400,1,1,0.8175744673038221,-0.2324557900428772,-1.7324557304382324,attack,Yes
2401,1,0,0.29421496597446145,-1.2524081468582153,-0.37740811705589294,attack,No
2402,1,1,0.9902915252018669,-0.0158885158598423,-4.640888690948486,attack,Yes
2403,1,0,0.18242552825126704,-1.750246524810791,-0.2502465546131134,attack,No
2404,1,0,0.06754668785475053,-2.7436912059783936,-0.11869115382432938,attack,No
2405,1,1,0.7057850216484838,-0.39013567566871643,-1.265135645866394,attack,Yes
2406,1,0,0.11920291419948606,-2.1464385986328125,-0.14643852412700653,attack,No
2407,1,1,0.9525741258126562,-0.06281902641057968,-3.062819004058838,attack,Yes
2408,1,1,0.9399133552961428,-0.07499971240758896,-2.8249998092651367,attack,Yes
2409,1,1,0.8807970748488297,-0.14085152745246887,-2.1408514976501465,attack,Yes
2410,1,1,0.5312093733737563,-0.704452395439148,-0.829452395439148,attack,Yes
2411,1,1,0.8807970732843035,-0.13644032180309296,-2.1364402770996094,attack,Yes
2412,1,1,0.946596667563714,-0.08156376332044601,-2.956563711166382,attack,Yes
2413,1,0,0.0052201245908951935,-5.289255619049072,-0.03925540670752525,attack,No
2414,1,1,0.7772998611746911,-0.2723900079727173,-1.5223900079727173,attack,Yes
2415,1,0,0.18242553269617778,-1.7369673252105713,-0.23696738481521606,attack,No
2416,1,0,0.08509904964767095,-2.501199245452881,-0.12619930505752563,attack,No
2417,1,1,0.9525741264858409,-0.05816245824098587,-3.0581624507904053,attack,Yes
2418,1,1,0.5926665999540697,-0.5764505863189697,-0.9514505863189697,attack,Yes
2419,1,1,0.9740426403532982,-0.03359828144311905,-3.6585981845855713,attack,Yes
2420,1,1,0.5312093733737563,-0.6499677896499634,-0.7749677896499634,attack,Yes
2421,1,0,0.012431653322918172,-4.443703651428223,-0.06870385259389877,attack,No
2422,1,1,0.9840936068011942,-0.024155711755156517,-4.149155616760254,attack,Yes
2423,1,1,0.9859363745580373,-0.022239569574594498,-4.272239685058594,attack,Yes
2424,1,1,0.939913350667554,-0.07487152516841888,-2.82487154006958,attack,Yes
2425,1,0,0.10669059820623795,-2.2816991806030273,-0.15669922530651093,attack,No
2426,1,0,0.07585817218654307,-2.6092331409454346,-0.10923302918672562,attack,No
2427,1,1,0.9859363696767071,-0.021286247298121452,-4.2712860107421875,attack,Yes
2428,1,1,0.5312093733737563,-0.6703544855117798,-0.7953544855117798,attack,Yes
2429,1,0,0.2018132174596823,-1.6311829090118408,-0.25618287920951843,attack,No
2430,1,1,0.8670357512127872,-0.16287477314472198,-2.037874698638916,attack,Yes
2431,1,1,0.9149009642742806,-0.11307799816131592,-2.4880781173706055,attack,Yes
2432,1,1,0.6224593312018546,-0.5326722860336304,-1.0326722860336304,attack,Yes
2433,1,0,0.14804719991116141,-1.9395045042037964,-0.18950451910495758,attack,No
2434,1,1,0.880797071719777,-0.14914637804031372,-2.149146318435669,attack,Yes
2435,1,1,0.7549149868676283,-0.3117239475250244,-1.4367239475250244,attack,Yes
2436,1,0,0.18242552158390105,-1.7224619388580322,-0.22246192395687103,attack,No
2437,1,1,0.7310585727705126,-0.3662540018558502,-1.3662539720535278,attack,Yes
2438,1,0,0.3208213138121609,-1.1693987846374512,-0.41939884424209595,attack,No
2439,1,1,0.6224593312018546,-0.5127151012420654,-1.0127151012420654,attack,Yes
2440,1,0,0.10669058826486906,-2.2917826175689697,-0.16678255796432495,attack,No
2441,1,1,0.7981867729389246,-0.26083579659461975,-1.6358357667922974,attack,Yes
2442,1,1,0.9933071480850776,-0.015673309564590454,-5.0156731605529785,attack,Yes
2443,1,0,0.022977368488305953,-3.8002963066101074,-0.05029624328017235,attack,No
2444,1,1,0.924141817889503,-0.09136179089546204,-2.5913617610931396,attack,Yes
2445,1,1,0.9149009625340367,-0.10621657222509384,-2.4812166690826416,attack,Yes
2446,1,1,0.8670357580842941,-0.1668255478143692,-2.041825532913208,attack,Yes
2447,1,1,0.7981867849406659,-0.23961623013019562,-1.6146162748336792,attack,Yes
2448,1,0,0.20181322226037882,-1.6252840757369995,-0.2502840757369995,attack,No
2449,1,0,0.007577239474994629,-4.945904731750488,-0.07090449333190918,attack,No
2450,1,0,0.29421497216298875,-1.2395942211151123,-0.3645942211151123,attack,No
2451,1,1,0.5926665999540697,-0.5642944574356079,-0.9392944574356079,attack,Yes
2452,1,0,0.4378234991142019,-0.862896740436554,-0.612896740436554,attack,No
2453,1,0,0.2018132198600306,-1.6238479614257812,-0.24884794652462006,attack,No
2454,1,0,0.3486451488696663,-1.1002604961395264,-0.47526055574417114,attack,No
2455,1,1,0.8670357546485407,-0.15749530494213104,-2.0324952602386475,attack,Yes
2456,1,1,0.6513548646660542,-0.4684807062149048,-1.0934807062149048,attack,Yes
2457,1,1,0.8175744850834649,-0.2335185408592224,-1.7335186004638672,attack,Yes
2458,1,0,0.32082130731838393,-1.1649428606033325,-0.4149428904056549,attack,No
2459,1,0,0.4073334000459302,-0.9230533838272095,-0.5480533838272095,attack,No
2460,1,1,0.977022630759019,-0.030659407377243042,-3.7806594371795654,attack,Yes
2461,1,1,0.6513548511303336,-0.47306591272354126,-1.0980658531188965,attack,Yes
2462,1,0,0.14804719991116141,-1.9524157047271729,-0.20241571962833405,attack,No
2463,1,1,0.8670357615200474,-0.15901754796504974,-2.034017562866211,attack,Yes
2464,1,0,0.4378234991142019,-0.8636744022369385,-0.6136744022369385,attack,No
2465,1,0,0.5,-0.7127528190612793,-0.7127528190612793,attack,No
2466,1,1,0.5621765008857981,-0.6252925395965576,-0.8752925395965576,attack,Yes
2467,1,1,0.8519528057272543,-0.18006321787834167,-1.930063247680664,attack,Yes
2468,1,0,0.09534946361376598,-2.377676010131836,-0.12767599523067474,attack,No
2469,1,0,0.24508500761839525,-1.432129144668579,-0.3071291148662567,attack,No
2470,1,0,0.46879062662624377,-0.8002638220787048,-0.6752638220787048,attack,No
2471,1,0,0.46879062662624377,-0.8057501912117004,-0.6807501912117004,attack,No
2472,1,0,0.07585818837825822,-2.6132450103759766,-0.11324512958526611,attack,No
2473,1,0,0.13296423504419938,-2.0713818073272705,-0.19638176262378693,attack,No
2474,1,1,0.8933094074745443,-0.12309812009334564,-2.248098134994507,attack,Yes
2475,1,0,0.03308597981882656,-3.478825330734253,-0.10382537543773651,attack,No
2476,1,1,0.914900957313305,-0.1134013831615448,-2.488401412963867,attack,Yes
2477,1,1,0.8175744806385543,-0.22364076972007751,-1.7236407995224,attack,Yes
2478,1,1,0.9706877685066733,-0.04768040403723717,-3.547680377960205,attack,Yes
2479,1,0,0.4073334000459302,-0.9637395143508911,-0.5887395143508911,attack,No
2480,1,1,0.7981867825403176,-0.2636995017528534,-1.6386995315551758,attack,Yes
2481,1,1,0.9525741241296944,-0.06267672777175903,-3.0626766681671143,attack,Yes
2482,1,1,0.7310585786300049,-0.33162569999694824,-1.3316256999969482,attack,Yes
2483,1,1,0.9465966666221204,-0.059728216379880905,-2.9347281455993652,attack,Yes
2484,1,1,0.9525741274956179,-0.06873701512813568,-3.068737030029297,attack,Yes
2485,1,1,0.9978172838224005,-0.010931368917226791,-6.135931491851807,attack,Yes
2486,1,1,0.6513548782017746,-0.47931283712387085,-1.1043128967285156,attack,Yes
2487,1,0,0.1480472055495773,-1.9554774761199951,-0.2054775357246399,attack,No
2488,1,1,0.974042641766128,-0.038564007729291916,-3.6635639667510986,attack,Yes
2489,1,1,0.6224593312018546,-0.526415228843689,-1.026415228843689,attack,Yes
2490,1,1,0.7772998663336157,-0.28477224707603455,-1.534772276878357,attack,Yes
2491,1,1,0.7549149813536518,-0.3152506649494171,-1.4402506351470947,attack,Yes
2492,1,1,0.798186768138228,-0.26600128412246704,-1.6410012245178223,attack,Yes
2493,1,0,0.02033235156176603,-3.9391989707946777,-0.06419888138771057,attack,No
2494,1,0,0.02595735757455145,-3.7003326416015625,-0.0753326565027237,attack,No
2495,1,0,0.1645164628965632,-1.8413186073303223,-0.21631860733032227,attack,No
2496,1,1,0.6791786926816161,-0.41232481598854065,-1.1623247861862183,attack,Yes
2497,1,1,0.798186768138228,-0.25962287187576294,-1.6346228122711182,attack,Yes
2498,1,1,0.9149009619539553,-0.10312572121620178,-2.478125810623169,attack,Yes
2499,1,1,0.754914997895581,-0.29889482259750366,-1.4238948822021484,attack,Yes
2500,1,1,0.7772998508568416,-0.2874770760536194,-1.5374770164489746,attack,Yes
2501,1,1,0.8175744673038221,-0.21223431825637817,-1.7122342586517334,attack,Yes
2502,1,0,0.2942149845400438,-1.2651617527008057,-0.39016181230545044,attack,No
2503,1,0,0.46879062662624377,-0.8001457452774048,-0.6751457452774048,attack,No
2504,1,1,0.9046505331728751,-0.11658694595098495,-2.366586923599243,attack,Yes
2505,1,1,0.932453315430128,-0.08399523794651031,-2.7089953422546387,attack,Yes
2506,1,0,0.2018132270610754,-1.6369837522506714,-0.2619837820529938,attack,No
2507,1,0,0.5,-0.714253842830658,-0.714253842830658,attack,No
2508,1,0,0.01590639357784294,-4.171969890594482,-0.04697000980377197,attack,No
2509,1,0,0.22270013882530884,-1.5371147394180298,-0.2871147394180298,attack,No
2510,1,1,0.7057850402140659,-0.365414559841156,-1.2404146194458008,attack,Yes
2511,1,1,0.9324533065140289,-0.08643011003732681,-2.711430072784424,attack,Yes
2512,1,1,0.7310585786300049,-0.3443012237548828,-1.3443012237548828,attack,Yes
2513,1,1,0.8670357615200474,-0.16460274159908295,-2.039602756500244,attack,Yes
2514,1,1,0.8933094103149354,-0.12982864677906036,-2.254828691482544,attack,Yes
2515,1,1,0.7549149868676283,-0.30947089195251465,-1.4344708919525146,attack,Yes
2516,1,0,0.22270014398423357,-1.5342192649841309,-0.28421929478645325,attack,No
2517,1,1,0.880797068590724,-0.15444836020469666,-2.1544482707977295,attack,Yes
2518,1,0,0.037326887879581695,-3.331955909729004,-0.0819559246301651,attack,No
2519,1,0,0.5,-0.7404109239578247,-0.7404109239578247,attack,No
2520,1,0,0.29421496597446145,-1.267637848854065,-0.39263781905174255,attack,No
2521,1,0,0.1480471980316895,-1.9368979930877686,-0.18689799308776855,attack,No
2522,1,1,0.5312093733737563,-0.6648050546646118,-0.7898050546646118,attack,Yes
2523,1,0,0.4073334000459302,-0.9315545558929443,-0.5565545558929443,attack,No
2524,1,0,0.042087725512577126,-3.1831696033477783,-0.058169543743133545,attack,No
2525,1,1,0.9324533036984186,-0.07952102273702621,-2.7045209407806396,attack,Yes
2526,1,1,0.987568349604172,-0.02164503186941147,-4.3966450691223145,attack,Yes
2527,1,1,0.7057850340255386,-0.40990468859672546,-1.2849047183990479,attack,Yes
2528,1,1,0.9046505421702796,-0.11499420553445816,-2.3649942874908447,attack,Yes
2529,1,1,0.9626731083722525,-0.052365899085998535,-3.302365779876709,attack,Yes
2530,1,0,0.3208213138121609,-1.1671538352966309,-0.41715389490127563,attack,No
2531,1,1,0.982013789544418,-0.02526858262717724,-4.0252685546875,attack,Yes
2532,1,1,0.6513548782017746,-0.4888462424278259,-1.1138463020324707,attack,Yes
2533,1,1,0.8519527944504226,-0.179387629032135,-1.9293875694274902,attack,Yes
2534,1,1,0.957912274637613,-0.05657070502638817,-3.1815707683563232,attack,Yes
2535,1,1,0.9241418152779357,-0.09058410674333572,-2.5905840396881104,attack,Yes
2536,1,0,0.014063626630011202,-4.313521862030029,-0.06352183222770691,attack,No
2537,1,1,0.9149009636941993,-0.09838021546602249,-2.4733803272247314,attack,Yes
2538,1,0,0.01798620877771485,-4.073625564575195,-0.07362549751996994,attack,No
2539,1,1,0.7772998508568416,-0.27245646715164185,-1.522456407546997,attack,Yes
2540,1,1,0.8354835432479661,-0.2092324048280716,-1.8342324495315552,attack,Yes
2541,1,1,0.880797068590724,-0.1501365602016449,-2.1501364707946777,attack,Yes
2542,1,0,0.029312229903390143,-3.584442138671875,-0.08444210886955261,attack,No
2543,1,1,0.5926665999540697,-0.5533379316329956,-0.9283379316329956,attack,Yes
2544,1,0,0.009708475621895678,-4.668944835662842,-0.043944746255874634,attack,No
2545,1,1,0.8933093961129795,-0.12543164193630219,-2.250431537628174,attack,Yes
2546,1,1,0.7981867777396212,-0.2417595386505127,-1.6167595386505127,attack,Yes
2547,1,1,0.851952809486198,-0.18621820211410522,-1.93621826171875,attack,Yes
2548,1,0,0.3208213138121609,-1.1722798347473145,-0.42227989435195923,attack,No
2549,1,0,0.4073334000459302,-0.9150252938270569,-0.5400252938270569,attack,No
2550,1,1,0.679178699175393,-0.40945208072662354,-1.1594520807266235,attack,Yes
2551,1,1,0.8519528057272543,-0.17980679869651794,-1.9298068284988403,attack,Yes
2552,1,0,0.06008665354025422,-2.8458549976348877,-0.09585505723953247,attack,No
2553,1,1,0.9241418126663687,-0.10031042993068695,-2.6003103256225586,attack,Yes
2554,1,0,0.005220125616178516,-5.294425964355469,-0.044425949454307556,attack,No
2555,1,0,0.26894141551050293,-1.3528326749801636,-0.3528326451778412,attack,No
2556,1,1,0.932453304167687,-0.08661039173603058,-2.7116103172302246,attack,Yes
2557,1,0,0.10669060388702058,-2.267624855041504,-0.14262495934963226,attack,No
2558,1,1,0.6224593171945417,-0.512266218662262,-1.0122661590576172,attack,Yes
2559,1,0,0.4378234991142019,-0.8650763630867004,-0.6150763630867004,attack,No
2560,1,0,0.22270013366638422,-1.559538722038269,-0.30953869223594666,attack,No
2561,1,1,0.5621765008857981,-0.612136960029602,-0.862136960029602,attack,Yes
2562,1,1,0.8175744673038221,-0.21891623735427856,-1.7189161777496338,attack,Yes
2563,1,1,0.9706877684006775,-0.03919866681098938,-3.539198637008667,attack,Yes
2564,1,0,0.010986941416197443,-4.554886817932129,-0.05488670617341995,attack,No
2565,1,0,0.03732688948593843,-3.3119890689849854,-0.06198912858963013,attack,No
2566,1,1,0.7549149923816048,-0.3098486363887787,-1.434848666191101,attack,Yes
2567,1,0,0.0021827164777991977,-6.171022891998291,-0.04602290689945221,attack,No
2568,1,1,0.8354835330070839,-0.2216062843799591,-1.8466062545776367,attack,Yes
2569,1,1,0.991422513683421,-0.0148306954652071,-4.764830589294434,attack,Yes
2570,1,1,0.914900959053549,-0.1055876687169075,-2.4805877208709717,attack,Yes
2571,1,0,0.3775406828054583,-1.016106128692627,-0.5161061882972717,attack,No
2572,1,0,0.0758581763650499,-2.62115478515625,-0.12115473300218582,attack,No
2573,1,0,0.017986212857234944,-4.048765659332275,-0.04876582324504852,attack,No
2574,1,1,0.7981867729389246,-0.24830833077430725,-1.6233083009719849,attack,Yes
2575,1,0,0.46879062662624377,-0.7777101993560791,-0.6527101993560791,attack,No
2576,1,0,0.1480471980316895,-1.9582436084747314,-0.20824360847473145,attack,No
2577,1,1,0.8354835350552604,-0.192992702126503,-1.8179926872253418,attack,Yes
2578,1,1,0.6791786926816161,-0.40703776478767395,-1.1570377349853516,attack,Yes
2579,1,1,0.8519527963298947,-0.18375258147716522,-1.9337525367736816,attack,Yes
2580,1,0,0.2942149597859341,-1.2768199443817139,-0.4018198847770691,attack,No
2581,1,1,0.9626731094431571,-0.04654225707054138,-3.296542167663574,attack,Yes
2582,1,1,0.9669140248290711,-0.051210541278123856,-3.426210641860962,attack,Yes
2583,1,0,0.29421497216298875,-1.251439094543457,-0.37643909454345703,attack,No
2584,1,1,0.9149009561531425,-0.10207580029964447,-2.4770758152008057,attack,Yes
2585,1,0,0.29421497216298875,-1.257988691329956,-0.38298869132995605,attack,No
2586,1,1,0.5926665999540697,-0.5460174083709717,-0.9210174083709717,attack,Yes
2587,1,1,0.8175744806385543,-0.21502861380577087,-1.7150286436080933,attack,Yes
2588,1,1,0.8519528019683106,-0.17669761180877686,-1.9266976118087769,attack,Yes
2589,1,1,0.8670357563664174,-0.16956284642219543,-2.044562816619873,attack,Yes
2590,1,0,0.22270013882530884,-1.5388681888580322,-0.2888681888580322,attack,No
2591,1,0,0.46879062662624377,-0.78889399766922,-0.66389399766922,attack,No
2592,1,1,0.7772998560157665,-0.2913816273212433,-1.541381597518921,attack,Yes
2593,1,1,0.880797081106935,-0.15218350291252136,-2.1521835327148438,attack,Yes
2594,1,1,0.9796676471767682,-0.026467058807611465,-3.9014670848846436,attack,Yes
2595,1,0,0.11920292202211755,-2.169708728790283,-0.1697087287902832,attack,No
2596,1,0,0.22270014914315833,-1.5341646671295166,-0.2841647267341614,attack,No
2597,1,0,0.09534945847239201,-2.392747402191162,-0.14274732768535614,attack,No
2598,1,1,0.8670357460591569,-0.15826857089996338,-2.033268451690674,attack,Yes
2599,1,0,0.03308597529010575,-3.4577572345733643,-0.0827571377158165,attack,No
2600,1,1,0.932453304167687,-0.08731897175312042,-2.7123188972473145,attack,Yes
2601,1,1,0.9324533126145177,-0.08123892545700073,-2.7062389850616455,attack,Yes
2602,1,1,0.8354835391516132,-0.20090113580226898,-1.8259011507034302,attack,Yes
2603,1,1,0.8354835289107309,-0.19117599725723267,-1.816175937652588,attack,Yes
2604,1,0,0.16451645880021026,-1.8275790214538574,-0.20257899165153503,attack,No
2605,1,1,0.7981867849406659,-0.24941308796405792,-1.6244131326675415,attack,Yes
2606,1,1,0.8807970858005139,-0.14593951404094696,-2.145939588546753,attack,Yes
2607,1,1,0.5926665999540697,-0.5549366474151611,-0.9299366474151611,attack,Yes
2608,1,1,0.6513548646660542,-0.4792979955673218,-1.1042979955673218,attack,Yes
2609,1,1,0.8807970842359877,-0.14040368795394897,-2.1404037475585938,attack,Yes
2610,1,1,0.5621765008857981,-0.6044211387634277,-0.8544211387634277,attack,Yes
2611,1,1,0.880797071719777,-0.14095216989517212,-2.1409521102905273,attack,Yes
2612,1,1,0.9706877723225209,-0.047352444380521774,-3.5473525524139404,attack,Yes
2613,1,1,0.7057850278370112,-0.36028552055358887,-1.2352855205535889,attack,Yes
2614,1,1,0.9914225153782766,-0.018850233405828476,-4.768850326538086,attack,Yes
2615,1,0,0.10669058826486906,-2.2713735103607178,-0.146373450756073,attack,No
2616,1,1,0.8670357615200474,-0.15741251409053802,-2.032412528991699,attack,Yes
2617,1,1,0.5926665999540697,-0.5711573958396912,-0.9461573958396912,attack,Yes
2618,1,0,0.34864513533394575,-1.0957648754119873,-0.4707648754119873,attack,No
2619,1,0,0.5,-0.7206745743751526,-0.7206745743751526,attack,No
2620,1,1,0.9046505312448597,-0.11043719947338104,-2.3604371547698975,attack,Yes
2621,1,1,0.9241418262465169,-0.0931490957736969,-2.593149185180664,attack,Yes
2622,1,1,0.7057850278370112,-0.3713177442550659,-1.246317744255066,attack,Yes
2623,1,0,0.32082129433083023,-1.164597749710083,-0.4145977199077606,attack,No
2624,1,1,0.8670357701094303,-0.16623464226722717,-2.0412347316741943,attack,Yes
2625,1,0,0.025957358233872005,-3.681248426437378,-0.05624846741557121,attack,No
2626,1,1,0.9399133527714579,-0.07834548503160477,-2.828345537185669,attack,Yes
2627,1,1,0.8519527982093668,-0.17360928654670715,-1.9236092567443848,attack,Yes
2628,1,0,0.4378234991142019,-0.8396182060241699,-0.5896182060241699,attack,No
2629,1,1,0.9924227584099835,-0.020499272271990776,-4.895499229431152,attack,Yes
2630,1,0,0.2942149783515162,-1.25065279006958,-0.37565281987190247,attack,No
2631,1,1,0.9770226320971079,-0.0389653742313385,-3.7889654636383057,attack,Yes
2632,1,1,0.754914997895581,-0.32169002294540405,-1.4466900825500488,attack,Yes
2633,1,1,0.9046505421702796,-0.1148621216416359,-2.3648622035980225,attack,Yes
2634,1,1,0.8519528000888387,-0.17213310301303864,-1.9221330881118774,attack,Yes
2635,1,1,0.9770226305917578,-0.033716656267642975,-3.7837166786193848,attack,Yes
2636,1,0,0.0600866447038573,-2.8499717712402344,-0.09997167438268661,attack,No
2637,1,0,0.02931223053936477,-3.564779281616211,-0.06477927416563034,attack,No
2638,1,1,0.9706877665987492,-0.04209098592400551,-3.542090892791748,attack,Yes
2639,1,1,0.7772998714925403,-0.285031259059906,-1.5350313186645508,attack,Yes
2640,1,0,0.005220125016484473,-5.304781436920166,-0.05478130653500557,attack,No
2641,1,0,0.11920291732853862,-2.156367063522339,-0.15636701881885529,attack,No
2642,1,0,0.32082130082460697,-1.159388780593872,-0.40938878059387207,attack,No
2643,1,1,0.9149009596336303,-0.1058613657951355,-2.4808614253997803,attack,Yes
2644,1,0,0.03308598172565655,-3.4529519081115723,-0.07795201241970062,attack,No
2645,1,0,0.04208772941751998,-3.2015726566314697,-0.07657269388437271,attack,No
2646,1,0,0.29421496597446145,-1.2449270486831665,-0.3699270188808441,attack,No
2647,1,1,0.8807970732843035,-0.15930871665477753,-2.159308671951294,attack,Yes
2648,1,0,0.20181322226037882,-1.6506699323654175,-0.2756699323654175,attack,No
2649,1,1,0.914900959053549,-0.09764570742845535,-2.4726457595825195,attack,Yes
2650,1,0,0.2942149783515162,-1.2862293720245361,-0.4112294018268585,attack,No
2651,1,1,0.5926665999540697,-0.5672904253005981,-0.9422904253005981,attack,Yes
2652,1,0,0.008577483893094128,-4.793415546417236,-0.043415367603302,attack,No
2653,1,1,0.754914997895581,-0.30528944730758667,-1.4302895069122314,attack,Yes
2654,1,1,0.984093609162886,-0.021037999540567398,-4.146038055419922,attack,Yes
2655,1,1,0.6513548646660542,-0.4758087396621704,-1.1008087396621704,attack,Yes
2656,1,0,0.4378234991142019,-0.8492729067802429,-0.5992729067802429,attack,No
2657,1,1,0.8670357666736773,-0.16397470235824585,-2.0389747619628906,attack,Yes
2658,1,1,0.7310585786300049,-0.37294209003448486,-1.3729420900344849,attack,Yes
2659,1,0,0.37754066879814546,-1.0394704341888428,-0.5394704341888428,attack,No
2660,1,0,0.29421497216298875,-1.2770520448684692,-0.40205204486846924,attack,No
2661,1,1,0.7772998714925403,-0.27435439825057983,-1.5243544578552246,attack,Yes
2662,1,0,0.4073334000459302,-0.92311030626297,-0.54811030626297,attack,No
2663,1,1,0.7772998508568416,-0.2835436463356018,-1.533543586730957,attack,Yes
2664,1,0,0.4073334000459302,-0.9562627077102661,-0.5812627077102661,attack,No
2665,1,0,0.2018132174596823,-1.6310129165649414,-0.256012886762619,attack,No
2666,1,0,0.0035936018077521114,-5.678168773651123,-0.053168557584285736,attack,No
2667,1,1,0.5926665999540697,-0.5623762011528015,-0.9373762011528015,attack,Yes
2668,1,1,0.9046505376715775,-0.11989161372184753,-2.36989164352417,attack,Yes
2669,1,1,0.8354835330070839,-0.19390025734901428,-1.818900227546692,attack,Yes
2670,1,1,0.5621765008857981,-0.6152553558349609,-0.8652553558349609,attack,Yes
2671,1,1,0.5926665999540697,-0.5459433794021606,-0.9209433794021606,attack,Yes
2672,1,1,0.9399133523506772,-0.0681738406419754,-2.818173885345459,attack,Yes
2673,1,1,0.8354835391516132,-0.20392392575740814,-1.8289239406585693,attack,Yes
2674,1,0,0.32082129433083023,-1.1660891771316528,-0.41608914732933044,attack,No
2675,1,1,0.9046505286741726,-0.11276324093341827,-2.3627631664276123,attack,Yes
2676,1,1,0.679178699175393,-0.4279900789260864,-1.1779900789260864,attack,Yes
2677,1,1,0.9875683507475663,-0.021774161607027054,-4.3967742919921875,attack,Yes
2678,1,0,0.14804719427274565,-1.926497220993042,-0.1764971911907196,attack,No
2679,1,1,0.7549149923816048,-0.3168240487575531,-1.4418240785598755,attack,Yes
2680,1,1,0.9046505299595163,-0.1265161633491516,-2.376516103744507,attack,Yes
2681,1,1,0.939913346038965,-0.0697518065571785,-2.819751739501953,attack,Yes
2682,1,0,0.14804720179063335,-1.9384723901748657,-0.1884724199771881,attack,No
2683,1,0,0.01798620858031874,-4.05253791809082,-0.052537839859724045,attack,No
2684,1,0,0.4073334000459302,-0.9212625622749329,-0.5462625622749329,attack,No
2685,1,0,0.4073334000459302,-0.9207980632781982,-0.5457980632781982,attack,No
2686,1,1,0.8354835452961425,-0.20540279150009155,-1.8304028511047363,attack,Yes
2687,1,0,0.5,-0.7272152900695801,-0.7272152900695801,attack,No
2688,1,0,0.16451646494473965,-1.830704927444458,-0.2057049423456192,attack,No
2689,1,0,0.06754668832401889,-2.7633278369903564,-0.13832779228687286,attack,No
2690,1,1,0.7057850216484838,-0.374993234872818,-1.2499932050704956,attack,Yes
2691,1,1,0.8807970701552504,-0.14564235508441925,-2.1456422805786133,attack,Yes
2692,1,0,0.16451646904109268,-1.834796667098999,-0.2097967118024826,attack,No
2693,1,1,0.6224593312018546,-0.4944041967391968,-0.9944041967391968,attack,Yes
2694,1,1,0.9241418205010697,-0.08945988863706589,-2.5894598960876465,attack,Yes
2695,1,1,0.8354835391516132,-0.21137450635433197,-1.8363745212554932,attack,Yes
2696,1,1,0.9706877712625634,-0.04122893884778023,-3.541229009628296,attack,Yes
2697,1,1,0.9626731094431571,-0.05392155051231384,-3.3039214611053467,attack,Yes
2698,1,1,0.6513548714339145,-0.49588093161582947,-1.1208809614181519,attack,Yes
2699,1,0,0.5,-0.7213333249092102,-0.7213333249092102,attack,No
2700,1,1,0.9399133468805266,-0.11176305264234543,-2.8617630004882812,attack,Yes
2701,1,1,0.9770226325152609,-0.03833974525332451,-3.788339853286743,attack,Yes
2702,1,1,0.7981867777396212,-0.24655556678771973,-1.6215555667877197,attack,Yes
2703,1,0,0.4073334000459302,-0.9233052730560303,-0.5483052730560303,attack,No
2704,1,1,0.9669140253057785,-0.039055947214365005,-3.4140560626983643,attack,Yes
2705,1,1,0.9626731089077046,-0.04427085816860199,-3.2942707538604736,attack,Yes
2706,1,1,0.9579122710330503,-0.05582263693213463,-3.1808226108551025,attack,Yes
2707,1,1,0.924141814233309,-0.09725888818502426,-2.5972588062286377,attack,Yes
2708,1,1,0.9324533163686646,-0.09368503093719482,-2.7186851501464844,attack,Yes
2709,1,0,0.5,-0.7281375527381897,-0.7281375527381897,attack,No
2710,1,1,0.952574123793102,-0.05959636718034744,-3.059596300125122,attack,Yes
2711,1,0,0.4378234991142019,-0.8482022881507874,-0.5982022881507874,attack,No
2712,1,1,0.9465966664338019,-0.07173235714435577,-2.94673228263855,attack,Yes
2713,1,0,0.4073334000459302,-0.942816436290741,-0.567816436290741,attack,No
2714,1,1,0.9399133536130195,-0.07655303925275803,-2.8265531063079834,attack,Yes
2715,1,0,0.04208772941751998,-3.194484233856201,-0.06948427110910416,attack,No
2716,1,0,0.06754668363133542,-2.7530570030212402,-0.12805688381195068,attack,No
2717,1,1,0.8670357494949105,-0.1575230062007904,-2.0325229167938232,attack,Yes
2718,1,1,0.952574123793102,-0.06288082152605057,-3.062880754470825,attack,Yes
2719,1,1,0.9770226315953247,-0.032636575400829315,-3.7826366424560547,attack,Yes
2720,1,1,0.7772998714925403,-0.2761072516441345,-1.5261073112487793,attack,Yes
2721,1,0,0.5,-0.7170304656028748,-0.7170304656028748,attack,No
2722,1,1,0.9324533107374443,-0.09050843119621277,-2.715508460998535,attack,Yes
2723,1,1,0.9324533032291502,-0.08456644415855408,-2.709566354751587,attack,Yes
2724,1,0,0.4378234991142019,-0.8694602251052856,-0.6194602251052856,attack,No
2725,1,1,0.9399133494052115,-0.08325458317995071,-2.83325457572937,attack,Yes
2726,1,1,0.7772998663336157,-0.2721939980983734,-1.5221940279006958,attack,Yes
2727,1,1,0.5312093733737563,-0.6868978142738342,-0.8118978142738342,attack,Yes
2728,1,0,0.4073334000459302,-0.930820882320404,-0.555820882320404,attack,No
2729,1,1,0.7772998611746911,-0.27748727798461914,-1.5274872779846191,attack,Yes
2730,1,1,0.8175744806385543,-0.22369644045829773,-1.7236964702606201,attack,Yes
2731,1,1,0.9399133489844308,-0.06848646700382233,-2.818486452102661,attack,Yes
2732,1,1,0.9465966762263737,-0.062122225761413574,-2.937122344970703,attack,Yes
2733,1,1,0.9525741217735477,-0.06282316893339157,-3.0628230571746826,attack,Yes
2734,1,0,0.0850990438468576,-2.4975810050964355,-0.12258099019527435,attack,No
2735,1,0,0.4378234991142019,-0.8711031079292297,-0.6211031079292297,attack,No
2736,1,1,0.9890130580575643,-0.022667821496725082,-4.52266788482666,attack,Yes
2737,1,1,0.990291523805052,-0.022899121046066284,-4.647899150848389,attack,Yes
2738,1,1,0.9706877662807619,-0.04434977471828461,-3.5443496704101562,attack,Yes
2739,1,0,0.02931222820745785,-3.5753798484802246,-0.07537975907325745,attack,No
2740,1,1,0.8519528038477825,-0.18874429166316986,-1.938744306564331,attack,Yes
2741,1,1,0.5926665999540697,-0.5434161424636841,-0.9184161424636841,attack,Yes
2742,1,1,0.9579122743372327,-0.06238478794693947,-3.187384843826294,attack,Yes
2743,1,1,0.9465966698235384,-0.06487513333559036,-2.9398751258850098,attack,Yes
2744,1,0,0.3775406547908327,-1.0206761360168457,-0.5206760764122009,attack,No
2745,1,1,0.939913354875362,-0.0750531256198883,-2.8250532150268555,attack,Yes
2746,1,0,0.2689414096510108,-1.341010570526123,-0.34101051092147827,attack,No
2747,1,1,0.5926665999540697,-0.5430855751037598,-0.9180855751037598,attack,Yes
2748,1,0,0.22270013882530884,-1.5522905588150024,-0.30229055881500244,attack,No
2749,1,0,0.0040701384407312935,-5.548901081085205,-0.048901259899139404,attack,No
2750,1,1,0.952574130693245,-0.06000319495797157,-3.0600032806396484,attack,Yes
2751,1,1,0.9940889320193674,-0.014903396368026733,-5.139903545379639,attack,Yes
2752,1,1,0.9579122693809591,-0.049698419868946075,-3.1746983528137207,attack,Yes
2753,1,0,0.4378234991142019,-0.8543403148651123,-0.6043403148651123,attack,No
2754,1,1,0.7981867849406659,-0.24626775085926056,-1.6212677955627441,attack,Yes
2755,1,1,0.5926665999540697,-0.5942993760108948,-0.9692993760108948,attack,Yes
2756,1,1,0.8807970842359877,-0.15634101629257202,-2.156341075897217,attack,Yes
2757,1,1,0.5312093733737563,-0.678584098815918,-0.803584098815918,attack,Yes
2758,1,1,0.9626731109156508,-0.0561864860355854,-3.3061864376068115,attack,Yes
2759,1,1,0.7772998611746911,-0.2692997455596924,-1.5192997455596924,attack,Yes
2760,1,1,0.7310585903489892,-0.35866492986679077,-1.3586649894714355,attack,Yes
2761,1,1,0.5312093733737563,-0.6611223220825195,-0.7861223220825195,attack,Yes
2762,1,0,0.3486451217982255,-1.118018388748169,-0.49301832914352417,attack,No
2763,1,1,0.9046505370289059,-0.11270210891962051,-2.3627021312713623,attack,Yes
2764,1,1,0.9820137920118697,-0.031907446682453156,-4.031907558441162,attack,Yes
2765,1,0,0.060086652698692546,-2.856492519378662,-0.10649256408214569,attack,No
2766,1,1,0.7057850402140659,-0.3886956572532654,-1.2636957168579102,attack,Yes
2767,1,1,0.6791786926816161,-0.41477063298225403,-1.1647706031799316,attack,Yes
2768,1,1,0.9525741313664297,-0.05993976071476936,-3.0599398612976074,attack,Yes
2769,1,1,0.9859363754619872,-0.019884882494807243,-4.269885063171387,attack,Yes
2770,1,0,0.3486451421018059,-1.073926329612732,-0.4489263594150543,attack,No
2771,1,1,0.7057850154599563,-0.38412004709243774,-1.259119987487793,attack,Yes
2772,1,1,0.9241418220680101,-0.09291860461235046,-2.592918634414673,attack,Yes
2773,1,1,0.5312093733737563,-0.7068604826927185,-0.8318604826927185,attack,Yes
2774,1,1,0.8354835411997897,-0.2140701711177826,-1.839070200920105,attack,Yes
2775,1,1,0.5926665999540697,-0.545646607875824,-0.920646607875824,attack,Yes
2776,1,0,0.008577486205700558,-4.808751106262207,-0.05875119939446449,attack,No
2777,1,1,0.8519528000888387,-0.18031777441501617,-1.930317759513855,attack,Yes
2778,1,1,0.5621765008857981,-0.610027551651001,-0.860027551651001,attack,Yes
2779,1,1,0.6513548782017746,-0.4549359679222107,-1.0799360275268555,attack,Yes
2780,1,1,0.5621765008857981,-0.6133209466934204,-0.8633209466934204,attack,Yes
2781,1,1,0.9796676479930108,-0.03109019249677658,-3.906090259552002,attack,Yes
2782,1,0,0.5,-0.7422161102294922,-0.7422161102294922,attack,No
2783,1,1,0.9046505286741726,-0.1230819970369339,-2.373081922531128,attack,Yes
2784,1,1,0.8354835371034369,-0.2046118974685669,-1.829611897468567,attack,Yes
2785,1,0,0.4073334000459302,-0.9308263063430786,-0.5558263063430786,attack,No
2786,1,1,0.817574471748733,-0.22890940308570862,-1.7289093732833862,attack,Yes
2787,1,0,0.37754066879814546,-1.0038267374038696,-0.5038267374038696,attack,No
2788,1,1,0.5312093733737563,-0.6888664960861206,-0.8138664960861206,attack,Yes
2789,1,1,0.9740426419545052,-0.03708604350686073,-3.662086009979248,attack,Yes
2790,1,0,0.4073334000459302,-0.9344262480735779,-0.5594262480735779,attack,No
2791,1,1,0.9525741231199173,-0.057851873338222504,-3.057851791381836,attack,Yes
2792,1,1,0.7310585903489892,-0.34402912855148315,-1.344029188156128,attack,Yes
2793,1,0,0.34864513533394575,-1.0736943483352661,-0.4486943483352661,attack,No
2794,1,1,0.9046505286741726,-0.11177904903888702,-2.361778974533081,attack,Yes
2795,1,0,0.37754066879814546,-1.0331742763519287,-0.5331742763519287,attack,No
2796,1,0,0.4378234991142019,-0.8646091818809509,-0.6146091818809509,attack,No
2797,1,1,0.651354857898194,-0.4639418423175812,-1.0889418125152588,attack,Yes
2798,1,1,0.9796676459153025,-0.034304179251194,-3.909304141998291,attack,Yes
2799,1,1,0.6791786926816161,-0.42180708050727844,-1.171807050704956,attack,Yes
2800,1,1,0.7549149813536518,-0.33006158471107483,-1.4550615549087524,attack,Yes
2801,1,0,0.46879062662624377,-0.7848425507545471,-0.6598425507545471,attack,No
2802,1,1,0.798186768138228,-0.271367609500885,-1.6463675498962402,attack,Yes
2803,1,1,0.5621765008857981,-0.6245041489601135,-0.8745041489601135,attack,Yes
2804,1,1,0.9241418278134569,-0.08981312066316605,-2.589813232421875,attack,Yes
2805,1,1,0.5312093733737563,-0.652388870716095,-0.777388870716095,attack,Yes
2806,1,1,0.9796676470654624,-0.028965214267373085,-3.9039652347564697,attack,Yes
2807,1,1,0.5312093733737563,-0.6593801379203796,-0.7843801379203796,attack,Yes
2808,1,1,0.966914024948248,-0.04708851873874664,-3.422088623046875,attack,Yes
2809,1,1,0.9465966739665496,-0.0676976889371872,-2.942697763442993,attack,Yes
2810,1,1,0.5621765008857981,-0.6246032118797302,-0.8746032118797302,attack,Yes
2811,1,1,0.9241418252018903,-0.09379379451274872,-2.5937938690185547,attack,Yes
2812,1,1,0.6513548646660542,-0.47163236141204834,-1.0966323614120483,attack,Yes
2813,1,1,0.9740426436499009,-0.03407999500632286,-3.6590800285339355,attack,Yes
2814,1,0,0.37754066879814546,-1.0060980319976807,-0.5060980319976807,attack,No
2815,1,1,0.7981867777396212,-0.2578796148300171,-1.632879614830017,attack,Yes
2816,1,1,0.7057850278370112,-0.37041211128234863,-1.2454121112823486,attack,Yes
2817,1,1,0.6513548714339145,-0.4713887870311737,-1.096388816833496,attack,Yes
2818,1,1,0.8933094074745443,-0.12492917478084564,-2.249929189682007,attack,Yes
2819,1,0,0.03732688627322502,-3.36661434173584,-0.11661431193351746,attack,No
2820,1,1,0.6513548714339145,-0.4619790017604828,-1.0869790315628052,attack,Yes
2821,1,1,0.9241418267688303,-0.09471788257360458,-2.5947179794311523,attack,Yes
2822,1,1,0.8807970858005139,-0.15170066058635712,-2.151700735092163,attack,Yes
2823,1,0,0.1329642264548166,-2.0384135246276855,-0.163413405418396,attack,No
2824,1,1,0.7310585786300049,-0.3443267345428467,-1.3443267345428467,attack,Yes
2825,1,0,0.4073334000459302,-0.9526427984237671,-0.5776427984237671,attack,No
2826,1,1,0.7772998663336157,-0.2853258550167084,-1.5353258848190308,attack,Yes
2827,1,1,0.8807970842359877,-0.1487247347831726,-2.1487247943878174,attack,Yes
2828,1,1,0.904650536386234,-0.10757993161678314,-2.3575799465179443,attack,Yes
2829,1,1,0.8354835350552604,-0.1965402513742447,-1.8215402364730835,attack,Yes
2830,1,1,0.6791786926816161,-0.4226600229740143,-1.172659993171692,attack,Yes
2831,1,1,0.7310585786300049,-0.3358646631240845,-1.3358646631240845,attack,Yes
2832,1,1,0.9241418241572634,-0.10035604238510132,-2.600356101989746,attack,Yes
2833,1,1,0.9324533102681759,-0.08538363128900528,-2.710383653640747,attack,Yes
2834,1,1,0.8175744761936437,-0.22680258750915527,-1.7268025875091553,attack,Yes
2835,1,1,0.9740426412951848,-0.04020458459854126,-3.6652045249938965,attack,Yes
2836,1,1,0.9626731145299533,-0.04420847445726395,-3.294208526611328,attack,Yes
2837,1,1,0.8670357563664174,-0.16536477208137512,-2.0403647422790527,attack,Yes
2838,1,0,0.2689414272294874,-1.414034366607666,-0.4140343964099884,attack,No
2839,1,1,0.9465966668104392,-0.06938106566667557,-2.94438099861145,attack,Yes
2840,1,0,0.4378234991142019,-0.8865932822227478,-0.6365932822227478,attack,No
2841,1,1,0.893309401793762,-0.136139914393425,-2.2611398696899414,attack,Yes
2842,1,1,0.7310585903489892,-0.33690494298934937,-1.3369050025939941,attack,Yes
2843,1,1,0.9796676485495397,-0.03123798407614231,-3.906238079071045,attack,Yes
2844,1,1,0.8933094074745443,-0.1349470466375351,-2.2599470615386963,attack,Yes
2845,1,0,0.37754066879814546,-1.0064711570739746,-0.5064711570739746,attack,No
2846,1,1,0.9902915233215392,-0.021274110302329063,-4.646274089813232,attack,Yes
2847,1,1,0.6791786926816161,-0.41940250992774963,-1.1694024801254272,attack,Yes
2848,1,1,0.9626731149315425,-0.04558461531996727,-3.2955846786499023,attack,Yes
2849,1,0,0.22270013366638422,-1.5137579441070557,-0.2637579143047333,attack,No
2850,1,0,0.2689414330889798,-1.3581573963165283,-0.3581574559211731,attack,No
2851,1,0,0.5,-0.7405117750167847,-0.7405117750167847,attack,No
2852,1,0,0.4378234991142019,-0.8665060997009277,-0.6165060997009277,attack,No
2853,1,1,0.9820137928343533,-0.026226362213492393,-4.02622652053833,attack,Yes
2854,1,0,0.16451645675203383,-1.8455679416656494,-0.22056789696216583,attack,No
2855,1,0,0.5,-0.7164174318313599,-0.7164174318313599,attack,No
2856,1,0,0.2942149783515162,-1.257854700088501,-0.38285472989082336,attack,No
2857,1,1,0.7981867825403176,-0.2754532992839813,-1.6504533290863037,attack,Yes
2858,1,1,0.9669140238756562,-0.056826282292604446,-3.43182635307312,attack,Yes
2859,1,1,0.7310585727705126,-0.34539714455604553,-1.3453971147537231,attack,Yes
2860,1,0,0.13296423160844623,-2.0410268306732178,-0.1660267561674118,attack,No
2861,1,1,0.952574130524949,-0.05866137892007828,-3.058661460876465,attack,Yes
2862,1,1,0.8354835330070839,-0.23109355568885803,-1.8560935258865356,attack,Yes
2863,1,0,0.16451646494473965,-1.8310495615005493,-0.2060495764017105,attack,No
2864,1,0,0.11920291732853862,-2.154419183731079,-0.15441913902759552,attack,No
2865,1,1,0.7549149813536518,-0.2993909418582916,-1.4243909120559692,attack,Yes
2866,1,1,0.9324533074525657,-0.08056595176458359,-2.705565929412842,attack,Yes
2867,1,1,0.9706877688246606,-0.03629542887210846,-3.5362954139709473,attack,Yes
2868,1,1,0.8354835350552604,-0.21828950941562653,-1.8432894945144653,attack,Yes
2869,1,1,0.8807970779778823,-0.1459662914276123,-2.1459662914276123,attack,Yes
2870,1,1,0.8670357563664174,-0.1581723988056183,-2.033172369003296,attack,Yes
2871,1,0,0.04742587654349034,-3.087540626525879,-0.08754070103168488,attack,No
2872,1,0,0.4073334000459302,-0.9349666237831116,-0.5599666237831116,attack,No
2873,1,1,0.8175744673038221,-0.2146950364112854,-1.7146949768066406,attack,Yes
2874,1,1,0.7057850216484838,-0.3843442499637604,-1.259344220161438,attack,Yes
2875,1,1,0.8519528057272543,-0.17155799269676208,-1.9215580224990845,attack,Yes
2876,1,1,0.9933071485865879,-0.012292458675801754,-5.012292385101318,attack,Yes
2877,1,0,0.18242553269617778,-1.7531540393829346,-0.25315409898757935,attack,No
2878,1,0,0.014063629316034177,-4.299003601074219,-0.04900376498699188,attack,No
2879,1,1,0.8933093946927838,-0.12346422672271729,-2.2484641075134277,attack,Yes
2880,1,1,0.7772998560157665,-0.2870892584323883,-1.537089228630066,attack,Yes
2881,1,0,0.2689414272294874,-1.3697670698165894,-0.36976709961891174,attack,No
2882,1,0,0.24508502416032488,-1.4554176330566406,-0.3304176926612854,attack,No
2883,1,1,0.904650530602188,-0.10985975712537766,-2.3598597049713135,attack,Yes
2884,1,1,0.914900957313305,-0.11070701479911804,-2.4857070446014404,attack,Yes
2885,1,0,0.05340332678672523,-2.960041046142578,-0.08504098653793335,attack,No
2886,1,1,0.8519528019683106,-0.1716303825378418,-1.9216303825378418,attack,Yes
2887,1,1,0.6224593312018546,-0.5342761278152466,-1.0342761278152466,attack,Yes
2888,1,1,0.5621765008857981,-0.6198590993881226,-0.8698590993881226,attack,Yes
2889,1,1,0.7772998611746911,-0.27961742877960205,-1.529617428779602,attack,Yes
2890,1,1,0.5926665999540697,-0.5722057819366455,-0.9472057819366455,attack,Yes
2891,1,1,0.5312093733737563,-0.6843569874763489,-0.8093569874763489,attack,Yes
2892,1,1,0.9324533135530545,-0.08241908252239227,-2.7074191570281982,attack,Yes
2893,1,0,0.24508502416032488,-1.442108154296875,-0.3171082139015198,attack,No
2894,1,0,0.007577241407928499,-4.906696796417236,-0.03169681504368782,attack,No
2895,1,0,0.09534947004048376,-2.4187631607055664,-0.16876322031021118,attack,No
2896,1,1,0.5621765008857981,-0.6090697646141052,-0.8590697646141052,attack,Yes
2897,1,1,0.9626731153331315,-0.045538827776908875,-3.295538902282715,attack,Yes
2898,1,1,0.6513548782017746,-0.47108548879623413,-1.096085548400879,attack,Yes
2899,1,0,0.10669060104662924,-2.335812568664551,-0.21081264317035675,attack,No
2900,1,1,0.9626731151992686,-0.052544284611940384,-3.302544355392456,attack,Yes
2901,1,1,0.9046505299595163,-0.11172372102737427,-2.3617236614227295,attack,Yes
2902,1,0,0.24508501313237172,-1.4566936492919922,-0.3316936492919922,attack,No
2903,1,1,0.95791227073267,-0.06028393283486366,-3.185283899307251,attack,Yes
2904,1,0,0.2689414272294874,-1.3287173509597778,-0.3287173807621002,attack,No
2905,1,1,0.9046505428129514,-0.12373128533363342,-2.3737313747406006,attack,Yes
2906,1,1,0.9149009544128985,-0.11154342442750931,-2.4865434169769287,attack,Yes
2907,1,0,0.07585818054355695,-2.616246223449707,-0.11624623090028763,attack,No
2908,1,1,0.7057850340255386,-0.38209912180900574,-1.2570991516113281,attack,Yes
2909,1,0,0.08509904326677628,-2.4941346645355225,-0.11913464218378067,attack,No
2910,1,1,0.914900961373874,-0.10430804640054703,-2.4793081283569336,attack,Yes
2911,1,1,0.6791786926816161,-0.4122965633869171,-1.1622965335845947,attack,Yes
2912,1,1,0.9046505254608136,-0.11711322516202927,-2.3671131134033203,attack,Yes
2913,1,1,0.8519528076067262,-0.17886801064014435,-1.928868055343628,attack,Yes
2914,1,1,0.989013056094291,-0.019174693152308464,-4.519174575805664,attack,Yes
2915,1,0,0.06754669583231304,-2.7255070209503174,-0.10050709545612335,attack,No
2916,1,1,0.5312093733737563,-0.6659225225448608,-0.7909225225448608,attack,Yes
2917,1,1,0.9465966671870767,-0.06496673822402954,-2.9399666786193848,attack,Yes
2918,1,1,0.8807970873650403,-0.13575926423072815,-2.1357593536376953,attack,Yes
2919,1,0,0.4073334000459302,-0.9529432654380798,-0.5779432654380798,attack,No
2920,1,1,0.7981867825403176,-0.26904937624931335,-1.6440494060516357,attack,Yes
2921,1,0,0.08509903920620716,-2.4855668544769287,-0.11056677997112274,attack,No
2922,1,1,0.8519527982093668,-0.1837177574634552,-1.9337177276611328,attack,Yes
2923,1,1,0.7981867825403176,-0.26901885867118835,-1.6440188884735107,attack,Yes
2924,1,1,0.9669140187510509,-0.04257354140281677,-3.4175734519958496,attack,Yes
2925,1,1,0.8175744761936437,-0.21525394916534424,-1.7152539491653442,attack,Yes
2926,1,0,0.0059110674990464,-5.1874895095825195,-0.06248927861452103,attack,No
2927,1,0,0.01098694064708021,-4.5548014640808105,-0.05480128154158592,attack,No
2928,1,0,0.37754066879814546,-1.0096708536148071,-0.5096708536148071,attack,No
2929,1,1,0.7549149868676283,-0.3047959804534912,-1.4297959804534912,attack,Yes
2930,1,1,0.9740426457220511,-0.04377782717347145,-3.6687779426574707,attack,Yes
2931,1,1,0.6224593312018546,-0.5152484178543091,-1.015248417854309,attack,Yes
2932,1,1,0.904650527388829,-0.1191318929195404,-2.3691318035125732,attack,Yes
2933,1,0,0.46879062662624377,-0.7955415844917297,-0.6705415844917297,attack,No
2934,1,1,0.9840936053725161,-0.029329009354114532,-4.1543288230896,attack,Yes
2935,1,1,0.9149009491921662,-0.10864932835102081,-2.483649253845215,attack,Yes
2936,1,1,0.8519527963298947,-0.1869075745344162,-1.9369075298309326,attack,Yes
2937,1,1,0.904650530602188,-0.12154751271009445,-2.3715474605560303,attack,Yes
2938,1,1,0.9525741320396142,-0.059504155069589615,-3.059504270553589,attack,Yes
2939,1,0,0.04208772611333754,-3.223538637161255,-0.0985385924577713,attack,No
2940,1,1,0.5621765008857981,-0.6208800077438354,-0.8708800077438354,attack,Yes
2941,1,1,0.9046505280315009,-0.12246140092611313,-2.3724613189697266,attack,Yes
2942,1,1,0.6791786926816161,-0.41945305466651917,-1.1694530248641968,attack,Yes
2943,1,1,0.9465966728366375,-0.06603211909532547,-2.9410321712493896,attack,Yes
2944,1,0,0.07585818524437762,-2.602729320526123,-0.10272939503192902,attack,No
2945,1,1,0.5312093733737563,-0.6847614645957947,-0.8097614645957947,attack,Yes
2946,1,0,0.26894141551050293,-1.3523589372634888,-0.3523589074611664,attack,No
2947,1,0,0.05340332829327471,-2.9511077404022217,-0.07610771059989929,attack,No
2948,1,0,0.46879062662624377,-0.791086733341217,-0.666086733341217,attack,No
2949,1,1,0.6791787056691698,-0.4257182776927948,-1.1757183074951172,attack,Yes
2950,1,1,0.7310585903489892,-0.33763450384140015,-1.337634563446045,attack,Yes
2951,1,1,0.8670357701094303,-0.15673723816871643,-2.0317373275756836,attack,Yes
2952,1,0,0.4378234991142019,-0.8426095843315125,-0.5926095843315125,attack,No
2953,1,1,0.8933094145755219,-0.15590444207191467,-2.280904531478882,attack,Yes
2954,1,1,0.9796676470283605,-0.028900127857923508,-3.903900146484375,attack,Yes
2955,1,1,0.6513548714339145,-0.4601822793483734,-1.0851823091506958,attack,Yes
2956,1,1,0.9626731123881445,-0.0529785230755806,-3.302978515625,attack,Yes
2957,1,1,0.8519527982093668,-0.18939819931983948,-1.939398169517517,attack,Yes
2958,1,1,0.9626731109156508,-0.04789905622601509,-3.297899007797241,attack,Yes
2959,1,1,0.9046505370289059,-0.11484692245721817,-2.36484694480896,attack,Yes
2960,1,1,0.8670357649558007,-0.1612226516008377,-2.0362226963043213,attack,Yes
2961,1,1,0.731058584489497,-0.32916495203971863,-1.329164981842041,attack,Yes
2962,1,1,0.8933094067644467,-0.12115716189146042,-2.246157169342041,attack,Yes
2963,1,0,0.042087729717900216,-3.2374093532562256,-0.11240939795970917,attack,No
2964,1,1,0.8933093989533708,-0.12946255505084991,-2.254462480545044,attack,Yes
2965,1,1,0.9706877725345124,-0.04357755556702614,-3.5435776710510254,attack,Yes
2966,1,1,0.904650536386234,-0.11046837270259857,-2.3604683876037598,attack,Yes
2967,1,1,0.7772998611746911,-0.2650108337402344,-1.5150108337402344,attack,Yes
2968,1,0,0.08509904500702024,-2.487663984298706,-0.11266398429870605,attack,No
2969,1,0,0.3208212878370535,-1.1884770393371582,-0.4384769797325134,attack,No
2970,1,1,0.9241418231126367,-0.09950633347034454,-2.599506378173828,attack,Yes
2971,1,1,0.9046505293168443,-0.1157718375325203,-2.365771770477295,attack,Yes
2972,1,1,0.9525741249711753,-0.05935172364115715,-3.059351682662964,attack,Yes
2973,1,1,0.8175744806385543,-0.231441468000412,-1.7314414978027344,attack,Yes
2974,1,1,0.7057850154599563,-0.3630405068397522,-1.2380404472351074,attack,Yes
2975,1,0,0.24508500761839525,-1.4313530921936035,-0.30635306239128113,attack,No
2976,1,1,0.9046505402422645,-0.11867707967758179,-2.3686771392822266,attack,Yes
2977,1,1,0.8354835350552604,-0.19556213915348053,-1.8205621242523193,attack,Yes
2978,1,1,0.5926665999540697,-0.5445672869682312,-0.9195672869682312,attack,Yes
2979,1,1,0.9626731101124724,-0.047297071665525436,-3.2972970008850098,attack,Yes
2980,1,1,0.9525741251394714,-0.06242040544748306,-3.06242036819458,attack,Yes
2981,1,1,0.8354835371034369,-0.20871317386627197,-1.833713173866272,attack,Yes
2982,1,1,0.9324533083911025,-0.08882427960634232,-2.7138242721557617,attack,Yes
2983,1,1,0.7549149868676283,-0.29831600189208984,-1.4233160018920898,attack,Yes
2984,1,0,0.3775406547908327,-1.0497875213623047,-0.5497874617576599,attack,No
2985,1,1,0.6224593312018546,-0.5131489038467407,-1.0131489038467407,attack,Yes
2986,1,0,0.16451645675203383,-1.8304105997085571,-0.20541055500507355,attack,No
2987,1,0,0.07585818002124356,-2.6125519275665283,-0.11255192756652832,attack,No
2988,1,1,0.817574478416099,-0.22175393998622894,-1.7217539548873901,attack,Yes
2989,1,0,0.02595735682104226,-3.7000980377197266,-0.07509802281856537,attack,No
2990,1,1,0.9525741221101401,-0.06616245210170746,-3.066162347793579,attack,Yes
2991,1,0,0.46879062662624377,-0.7956666350364685,-0.6706666350364685,attack,No
2992,1,1,0.9324533140223229,-0.08346406370401382,-2.7084641456604004,attack,Yes
2993,1,1,0.7549149813536518,-0.31718185544013977,-1.4421818256378174,attack,Yes
2994,1,1,0.9399133540338004,-0.0673016756772995,-2.8173017501831055,attack,Yes
2995,1,1,0.8807970826714613,-0.16460557281970978,-2.1646056175231934,attack,Yes
2996,1,1,0.9241418163225626,-0.0937233492732048,-2.5937232971191406,attack,Yes
2997,1,1,0.9241418231126367,-0.09427471458911896,-2.5942747592926025,attack,Yes
2998,1,1,0.9626731169394882,-0.0459827184677124,-3.295982837677002,attack,Yes
2999,1,0,0.29421496597446145,-1.2597404718399048,-0.3847404420375824,attack,No
3000,0,0,0.012431653688804487,-4.43108606338501,-0.05608629435300827,attack,No
3001,0,0,0.10669060104662924,-2.2534170150756836,-0.12841708958148956,attack,No
3002,0,0,0.017986208119727825,-4.056516170501709,-0.05651606619358063,attack,No
3003,0,0,0.24508502416032488,-1.4419465065002441,-0.3169465661048889,attack,No
3004,0,0,0.012431650807450038,-4.401994228363037,-0.02699422463774681,attack,No
3005,0,1,0.9465966698235384,-0.061001308262348175,-2.9360013008117676,attack,Yes
3006,0,0,0.32082130082460697,-1.1799466609954834,-0.4299466609954834,attack,No
3007,0,1,0.679178699175393,-0.40432536602020264,-1.1543253660202026,attack,Yes
3008,0,0,0.042087727615238615,-3.2017662525177,-0.0767662450671196,attack,No
3009,0,0,0.009708475263738038,-4.683666229248047,-0.05866610258817673,attack,No
3010,0,1,0.6791787056691698,-0.4135611951351166,-1.163561224937439,attack,Yes
3011,0,0,0.18242553047372242,-1.741587519645691,-0.2415875643491745,attack,No
3012,0,0,0.29421497216298875,-1.2839794158935547,-0.4089794158935547,attack,No
3013,0,0,0.042087731520181665,-3.229332447052002,-0.10433253645896912,attack,No
3014,0,0,0.010986940201801838,-4.590362071990967,-0.09036184847354889,attack,No
3015,0,0,0.00033535000682959423,-8.030308723449707,-0.030308354645967484,attack,No
3016,0,0,0.02297736823741426,-3.811542272567749,-0.061542198061943054,attack,No
3017,0,0,0.08509903978628845,-2.4974424839019775,-0.12244241684675217,attack,No
3018,0,0,0.0600866476493228,-2.854480028152466,-0.10447998344898224,attack,No
3019,0,0,0.012431648474925493,-4.417593955993652,-0.042593762278556824,attack,No
3020,0,0,0.022977370662700766,-3.791735887527466,-0.041735921055078506,attack,No
3021,0,0,0.005220125326003969,-5.304555416107178,-0.054555345326662064,attack,No
3022,0,0,0.02297737183352882,-3.80708384513855,-0.05708393082022667,attack,No
3023,0,1,0.8807970889295664,-0.14138640463352203,-2.1413865089416504,attack,Yes
3024,0,0,0.37754066879814546,-1.0114156007766724,-0.5114156007766724,attack,No
3025,0,0,0.2942149783515162,-1.2511509656906128,-0.3761509954929352,attack,No
3026,0,0,0.005911068243315901,-5.1800217628479,-0.055021658539772034,attack,No
3027,0,1,0.946596671330088,-0.07423088699579239,-2.949230909347534,attack,Yes
3028,0,1,0.9399133485636499,-0.08277370780706406,-2.8327736854553223,attack,Yes
3029,0,0,0.0024726225777616647,-6.040957450866699,-0.040957216173410416,attack,No
3030,0,0,0.32082130731838393,-1.148680329322815,-0.39868035912513733,attack,No
3031,0,0,0.017986206145766886,-4.049139499664307,-0.04913928359746933,attack,No
3032,0,0,0.18242551936144574,-1.7216944694519043,-0.2216944396495819,attack,No
3033,0,0,0.24508501313237172,-1.4566166400909424,-0.3316166400909424,attack,No
3034,0,0,0.22270012850745968,-1.5301628112792969,-0.2801627516746521,attack,No
3035,0,0,0.4378234991142019,-0.870554506778717,-0.620554506778717,attack,No
3036,0,0,0.025957359175758542,-3.6853291988372803,-0.06032927706837654,attack,No
3037,0,0,0.13296424535145931,-2.0595219135284424,-0.18452195823192596,attack,No
3038,0,0,0.13296425050508953,-2.04702091217041,-0.17202100157737732,attack,No
3039,0,0,0.09534946618445303,-2.376420021057129,-0.1264200359582901,attack,No
3040,0,0,0.03308597672022805,-3.463186025619507,-0.08818597346544266,attack,No
3041,0,1,0.8175744850834649,-0.21814411878585815,-1.718144178390503,attack,Yes
3042,0,0,0.09534945782972029,-2.366755485534668,-0.1167554035782814,attack,No
3043,0,0,0.020332354678328394,-3.9258017539978027,-0.05080182105302811,attack,No
3044,0,0,0.5,-0.7184967994689941,-0.7184967994689941,attack,No
3045,0,1,0.6513548646660542,-0.4504474401473999,-1.0754474401474,attack,Yes
3046,0,0,0.07585818733363135,-2.602102279663086,-0.1021023839712143,attack,No
3047,0,1,0.6513548646660542,-0.44838130474090576,-1.0733813047409058,attack,Yes
3048,0,0,0.06008665522337757,-2.835498571395874,-0.08549866080284119,attack,No
3049,0,0,0.07585818315512395,-2.6273467540740967,-0.12734679877758026,attack,No
3050,0,0,0.0293122339312297,-3.568232297897339,-0.06823240965604782,attack,No
3051,0,1,0.8933094096048377,-0.12227269262075424,-2.2472727298736572,attack,Yes
3052,0,1,0.7772998560157665,-0.2813247740268707,-1.5313247442245483,attack,Yes
3053,0,0,0.020332353491066484,-3.9503495693206787,-0.07534957677125931,attack,No
3054,0,1,0.5926665999540697,-0.5392797589302063,-0.9142797589302063,attack,Yes
3055,0,1,0.5621765008857981,-0.6226591467857361,-0.8726591467857361,attack,Yes
3056,0,1,0.679178699175393,-0.42125236988067627,-1.1712523698806763,attack,Yes
3057,0,0,0.014063630297465775,-4.294157028198242,-0.04415726289153099,attack,No
3058,0,0,0.020332354678328394,-3.933729887008667,-0.058729954063892365,attack,No
3059,0,0,0.053403324150263734,-2.9676461219787598,-0.09264601022005081,attack,No
3060,0,0,0.3775406828054583,-1.000375509262085,-0.5003755688667297,attack,No
3061,0,0,0.3486451217982255,-1.1316618919372559,-0.5066618323326111,attack,No
3062,0,1,0.7981867873410141,-0.2641841769218445,-1.6391842365264893,attack,Yes
3063,0,0,0.5,-0.7125155329704285,-0.7125155329704285,attack,No
3064,0,1,0.9465966750964616,-0.07228555530309677,-2.9472856521606445,attack,Yes
3065,0,0,0.0028009272064369135,-5.90185546875,-0.026855554431676865,attack,No
3066,0,0,0.017986206540559057,-4.073057174682617,-0.07305698096752167,attack,No
3067,0,1,0.8175744695262777,-0.21755258738994598,-1.7175525426864624,attack,Yes
3068,0,0,0.0953494738965146,-2.3875553607940674,-0.13755546510219574,attack,No
3069,0,1,0.8807970701552504,-0.1620374470949173,-2.1620373725891113,attack,Yes
3070,0,0,0.06008664596619963,-2.8652658462524414,-0.11526577174663544,attack,No
3071,0,0,0.20181322226037882,-1.6286953687667847,-0.25369536876678467,attack,No
3072,0,0,0.0953494648991095,-2.4047868251800537,-0.1547868251800537,attack,No
3073,0,0,0.4378234991142019,-0.8780936598777771,-0.6280936598777771,attack,No
3074,0,0,0.009708474511607036,-4.6616034507751465,-0.03660324588418007,attack,No
3075,0,0,0.033085976958581766,-3.4383747577667236,-0.06337471306324005,attack,No
3076,0,0,0.0002611902938040745,-8.312594413757324,-0.06259431689977646,attack,No
3077,0,1,0.7772998611746911,-0.2737654447555542,-1.5237654447555542,attack,Yes
3078,0,0,0.010986942225794586,-4.5410380363464355,-0.04103799909353256,attack,No
3079,0,0,0.24508501864634827,-1.4577529430389404,-0.3327529728412628,attack,No
3080,0,0,0.014063628799491258,-4.319527626037598,-0.0695277526974678,attack,No
3081,0,0,0.04208773061904093,-3.19442081451416,-0.06942088156938553,attack,No
3082,0,0,0.0028009272376520377,-5.9405741691589355,-0.0655742660164833,attack,No
3083,0,0,0.10669059536584675,-2.2705636024475098,-0.14556361734867096,attack,No
3084,0,1,0.9241418189341297,-0.0893869549036026,-2.5893869400024414,attack,Yes
3085,0,0,0.014063623737371644,-4.3267364501953125,-0.0767362117767334,attack,No
3086,0,0,0.014063624357222927,-4.3129401206970215,-0.06293992698192596,attack,No
3087,0,0,0.012431650853185818,-4.449477672576904,-0.0744776725769043,attack,No
3088,0,0,0.10669059678604234,-2.284294366836548,-0.15929439663887024,attack,No
3089,0,0,0.010986944290267572,-4.55450439453125,-0.05450454726815224,attack,No
3090,0,0,0.06754669489377622,-2.75616192817688,-0.13116198778152466,attack,No
3091,0,1,0.5621765008857981,-0.6003859639167786,-0.8503859639167786,attack,Yes
3092,0,1,0.6513548646660542,-0.45780885219573975,-1.0828088521957397,attack,Yes
3093,0,0,0.10669058826486906,-2.266751527786255,-0.1417514681816101,attack,No
3094,0,1,0.9525741248028792,-0.054463908076286316,-3.0544638633728027,attack,Yes
3095,0,1,0.8354835309589073,-0.1858031004667282,-1.8108030557632446,attack,Yes
3096,0,1,0.8807970873650403,-0.14191046357154846,-2.1419105529785156,attack,Yes
3097,0,0,0.04208772626352765,-3.1866073608398438,-0.06160731986165047,attack,No
3098,0,0,0.08509905312815914,-2.4902524948120117,-0.11525259912014008,attack,No
3099,0,0,0.008577486015623293,-4.7854485511779785,-0.035448621958494186,attack,No
3100,0,0,0.09534947132582737,-2.3708951473236084,-0.12089522182941437,attack,No
3101,0,0,0.4378234991142019,-0.87409907579422,-0.62409907579422,attack,No
3102,0,1,0.7057850278370112,-0.3636375665664673,-1.2386375665664673,attack,Yes
3103,0,0,0.06754669630158146,-2.710815906524658,-0.08581598848104477,attack,No
3104,0,0,0.0005527786050227005,-7.519115924835205,-0.019115867093205452,attack,No
3105,0,1,0.5621765008857981,-0.6028705835342407,-0.8528705835342407,attack,Yes
3106,0,0,0.24508501864634827,-1.431239128112793,-0.30623915791511536,attack,No
3107,0,0,0.46879062662624377,-0.7716370820999146,-0.6466370820999146,attack,No
3108,0,0,0.09534947132582737,-2.3766961097717285,-0.12669618427753448,attack,No
3109,0,1,0.8933094003735664,-0.13154751062393188,-2.256547451019287,attack,Yes
3110,0,1,0.5312093733737563,-0.6586870551109314,-0.7836870551109314,attack,Yes
3111,0,1,0.5621765008857981,-0.6084551811218262,-0.8584551811218262,attack,Yes
3112,0,0,0.008577486395777826,-4.7925262451171875,-0.04252636060118675,attack,No
3113,0,1,0.962673116404036,-0.051491156220436096,-3.3014912605285645,attack,Yes
3114,0,0,0.006692850032711038,-5.040754795074463,-0.040754660964012146,attack,No
3115,0,0,0.04742587755326745,-3.0966591835021973,-0.09665928035974503,attack,No
3116,0,0,0.09534945590170514,-2.3799331188201904,-0.12993301451206207,attack,No
3117,0,0,0.0019267343982662822,-6.295337677001953,-0.04533753916621208,attack,No
3118,0,0,0.09534945590170514,-2.382979393005371,-0.13297928869724274,attack,No
3119,0,0,0.2018132270610754,-1.6154345273971558,-0.24043455719947815,attack,No
3120,0,0,0.005220125954715505,-5.276249885559082,-0.02624993585050106,attack,No
3121,0,1,0.6513548646660542,-0.4515594244003296,-1.0765594244003296,attack,Yes
3122,0,0,0.32082129433083023,-1.1767057180404663,-0.4267056882381439,attack,No
3123,0,0,0.14804720179063335,-1.9620987176895142,-0.21209874749183655,attack,No
3124,0,0,0.025957358233872005,-3.6777451038360596,-0.05274514481425285,attack,No
3125,0,1,0.9890130548596552,-0.0199887678027153,-4.519988536834717,attack,Yes
3126,0,0,0.1480472036701053,-1.9304381608963013,-0.18043820559978485,attack,No
3127,0,0,0.0028009269879310543,-5.9402174949646,-0.0652175024151802,attack,No
3128,0,0,0.06754668691621381,-2.7219834327697754,-0.09698336571455002,attack,No
3129,0,1,0.6513548714339145,-0.4385014474391937,-1.0635014772415161,attack,Yes
3130,0,0,0.3208213138121609,-1.164268970489502,-0.41426903009414673,attack,No
3131,0,1,0.9626731134590488,-0.04547879844903946,-3.2954788208007812,attack,Yes
3132,0,1,0.9626731105140616,-0.04777723550796509,-3.2977771759033203,attack,Yes
3133,0,1,0.7772998714925403,-0.27019423246383667,-1.5201942920684814,attack,Yes
3134,0,0,0.14804719991116141,-1.926159381866455,-0.17615939676761627,attack,No
3135,0,0,0.06754669677084987,-2.7491021156311035,-0.12410220503807068,attack,No
3136,0,0,0.004609573016923394,-5.413756847381592,-0.03875702992081642,attack,No
3137,0,0,0.0008040861032397692,-7.180922985076904,-0.05592319369316101,attack,No
3138,0,0,0.0850990542883219,-2.498274326324463,-0.12327444553375244,attack,No
3139,0,0,0.5,-0.7271243929862976,-0.7271243929862976,attack,No
3140,0,1,0.7981867873410141,-0.24296635389328003,-1.6179664134979248,attack,Yes
3141,0,0,0.0024726236436233688,-6.041199684143066,-0.041199881583452225,attack,No
3142,0,0,0.00247262269721166,-6.045895576477051,-0.04589539021253586,attack,No
3143,0,0,0.2018132270610754,-1.6466169357299805,-0.27161696553230286,attack,No
3144,0,0,0.16451645880021026,-1.8468356132507324,-0.22183558344841003,attack,No
3145,0,1,0.7310585786300049,-0.34458184242248535,-1.3445818424224854,attack,Yes
3146,0,0,0.07585817479810981,-2.602365493774414,-0.1023654192686081,attack,No
3147,0,0,0.008577487441202876,-4.802811622619629,-0.05281186103820801,attack,No
3148,0,0,0.37754066879814546,-0.9975793361663818,-0.49757933616638184,attack,No
3149,0,0,0.042087729717900216,-3.205886125564575,-0.08088617026805878,attack,No
3150,0,0,0.29421497216298875,-1.2902990579605103,-0.41529905796051025,attack,No
3151,0,0,0.0758581868113179,-2.5952494144439697,-0.09524951130151749,attack,No
3152,0,1,0.8807970732843035,-0.1493390053510666,-2.149338960647583,attack,Yes
3153,0,0,0.025957359081569886,-3.6903347969055176,-0.06533487141132355,attack,No
3154,0,0,0.07585818054355695,-2.612194061279297,-0.11219406872987747,attack,No
3155,0,0,0.2689414213699951,-1.3353606462478638,-0.33536064624786377,attack,No
3156,0,1,0.5621765008857981,-0.5976849794387817,-0.8476849794387817,attack,Yes
3157,0,0,0.042087728215999064,-3.2291042804718018,-0.10410428792238235,attack,No
3158,0,0,0.2942149783515162,-1.282834529876709,-0.40783455967903137,attack,No
3159,0,0,0.20181322226037882,-1.628849744796753,-0.25384974479675293,attack,No
3160,0,0,0.11920292358664389,-2.1863255500793457,-0.1863255649805069,attack,No
3161,0,0,0.009708476839631754,-4.658372402191162,-0.033372439444065094,attack,No
3162,0,0,0.11920293140927592,-2.1494252681732178,-0.14942535758018494,attack,No
3163,0,0,0.01243165277408872,-4.4364519119262695,-0.06145206838846207,attack,No
3164,0,1,0.6224593312018546,-0.49860697984695435,-0.9986069798469543,attack,Yes
3165,0,0,0.4073334000459302,-0.9320842623710632,-0.5570842623710632,attack,No
3166,0,0,0.29421496597446145,-1.2510075569152832,-0.3760075271129608,attack,No
3167,0,1,0.9626731153331315,-0.0498763769865036,-3.2998764514923096,attack,Yes
3168,0,0,0.2018132270610754,-1.6286721229553223,-0.25367215275764465,attack,No
3169,0,0,0.10669059678604234,-2.2747581005096436,-0.14975813031196594,attack,No
3170,0,0,0.029312230751356316,-3.5727360248565674,-0.07273602485656738,attack,No
3171,0,0,0.0019267347349656422,-6.3147196769714355,-0.06471971422433853,attack,No
3172,0,0,0.2689414330889798,-1.352159023284912,-0.3521590828895569,attack,No
3173,0,0,0.017986206277364275,-4.072929859161377,-0.07292965054512024,attack,No
3174,0,0,0.009708476768000214,-4.704830646514893,-0.07983067631721497,attack,No
3175,0,0,0.2689414330889798,-1.3353221416473389,-0.33532220125198364,attack,No
3176,0,0,0.24508501313237172,-1.4303884506225586,-0.3053884506225586,attack,No
3177,0,0,0.13296422989056964,-2.0437569618225098,-0.1687568724155426,attack,No
3178,0,0,0.0675466845698721,-2.715355634689331,-0.0903555303812027,attack,No
3179,0,0,0.007577241828131579,-4.925776481628418,-0.05077655613422394,attack,No
3180,0,1,0.8519527982093668,-0.1911274492740631,-1.9411274194717407,attack,Yes
3181,0,0,0.06754669489377622,-2.7246885299682617,-0.0996885895729065,attack,No
3182,0,0,0.22270014914315833,-1.527949571609497,-0.27794963121414185,attack,No
3183,0,0,0.16451645880021026,-1.841031789779663,-0.2160317599773407,attack,No
3184,0,0,0.0953494738965146,-2.3764829635620117,-0.12648306787014008,attack,No
3185,0,1,0.8175744695262777,-0.23337940871715546,-1.7333793640136719,attack,Yes
3186,0,0,0.3775406617944891,-0.9997663497924805,-0.4997663199901581,attack,No
3187,0,0,0.0028009275706133837,-5.9678497314453125,-0.09284994751214981,attack,No
3188,0,0,0.012431649664055602,-4.44996452331543,-0.07496442645788193,attack,No
3189,0,0,0.06008665101556925,-2.8388023376464844,-0.08880235254764557,attack,No
3190,0,0,0.00033535017167878284,-8.016576766967773,-0.016576889902353287,attack,No
3191,0,0,0.4073334000459302,-0.9259583950042725,-0.5509583950042725,attack,No
3192,0,0,0.09534946297109421,-2.370983123779297,-0.12098310142755508,attack,No
3193,0,1,0.5621765008857981,-0.6288856863975525,-0.8788856863975525,attack,Yes
3194,0,1,0.867035763237924,-0.1725427806377411,-2.0475428104400635,attack,Yes
3195,0,0,0.5,-0.7117878794670105,-0.7117878794670105,attack,No
3196,0,0,0.5,-0.7445895671844482,-0.7445895671844482,attack,No
3197,0,0,0.37754066879814546,-1.016025185585022,-0.516025185585022,attack,No
3198,0,0,0.14804719427274565,-1.9396864175796509,-0.1896863877773285,attack,No
3199,0,0,0.002472622945300131,-6.051608085632324,-0.051607999950647354,attack,No
3200,0,0,0.46879062662624377,-0.8074343800544739,-0.6824343800544739,attack,No
3201,0,0,0.003172683408005215,-5.797094821929932,-0.04709500074386597,attack,No
3202,0,0,0.29421497216298875,-1.2674651145935059,-0.39246511459350586,attack,No
3203,0,1,0.5621765008857981,-0.585847020149231,-0.835847020149231,attack,Yes
3204,0,1,0.8519528076067262,-0.17420215904712677,-1.9242022037506104,attack,Yes
3205,0,0,0.006692849661221982,-5.062325954437256,-0.06232576444745064,attack,No
3206,0,0,0.015906394044350028,-4.184604644775391,-0.059604793787002563,attack,No
3207,0,0,0.18242552602881168,-1.7294375896453857,-0.22943760454654694,attack,No
3208,0,0,0.015906393111335862,-4.2538909912109375,-0.12889108061790466,attack,No
3209,0,1,0.5621765008857981,-0.6112216711044312,-0.8612216711044312,attack,Yes
3210,0,1,0.754914975839675,-0.2964337468147278,-1.421433687210083,attack,Yes
3211,0,1,0.8519528057272543,-0.18239590525627136,-1.9323959350585938,attack,Yes
3212,0,0,0.029312232235297192,-3.5782856941223145,-0.07828574627637863,attack,No
3213,0,0,0.09534946875514017,-2.387660026550293,-0.13766007125377655,attack,No
3214,0,0,0.18242553269617778,-1.7123808860778809,-0.21238094568252563,attack,No
3215,0,0,0.008577485603789237,-4.7927446365356445,-0.04274465888738632,attack,No
3216,0,0,0.00669285191492257,-5.050642013549805,-0.050642162561416626,attack,No
3217,0,1,0.9740426412951848,-0.041378557682037354,-3.6663784980773926,attack,Yes
3218,0,1,0.7057850216484838,-0.367604523897171,-1.2426044940948486,attack,Yes
3219,0,0,0.2689414213699951,-1.3327385187149048,-0.3327385187149048,attack,No
3220,0,0,0.32082130731838393,-1.1671661138534546,-0.417166143655777,attack,No
3221,0,0,0.13296424019782924,-2.0430948734283447,-0.16809487342834473,attack,No
3222,0,0,0.1480471980316895,-1.9333652257919312,-0.18336522579193115,attack,No
3223,0,0,0.4378234991142019,-0.8580036163330078,-0.6080036163330078,attack,No
3224,0,0,0.002472623055561682,-6.036406517028809,-0.03640647605061531,attack,No
3225,0,0,0.05340333582602272,-2.9595484733581543,-0.08454859256744385,attack,No
3226,0,0,0.04208772461143651,-3.2113893032073975,-0.0863892212510109,attack,No
3227,0,0,0.09534946232842245,-2.376681089401245,-0.12668105959892273,attack,No
3228,0,0,0.03732688654095113,-3.306471586227417,-0.0564715638756752,attack,No
3229,0,0,0.002182716680636815,-6.153968811035156,-0.028968919068574905,attack,No
3230,0,0,0.07585817532042316,-2.602400779724121,-0.10240071266889572,attack,No
3231,0,0,0.008577486110661925,-4.813701629638672,-0.06370171159505844,attack,No
3232,0,0,0.4073334000459302,-0.915153980255127,-0.540153980255127,attack,No
3233,0,0,0.11920292515117029,-2.1562185287475586,-0.15621855854988098,attack,No
3234,0,1,0.8933094046341532,-0.13218213617801666,-2.2571821212768555,attack,Yes
3235,0,0,0.022977370829961912,-3.8115346431732178,-0.061534684151411057,attack,No
3236,0,0,0.0675466845698721,-2.713118076324463,-0.08811797201633453,attack,No
3237,0,0,0.13296424535145931,-2.0464670658111572,-0.1714671105146408,attack,No
3238,0,1,0.6224593452091672,-0.5010094046592712,-1.001009464263916,attack,Yes
3239,0,0,0.03308598053388778,-3.4711010456085205,-0.09610111266374588,attack,No
3240,0,1,0.867035763237924,-0.16537901759147644,-2.040379047393799,attack,Yes
3241,0,1,0.8175744828610095,-0.23114652931690216,-1.7311465740203857,attack,Yes
3242,0,0,0.37754066879814546,-1.0118690729141235,-0.5118690729141235,attack,No
3243,0,0,0.18242552380635632,-1.7428070306777954,-0.2428070306777954,attack,No
3244,0,0,0.03308597958047282,-3.4251785278320312,-0.050178565084934235,attack,No
3245,0,0,0.014063625132037074,-4.282548904418945,-0.03254876658320427,attack,No
3246,0,1,0.6513548646660542,-0.4543323516845703,-1.0793323516845703,attack,Yes
3247,0,0,0.020332352303804646,-3.9440701007843018,-0.06907004863023758,attack,No
3248,0,1,0.6791787121629466,-0.40124863386154175,-1.1512486934661865,attack,Yes
3249,0,1,0.9241418283357702,-0.09142434597015381,-2.5914244651794434,attack,Yes
3250,0,0,0.02931223159932252,-3.572909116744995,-0.0729091465473175,attack,No
3251,0,0,0.2689414213699951,-1.347564697265625,-0.347564697265625,attack,No
3252,0,0,0.13296422989056964,-2.040745496749878,-0.16574540734291077,attack,No
3253,0,0,0.008577485176115427,-4.775069713592529,-0.02506968565285206,attack,No
3254,0,1,0.9796676474735837,-0.035619694739580154,-3.9106197357177734,attack,Yes
3255,0,0,0.32082130731838393,-1.1629022359848022,-0.41290226578712463,attack,No
3256,0,0,0.017986206737955146,-4.048073768615723,-0.04807358607649803,attack,No
3257,0,0,0.18242551936144574,-1.7208516597747803,-0.22085162997245789,attack,No
3258,0,0,0.0534033328129234,-2.978205442428589,-0.10320550203323364,attack,No
3259,0,0,0.46879062662624377,-0.8016608953475952,-0.6766608953475952,attack,No
3260,0,0,0.004070137126967649,-5.534343719482422,-0.034343574196100235,attack,No
3261,0,1,0.6513548646660542,-0.4761996269226074,-1.1011996269226074,attack,Yes
3262,0,1,0.9796676470283605,-0.03524230048060417,-3.9102423191070557,attack,Yes
3263,0,0,0.3208212878370535,-1.1683597564697266,-0.4183596968650818,attack,No
3264,0,0,0.10669060246682488,-2.2638752460479736,-0.1388753354549408,attack,No
3265,0,0,0.4073334000459302,-0.9115225076675415,-0.5365225076675415,attack,No
3266,0,0,0.0024726231015039964,-6.041233539581299,-0.04123351722955704,attack,No
3267,0,0,0.06008665606493926,-2.84139084815979,-0.0913909524679184,attack,No
3268,0,1,0.9046505376715775,-0.11354920268058777,-2.36354923248291,attack,Yes
3269,0,0,0.03732688600549891,-3.3370375633239746,-0.08703752607107162,attack,No
3270,0,0,0.06008665017400762,-2.8544037342071533,-0.10440373420715332,attack,No
3271,0,1,0.5312093733737563,-0.6630511283874512,-0.7880511283874512,attack,Yes
3272,0,0,0.01243164977839504,-4.400393962860107,-0.025393875315785408,attack,No
3273,0,1,0.8175744806385543,-0.21169695258140564,-1.711696982383728,attack,Yes
3274,0,1,0.7057850216484838,-0.3665901720523834,-1.241590142250061,attack,Yes
3275,0,1,0.9669140237564795,-0.04441135376691818,-3.4194114208221436,attack,Yes
3276,0,0,0.014063626423394072,-4.313199520111084,-0.0631994754076004,attack,No
3277,0,0,0.3486451421018059,-1.0652552843093872,-0.4402553141117096,attack,No
3278,0,0,0.08509903862612588,-2.4933342933654785,-0.11833421140909195,attack,No
3279,0,0,0.1645164628965632,-1.8409154415130615,-0.21591544151306152,attack,No
3280,0,0,0.006692851518667466,-5.04069185256958,-0.04069194197654724,attack,No
3281,0,0,0.017986210356883813,-4.073215961456299,-0.07321598380804062,attack,No
3282,0,0,0.24508501864634827,-1.4454548358917236,-0.320454865694046,attack,No
3283,0,0,0.006692850230838542,-5.0405097007751465,-0.04050959646701813,attack,No
3284,0,0,0.0011695104782873623,-6.789815902709961,-0.03981608524918556,attack,No
3285,0,0,0.014063626888282622,-4.298125743865967,-0.0481257326900959,attack,No
3286,0,1,0.8670357563664174,-0.1569240391254425,-2.03192400932312,attack,Yes
3287,0,0,0.14804719427274565,-1.9361003637313843,-0.1861003339290619,attack,No
3288,0,0,0.4378234991142019,-0.8723963499069214,-0.6223963499069214,attack,No
3289,0,0,0.46879062662624377,-0.7788060307502747,-0.6538060307502747,attack,No
3290,0,1,0.5926665999540697,-0.5438845157623291,-0.9188845157623291,attack,Yes
3291,0,0,0.24508500761839525,-1.4316864013671875,-0.3066863715648651,attack,No
3292,0,0,0.037326884131416216,-3.3216593265533447,-0.07165923714637756,attack,No
3293,0,0,0.004609573239130345,-5.422938823699951,-0.047939054667949677,attack,No
3294,0,1,0.9740426429905805,-0.033555977046489716,-3.6585559844970703,attack,Yes
3295,0,0,0.34864513533394575,-1.0722612142562866,-0.4472612142562866,attack,No
3296,0,1,0.8670357477770336,-0.15755926072597504,-2.0325591564178467,attack,Yes
3297,0,1,0.5621765008857981,-0.608502984046936,-0.858502984046936,attack,Yes
3298,0,1,0.9740426413893734,-0.03191691264510155,-3.656916856765747,attack,Yes
3299,0,1,0.7057850216484838,-0.37035587430000305,-1.2453558444976807,attack,Yes
3300,0,0,0.26894141551050293,-1.3524506092071533,-0.35245057940483093,attack,No
3301,0,0,0.2018132270610754,-1.6311683654785156,-0.256168395280838,attack,No
3302,0,0,0.32082130082460697,-1.1635767221450806,-0.41357672214508057,attack,No
3303,0,0,0.006692851048114562,-5.033499240875244,-0.03349925950169563,attack,No
3304,0,1,0.5312093733737563,-0.6633337140083313,-0.7883337140083313,attack,Yes
3305,0,0,0.006692850181306666,-5.107295036315918,-0.10729492455720901,attack,No
3306,0,1,0.651354857898194,-0.4512927830219269,-1.0762927532196045,attack,Yes
3307,0,1,0.5926665999540697,-0.55153888463974,-0.92653888463974,attack,Yes
3308,0,0,0.0017007227276807902,-6.4066877365112305,-0.03168792277574539,attack,No
3309,0,0,0.002472622743153968,-6.036589622497559,-0.03658945485949516,attack,No
3310,0,0,0.009708475407001092,-4.678460597991943,-0.053460486233234406,attack,No
3311,0,1,0.9579122753885635,-0.048689521849155426,-3.173689603805542,attack,Yes
3312,0,0,0.008577487409523327,-4.802288055419922,-0.05228829011321068,attack,No
3313,0,0,0.18242552602881168,-1.7328377962112427,-0.23283781111240387,attack,No
3314,0,0,0.01798620858031874,-4.056192874908447,-0.056192796677351,attack,No
3315,0,0,0.06008665480259672,-2.845659017562866,-0.09565909951925278,attack,No
3316,0,1,0.7772998508568416,-0.26736336946487427,-1.5173633098602295,attack,Yes
3317,0,0,0.01590639077880068,-4.219836235046387,-0.09483617544174194,attack,No
3318,0,0,0.2942149597859341,-1.2587904930114746,-0.38379043340682983,attack,No
3319,0,1,0.5312093733737563,-0.6657949090003967,-0.7907949090003967,attack,Yes
3320,0,1,0.9241418158002492,-0.09165626764297485,-2.59165620803833,attack,Yes
3321,0,0,0.13296423504419938,-2.043703556060791,-0.16870351135730743,attack,No
3322,0,1,0.754914997895581,-0.3027910590171814,-1.4277911186218262,attack,Yes
3323,0,1,0.5621765008857981,-0.6275157928466797,-0.8775157928466797,attack,Yes
3324,0,0,0.18242552380635632,-1.7268526554107666,-0.2268526554107666,attack,No
3325,0,0,0.007577242724564895,-4.92086935043335,-0.04586954414844513,attack,No
3326,0,0,0.02297736991002561,-3.8167364597320557,-0.06673645973205566,attack,No
3327,0,0,0.06754669583231304,-2.7113993167877197,-0.0863993912935257,attack,No
3328,0,0,0.24508502416032488,-1.4501378536224365,-0.3251379132270813,attack,No
3329,0,0,0.0017007220793775735,-6.397637367248535,-0.022637171670794487,attack,No
3330,0,0,0.20181323186177208,-1.6144258975982666,-0.23942595720291138,attack,No
3331,0,0,0.4073334000459302,-0.9263128638267517,-0.5513128638267517,attack,No
3332,0,1,0.96267311613631,-0.04979982227087021,-3.299799919128418,attack,Yes
3333,0,0,0.46879062662624377,-0.7965368032455444,-0.6715368032455444,attack,No
3334,0,1,0.5926665999540697,-0.5692301988601685,-0.9442301988601685,attack,Yes
3335,0,0,0.010986941659076578,-4.554566383361816,-0.05456629395484924,attack,No
3336,0,0,0.14804719991116141,-1.9329452514648438,-0.18294526636600494,attack,No
3337,0,0,0.014063625855196977,-4.294074535369873,-0.04407444968819618,attack,No
3338,0,1,0.6791786926816161,-0.40567830204963684,-1.1556782722473145,attack,Yes
3339,0,1,0.5926665999540697,-0.5462583899497986,-0.9212583899497986,attack,Yes
3340,0,1,0.9241418147556224,-0.09294326603412628,-2.5929431915283203,attack,Yes
3341,0,0,0.008577485730507404,-4.807440757751465,-0.05744079500436783,attack,No
3342,0,1,0.6224593312018546,-0.4936007857322693,-0.9936007857322693,attack,Yes
3343,0,1,0.7310585786300049,-0.3468226194381714,-1.3468226194381714,attack,Yes
3344,0,0,0.005911069140817483,-5.174271106719971,-0.04927115514874458,attack,No
3345,0,1,0.7981867729389246,-0.2500150501728058,-1.6250150203704834,attack,Yes
3346,0,0,0.025957355219835308,-3.6809613704681396,-0.05596129223704338,attack,No
3347,0,1,0.622459324198198,-0.4921185076236725,-0.9921184778213501,attack,Yes
3348,0,0,0.04742587250438209,-3.0753848552703857,-0.07538484036922455,attack,No
3349,0,0,0.005220125442073787,-5.310448169708252,-0.06044812127947807,attack,No
3350,0,0,0.0013250223186221102,-6.656569957733154,-0.03156988322734833,attack,No
3351,0,1,0.924141816844876,-0.09069113433361053,-2.590691089630127,attack,Yes
3352,0,1,0.9875683472487793,-0.027166521176695824,-4.402166366577148,attack,Yes
3353,0,0,0.10669058826486906,-2.2748959064483643,-0.14989584684371948,attack,No
3354,0,0,0.03308597588599003,-3.4292378425598145,-0.054237764328718185,attack,No
3355,0,0,0.18242553269617778,-1.7242236137390137,-0.22422367334365845,attack,No
3356,0,1,0.651354857898194,-0.4535790979862213,-1.078579068183899,attack,Yes
3357,0,0,0.002182716591388261,-6.176365852355957,-0.051365919411182404,attack,No
3358,0,1,0.817574478416099,-0.22971712052822113,-1.7297171354293823,attack,Yes
3359,0,0,0.02931223287127187,-3.5677363872528076,-0.06773646175861359,attack,No
3360,0,1,0.7772998560157665,-0.26320961117744446,-1.513209581375122,attack,Yes
3361,0,1,0.9324533032291502,-0.08115538954734802,-2.706155300140381,attack,Yes
3362,0,0,0.0031726825950702097,-5.7972731590271,-0.04727308079600334,attack,No
3363,0,1,0.7772998663336157,-0.2717946469783783,-1.5217946767807007,attack,Yes
3364,0,0,0.033085976005166884,-3.4269487857818604,-0.05194871127605438,attack,No
3365,0,0,0.005911070082099775,-5.192985534667969,-0.06798574328422546,attack,No
3366,0,0,0.0031726824419085657,-5.8153486251831055,-0.06534849852323532,attack,No
3367,0,0,0.010986941092358602,-4.566287994384766,-0.06628785282373428,attack,No
3368,0,0,0.0019267349212248879,-6.2820611000061035,-0.03206123411655426,attack,No
3369,0,0,0.1480472055495773,-1.924647569656372,-0.17464762926101685,attack,No
3370,0,1,0.7549149868676283,-0.31424665451049805,-1.439246654510498,attack,Yes
3371,0,0,0.07585817532042316,-2.6057846546173096,-0.1057845875620842,attack,No
3372,0,0,0.04208773121980142,-3.1976921558380127,-0.07269223779439926,attack,No
3373,0,0,0.3486451488696663,-1.070030927658081,-0.44503098726272583,attack,No
3374,0,0,0.0031726830309918535,-5.832691669464111,-0.0826917290687561,attack,No
3375,0,0,0.03308597648187432,-3.451636791229248,-0.07663673162460327,attack,No
3376,0,1,0.5621765008857981,-0.6050125956535339,-0.8550125956535339,attack,Yes
3377,0,1,0.5312093733737563,-0.6599721908569336,-0.7849721908569336,attack,Yes
3378,0,0,0.006692849636456047,-5.045205116271973,-0.045204922556877136,attack,No
3379,0,0,0.03732688627322502,-3.31197190284729,-0.06197187304496765,attack,No
3380,0,0,0.4378234991142019,-0.8498653769493103,-0.5998653769493103,attack,No
3381,0,0,0.003172682536161884,-5.867042064666748,-0.11704196780920029,attack,No
3382,0,0,0.037326887076403345,-3.336617946624756,-0.08661793917417526,attack,No
3383,0,1,0.8175744695262777,-0.21020178496837616,-1.7102017402648926,attack,Yes
3384,0,0,0.05340332791663734,-2.9507663249969482,-0.07576628774404526,attack,No
3385,0,0,0.24508501864634827,-1.43887460231781,-0.31387463212013245,attack,No
3386,0,0,0.00970847662473714,-4.684322834014893,-0.05932284891605377,attack,No
3387,0,1,0.5926665999540697,-0.5668032765388489,-0.9418032765388489,attack,Yes
3388,0,0,0.08509904500702024,-2.516890287399292,-0.141890287399292,attack,No
3389,0,0,0.0373268852023206,-3.3119723796844482,-0.06197232007980347,attack,No
3390,0,0,0.0007096702405894811,-7.340198040008545,-0.09019781649112701,attack,No
3391,0,1,0.7981867849406659,-0.23889560997486115,-1.6138956546783447,attack,Yes
3392,0,0,0.004070137579989548,-5.542477607727051,-0.042477574199438095,attack,No
3393,0,0,0.0017007227687927098,-6.400163173675537,-0.025163384154438972,attack,No
3394,0,0,0.07585817584273653,-2.608238458633423,-0.10823839902877808,attack,No
3395,0,0,0.0066928495621582365,-5.045133113861084,-0.04513290897011757,attack,No
3396,0,0,0.020332355049347755,-3.934218168258667,-0.05921825394034386,attack,No
3397,0,0,0.04208772536238702,-3.179638147354126,-0.0546380840241909,attack,No
3398,0,1,0.5621765008857981,-0.6027719378471375,-0.8527719378471375,attack,Yes
3399,0,0,0.4073334000459302,-0.9298038482666016,-0.5548038482666016,attack,No
3400,0,0,0.012431648932283214,-4.4576640129089355,-0.08266385644674301,attack,No
3401,0,0,0.025957356350099027,-3.6816234588623047,-0.056623425334692,attack,No
3402,0,1,0.9324533149608596,-0.08711805194616318,-2.712118148803711,attack,Yes
3403,0,0,0.0024726236390291358,-6.029034614562988,-0.02903481014072895,attack,No
3404,0,0,0.11920292828022305,-2.1478962898254395,-0.14789634943008423,attack,No
3405,0,0,0.2018132270610754,-1.6296919584274292,-0.2546919882297516,attack,No
3406,0,1,0.754914975839675,-0.2981742024421692,-1.4231741428375244,attack,Yes
3407,0,0,0.029312232235297192,-3.568216323852539,-0.06821637600660324,attack,No
3408,0,0,0.04208773182056191,-3.1885597705841064,-0.0635598674416542,attack,No
3409,0,0,0.37754066879814546,-1.008069396018982,-0.5080693960189819,attack,No
3410,0,1,0.8807970889295664,-0.1408010870218277,-2.140801191329956,attack,Yes
3411,0,0,0.18242552825126704,-1.7374061346054077,-0.2374061644077301,attack,No
3412,0,0,0.18242552158390105,-1.7094780206680298,-0.2094780057668686,attack,No
3413,0,0,0.11920292515117029,-2.168227434158325,-0.16822746396064758,attack,No
3414,0,0,0.004070138682343046,-5.538159370422363,-0.03815960884094238,attack,No
3415,0,0,0.2942149783515162,-1.2421256303787231,-0.36712566018104553,attack,No
3416,0,1,0.7981867729389246,-0.2432129681110382,-1.6182129383087158,attack,Yes
3417,0,0,0.1480471961522176,-1.928757667541504,-0.1787576526403427,attack,No
3418,0,0,0.03308597481339833,-3.4384922981262207,-0.06349218636751175,attack,No
3419,0,0,0.033085978388704126,-3.451942205429077,-0.07694220542907715,attack,No
3420,0,0,0.004609571564032047,-5.442413806915283,-0.06741367280483246,attack,No
3421,0,0,0.46879062662624377,-0.7824674248695374,-0.6574674248695374,attack,No
3422,0,0,0.24508502416032488,-1.4315884113311768,-0.30658847093582153,attack,No
3423,0,0,0.0031726823240919213,-5.779762268066406,-0.029762104153633118,attack,No
3424,0,0,0.022977368321044828,-3.7917747497558594,-0.041774678975343704,attack,No
3425,0,1,0.6513548646660542,-0.4527662992477417,-1.0777662992477417,attack,Yes
3426,0,0,0.004609572222106307,-5.40317440032959,-0.02817440964281559,attack,No
3427,0,0,0.46879062662624377,-0.7949672937393188,-0.6699672937393188,attack,No
3428,0,0,0.24508501864634827,-1.4572376012802124,-0.3322376310825348,attack,No
3429,0,0,0.014063629832577114,-4.326087951660156,-0.07608815282583237,attack,No
3430,0,0,0.46879062662624377,-0.7920956015586853,-0.6670956015586853,attack,No
3431,0,1,0.9579122687801985,-0.057098232209682465,-3.182098150253296,attack,Yes
3432,0,0,0.015906393402902782,-4.184018135070801,-0.05901824310421944,attack,No
3433,0,0,0.07585817218654307,-2.602309465408325,-0.10230935364961624,attack,No
3434,0,0,0.5,-0.7306762933731079,-0.7306762933731079,attack,No
3435,0,0,0.017986208514520034,-4.051785469055176,-0.051785387098789215,attack,No
3436,0,0,0.0021827161613725533,-6.176424026489258,-0.051423896104097366,attack,No
3437,0,0,0.017986212857234944,-4.073166847229004,-0.07316701114177704,attack,No
3438,0,0,0.007577242500456555,-4.944862365722656,-0.06986252963542938,attack,No
3439,0,0,0.00407013825952249,-5.547597408294678,-0.04759754240512848,attack,No
3440,0,0,0.18242552158390105,-1.7302676439285278,-0.23026762902736664,attack,No
3441,0,1,0.9324533060447605,-0.07879357039928436,-2.703793525695801,attack,Yes
3442,0,0,0.18242552380635632,-1.7214001417160034,-0.22140014171600342,attack,No
3443,0,0,0.4073334000459302,-0.9562327265739441,-0.5812327265739441,attack,No
3444,0,0,0.0021827161045780323,-6.197597503662109,-0.07259734719991684,attack,No
3445,0,0,0.4378234991142019,-0.8696626424789429,-0.6196626424789429,attack,No
3446,0,0,0.0758581847220642,-2.597107172012329,-0.09710723906755447,attack,No
3447,0,1,0.9241418267688303,-0.09717192500829697,-2.5971720218658447,attack,Yes
3448,0,0,0.24508501313237172,-1.4499220848083496,-0.3249220848083496,attack,No
3449,0,1,0.7772998663336157,-0.2706134021282196,-1.520613431930542,attack,Yes
3450,0,0,0.001700722398785469,-6.420616626739502,-0.045616619288921356,attack,No
3451,0,1,0.8175744761936437,-0.21831011772155762,-1.7183101177215576,attack,Yes
3452,0,1,0.622459324198198,-0.49229565262794495,-0.9922956228256226,attack,Yes
3453,0,0,0.01590639299470909,-4.184444427490234,-0.05944450944662094,attack,No
3454,0,0,0.13296424878721277,-2.064805030822754,-0.18980510532855988,attack,No
3455,0,0,0.2689414272294874,-1.3420422077178955,-0.3420422375202179,attack,No
3456,0,0,0.22270014398423357,-1.5513674020767212,-0.3013674318790436,attack,No
3457,0,0,0.4073334000459302,-0.9157270193099976,-0.5407270193099976,attack,No
3458,0,0,0.014063629935885703,-4.287579536437988,-0.037579745054244995,attack,No
3459,0,0,0.34864513533394575,-1.0992014408111572,-0.4742014408111572,attack,No
3460,0,0,0.18242552158390105,-1.7213237285614014,-0.22132371366024017,attack,No
3461,0,0,0.13296424878721277,-2.04338002204895,-0.16838009655475616,attack,No
3462,0,1,0.7549149923816048,-0.30017825961112976,-1.4251782894134521,attack,Yes
3463,0,0,0.02033235408469743,-3.93912672996521,-0.06412676721811295,attack,No
3464,0,0,0.020332352749027827,-3.938920497894287,-0.06392046809196472,attack,No
3465,0,0,0.24508500761839525,-1.441100001335144,-0.31609997153282166,attack,No
3466,0,0,0.08509904268669496,-2.4896764755249023,-0.11467644572257996,attack,No
3467,0,0,0.29421497216298875,-1.2517037391662598,-0.37670373916625977,attack,No
3468,0,1,0.817574478416099,-0.23093269765377045,-1.7309327125549316,attack,Yes
3469,0,0,0.006692851209093183,-5.021614074707031,-0.021614117547869682,attack,No
3470,0,0,0.4378234991142019,-0.887508749961853,-0.637508749961853,attack,No
3471,0,0,0.0035936023413162166,-5.6774492263793945,-0.05244915932416916,attack,No
3472,0,0,0.29421496597446145,-1.2507904767990112,-0.37579044699668884,attack,No
3473,0,1,0.7549149868676283,-0.3009176254272461,-1.425917625427246,attack,Yes
3474,0,0,0.5,-0.710419237613678,-0.710419237613678,attack,No
3475,0,0,0.10669058968506456,-2.2608566284179688,-0.13585658371448517,attack,No
3476,0,0,0.16451646904109268,-1.824089527130127,-0.19908957183361053,attack,No
3477,0,0,0.004070138621940107,-5.538300514221191,-0.038300737738609314,attack,No
3478,0,0,0.006692849537392301,-5.036947250366211,-0.036947041749954224,attack,No
3479,0,0,0.22270014398423357,-1.5463695526123047,-0.2963695824146271,attack,No
3480,0,0,0.34864513533394575,-1.080019474029541,-0.455019474029541,attack,No
3481,0,0,0.004609571341825175,-5.422882080078125,-0.047881897538900375,attack,No
3482,0,0,0.2018132270610754,-1.625312328338623,-0.25031235814094543,attack,No
3483,0,0,0.46879062662624377,-0.8091951012611389,-0.6841951012611389,attack,No
3484,0,0,0.00522012615783771,-5.285652160644531,-0.03565225005149841,attack,No
3485,0,0,0.003172683572948575,-5.802257061004639,-0.052257291972637177,attack,No
3486,0,1,0.6513548782017746,-0.456291139125824,-1.0812911987304688,attack,Yes
3487,0,1,0.6513548782017746,-0.4475948214530945,-1.0725948810577393,attack,Yes
3488,0,1,0.5926665999540697,-0.5424118638038635,-0.9174118638038635,attack,Yes
3489,0,0,0.07585818733363135,-2.593726396560669,-0.0937265008687973,attack,No
3490,0,0,0.03732688600549891,-3.3264522552490234,-0.07645221799612045,attack,No
3491,0,0,0.025957359081569886,-3.681929588317871,-0.05692966282367706,attack,No
3492,0,1,0.8519528038477825,-0.17789052426815033,-1.9278905391693115,attack,Yes
3493,0,1,0.9579122690805788,-0.05683191120624542,-3.1818318367004395,attack,Yes
3494,0,0,0.005911068243315901,-5.193699836730957,-0.06869973242282867,attack,No
3495,0,0,0.006692850849987034,-5.055748462677002,-0.05574845150113106,attack,No
3496,0,0,0.22270013882530884,-1.527136206626892,-0.2771362066268921,attack,No
3497,0,0,0.18242552380635632,-1.7236149311065674,-0.22361493110656738,attack,No
3498,0,0,0.4073334000459302,-0.9296982884407043,-0.5546982884407043,attack,No
3499,0,0,0.09534945975773548,-2.3885679244995117,-0.13856786489486694,attack,No
3500,0,1,0.9399133435142799,-0.06727325171232224,-2.8172731399536133,attack,Yes
3501,0,0,0.07585817532042316,-2.6211965084075928,-0.1211964413523674,attack,No
3502,0,0,0.00522012669949696,-5.317771911621094,-0.06777210533618927,attack,No
3503,0,0,0.007577241351901423,-4.909451484680176,-0.03445149585604668,attack,No
3504,0,0,0.37754066879814546,-0.9941645860671997,-0.4941645860671997,attack,No
3505,0,1,0.9046505415276079,-0.1112021654844284,-2.3612022399902344,attack,Yes
3506,0,0,0.06754669395523943,-2.7095439434051514,-0.08454398810863495,attack,No
3507,0,0,0.29421497216298875,-1.2425733804702759,-0.3675733804702759,attack,No
3508,0,0,0.0017007220256158545,-6.406841278076172,-0.03184105083346367,attack,No
3509,0,1,0.9149009578933863,-0.09923239797353745,-2.4742324352264404,attack,Yes
3510,0,1,0.731058584489497,-0.3311403691768646,-1.331140398979187,attack,Yes
3511,0,1,0.7310585903489892,-0.33499592542648315,-1.334995985031128,attack,Yes
3512,0,0,0.08509904442693891,-2.4896585941314697,-0.11465858668088913,attack,No
3513,0,1,0.914900957313305,-0.10318109393119812,-2.4781811237335205,attack,Yes
3514,0,0,0.01098694032324139,-4.545014381408691,-0.045014169067144394,attack,No
3515,0,0,0.4073334000459302,-0.940579891204834,-0.565579891204834,attack,No
3516,0,0,0.03732688895048618,-3.3374223709106445,-0.08742241561412811,attack,No
3517,0,0,0.0008040859027057419,-7.169271469116211,-0.044271428138017654,attack,No
3518,0,1,0.8519528019683106,-0.17994272708892822,-1.9299427270889282,attack,Yes
3519,0,0,0.010986945018905188,-4.544996738433838,-0.0449969582259655,attack,No
3520,0,1,0.5926665999540697,-0.553152322769165,-0.928152322769165,attack,Yes
3521,0,0,0.1329642436335826,-2.0336973667144775,-0.15869739651679993,attack,No
3522,0,1,0.5926665999540697,-0.5609923005104065,-0.9359923005104065,attack,Yes
3523,0,0,0.09534946232842245,-2.370683431625366,-0.12068340182304382,attack,No
3524,0,0,0.5,-0.7045597434043884,-0.7045597434043884,attack,No
3525,0,0,0.18242551936144574,-1.7237744331359863,-0.22377440333366394,attack,No
3526,0,1,0.7981867825403176,-0.25575050711631775,-1.6307505369186401,attack,Yes
3527,0,0,0.37754066879814546,-1.0015180110931396,-0.5015180110931396,attack,No
3528,0,0,0.017986213252027258,-4.073365688323975,-0.07336587458848953,attack,No
3529,0,0,0.5,-0.7226746082305908,-0.7226746082305908,attack,No
3530,0,1,0.6224593312018546,-0.4941440224647522,-0.9941440224647522,attack,Yes
3531,0,1,0.7057850340255386,-0.3619823157787323,-1.2369823455810547,attack,Yes
3532,0,0,0.04742587688008271,-3.0912177562713623,-0.09121783822774887,attack,No
3533,0,0,0.4073334000459302,-0.942764937877655,-0.567764937877655,attack,No
3534,0,0,0.010986944897465581,-4.541031837463379,-0.04103204607963562,attack,No
3535,0,0,0.0021827164128911643,-6.170723915100098,-0.04572390019893646,attack,No
3536,0,0,0.004609572743437929,-5.409590721130371,-0.03459084406495094,attack,No
3537,0,0,0.18242552380635632,-1.764877200126648,-0.26487720012664795,attack,No
3538,0,1,0.9875683485979849,-0.03954271972179413,-4.4145426750183105,attack,Yes
3539,0,0,0.4378234991142019,-0.8614266514778137,-0.6114266514778137,attack,No
3540,0,0,0.015906391478561197,-4.2200703620910645,-0.09507034718990326,attack,No
3541,0,0,0.29421497216298875,-1.2762409448623657,-0.4012409448623657,attack,No
3542,0,0,0.08509905022775233,-2.4903104305267334,-0.11531049758195877,attack,No
3543,0,1,0.5312093733737563,-0.6612807512283325,-0.7862807512283325,attack,Yes
3544,0,1,0.6224593452091672,-0.5017206072807312,-1.001720666885376,attack,Yes
3545,0,1,0.8933094074745443,-0.1274244636297226,-2.252424478530884,attack,Yes
3546,0,1,0.8354835391516132,-0.20161019265651703,-1.8266102075576782,attack,Yes
3547,0,0,0.014063627146554044,-4.303127288818359,-0.05312729626893997,attack,No
3548,0,0,0.16451645470385742,-1.8271348476409912,-0.20213478803634644,attack,No
3549,0,0,0.003593602928236824,-5.741542816162109,-0.11654291301965714,attack,No
3550,0,0,0.0850990490675896,-2.4936373233795166,-0.11863737553358078,attack,No
3551,0,0,0.37754066879814546,-1.0096677541732788,-0.5096677541732788,attack,No
3552,0,1,0.754914975839675,-0.3213687539100647,-1.44636869430542,attack,Yes
3553,0,0,0.007577239559035221,-4.925745964050293,-0.05074573680758476,attack,No
3554,0,0,0.020332352378008508,-3.93013858795166,-0.055138539522886276,attack,No
3555,0,0,0.1480471980316895,-1.9855873584747314,-0.23558735847473145,attack,No
3556,0,0,0.5,-0.7106854319572449,-0.7106854319572449,attack,No
3557,0,0,0.1645164608483867,-1.8253076076507568,-0.20030759274959564,attack,No
3558,0,0,0.46879062662624377,-0.7789587378501892,-0.6539587378501892,attack,No
3559,0,1,0.7057850154599563,-0.3818128705024719,-1.2568128108978271,attack,Yes
3560,0,1,0.9525741264858409,-0.060615308582782745,-3.060615301132202,attack,Yes
3561,0,0,0.04208772491181671,-3.191453695297241,-0.06645362079143524,attack,No
3562,0,0,0.0474258704848281,-3.064870834350586,-0.06487077474594116,attack,No
3563,0,1,0.9579122737364725,-0.05876322463154793,-3.183763265609741,attack,Yes
3564,0,0,0.006692852360709588,-5.062300682067871,-0.062300898134708405,attack,No
3565,0,0,0.3775406547908327,-1.0073895454406738,-0.507389485836029,attack,No
3566,0,0,0.0021827162506210893,-6.240503787994385,-0.1155036985874176,attack,No
3567,0,0,0.04208772491181671,-3.216291904449463,-0.09129182994365692,attack,No
3568,0,1,0.7772998560157665,-0.2713806927204132,-1.5213806629180908,attack,Yes
3569,0,0,0.02595735813968335,-3.669490337371826,-0.044490374624729156,attack,No
3570,0,0,0.001926734849586714,-6.341383457183838,-0.09138355404138565,attack,No
3571,0,0,0.017986206803753842,-4.088866233825684,-0.08886605501174927,attack,No
3572,0,0,0.020332352749027827,-3.965487003326416,-0.09048697352409363,attack,No
3573,0,1,0.5926665999540697,-0.5374429821968079,-0.9124429821968079,attack,Yes
3574,0,0,0.04208772371029592,-3.1824634075164795,-0.057463303208351135,attack,No
3575,0,1,0.7057850402140659,-0.36796802282333374,-1.2429680824279785,attack,Yes
3576,0,0,0.29421496597446145,-1.2541629076004028,-0.37916287779808044,attack,No
3577,0,0,0.34864513533394575,-1.0883638858795166,-0.4633638858795166,attack,No
3578,0,1,0.8933094174159129,-0.12291133403778076,-2.2479114532470703,attack,Yes
3579,0,1,0.9046505453836383,-0.11889302730560303,-2.3688931465148926,attack,Yes
3580,0,0,0.08509904616718289,-2.5062108039855957,-0.1312108188867569,attack,No
3581,0,0,0.037326884666868405,-3.3264272212982178,-0.0764271467924118,attack,No
3582,0,0,0.2689414213699951,-1.3355894088745117,-0.3355894088745117,attack,No
3583,0,1,0.9890130590088411,-0.016471711918711662,-4.516471862792969,attack,Yes
3584,0,0,0.017986212923033665,-4.047971725463867,-0.04797189310193062,attack,No
3585,0,0,0.014063630142502889,-4.297980308532715,-0.04798053205013275,attack,No
3586,0,0,0.10669059536584675,-2.270517110824585,-0.14551712572574615,attack,No
3587,0,0,0.16451645675203383,-1.8244754076004028,-0.19947536289691925,attack,No
3588,0,0,0.03732689082456911,-3.3274192810058594,-0.07741937786340714,attack,No
3589,0,1,0.8933094138654242,-0.12182585150003433,-2.246825933456421,attack,Yes
3590,0,0,0.03308597660105118,-3.4279117584228516,-0.052911702543497086,attack,No
3591,0,1,0.7057850216484838,-0.3623127043247223,-1.2373126745224,attack,Yes
3592,0,0,0.10669059678604234,-2.252204656600952,-0.12720468640327454,attack,No
3593,0,0,0.24508500761839525,-1.4214609861373901,-0.29646095633506775,attack,No
3594,0,0,0.005220125006811988,-5.2788472175598145,-0.028847085312008858,attack,No
3595,0,1,0.8670357615200474,-0.16272900998592377,-2.037729024887085,attack,Yes
3596,0,1,0.754914997895581,-0.2959520220756531,-1.4209520816802979,attack,Yes
3597,0,0,0.005220125132554282,-5.29388952255249,-0.04388941451907158,attack,No
3598,0,0,0.012431653002767653,-4.421299457550049,-0.046299632638692856,attack,No
3599,0,1,0.6791786926816161,-0.40949347615242004,-1.1594934463500977,attack,Yes
3600,0,0,0.00247262269721166,-6.045720100402832,-0.04571991413831711,attack,No
3601,0,0,0.008577486839291468,-4.796757698059082,-0.04675786569714546,attack,No
3602,0,0,0.2689414330889798,-1.368433952331543,-0.36843401193618774,attack,No
3603,0,0,0.022977370913592487,-3.7943432331085205,-0.04434327781200409,attack,No
3604,0,0,0.0534033331895608,-2.9444921016693115,-0.0694921687245369,attack,No
3605,0,1,0.5312093733737563,-0.669272243976593,-0.794272243976593,attack,Yes
3606,0,0,0.08509904732734556,-2.49648118019104,-0.12148120999336243,attack,No
3607,0,1,0.9046505428129514,-0.12509360909461975,-2.375093698501587,attack,Yes
3608,0,0,0.16451647108926923,-1.8300845623016357,-0.20508462190628052,attack,No
3609,0,1,0.867035752930664,-0.15637975931167603,-2.0313796997070312,attack,Yes
3610,0,0,0.16451646904109268,-1.8467738628387451,-0.2217739075422287,attack,No
3611,0,0,0.08509904616718289,-2.497342824935913,-0.12234283983707428,attack,No
3612,0,1,0.8354835350552604,-0.20154012739658356,-1.8265401124954224,attack,Yes
3613,0,0,0.5,-0.7361783981323242,-0.7361783981323242,attack,No
3614,0,0,0.007577241015738977,-4.92595911026001,-0.05095907673239708,attack,No
3615,0,0,0.0008040861032397692,-7.188076496124268,-0.06307670474052429,attack,No
3616,0,0,0.005220125964387991,-5.294079303741455,-0.04407935589551926,attack,No
3617,0,0,0.042087728215999064,-3.1979315280914307,-0.07293153554201126,attack,No
3618,0,0,0.008577484970198416,-4.792923450469971,-0.042923398315906525,attack,No
3619,0,0,0.00669285248453932,-5.03432559967041,-0.03432583436369896,attack,No
3620,0,0,0.005911069469171754,-5.20121431350708,-0.07621441781520844,attack,No
3621,0,1,0.6224593452091672,-0.5002374053001404,-1.0002374649047852,attack,Yes
3622,0,0,0.007577240735603619,-4.901223182678223,-0.026223111897706985,attack,No
3623,0,0,0.09534945718704857,-2.38322377204895,-0.13322368264198303,attack,No
3624,0,0,0.4378234991142019,-0.8611906170845032,-0.6111906170845032,attack,No
3625,0,0,0.37754066879814546,-1.0034449100494385,-0.5034449100494385,attack,No
3626,0,0,0.08509903978628845,-2.4899227619171143,-0.11492269486188889,attack,No
3627,0,0,0.37754066879814546,-1.0234814882278442,-0.5234814882278442,attack,No
3628,0,0,0.07585818002124356,-2.6124017238616943,-0.11240172386169434,attack,No
3629,0,0,0.053403329423186846,-2.9535553455352783,-0.07855533808469772,attack,No
3630,0,0,0.022977367484739192,-3.789611577987671,-0.03961146995425224,attack,No
3631,0,0,0.08509905312815914,-2.5626931190490723,-0.18769322335720062,attack,No
3632,0,1,0.9324533083911025,-0.09059978276491165,-2.715599775314331,attack,Yes
3633,0,0,0.08509904500702024,-2.511234998703003,-0.13623499870300293,attack,No
3634,0,0,0.06008665522337757,-2.8496017456054688,-0.09960183501243591,attack,No
3635,0,1,0.6791786861878392,-0.404924213886261,-1.1549241542816162,attack,Yes
3636,0,0,0.04208772611333754,-3.18662428855896,-0.06162424385547638,attack,No
3637,0,0,0.2018132150593341,-1.6233158111572266,-0.24831576645374298,attack,No
3638,0,0,0.07585817532042316,-2.6113712787628174,-0.11137121170759201,attack,No
3639,0,0,0.04742587115801275,-3.082061290740967,-0.08206124603748322,attack,No
3640,0,0,0.06754669348597103,-2.7132108211517334,-0.08821085840463638,attack,No
3641,0,0,0.16451646494473965,-1.8335455656051636,-0.20854558050632477,attack,No
3642,0,0,0.14804719427274565,-1.9392211437225342,-0.1892211139202118,attack,No
3643,0,0,0.04208772431105632,-3.186229944229126,-0.061229854822158813,attack,No
3644,0,0,0.4378234991142019,-0.8575931191444397,-0.6075931191444397,attack,No
3645,0,1,0.5926665999540697,-0.5504533052444458,-0.9254533052444458,attack,Yes
3646,0,0,0.16451646699291617,-1.8491815328598022,-0.22418156266212463,attack,No
3647,0,0,0.0006263342070775403,-7.3939971923828125,-0.018997270613908768,attack,No
3648,0,0,0.02297736991002561,-3.8436899185180664,-0.0936899185180664,attack,No
3649,0,0,0.022977372084420553,-3.828091621398926,-0.07809171825647354,attack,No
3650,0,0,0.0021827162587345927,-6.161091327667236,-0.036091241985559464,attack,No
3651,0,0,0.012431649664055602,-4.449743747711182,-0.07474365085363388,attack,No
3652,0,0,0.10669058826486906,-2.263356924057007,-0.13835686445236206,attack,No
3653,0,0,0.16451645675203383,-1.8309409618377686,-0.20594091713428497,attack,No
3654,0,0,0.009708475263738038,-4.697201728820801,-0.07220160216093063,attack,No
3655,0,0,0.22270013882530884,-1.5334868431091309,-0.28348684310913086,attack,No
3656,0,0,0.0002959571272905756,-8.151905059814453,-0.026905106380581856,attack,No
3657,0,0,0.0059110697646906135,-5.154441833496094,-0.029441988095641136,attack,No
3658,0,1,0.9149009515124917,-0.10920171439647675,-2.484201669692993,attack,Yes
3659,0,1,0.7310585669110203,-0.330797016620636,-1.3307969570159912,attack,Yes
3660,0,0,0.3486451217982255,-1.0675477981567383,-0.4425477385520935,attack,No
3661,0,0,0.34864513533394575,-1.0704078674316406,-0.4454078674316406,attack,No
3662,0,0,0.46879062662624377,-0.7803460359573364,-0.6553460359573364,attack,No
3663,0,0,0.008577485540430151,-4.797320365905762,-0.04732038080692291,attack,No
3664,0,1,0.8354835411997897,-0.19981572031974792,-1.8248157501220703,attack,Yes
3665,0,0,0.04742587082142043,-3.0720651149749756,-0.07206506282091141,attack,No
3666,0,1,0.817574471748733,-0.23484686017036438,-1.734846830368042,attack,Yes
3667,0,0,0.2942149783515162,-1.2458288669586182,-0.37082889676094055,attack,No
3668,0,0,0.32082130731838393,-1.171893835067749,-0.4218938648700714,attack,No
3669,0,0,0.1066905854244781,-2.267122268676758,-0.14212217926979065,attack,No
3670,0,0,0.13296425050508953,-2.044248580932617,-0.16924867033958435,attack,No
3671,0,1,0.7772998714925403,-0.2713457942008972,-1.521345853805542,attack,Yes
3672,0,0,0.06008665354025422,-2.8455939292907715,-0.09559398889541626,attack,No
3673,0,1,0.6224593171945417,-0.5191057324409485,-1.0191056728363037,attack,Yes
3674,0,0,0.22270014914315833,-1.5479276180267334,-0.2979276776313782,attack,No
3675,0,1,0.8175744695262777,-0.22029297053813934,-1.7202929258346558,attack,Yes
3676,0,0,0.02033235208119306,-3.922400712966919,-0.04740064963698387,attack,No
3677,0,0,0.01098694352115014,-4.541406154632568,-0.041406236588954926,attack,No
3678,0,0,0.02033235304584329,-3.9385616779327393,-0.06356166303157806,attack,No
3679,0,1,0.5621765008857981,-0.6092038154602051,-0.8592038154602051,attack,Yes
3680,0,1,0.5926665999540697,-0.5723850727081299,-0.9473850727081299,attack,Yes
3681,0,1,0.9924227596005588,-0.015377882868051529,-4.890377998352051,attack,Yes
3682,0,1,0.8354835371034369,-0.21039140224456787,-1.8353914022445679,attack,Yes
3683,0,0,0.0019267347349656422,-6.314666271209717,-0.06466630846261978,attack,No
3684,0,1,0.9046505331728751,-0.11895515769720078,-2.368955135345459,attack,Yes
3685,0,0,0.1480471961522176,-1.9474786520004272,-0.19747863709926605,attack,No
3686,0,0,0.34864513533394575,-1.0884658098220825,-0.4634658098220825,attack,No
3687,0,1,0.798186768138228,-0.25941091775894165,-1.6344108581542969,attack,Yes
3688,0,0,0.00048785722450755167,-7.663780212402344,-0.038780421018600464,attack,No
3689,0,0,0.012431649115226305,-4.4664459228515625,-0.09144578129053116,attack,No
3690,0,1,0.9525741263175447,-0.058068763464689255,-3.0580687522888184,attack,Yes
3691,0,0,0.0046095727605307705,-5.459192276000977,-0.08419240266084671,attack,No
3692,0,0,0.04742587486052853,-3.0748462677001953,-0.0748463049530983,attack,No
3693,0,0,0.0035936018344303144,-5.742950439453125,-0.11795023083686829,attack,No
3694,0,0,0.007577241912172197,-4.9170050621032715,-0.04200514778494835,attack,No
3695,0,0,0.01243164842918972,-4.431135177612305,-0.05613498017191887,attack,No
3696,0,1,0.8933094131553264,-0.12888352572917938,-2.2538836002349854,attack,Yes
3697,0,0,0.22270014914315833,-1.5367813110351562,-0.286781370639801,attack,No
3698,0,0,0.042087729117139754,-3.201749324798584,-0.07674935460090637,attack,No
3699,0,0,0.20181321265898594,-1.6262471675872803,-0.2512471079826355,attack,No
3700,0,0,0.3486451488696663,-1.0806138515472412,-0.455613911151886,attack,No
3701,0,0,0.11920292515117029,-2.155862808227539,-0.15586283802986145,attack,No
3702,0,0,0.32082130082460697,-1.1681385040283203,-0.4181385040283203,attack,No
3703,0,0,0.10669058684467357,-2.323093891143799,-0.19809381663799286,attack,No
3704,0,1,0.5926665999540697,-0.5491598844528198,-0.9241598844528198,attack,Yes
3705,0,0,0.0013250226587612664,-6.681496620178223,-0.05649680271744728,attack,No
3706,0,0,0.4073334000459302,-0.9236523509025574,-0.5486523509025574,attack,No
3707,0,0,0.005220125828973193,-5.281998634338379,-0.031998660415410995,attack,No
3708,0,1,0.9796676473622778,-0.028782570734620094,-3.903782606124878,attack,Yes
3709,0,1,0.9669140254249554,-0.044159770011901855,-3.4191598892211914,attack,Yes
3710,0,0,0.009708477914104884,-4.678709030151367,-0.053709179162979126,attack,No
3711,0,0,0.01098694380450919,-4.554571151733398,-0.05457125976681709,attack,No
3712,0,0,0.10669059678604234,-2.275294303894043,-0.15029433369636536,attack,No
3713,0,1,0.5312093733737563,-0.6719494462013245,-0.7969494462013245,attack,Yes
3714,0,0,0.32082130731838393,-1.1636029481887817,-0.4136029779911041,attack,No
3715,0,0,0.3486451488696663,-1.0966322422027588,-0.47163230180740356,attack,No
3716,0,1,0.5312093733737563,-0.6748663187026978,-0.7998663187026978,attack,Yes
3717,0,1,0.7772998663336157,-0.2739722430706024,-1.5239722728729248,attack,Yes
3718,0,1,0.754914975839675,-0.3055921196937561,-1.4305920600891113,attack,Yes
3719,0,0,0.002182716234394082,-6.2069783210754395,-0.0819782242178917,attack,No
3720,0,1,0.8519527982093668,-0.17069664597511292,-1.9206966161727905,attack,Yes
3721,0,0,0.0052201246876200265,-5.294090270996094,-0.04409007728099823,attack,No
3722,0,0,0.0019267346633274755,-6.322341442108154,-0.0723414421081543,attack,No
3723,0,1,0.6513548782017746,-0.45613712072372437,-1.0811371803283691,attack,Yes
3724,0,1,0.6513548511303336,-0.4426725506782532,-1.0676724910736084,attack,Yes
3725,0,0,0.008577483386221569,-4.8480119705200195,-0.09801173210144043,attack,No
3726,0,0,0.004609571529846373,-5.417857646942139,-0.04285750538110733,attack,No
3727,0,0,0.14804719239327382,-1.92876398563385,-0.17876394093036652,attack,No
3728,0,0,0.0028009265717294646,-5.926916599273682,-0.0519164577126503,attack,No
3729,0,0,0.02033235542036712,-3.919049024581909,-0.04404912889003754,attack,No
3730,0,0,0.24508500761839525,-1.4519741535186768,-0.32697412371635437,attack,No
3731,0,1,0.622459324198198,-0.4970814287662506,-0.9970813989639282,attack,Yes
3732,0,0,0.029312231175339414,-3.5783417224884033,-0.07834173738956451,attack,No
3733,0,0,0.4378234991142019,-0.8792719841003418,-0.6292719841003418,attack,No
3734,0,0,0.04742587082142043,-3.083174228668213,-0.08317417651414871,attack,No
3735,0,1,0.8175744695262777,-0.22111646831035614,-1.7211164236068726,attack,Yes
3736,0,1,0.7057850154599563,-0.37382084131240845,-1.2488207817077637,attack,Yes
3737,0,0,0.0021827169483824974,-6.166261196136475,-0.041261427104473114,attack,No
3738,0,0,0.46879062662624377,-0.7826608419418335,-0.6576608419418335,attack,No
3739,0,1,0.9149009561531425,-0.10327742993831635,-2.4782774448394775,attack,Yes
3740,0,0,0.13296424706933604,-2.050640344619751,-0.17564040422439575,attack,No
3741,0,0,0.10669058968506456,-2.255995035171509,-0.1309949904680252,attack,No
3742,0,0,0.22270014398423357,-1.5478806495666504,-0.2978806793689728,attack,No
3743,0,1,0.5621765008857981,-0.5998989343643188,-0.8498989343643188,attack,Yes
3744,0,0,0.01098694453314677,-4.56024694442749,-0.06024711951613426,attack,No
3745,0,1,0.8807970904940926,-0.14146268367767334,-2.141462802886963,attack,Yes
3746,0,0,0.04208773031866069,-3.206981897354126,-0.08198195695877075,attack,No
3747,0,0,0.017986211738656763,-4.044700622558594,-0.04470072314143181,attack,No
3748,0,0,0.4378234991142019,-0.8465502858161926,-0.5965502858161926,attack,No
3749,0,1,0.8933093989533708,-0.1259356290102005,-2.2509355545043945,attack,Yes
3750,0,1,0.9149009636941993,-0.10205782204866409,-2.477057933807373,attack,Yes
3751,0,1,0.6224593312018546,-0.49809134006500244,-0.9980913400650024,attack,Yes
3752,0,0,0.34864513533394575,-1.0913456678390503,-0.4663456678390503,attack,No
3753,0,1,0.9579122689303888,-0.05262764170765877,-3.1776275634765625,attack,Yes
3754,0,0,0.0024726230647501447,-6.092020511627197,-0.09202047437429428,attack,No
3755,0,0,0.025957358328060655,-3.6783511638641357,-0.053351208567619324,attack,No
3756,0,0,0.01590639054554718,-4.179203510284424,-0.05420343577861786,attack,No
3757,0,1,0.8670357598021706,-0.16286706924438477,-2.0378670692443848,attack,Yes
3758,0,1,0.9241418158002492,-0.09920626878738403,-2.5992062091827393,attack,Yes
3759,0,1,0.9324533036984186,-0.10624583810567856,-2.731245756149292,attack,Yes
3760,0,0,0.02931222757148327,-3.5416862964630127,-0.04168618470430374,attack,No
3761,0,0,0.34864513533394575,-1.0683860778808594,-0.4433860778808594,attack,No
3762,0,1,0.7772998663336157,-0.2689647376537323,-1.5189647674560547,attack,Yes
3763,0,0,0.34864513533394575,-1.0795938968658447,-0.4545938968658447,attack,No
3764,0,0,0.03308597743528921,-3.4383106231689453,-0.06331059336662292,attack,No
3765,0,0,0.008577483449580639,-4.80759859085083,-0.057598359882831573,attack,No
3766,0,0,0.03308597803117354,-3.431986093521118,-0.05698608234524727,attack,No
3767,0,0,0.003593603421783772,-5.662541389465332,-0.037541624158620834,attack,No
3768,0,1,0.731058584489497,-0.3423018157482147,-1.342301845550537,attack,Yes
3769,0,0,0.02033235141335831,-3.950981855392456,-0.0759817585349083,attack,No
3770,0,0,0.03308597958047282,-3.442723274230957,-0.06772331148386002,attack,No
3771,0,0,0.03732688332823794,-3.3310182094573975,-0.08101809769868851,attack,No
3772,0,0,0.002182716502139711,-6.170364856719971,-0.04536488279700279,attack,No
3773,0,0,0.006692850107008852,-5.062445163726807,-0.06244504079222679,attack,No
3774,0,0,0.053403330929736405,-2.9731295108795166,-0.09812953323125839,attack,No
3775,0,0,0.029312229903390143,-3.5637378692626953,-0.06373783946037292,attack,No
3776,0,0,0.06008665606493926,-2.8659567832946777,-0.11595688760280609,attack,No
3777,0,1,0.7981867801399695,-0.23893700540065765,-1.6139370203018188,attack,Yes
3778,0,0,0.04742587688008271,-3.091430902481079,-0.09143098443746567,attack,No
3779,0,1,0.9840936071802311,-0.01984269544482231,-4.144842624664307,attack,Yes
3780,0,1,0.6513548646660542,-0.45686662197113037,-1.0818666219711304,attack,Yes
3781,0,0,0.18242552602881168,-1.7343392372131348,-0.23433925211429596,attack,No
3782,0,1,0.798186768138228,-0.24353128671646118,-1.6185312271118164,attack,Yes
3783,0,0,0.10669060104662924,-2.2643258571624756,-0.13932593166828156,attack,No
3784,0,0,0.0019267343696110198,-6.2901692390441895,-0.040169086307287216,attack,No
3785,0,0,0.2942149845400438,-1.2446060180664062,-0.369606077671051,attack,No
3786,0,0,0.01798621193605291,-4.044642925262451,-0.044643037021160126,attack,No
3787,0,0,0.01798621167285805,-4.106779098510742,-0.10677919536828995,attack,No
3788,0,0,0.24508500761839525,-1.4255895614624023,-0.30058953166007996,attack,No
3789,0,0,0.012431651950844584,-4.422163486480713,-0.047163575887680054,attack,No
3790,0,0,0.4073334000459302,-0.9436366558074951,-0.5686366558074951,attack,No
3791,0,0,0.2689414213699951,-1.3382558822631836,-0.3382558822631836,attack,No
3792,0,0,0.047425869811643456,-3.069167137145996,-0.06916706264019012,attack,No
3793,0,0,0.24508501864634827,-1.4285730123519897,-0.30357304215431213,attack,No
3794,0,0,0.0028009269255008114,-5.907899856567383,-0.03289984166622162,attack,No
3795,0,0,0.0330859819640103,-3.4573071002960205,-0.08230721205472946,attack,No
3796,0,0,0.001169510421715644,-6.830928802490234,-0.08092893660068512,attack,No
3797,0,1,0.5621765008857981,-0.5921570658683777,-0.8421570658683777,attack,Yes
3798,0,0,0.015906393169649247,-4.183924198150635,-0.05892429128289223,attack,No
3799,0,0,0.04208773031866069,-3.1912431716918945,-0.0662432312965393,attack,No
3800,0,1,0.893309401793762,-0.12653832137584686,-2.2515382766723633,attack,Yes
3801,0,0,0.0031726828896118543,-5.823836326599121,-0.07383634150028229,attack,No
3802,0,0,0.08509905138791504,-2.49682354927063,-0.12182363122701645,attack,No
3803,0,0,0.0024726227707193528,-6.051275253295898,-0.0512750968337059,attack,No
3804,0,0,0.1480472036701053,-1.9471532106399536,-0.1971532553434372,attack,No
3805,0,0,0.004070136870255261,-5.547369480133057,-0.04736927151679993,attack,No
3806,0,0,0.009708476445658299,-4.68379020690918,-0.05879020318388939,attack,No
3807,0,0,0.0758581763650499,-2.6018640995025635,-0.1018640473484993,attack,No
3808,0,0,0.29421496597446145,-1.2435362339019775,-0.36853620409965515,attack,No
3809,0,0,0.11920291263495983,-2.1637613773345947,-0.16376128792762756,attack,No
3810,0,1,0.9820137862215829,-0.031333185732364655,-4.031332969665527,attack,Yes
3811,0,1,0.6791786926816161,-0.41019144654273987,-1.1601914167404175,attack,Yes
3812,0,0,0.11920291576401235,-2.174989700317383,-0.17498964071273804,attack,No
3813,0,0,0.009708476266579462,-4.705124855041504,-0.08012483268976212,attack,No
3814,0,1,0.8807970795424088,-0.14276956021785736,-2.1427695751190186,attack,Yes
3815,0,0,0.37754066879814546,-1.0153987407684326,-0.5153987407684326,attack,No
3816,0,1,0.9241418152779357,-0.09651262313127518,-2.59651255607605,attack,Yes
3817,0,0,0.025957356915230906,-3.6675264835357666,-0.042526472359895706,attack,No
3818,0,0,0.32082130731838393,-1.161544680595398,-0.41154471039772034,attack,No
3819,0,1,0.6513548511303336,-0.4523330330848694,-1.0773329734802246,attack,Yes
3820,0,1,0.9465966660571644,-0.06557615846395493,-2.9405760765075684,attack,Yes
3821,0,0,0.06008665311947337,-2.8385653495788574,-0.0885654017329216,attack,No
3822,0,0,0.009708478308078396,-4.683948040008545,-0.05894822999835014,attack,No
3823,0,0,0.05340333055309901,-2.9635117053985596,-0.08851172029972076,attack,No
3824,0,1,0.8933094145755219,-0.12595286965370178,-2.250952959060669,attack,Yes
3825,0,0,0.32082130082460697,-1.1710286140441895,-0.42102861404418945,attack,No
3826,0,0,0.015906393986036643,-4.175248146057129,-0.050248291343450546,attack,No
3827,0,0,0.4073334000459302,-0.9469272494316101,-0.5719272494316101,attack,No
3828,0,1,0.7981867801399695,-0.24685131013393402,-1.6218513250350952,attack,Yes
3829,0,0,0.29421497216298875,-1.2644742727279663,-0.3894742727279663,attack,No
3830,0,0,0.26894141551050293,-1.3409805297851562,-0.34098049998283386,attack,No
3831,0,1,0.817574471748733,-0.21469512581825256,-1.7146950960159302,attack,Yes
3832,0,1,0.8807970858005139,-0.14169280230998993,-2.141692876815796,attack,Yes
3833,0,1,0.5312093733737563,-0.6634133458137512,-0.7884133458137512,attack,Yes
3834,0,1,0.754914975839675,-0.3064027428627014,-1.4314026832580566,attack,Yes
3835,0,1,0.7057850340255386,-0.3797554671764374,-1.2547554969787598,attack,Yes
3836,0,0,0.006692850280370419,-5.027922630310059,-0.027922533452510834,attack,No
3837,0,0,0.11920292671569666,-2.1556808948516846,-0.15568093955516815,attack,No
3838,0,0,0.13296423676207594,-2.0421032905578613,-0.16710326075553894,attack,No
3839,0,0,0.010986942063875151,-4.541012763977051,-0.0410127118229866,attack,No
3840,0,0,0.04742587385075148,-3.0719428062438965,-0.07194282114505768,attack,No
3841,0,0,0.004609573102387605,-5.43506383895874,-0.06006404012441635,attack,No
3842,0,1,0.893309401793762,-0.12812380492687225,-2.2531237602233887,attack,Yes
3843,0,0,0.0013250226439726056,-6.660481929779053,-0.035482101142406464,attack,No
3844,0,0,0.004070137564888817,-5.553682327270508,-0.05368229001760483,attack,No
3845,0,0,0.06008664512463808,-2.860473155975342,-0.11047306656837463,attack,No
3846,0,1,0.7057850216484838,-0.36795738339424133,-1.242957353591919,attack,Yes
3847,0,0,0.46879062662624377,-0.8060284852981567,-0.6810284852981567,attack,No
3848,0,0,0.08509905022775233,-2.497390031814575,-0.12239009886980057,attack,No
3849,0,0,0.16451646494473965,-1.851051926612854,-0.2260519415140152,attack,No
3850,0,1,0.9241418236349501,-0.09148091822862625,-2.5914809703826904,attack,Yes
3851,0,1,0.5926665999540697,-0.5715635418891907,-0.9465635418891907,attack,Yes
3852,0,0,0.13296423160844623,-2.0433576107025146,-0.16835753619670868,attack,No
3853,0,0,0.37754066879814546,-0.9945817589759827,-0.49458175897598267,attack,No
3854,0,1,0.7057850154599563,-0.3699694275856018,-1.244969367980957,attack,Yes
3855,0,0,0.37754066879814546,-1.0165610313415527,-0.5165610313415527,attack,No
3856,0,0,0.03732688573777281,-3.3217661380767822,-0.07176609337329865,attack,No
3857,0,1,0.7057850278370112,-0.385143518447876,-1.260143518447876,attack,Yes
3858,0,0,0.11920292358664389,-2.156287670135498,-0.15628768503665924,attack,No
3859,0,0,0.46879062662624377,-0.7983596920967102,-0.6733596920967102,attack,No
3860,0,1,0.9796676476219914,-0.02693481370806694,-3.901934862136841,attack,Yes
3861,0,0,0.2689414213699951,-1.3402687311172485,-0.34026873111724854,attack,No
3862,0,0,0.05340332641008787,-2.9844400882720947,-0.10944002121686935,attack,No
3863,0,0,0.10669058968506456,-2.2582602500915527,-0.13326020538806915,attack,No
3864,0,1,0.9840936078799917,-0.022312667220830917,-4.147312641143799,attack,Yes
3865,0,0,0.06754669160889748,-2.7490234375,-0.1240234449505806,attack,No
3866,0,1,0.7772998611746911,-0.2648886442184448,-1.5148886442184448,attack,Yes
3867,0,0,0.022977369742764476,-3.835352659225464,-0.08535265177488327,attack,No
3868,0,0,0.014063629935885703,-4.298227310180664,-0.048227518796920776,attack,No
3869,0,0,0.012431653505861328,-4.443264484405518,-0.06826470047235489,attack,No
3870,0,1,0.679178699175393,-0.44618189334869385,-1.1961818933486938,attack,Yes
3871,0,0,0.005220124552205261,-5.293588161468506,-0.04358794167637825,attack,No
3872,0,0,0.0024726228901693578,-6.032432556152344,-0.032432448118925095,attack,No
3873,0,1,0.7057850154599563,-0.3767905831336975,-1.2517905235290527,attack,Yes
3874,0,0,0.03308598053388778,-3.4567792415618896,-0.08177930861711502,attack,No
3875,0,0,0.001501182446591119,-6.540362358093262,-0.040362484753131866,attack,No
3876,0,0,0.08509905022775233,-2.4870638847351074,-0.1120639517903328,attack,No
3877,0,0,0.0031726830427735208,-5.779880523681641,-0.0298805870115757,attack,No
3878,0,0,0.24508501313237172,-1.4575880765914917,-0.3325880765914917,attack,No
3879,0,0,0.4073334000459302,-0.9328135251998901,-0.5578135251998901,attack,No
3880,0,1,0.6791787056691698,-0.4122558534145355,-1.162255883216858,attack,Yes
3881,0,0,0.32082129433083023,-1.1813199520111084,-0.431319922208786,attack,No
3882,0,0,0.09534947132582737,-2.379798412322998,-0.12979848682880402,attack,No
3883,0,0,0.16451645470385742,-1.851179599761963,-0.22617954015731812,attack,No
3884,0,0,0.37754066879814546,-1.0100840330123901,-0.5100840330123901,attack,No
3885,0,1,0.8175744828610095,-0.21556706726551056,-1.7155671119689941,attack,Yes
3886,0,0,0.11920292828022305,-2.168462038040161,-0.1684620976448059,attack,No
3887,0,0,0.08509904558710156,-2.476128101348877,-0.10112810879945755,attack,No
3888,0,1,0.8175744761936437,-0.22550177574157715,-1.7255017757415771,attack,Yes
3889,0,0,0.0028009268266529306,-5.898669242858887,-0.02366919256746769,attack,No
3890,0,1,0.7057850216484838,-0.3863181173801422,-1.2613180875778198,attack,Yes
3891,0,1,0.9241418220680101,-0.10192272067070007,-2.6019227504730225,attack,Yes
3892,0,0,0.0066928505527957495,-5.055636882781982,-0.055636826902627945,attack,No
3893,0,0,0.04208772791561884,-3.2066330909729004,-0.08163309097290039,attack,No
3894,0,0,0.4073334000459302,-0.922204315662384,-0.547204315662384,attack,No
3895,0,1,0.6224593312018546,-0.5017763376235962,-1.0017763376235962,attack,Yes
3896,0,1,0.9241418278134569,-0.09451497346162796,-2.594515085220337,attack,Yes
3897,0,0,0.02033235363947422,-3.944833278656006,-0.06983329355716705,attack,No
3898,0,0,0.06754668550840877,-2.7131540775299072,-0.08815398812294006,attack,No
3899,0,0,0.37754066879814546,-0.9933373332023621,-0.49333733320236206,attack,No
3900,0,0,0.4073334000459302,-0.9139543175697327,-0.5389543175697327,attack,No
3901,0,1,0.9706877689306563,-0.0401156060397625,-3.5401155948638916,attack,Yes
3902,0,0,0.13296424878721277,-2.0542211532592773,-0.1792212277650833,attack,No
3903,0,0,0.0024726228901693578,-6.0363311767578125,-0.036331068724393845,attack,No
3904,0,0,0.16451646904109268,-1.834350824356079,-0.20935086905956268,attack,No
3905,0,1,0.5926665999540697,-0.572715699672699,-0.947715699672699,attack,Yes
3906,0,0,0.18242552380635632,-1.7235312461853027,-0.22353124618530273,attack,No
3907,0,0,0.005911068943804928,-5.186214923858643,-0.06121493875980377,attack,No
3908,0,0,0.5,-0.7149547338485718,-0.7149547338485718,attack,No
3909,0,0,0.1480472055495773,-1.9289696216583252,-0.17896968126296997,attack,No
3910,0,1,0.731058584489497,-0.33342835307121277,-1.3334283828735352,attack,Yes
3911,0,0,0.08509904500702024,-2.5011935234069824,-0.12619352340698242,attack,No
3912,0,0,0.012431649115226305,-4.442811012268066,-0.06781087070703506,attack,No
3913,0,0,0.46879062662624377,-0.7922323942184448,-0.6672323942184448,attack,No
3914,0,0,0.0005527787439459839,-7.563204765319824,-0.06320495903491974,attack,No
3915,0,0,0.06754668738548215,-2.7111058235168457,-0.08610576391220093,attack,No
3916,0,0,0.0066928495621582365,-5.030233383178711,-0.030233178287744522,attack,No
3917,0,0,0.46879062662624377,-0.7731215953826904,-0.6481215953826904,attack,No
3918,0,1,0.817574478416099,-0.21464155614376068,-1.7146415710449219,attack,Yes
3919,0,1,0.7981867777396212,-0.2582913637161255,-1.6332913637161255,attack,Yes
3920,0,0,0.01798621167285805,-4.066598415374756,-0.06659851223230362,attack,No
3921,0,0,0.0010322309407200497,-6.92484188079834,-0.04984178766608238,attack,No
3922,0,1,0.7310585786300049,-0.3411402702331543,-1.3411402702331543,attack,Yes
3923,0,0,0.00280092637923625,-5.901429653167725,-0.026429442688822746,attack,No
3924,0,0,0.5,-0.7460777759552002,-0.7460777759552002,attack,No
3925,0,1,0.7981867801399695,-0.24011431634426117,-1.6151143312454224,attack,Yes
3926,0,0,0.11920291576401235,-2.1502280235290527,-0.15022796392440796,attack,No
3927,0,0,0.010986942752032762,-4.529486656188965,-0.02948666736483574,attack,No
3928,0,0,0.01590639077880068,-4.190469264984131,-0.06546920537948608,attack,No
3929,0,0,0.24508500761839525,-1.4254001379013062,-0.30040010809898376,attack,No
3930,0,0,0.5,-0.716320276260376,-0.716320276260376,attack,No
3931,0,0,0.2942149597859341,-1.2791731357574463,-0.4041730761528015,attack,No
3932,0,1,0.9706877720045336,-0.04694976657629013,-3.546949863433838,attack,Yes
3933,0,0,0.0019267343194643127,-6.331264495849609,-0.08126431703567505,attack,No
3934,0,1,0.9046505395995929,-0.1139649823307991,-2.3639650344848633,attack,Yes
3935,0,0,0.0066928493887966865,-5.076873779296875,-0.0768735483288765,attack,No
3936,0,0,0.18242553047372242,-1.7240452766418457,-0.22404532134532928,attack,No
3937,0,0,0.20181323186177208,-1.6406171321868896,-0.2656171917915344,attack,No
3938,0,0,0.14804720179063335,-1.9432131052017212,-0.19321313500404358,attack,No
3939,0,0,0.16451646699291617,-1.8366334438323975,-0.21163347363471985,attack,No
3940,0,0,0.24508501864634827,-1.434390902519226,-0.30939093232154846,attack,No
3941,0,0,0.029312230963347865,-3.559891700744629,-0.0598917081952095,attack,No
3942,0,1,0.9241418215456966,-0.09358570724725723,-2.593585729598999,attack,Yes
3943,0,0,0.5,-0.7272172570228577,-0.7272172570228577,attack,No
3944,0,0,0.004070138017910765,-5.530625343322754,-0.030625417828559875,attack,No
3945,0,0,0.06754669630158146,-2.718031167984009,-0.09303124994039536,attack,No
3946,0,0,0.0005527786739698072,-7.570913314819336,-0.07091338187456131,attack,No
3947,0,0,0.5,-0.7336614727973938,-0.7336614727973938,attack,No
3948,0,0,0.1645164608483867,-1.8230336904525757,-0.1980336755514145,attack,No
3949,0,0,0.26894141551050293,-1.356918215751648,-0.35691818594932556,attack,No
3950,0,1,0.5621765008857981,-0.6127437353134155,-0.8627437353134155,attack,Yes
3951,0,0,0.01590638961253321,-4.242230415344238,-0.11723028123378754,attack,No
3952,0,0,0.0474258704848281,-3.06538462638855,-0.06538456678390503,attack,No
3953,0,0,0.014063626423394072,-4.294073581695557,-0.04407353699207306,attack,No
3954,0,0,0.007577241660050344,-4.944880485534668,-0.06988053768873215,attack,No
3955,0,0,0.0028009266965899346,-5.933148384094238,-0.05814828723669052,attack,No
3956,0,0,0.008577484114850882,-4.788997173309326,-0.038997020572423935,attack,No
3957,0,0,0.0035936017677348064,-5.663358211517334,-0.03835798427462578,attack,No
3958,0,0,0.0600866476493228,-2.855001449584961,-0.10500140488147736,attack,No
3959,0,1,0.5312093733737563,-0.6520317792892456,-0.7770317792892456,attack,Yes
3960,0,0,0.10669058400428263,-2.2915291786193848,-0.1665290743112564,attack,No
3961,0,0,0.01798621219924777,-4.073736667633057,-0.07373679429292679,attack,No
3962,0,1,0.9046505440982949,-0.11294735968112946,-2.362947463989258,attack,Yes
3963,0,0,0.37754066879814546,-1.0096714496612549,-0.5096714496612549,attack,No
3964,0,0,0.2018132150593341,-1.6095497608184814,-0.23454971611499786,attack,No
3965,0,0,0.0024726230647501447,-6.064738750457764,-0.06473871320486069,attack,No
3966,0,0,0.03732688332823794,-3.3218791484832764,-0.07187903672456741,attack,No
3967,0,0,0.03308598172565655,-3.457641363143921,-0.08264146745204926,attack,No
3968,0,0,0.20181322226037882,-1.6259586811065674,-0.2509586811065674,attack,No
3969,0,0,0.13296424706933604,-2.0380868911743164,-0.16308695077896118,attack,No
3970,0,0,0.20181322226037882,-1.632633090019226,-0.2576330900192261,attack,No
3971,0,0,0.06008665480259672,-2.841714382171631,-0.09171446412801743,attack,No
3972,0,0,0.29421496597446145,-1.2622684240341187,-0.38726839423179626,attack,No
3973,0,1,0.867035771827307,-0.16137351095676422,-2.0363736152648926,attack,Yes
3974,0,0,0.06008665522337757,-2.8387668132781982,-0.0887669026851654,attack,No
3975,0,0,0.46879062662624377,-0.7745511531829834,-0.6495511531829834,attack,No
3976,0,0,0.0028009266445647384,-5.904423236846924,-0.029423121362924576,attack,No
3977,0,0,0.008577487441202876,-4.801776885986328,-0.05177712440490723,attack,No
3978,0,0,0.0040701376101910085,-5.559249401092529,-0.05924937501549721,attack,No
3979,0,0,0.24508501864634827,-1.470203161239624,-0.3452031910419464,attack,No
3980,0,0,0.1329642384799526,-2.0302610397338867,-0.15526102483272552,attack,No
3981,0,0,0.02297736756836975,-3.821830987930298,-0.0718308836221695,attack,No
3982,0,0,0.005220124552205261,-5.289178371429443,-0.03917815163731575,attack,No
3983,0,0,0.007577241295874348,-4.917454719543457,-0.04245472326874733,attack,No
3984,0,1,0.880797068590724,-0.15429553389549255,-2.1542954444885254,attack,Yes
3985,0,1,0.7772998560157665,-0.26079538464546204,-1.5107953548431396,attack,Yes
3986,0,0,0.10669060530721626,-2.279806613922119,-0.1548067331314087,attack,No
3987,0,0,0.020332353936289693,-3.9147846698760986,-0.03978469967842102,attack,No
3988,0,0,0.04742586947505113,-3.072448968887329,-0.07244888693094254,attack,No
3989,0,0,0.006692851840624736,-5.045773983001709,-0.04577412083745003,attack,No
3990,0,1,0.7981867777396212,-0.25096869468688965,-1.6259686946868896,attack,Yes
3991,0,0,0.16451646494473965,-1.8228020668029785,-0.1978020817041397,attack,No
3992,0,0,0.009708477627578704,-4.655369758605957,-0.030369877815246582,attack,No
3993,0,0,0.11920291419948606,-2.1477506160736084,-0.14775054156780243,attack,No
3994,0,1,0.6224593312018546,-0.49590766429901123,-0.9959076642990112,attack,Yes
3995,0,0,0.29421497216298875,-1.2446759939193726,-0.36967599391937256,attack,No
3996,0,0,0.46879062662624377,-0.7874330282211304,-0.6624330282211304,attack,No
3997,0,0,0.0013250226686203736,-6.6645684242248535,-0.03956861421465874,attack,No
3998,0,1,0.9706877704145973,-0.03716369345784187,-3.537163734436035,attack,Yes
3999,0,1,0.9525741216052517,-0.053856488317251205,-3.053856372833252,attack,Yes
4000,0,0,0.08509904152653235,-2.4875943660736084,-0.11259432137012482,attack,No
4001,0,1,0.7772998714925403,-0.283200204372406,-1.5332002639770508,attack,Yes
4002,0,0,0.11920292515117029,-2.147432804107666,-0.1474328339099884,attack,No
4003,0,1,0.679178699175393,-0.4120194911956787,-1.1620194911956787,attack,Yes
4004,0,1,0.5926665999540697,-0.5545406937599182,-0.9295406937599182,attack,Yes
4005,0,0,0.2018132270610754,-1.6401156187057495,-0.2651156485080719,attack,No
4006,0,0,0.1645164628965632,-1.8243309259414673,-0.19933092594146729,attack,No
4007,0,1,0.8519528038477825,-0.18035171926021576,-1.930351734161377,attack,Yes
4008,0,0,0.029312230221377453,-3.559692859649658,-0.05969284102320671,attack,No
4009,0,0,0.010986944897465581,-4.5545501708984375,-0.054550379514694214,attack,No
4010,0,0,0.02033235141335831,-3.9221749305725098,-0.047174833714962006,attack,No
4011,0,0,0.46879062662624377,-0.7920082211494446,-0.6670082211494446,attack,No
4012,0,0,0.46879062662624377,-0.7837802767753601,-0.6587802767753601,attack,No
4013,0,0,0.0046095722990240826,-5.4135613441467285,-0.038561370223760605,attack,No
4014,0,0,0.047425869811643456,-3.1179702281951904,-0.11797015368938446,attack,No
4015,0,1,0.9669140218496496,-0.047180406749248505,-3.422180414199829,attack,Yes
4016,0,0,0.014063623892334462,-4.3027238845825195,-0.052723657339811325,attack,No
4017,0,0,0.009708476230763695,-4.683632850646973,-0.05863282456994057,attack,No
4018,0,0,0.009708477018710597,-4.668885707855225,-0.043885763734579086,attack,No
4019,0,1,0.9579122720843811,-0.0507504940032959,-3.175750494003296,attack,Yes
4020,0,0,0.008577486047302837,-4.7923264503479,-0.04232652485370636,attack,No
4021,0,0,0.37754066879814546,-1.0103819370269775,-0.5103819370269775,attack,No
4022,0,1,0.7981867873410141,-0.24699825048446655,-1.6219983100891113,attack,Yes
4023,0,0,0.03308598029553404,-3.4572131633758545,-0.08221322298049927,attack,No
4024,0,1,0.9579122750881832,-0.04879920184612274,-3.1737992763519287,attack,Yes
4025,0,0,0.1645164628965632,-1.8333255052566528,-0.20832550525665283,attack,No
4026,0,0,0.22270012850745968,-1.5315990447998047,-0.2815989851951599,attack,No
4027,0,0,0.007577241491969114,-4.921111106872559,-0.04611113667488098,attack,No
4028,0,1,0.8933094103149354,-0.13453979790210724,-2.259539842605591,attack,Yes
4029,0,1,0.880797081106935,-0.14450761675834656,-2.144507646560669,attack,Yes
4030,0,0,0.001700722145789111,-6.439248561859131,-0.06424840539693832,attack,No
4031,0,0,0.24508500761839525,-1.4570780992507935,-0.33207806944847107,attack,No
4032,0,0,0.0024726231658232377,-6.032468795776367,-0.032468799501657486,attack,No
4033,0,0,0.32082130082460697,-1.1629375219345093,-0.4129375219345093,attack,No
4034,0,0,0.060086647228542,-2.8452892303466797,-0.09528917819261551,attack,No
4035,0,0,0.4073334000459302,-0.9234450459480286,-0.5484450459480286,attack,No
4036,0,0,0.012431652682617146,-4.421438217163086,-0.046438366174697876,attack,No
4037,0,0,0.0015011822902406594,-6.556773662567139,-0.05677368491888046,attack,No
4038,0,1,0.7772998663336157,-0.2658054530620575,-1.5158054828643799,attack,Yes
4039,0,0,0.4378234991142019,-0.8457154631614685,-0.5957154631614685,attack,No
4040,0,1,0.9525741271590255,-0.053949110209941864,-3.0539491176605225,attack,Yes
4041,0,0,0.0035936024480290474,-5.662436485290527,-0.03743644803762436,attack,No
4042,0,0,0.002182715990988994,-6.16574239730835,-0.040742188692092896,attack,No
4043,0,0,0.04208772941751998,-3.1913061141967773,-0.06630615144968033,attack,No
4044,0,0,0.08509904210661365,-2.487464189529419,-0.11246415227651596,attack,No
4045,0,0,0.16451645880021026,-1.845522403717041,-0.22052237391471863,attack,No
4046,0,1,0.6513548646660542,-0.4564528465270996,-1.0814528465270996,attack,Yes
4047,0,0,0.3486451421018059,-1.079075574874878,-0.4540756046772003,attack,No
4048,0,0,0.014063627353171185,-4.319747447967529,-0.06974747031927109,attack,No
4049,0,1,0.7549149923816048,-0.29193052649497986,-1.4169305562973022,attack,Yes
4050,0,0,0.0293122296913986,-3.556295156478882,-0.05629511922597885,attack,No
4051,0,1,0.817574478416099,-0.2309257835149765,-1.7309257984161377,attack,Yes
4052,0,0,0.05340333055309901,-2.959648370742798,-0.08464838564395905,attack,No
4053,0,0,0.0011695102955172048,-6.794393539428711,-0.04439356550574303,attack,No
4054,0,0,0.03308598005718029,-3.463197708129883,-0.08819776028394699,attack,No
4055,0,0,0.20181322466072713,-1.6205071210861206,-0.2455071359872818,attack,No
4056,0,0,0.09534947453918644,-2.3625879287719727,-0.11258804053068161,attack,No
4057,0,0,0.34864513533394575,-1.0793731212615967,-0.4543731212615967,attack,No
4058,0,0,0.08509904268669496,-2.4903035163879395,-0.11530348658561707,attack,No
4059,0,0,0.10669058826486906,-2.264700412750244,-0.13970035314559937,attack,No
4060,0,0,0.32082129433083023,-1.1710020303726196,-0.42100200057029724,attack,No
4061,0,0,0.10669058400428263,-2.276094913482666,-0.15109480917453766,attack,No
4062,0,0,0.0035936020345168464,-5.662505149841309,-0.03750499710440636,attack,No
4063,0,0,0.22270012850745968,-1.5250678062438965,-0.2750677466392517,attack,No
4064,0,0,0.053403324150263734,-2.9684066772460938,-0.0934065654873848,attack,No
4065,0,0,0.03732688680867724,-3.317805767059326,-0.06780575215816498,attack,No
4066,0,0,0.04208772371029592,-3.2060816287994385,-0.08108152449131012,attack,No
4067,0,1,0.8354835289107309,-0.19284683465957642,-1.8178467750549316,attack,Yes
4068,0,0,0.4073334000459302,-0.9364250898361206,-0.5614250898361206,attack,No
4069,0,1,0.5621765008857981,-0.6047329902648926,-0.8547329902648926,attack,Yes
4070,0,1,0.9465966732132748,-0.06848758459091187,-2.9434876441955566,attack,Yes
4071,0,0,0.4378234991142019,-0.8436930179595947,-0.5936930179595947,attack,No
4072,0,1,0.9740426404474868,-0.030324313789606094,-3.6553242206573486,attack,Yes
4073,0,0,0.10669058684467357,-2.2525336742401123,-0.12753359973430634,attack,No
4074,0,0,0.22270012850745968,-1.534501552581787,-0.28450149297714233,attack,No
4075,0,0,0.13296424019782924,-2.063920259475708,-0.188920259475708,attack,No
4076,0,0,0.5,-0.7163268327713013,-0.7163268327713013,attack,No
4077,0,0,0.010986941092358602,-4.566347122192383,-0.06634698063135147,attack,No
4078,0,0,0.01590639322796263,-4.1960554122924805,-0.07105550915002823,attack,No
4079,0,0,0.11920292828022305,-2.159862518310547,-0.15986257791519165,attack,No
4080,0,1,0.5621765008857981,-0.6151700615882874,-0.8651700615882874,attack,Yes
4081,0,1,0.867035771827307,-0.16458190977573395,-2.0395820140838623,attack,Yes
4082,0,1,0.9241418189341297,-0.09977652132511139,-2.59977650642395,attack,Yes
4083,0,1,0.9579122681794381,-0.05481109768152237,-3.1798110008239746,attack,Yes
4084,0,0,0.1066905854244781,-2.2608938217163086,-0.13589373230934143,attack,No
4085,0,0,0.0024726230463732192,-6.029204368591309,-0.029204323887825012,attack,No
4086,0,0,0.1329642333263228,-2.0645735263824463,-0.1895734667778015,attack,No
4087,0,0,0.18242552380635632,-1.7220710515975952,-0.22207105159759521,attack,No
4088,0,1,0.8807970795424088,-0.15385673940181732,-2.1538567543029785,attack,Yes
4089,0,0,0.004609571478567864,-5.434830665588379,-0.05983051285147667,attack,No
4090,0,0,0.0024726235149848627,-6.029330253601074,-0.02933039888739586,attack,No
4091,0,0,0.2018132270610754,-1.6282936334609985,-0.2532936632633209,attack,No
4092,0,1,0.6513548646660542,-0.4454681873321533,-1.0704681873321533,attack,Yes
4093,0,0,0.06008665606493926,-2.835317850112915,-0.0853179544210434,attack,No
4094,0,1,0.7981867873410141,-0.246365487575531,-1.6213655471801758,attack,Yes
4095,0,0,0.009708477484315619,-4.696768760681152,-0.0717688649892807,attack,No
4096,0,1,0.5312093733737563,-0.6751394867897034,-0.8001394867897034,attack,Yes
4097,0,0,0.0534033354493853,-2.972057580947876,-0.09705769270658493,attack,No
4098,0,0,0.02595735813968335,-3.694748878479004,-0.06974891573190689,attack,No
4099,0,1,0.962673116671762,-0.050306446850299835,-3.300306558609009,attack,Yes
4100,0,0,0.46879062662624377,-0.7896047234535217,-0.6646047234535217,attack,No
4101,0,0,0.04208773182056191,-3.2463698387145996,-0.12136993557214737,attack,No
4102,0,1,0.7772998663336157,-0.2779122292995453,-1.5279122591018677,attack,Yes
4103,0,0,0.0035936028882195066,-5.6670966148376465,-0.04209670051932335,attack,No
4104,0,1,0.6791787056691698,-0.39694294333457947,-1.1469429731369019,attack,Yes
4105,0,0,0.02033235423310517,-3.9336395263671875,-0.05863957107067108,attack,No
4106,0,1,0.8807970826714613,-0.13707704842090607,-2.1370770931243896,attack,Yes
4107,0,0,0.06754668785475053,-2.71610689163208,-0.0911068394780159,attack,No
4108,0,1,0.9840936079383049,-0.02511455863714218,-4.1501145362854,attack,Yes
4109,0,0,0.2942149783515162,-1.2512099742889404,-0.3762100040912628,attack,No
4110,0,0,0.06754668973182397,-2.7213428020477295,-0.0963427796959877,attack,No
4111,0,0,0.07585818211049715,-2.6081812381744385,-0.10818126797676086,attack,No
4112,0,0,0.025957355596589873,-3.681654691696167,-0.05665462836623192,attack,No
4113,0,0,0.008577486712573282,-4.807738304138184,-0.05773845687508583,attack,No
4114,0,0,0.11920292828022305,-2.159193277359009,-0.15919333696365356,attack,No
4115,0,0,0.4073334000459302,-0.9165703654289246,-0.5415703654289246,attack,No
4116,0,1,0.5621765008857981,-0.6062793731689453,-0.8562793731689453,attack,Yes
4117,0,1,0.5312093733737563,-0.6718695759773254,-0.7968695759773254,attack,Yes
4118,0,1,0.5312093733737563,-0.6657830476760864,-0.7907830476760864,attack,Yes
4119,0,0,0.2689414213699951,-1.3441108465194702,-0.3441108465194702,attack,No
4120,0,0,0.01406362497707424,-4.313658237457275,-0.06365808844566345,attack,No
4121,0,1,0.904650536386234,-0.11955307424068451,-2.3695530891418457,attack,Yes
4122,0,1,0.5926665999540697,-0.5557697415351868,-0.9307697415351868,attack,Yes
4123,0,0,0.015906388329639098,-4.1959919929504395,-0.07099177688360214,attack,No
4124,0,0,0.06008665354025422,-2.860013484954834,-0.11001354455947876,attack,No
4125,0,0,0.04742587688008271,-3.0785322189331055,-0.07853230088949203,attack,No
4126,0,1,0.9890130575718061,-0.016456585377454758,-4.516456604003906,attack,Yes
4127,0,1,0.622459324198198,-0.4988262951374054,-0.998826265335083,attack,Yes
4128,0,0,0.1480471980316895,-1.9265563488006592,-0.17655634880065918,attack,No
4129,0,1,0.6791786926816161,-0.4066813290119171,-1.1566812992095947,attack,Yes
4130,0,1,0.5621765008857981,-0.5933162569999695,-0.8433162569999695,attack,Yes
4131,0,1,0.9947798738276536,-0.0130482641980052,-5.26304817199707,attack,Yes
4132,0,0,0.06754669348597103,-2.702273368835449,-0.0772734060883522,attack,No
4133,0,1,0.5312093733737563,-0.6750307679176331,-0.8000307679176331,attack,Yes
4134,0,0,0.006692851072880504,-5.040842533111572,-0.040842555463314056,attack,No
4135,0,0,0.042087725812957326,-3.201850414276123,-0.07685036212205887,attack,No
4136,0,0,0.13296424878721277,-2.054748058319092,-0.17974813282489777,attack,No
4137,0,1,0.9046505440982949,-0.1172884851694107,-2.367288589477539,attack,Yes
4138,0,0,0.0024726236344349032,-6.040792465209961,-0.04079265892505646,attack,No
4139,0,0,0.020332353268454884,-3.933861017227173,-0.05886101350188255,attack,No
4140,0,0,0.1329642384799526,-2.0499825477600098,-0.17498253285884857,attack,No
4141,0,0,0.18242552158390105,-1.7487525939941406,-0.24875257909297943,attack,No
4142,0,0,0.24508501313237172,-1.4773218631744385,-0.3523218631744385,attack,No
4143,0,0,0.025957356632664963,-3.6780710220336914,-0.053070999681949615,attack,No
4144,0,1,0.9465966645506146,-0.06637107580900192,-2.941370964050293,attack,Yes
4145,0,0,0.015906390895427426,-4.189631938934326,-0.064631886780262,attack,No
4146,0,0,0.1329642419157059,-2.0503361225128174,-0.17533613741397858,attack,No
4147,0,0,0.04742587385075148,-3.065107583999634,-0.06510759890079498,attack,No
4148,0,1,0.651354857898194,-0.4464888870716095,-1.071488857269287,attack,Yes
4149,0,0,0.16451645675203383,-1.8373914957046509,-0.2123914510011673,attack,No
4150,0,0,0.10669060104662924,-2.2645115852355957,-0.13951165974140167,attack,No
4151,0,0,0.06008665059478843,-2.8457796573638916,-0.0957796648144722,attack,No
4152,0,0,0.014063628747836966,-4.302556037902832,-0.05255616083741188,attack,No
4153,0,0,0.24508501864634827,-1.4352596998214722,-0.31025972962379456,attack,No
4154,0,0,0.4073334000459302,-0.9454574584960938,-0.5704574584960938,attack,No
4155,0,0,0.014063626836628337,-4.326378345489502,-0.07637833058834076,attack,No
4156,0,0,0.0009110510655488055,-7.039134502410889,-0.03913436084985733,attack,No
4157,0,0,0.010986940404201095,-4.554640769958496,-0.05464056506752968,attack,No
4158,0,0,0.07585818054355695,-2.6162664890289307,-0.11626649647951126,attack,No
4159,0,0,0.010986941213798165,-4.532462120056152,-0.0324619896709919,attack,No
4160,0,0,0.3208212878370535,-1.1658546924591064,-0.41585463285446167,attack,No
4161,0,0,0.5,-0.7079951167106628,-0.7079951167106628,attack,No
4162,0,1,0.9241418205010697,-0.08286380022764206,-2.5828638076782227,attack,Yes
4163,0,0,0.012431652957031865,-4.44255256652832,-0.06755273789167404,attack,No
4164,0,0,0.0124316492981694,-4.436638832092285,-0.06163870543241501,attack,No
4165,0,0,0.24508501313237172,-1.4272398948669434,-0.30223989486694336,attack,No
4166,0,0,0.20181322226037882,-1.6144315004348755,-0.2394315004348755,attack,No
4167,0,0,0.09534945654437685,-2.368988275527954,-0.11898817867040634,attack,No
4168,0,1,0.9740426427080145,-0.041455987840890884,-3.6664559841156006,attack,Yes
4169,0,0,0.08509903688588204,-2.5058157444000244,-0.13081564009189606,attack,No
4170,0,0,0.001325022471438242,-6.675499439239502,-0.050499480217695236,attack,No
4171,0,0,0.14804719427274565,-1.951351284980774,-0.20135125517845154,attack,No
4172,0,0,0.07585817688736327,-2.5995724201202393,-0.09957237541675568,attack,No
4173,0,1,0.679178699175393,-0.40351366996765137,-1.1535136699676514,attack,Yes
4174,0,0,0.3486451488696663,-1.1019058227539062,-0.476905882358551,attack,No
4175,0,0,0.00669285052802981,-5.055761814117432,-0.055761754512786865,attack,No
4176,0,0,0.2689414330889798,-1.3488986492156982,-0.348898708820343,attack,No
4177,0,0,0.017986207198546027,-4.048225402832031,-0.048225246369838715,attack,No
4178,0,0,0.37754066879814546,-1.020605444908142,-0.5206054449081421,attack,No
4179,0,0,0.08509903746596333,-2.487722873687744,-0.11272277683019638,attack,No
4180,0,0,0.03732688654095113,-3.342322826385498,-0.09232280403375626,attack,No
4181,0,0,0.00757724009129233,-4.944812774658203,-0.06981261819601059,attack,No
4182,0,0,0.00460957216228137,-5.418017387390137,-0.04301738366484642,attack,No
4183,0,1,0.8933094174159129,-0.1425260305404663,-2.267526149749756,attack,Yes
4184,0,0,0.11920291263495983,-2.1687991619110107,-0.16879907250404358,attack,No
4185,0,0,0.24508501313237172,-1.4452731609344482,-0.32027316093444824,attack,No
4186,0,0,0.2942149597859341,-1.2553493976593018,-0.380349338054657,attack,No
4187,0,0,0.05340333507274787,-2.972752094268799,-0.09775219857692719,attack,No
4188,0,1,0.6791786926816161,-0.4099600613117218,-1.1599600315093994,attack,Yes
4189,0,0,0.1645164608483867,-1.83748197555542,-0.21248196065425873,attack,No
4190,0,1,0.5926665999540697,-0.5514598488807678,-0.9264598488807678,attack,Yes
4191,0,0,0.007577239727116409,-4.932109355926514,-0.057109151035547256,attack,No
4192,0,1,0.8933094060543487,-0.13753843307495117,-2.262538433074951,attack,Yes
4193,0,0,0.005911068352767307,-5.154633045196533,-0.02963295951485634,attack,No
4194,0,1,0.8807970670261975,-0.14480315148830414,-2.144803047180176,attack,Yes
4195,0,0,0.00317268344335022,-5.7831244468688965,-0.033124636858701706,attack,No
4196,0,0,0.0013250222890447963,-6.688847541809082,-0.06384744495153427,attack,No
4197,0,0,0.004070138033011497,-5.547412395477295,-0.04741247370839119,attack,No
4198,0,0,0.003593602501385464,-5.667107582092285,-0.042107559740543365,attack,No
4199,0,0,0.033085981487302796,-3.4423675537109375,-0.06736765056848526,attack,No
4200,0,0,0.4073334000459302,-0.9269715547561646,-0.5519715547561646,attack,No
4201,0,0,0.2018132174596823,-1.6291017532348633,-0.2541017234325409,attack,No
4202,0,0,0.0052201265253921944,-5.2892608642578125,-0.039261024445295334,attack,No
4203,0,0,0.4378234991142019,-0.8505515456199646,-0.6005515456199646,attack,No
4204,0,0,0.0046095725383238405,-5.40976095199585,-0.03476103022694588,attack,No
4205,0,0,0.03732689109229525,-3.3219127655029297,-0.07191286981105804,attack,No
4206,0,0,0.10669059252545564,-2.2750370502471924,-0.1500370353460312,attack,No
4207,0,0,0.03308597624352061,-3.4609014987945557,-0.08590143173933029,attack,No
4208,0,0,0.004070138410529827,-5.547896385192871,-0.04789655655622482,attack,No
4209,0,0,0.004609571769146091,-5.442408084869385,-0.0674079954624176,attack,No
4210,0,0,0.04742587284097443,-3.066986560821533,-0.0669865533709526,attack,No
4211,0,0,0.010986941456677298,-4.549267292022705,-0.04926718398928642,attack,No
4212,0,0,0.03308597517092889,-3.4320201873779297,-0.05702008679509163,attack,No
4213,0,0,0.32082129433083023,-1.167211651802063,-0.4172116219997406,attack,No
4214,0,0,0.14804719239327382,-1.9612374305725098,-0.21123738586902618,attack,No
4215,0,0,0.13296423160844623,-2.0271663665771484,-0.15216629207134247,attack,No
4216,0,0,0.46879062662624377,-0.7697104215621948,-0.6447104215621948,attack,No
4217,0,0,0.11920292515117029,-2.1871650218963623,-0.1871650516986847,attack,No
4218,0,0,0.05340333055309901,-2.963177442550659,-0.08817745745182037,attack,No
4219,0,0,0.2942149783515162,-1.255082607269287,-0.3800826370716095,attack,No
4220,0,1,0.7772998663336157,-0.26986536383628845,-1.5198653936386108,attack,Yes
4221,0,1,0.6513548714339145,-0.4445882737636566,-1.069588303565979,attack,Yes
4222,0,0,0.08509904268669496,-2.482259511947632,-0.10725948214530945,attack,No
4223,0,0,0.5,-0.7172231674194336,-0.7172231674194336,attack,No
4224,0,0,0.060086643862295744,-2.8327090740203857,-0.08270896226167679,attack,No
4225,0,0,0.08509904616718289,-2.485389471054077,-0.11038948595523834,attack,No
4226,0,1,0.9046505267461572,-0.10926637798547745,-2.3592662811279297,attack,Yes
4227,0,0,0.0017007221426266568,-6.395166873931885,-0.02016671560704708,attack,No
4228,0,0,0.04208773121980142,-3.1916747093200684,-0.06667479127645493,attack,No
4229,0,0,0.03732688654095113,-3.3176305294036865,-0.06763050705194473,attack,No
4230,0,0,0.008577486174021013,-4.7976179122924805,-0.04761800169944763,attack,No
4231,0,0,0.06754669677084987,-2.733198404312134,-0.10819849371910095,attack,No
4232,0,0,0.0028009269879310543,-5.926801681518555,-0.051801688969135284,attack,No
4233,0,0,0.0031726832371710297,-5.776620864868164,-0.02662098966538906,attack,No
4234,0,0,0.007577240539508873,-4.952744007110596,-0.07774391025304794,attack,No
4235,0,0,0.0953494674697966,-2.383747100830078,-0.1337471306324005,attack,No
4236,0,0,0.002472622798284738,-6.052293300628662,-0.05229315534234047,attack,No
4237,0,0,0.0021827163966641563,-6.157361030578613,-0.03236100822687149,attack,No
4238,0,0,0.32082130082460697,-1.156895637512207,-0.40689563751220703,attack,No
4239,0,0,0.005911068943804928,-5.180124759674072,-0.05512477457523346,attack,No
4240,0,1,0.6513548511303336,-0.4731171727180481,-1.0981171131134033,attack,Yes
4241,0,0,0.053403333942835626,-2.9989686012268066,-0.1239686831831932,attack,No
4242,0,0,0.08509905138791504,-2.4929497241973877,-0.11794980615377426,attack,No
4243,0,0,0.24508500761839525,-1.4273179769515991,-0.30231794714927673,attack,No
4244,0,0,0.32082130082460697,-1.1642266511917114,-0.4142266511917114,attack,No
4245,0,0,0.025957358045494698,-3.6721572875976562,-0.047157321125268936,attack,No
4246,0,0,0.22270014398423357,-1.5274211168289185,-0.27742114663124084,attack,No
4247,0,1,0.7772998560157665,-0.27587106823921204,-1.5258710384368896,attack,Yes
4248,0,0,0.020332352452212373,-3.9745051860809326,-0.09950514137744904,attack,No
4249,0,0,0.020332352452212373,-3.9226598739624023,-0.04765982925891876,attack,No
4250,0,0,0.46879062662624377,-0.7824083566665649,-0.6574083566665649,attack,No
4251,0,1,0.932453304167687,-0.085362508893013,-2.710362434387207,attack,Yes
4252,0,1,0.8519528000888387,-0.172645702958107,-1.9226456880569458,attack,Yes
4253,0,0,0.0046095724528596406,-5.428740978240967,-0.05374103784561157,attack,No
4254,0,0,0.006692851890156625,-5.045042514801025,-0.04504266008734703,attack,No
4255,0,1,0.6224593312018546,-0.5003600120544434,-1.0003600120544434,attack,Yes
4256,0,0,0.09534945718704857,-2.39176344871521,-0.1417633593082428,attack,No
4257,0,0,0.20181323186177208,-1.6263408660888672,-0.25134092569351196,attack,No
4258,0,0,0.005911068856243796,-5.19348669052124,-0.06848669052124023,attack,No
4259,0,1,0.8519528019683106,-0.17579150199890137,-1.9257915019989014,attack,Yes
4260,0,0,0.24508501864634827,-1.4234198331832886,-0.29841986298561096,attack,No
4261,0,1,0.5621765008857981,-0.6205469369888306,-0.8705469369888306,attack,Yes
4262,0,0,0.07585818158818373,-2.608975410461426,-0.10897543281316757,attack,No
4263,0,0,0.4378234991142019,-0.8478752970695496,-0.5978752970695496,attack,No
4264,0,0,0.009708476015869095,-4.649239540100098,-0.024239491671323776,attack,No
4265,0,0,0.009708475478632619,-4.678709506988525,-0.053709402680397034,attack,No
4266,0,0,0.00132502237777674,-6.6645917892456055,-0.03959175944328308,attack,No
4267,0,1,0.7057850278370112,-0.3702043294906616,-1.2452043294906616,attack,Yes
4268,0,0,0.008577486744252828,-4.814650058746338,-0.06465021520853043,attack,No
4269,0,0,0.4378234991142019,-0.8433555364608765,-0.5933555364608765,attack,No
4270,0,0,0.2689414096510108,-1.3567094802856445,-0.35670942068099976,attack,No
4271,0,0,0.01243165099039316,-4.417902946472168,-0.042902957648038864,attack,No
4272,0,0,0.08509905080783367,-2.5061838626861572,-0.1311839371919632,attack,No
4273,0,0,0.29421497216298875,-1.2388546466827393,-0.36385464668273926,attack,No
4274,0,0,0.0024726235609271855,-6.064956188201904,-0.06495635211467743,attack,No
4275,0,0,0.03308597958047282,-3.447094202041626,-0.07209423929452896,attack,No
4276,0,1,0.7057850402140659,-0.37184637784957886,-1.2468464374542236,attack,Yes
4277,0,0,0.014063626268431226,-4.281468868255615,-0.03146881237626076,attack,No
4278,0,0,0.037326888281170874,-3.299546957015991,-0.0495469830930233,attack,No
4279,0,0,0.18242551713899047,-1.741143822669983,-0.24114377796649933,attack,No
4280,0,0,0.5,-0.723423957824707,-0.723423957824707,attack,No
4281,0,0,0.053403324903538434,-2.9505715370178223,-0.0755714401602745,attack,No
4282,0,0,0.0010322311212654243,-6.9314656257629395,-0.05646570771932602,attack,No
4283,0,0,0.01798621022528639,-4.067087650299072,-0.06708766520023346,attack,No
4284,0,1,0.9324533112067127,-0.09033461660146713,-2.71533465385437,attack,Yes
4285,0,0,0.0046095718375174415,-5.435339450836182,-0.06033937633037567,attack,No
4286,0,0,0.053403329799824234,-2.9913864135742188,-0.11638641357421875,attack,No
4287,0,0,0.20181323186177208,-1.635937213897705,-0.26093727350234985,attack,No
4288,0,0,0.0008040858069283137,-7.169429302215576,-0.04442914202809334,attack,No
4289,0,0,0.32082130731838393,-1.1724276542663574,-0.4224276840686798,attack,No
4290,0,0,0.3486451421018059,-1.0843552350997925,-0.45935526490211487,attack,No
4291,0,0,0.0052201246876200265,-5.317629814147949,-0.0676296204328537,attack,No
4292,0,0,0.010986941982915435,-4.541656970977783,-0.04165691137313843,attack,No
4293,0,0,0.0600866518571309,-2.838533401489258,-0.0885334312915802,attack,No
4294,0,1,0.6224593312018546,-0.501785159111023,-1.001785159111023,attack,Yes
4295,0,0,0.4073334000459302,-0.9339951872825623,-0.5589951872825623,attack,No
4296,0,0,0.03308597457504463,-3.4472031593322754,-0.07220304012298584,attack,No
4297,0,0,0.022977368153783692,-3.790520668029785,-0.04052058979868889,attack,No
4298,0,1,0.8354835371034369,-0.1902775764465332,-1.8152775764465332,attack,Yes
4299,0,0,0.22270013882530884,-1.5219342708587646,-0.27193427085876465,attack,No
4300,0,0,0.13296423676207594,-2.038433074951172,-0.1634330451488495,attack,No
4301,0,0,0.03732688332823794,-3.3185908794403076,-0.06859076768159866,attack,No
4302,0,0,0.20181322226037882,-1.6373653411865234,-0.26236534118652344,attack,No
4303,0,0,0.008577483924773664,-4.792972564697266,-0.0429723896086216,attack,No
4304,0,0,0.037326884666868405,-3.3043787479400635,-0.05437867343425751,attack,No
4305,0,0,0.46879062662624377,-0.7800694704055786,-0.6550694704055786,attack,No
4306,0,0,0.04742587284097443,-3.0825417041778564,-0.08254169672727585,attack,No
4307,0,0,0.34864513533394575,-1.0906779766082764,-0.46567797660827637,attack,No
4308,0,0,0.014063629935885703,-4.28790807723999,-0.03790828585624695,attack,No
4309,0,0,0.3486451285660856,-1.0785399675369263,-0.4535399377346039,attack,No
4310,0,0,0.00970847662473714,-4.690263271331787,-0.0652632862329483,attack,No
4311,0,0,0.008577486617534644,-4.807438850402832,-0.05743899196386337,attack,No
4312,0,0,0.18242553269617778,-1.7168896198272705,-0.21688967943191528,attack,No
4313,0,0,0.0474258782264522,-3.069610595703125,-0.06961070746183395,attack,No
4314,0,1,0.5926665999540697,-0.5539674758911133,-0.9289674758911133,attack,Yes
4315,0,1,0.731058584489497,-0.3386184871196747,-1.338618516921997,attack,Yes
4316,0,0,0.010986943116351513,-4.545132637023926,-0.04513268172740936,attack,No
4317,0,0,0.02297737116448421,-3.791964054107666,-0.04196410998702049,attack,No
4318,0,1,0.5312093733737563,-0.6684264540672302,-0.7934264540672302,attack,Yes
4319,0,0,0.0031726826952143666,-5.77995491027832,-0.02995486371219158,attack,No
4320,0,0,0.0017007224240851069,-6.415313243865967,-0.040313251316547394,attack,No
4321,0,1,0.6513548646660542,-0.45449209213256836,-1.0794920921325684,attack,Yes
4322,0,1,0.5926665999540697,-0.5473968982696533,-0.9223968982696533,attack,Yes
4323,0,0,0.11920291732853862,-2.1644675731658936,-0.16446752846240997,attack,No
4324,0,0,0.06008665227791171,-2.845592975616455,-0.09559301286935806,attack,No
4325,0,0,0.18242552825126704,-1.7369402647018433,-0.23694029450416565,attack,No
4326,0,0,0.13296425394084313,-2.0476722717285156,-0.17267239093780518,attack,No
4327,0,0,0.0059110674990464,-5.193220615386963,-0.06822038441896439,attack,No
4328,0,0,0.004609571769146091,-5.406670570373535,-0.03167048096656799,attack,No
4329,0,0,0.0021827165061964627,-6.143406391143799,-0.018406419083476067,attack,No
4330,0,0,0.46879062662624377,-0.7895668148994446,-0.6645668148994446,attack,No
4331,0,0,0.0035936031950189497,-5.717710494995117,-0.09271066635847092,attack,No
4332,0,0,0.0040701377460975905,-5.583938121795654,-0.0839381292462349,attack,No
4333,0,1,0.8807970889295664,-0.1427227407693863,-2.1427228450775146,attack,Yes
4334,0,0,0.5,-0.7371436357498169,-0.7371436357498169,attack,No
4335,0,1,0.939913343093499,-0.07819998264312744,-2.828199863433838,attack,Yes
4336,0,0,0.1480472055495773,-1.9386227130889893,-0.18862277269363403,attack,No
4337,0,0,0.01406362415060583,-4.294459342956543,-0.044459134340286255,attack,No
4338,0,0,0.0017007223798107408,-6.4108452796936035,-0.03584526106715202,attack,No
4339,0,0,0.0008040859565805504,-7.152339458465576,-0.02733948454260826,attack,No
4340,0,0,0.08509904616718289,-2.4901771545410156,-0.11517716944217682,attack,No
4341,0,1,0.8670357512127872,-0.16472871601581573,-2.0397286415100098,attack,Yes
4342,0,0,0.014063627998849772,-4.280717372894287,-0.03071744181215763,attack,No
4343,0,0,0.09534946554178125,-2.3684937953948975,-0.11849380284547806,attack,No
4344,0,0,0.22270013366638422,-1.5305521488189697,-0.28055211901664734,attack,No
4345,0,0,0.010986941011398892,-4.581352710723877,-0.08135256171226501,attack,No
4346,0,0,0.00048785721724145916,-7.668610572814941,-0.043610766530036926,attack,No
4347,0,0,0.012431651676429884,-4.430828094482422,-0.05582816153764725,attack,No
4348,0,0,0.037326887611855576,-3.317971706390381,-0.06797171384096146,attack,No
4349,0,1,0.9046505261034853,-0.14474497735500336,-2.394744873046875,attack,Yes
4350,0,0,0.08509903630580078,-2.4808480739593506,-0.10584796220064163,attack,No
4351,0,0,0.001926734706310375,-6.307315826416016,-0.057315848767757416,attack,No
4352,0,0,0.0024726233679694355,-6.051865100860596,-0.05186518654227257,attack,No
4353,0,0,0.006692851692029072,-5.0407514572143555,-0.04075157269835472,attack,No
4354,0,0,0.0474258782264522,-3.1097769737243652,-0.10977708548307419,attack,No
4355,0,0,0.0420877273148584,-3.182518243789673,-0.05751822888851166,attack,No
4356,0,0,0.010986942994911927,-4.555046558380127,-0.05504659190773964,attack,No
4357,0,1,0.5926665999540697,-0.5415127277374268,-0.9165127277374268,attack,Yes
4358,0,0,0.004609571581124883,-5.409648895263672,-0.03464876487851143,attack,No
4359,0,0,0.11920292045759123,-2.1640634536743164,-0.1640634387731552,attack,No
4360,0,0,0.001032231163520729,-6.924951553344727,-0.04995167627930641,attack,No
4361,0,0,0.025957354937269386,-3.6943867206573486,-0.06938663125038147,attack,No
4362,0,0,0.008577484875159797,-4.792607307434082,-0.04260724410414696,attack,No
4363,0,0,0.015906393927723257,-4.196305274963379,-0.07130541652441025,attack,No
4364,0,0,0.025957359835079137,-3.763719081878662,-0.13871918618679047,attack,No
4365,0,0,0.004070137655493202,-5.559364318847656,-0.059364303946495056,attack,No
4366,0,0,0.005220124474825396,-5.289181709289551,-0.03918147459626198,attack,No
4367,0,0,0.0040701381085151605,-5.583354949951172,-0.08335504680871964,attack,No
4368,0,0,0.001700722778280076,-6.4110307693481445,-0.03603098541498184,attack,No
4369,0,1,0.5926665999540697,-0.5500127077102661,-0.9250127077102661,attack,Yes
4370,0,0,0.46879062662624377,-0.780570387840271,-0.655570387840271,attack,No
4371,0,0,0.09534945975773548,-2.3769679069519043,-0.12696784734725952,attack,No
4372,0,0,0.07585817793199003,-2.665130853652954,-0.1651308238506317,attack,No
4373,0,0,0.0019267342478261613,-6.314423561096191,-0.0644233450293541,attack,No
4374,0,0,0.003593601914464926,-5.658881187438965,-0.03388100117444992,attack,No
4375,0,0,0.37754066879814546,-1.0004980564117432,-0.5004980564117432,attack,No
4376,0,0,0.11920293297380237,-2.160374402999878,-0.1603745073080063,attack,No
4377,0,0,0.37754066879814546,-0.9873412251472473,-0.4873412251472473,attack,No
4378,0,1,0.9149009480320036,-0.10029134154319763,-2.4752912521362305,attack,Yes
4379,0,0,0.010986943602109868,-4.549439907073975,-0.04943999648094177,attack,No
4380,0,0,0.16451646699291617,-1.8298641443252563,-0.20486417412757874,attack,No
4381,0,0,0.025957356255910384,-3.6945152282714844,-0.06951519101858139,attack,No
4382,0,1,0.6791787056691698,-0.41197630763053894,-1.1619763374328613,attack,Yes
4383,0,0,0.01798620575097472,-4.031708717346191,-0.031708478927612305,attack,No
4384,0,0,0.008577484954358646,-4.7772216796875,-0.027221625670790672,attack,No
4385,0,0,0.004070137791399785,-5.524959564208984,-0.024959582835435867,attack,No
4386,0,0,0.0017007223292114665,-6.425769805908203,-0.050769757479429245,attack,No
4387,0,1,0.9740426441208441,-0.03383202105760574,-3.65883207321167,attack,Yes
4388,0,0,0.10669060104662924,-2.266842842102051,-0.14184291660785675,attack,No
4389,0,1,0.8519528019683106,-0.19143521785736084,-1.9414352178573608,attack,Yes
4390,0,0,0.0052201264286673285,-5.318137168884277,-0.06813731044530869,attack,No
4391,0,0,0.0009110512554357338,-7.027556419372559,-0.027556486427783966,attack,No
4392,0,0,0.03308597493257518,-3.4250214099884033,-0.050021301954984665,attack,No
4393,0,0,0.0758581847220642,-2.616584539413452,-0.11658460646867752,attack,No
4394,0,0,0.10669058400428263,-2.27567982673645,-0.15067972242832184,attack,No
4395,0,0,0.0035936028348630845,-5.678211212158203,-0.053211282938718796,attack,No
4396,0,0,0.0015011823069924935,-6.539799213409424,-0.039799246937036514,attack,No
4397,0,0,0.29421497216298875,-1.2486752271652222,-0.37367522716522217,attack,No
4398,0,1,0.7310585786300049,-0.32805967330932617,-1.3280596733093262,attack,Yes
4399,0,0,0.1329642333263228,-2.0432488918304443,-0.16824883222579956,attack,No
4400,0,0,0.0031726821709302895,-5.791632652282715,-0.04163243994116783,attack,No
4401,0,0,0.13296425050508953,-2.0538501739501953,-0.17885026335716248,attack,No
4402,0,0,0.07585818367743737,-2.600961685180664,-0.10096173733472824,attack,No
4403,0,0,0.1645164628965632,-1.8369156122207642,-0.21191561222076416,attack,No
4404,0,0,0.00669285202636932,-5.030668258666992,-0.03066842444241047,attack,No
4405,0,0,0.020332354678328394,-3.9954471588134766,-0.12044722586870193,attack,No
4406,0,0,0.020332351339154453,-3.9223597049713135,-0.04735960438847542,attack,No
4407,0,0,0.006692851394837752,-5.056026935577393,-0.05602700635790825,attack,No
4408,0,0,0.18242552158390105,-1.7306525707244873,-0.2306525558233261,attack,No
4409,0,1,0.8354835371034369,-0.199379563331604,-1.824379563331604,attack,Yes
4410,0,1,0.867035771827307,-0.1630340963602066,-2.038034200668335,attack,Yes
4411,0,0,0.005911068856243796,-5.165605068206787,-0.04060506820678711,attack,No
4412,0,1,0.7057850402140659,-0.37308043241500854,-1.2480804920196533,attack,Yes
4413,0,0,0.008577485223634738,-4.807502269744873,-0.057502247393131256,attack,No
4414,0,0,0.029312228101462088,-3.5601189136505127,-0.060118820518255234,attack,No
4415,0,1,0.7057850402140659,-0.38037580251693726,-1.255375862121582,attack,Yes
4416,0,0,0.22270012850745968,-1.5182721614837646,-0.2682721018791199,attack,No
4417,0,0,0.0009110509977320548,-7.063430309295654,-0.06343009322881699,attack,No
4418,0,0,0.0017007225632331216,-6.411008358001709,-0.03600844740867615,attack,No
4419,0,1,0.9890130578349252,-0.01802106387913227,-4.518021106719971,attack,Yes
4420,0,1,0.9669140245907175,-0.04095664247870445,-3.415956735610962,attack,Yes
4421,0,0,0.0028009273521074963,-5.927606582641602,-0.052606720477342606,attack,No
4422,0,0,0.46879062662624377,-0.8053366541862488,-0.6803366541862488,attack,No
4423,0,1,0.8933094131553264,-0.1350356787443161,-2.260035753250122,attack,Yes
4424,0,0,0.3208213138121609,-1.1523730754852295,-0.40237313508987427,attack,No
4425,0,0,0.24508502416032488,-1.4383249282836914,-0.3133249878883362,attack,No
4426,0,0,0.07585817740967664,-2.601972818374634,-0.1019727811217308,attack,No
4427,0,0,0.10669058684467357,-2.270815849304199,-0.14581577479839325,attack,No
4428,0,0,0.3775406828054583,-1.0403563976287842,-0.540356457233429,attack,No
4429,0,0,0.16451646494473965,-1.8410285711288452,-0.2160285860300064,attack,No
4430,0,0,0.001700722398785469,-6.403179168701172,-0.028179161250591278,attack,No
4431,0,0,0.2018132174596823,-1.6198031902313232,-0.24480316042900085,attack,No
4432,0,0,0.0028009264988941925,-5.908135414123535,-0.033135246485471725,attack,No
4433,0,1,0.8933094159957173,-0.12758029997348785,-2.252580404281616,attack,Yes
4434,0,0,0.3486451488696663,-1.0809767246246338,-0.45597678422927856,attack,No
4435,0,0,0.004070137504485895,-5.5664238929748535,-0.06642384082078934,attack,No
4436,0,0,0.32082130082460697,-1.1517529487609863,-0.40175294876098633,attack,No
4437,0,0,0.002182716169486056,-6.197641372680664,-0.07264124602079391,attack,No
4438,0,1,0.6791786926816161,-0.42097023129463196,-1.1709702014923096,attack,Yes
4439,0,0,0.042087731520181665,-3.197922468185425,-0.07292255759239197,attack,No
4440,0,0,0.16451646699291617,-1.8191379308700562,-0.19413796067237854,attack,No
4441,0,0,0.24508500761839525,-1.4316798448562622,-0.3066798150539398,attack,No
4442,0,0,0.009708476194947928,-4.664909362792969,-0.03990933299064636,attack,No
4443,0,0,0.004070138621940107,-5.566613674163818,-0.06661389768123627,attack,No
4444,0,1,0.651354857898194,-0.4419828951358795,-1.0669828653335571,attack,Yes
4445,0,0,0.0019267349713716108,-6.307214260101318,-0.05721442028880119,attack,No
4446,0,1,0.880797076413356,-0.1519785076379776,-2.1519784927368164,attack,Yes
4447,0,0,0.025957358045494698,-3.6723814010620117,-0.047381434589624405,attack,No
4448,0,0,0.017986209567299315,-4.048472881317139,-0.04847285896539688,attack,No
4449,0,0,0.10669059536584675,-2.254932165145874,-0.12993218004703522,attack,No
4450,0,0,0.010986944492666904,-4.559815406799316,-0.059815578162670135,attack,No
4451,0,1,0.9924227598736908,-0.015518036670982838,-4.8905181884765625,attack,Yes
4452,0,0,0.0021827166238422803,-6.206695079803467,-0.08169516175985336,attack,No
4453,0,0,0.22270012850745968,-1.5176165103912354,-0.2676164507865906,attack,No
4454,0,0,0.1480472036701053,-1.9243563413619995,-0.1743563860654831,attack,No
4455,0,1,0.9525741251394714,-0.05697301775217056,-3.0569729804992676,attack,Yes
4456,0,0,0.2689414272294874,-1.3475735187530518,-0.34757354855537415,attack,No
4457,0,0,0.022977368990089356,-3.7971737384796143,-0.047173697501420975,attack,No
4458,0,0,0.3486451488696663,-1.0829007625579834,-0.4579008221626282,attack,No
4459,0,0,0.37754066879814546,-0.9920951724052429,-0.4920951724052429,attack,No
4460,0,0,0.14804719991116141,-1.93877112865448,-0.18877114355564117,attack,No
4461,0,0,0.012431649755527152,-4.449649810791016,-0.07464972138404846,attack,No
4462,0,0,0.2018132270610754,-1.622428059577942,-0.24742808938026428,attack,No
4463,0,0,0.007577240147319397,-4.952703475952148,-0.0777033269405365,attack,No
4464,0,0,0.008577483766375987,-4.802320957183838,-0.05232076346874237,attack,No
4465,0,0,0.29421497216298875,-1.2502574920654297,-0.3752574920654297,attack,No
4466,0,0,0.4073334000459302,-0.923340380191803,-0.548340380191803,attack,No
4467,0,0,0.04208773212094217,-3.205475330352783,-0.08047543466091156,attack,No
4468,0,0,0.11920292045759123,-2.1564090251922607,-0.15640901029109955,attack,No
4469,0,0,0.18242552158390105,-1.7435812950134277,-0.24358128011226654,attack,No
4470,0,0,0.02297736740110863,-3.8283727169036865,-0.07837260514497757,attack,No
4471,0,0,0.5,-0.7183910012245178,-0.7183910012245178,attack,No
4472,0,0,0.22270013366638422,-1.5164448022842407,-0.26644477248191833,attack,No
4473,0,0,0.10669059394565118,-2.2565555572509766,-0.13155555725097656,attack,No
4474,0,0,0.0008040857919630916,-7.155851364135742,-0.03085118532180786,attack,No
4475,0,0,0.22270012850745968,-1.552872657775879,-0.30287259817123413,attack,No
4476,0,0,0.0097084767859081,-4.655622959136963,-0.030622990801930428,attack,No
4477,0,0,0.012431651310543626,-4.421568393707275,-0.046568430960178375,attack,No
4478,0,1,0.5926665999540697,-0.5497105121612549,-0.9247105121612549,attack,Yes
4479,0,0,0.03308598089141842,-3.435640811920166,-0.06064089015126228,attack,No
4480,0,0,0.05340333243628599,-2.9509012699127197,-0.0759013220667839,attack,No
4481,0,1,0.7981867801399695,-0.24532340466976166,-1.6203234195709229,attack,Yes
4482,0,0,0.005911068768682665,-5.186522483825684,-0.0615224689245224,attack,No
4483,0,0,0.1645164628965632,-1.8204352855682373,-0.1954352855682373,attack,No
4484,0,0,0.053403329046549465,-2.9536821842193604,-0.07868216931819916,attack,No
4485,0,0,0.1645164628965632,-1.837437629699707,-0.21243762969970703,attack,No
4486,0,0,0.04742587721667508,-3.0726778507232666,-0.07267794013023376,attack,No
4487,0,0,0.007577242472443013,-4.922906398773193,-0.04790655896067619,attack,No
4488,0,0,0.22270013882530884,-1.5302355289459229,-0.28023552894592285,attack,No
4489,0,0,0.042087728816759526,-3.1978509426116943,-0.07285096496343613,attack,No
4490,0,0,0.0046095725554166815,-5.429140567779541,-0.05414064973592758,attack,No
4491,0,1,0.6513548646660542,-0.4634428024291992,-1.0884428024291992,attack,Yes
4492,0,0,0.29421497216298875,-1.2434293031692505,-0.3684293031692505,attack,No
4493,0,0,0.008577486205700558,-4.802379608154297,-0.05237970128655434,attack,No
4494,0,0,0.22270014914315833,-1.5412330627441406,-0.2912331223487854,attack,No
4495,0,0,0.010986943156831373,-4.559995174407959,-0.059995222836732864,attack,No
4496,0,1,0.9669140207770578,-0.04324653372168541,-3.4182465076446533,attack,Yes
4497,0,0,0.0059110702134415015,-5.16526985168457,-0.04027008265256882,attack,No
4498,0,0,0.015906392236635127,-4.184472560882568,-0.059472594410181046,attack,No
4499,0,0,0.22270012850745968,-1.5374603271484375,-0.2874602675437927,attack,No
4500,0,0,0.0019267342334985317,-6.278493881225586,-0.02849365770816803,attack,No
4501,0,0,0.002800926738210093,-5.957081317901611,-0.08208123594522476,attack,No
4502,0,0,0.0124316492981694,-4.449857711791992,-0.07485758513212204,attack,No
4503,0,1,0.8354835371034369,-0.20922303199768066,-1.8342230319976807,attack,Yes
4504,0,1,0.7310585727705126,-0.35044172406196594,-1.3504416942596436,attack,Yes
4505,0,0,0.11920293453832885,-2.149707317352295,-0.14970743656158447,attack,No
4506,0,0,0.1066905854244781,-2.267460584640503,-0.14246049523353577,attack,No
4507,0,1,0.6224593312018546,-0.5118975639343262,-1.0118975639343262,attack,Yes
4508,0,0,0.060086648490884395,-2.8353261947631836,-0.0853261649608612,attack,No
4509,0,0,0.26894141551050293,-1.3697589635849,-0.3697589337825775,attack,No
4510,0,0,0.002182716218167076,-6.165575981140137,-0.04057587683200836,attack,No
4511,0,0,0.06008665648572012,-2.8602075576782227,-0.11020766943693161,attack,No
4512,0,0,0.0046095710854326425,-5.413804054260254,-0.038803815841674805,attack,No
4513,0,1,0.8519528019683106,-0.17393231391906738,-1.9239323139190674,attack,Yes
4514,0,1,0.9149009631141181,-0.11073006689548492,-2.4857301712036133,attack,Yes
4515,0,1,0.7549149923816048,-0.3175898492336273,-1.4425898790359497,attack,Yes
4516,0,0,0.0006263340625050063,-7.414083957672119,-0.039083804935216904,attack,No
4517,0,0,0.0013250221017218242,-6.669690132141113,-0.04468989372253418,attack,No
4518,0,0,0.3486451488696663,-1.0764245986938477,-0.45142465829849243,attack,No
4519,0,1,0.9914225150139618,-0.017516085878014565,-4.767516136169434,attack,Yes
4520,0,0,0.16451645880021026,-1.8156391382217407,-0.19063910841941833,attack,No
4521,0,0,0.005220125577488575,-5.3259596824646,-0.07595966011285782,attack,No
4522,0,0,0.03308597934211908,-3.4255778789520264,-0.050577908754348755,attack,No
4523,0,1,0.9579122729855218,-0.048357464373111725,-3.1733574867248535,attack,Yes
4524,0,1,0.7772998663336157,-0.2720540463924408,-1.5220540761947632,attack,Yes
4525,0,1,0.7549149923816048,-0.29762110114097595,-1.4226211309432983,attack,Yes
4526,0,0,0.46879062662624377,-0.7765886187553406,-0.6515886187553406,attack,No
4527,0,1,0.651354857898194,-0.4365518391132355,-1.061551809310913,attack,Yes
4528,0,1,0.8933094074745443,-0.14068220555782318,-2.2656822204589844,attack,Yes
4529,0,1,0.8175744828610095,-0.212972953915596,-1.7129729986190796,attack,Yes
4530,0,1,0.8519528076067262,-0.1942729502916336,-1.9442729949951172,attack,Yes
4531,0,1,0.9525741254760638,-0.055971890687942505,-3.05597186088562,attack,Yes
4532,0,0,0.002472623000430906,-6.0581159591674805,-0.058115895837545395,attack,No
4533,0,0,0.00970847798573643,-4.696959972381592,-0.07196012884378433,attack,No
4534,0,0,0.20181322226037882,-1.636627435684204,-0.2616274356842041,attack,No
4535,0,0,0.0373268852023206,-3.3087005615234375,-0.058700501918792725,attack,No
4536,0,1,0.5926665999540697,-0.5471892952919006,-0.9221892952919006,attack,Yes
4537,0,1,0.9149009526726544,-0.11930182576179504,-2.4943017959594727,attack,Yes
4538,0,0,0.09534946618445303,-2.368194818496704,-0.1181948333978653,attack,No
4539,0,0,0.0024726229912424434,-6.064669609069824,-0.06466954201459885,attack,No
4540,0,1,0.754914997895581,-0.3028082251548767,-1.4278082847595215,attack,Yes
4541,0,0,0.0600866518571309,-2.832850933074951,-0.08285096287727356,attack,No
4542,0,0,0.00407013821422029,-5.559694290161133,-0.05969441309571266,attack,No
4543,0,0,0.017986209830494145,-4.118188381195068,-0.11818837374448776,attack,No
4544,0,0,0.015906389729159958,-4.170980453491211,-0.04598032683134079,attack,No
4545,0,0,0.22270014914315833,-1.5269391536712646,-0.2769392132759094,attack,No
4546,0,1,0.7981867801399695,-0.23948131501674652,-1.6144813299179077,attack,Yes
4547,0,0,0.009708477054526368,-4.664807319641113,-0.03980737924575806,attack,No
4548,0,0,0.0011695100561753752,-6.789459705352783,-0.03945952653884888,attack,No
4549,0,1,0.7310585786300049,-0.34276628494262695,-1.342766284942627,attack,Yes
4550,0,0,0.46879062662624377,-0.7954586744308472,-0.6704586744308472,attack,No
4551,0,0,0.007577241071766051,-4.9211249351501465,-0.046124909073114395,attack,No
4552,0,1,0.7057850216484838,-0.3799436390399933,-1.254943609237671,attack,Yes
4553,0,0,0.37754067580180184,-0.9910153150558472,-0.49101534485816956,attack,No
4554,0,0,0.18242551936144574,-1.7471916675567627,-0.2471916377544403,attack,No
4555,0,0,0.005911067871181139,-5.186323642730713,-0.06132347509264946,attack,No
4556,0,0,0.020332352526416235,-3.929123640060425,-0.05412359908223152,attack,No
4557,0,0,0.18242552825126704,-1.7424687147140503,-0.24246874451637268,attack,No
4558,0,0,0.24508501864634827,-1.436863899230957,-0.3118639290332794,attack,No
4559,0,0,0.0035936030216105657,-5.677556037902832,-0.05255616083741188,attack,No
4560,0,0,0.0028009275081831283,-5.916304588317871,-0.041304782032966614,attack,No
4561,0,0,0.014063624512185754,-4.3071393966674805,-0.057139214128255844,attack,No
4562,0,0,0.01798621397581319,-4.048045635223389,-0.04804586246609688,attack,No
4563,0,0,0.012431649115226305,-4.458304405212402,-0.083304263651371,attack,No
4564,0,0,0.11920292358664389,-2.1502935886383057,-0.15029360353946686,attack,No
4565,0,0,0.46879062662624377,-0.801524817943573,-0.676524817943573,attack,No
4566,0,0,0.005911068155754778,-5.210082054138184,-0.08508193492889404,attack,No
4567,0,0,0.16451646494473965,-1.827851414680481,-0.20285142958164215,attack,No
4568,0,0,0.0028009275914234687,-5.957229137420654,-0.0822293609380722,attack,No
4569,0,0,0.01098694190195572,-4.573300361633301,-0.07330029457807541,attack,No
4570,0,1,0.9770226284591782,-0.03034050576388836,-3.7803404331207275,attack,Yes
4571,0,0,0.3775406547908327,-1.012768268585205,-0.5127682089805603,attack,No
4572,0,1,0.731058584489497,-0.3385486304759979,-1.3385486602783203,attack,Yes
4573,0,1,0.9399133489844308,-0.07437874376773834,-2.824378728866577,attack,Yes
4574,0,0,0.0140636273015169,-4.284920692443848,-0.03492071107029915,attack,No
4575,0,1,0.924141816844876,-0.09327344596385956,-2.593273401260376,attack,Yes
4576,0,0,0.16451646904109268,-1.8225618600845337,-0.19756190478801727,attack,No
4577,0,0,0.10669059252545564,-2.26477313041687,-0.13977311551570892,attack,No
4578,0,0,0.07585818106587033,-2.6275057792663574,-0.12750579416751862,attack,No
4579,0,0,0.0019267351146479695,-6.278473377227783,-0.028473611921072006,attack,No
4580,0,1,0.9890130551834941,-0.01657935231924057,-4.5165791511535645,attack,Yes
4581,0,1,0.817574471748733,-0.22114351391792297,-1.7211434841156006,attack,Yes
4582,0,0,0.03308597791199666,-3.446659803390503,-0.07165978848934174,attack,No
4583,0,1,0.5312093733737563,-0.6556879281997681,-0.7806879281997681,attack,Yes
4584,0,0,0.0031726821591486257,-5.797170162200928,-0.047169946134090424,attack,No
4585,0,1,0.9770226285846242,-0.040898628532886505,-3.790898561477661,attack,Yes
4586,0,1,0.9149009596336303,-0.09828394651412964,-2.4732840061187744,attack,Yes
4587,0,0,0.10669059394565118,-2.2751922607421875,-0.1501922607421875,attack,No
4588,0,0,0.3486451488696663,-1.0804774761199951,-0.4554775357246399,attack,No
4589,0,0,0.025957356255910384,-3.6944074630737305,-0.06940742582082748,attack,No
4590,0,1,0.7057850278370112,-0.37178003787994385,-1.2467800378799438,attack,Yes
4591,0,1,0.5621765008857981,-0.6102083325386047,-0.8602083325386047,attack,Yes
4592,0,0,0.060086647228542,-2.866332769393921,-0.11633271723985672,attack,No
4593,0,0,0.060086649753226806,-2.8357956409454346,-0.08579563349485397,attack,No
4594,0,0,0.4073334000459302,-0.9478005170822144,-0.5728005170822144,attack,No
4595,0,1,0.8933094032139576,-0.13672307133674622,-2.261723041534424,attack,Yes
4596,0,0,0.0035936020478559492,-5.683883190155029,-0.05888304114341736,attack,No
4597,0,0,0.020332351116542875,-3.9257733821868896,-0.050773270428180695,attack,No
4598,0,0,0.22270014398423357,-1.517778754234314,-0.26777878403663635,attack,No
4599,0,0,0.014063628592874095,-4.343150615692139,-0.09315072745084763,attack,No
4600,0,1,0.9579122702820998,-0.04964737594127655,-3.174647331237793,attack,Yes
4601,0,0,0.007577241968199277,-4.9092512130737305,-0.03425130620598793,attack,No
4602,0,1,0.6513548646660542,-0.4471149444580078,-1.0721149444580078,attack,Yes
4603,0,1,0.9399133477220882,-0.07430890947580338,-2.8243088722229004,attack,Yes
4604,0,0,0.22270012850745968,-1.5518479347229004,-0.3018478751182556,attack,No
4605,0,0,0.3486451217982255,-1.075024127960205,-0.4500240683555603,attack,No
4606,0,0,0.02595735945832451,-3.7076733112335205,-0.08267340064048767,attack,No
4607,0,1,0.6224593312018546,-0.5120447874069214,-1.0120447874069214,attack,Yes
4608,0,0,0.033085974694221476,-3.4350249767303467,-0.06002486124634743,attack,No
4609,0,0,0.07585818785594478,-2.605436086654663,-0.10543619841337204,attack,No
4610,0,0,0.0017007225885327618,-6.410740375518799,-0.035740479826927185,attack,No
4611,0,0,0.006692851246242097,-5.050296306610107,-0.0502963550388813,attack,No
4612,0,1,0.970687768188686,-0.03815869241952896,-3.538158655166626,attack,Yes
4613,0,0,0.014063626630011202,-4.302889347076416,-0.05288931727409363,attack,No
4614,0,0,0.0009110509892549615,-7.027842998504639,-0.027842773124575615,attack,No
4615,0,1,0.754914997895581,-0.3004536032676697,-1.4254536628723145,attack,Yes
4616,0,0,0.001501182513598464,-6.531606674194336,-0.03160684555768967,attack,No
4617,0,0,0.002800927029551217,-5.911759853363037,-0.0367598757147789,attack,No
4618,0,0,0.2689414272294874,-1.352692723274231,-0.35269275307655334,attack,No
4619,0,0,0.06008665480259672,-2.8414409160614014,-0.09144099801778793,attack,No
4620,0,1,0.8933094159957173,-0.12639082968235016,-2.2513909339904785,attack,Yes
4621,0,1,0.679178699175393,-0.4255586862564087,-1.1755586862564087,attack,Yes
4622,0,0,0.18242551713899047,-1.713732361793518,-0.21373231709003448,attack,No
4623,0,0,0.007577240427454735,-4.916675090789795,-0.04167497903108597,attack,No
4624,0,1,0.9241418199787566,-0.08645296096801758,-2.5864529609680176,attack,Yes
4625,0,0,0.2018132150593341,-1.6181769371032715,-0.2431768923997879,attack,No
4626,0,1,0.9324533116759811,-0.08558554947376251,-2.710585594177246,attack,Yes
4627,0,0,0.029312230963347865,-3.5677883625030518,-0.06778836995363235,attack,No
4628,0,0,0.002182716201940069,-6.161179542541504,-0.03617943078279495,attack,No
4629,0,0,0.022977369742764476,-3.8162615299224854,-0.06626152247190475,attack,No
4630,0,0,0.14804720179063335,-1.947632908821106,-0.19763293862342834,attack,No
4631,0,0,0.0031726822416202724,-5.796478271484375,-0.04647808149456978,attack,No
4632,0,0,0.0011695105043973875,-6.800205230712891,-0.05020543560385704,attack,No
4633,0,0,0.005220125016484473,-5.311426639556885,-0.06142650917172432,attack,No
4634,0,1,0.5621765008857981,-0.6005387306213379,-0.8505387306213379,attack,Yes
4635,0,0,0.07585818263281055,-2.6081790924072266,-0.10817912966012955,attack,No
4636,0,0,0.017986210093688976,-4.073973178863525,-0.07397318631410599,attack,No
4637,0,0,0.04742587317756679,-3.1106741428375244,-0.11067414283752441,attack,No
4638,0,0,0.34864513533394575,-1.0836355686187744,-0.4586355686187744,attack,No
4639,0,1,0.7057850216484838,-0.3751244843006134,-1.250124454498291,attack,Yes
4640,0,1,0.5926665999540697,-0.551501989364624,-0.926501989364624,attack,Yes
4641,0,1,0.5621765008857981,-0.5953537225723267,-0.8453537225723267,attack,Yes
4642,0,0,0.2689414213699951,-1.3292220830917358,-0.32922208309173584,attack,No
4643,0,0,0.11920291419948606,-2.1557815074920654,-0.15578143298625946,attack,No
4644,0,0,0.22270013882530884,-1.5238332748413086,-0.2738332748413086,attack,No
4645,0,1,0.867035771827307,-0.16084779798984528,-2.0358479022979736,attack,Yes
4646,0,0,0.1480471980316895,-1.9289627075195312,-0.17896270751953125,attack,No
4647,0,0,0.003172683231280196,-5.796496391296387,-0.04649651423096657,attack,No
4648,0,1,0.9149009607937928,-0.11382381618022919,-2.488823890686035,attack,Yes
4649,0,0,0.24508501313237172,-1.4771586656570435,-0.35215866565704346,attack,No
4650,0,0,0.022977371499006513,-3.803561210632324,-0.05356128141283989,attack,No
4651,0,0,0.13296423676207594,-2.050712823867798,-0.17571279406547546,attack,No
4652,0,0,0.14804720179063335,-1.9189687967300415,-0.1689688265323639,attack,No
4653,0,0,0.3486451217982255,-1.0704562664031982,-0.44545620679855347,attack,No
4654,0,0,0.0013250221904537553,-6.681695461273193,-0.05669528990983963,attack,No
4655,0,0,0.02931222947940706,-3.584352970123291,-0.08435292541980743,attack,No
4656,0,0,0.18242551713899047,-1.7271227836608887,-0.2271227389574051,attack,No
4657,0,1,0.9902915254346693,-0.021427908912301064,-4.646428108215332,attack,Yes
4658,0,0,0.07585818315512395,-2.5998375415802,-0.09983758628368378,attack,No
4659,0,0,0.008577486966009656,-4.80743408203125,-0.057434264570474625,attack,No
4660,0,0,0.012431653688804487,-4.45743465423584,-0.08243488520383835,attack,No
4661,0,0,0.0013250224122836082,-6.66021203994751,-0.03521203622221947,attack,No
4662,0,0,0.033085978388704126,-3.464304208755493,-0.08930420875549316,attack,No
4663,0,0,0.002472623675782996,-6.023357391357422,-0.023357601836323738,attack,No
4664,0,0,0.16451645880021026,-1.833646535873413,-0.2086465060710907,attack,No
4665,0,0,0.29421496597446145,-1.237160563468933,-0.3621605336666107,attack,No
4666,0,0,0.0011695104043089619,-6.8064751625061035,-0.056475281715393066,attack,No
4667,0,0,0.24508500761839525,-1.4281413555145264,-0.303141325712204,attack,No
4668,0,1,0.9796676479188069,-0.03530329093337059,-3.9103033542633057,attack,Yes
4669,0,0,0.0004305570139877201,-7.829820156097412,-0.07981999963521957,attack,No
4670,0,1,0.6513548782017746,-0.45583218336105347,-1.0808322429656982,attack,Yes
4671,0,0,0.005911067542826956,-5.201322555541992,-0.07632233202457428,attack,No
4672,0,1,0.9241418262465169,-0.09015718102455139,-2.5901572704315186,attack,Yes
4673,0,0,0.053403329423186846,-2.9679648876190186,-0.09296488016843796,attack,No
4674,0,1,0.9740426406358642,-0.038261499255895615,-3.6632614135742188,attack,Yes
4675,0,0,0.5,-0.7085891366004944,-0.7085891366004944,attack,No
4676,0,0,0.16451645880021026,-1.8328938484191895,-0.20789381861686707,attack,No
4677,0,1,0.7057850340255386,-0.3665458858013153,-1.2415459156036377,attack,Yes
4678,0,0,0.010986942063875151,-4.555056571960449,-0.05505651980638504,attack,No
4679,0,0,0.008577483433740872,-4.779455184936523,-0.029454952105879784,attack,No
4680,0,0,0.002800926967120973,-5.948376178741455,-0.07337617874145508,attack,No
4681,0,0,0.053403331683011195,-2.946253538131714,-0.07125357538461685,attack,No
4682,0,1,0.9626731135929119,-0.05148288980126381,-3.301482915878296,attack,Yes
4683,0,0,0.01590639182844147,-4.2200927734375,-0.0950927808880806,attack,No
4684,0,0,0.11920291107043361,-2.142746925354004,-0.14274682104587555,attack,No
4685,0,1,0.9241418262465169,-0.0954681932926178,-2.595468282699585,attack,Yes
4686,0,0,0.0015011823851677224,-6.545389175415039,-0.04538926109671593,attack,No
4687,0,0,0.24508501864634827,-1.4467356204986572,-0.3217356503009796,attack,No
4688,0,0,0.009708477412684076,-4.690336227416992,-0.06533632427453995,attack,No
4689,0,1,0.7057850154599563,-0.3600233197212219,-1.2350232601165771,attack,Yes
4690,0,0,0.0330859819640103,-3.4514801502227783,-0.07648026198148727,attack,No
4691,0,0,0.11920291732853862,-2.1562740802764893,-0.15627403557300568,attack,No
4692,0,0,0.24508501313237172,-1.4253816604614258,-0.3003816604614258,attack,No
4693,0,0,0.0035936026347765083,-5.718177318572998,-0.09317733347415924,attack,No
4694,0,1,0.9740426450156363,-0.02945009060204029,-3.6544501781463623,attack,Yes
4695,0,0,0.29421497216298875,-1.2510721683502197,-0.3760721683502197,attack,No
4696,0,0,0.025957358893192575,-3.7217745780944824,-0.0967746451497078,attack,No
4697,0,0,0.006692850082242913,-5.025162696838379,-0.02516257017850876,attack,No
4698,0,0,0.053403333942835626,-2.9777369499206543,-0.10273703187704086,attack,No
4699,0,0,0.006692852459773374,-5.040863037109375,-0.040863268077373505,attack,No
4700,0,1,0.9149009578933863,-0.1008727177977562,-2.475872755050659,attack,Yes
4701,0,0,0.022977371582637088,-3.803215503692627,-0.05321557819843292,attack,No
4702,0,0,0.22270014398423357,-1.5296417474746704,-0.2796417772769928,attack,No
4703,0,0,0.025957356632664963,-3.700676679611206,-0.07567665725946426,attack,No
4704,0,0,0.08509904732734556,-2.50158429145813,-0.12658432126045227,attack,No
4705,0,0,0.0009110510079045672,-7.019442081451416,-0.0194418765604496,attack,No
4706,0,0,0.0179862133836247,-4.0681939125061035,-0.06819410622119904,attack,No
4707,0,0,0.24508500761839525,-1.4369908571243286,-0.3119908273220062,attack,No
4708,0,0,0.005911070191551213,-5.186279296875,-0.061279524117708206,attack,No
4709,0,0,0.29421497216298875,-1.241196632385254,-0.3661966323852539,attack,No
4710,0,0,0.0035936023012989055,-5.6629958152771,-0.03799573704600334,attack,No
4711,0,0,0.0024726231750117,-6.019013404846191,-0.019013412296772003,attack,No
4712,0,1,0.7549149813536518,-0.30330780148506165,-1.4283077716827393,attack,Yes
4713,0,0,0.4378234991142019,-0.8540547490119934,-0.6040547490119934,attack,No
4714,0,0,0.0015011819356602124,-6.5250678062438965,-0.025067592039704323,attack,No
4715,0,0,0.0019267342764814216,-6.281844139099121,-0.03184393793344498,attack,No
4716,0,0,0.005911069009475778,-5.174271583557129,-0.049271609634160995,attack,No
4717,0,1,0.8175744695262777,-0.23483912646770477,-1.7348390817642212,attack,Yes
4718,0,0,0.0159063885045792,-4.179797649383545,-0.054797444492578506,attack,No
4719,0,1,0.9740426447801647,-0.03354398533701897,-3.6585440635681152,attack,Yes
4720,0,1,0.6513548511303336,-0.4501648545265198,-1.075164794921875,attack,Yes
4721,0,1,0.8933093946927838,-0.12413084506988525,-2.2491307258605957,attack,Yes
4722,0,0,0.4073334000459302,-0.9217833280563354,-0.5467833280563354,attack,No
4723,0,1,0.9840936068595074,-0.022214503958821297,-4.147214412689209,attack,Yes
4724,0,0,0.1645164608483867,-1.8151262998580933,-0.19012628495693207,attack,No
4725,0,1,0.7310585727705126,-0.33744552731513977,-1.3374454975128174,attack,Yes
4726,0,1,0.8807970842359877,-0.16642683744430542,-2.16642689704895,attack,Yes
4727,0,1,0.7057850402140659,-0.3660098910331726,-1.2410099506378174,attack,Yes
4728,0,0,0.02033235363947422,-3.929530382156372,-0.054530397057533264,attack,No
4729,0,0,0.0035936029482454826,-5.655238628387451,-0.03023873083293438,attack,No
4730,0,1,0.7549149868676283,-0.2981455326080322,-1.4231455326080322,attack,Yes
4731,0,0,0.04742587385075148,-3.067262649536133,-0.067262664437294,attack,No
4732,0,0,0.004070137126967649,-5.542543411254883,-0.04254326596856117,attack,No
4733,0,0,0.11920292045759123,-2.169029951095581,-0.16902993619441986,attack,No
4734,0,1,0.9796676489576609,-0.02617538347840309,-3.9011754989624023,attack,Yes
4735,0,0,0.5,-0.7366931438446045,-0.7366931438446045,attack,No
4736,0,0,0.22270014398423357,-1.521506905555725,-0.2715069353580475,attack,No
4737,0,0,0.0011695101040437373,-6.789917945861816,-0.03991780802607536,attack,No
4738,0,1,0.5621765008857981,-0.593532919883728,-0.843532919883728,attack,Yes
4739,0,0,0.5,-0.7218297719955444,-0.7218297719955444,attack,No
4740,0,0,0.020332351264950595,-3.9504454135894775,-0.07544530928134918,attack,No
4741,0,0,0.0035936026347765083,-5.69863224029541,-0.07363225519657135,attack,No
4742,0,0,0.009708474547422796,-4.651201248168945,-0.026201047003269196,attack,No
4743,0,0,0.18242551713899047,-1.7271742820739746,-0.22717423737049103,attack,No
4744,0,0,0.4378234991142019,-0.8563908934593201,-0.6063908934593201,attack,No
4745,0,1,0.5926665999540697,-0.539504885673523,-0.914504885673523,attack,Yes
4746,0,0,0.14804719051380197,-1.9421916007995605,-0.19219154119491577,attack,No
4747,0,0,0.22270014398423357,-1.5301053524017334,-0.2801053822040558,attack,No
4748,0,0,0.0011695099952520082,-6.830481052398682,-0.08048082143068314,attack,No
4749,0,1,0.8175744695262777,-0.22637908160686493,-1.7263790369033813,attack,Yes
4750,0,0,0.2018132174596823,-1.6583563089370728,-0.28335627913475037,attack,No
4751,0,0,0.16451646699291617,-1.8249081373214722,-0.19990816712379456,attack,No
4752,0,0,0.46879062662624377,-0.7920743823051453,-0.6670743823051453,attack,No
4753,0,0,0.0006263341604412355,-7.409614562988281,-0.03461456671357155,attack,No
4754,0,1,0.8807970889295664,-0.15555013716220856,-2.155550241470337,attack,Yes
4755,0,0,0.004609572196467048,-5.418596267700195,-0.04359627142548561,attack,No
4756,0,1,0.5926665999540697,-0.5485312938690186,-0.9235312938690186,attack,Yes
4757,0,0,0.2689414096510108,-1.3305771350860596,-0.3305770754814148,attack,No
4758,0,0,0.0021827164291181723,-6.165682792663574,-0.04068278521299362,attack,No
4759,0,0,0.014063627973022628,-4.343297481536865,-0.0932975485920906,attack,No
4760,0,0,0.0009110510723304808,-7.039330959320068,-0.039330825209617615,attack,No
4761,0,0,0.04208772371029592,-3.1980385780334473,-0.07303847372531891,attack,No
4762,0,0,0.0008040858039352692,-7.1963210105896,-0.07132084667682648,attack,No
4763,0,1,0.7310585669110203,-0.34644466638565063,-1.3464446067810059,attack,Yes
4764,0,1,0.7549149868676283,-0.3140150308609009,-1.4390150308609009,attack,Yes
4765,0,1,0.9706877691426479,-0.04656410589814186,-3.5465641021728516,attack,Yes
4766,0,1,0.9669140193469352,-0.04189140722155571,-3.41689133644104,attack,Yes
4767,0,0,0.37754066879814546,-0.9876048564910889,-0.48760485649108887,attack,No
4768,0,1,0.9579122726851417,-0.05500529706478119,-3.1800053119659424,attack,Yes
4769,0,0,0.02931223244728875,-3.553213596343994,-0.053213655948638916,attack,No
4770,0,1,0.990291524592999,-0.01666916161775589,-4.641669273376465,attack,Yes
4771,0,1,0.6791786861878392,-0.41269975900650024,-1.1626996994018555,attack,Yes
4772,0,1,0.8519528019683106,-0.17546546459197998,-1.92546546459198,attack,Yes
4773,0,0,0.006692852261645802,-5.028029441833496,-0.02802964299917221,attack,No
4774,0,1,0.5312093733737563,-0.6551157832145691,-0.7801157832145691,attack,Yes
4775,0,0,0.0059110681119742174,-5.158017158508301,-0.033017031848430634,attack,No
4776,0,0,0.0019267347976490402,-6.264888763427734,-0.014888833276927471,attack,No
4777,0,1,0.8933093996634686,-0.12015349417924881,-2.2451534271240234,attack,Yes
4778,0,0,0.0031726825479435495,-5.791500568389893,-0.04150047525763512,attack,No
4779,0,1,0.9046505428129514,-0.11701694130897522,-2.3670170307159424,attack,Yes
4780,0,0,0.012431650533035363,-4.431373119354248,-0.05637309327721596,attack,No
4781,0,1,0.880797081106935,-0.14004942774772644,-2.140049457550049,attack,Yes
4782,0,0,0.4378234991142019,-0.8705154657363892,-0.6205154657363892,attack,No
4783,0,1,0.7310585786300049,-0.3477811813354492,-1.3477811813354492,attack,Yes
4784,0,0,0.00591106988508719,-5.186912536621094,-0.06191271170973778,attack,No
4785,0,1,0.5621765008857981,-0.6030216217041016,-0.8530216217041016,attack,Yes
4786,0,0,0.022977368070153135,-3.8221166133880615,-0.07211653143167496,attack,No
4787,0,0,0.02297736857193652,-3.79702091217041,-0.04702085256576538,attack,No
4788,0,0,0.46879062662624377,-0.795215368270874,-0.670215368270874,attack,No
4789,0,1,0.9465966681286702,-0.06022433564066887,-2.9352242946624756,attack,Yes
4790,0,0,0.08509903920620716,-2.532238006591797,-0.1572379320859909,attack,No
4791,0,0,0.11920291107043361,-2.1818861961364746,-0.18188609182834625,attack,No
4792,0,0,0.2018132150593341,-1.6200305223464966,-0.245030477643013,attack,No
4793,0,1,0.893309401793762,-0.13398747146129608,-2.2589874267578125,attack,Yes
4794,0,0,0.16451646494473965,-1.8255937099456787,-0.2005937248468399,attack,No
4795,0,0,0.014063628076331205,-4.298422813415527,-0.04842288792133331,attack,No
4796,0,0,0.18242552825126704,-1.7211015224456787,-0.2211015522480011,attack,No
4797,0,0,0.06754668973182397,-2.7282698154449463,-0.1032697930932045,attack,No
4798,0,0,0.1480472036701053,-1.952667236328125,-0.20266728103160858,attack,No
4799,0,0,0.0675466977093867,-2.7154691219329834,-0.09046922624111176,attack,No
4800,0,0,0.008577486744252828,-4.829563140869141,-0.07956329733133316,attack,No
4801,0,0,0.5,-0.721072256565094,-0.721072256565094,attack,No
4802,0,0,0.5,-0.7141688466072083,-0.7141688466072083,attack,No
4803,0,1,0.7981867873410141,-0.24752992391586304,-1.6225299835205078,attack,Yes
4804,0,1,0.5312093733737563,-0.660508930683136,-0.785508930683136,attack,Yes
4805,0,1,0.8670357683915538,-0.15814106166362762,-2.0331411361694336,attack,Yes
4806,0,0,0.005220126815566807,-5.304183006286621,-0.054183222353458405,attack,No
4807,0,0,0.18242551936144574,-1.7421677112579346,-0.24216768145561218,attack,No
4808,0,0,0.007577242612510723,-4.952934741973877,-0.07793492078781128,attack,No
4809,0,1,0.9046505370289059,-0.11590263992547989,-2.3659026622772217,attack,Yes
4810,0,0,0.5,-0.7441893219947815,-0.7441893219947815,attack,No
4811,0,0,0.26894141551050293,-1.3492841720581055,-0.3492841422557831,attack,No
4812,0,1,0.6791787056691698,-0.4026660621166229,-1.1526660919189453,attack,Yes
4813,0,0,0.004070136885355989,-5.53787899017334,-0.03787878528237343,attack,No
4814,0,1,0.9740426418603167,-0.03439287096261978,-3.659392833709717,attack,Yes
4815,0,0,0.4073334000459302,-0.9385097026824951,-0.5635097026824951,attack,No
4816,0,0,0.0046095719400744695,-5.409815311431885,-0.03481525927782059,attack,No
4817,0,0,0.2018132270610754,-1.6327550411224365,-0.2577550709247589,attack,No
4818,0,0,0.13296423676207594,-2.0508313179016113,-0.17583128809928894,attack,No
4819,0,0,0.0259573558791558,-3.694444179534912,-0.06944412738084793,attack,No
4820,0,0,0.06754668691621381,-2.728142023086548,-0.10314195603132248,attack,No
4821,0,0,0.2942149845400438,-1.2577383518218994,-0.3827384114265442,attack,No
4822,0,0,0.2018132270610754,-1.632092833518982,-0.2570928633213043,attack,No
4823,0,0,0.009708477699210249,-4.689807415008545,-0.06480754166841507,attack,No
4824,0,0,0.4073334000459302,-0.9225974082946777,-0.5475974082946777,attack,No
4825,0,0,0.34864513533394575,-1.0830190181732178,-0.4580190181732178,attack,No
4826,0,1,0.7772998611746911,-0.287172794342041,-1.537172794342041,attack,Yes
4827,0,1,0.7981867777396212,-0.2606499195098877,-1.6356499195098877,attack,Yes
4828,0,0,0.22270014398423357,-1.537702202796936,-0.2877022325992584,attack,No
4829,0,1,0.880797076413356,-0.15362192690372467,-2.1536219120025635,attack,Yes
4830,0,1,0.867035752930664,-0.17420417070388794,-2.049204111099243,attack,Yes
4831,0,0,0.06008665311947337,-2.846033811569214,-0.09603386372327805,attack,No
4832,0,0,0.037326884934594504,-3.317821741104126,-0.0678216740489006,attack,No
4833,0,1,0.6513548646660542,-0.4617805480957031,-1.0867805480957031,attack,Yes
4834,0,0,0.46879062662624377,-0.7804595232009888,-0.6554595232009888,attack,No
4835,0,0,0.2689414272294874,-1.3524843454360962,-0.3524843752384186,attack,No
4836,0,0,0.24508500761839525,-1.4417598247528076,-0.31675979495048523,attack,No
4837,0,0,0.004070137655493202,-5.5665602684021,-0.06656025350093842,attack,No
4838,0,1,0.9924227603008972,-0.018906384706497192,-4.893906593322754,attack,Yes
4839,0,1,0.9669140247098942,-0.06463255733251572,-3.4396326541900635,attack,Yes
4840,0,0,0.06008664933244599,-2.8459079265594482,-0.09590791165828705,attack,No
4841,0,0,0.4073334000459302,-0.9272006750106812,-0.5522006750106812,attack,No
4842,0,0,0.0052201264286673285,-5.298763751983643,-0.04876389354467392,attack,No
4843,0,0,0.012431653231446594,-4.430825710296631,-0.05582590401172638,attack,No
4844,0,0,0.20181323186177208,-1.6147913932800293,-0.23979145288467407,attack,No
4845,0,0,0.37754066879814546,-0.9907459616661072,-0.4907459616661072,attack,No
4846,0,0,0.07585817479810981,-2.6087088584899902,-0.10870878398418427,attack,No
4847,0,0,0.4073334000459302,-0.9396039247512817,-0.5646039247512817,attack,No
4848,0,0,0.2018132174596823,-1.6172394752502441,-0.24223944544792175,attack,No
4849,0,0,0.0066928498841154135,-5.096654891967773,-0.0966547355055809,attack,No
4850,0,0,0.012431651173336283,-4.405814170837402,-0.030814196914434433,attack,No
4851,0,1,0.6224593382055109,-0.494594544172287,-0.9945945739746094,attack,Yes
4852,0,0,0.11920291732853862,-2.154071092605591,-0.15407104790210724,attack,No
4853,0,0,0.00218271688347445,-6.189708232879639,-0.06470843404531479,attack,No
4854,0,0,0.047425875197120895,-3.075181245803833,-0.07518129050731659,attack,No
4855,0,1,0.9324533022906132,-0.08051095902919769,-2.7055108547210693,attack,Yes
4856,0,0,0.02297736756836975,-3.803166627883911,-0.053166523575782776,attack,No
4857,0,0,0.02297736756836975,-3.8220739364624023,-0.07207383215427399,attack,No
4858,0,1,0.9669140236373025,-0.045925792306661606,-3.4209258556365967,attack,Yes
4859,0,1,0.9149009625340367,-0.09818615764379501,-2.4731862545013428,attack,Yes
4860,0,0,0.009708474404159754,-4.714290142059326,-0.08928992599248886,attack,No
4861,0,0,0.18242551713899047,-1.7170170545578003,-0.2170170098543167,attack,No
4862,0,0,0.007577240707590084,-4.909396171569824,-0.03439609706401825,attack,No
4863,0,1,0.9399133502467731,-0.06737255305051804,-2.8173725605010986,attack,Yes
4864,0,1,0.89330940889474,-0.12882515788078308,-2.2538251876831055,attack,Yes
4865,0,0,0.017986212725637506,-4.048401832580566,-0.04840198904275894,attack,No
4866,0,1,0.6513548782017746,-0.45163577795028687,-1.0766358375549316,attack,Yes
4867,0,1,0.8354835452961425,-0.20346349477767944,-1.8284635543823242,attack,Yes
4868,0,0,0.0035936018611085183,-5.729299545288086,-0.10429934412240982,attack,No
4869,0,1,0.9579122768904644,-0.047026991844177246,-3.172027111053467,attack,Yes
4870,0,0,0.0017007222216880143,-6.4106316566467285,-0.03563154488801956,attack,No
4871,0,1,0.8354835391516132,-0.19771765172481537,-1.8227176666259766,attack,Yes
4872,0,0,0.20181323186177208,-1.6278836727142334,-0.2528837323188782,attack,No
4873,0,0,0.006692850230838542,-5.061795711517334,-0.06179560720920563,attack,No
4874,0,0,0.06754669395523943,-2.7132675647735596,-0.08826760947704315,attack,No
4875,0,0,0.004609572683612986,-5.398128509521484,-0.02312861941754818,attack,No
4876,0,0,0.04742587688008271,-3.0749881267547607,-0.07498820871114731,attack,No
4877,0,0,0.3486451488696663,-1.0848264694213867,-0.4598265290260315,attack,No
4878,0,0,0.05340333017646162,-2.9533565044403076,-0.07835651189088821,attack,No
4879,0,0,0.022977367233847502,-3.8161797523498535,-0.06617963314056396,attack,No
4880,0,0,0.3775406828054583,-1.0324525833129883,-0.5324526429176331,attack,No
4881,0,0,0.18242551713899047,-1.716179609298706,-0.21617956459522247,attack,No
4882,0,0,0.060086652698692546,-2.833021640777588,-0.08302168548107147,attack,No
4883,0,1,0.5312093733737563,-0.6513084173202515,-0.7763084173202515,attack,Yes
4884,0,1,0.8354835411997897,-0.21264562010765076,-1.8376456499099731,attack,Yes
4885,0,0,0.0052201262739075445,-5.28529167175293,-0.03529178351163864,attack,No
4886,0,0,0.14804719991116141,-1.9705719947814941,-0.22057200968265533,attack,No
4887,0,0,0.2689414330889798,-1.341386318206787,-0.3413863778114319,attack,No
4888,0,0,0.37754066879814546,-1.0118968486785889,-0.5118968486785889,attack,No
4889,0,0,0.32082129433083023,-1.1888660192489624,-0.43886598944664,attack,No
4890,0,0,0.18242551491653522,-1.7670536041259766,-0.2670535445213318,attack,No
4891,0,1,0.7981867825403176,-0.23920807242393494,-1.6142081022262573,attack,Yes
4892,0,0,0.32082129433083023,-1.170499563217163,-0.4204995334148407,attack,No
4893,0,0,0.020332352897435558,-3.9292709827423096,-0.05427096039056778,attack,No
4894,0,0,0.18242553047372242,-1.7468833923339844,-0.24688343703746796,attack,No
4895,0,0,0.008577486997689203,-4.807759761810303,-0.05775994807481766,attack,No
4896,0,0,0.007577241660050344,-4.9094672203063965,-0.03446727246046066,attack,No
4897,0,1,0.7981867777396212,-0.2410832643508911,-1.6160832643508911,attack,Yes
4898,0,0,0.04742587688008271,-3.0866036415100098,-0.08660372346639633,attack,No
4899,0,0,0.0017007223861356504,-6.466640949249268,-0.09164093434810638,attack,No
4900,0,0,0.020332355049347755,-3.925659418106079,-0.050659503787755966,attack,No
4901,0,1,0.8354835432479661,-0.20084984600543976,-1.8258498907089233,attack,Yes
4902,0,0,0.0024726237033483914,-6.029415607452393,-0.029415829107165337,attack,No
4903,0,0,0.18242552602881168,-1.737623691558838,-0.23762370645999908,attack,No
4904,0,0,0.32082130082460697,-1.1582034826278687,-0.40820348262786865,attack,No
4905,0,1,0.8354835371034369,-0.19212937355041504,-1.817129373550415,attack,Yes
4906,0,0,0.008577487124407394,-4.820768356323242,-0.0707685574889183,attack,No
4907,0,0,0.0021827163560966365,-6.17040491104126,-0.04540487006306648,attack,No
4908,0,0,0.010986941578116865,-4.573557376861572,-0.0735572800040245,attack,No
4909,0,0,0.037326887879581695,-3.321965217590332,-0.07196523249149323,attack,No
4910,0,0,0.13296424019782924,-2.049920082092285,-0.17492008209228516,attack,No
4911,0,0,0.06754669254743426,-2.7158782482147217,-0.09087827056646347,attack,No
4912,0,0,0.37754066879814546,-1.0163664817810059,-0.5163664817810059,attack,No
4913,0,0,0.009708475675619326,-4.648238658905029,-0.02323857508599758,attack,No
4914,0,0,0.4073334000459302,-0.935440719127655,-0.560440719127655,attack,No
4915,0,0,0.0953494738965146,-2.3732290267944336,-0.12322913110256195,attack,No
4916,0,0,0.003172682371218578,-5.787304878234863,-0.03730472922325134,attack,No
4917,0,1,0.9669140237564795,-0.051041774451732635,-3.426041841506958,attack,Yes
4918,0,1,0.8354835350552604,-0.20551170408725739,-1.8305116891860962,attack,Yes
4919,0,0,0.4073334000459302,-0.9339777231216431,-0.5589777231216431,attack,No
4920,0,0,0.007577242052239898,-4.937769889831543,-0.06276999413967133,attack,No
4921,0,1,0.9149009520925732,-0.09689334779977798,-2.471893310546875,attack,Yes
4922,0,0,0.2689414213699951,-1.3497428894042969,-0.3497428894042969,attack,No
4923,0,1,0.7310585786300049,-0.3379096984863281,-1.3379096984863281,attack,Yes
4924,0,1,0.9770226292536686,-0.031659163534641266,-3.7816591262817383,attack,Yes
4925,0,0,0.0534033331895608,-2.9787466526031494,-0.10374671965837479,attack,No
4926,0,0,0.002472623505796398,-6.040641784667969,-0.04064192622900009,attack,No
4927,0,1,0.7310585786300049,-0.34078526496887207,-1.340785264968872,attack,Yes
4928,0,0,0.4073334000459302,-0.9257436394691467,-0.5507436394691467,attack,No
4929,0,0,0.015906391361934443,-4.157342910766602,-0.03234288841485977,attack,No
4930,0,0,0.1066905854244781,-2.264003038406372,-0.1390029489994049,attack,No
4931,0,0,0.053403333942835626,-2.9644460678100586,-0.08944614976644516,attack,No
4932,0,0,0.06008665480259672,-2.867147922515869,-0.1171480044722557,attack,No
4933,0,1,0.8354835330070839,-0.19157686829566956,-1.8165768384933472,attack,Yes
4934,0,0,0.012431653780276067,-4.442679405212402,-0.06767964363098145,attack,No
4935,0,0,0.26894141551050293,-1.3354687690734863,-0.33546873927116394,attack,No
4936,0,0,0.010986944087868242,-4.566189765930176,-0.06618990004062653,attack,No
4937,0,0,0.02033235363947422,-3.9444680213928223,-0.06946803629398346,attack,No
4938,0,0,0.004609573085294762,-5.417942047119141,-0.042942244559526443,attack,No
4939,0,0,0.004609573029743025,-5.388068199157715,-0.013068384490907192,attack,No
4940,0,0,0.03732688399755317,-3.3070688247680664,-0.057068731635808945,attack,No
4941,0,1,0.8807970779778823,-0.16199040412902832,-2.1619904041290283,attack,Yes
4942,0,0,0.14804719427274565,-1.9629673957824707,-0.21296736598014832,attack,No
4943,0,1,0.5621765008857981,-0.6017674207687378,-0.8517674207687378,attack,Yes
4944,0,0,0.02033235460412452,-3.9298243522644043,-0.05482441559433937,attack,No
4945,0,0,0.13296425394084313,-2.040742874145508,-0.16574299335479736,attack,No
4946,0,1,0.946596667563714,-0.07108693569898605,-2.946086883544922,attack,Yes
4947,0,0,0.16451646494473965,-1.8339953422546387,-0.20899535715579987,attack,No
4948,0,0,0.08509904674726423,-2.4799835681915283,-0.10498359054327011,attack,No
4949,0,0,0.29421497216298875,-1.2623076438903809,-0.38730764389038086,attack,No
4950,0,0,0.03308597791199666,-3.4973504543304443,-0.12235043942928314,attack,No
4951,0,1,0.9840936081424019,-0.02308703400194645,-4.148087024688721,attack,Yes
4952,0,0,0.04742587317756679,-3.078537702560425,-0.0785377025604248,attack,No
4953,0,0,0.0758581784543034,-2.597121000289917,-0.0971209779381752,attack,No
4954,0,0,0.37754066879814546,-0.9972952604293823,-0.4972952604293823,attack,No
4955,0,0,0.029312231493326745,-3.5532338619232178,-0.05323388800024986,attack,No
4956,0,1,0.9399133561377042,-0.06892908364534378,-2.8189291954040527,attack,Yes
4957,0,0,0.005911069578623182,-5.165350914001465,-0.04035103693604469,attack,No
4958,0,0,0.022977369742764476,-3.8293447494506836,-0.079344742000103,attack,No
4959,0,1,0.9149009474519222,-0.10290537029504776,-2.4779052734375,attack,Yes
4960,0,0,0.37754066879814546,-0.9965766072273254,-0.49657660722732544,attack,No
4961,0,0,0.003593602207925183,-5.698799133300781,-0.0737990289926529,attack,No
4962,0,1,0.8519527963298947,-0.17376451194286346,-1.9237644672393799,attack,Yes
4963,0,0,0.07585817740967664,-2.612473249435425,-0.11247321218252182,attack,No
4964,0,1,0.9706877722165251,-0.04670371115207672,-3.546703815460205,attack,Yes
4965,0,0,0.0758581737534831,-2.5994999408721924,-0.09949985146522522,attack,No
4966,0,0,0.3775406547908327,-1.0165612697601318,-0.5165612101554871,attack,No
4967,0,0,0.37754066879814546,-0.9895649552345276,-0.4895649552345276,attack,No
4968,0,0,0.2689414272294874,-1.3255894184112549,-0.32558944821357727,attack,No
4969,0,0,0.033085976958581766,-3.4295549392700195,-0.05455489456653595,attack,No
4970,0,0,0.015906393461216167,-4.190088272094727,-0.06508838385343552,attack,No
4971,0,0,0.0011695105305074126,-6.799860954284668,-0.049861181527376175,attack,No
4972,0,1,0.9770226290027769,-0.03136091306805611,-3.7813608646392822,attack,Yes
4973,0,1,0.7772998611746911,-0.2780163288116455,-1.5280163288116455,attack,Yes
4974,0,0,0.06008665311947337,-2.8453798294067383,-0.09537988156080246,attack,No
4975,0,0,0.1192029188930649,-2.156247854232788,-0.1562478244304657,attack,No
4976,0,0,0.5,-0.7228711247444153,-0.7228711247444153,attack,No
4977,0,1,0.7310585727705126,-0.3426927626132965,-1.3426927328109741,attack,Yes
4978,0,0,0.017986207461740823,-4.036729335784912,-0.03672919422388077,attack,No
4979,0,0,0.01798621140966319,-4.106628894805908,-0.10662897676229477,attack,No
4980,0,0,0.09534946104307897,-2.373417377471924,-0.12341733276844025,attack,No
4981,0,0,0.09534946168575072,-2.3689160346984863,-0.11891599744558334,attack,No
4982,0,0,0.0028009265405143477,-5.9163103103637695,-0.041310157626867294,attack,No
4983,0,0,0.0031726833373152056,-5.783452987670898,-0.03345314413309097,attack,No
4984,0,0,0.16451646904109268,-1.8180345296859741,-0.1930345743894577,attack,No
4985,0,1,0.8519527982093668,-0.1853635609149933,-1.935363531112671,attack,Yes
4986,0,0,0.20181323186177208,-1.6406159400939941,-0.2656159996986389,attack,No
4987,0,1,0.754914975839675,-0.302368700504303,-1.4273686408996582,attack,Yes
4988,0,1,0.7981867849406659,-0.24548335373401642,-1.6204833984375,attack,Yes
4989,0,0,0.06008665606493926,-2.832158327102661,-0.08215843141078949,attack,No
4990,0,1,0.679178699175393,-0.4165985584259033,-1.1665985584259033,attack,Yes
4991,0,1,0.5621765008857981,-0.6017665863037109,-0.8517665863037109,attack,Yes
4992,0,0,0.07585818367743737,-2.595390558242798,-0.09539061039686203,attack,No
4993,0,0,0.13296424019782924,-2.0547327995300293,-0.1797327995300293,attack,No
4994,0,1,0.7772998663336157,-0.30509063601493835,-1.5550906658172607,attack,Yes
4995,0,1,0.9770226281664712,-0.03267868980765343,-3.7826786041259766,attack,Yes
4996,0,0,0.4378234991142019,-0.8529442548751831,-0.6029442548751831,attack,No
4997,0,1,0.7981867801399695,-0.24371133744716644,-1.6187113523483276,attack,Yes
4998,0,1,0.8354835350552604,-0.1991216093301773,-1.8241215944290161,attack,Yes
4999,0,0,0.08509905254807776,-2.4842476844787598,-0.10924778133630753,attack,No
5000,0,0,0.006692849809817602,-5.037208080291748,-0.037207912653684616,attack,No
5001,0,0,0.012431649206697853,-4.4425811767578125,-0.06758104264736176,attack,No
5002,0,1,0.7549149813536518,-0.3178223669528961,-1.4428223371505737,attack,Yes
5003,0,0,0.5,-0.7505856156349182,-0.7505856156349182,attack,No
5004,0,1,0.8933093975331751,-0.14831361174583435,-2.273313522338867,attack,Yes
5005,0,0,0.00591106981941633,-5.193694114685059,-0.06869427859783173,attack,No
5006,0,0,0.06754669442450784,-2.7323670387268066,-0.10736709088087082,attack,No
5007,0,0,0.007577242444429472,-4.926504135131836,-0.05150429159402847,attack,No
5008,0,0,0.005220124745654927,-5.298889636993408,-0.04888945445418358,attack,No
5009,0,0,0.20181322226037882,-1.651093602180481,-0.27609360218048096,attack,No
5010,0,0,0.06754668879328725,-2.7155990600585938,-0.09059902280569077,attack,No
5011,0,0,0.002182716307415614,-6.153816223144531,-0.028816159814596176,attack,No
5012,0,0,0.4073334000459302,-0.919939398765564,-0.544939398765564,attack,No
5013,0,0,0.10669059962643358,-2.290172815322876,-0.16517287492752075,attack,No
5014,0,1,0.5926665999540697,-0.5641180276870728,-0.9391180276870728,attack,Yes
5015,0,0,0.5,-0.7142639756202698,-0.7142639756202698,attack,No
5016,0,1,0.946596671330088,-0.06755898147821426,-2.942559003829956,attack,Yes
5017,0,1,0.880797068590724,-0.15132436156272888,-2.1513242721557617,attack,Yes
5018,0,0,0.009708475908421797,-4.713926315307617,-0.08892625570297241,attack,No
5019,0,0,0.3486451488696663,-1.0949840545654297,-0.46998411417007446,attack,No
5020,0,0,0.20181322466072713,-1.6232106685638428,-0.24821068346500397,attack,No
5021,0,0,0.002182716510253215,-6.197221755981445,-0.0722217857837677,attack,No
5022,0,1,0.7772998714925403,-0.2647339701652527,-1.5147340297698975,attack,Yes
5023,0,0,0.010986943480670275,-4.537883758544922,-0.03788383677601814,attack,No
5024,0,0,0.07585818211049715,-2.5973620414733887,-0.09736207127571106,attack,No
5025,0,0,0.0017007223228865573,-6.431917667388916,-0.05691761523485184,attack,No
5026,0,1,0.7772998714925403,-0.2877957224845886,-1.5377957820892334,attack,Yes
5027,0,0,0.042087729717900216,-3.194366455078125,-0.06936649978160858,attack,No
5028,0,0,0.003593602394672632,-5.652165412902832,-0.027165360748767853,attack,No
5029,0,0,0.002800926753817652,-5.904616832733154,-0.02961675636470318,attack,No
5030,0,0,0.1480472055495773,-1.9553420543670654,-0.2053421139717102,attack,No
5031,0,0,0.014063629574305644,-4.307633399963379,-0.05763358250260353,attack,No
5032,0,1,0.9465966668104392,-0.06353313475847244,-2.938533067703247,attack,Yes
5033,0,1,0.9525741221101401,-0.05971990525722504,-3.0597198009490967,attack,Yes
5034,0,1,0.9241418121440552,-0.09728895872831345,-2.5972888469696045,attack,Yes
5035,0,0,0.025957359364135853,-3.674863815307617,-0.04986390098929405,attack,No
5036,0,0,0.003593602514724568,-5.6627068519592285,-0.03770683333277702,attack,No
5037,0,0,0.10669058400428263,-2.2669692039489746,-0.14196909964084625,attack,No
5038,0,0,0.46879062662624377,-0.8206003308296204,-0.6956003308296204,attack,No
5039,0,0,0.0015011819440361278,-6.58116340637207,-0.0811631977558136,attack,No
5040,0,1,0.9046505293168443,-0.1086307242512703,-2.358630657196045,attack,Yes
5041,0,0,0.0024726237446964848,-6.06527042388916,-0.06527066230773926,attack,No
5042,0,0,0.029312231175339414,-3.556724786758423,-0.056724801659584045,attack,No
5043,0,0,0.008577485096916576,-4.8212432861328125,-0.07124324887990952,attack,No
5044,0,0,0.05340333017646162,-2.963639259338379,-0.0886392667889595,attack,No
5045,0,0,0.37754066879814546,-1.006417155265808,-0.5064171552658081,attack,No
5046,0,1,0.9902915228917499,-0.016686981543898582,-4.641686916351318,attack,Yes
5047,0,1,0.7981867801399695,-0.2494567483663559,-1.624456763267517,attack,Yes
5048,0,1,0.9046505376715775,-0.12368103861808777,-2.37368106842041,attack,Yes
5049,0,1,0.7772998714925403,-0.26314300298690796,-1.5131430625915527,attack,Yes
5050,0,0,0.07585818106587033,-2.6128036975860596,-0.11280371248722076,attack,No
5051,0,0,0.0075772403154006,-4.944830417633057,-0.06983029097318649,attack,No
5052,0,1,0.7057850402140659,-0.37155479192733765,-1.2465548515319824,attack,Yes
5053,0,1,0.7057850154599563,-0.37324172258377075,-1.248241662979126,attack,Yes
5054,0,0,0.4378234991142019,-0.8707289099693298,-0.6207289099693298,attack,No
5055,0,0,0.02931223212930141,-3.5423848628997803,-0.04238491132855415,attack,No
5056,0,0,0.03732689055684297,-3.2981066703796387,-0.048106759786605835,attack,No
5057,0,0,0.02297736740110863,-3.7833945751190186,-0.0333944633603096,attack,No
5058,0,1,0.8933094032139576,-0.13673856854438782,-2.2617385387420654,attack,Yes
5059,0,1,0.7057850154599563,-0.37504082918167114,-1.2500407695770264,attack,Yes
5060,0,0,0.4073334000459302,-0.9120497703552246,-0.5370497703552246,attack,No
5061,0,0,0.01243165231673086,-4.436277389526367,-0.06127750873565674,attack,No
5062,0,0,0.01098694479626591,-4.527991771697998,-0.027991971001029015,attack,No
5063,0,0,0.46879062662624377,-0.8016546368598938,-0.6766546368598938,attack,No
5064,0,0,0.0006263340741640804,-7.455040454864502,-0.08004032075405121,attack,No
5065,0,1,0.9241418205010697,-0.08792900294065475,-2.5879290103912354,attack,Yes
5066,0,0,0.18242551936144574,-1.7239354848861694,-0.22393545508384705,attack,No
5067,0,1,0.9149009625340367,-0.11934985965490341,-2.494349956512451,attack,Yes
5068,0,1,0.8354835350552604,-0.2018580585718155,-1.8268580436706543,attack,Yes
5069,0,0,0.0010322310098650831,-6.919239521026611,-0.04423949494957924,attack,No
5070,0,1,0.5926665999540697,-0.5452388525009155,-0.9202388525009155,attack,Yes
5071,0,1,0.5312093733737563,-0.6802422404289246,-0.8052422404289246,attack,Yes
5072,0,1,0.9820137912222852,-0.023734502494335175,-4.0237345695495605,attack,Yes
5073,0,0,0.06754669583231304,-2.724419593811035,-0.09941966831684113,attack,No
5074,0,0,0.0035936024480290474,-5.671692371368408,-0.04669233411550522,attack,No
5075,0,1,0.7772998560157665,-0.26535502076148987,-1.5153549909591675,attack,Yes
5076,0,0,0.025957357668740095,-3.672607183456421,-0.04760720208287239,attack,No
5077,0,1,0.8519528019683106,-0.1768653392791748,-1.9268653392791748,attack,Yes
5078,0,0,0.29421496597446145,-1.2454180717468262,-0.3704180419445038,attack,No
5079,0,0,0.24508501864634827,-1.4312701225280762,-0.30627015233039856,attack,No
5080,0,0,0.03732688895048618,-3.3220126628875732,-0.07201270759105682,attack,No
5081,0,0,0.5,-0.7244598269462585,-0.7244598269462585,attack,No
5082,0,0,0.32082129433083023,-1.1639196872711182,-0.4139196574687958,attack,No
5083,0,0,0.32082129433083023,-1.160782814025879,-0.4107827842235565,attack,No
5084,0,0,0.20181322226037882,-1.620446801185608,-0.2454468011856079,attack,No
5085,0,0,0.32082130731838393,-1.1800861358642578,-0.4300861656665802,attack,No
5086,0,0,0.0017007225695580318,-6.420260429382324,-0.04526052251458168,attack,No
5087,0,0,0.020332351932785337,-3.9224891662597656,-0.047489095479249954,attack,No
5088,0,0,0.042087727615238615,-3.197978973388672,-0.07297896593809128,attack,No
5089,0,0,0.015906394860737468,-4.190012454986572,-0.06501265615224838,attack,No
5090,0,0,0.16451646494473965,-1.8509479761123657,-0.22594799101352692,attack,No
5091,0,0,0.32082130731838393,-1.1744996309280396,-0.42449966073036194,attack,No
5092,0,0,0.0085774839564532,-4.813645839691162,-0.06364566832780838,attack,No
5093,0,1,0.8519527944504226,-0.17208081483840942,-1.9220807552337646,attack,Yes
5094,0,0,0.0758581763650499,-2.6047449111938477,-0.10474485903978348,attack,No
5095,0,1,0.5312093733737563,-0.6636124849319458,-0.7886124849319458,attack,Yes
5096,0,1,0.9241418215456966,-0.08487651497125626,-2.584876537322998,attack,Yes
5097,0,1,0.5621765008857981,-0.6127477884292603,-0.8627477884292603,attack,Yes
5098,0,0,0.0019267348925696179,-6.30739688873291,-0.05739700794219971,attack,No
5099,0,1,0.7549149923816048,-0.3134244382381439,-1.4384244680404663,attack,Yes
5100,0,1,0.5312093733737563,-0.6460002660751343,-0.7710002660751343,attack,Yes
5101,0,0,0.07585817270885642,-2.5932981967926025,-0.09329809248447418,attack,No
5102,0,0,0.34864513533394575,-1.0706496238708496,-0.4456496238708496,attack,No
5103,0,0,0.29421496597446145,-1.2485395669937134,-0.373539537191391,attack,No
5104,0,1,0.5621765008857981,-0.5986950397491455,-0.8486950397491455,attack,Yes
5105,0,0,0.0373268852023206,-3.326228618621826,-0.0762285590171814,attack,No
5106,0,0,0.002182715990988994,-6.165750980377197,-0.04075077176094055,attack,No
5107,0,0,0.053403333566198224,-2.9564454555511475,-0.08144553005695343,attack,No
5108,0,0,0.0031726833726602103,-5.797100067138672,-0.047100234776735306,attack,No
5109,0,1,0.5926665999540697,-0.5352787375450134,-0.9102787375450134,attack,Yes
5110,0,0,0.02931223159932252,-3.556548595428467,-0.056548625230789185,attack,No
5111,0,0,0.01243165204231615,-4.425741672515869,-0.0507417693734169,attack,No
5112,0,0,0.18242552602881168,-1.738925814628601,-0.23892582952976227,attack,No
5113,0,0,0.29421496597446145,-1.271905779838562,-0.3969057500362396,attack,No
5114,0,1,0.9399133477220882,-0.07452038675546646,-2.8245203495025635,attack,Yes
5115,0,0,0.004070137866903443,-5.559528827667236,-0.05952886492013931,attack,No
5116,0,1,0.9579122734360922,-0.04959031566977501,-3.1745903491973877,attack,Yes
5117,0,0,0.007577241211833736,-4.944892883300781,-0.06989287585020065,attack,No
5118,0,1,0.9626731125220074,-0.046358589082956314,-3.296358585357666,attack,Yes
5119,0,0,0.005220124474825396,-5.310539245605469,-0.06053901091217995,attack,No
5120,0,1,0.9046505408849363,-0.11720293015241623,-2.3672029972076416,attack,Yes
5121,0,1,0.5312093733737563,-0.6590606570243835,-0.7840606570243835,attack,Yes
5122,0,1,0.8670357666736773,-0.16581004858016968,-2.0408101081848145,attack,Yes
5123,0,0,0.04208773121980142,-3.1915276050567627,-0.06652768701314926,attack,No
5124,0,1,0.893309411735131,-0.12731331586837769,-2.2523133754730225,attack,Yes
5125,0,0,0.3775406547908327,-1.0013830661773682,-0.5013830065727234,attack,No
5126,0,1,0.893309401793762,-0.13215498626232147,-2.257154941558838,attack,Yes
5127,0,0,0.008577486554175553,-4.814182758331299,-0.06418289244174957,attack,No
5128,0,0,0.29421497216298875,-1.2369022369384766,-0.36190223693847656,attack,No
5129,0,0,0.0017007224240851069,-6.425853252410889,-0.05085325986146927,attack,No
5130,0,0,0.029312230963347865,-3.5640101432800293,-0.0640101507306099,attack,No
5131,0,0,0.014063626423394072,-4.294654369354248,-0.044654324650764465,attack,No
5132,0,1,0.9149009631141181,-0.10190452635288239,-2.4769046306610107,attack,Yes
5133,0,0,0.008577483449580639,-4.785579204559326,-0.03557897359132767,attack,No
5134,0,0,0.020332353268454884,-3.9291036128997803,-0.054103609174489975,attack,No
5135,0,0,0.025957354372137545,-3.6814095973968506,-0.05640948563814163,attack,No
5136,0,1,0.6791786926816161,-0.41604283452033997,-1.1660428047180176,attack,Yes
5137,0,0,0.0052201268349117815,-5.310401439666748,-0.060401659458875656,attack,No
5138,0,0,0.5,-0.7140859365463257,-0.7140859365463257,attack,No
5139,0,0,0.053403334696110465,-2.953249931335449,-0.07825002819299698,attack,No
5140,0,1,0.957912269230769,-0.055266689509153366,-3.1802666187286377,attack,Yes
5141,0,0,0.2942149783515162,-1.2538957595825195,-0.3788957893848419,attack,No
5142,0,0,0.05340333507274787,-2.9632112979888916,-0.08821140229701996,attack,No
5143,0,1,0.9669140211345884,-0.04729820787906647,-3.4222981929779053,attack,Yes
5144,0,1,0.5621765008857981,-0.6063434481620789,-0.8563434481620789,attack,Yes
5145,0,0,0.08509904210661365,-2.4973671436309814,-0.12236710637807846,attack,No
5146,0,1,0.7057850278370112,-0.3891150951385498,-1.2641150951385498,attack,Yes
5147,0,1,0.6224593312018546,-0.49881845712661743,-0.9988184571266174,attack,Yes
5148,0,0,0.3486451285660856,-1.068090796470642,-0.4430907666683197,attack,No
5149,0,1,0.7981867825403176,-0.24547430872917175,-1.6204743385314941,attack,Yes
5150,0,0,0.0758581847220642,-2.6027657985687256,-0.10276586562395096,attack,No
5151,0,0,0.004070138168918091,-5.547372341156006,-0.04737245291471481,attack,No
5152,0,0,0.06008664638698042,-2.8416390419006348,-0.0916389748454094,attack,No
5153,0,0,0.2018132174596823,-1.6513874530792236,-0.27638742327690125,attack,No
5154,0,1,0.7981867825403176,-0.23928746581077576,-1.6142874956130981,attack,Yes
5155,0,0,0.16451646494473965,-1.8331817388534546,-0.20818175375461578,attack,No
5156,0,0,0.029312227783474795,-3.560857057571411,-0.060856953263282776,attack,No
5157,0,0,0.033085978388704126,-3.4390084743499756,-0.06400847434997559,attack,No
5158,0,0,0.09534945911506376,-2.3669774532318115,-0.11697738617658615,attack,No
5159,0,1,0.8933094159957173,-0.12983764708042145,-2.25483775138855,attack,Yes
5160,0,0,0.16451646699291617,-1.832716464996338,-0.20771649479866028,attack,No
5161,0,1,0.6224593452091672,-0.5395070910453796,-1.0395071506500244,attack,Yes
5162,0,0,0.3486451488696663,-1.0788168907165527,-0.4538169503211975,attack,No
5163,0,1,0.8807970670261975,-0.13644801080226898,-2.1364479064941406,attack,Yes
5164,0,0,0.0850990438468576,-2.5063154697418213,-0.1313154548406601,attack,No
5165,0,0,0.13296422989056964,-2.0592572689056396,-0.18425717949867249,attack,No
5166,0,0,0.3775406828054583,-1.0025088787078857,-0.5025089383125305,attack,No
5167,0,0,0.1329642419157059,-2.033790349960327,-0.15879036486148834,attack,No
5168,0,0,0.08509905022775233,-2.4828391075134277,-0.1078391745686531,attack,No
5169,0,0,0.012431648932283214,-4.4580159187316895,-0.08301576226949692,attack,No
5170,0,0,0.22270014398423357,-1.5176805257797241,-0.2676805555820465,attack,No
5171,0,0,0.24508501864634827,-1.4236295223236084,-0.2986295521259308,attack,No
5172,0,1,0.9626731142622272,-0.04306168854236603,-3.2930617332458496,attack,Yes
5173,0,0,0.060086653961035054,-2.8493523597717285,-0.09935242682695389,attack,No
5174,0,1,0.6513548511303336,-0.45949703454971313,-1.0844969749450684,attack,Yes
5175,0,0,0.16451646904109268,-1.8268882036209106,-0.20188824832439423,attack,No
5176,0,0,0.007577242836619065,-4.899194717407227,-0.024194926023483276,attack,No
5177,0,0,0.01798620976469543,-4.036789417266846,-0.03678940609097481,attack,No
5178,0,0,0.02931223159932252,-3.573171854019165,-0.07317188382148743,attack,No
5179,0,1,0.9465966673753954,-0.06182866916060448,-2.93682861328125,attack,Yes
5180,0,0,0.07585818733363135,-2.6053879261016846,-0.10538803040981293,attack,No
5181,0,0,0.06754668363133542,-2.756560802459717,-0.13156068325042725,attack,No
5182,0,0,0.16451645470385742,-1.8169066905975342,-0.1919066309928894,attack,No
5183,0,0,0.46879062662624377,-0.7851860523223877,-0.6601860523223877,attack,No
5184,0,0,0.03308597958047282,-3.4466896057128906,-0.07168964296579361,attack,No
5185,0,0,0.22270013882530884,-1.5736448764801025,-0.32364487648010254,attack,No
5186,0,0,0.0024726232760847976,-6.0366315841674805,-0.03663163259625435,attack,No
5187,0,1,0.7310585786300049,-0.33160483837127686,-1.3316048383712769,attack,Yes
5188,0,1,0.7772998663336157,-0.277889221906662,-1.5278892517089844,attack,Yes
5189,0,0,0.37754066879814546,-1.0220438241958618,-0.5220438241958618,attack,No
5190,0,1,0.5621765008857981,-0.6166782379150391,-0.8666782379150391,attack,Yes
5191,0,1,0.7981867825403176,-0.23713883757591248,-1.6121388673782349,attack,Yes
5192,0,0,0.26894141551050293,-1.3715486526489258,-0.3715486228466034,attack,No
5193,0,0,0.5,-0.7157673239707947,-0.7157673239707947,attack,No
5194,0,0,0.26894141551050293,-1.3573284149169922,-0.3573283851146698,attack,No
5195,0,1,0.9324533018213448,-0.08251535147428513,-2.707515239715576,attack,Yes
5196,0,0,0.053403330929736405,-2.972661256790161,-0.09766127914190292,attack,No
5197,0,0,0.46879062662624377,-0.7826972007751465,-0.6576972007751465,attack,No
5198,0,0,0.14804720179063335,-1.9396072626113892,-0.18960729241371155,attack,No
5199,0,0,0.24508500761839525,-1.4301618337631226,-0.30516180396080017,attack,No
5200,0,0,0.0008040860059657945,-7.149345397949219,-0.024345485493540764,attack,No
5201,0,0,0.3775406828054583,-1.0194830894470215,-0.5194831490516663,attack,No
5202,0,0,0.4378234991142019,-0.8526384234428406,-0.6026384234428406,attack,No
5203,0,0,0.009708475478632619,-4.696918964385986,-0.07191886007785797,attack,No
5204,0,0,0.4073334000459302,-0.9197235703468323,-0.5447235703468323,attack,No
5205,0,0,0.2942149783515162,-1.2510250806808472,-0.37602511048316956,attack,No
5206,0,1,0.8933094074745443,-0.12794969975948334,-2.2529497146606445,attack,Yes
5207,0,1,0.6224593312018546,-0.5203845500946045,-1.0203845500946045,attack,Yes
5208,0,0,0.004070137217572024,-5.538376808166504,-0.03837668523192406,attack,No
5209,0,0,0.029312231387330967,-3.5636518001556396,-0.06365182250738144,attack,No
5210,0,1,0.9149009468718409,-0.09891162812709808,-2.4739115238189697,attack,Yes
5211,0,0,0.4073334000459302,-0.9391972422599792,-0.5641972422599792,attack,No
5212,0,0,0.0011695102302421558,-6.821793079376221,-0.07179304957389832,attack,No
5213,0,0,0.04742587284097443,-3.0818123817443848,-0.08181237429380417,attack,No
5214,0,0,0.004609571871703117,-5.4349470138549805,-0.059946946799755096,attack,No
5215,0,0,0.32082130731838393,-1.1580860614776611,-0.4080860912799835,attack,No
5216,0,1,0.7310585903489892,-0.350259006023407,-1.3502590656280518,attack,Yes
5217,0,0,0.005220125616178516,-5.325517177581787,-0.07551716268062592,attack,No
5218,0,0,0.5,-0.7143114805221558,-0.7143114805221558,attack,No
5219,0,0,0.07585818576669104,-2.5932083129882812,-0.09320839494466782,attack,No
5220,0,0,0.047425875197120895,-3.0718305110931396,-0.07183055579662323,attack,No
5221,0,0,0.10669060246682488,-2.291184186935425,-0.16618427634239197,attack,No
5222,0,0,0.2689414213699951,-1.3293418884277344,-0.3293418884277344,attack,No
5223,0,1,0.989013056175251,-0.018038859590888023,-4.518038749694824,attack,Yes
5224,0,0,0.20181322226037882,-1.6287568807601929,-0.25375688076019287,attack,No
5225,0,0,0.06008665143635008,-2.8430709838867188,-0.09307100623846054,attack,No
5226,0,0,0.07585818524437762,-2.6417183876037598,-0.14171846210956573,attack,No
5227,0,0,0.14804719239327382,-1.928346872329712,-0.17834682762622833,attack,No
5228,0,0,0.05340333243628599,-2.967708110809326,-0.09270816296339035,attack,No
5229,0,1,0.7549149923816048,-0.3063391149044037,-1.431339144706726,attack,Yes
5230,0,0,0.26894141551050293,-1.3567614555358887,-0.3567614257335663,attack,No
5231,0,1,0.9324533163686646,-0.08842170238494873,-2.7134218215942383,attack,Yes
5232,0,0,0.01098694441170717,-4.537571430206299,-0.03757159411907196,attack,No
5233,0,0,0.06754669020109236,-2.714366912841797,-0.08936689794063568,attack,No
5234,0,0,0.04208773212094217,-3.1917901039123535,-0.06679020822048187,attack,No
5235,0,0,0.37754066879814546,-1.004715085029602,-0.504715085029602,attack,No
5236,0,0,0.007577239867184069,-4.9060564041137695,-0.031056217849254608,attack,No
5237,0,0,0.014063628696182679,-4.326305866241455,-0.07630598545074463,attack,No
5238,0,1,0.7772998663336157,-0.27738186717033386,-1.5273818969726562,attack,Yes
5239,0,1,0.914900959053549,-0.09941286593675613,-2.4744129180908203,attack,Yes
5240,0,0,0.020332352378008508,-3.926948308944702,-0.05194826051592827,attack,No
5241,0,1,0.8354835432479661,-0.20003874599933624,-1.8250387907028198,attack,Yes
5242,0,0,0.11920291732853862,-2.159804105758667,-0.1598040610551834,attack,No
5243,0,1,0.6791786861878392,-0.41500335931777954,-1.1650032997131348,attack,Yes
5244,0,0,0.08509904732734556,-2.480264186859131,-0.10526421666145325,attack,No
5245,0,0,0.0019267342191709017,-6.322297096252441,-0.0722968652844429,attack,No
5246,0,0,0.5,-0.7198230624198914,-0.7198230624198914,attack,No
5247,0,0,0.006692852212113911,-5.041162967681885,-0.041163161396980286,attack,No
5248,0,0,0.11920291263495983,-2.1604413986206055,-0.1604413092136383,attack,No
5249,0,0,0.1066905854244781,-2.2507529258728027,-0.12575283646583557,attack,No
5250,0,0,0.017986209698896728,-4.041776180267334,-0.04177616536617279,attack,No
5251,0,0,0.001501182513598464,-6.571710109710693,-0.07171028107404709,attack,No
5252,0,0,0.3775406547908327,-1.0281152725219727,-0.5281152129173279,attack,No
5253,0,0,0.37754066879814546,-0.9971998929977417,-0.4971998929977417,attack,No
5254,0,0,0.05340332753999997,-2.953425884246826,-0.07842583954334259,attack,No
5255,0,0,0.13296424535145931,-2.0337893962860107,-0.15878944098949432,attack,No
5256,0,1,0.6224593382055109,-0.4959011971950531,-0.9959012269973755,attack,Yes
5257,0,0,0.015906394714953993,-4.155552387237549,-0.0305525790899992,attack,No
5258,0,0,0.0046095712734538314,-5.434881687164307,-0.05988148972392082,attack,No
5259,0,1,0.9046505351008906,-0.1352386474609375,-2.3852386474609375,attack,Yes
5260,0,0,0.4073334000459302,-0.9357037544250488,-0.5607037544250488,attack,No
5261,0,0,0.22270013882530884,-1.5337740182876587,-0.2837740182876587,attack,No
5262,0,0,0.004070137126967649,-5.542642116546631,-0.04264197126030922,attack,No
5263,0,0,0.020332352229600784,-3.9292523860931396,-0.05425233021378517,attack,No
5264,0,1,0.924141813188682,-0.08567462116479874,-2.585674524307251,attack,Yes
5265,0,0,0.009708477878289112,-4.668798446655273,-0.04379859194159508,attack,No
5266,0,1,0.7772998714925403,-0.29124897718429565,-1.5412490367889404,attack,Yes
5267,0,0,0.3486451421018059,-1.106589913368225,-0.4815899431705475,attack,No
5268,0,0,0.1645164628965632,-1.825391411781311,-0.20039141178131104,attack,No
5269,0,1,0.8175744761936437,-0.22762548923492432,-1.7276254892349243,attack,Yes
5270,0,1,0.7310585786300049,-0.33472776412963867,-1.3347277641296387,attack,Yes
5271,0,1,0.9669140226838876,-0.04551741108298302,-3.4205174446105957,attack,Yes
5272,0,0,0.0046095728630878175,-5.4348602294921875,-0.05986037850379944,attack,No
5273,0,1,0.880797081106935,-0.14749547839164734,-2.1474955081939697,attack,Yes
5274,0,0,0.24508500761839525,-1.4376106262207031,-0.31261059641838074,attack,No
5275,0,0,0.32082129433083023,-1.1532351970672607,-0.40323516726493835,attack,No
5276,0,0,0.0024726234231002195,-6.057791233062744,-0.057791341096162796,attack,No
5277,0,0,0.22270014914315833,-1.5471220016479492,-0.297122061252594,attack,No
5278,0,0,0.08509903804604459,-2.4973080158233643,-0.1223079264163971,attack,No
5279,0,0,0.060086648490884395,-2.873457193374634,-0.1234571635723114,attack,No
5280,0,0,0.24508501864634827,-1.4310693740844727,-0.30606940388679504,attack,No
5281,0,0,0.3486451285660856,-1.074859619140625,-0.4498595893383026,attack,No
5282,0,0,0.0011695100561753752,-6.789563179016113,-0.039563000202178955,attack,No
5283,0,1,0.8354835309589073,-0.2034556120634079,-1.8284555673599243,attack,Yes
5284,0,0,0.06754669395523943,-2.7220711708068848,-0.09707121551036835,attack,No
5285,0,0,0.37754066879814546,-1.0104597806930542,-0.5104597806930542,attack,No
5286,0,0,0.01590639491905086,-4.172421932220459,-0.0474221371114254,attack,No
5287,0,0,0.0019267346919827415,-6.307091236114502,-0.05709125101566315,attack,No
5288,0,1,0.9579122755387536,-0.055126581341028214,-3.180126667022705,attack,Yes
5289,0,1,0.9890130559526116,-0.017240654677152634,-4.517240524291992,attack,Yes
5290,0,1,0.7549149868676283,-0.3150339126586914,-1.4400339126586914,attack,Yes
5291,0,0,0.37754067580180184,-0.9948558807373047,-0.4948559105396271,attack,No
5292,0,0,0.04208772851637929,-3.2494235038757324,-0.12442351877689362,attack,No
5293,0,1,0.9046505351008906,-0.10845351219177246,-2.3584535121917725,attack,Yes
5294,0,0,0.007577241940185738,-4.931835651397705,-0.05683574080467224,attack,No
5295,0,0,0.008577486966009656,-4.793161869049072,-0.04316205158829689,attack,No
5296,0,0,0.009708478630420372,-4.684037685394287,-0.05903790891170502,attack,No
5297,0,0,0.04742587082142043,-3.0719454288482666,-0.07194537669420242,attack,No
5298,0,0,0.4073334000459302,-0.9296981692314148,-0.5546981692314148,attack,No
5299,0,0,0.34864513533394575,-1.095466136932373,-0.47046613693237305,attack,No
5300,0,0,0.04742587216778976,-3.0669472217559814,-0.06694719940423965,attack,No
5301,0,1,0.6224593171945417,-0.5019844174385071,-1.0019843578338623,attack,Yes
5302,0,1,0.9465966705768132,-0.09183191508054733,-2.966831922531128,attack,Yes
5303,0,0,0.18242553047372242,-1.737757682800293,-0.23775772750377655,attack,No
5304,0,0,0.008577485477071068,-4.807746887207031,-0.05774689465761185,attack,No
5305,0,0,0.04208772941751998,-3.1977670192718506,-0.07276705652475357,attack,No
5306,0,0,0.46879062662624377,-0.7673123478889465,-0.6423123478889465,attack,No
5307,0,0,0.020332352749027827,-3.9442546367645264,-0.06925460696220398,attack,No
5308,0,0,0.3486451285660856,-1.0982067584991455,-0.4732067286968231,attack,No
5309,0,0,0.02931223234129297,-3.556396245956421,-0.056396301835775375,attack,No
5310,0,1,0.5312093733737563,-0.6468284726142883,-0.7718284726142883,attack,Yes
5311,0,0,0.029312231387330967,-3.5916926860809326,-0.09169270843267441,attack,No
5312,0,0,0.014063628024676917,-4.291358470916748,-0.04135854169726372,attack,No
5313,0,0,0.012431649801262927,-4.421378135681152,-0.04637804999947548,attack,No
5314,0,0,0.2689414096510108,-1.345029354095459,-0.3450292944908142,attack,No
5315,0,1,0.7310585903489892,-0.32916539907455444,-1.3291654586791992,attack,Yes
5316,0,1,0.9465966668104392,-0.06458718329668045,-2.939587116241455,attack,Yes
5317,0,0,0.0052201249197596335,-5.285458087921143,-0.03545793890953064,attack,No
5318,0,0,0.02033235319425102,-3.925560235977173,-0.050560228526592255,attack,No
5319,0,0,0.22270014398423357,-1.54161536693573,-0.29161539673805237,attack,No
5320,0,0,0.006692850899518915,-5.045175075531006,-0.04517507180571556,attack,No
5321,0,0,0.10669059394565118,-2.2744510173797607,-0.14945101737976074,attack,No
5322,0,0,0.1645164608483867,-1.8226691484451294,-0.1976691335439682,attack,No
5323,0,1,0.8354835371034369,-0.1879112720489502,-1.8129112720489502,attack,Yes
5324,0,0,0.025957355314023947,-3.6688568592071533,-0.04385678470134735,attack,No
5325,0,0,0.11920291107043361,-2.152202844619751,-0.15220274031162262,attack,No
5326,0,0,0.0066928512710080395,-5.037142276763916,-0.037142328917980194,attack,No
5327,0,1,0.5621765008857981,-0.6035605072975159,-0.8535605072975159,attack,Yes
5328,0,1,0.8807970873650403,-0.137399822473526,-2.137399911880493,attack,Yes
5329,0,1,0.6513548646660542,-0.4441264867782593,-1.0691264867782593,attack,Yes
5330,0,0,0.0015011821841457139,-6.544714450836182,-0.04471440240740776,attack,No
5331,0,0,0.2018132198600306,-1.6207799911499023,-0.24577997624874115,attack,No
5332,0,0,0.0017007220066411306,-6.425785064697266,-0.05078482627868652,attack,No
5333,0,0,0.03732688948593843,-3.317857265472412,-0.06785732507705688,attack,No
5334,0,0,0.014063627353171185,-4.29940128326416,-0.04940130561590195,attack,No
5335,0,0,0.2689414272294874,-1.3349162340164185,-0.33491626381874084,attack,No
5336,0,0,0.01590639200338161,-4.168338298797607,-0.043338317424058914,attack,No
5337,0,0,0.14804719991116141,-1.9370272159576416,-0.1870272308588028,attack,No
5338,0,0,0.4378234991142019,-0.8533874154090881,-0.6033874154090881,attack,No
5339,0,0,0.0035936019278040277,-5.663554668426514,-0.03855448588728905,attack,No
5340,0,0,0.4073334000459302,-0.9225316047668457,-0.5475316047668457,attack,No
5341,0,0,0.07585817949893016,-2.6053643226623535,-0.10536431521177292,attack,No
5342,0,0,0.06754669207816587,-2.7245216369628906,-0.09952165186405182,attack,No
5343,0,0,0.06754669864792355,-2.7560806274414062,-0.1310807466506958,attack,No
5344,0,1,0.957912268029248,-0.05168996378779411,-3.176689863204956,attack,Yes
5345,0,0,0.26894141551050293,-1.404105305671692,-0.4041052758693695,attack,No
5346,0,0,0.0031726830427735208,-5.783213138580322,-0.03321320191025734,attack,No
5347,0,1,0.7310585786300049,-0.33257758617401123,-1.3325775861740112,attack,Yes
5348,0,0,0.2942149845400438,-1.250053882598877,-0.37505394220352173,attack,No
5349,0,0,0.16451646494473965,-1.8402886390686035,-0.2152886539697647,attack,No
5350,0,0,0.007577242500456555,-4.909677505493164,-0.034677669405937195,attack,No
5351,0,0,0.01406362415060583,-4.307271480560303,-0.05727127194404602,attack,No
5352,0,0,0.04208772401067611,-3.207318067550659,-0.08231797069311142,attack,No
5353,0,0,0.017986206408961668,-4.041752815246582,-0.041752614080905914,attack,No
5354,0,0,0.005911067564717234,-5.186700344085693,-0.06170012429356575,attack,No
5355,0,0,0.18242551713899047,-1.718822717666626,-0.2188226729631424,attack,No
5356,0,1,0.8933093946927838,-0.12617313861846924,-2.2511730194091797,attack,Yes
5357,0,0,0.009708477878289112,-4.6836771965026855,-0.05867734178900719,attack,No
5358,0,1,0.6224593312018546,-0.5044510364532471,-1.004451036453247,attack,Yes
5359,0,0,0.09534946682712482,-2.3733632564544678,-0.12336327880620956,attack,No
5360,0,0,0.4378234991142019,-0.8461220860481262,-0.5961220860481262,attack,No
5361,0,0,0.1480471980316895,-1.9330053329467773,-0.18300533294677734,attack,No
5362,0,1,0.5926665999540697,-0.5498731136322021,-0.9248731136322021,attack,Yes
5363,0,0,0.007577239643075814,-4.94486141204834,-0.06986119598150253,attack,No
5364,0,0,0.10669060388702058,-2.2675983905792236,-0.142598494887352,attack,No
5365,0,1,0.5926665999540697,-0.5362226963043213,-0.9112226963043213,attack,Yes
5366,0,1,0.5926665999540697,-0.578650951385498,-0.953650951385498,attack,Yes
5367,0,1,0.5926665999540697,-0.5658209919929504,-0.9408209919929504,attack,Yes
5368,0,1,0.7549149923816048,-0.3020493686199188,-1.4270493984222412,attack,Yes
5369,0,0,0.015906392120008366,-4.167733669281006,-0.04273369535803795,attack,No
5370,0,0,0.014063623737371644,-4.303005218505859,-0.05300498008728027,attack,No
5371,0,0,0.0124316506702427,-4.4762749671936035,-0.10127495229244232,attack,No
5372,0,0,0.0031726827953585256,-5.802704334259033,-0.05270431935787201,attack,No
5373,0,1,0.8519527944504226,-0.18244010210037231,-1.9324400424957275,attack,Yes
5374,0,0,0.012431652957031865,-4.422010898590088,-0.04701106995344162,attack,No
5375,0,0,0.03308597981882656,-3.44682240486145,-0.07182244956493378,attack,No
5376,0,0,0.06008664512463808,-2.830402374267578,-0.08040228486061096,attack,No
5377,0,0,0.01243164829198241,-4.4444050788879395,-0.06940487027168274,attack,No
5378,0,1,0.9947798731457431,-0.008503183722496033,-5.258502960205078,attack,Yes
5379,0,0,0.0021827164696856935,-6.161140441894531,-0.036140453070402145,attack,No
5380,0,0,0.008577487124407394,-4.847650051116943,-0.09765025228261948,attack,No
5381,0,0,0.32082130082460697,-1.1713224649429321,-0.42132246494293213,attack,No
5382,0,0,0.3486451421018059,-1.070191740989685,-0.44519177079200745,attack,No
5383,0,0,0.10669058968506456,-2.2670304775238037,-0.14203043282032013,attack,No
5384,0,0,0.5,-0.7230662107467651,-0.7230662107467651,attack,No
5385,0,0,0.047425871831197425,-3.069730043411255,-0.0697300136089325,attack,No
5386,0,0,0.004609571700774742,-5.428516864776611,-0.05351676046848297,attack,No
5387,0,1,0.9740426451569192,-0.041390564292669296,-3.6663906574249268,attack,Yes
5388,0,1,0.7057850402140659,-0.3633992075920105,-1.2383992671966553,attack,Yes
5389,0,0,0.24508501313237172,-1.421877145767212,-0.2968771457672119,attack,No
5390,0,1,0.924141813188682,-0.10020194202661514,-2.6002018451690674,attack,Yes
5391,0,0,0.08509905254807776,-2.497213840484619,-0.1222139373421669,attack,No
5392,0,0,0.1480471980316895,-1.951796293258667,-0.201796293258667,attack,No
5393,0,0,0.014063627663096904,-4.320279598236084,-0.07027964293956757,attack,No
5394,0,0,0.5,-0.7145818471908569,-0.7145818471908569,attack,No
5395,0,0,0.2018132270610754,-1.6422817707061768,-0.26728180050849915,attack,No
5396,0,1,0.9820137914854798,-0.02533332258462906,-4.025333404541016,attack,Yes
5397,0,0,0.34864513533394575,-1.0830801725387573,-0.4580801725387573,attack,No
5398,0,0,0.2689414330889798,-1.3434693813323975,-0.34346944093704224,attack,No
5399,0,0,0.34864513533394575,-1.080599069595337,-0.4555990695953369,attack,No
5400,0,0,0.0031726824536902304,-5.7971038818359375,-0.04710375890135765,attack,No
5401,0,1,0.9324533032291502,-0.08902201056480408,-2.714021921157837,attack,Yes
5402,0,0,0.29421497216298875,-1.2481764554977417,-0.3731764554977417,attack,No
5403,0,0,0.03308597457504463,-3.463721752166748,-0.0887216329574585,attack,No
5404,0,0,0.01590639200338161,-4.18487024307251,-0.05987026169896126,attack,No
5405,0,0,0.11920293453832885,-2.155963897705078,-0.15596401691436768,attack,No
5406,0,1,0.6224593382055109,-0.49655744433403015,-0.9965574741363525,attack,Yes
5407,0,1,0.5621765008857981,-0.6018229722976685,-0.8518229722976685,attack,Yes
5408,0,0,0.3486451217982255,-1.0777275562286377,-0.4527274966239929,attack,No
5409,0,0,0.2018132270610754,-1.636120080947876,-0.26112011075019836,attack,No
5410,0,0,0.18242552158390105,-1.7236193418502808,-0.22361932694911957,attack,No
5411,0,1,0.5621765008857981,-0.6245592832565308,-0.8745592832565308,attack,Yes
5412,0,0,0.0259573547488921,-3.700181722640991,-0.07518162578344345,attack,No
5413,0,0,0.007577241099779587,-4.906318187713623,-0.031318165361881256,attack,No
5414,0,0,0.11920293453832885,-2.1527628898620605,-0.1527630090713501,attack,No
5415,0,0,0.012431648200510868,-4.414626121520996,-0.03962590545415878,attack,No
5416,0,0,0.014063627404825469,-4.294482707977295,-0.04448273405432701,attack,No
5417,0,1,0.9324533126145177,-0.10772818326950073,-2.7327282428741455,attack,Yes
5418,0,0,0.002800926405248846,-5.921161651611328,-0.04616145044565201,attack,No
5419,0,1,0.7549149868676283,-0.3049478530883789,-1.429947853088379,attack,Yes
5420,0,0,0.0021827166562962998,-6.189538478851318,-0.06453857570886612,attack,No
5421,0,0,0.11920292515117029,-2.1560251712799072,-0.15602520108222961,attack,No
5422,0,1,0.9669140195852891,-0.038158003240823746,-3.4131579399108887,attack,Yes
5423,0,0,0.0021827162668480956,-6.1707916259765625,-0.045791544020175934,attack,No
5424,0,0,0.06754668597767712,-2.7132070064544678,-0.08820692449808121,attack,No
5425,0,1,0.9324533116759811,-0.08323045074939728,-2.708230495452881,attack,Yes
5426,0,0,0.0019267342764814216,-6.322229862213135,-0.07222966104745865,attack,No
5427,0,0,0.005220125161571734,-5.279012680053711,-0.02901257760822773,attack,No
5428,0,0,0.11920292671569666,-2.1396725177764893,-0.13967256247997284,attack,No
5429,0,0,0.0019267348997334354,-6.307154178619385,-0.057154301553964615,attack,No
5430,0,1,0.5926665999540697,-0.5639676451683044,-0.9389676451683044,attack,Yes
5431,0,0,0.08509905254807776,-2.490527391433716,-0.11552748829126358,attack,No
5432,0,0,0.009708476839631754,-4.696904182434082,-0.07190421968698502,attack,No
5433,0,0,0.22270014914315833,-1.5464699268341064,-0.2964699864387512,attack,No
5434,0,0,0.008577484590043946,-4.820988655090332,-0.07098855823278427,attack,No
5435,0,1,0.7772998560157665,-0.26556161046028137,-1.515561580657959,attack,Yes
5436,0,1,0.7310585903489892,-0.34626930952072144,-1.3462693691253662,attack,Yes
5437,0,0,0.004070137715896127,-5.5382208824157715,-0.038220882415771484,attack,No
5438,0,1,0.9626731127897337,-0.04999374970793724,-3.2999937534332275,attack,Yes
5439,0,0,0.012431648795075896,-4.422976493835449,-0.04797632619738579,attack,No
5440,0,0,0.005220126873601731,-5.304285526275635,-0.05428575351834297,attack,No
5441,0,1,0.5621765008857981,-0.5907795429229736,-0.8407795429229736,attack,Yes
5442,0,1,0.5312093733737563,-0.6738224029541016,-0.7988224029541016,attack,Yes
5443,0,1,0.9324533126145177,-0.08131211996078491,-2.7063121795654297,attack,Yes
5444,0,1,0.7057850340255386,-0.3796708285808563,-1.2546708583831787,attack,Yes
5445,0,0,0.002472623285273262,-6.064890384674072,-0.06489043682813644,attack,No
5446,0,0,0.4378234991142019,-0.8554147481918335,-0.6054147481918335,attack,No
5447,0,0,0.0600866447038573,-2.8301401138305664,-0.08014001697301865,attack,No
5448,0,0,0.07585818263281055,-2.5972721576690674,-0.09727219492197037,attack,No
5449,0,1,0.9669140217304727,-0.04122733697295189,-3.416227340698242,attack,Yes
5450,0,1,0.8670357649558007,-0.157314732670784,-2.0323147773742676,attack,Yes
5451,0,0,0.13296425394084313,-2.0378265380859375,-0.16282665729522705,attack,No
5452,0,1,0.9669140193469352,-0.042055439203977585,-3.417055368423462,attack,Yes
5453,0,0,0.2689414096510108,-1.3286545276641846,-0.3286544680595398,attack,No
5454,0,0,0.08509903804604459,-2.524233341217041,-0.14923325181007385,attack,No
5455,0,0,0.0031726829897560202,-5.771559238433838,-0.02155928499996662,attack,No
5456,0,0,0.3775406828054583,-1.0035264492034912,-0.503526508808136,attack,No
5457,0,0,0.006692851964454458,-5.055782794952393,-0.055782951414585114,attack,No
5458,0,0,0.029312231175339414,-3.5731375217437744,-0.07313753664493561,attack,No
5459,0,0,0.46879062662624377,-0.7967997789382935,-0.6717997789382935,attack,No
5460,0,1,0.6224593312018546,-0.5141294002532959,-1.014129400253296,attack,Yes
5461,0,0,0.0019267344125939133,-6.300821781158447,-0.05082165077328682,attack,No
5462,0,0,0.007577239559035221,-4.916876316070557,-0.041876088827848434,attack,No
5463,0,0,0.0046095717520532545,-5.423076629638672,-0.04807653650641441,attack,No
5464,0,0,0.07585818524437762,-2.61234188079834,-0.11234195530414581,attack,No
5465,0,0,0.01798620785653302,-4.072879791259766,-0.07287967205047607,attack,No
5466,0,0,0.18242553047372242,-1.7418482303619385,-0.24184827506542206,attack,No
5467,0,0,0.11920293453832885,-2.150101661682129,-0.15010178089141846,attack,No
5468,0,0,0.01590639299470909,-4.171130180358887,-0.046130262315273285,attack,No
5469,0,0,0.0373268854700467,-3.3114986419677734,-0.06149858981370926,attack,No
5470,0,0,0.5,-0.7378455400466919,-0.7378455400466919,attack,No
5471,0,0,0.08509904848750824,-2.4843482971191406,-0.1093483418226242,attack,No
5472,0,0,0.010986943764029325,-4.581586837768555,-0.08158694207668304,attack,No
5473,0,1,0.5621765008857981,-0.6084309816360474,-0.8584309816360474,attack,Yes
5474,0,0,0.20181321265898594,-1.6260149478912354,-0.2510148882865906,attack,No
5475,0,0,0.09534945461636171,-2.373505115509033,-0.12350499629974365,attack,No
5476,0,0,0.5,-0.7123748660087585,-0.7123748660087585,attack,No
5477,0,0,0.03732688627322502,-3.3574509620666504,-0.107450932264328,attack,No
5478,0,1,0.8519528057272543,-0.17221209406852722,-1.9222121238708496,attack,Yes
5479,0,0,0.03732688600549891,-3.3317203521728516,-0.08172031491994858,attack,No
5480,0,0,0.29421497216298875,-1.2405306100845337,-0.3655306100845337,attack,No
5481,0,0,0.0675466845698721,-2.7132809162139893,-0.0882808119058609,attack,No
5482,0,1,0.6513548782017746,-0.45836323499679565,-1.0833632946014404,attack,Yes
5483,0,1,0.6791786926816161,-0.3978135883808136,-1.1478135585784912,attack,Yes
5484,0,0,0.04208772491181671,-3.2063686847686768,-0.08136861026287079,attack,No
5485,0,0,0.0015011824019195573,-6.563838958740234,-0.06383905559778214,attack,No
5486,0,0,0.3486451421018059,-1.0932954549789429,-0.46829548478126526,attack,No
5487,0,0,0.5,-0.7150419354438782,-0.7150419354438782,attack,No
5488,0,0,0.0028009272688671624,-5.916613578796387,-0.041613686829805374,attack,No
5489,0,1,0.9465966735899123,-0.06448905915021896,-2.9394891262054443,attack,Yes
5490,0,0,0.04208772851637929,-3.2305891513824463,-0.10558916628360748,attack,No
5491,0,1,0.8519528057272543,-0.1845470368862152,-1.9345470666885376,attack,Yes
5492,0,0,0.053403333942835626,-2.9463157653808594,-0.07131584733724594,attack,No
5493,0,0,0.047425871831197425,-3.0696887969970703,-0.06968876719474792,attack,No
5494,0,1,0.7057850278370112,-0.3629966974258423,-1.2379966974258423,attack,Yes
5495,0,0,0.46879062662624377,-0.7901624441146851,-0.6651624441146851,attack,No
5496,0,0,0.06754669677084987,-2.724468469619751,-0.09946855902671814,attack,No
5497,0,0,0.26894141551050293,-1.3597378730773926,-0.3597378432750702,attack,No
5498,0,1,0.914900957313305,-0.10338160395622253,-2.478381633758545,attack,Yes
5499,0,1,0.5312093733737563,-0.6658120155334473,-0.7908120155334473,attack,Yes
5500,0,1,0.7057850340255386,-0.3629471957683563,-1.2379472255706787,attack,Yes
5501,0,0,0.004070138199119559,-5.524927139282227,-0.024927258491516113,attack,No
5502,0,0,0.08509903804604459,-2.5246710777282715,-0.14967098832130432,attack,No
5503,0,0,0.014063624202260105,-4.307712554931641,-0.05771235004067421,attack,No
5504,0,0,0.4378234991142019,-0.9075157046318054,-0.6575157046318054,attack,No
5505,0,1,0.9149009619539553,-0.09997954964637756,-2.4749796390533447,attack,Yes
5506,0,0,0.13296425050508953,-2.0319502353668213,-0.15695032477378845,attack,No
5507,0,0,0.042087727615238615,-3.191840171813965,-0.06684016436338425,attack,No
5508,0,0,0.002472623294461725,-6.0461812019348145,-0.04618125781416893,attack,No
5509,0,0,0.037326884131416216,-3.321993827819824,-0.07199373841285706,attack,No
5510,0,1,0.8175744695262777,-0.22050563991069794,-1.7205055952072144,attack,Yes
5511,0,0,0.18242551713899047,-1.7300503253936768,-0.23005028069019318,attack,No
5512,0,0,0.008577487124407394,-4.821714401245117,-0.0717146024107933,attack,No
5513,0,1,0.7772998663336157,-0.26737138628959656,-1.517371416091919,attack,Yes
5514,0,0,0.4073334000459302,-0.9410860538482666,-0.5660860538482666,attack,No
5515,0,0,0.32082130731838393,-1.1566312313079834,-0.4066312611103058,attack,No
5516,0,1,0.6791786926816161,-0.42298462986946106,-1.1729846000671387,attack,Yes
5517,0,0,0.02595735945832451,-3.6748404502868652,-0.0498405396938324,attack,No
5518,0,0,0.012431648840811669,-4.417702674865723,-0.042702510952949524,attack,No
5519,0,1,0.9399133527714579,-0.07280463725328445,-2.8228046894073486,attack,Yes
5520,0,0,0.22270013366638422,-1.5250917673110962,-0.2750917375087738,attack,No
5521,0,0,0.00970847752013139,-4.683884620666504,-0.05888472869992256,attack,No
5522,0,0,0.004070137700795395,-5.55967903137207,-0.059679027646780014,attack,No
5523,0,0,0.020332352674823966,-3.9336488246917725,-0.058648791164159775,attack,No
5524,0,1,0.7772998663336157,-0.27402016520500183,-1.5240201950073242,attack,Yes
5525,0,1,0.95791227073267,-0.05363992229104042,-3.1786398887634277,attack,Yes
5526,0,0,0.4073334000459302,-0.9133148789405823,-0.5383148789405823,attack,No
5527,0,1,0.966914019704466,-0.04562026262283325,-3.4206202030181885,attack,Yes
5528,0,0,0.11920291576401235,-2.153353691101074,-0.15335363149642944,attack,No
5529,0,1,0.8807970873650403,-0.14939013123512268,-2.14939022064209,attack,Yes
5530,0,0,0.03308597886541159,-3.4468612670898438,-0.07186128199100494,attack,No
5531,0,0,0.0028009265197042697,-5.921367168426514,-0.04636700823903084,attack,No
5532,0,0,0.22270012850745968,-1.5248305797576904,-0.27483052015304565,attack,No
5533,0,0,0.003172683184153526,-5.784024238586426,-0.03402434661984444,attack,No
5534,0,0,0.004070137519586624,-5.547338962554932,-0.04733891412615776,attack,No
5535,0,0,0.2018132150593341,-1.6212856769561768,-0.24628563225269318,attack,No
5536,0,1,0.7981867825403176,-0.23495826125144958,-1.609958291053772,attack,Yes
5537,0,0,0.025957358610626615,-3.681652545928955,-0.056652601808309555,attack,No
5538,0,1,0.6791786861878392,-0.4053516983985901,-1.1553516387939453,attack,Yes
5539,0,0,0.015906389495906472,-4.179760456085205,-0.05476031452417374,attack,No
5540,0,0,0.01406362817963978,-4.326315402984619,-0.0763154849410057,attack,No
5541,0,0,0.14804719427274565,-1.9390591382980347,-0.18905910849571228,attack,No
5542,0,1,0.9241418199787566,-0.09548521041870117,-2.595485210418701,attack,Yes
5543,0,0,0.010986941659076578,-4.56029748916626,-0.0602973997592926,attack,No
5544,0,1,0.9046505344582186,-0.10620928555727005,-2.3562092781066895,attack,Yes
5545,0,0,0.0006263341651048656,-7.42460823059082,-0.04960824176669121,attack,No
5546,0,0,0.0021827165751612514,-6.176814079284668,-0.051814138889312744,attack,No
5547,0,0,0.06008665017400762,-2.8608787059783936,-0.11087870597839355,attack,No
5548,0,0,0.042087731520181665,-3.197911500930786,-0.0729115903377533,attack,No
5549,0,0,0.26894141551050293,-1.3693488836288452,-0.3693488538265228,attack,No
5550,0,0,0.09534947453918644,-2.371089458465576,-0.12108957022428513,attack,No
5551,0,0,0.4378234991142019,-0.8830039501190186,-0.6330039501190186,attack,No
5552,0,0,0.07585818002124356,-2.6047098636627197,-0.10470986366271973,attack,No
5553,0,0,0.10669059394565118,-2.2502243518829346,-0.12522435188293457,attack,No
5554,0,0,0.20181322226037882,-1.6910643577575684,-0.31606435775756836,attack,No
5555,0,1,0.6791787056691698,-0.4172404706478119,-1.1672405004501343,attack,Yes
5556,0,0,0.08509903746596333,-2.4903860092163086,-0.11538591235876083,attack,No
5557,0,1,0.6224593312018546,-0.48942530155181885,-0.9894253015518188,attack,Yes
5558,0,0,0.13296423676207594,-2.0353567600250244,-0.16035673022270203,attack,No
5559,0,1,0.7549149868676283,-0.30217063426971436,-1.4271706342697144,attack,Yes
5560,0,0,0.3486451285660856,-1.0927361249923706,-0.4677360951900482,attack,No
5561,0,0,0.32082130731838393,-1.155065894126892,-0.4050659239292145,attack,No
5562,0,1,0.5621765008857981,-0.607062816619873,-0.857062816619873,attack,Yes
5563,0,0,0.012431651996580367,-4.417909145355225,-0.04290923848748207,attack,No
5564,0,0,0.0953494674697966,-2.3838894367218018,-0.13388946652412415,attack,No
5565,0,1,0.7057850340255386,-0.37476083636283875,-1.2497608661651611,attack,Yes
5566,0,0,0.00669285137007181,-5.0453972816467285,-0.04539734870195389,attack,No
5567,0,0,0.1480472036701053,-1.9236814975738525,-0.17368154227733612,attack,No
5568,0,0,0.0758581784543034,-2.6083433628082275,-0.10834334045648575,attack,No
5569,0,0,0.10669059536584675,-2.261239767074585,-0.13623978197574615,attack,No
5570,0,1,0.8519527944504226,-0.1714370846748352,-1.9214370250701904,attack,Yes
5571,0,0,0.1480472055495773,-1.932927131652832,-0.1829271912574768,attack,No
5572,0,0,0.009708478128999526,-4.6968302726745605,-0.07183044403791428,attack,No
5573,0,0,0.03732689136002139,-3.3366165161132812,-0.0866166278719902,attack,No
5574,0,0,0.04208772371029592,-3.1981847286224365,-0.07318462431430817,attack,No
5575,0,1,0.8175744850834649,-0.21514743566513062,-1.7151474952697754,attack,Yes
5576,0,0,0.042087729717900216,-3.1880297660827637,-0.06302981078624725,attack,No
5577,0,0,0.029312232235297192,-3.591874599456787,-0.09187465161085129,attack,No
5578,0,1,0.8519527944504226,-0.1852615475654602,-1.9352614879608154,attack,Yes
5579,0,1,0.9399133531922388,-0.06745880842208862,-2.8174588680267334,attack,Yes
5580,0,0,0.10669058684467357,-2.2607452869415283,-0.13574521243572235,attack,No
5581,0,0,0.02931223265928031,-3.568065643310547,-0.06806571036577225,attack,No
5582,0,0,0.03308597457504463,-3.4389381408691406,-0.06393802165985107,attack,No
5583,0,0,0.16451646904109268,-1.8460826873779297,-0.22108273208141327,attack,No
5584,0,0,0.04208772611333754,-3.1888647079467773,-0.06386466324329376,attack,No
5585,0,0,0.0021827164291181723,-6.206567287445068,-0.08156727999448776,attack,No
5586,0,0,0.005220125287314033,-5.289207458496094,-0.03920738026499748,attack,No
5587,0,1,0.9241418236349501,-0.09880418330430984,-2.598804235458374,attack,Yes
5588,0,1,0.9840936111163838,-0.0216024499386549,-4.146602630615234,attack,Yes
5589,0,0,0.3208213138121609,-1.1487739086151123,-0.3987739682197571,attack,No
5590,0,0,0.01590638908771288,-4.171299457550049,-0.0462992899119854,attack,No
5591,0,0,0.004070137172269837,-5.584012031555176,-0.08401189744472504,attack,No
5592,0,0,0.3208212878370535,-1.1662869453430176,-0.4162868857383728,attack,No
5593,0,1,0.9324533112067127,-0.08197327703237534,-2.7069733142852783,attack,Yes
5594,0,0,0.11920292828022305,-2.1387345790863037,-0.1387346386909485,attack,No
5595,0,0,0.0474258782264522,-3.0866270065307617,-0.08662711828947067,attack,No
5596,0,0,0.005911068155754778,-5.179745197296143,-0.05474507808685303,attack,No
5597,0,0,0.0059110690970369155,-5.169314384460449,-0.0443144254386425,attack,No
5598,0,0,0.18242551713899047,-1.7210735082626343,-0.2210734635591507,attack,No
5599,0,0,0.004609572999830552,-5.4100165367126465,-0.03501671552658081,attack,No
5600,0,0,0.022977372084420553,-3.8520524501800537,-0.10205254703760147,attack,No
5601,0,0,0.001926734992863064,-6.341250419616699,-0.09125059098005295,attack,No
5602,0,0,0.11920291732853862,-2.1559953689575195,-0.15599532425403595,attack,No
5603,0,0,0.08509904500702024,-2.483456611633301,-0.10845661163330078,attack,No
5604,0,0,0.010986941375717587,-4.550997257232666,-0.05099714174866676,attack,No
5605,0,0,0.020332353342658753,-3.9505321979522705,-0.07553219795227051,attack,No
5606,0,1,0.8519528038477825,-0.17514894902706146,-1.9251489639282227,attack,Yes
5607,0,0,0.1480471961522176,-1.9430924654006958,-0.1930924504995346,attack,No
5608,0,0,0.32082129433083023,-1.175132393836975,-0.4251323640346527,attack,No
5609,0,0,0.004070137882004175,-5.560347080230713,-0.060347121208906174,attack,No
5610,0,1,0.6224593312018546,-0.5058690309524536,-1.0058690309524536,attack,Yes
5611,0,1,0.9465966709534505,-0.0626520961523056,-2.937652111053467,attack,Yes
5612,0,0,0.020332352749027827,-3.938708782196045,-0.06370875239372253,attack,No
5613,0,0,0.00591106881246323,-5.160952568054199,-0.03595256060361862,attack,No
5614,0,0,0.010986942509153599,-4.545427322387695,-0.04542731121182442,attack,No
5615,0,1,0.9046505376715775,-0.11654779314994812,-2.3665478229522705,attack,Yes
5616,0,1,0.7981867825403176,-0.24009987711906433,-1.6150999069213867,attack,Yes
5617,0,0,0.017986208053929125,-4.052551746368408,-0.05255163833498955,attack,No
5618,0,1,0.9740426402591096,-0.03674827143549919,-3.661748170852661,attack,Yes
5619,0,0,0.00970847752013139,-4.673398017883301,-0.04839812591671944,attack,No
5620,0,0,0.24508502416032488,-1.4414432048797607,-0.3164432644844055,attack,No
5621,0,0,0.0028009270919814614,-5.916001796722412,-0.04100184142589569,attack,No
5622,0,0,0.18242552825126704,-1.718856930732727,-0.21885696053504944,attack,No
5623,0,0,0.01798621167285805,-4.048152446746826,-0.04815254360437393,attack,No
5624,0,0,0.00857748367133738,-4.807890892028809,-0.05789068713784218,attack,No
5625,0,0,0.16451646494473965,-1.8232005834579468,-0.19820059835910797,attack,No
5626,0,1,0.7772998611746911,-0.2715662717819214,-1.5215662717819214,attack,Yes
5627,0,0,0.3775406617944891,-0.9998921155929565,-0.49989208579063416,attack,No
5628,0,0,0.46879062662624377,-0.7923566699028015,-0.6673566699028015,attack,No
5629,0,1,0.9740426402591096,-0.034730058163404465,-3.6597299575805664,attack,Yes
5630,0,0,0.053403325280175794,-2.9723260402679443,-0.09732595086097717,attack,No
5631,0,1,0.7772998663336157,-0.2692354619503021,-1.5192354917526245,attack,Yes
5632,0,0,0.0015011823739998322,-6.544750690460205,-0.044750768691301346,attack,No
5633,0,0,0.07585817740967664,-2.5938637256622314,-0.09386368840932846,attack,No
5634,0,0,0.07585818315512395,-2.6164612770080566,-0.11646132171154022,attack,No
5635,0,0,0.46879062662624377,-0.7753625512123108,-0.6503625512123108,attack,No
5636,0,0,0.0293122339312297,-3.5503365993499756,-0.05033671110868454,attack,No
5637,0,0,0.09534945782972029,-2.368333339691162,-0.11833325773477554,attack,No
5638,0,1,0.5312093733737563,-0.6784111857414246,-0.8034111857414246,attack,Yes
5639,0,0,0.16451646904109268,-1.8282653093338013,-0.20326535403728485,attack,No
5640,0,0,0.3486451488696663,-1.0704474449157715,-0.44544750452041626,attack,No
5641,0,0,0.10669058684467357,-2.2604892253875732,-0.13548915088176727,attack,No
5642,0,0,0.20181323186177208,-1.6289405822753906,-0.2539406418800354,attack,No
5643,0,0,0.0758581784543034,-2.6164917945861816,-0.11649177223443985,attack,No
5644,0,1,0.979667648438234,-0.029716163873672485,-3.9047162532806396,attack,Yes
5645,0,1,0.9399133473013074,-0.08541230857372284,-2.8354122638702393,attack,Yes
5646,0,0,0.02931223287127187,-3.567714214324951,-0.06771428883075714,attack,No
5647,0,1,0.5312093733737563,-0.6852633357048035,-0.8102633357048035,attack,Yes
5648,0,0,0.00857748379805552,-4.803840637207031,-0.05384044721722603,attack,No
5649,0,1,0.7549149923816048,-0.3194069564342499,-1.4444069862365723,attack,Yes
5650,0,1,0.7310585669110203,-0.33340007066726685,-1.333400011062622,attack,Yes
5651,0,0,0.00317268293673852,-5.791640758514404,-0.041640788316726685,attack,No
5652,0,0,0.010986940970919038,-4.555018424987793,-0.05501827225089073,attack,No
5653,0,0,0.0024726233863463635,-6.05151891708374,-0.051519010215997696,attack,No
5654,0,0,0.24508501864634827,-1.4253261089324951,-0.3003261387348175,attack,No
5655,0,0,0.05340332452690107,-2.9777884483337402,-0.10278834402561188,attack,No
5656,0,1,0.8175744828610095,-0.22027786076068878,-1.7202779054641724,attack,Yes
5657,0,0,0.0330859819640103,-3.463373899459839,-0.08837401121854782,attack,No
5658,0,0,0.0373268852023206,-3.3493833541870117,-0.09938329458236694,attack,No
5659,0,1,0.8175744673038221,-0.21488457918167114,-1.7148845195770264,attack,Yes
5660,0,0,0.005220125326003969,-5.294111251831055,-0.04411118105053902,attack,No
5661,0,0,0.08509904732734556,-2.501018524169922,-0.12601855397224426,attack,No
5662,0,0,0.5,-0.7156040668487549,-0.7156040668487549,attack,No
5663,0,1,0.7549149813536518,-0.2983759939670563,-1.4233759641647339,attack,Yes
5664,0,0,0.3775406547908327,-1.014986515045166,-0.5149864554405212,attack,No
5665,0,1,0.8670357494949105,-0.16058477759361267,-2.0355846881866455,attack,Yes
5666,0,0,0.004070137708345762,-5.522482395172119,-0.02248239330947399,attack,No
5667,0,1,0.6224593312018546,-0.4988592863082886,-0.9988592863082886,attack,Yes
5668,0,1,0.5312093733737563,-0.6634753346443176,-0.7884753346443176,attack,Yes
5669,0,0,0.04208773212094217,-3.191202402114868,-0.06620250642299652,attack,No
5670,0,1,0.6513548646660542,-0.44808197021484375,-1.0730819702148438,attack,Yes
5671,0,0,0.004609571427289355,-5.449801445007324,-0.07480128109455109,attack,No
5672,0,1,0.8519528038477825,-0.17775700986385345,-1.9277570247650146,attack,Yes
5673,0,0,0.01590639060386055,-4.164971828460693,-0.03997175768017769,attack,No
5674,0,1,0.7057850402140659,-0.38631170988082886,-1.2613117694854736,attack,Yes
5675,0,1,0.7057850402140659,-0.37303870916366577,-1.2480387687683105,attack,Yes
5676,0,0,0.0534033354493853,-2.9680075645446777,-0.09300767630338669,attack,No
5677,0,0,0.4073334000459302,-0.9271714687347412,-0.5521714687347412,attack,No
5678,0,0,0.06754668550840877,-2.7166976928710938,-0.09169760346412659,attack,No
5679,0,1,0.6224593171945417,-0.5056203007698059,-1.0056202411651611,attack,Yes
5680,0,0,0.01798621298883238,-4.048626899719238,-0.04862707108259201,attack,No
5681,0,1,0.7772998714925403,-0.2779805064201355,-1.5279805660247803,attack,Yes
5682,0,0,0.00669285072615733,-5.062001705169678,-0.06200167536735535,attack,No
5683,0,0,0.0758581868113179,-2.60201358795166,-0.10201368480920792,attack,No
5684,0,0,0.29421497216298875,-1.245538353919983,-0.3705383539199829,attack,No
5685,0,0,0.03308597481339833,-3.4466307163238525,-0.07163060456514359,attack,No
5686,0,1,0.5312093733737563,-0.655856728553772,-0.780856728553772,attack,Yes
5687,0,1,0.9890130594338795,-0.016474056988954544,-4.51647424697876,attack,Yes
5688,0,1,0.9875683492611536,-0.0194926168769598,-4.3944926261901855,attack,Yes
5689,0,0,0.4073334000459302,-0.9199103713035583,-0.5449103713035583,attack,No
5690,0,0,0.32082130731838393,-1.1629873514175415,-0.4129873812198639,attack,No
5691,0,0,0.010986944695066241,-4.5347981452941895,-0.034798335283994675,attack,No
5692,0,0,0.0035936029415759296,-5.683963298797607,-0.05896339938044548,attack,No
5693,0,0,0.07585818524437762,-2.6027700901031494,-0.10277016460895538,attack,No
5694,0,0,0.020332353491066484,-3.9442241191864014,-0.06922412663698196,attack,No
5695,0,1,0.9706877672347239,-0.039135050028562546,-3.539134979248047,attack,Yes
5696,0,0,0.29421496597446145,-1.2620271444320679,-0.3870271146297455,attack,No
5697,0,1,0.9399133468805266,-0.08239393681287766,-2.8323938846588135,attack,Yes
5698,0,0,0.4073334000459302,-0.9240323305130005,-0.5490323305130005,attack,No
5699,0,0,0.11920292515117029,-2.193711280822754,-0.1937113106250763,attack,No
5700,0,0,0.04742587317756679,-3.0668675899505615,-0.06686758995056152,attack,No
5701,0,0,0.3486451488696663,-1.0951881408691406,-0.4701882004737854,attack,No
5702,0,0,0.03732688359596404,-3.300232410430908,-0.050232306122779846,attack,No
5703,0,0,0.002182716842906922,-6.154111862182617,-0.029112044721841812,attack,No
5704,0,0,0.007577242220321141,-4.926010608673096,-0.05101073533296585,attack,No
5705,0,0,0.001325022476367795,-6.669811248779297,-0.04481129348278046,attack,No
5706,0,0,0.004609571948620888,-5.400485038757324,-0.02548498846590519,attack,No
5707,0,0,0.005911069469171754,-5.174378395080566,-0.04937849938869476,attack,No
5708,0,0,0.11920293297380237,-2.141026496887207,-0.1410266011953354,attack,No
5709,0,0,0.03308597910376534,-3.4786019325256348,-0.10360195487737656,attack,No
5710,0,0,0.06008665648572012,-2.83060884475708,-0.08060895651578903,attack,No
5711,0,0,0.18242553269617778,-1.7156760692596436,-0.21567612886428833,attack,No
5712,0,0,0.01243164842918972,-4.414658069610596,-0.039657872170209885,attack,No
5713,0,0,0.09534947004048376,-2.3665788173675537,-0.11657887697219849,attack,No
5714,0,0,0.08509904210661365,-2.4935121536254883,-0.1185121163725853,attack,No
5715,0,0,0.3486451488696663,-1.0789916515350342,-0.45399171113967896,attack,No
5716,0,0,0.022977370829961912,-3.794053077697754,-0.04405311867594719,attack,No
5717,0,1,0.7981867801399695,-0.24598442018032074,-1.620984435081482,attack,Yes
5718,0,1,0.5312093733737563,-0.6531850695610046,-0.7781850695610046,attack,Yes
5719,0,1,0.9399133481428692,-0.07481721043586731,-2.824817180633545,attack,Yes
5720,0,0,0.012431650853185818,-4.438374042510986,-0.06337404251098633,attack,No
5721,0,1,0.679178699175393,-0.4056342840194702,-1.1556342840194702,attack,Yes
5722,0,0,0.004609573204944661,-5.423072338104248,-0.048072561621665955,attack,No
5723,0,0,0.0015011821227223277,-6.550637722015381,-0.050637632608413696,attack,No
5724,0,0,0.020332355049347755,-3.9296162128448486,-0.0546162985265255,attack,No
5725,0,0,0.4073334000459302,-0.9300419092178345,-0.5550419092178345,attack,No
5726,0,0,0.02931222841944938,-3.5858378410339355,-0.08583775907754898,attack,No
5727,0,0,0.16451645880021026,-1.8150449991226196,-0.19004496932029724,attack,No
5728,0,0,0.3486451217982255,-1.0682871341705322,-0.44328707456588745,attack,No
5729,0,0,0.025957358045494698,-3.684889316558838,-0.05988935008645058,attack,No
5730,0,0,0.00460957214518853,-5.449788570404053,-0.07478856295347214,attack,No
5731,0,0,0.14804719991116141,-1.9404447078704834,-0.1904447227716446,attack,No
5732,0,0,0.2689414330889798,-1.3413739204406738,-0.3413739800453186,attack,No
5733,0,0,0.05340333205964859,-2.9726784229278564,-0.09767846763134003,attack,No
5734,0,1,0.9840936051392626,-0.021639548242092133,-4.146639347076416,attack,Yes
5735,0,1,0.9149009538328171,-0.1159227043390274,-2.490922689437866,attack,Yes
5736,0,0,0.2018132174596823,-1.6714149713516235,-0.29641494154930115,attack,No
5737,0,0,0.004609573170758976,-5.434837818145752,-0.059838034212589264,attack,No
5738,0,0,0.029312231175339414,-3.5690057277679443,-0.06900574266910553,attack,No
5739,0,0,0.012431651493486755,-4.449971675872803,-0.07497172802686691,attack,No
5740,0,0,0.4073334000459302,-0.9310131072998047,-0.5560131072998047,attack,No
5741,0,0,0.002800927123196584,-5.916474342346191,-0.04147439822554588,attack,No
5742,0,0,0.0758581868113179,-2.594947099685669,-0.0949471965432167,attack,No
5743,0,0,0.29421496597446145,-1.2480640411376953,-0.3730640113353729,attack,No
5744,0,0,0.06008665438181589,-2.8325517177581787,-0.08255179226398468,attack,No
5745,0,0,0.13296423160844623,-2.037428855895996,-0.16242878139019012,attack,No
5746,0,0,0.32082130731838393,-1.197466492652893,-0.44746652245521545,attack,No
5747,0,1,0.8175744673038221,-0.22350388765335083,-1.723503828048706,attack,Yes
5748,0,0,0.04742587704837889,-3.0607244968414307,-0.06072458252310753,attack,No
5749,0,0,0.029312231811314076,-3.550522565841675,-0.05052260309457779,attack,No
5750,0,0,0.017986208975110964,-4.041628837585449,-0.04162878170609474,attack,No
5751,0,0,0.13296424019782924,-2.0468568801879883,-0.17185688018798828,attack,No
5752,0,0,0.0017007228130670854,-6.403411388397217,-0.02841162495315075,attack,No
5753,0,1,0.5621765008857981,-0.611054539680481,-0.861054539680481,attack,Yes
5754,0,0,0.03732688587163585,-3.3024885654449463,-0.052488524466753006,attack,No
5755,0,1,0.9669140244715405,-0.04895654320716858,-3.4239566326141357,attack,Yes
5756,0,0,0.32082129433083023,-1.1619700193405151,-0.41196998953819275,attack,No
5757,0,0,0.007577241211833736,-4.938017845153809,-0.063017837703228,attack,No
5758,0,0,0.09534945975773548,-2.3832929134368896,-0.13329285383224487,attack,No
5759,0,0,0.13296423160844623,-2.046686887741089,-0.1716868132352829,attack,No
5760,0,1,0.9399133481428692,-0.06886699795722961,-2.8188669681549072,attack,Yes
5761,0,1,0.966914024948248,-0.03864945471286774,-3.413649559020996,attack,Yes
5762,0,0,0.0066928494135626215,-5.040622234344482,-0.040622007101774216,attack,No
5763,0,0,0.037326884934594504,-3.3144283294677734,-0.06442826241254807,attack,No
5764,0,0,0.09534945718704857,-2.392970323562622,-0.1429702341556549,attack,No
5765,0,0,0.020332353268454884,-3.9222049713134766,-0.047204967588186264,attack,No
5766,0,0,0.010986943844989052,-4.554105758666992,-0.05410587042570114,attack,No
5767,0,0,0.0850990438468576,-2.493962049484253,-0.11896203458309174,attack,No
5768,0,0,0.06008665017400762,-2.8417041301727295,-0.09170413017272949,attack,No
5769,0,0,0.01590639171181471,-4.15977668762207,-0.03477668762207031,attack,No
5770,0,0,0.02931222905542399,-3.578972101211548,-0.07897204160690308,attack,No
5771,0,0,0.4378234991142019,-0.8668524622917175,-0.6168524622917175,attack,No
5772,0,1,0.979667647807501,-0.02983349747955799,-3.9048335552215576,attack,Yes
5773,0,0,0.001700722234337832,-6.447041988372803,-0.07204188406467438,attack,No
5774,0,1,0.6513548782017746,-0.4634475111961365,-1.0884475708007812,attack,Yes
5775,0,1,0.9669140189894047,-0.04687150567770004,-3.4218714237213135,attack,Yes
5776,0,0,0.03732688948593843,-3.342071294784546,-0.09207135438919067,attack,No
5777,0,0,0.3486451217982255,-1.068908929824829,-0.4439088702201843,attack,No
5778,0,1,0.7981867849406659,-0.24420113861560822,-1.6192011833190918,attack,Yes
5779,0,0,0.07585818733363135,-2.621018171310425,-0.12101827561855316,attack,No
5780,0,0,0.05340332866991209,-2.946173667907715,-0.07117364555597305,attack,No
5781,0,0,0.18242553269617778,-1.7262794971466064,-0.22627955675125122,attack,No
5782,0,1,0.9241418158002492,-0.09845691919326782,-2.598456859588623,attack,Yes
5783,0,1,0.5621765008857981,-0.606345534324646,-0.856345534324646,attack,Yes
5784,0,1,0.6791787056691698,-0.4328858554363251,-1.1828858852386475,attack,Yes
5785,0,1,0.5621765008857981,-0.6206927299499512,-0.8706927299499512,attack,Yes
5786,0,0,0.5,-0.7111383676528931,-0.7111383676528931,attack,No
5787,0,0,0.18242552825126704,-1.7339415550231934,-0.23394158482551575,attack,No
5788,0,1,0.7057850402140659,-0.3718973994255066,-1.2468974590301514,attack,Yes
5789,0,0,0.005911069337830043,-5.161630630493164,-0.03663071244955063,attack,No
5790,0,1,0.6791786861878392,-0.4137776494026184,-1.1637775897979736,attack,Yes
5791,0,0,0.07585818106587033,-2.639789581298828,-0.13978959619998932,attack,No
5792,0,1,0.7772998714925403,-0.2913948893547058,-1.5413949489593506,attack,Yes
5793,0,0,0.24508502416032488,-1.424473524093628,-0.2994735836982727,attack,No
5794,0,0,0.006692849785051665,-5.085840225219727,-0.08584005385637283,attack,No
5795,0,1,0.7549149923816048,-0.2977428138256073,-1.4227428436279297,attack,Yes
5796,0,1,0.7772998714925403,-0.26996201276779175,-1.5199620723724365,attack,Yes
5797,0,0,0.4378234991142019,-0.8669692277908325,-0.6169692277908325,attack,No
5798,0,1,0.8807970732843035,-0.15331201255321503,-2.1533119678497314,attack,Yes
5799,0,0,0.03308598172565655,-3.446840763092041,-0.07184086740016937,attack,No
5800,0,0,0.006692852360709588,-5.0772857666015625,-0.07728598266839981,attack,No
5801,0,0,0.0015011819831237322,-6.535462379455566,-0.03546219691634178,attack,No
5802,0,0,0.001169510456529009,-6.789722442626953,-0.03972260653972626,attack,No
5803,0,0,0.5,-0.7231861352920532,-0.7231861352920532,attack,No
5804,0,0,0.08509904616718289,-2.4943132400512695,-0.11931325495243073,attack,No
5805,0,0,0.08509904094645104,-2.479720115661621,-0.10472006350755692,attack,No
5806,0,0,0.10669059678604234,-2.2981622219085693,-0.17316225171089172,attack,No
5807,0,1,0.9579122710330503,-0.05137350782752037,-3.1763734817504883,attack,Yes
5808,0,0,0.18242552825126704,-1.7251842021942139,-0.22518423199653625,attack,No
5809,0,0,0.34864513533394575,-1.083902359008789,-0.45890235900878906,attack,No
5810,0,0,0.0040701380481122295,-5.574459552764893,-0.07445963472127914,attack,No
5811,0,1,0.9046505402422645,-0.11906331777572632,-2.369063377380371,attack,Yes
5812,0,1,0.9740426423312599,-0.03448869660496712,-3.6594886779785156,attack,Yes
5813,0,0,0.5,-0.7149447798728943,-0.7149447798728943,attack,No
5814,0,0,0.004609571213628908,-5.403327941894531,-0.028327731415629387,attack,No
5815,0,1,0.5621765008857981,-0.6062264442443848,-0.8562264442443848,attack,Yes
5816,0,1,0.7772998714925403,-0.27005547285079956,-1.5200555324554443,attack,Yes
5817,0,1,0.6224593312018546,-0.5286003351211548,-1.0286003351211548,attack,Yes
5818,0,0,0.2689414330889798,-1.337836503982544,-0.3378365635871887,attack,No
5819,0,0,0.053403330929736405,-2.9635322093963623,-0.0885322317481041,attack,No
5820,0,0,0.0017007220825400275,-6.406766414642334,-0.031766220927238464,attack,No
5821,0,0,0.08509903804604459,-2.4933078289031982,-0.11830773949623108,attack,No
5822,0,0,0.46879062662624377,-0.8032971620559692,-0.6782971620559692,attack,No
5823,0,0,0.02931222841944938,-3.5637857913970947,-0.06378570944070816,attack,No
5824,0,1,0.9796676472138701,-0.026284189894795418,-3.9012842178344727,attack,Yes
5825,0,0,0.34864513533394575,-1.070486068725586,-0.44548606872558594,attack,No
5826,0,0,0.2018132174596823,-1.6197795867919922,-0.2447795569896698,attack,No
5827,0,0,0.005911067455265844,-5.169947624206543,-0.04494738578796387,attack,No
5828,0,1,0.6513548646660542,-0.4615679979324341,-1.086567997932434,attack,Yes
5829,0,0,0.00669285248453932,-5.055839538574219,-0.05583977326750755,attack,No
5830,0,1,0.9626731086399787,-0.043810002505779266,-3.2938098907470703,attack,Yes
5831,0,1,0.9902915220142636,-0.01968304067850113,-4.644682884216309,attack,Yes
5832,0,0,0.4073334000459302,-0.9450497627258301,-0.5700497627258301,attack,No
5833,0,0,0.06008665354025422,-2.9355785846710205,-0.18557864427566528,attack,No
5834,0,0,0.1192029188930649,-2.160032272338867,-0.1600322425365448,attack,No
5835,0,0,0.009708474583238556,-4.680010795593262,-0.0550105981528759,attack,No
5836,0,0,0.32082130082460697,-1.167061686515808,-0.4170616865158081,attack,No
5837,0,0,0.11920291419948606,-2.1637954711914062,-0.16379539668560028,attack,No
5838,0,1,0.7057850278370112,-0.3691815137863159,-1.244181513786316,attack,Yes
5839,0,0,0.00043055706930016866,-7.780486583709717,-0.03048655577003956,attack,No
5840,0,0,0.009708474242988834,-4.655604839324951,-0.030604606494307518,attack,No
5841,0,0,0.24508501313237172,-1.4206061363220215,-0.2956061363220215,attack,No
5842,0,0,0.033085978388704126,-3.4349613189697266,-0.05996131896972656,attack,No
5843,0,0,0.32082130731838393,-1.1896190643310547,-0.4396190941333771,attack,No
5844,0,0,0.060086648490884395,-2.880622148513794,-0.13062211871147156,attack,No
5845,0,0,0.4073334000459302,-0.9547158479690552,-0.5797158479690552,attack,No
5846,0,0,0.02033235482673614,-3.9511635303497314,-0.07616360485553741,attack,No
5847,0,0,0.22270014398423357,-1.52619206905365,-0.2761920988559723,attack,No
5848,0,0,0.01590638827132573,-4.164793968200684,-0.039793748408555984,attack,No
5849,0,0,0.005911069753745469,-5.165295124053955,-0.040295276790857315,attack,No
5850,0,0,0.04742587334586296,-3.059945821762085,-0.05994582548737526,attack,No
5851,0,0,0.1329642281726931,-2.064786672592163,-0.18978656828403473,attack,No
5852,0,0,0.033085976958581766,-3.446690797805786,-0.07169075310230255,attack,No
5853,0,1,0.6224593312018546,-0.5077850818634033,-1.0077850818634033,attack,Yes
5854,0,0,0.10669060388702058,-2.285025119781494,-0.1600252240896225,attack,No
5855,0,1,0.8807970826714613,-0.16193099319934845,-2.161931037902832,attack,Yes
5856,0,0,0.11920292828022305,-2.1447436809539795,-0.14474374055862427,attack,No
5857,0,0,0.4073334000459302,-0.9412769079208374,-0.5662769079208374,attack,No
5858,0,0,0.2018132174596823,-1.6324883699417114,-0.25748834013938904,attack,No
5859,0,1,0.9820137938871325,-0.025184890255331993,-4.0251851081848145,attack,Yes
5860,0,0,0.37754066879814546,-1.0216642618179321,-0.5216642618179321,attack,No
5861,0,0,0.002800926769425212,-5.907758712768555,-0.03275864198803902,attack,No
5862,0,1,0.7057850154599563,-0.37682992219924927,-1.2518298625946045,attack,Yes
5863,0,1,0.7772998508568416,-0.28280407190322876,-1.532804012298584,attack,Yes
5864,0,0,0.14804719991116141,-1.9200819730758667,-0.1700819879770279,attack,No
5865,0,0,0.3486451488696663,-1.1065337657928467,-0.48153382539749146,attack,No
5866,0,0,0.014063627818059764,-4.282618522644043,-0.032618578523397446,attack,No
5867,0,1,0.6513548646660542,-0.4543752670288086,-1.0793752670288086,attack,Yes
5868,0,0,0.007577240875671297,-4.916738033294678,-0.041737981140613556,attack,No
5869,0,0,0.09534946297109421,-2.3710813522338867,-0.12108132988214493,attack,No
5870,0,0,0.13296425222296632,-2.056546926498413,-0.18154703080654144,attack,No
5871,0,0,0.017986214041611912,-4.041929244995117,-0.04192947596311569,attack,No
5872,0,0,0.08509904500702024,-2.484239339828491,-0.10923933982849121,attack,No
5873,0,1,0.8807970889295664,-0.1442648321390152,-2.1442649364471436,attack,Yes
5874,0,0,0.020332355123551627,-3.9255237579345703,-0.050523847341537476,attack,No
5875,0,0,0.0009110512706945066,-7.017215728759766,-0.01721581257879734,attack,No
5876,0,1,0.9046505357435624,-0.1070389673113823,-2.357038974761963,attack,Yes
5877,0,0,0.01098694307587165,-4.549509048461914,-0.049509089440107346,attack,No
5878,0,1,0.957912274637613,-0.062231000512838364,-3.1872310638427734,attack,Yes
5879,0,1,0.817574471748733,-0.22375896573066711,-1.7237589359283447,attack,Yes
5880,0,1,0.9859363757202584,-0.02320794202387333,-4.273208141326904,attack,Yes
5881,0,1,0.9149009636941993,-0.10009873658418655,-2.4750988483428955,attack,Yes
5882,0,0,0.5,-0.7209323048591614,-0.7209323048591614,attack,No
5883,0,1,0.9626731139945011,-0.04363199323415756,-3.2936320304870605,attack,Yes
5884,0,0,0.14804720179063335,-1.928893804550171,-0.1788938343524933,attack,No
5885,0,0,0.14804719239327382,-1.9466201066970825,-0.19662006199359894,attack,No
5886,0,1,0.8933094174159129,-0.13398778438568115,-2.2589879035949707,attack,Yes
5887,0,1,0.7057850216484838,-0.3628571331501007,-1.2378571033477783,attack,Yes
5888,0,1,0.7549149813536518,-0.3129613697528839,-1.4379613399505615,attack,Yes
5889,0,0,0.014063629935885703,-4.326793193817139,-0.07679340243339539,attack,No
5890,0,0,0.02297737016091733,-3.80310320854187,-0.05310321971774101,attack,No
5891,0,0,0.16451646904109268,-1.841909408569336,-0.21690945327281952,attack,No
5892,0,0,0.18242551936144574,-1.7344026565551758,-0.2344026267528534,attack,No
5893,0,0,0.015906388213012365,-4.179534912109375,-0.05453468859195709,attack,No
5894,0,1,0.9796676465831373,-0.032313112169504166,-3.907313108444214,attack,Yes
5895,0,0,0.022977370077286757,-3.8279943466186523,-0.07799435406923294,attack,No
5896,0,0,0.29421497216298875,-1.2470948696136475,-0.37209486961364746,attack,No
5897,0,0,0.2942149845400438,-1.2581231594085693,-0.3831232190132141,attack,No
5898,0,1,0.6224593452091672,-0.5140301585197449,-1.0140302181243896,attack,Yes
5899,0,0,0.00591106949106204,-5.169663906097412,-0.044664014130830765,attack,No
5900,0,0,0.053403329046549465,-2.9834089279174805,-0.10840891301631927,attack,No
5901,0,0,0.014063624667148581,-4.3075270652771,-0.05752689391374588,attack,No
5902,0,0,0.0008040858637961602,-7.195993423461914,-0.0709933340549469,attack,No
5903,0,0,0.000804085748563949,-7.156012535095215,-0.03101230226457119,attack,No
5904,0,0,0.033085981487302796,-3.4422528743743896,-0.06725297123193741,attack,No
5905,0,0,0.014063627869714051,-4.29086446762085,-0.040864527225494385,attack,No
5906,0,0,0.46879062662624377,-0.7747573256492615,-0.6497573256492615,attack,No
5907,0,0,0.20181321265898594,-1.6209375858306885,-0.2459375262260437,attack,No
5908,0,0,0.11920292828022305,-2.168832540512085,-0.16883260011672974,attack,No
5909,0,0,0.18242551491653522,-1.7411770820617676,-0.2411770224571228,attack,No
5910,0,0,0.24508502416032488,-1.4420347213745117,-0.3170347809791565,attack,No
5911,0,0,0.0953494738965146,-2.383491277694702,-0.1334913820028305,attack,No
5912,0,1,0.6791787121629466,-0.41870468854904175,-1.1687047481536865,attack,Yes
5913,0,1,0.5312093733737563,-0.6701778769493103,-0.7951778769493103,attack,Yes
5914,0,0,0.007577241814124809,-4.906217575073242,-0.031217647716403008,attack,No
5915,0,1,0.8519528076067262,-0.18248410522937775,-1.9324841499328613,attack,Yes
5916,0,1,0.5926665999540697,-0.5704121589660645,-0.9454121589660645,attack,Yes
5917,0,0,0.22270014914315833,-1.5145552158355713,-0.26455527544021606,attack,No
5918,0,0,0.34864513533394575,-1.09281325340271,-0.46781325340270996,attack,No
5919,0,0,0.29421497216298875,-1.2774336338043213,-0.4024336338043213,attack,No
5920,0,1,0.6513548511303336,-0.4657326340675354,-1.0907325744628906,attack,Yes
5921,0,0,0.020332355717182622,-3.9220070838928223,-0.047007203102111816,attack,No
5922,0,0,0.0013250222298901706,-6.6647419929504395,-0.03974185138940811,attack,No
5923,0,0,0.3486451488696663,-1.0915451049804688,-0.4665451645851135,attack,No
5924,0,1,0.9046505331728751,-0.11620738357305527,-2.3662073612213135,attack,Yes
5925,0,1,0.8670357649558007,-0.15094085037708282,-2.0259408950805664,attack,Yes
5926,0,1,0.6513548782017746,-0.44290608167648315,-1.067906141281128,attack,Yes
5927,0,0,0.008577484209889493,-4.793334007263184,-0.04333386570215225,attack,No
5928,0,0,0.0140636273015169,-4.286782264709473,-0.03678228333592415,attack,No
5929,0,1,0.8175744761936437,-0.21700012683868408,-1.717000126838684,attack,Yes
5930,0,0,0.09534946939781196,-2.37290358543396,-0.12290363758802414,attack,No
5931,0,1,0.9149009596336303,-0.09500616788864136,-2.470006227493286,attack,Yes
5932,0,1,0.5312093733737563,-0.6749503016471863,-0.7999503016471863,attack,Yes
5933,0,0,0.047425871999493587,-3.0615639686584473,-0.061563942581415176,attack,No
5934,0,0,0.012431651516354645,-4.398764133453369,-0.02376418747007847,attack,No
5935,0,0,0.0534033328129234,-2.978097915649414,-0.10309797525405884,attack,No
5936,0,0,0.11920291419948606,-2.156236171722412,-0.15623609721660614,attack,No
5937,0,0,0.002472622926923207,-6.051864147186279,-0.051864054054021835,attack,No
5938,0,0,0.012431648520661262,-4.3968095779418945,-0.02180938795208931,attack,No
5939,0,0,0.34864513533394575,-1.1267046928405762,-0.5017046928405762,attack,No
5940,0,0,0.16451647108926923,-1.8229167461395264,-0.19791680574417114,attack,No
5941,0,0,0.06008664933244599,-2.8454055786132812,-0.09540556371212006,attack,No
5942,0,1,0.651354857898194,-0.4428688585758209,-1.0678688287734985,attack,Yes
5943,0,0,0.0015011822455691024,-6.531538009643555,-0.03153800219297409,attack,No
5944,0,1,0.8519527944504226,-0.1750836968421936,-1.9250836372375488,attack,Yes
5945,0,0,0.5,-0.7182087302207947,-0.7182087302207947,attack,No
5946,0,0,0.16451647108926923,-1.833759069442749,-0.2087591290473938,attack,No
5947,0,0,0.004609571427289355,-5.409680366516113,-0.03468020260334015,attack,No
5948,0,0,0.0008040861122189059,-7.164250373840332,-0.03925059363245964,attack,No
5949,0,0,0.0075772397551299425,-4.910004138946533,-0.035003937780857086,attack,No
5950,0,1,0.9241418283357702,-0.11969554424285889,-2.6196956634521484,attack,Yes
5951,0,1,0.8175744761936437,-0.21936559677124023,-1.7193655967712402,attack,Yes
5952,0,1,0.7549149813536518,-0.3114904463291168,-1.4364904165267944,attack,Yes
5953,0,0,0.04742587452393617,-3.092061758041382,-0.09206178784370422,attack,No
5954,0,1,0.9740426454394852,-0.03554905951023102,-3.6605491638183594,attack,Yes
5955,0,0,0.07585817897661679,-2.600172519683838,-0.1001725047826767,attack,No
5956,0,0,0.00857748734616423,-4.801877975463867,-0.051878202706575394,attack,No
5957,0,1,0.8354835289107309,-0.19942575693130493,-1.8244256973266602,attack,Yes
5958,0,1,0.8670357563664174,-0.17052176594734192,-2.0455217361450195,attack,Yes
5959,0,0,0.0066928520139863485,-5.036993980407715,-0.036994144320487976,attack,No
5960,0,0,0.01590638990410007,-4.157345771789551,-0.03234565630555153,attack,No
5961,0,1,0.8175744673038221,-0.22205740213394165,-1.7220573425292969,attack,Yes
5962,0,0,0.18242552158390105,-1.7269463539123535,-0.22694633901119232,attack,No
5963,0,0,0.014063623737371644,-4.307681083679199,-0.05768084526062012,attack,No
5964,0,0,0.04208773061904093,-3.1982686519622803,-0.07326871901750565,attack,No
5965,0,0,0.14804719991116141,-1.9262676239013672,-0.17626763880252838,attack,No
5966,0,0,0.04208772401067611,-3.222090244293213,-0.09709014743566513,attack,No
5967,0,0,0.0019267345487064141,-6.300774574279785,-0.05077451467514038,attack,No
5968,0,0,0.025957354654703464,-3.6779258251190186,-0.052925724536180496,attack,No
5969,0,0,0.02931223202330563,-3.5784130096435547,-0.07841305434703827,attack,No
5970,0,1,0.9149009544128985,-0.10198236256837845,-2.476982355117798,attack,Yes
5971,0,0,0.010986941335237732,-4.56628942489624,-0.06628930568695068,attack,No
5972,0,0,0.022977371582637088,-3.8167836666107178,-0.06678374111652374,attack,No
5973,0,1,0.6224593171945417,-0.5039413571357727,-1.003941297531128,attack,Yes
5974,0,0,0.015906391361934443,-4.196829795837402,-0.07182977348566055,attack,No
5975,0,0,0.24508501864634827,-1.4256597757339478,-0.30065980553627014,attack,No
5976,0,0,0.29421497216298875,-1.267613410949707,-0.39261341094970703,attack,No
5977,0,0,0.022977370077286757,-3.8070385456085205,-0.057038553059101105,attack,No
5978,0,1,0.5621765008857981,-0.6177064776420593,-0.8677064776420593,attack,Yes
5979,0,0,0.004609572179374208,-5.4137797355651855,-0.03877973556518555,attack,No
5980,0,0,0.10669058968506456,-2.267021894454956,-0.14202184975147247,attack,No
5981,0,1,0.932453304167687,-0.07941301167011261,-2.7044129371643066,attack,Yes
5982,0,0,0.003172682318201089,-5.776843070983887,-0.026842905208468437,attack,No
5983,0,0,0.014063627973022628,-4.313347339630127,-0.06334740668535233,attack,No
5984,0,0,0.05340332565681314,-2.9646782875061035,-0.08967820554971695,attack,No
5985,0,1,0.7772998611746911,-0.2816731929779053,-1.5316731929779053,attack,Yes
5986,0,0,0.14804719051380197,-1.933046579360962,-0.18304651975631714,attack,No
5987,0,1,0.7981867777396212,-0.246079683303833,-1.621079683303833,attack,Yes
5988,0,0,0.29421496597446145,-1.2580894231796265,-0.3830893933773041,attack,No
5989,0,0,0.10669059678604234,-2.2673747539520264,-0.14237478375434875,attack,No
5990,0,0,0.012431652270995075,-4.414861679077148,-0.03986179456114769,attack,No
5991,0,0,0.16451646494473965,-1.8228139877319336,-0.1978140026330948,attack,No
5992,0,0,0.025957359081569886,-3.665989637374878,-0.0409897118806839,attack,No
5993,0,0,0.00970847490558041,-4.678067207336426,-0.05306704342365265,attack,No
5994,0,1,0.9740426444975988,-0.03201978653669357,-3.657019853591919,attack,Yes
5995,0,1,0.5312093733737563,-0.6701264381408691,-0.7951264381408691,attack,Yes
5996,0,0,0.02033235497514388,-3.974881410598755,-0.09988149255514145,attack,No
5997,0,0,0.0046095714956607,-5.406262397766113,-0.03126224875450134,attack,No
5998,0,0,0.2689414213699951,-1.341054081916809,-0.3410540819168091,attack,No
5999,0,0,0.0008040859625666403,-7.164267063140869,-0.03926709666848183,attack,No
