idx,y_true,y_pred,p_yes,lp_yes,lp_no,mode,raw_text
0,1,0,0.16451647108926923,-2.085354804992676,-0.46035486459732056,attack,no
1,1,0,0.020332355123551627,-4.000320911407471,-0.12532100081443787,attack,no
2,1,0,0.08509904036636974,-2.7633957862854004,-0.3883957266807556,attack,no
3,1,0,0.1066905911052601,-2.4564411640167236,-0.33144113421440125,attack,no
4,1,0,0.0758581737534831,-2.774088144302368,-0.274088054895401,attack,no
5,1,0,0.02931222905542399,-3.887024402618408,-0.3870243430137634,attack,no
6,1,0,0.11920292202211755,-2.6180694103240967,-0.6180694103240967,attack,no
7,1,0,0.04208772791561884,-3.4297759532928467,-0.3047759532928467,attack,no
8,1,0,0.18242552380635632,-2.30591082572937,-0.8059108257293701,attack,no
9,1,0,0.37754066879814546,-1.255401372909546,-0.7554013729095459,attack,no
10,1,0,0.10669059394565118,-2.3840396404266357,-0.25903964042663574,attack,no
11,1,1,0.8354835371034369,-0.5707113742828369,-2.195711374282837,attack,yes
12,1,0,0.060086648490884395,-2.967629909515381,-0.21762987971305847,attack,no
13,1,0,0.08509904152653235,-2.6208643913269043,-0.24586434662342072,attack,no
14,1,0,0.37754066879814546,-1.1353139877319336,-0.6353139877319336,attack,no
15,1,1,0.8175744850834649,-0.48640912771224976,-1.9864091873168945,attack,yes
16,1,1,0.5312093733737563,-0.8266146779060364,-0.9516146779060364,attack,yes
17,1,0,0.5,-1.0519568920135498,-1.0519568920135498,attack,no
18,1,0,0.10669059962643358,-2.5367894172668457,-0.4117894768714905,attack,no
19,1,0,0.4378234991142019,-1.0585154294967651,-0.8085154294967651,attack,no
20,1,1,0.8175744761936437,-0.5138342380523682,-2.013834238052368,attack,yes
21,1,1,0.7310585669110203,-0.5710561871528625,-1.5710561275482178,attack,yes
22,1,1,0.679178699175393,-0.629575252532959,-1.379575252532959,attack,yes
23,1,1,0.7310585786300049,-0.6585303544998169,-1.658530354499817,attack,yes
24,1,1,0.9706877717925421,-0.3160940706729889,-3.816094160079956,attack,yes
25,1,0,0.033085981248949035,-3.5425965785980225,-0.16759666800498962,attack,no
26,1,0,0.20181323186177208,-1.8976972103118896,-0.5226972699165344,attack,no
27,1,0,0.03308597505175204,-3.578054428100586,-0.20305432379245758,attack,no
28,1,1,0.6224593312018546,-0.7822636365890503,-1.2822636365890503,attack,yes
29,1,1,0.7310585786300049,-0.7363733053207397,-1.7363733053207397,attack,yes
30,1,1,0.7772998611746911,-0.4065438508987427,-1.6565438508987427,attack,yes
31,1,0,0.11920292515117029,-2.4264285564422607,-0.42642858624458313,attack,no
32,1,0,0.09534946232842245,-2.601238489151001,-0.3512384593486786,attack,no
33,1,0,0.02595736021183377,-3.9102163314819336,-0.28521645069122314,attack,no
34,1,0,0.06008664512463808,-2.940349817276001,-0.1903497278690338,attack,no
35,1,1,0.7772998611746911,-0.550933837890625,-1.800933837890625,attack,yes
36,1,0,0.10669059962643358,-2.43442702293396,-0.30942708253860474,attack,no
37,1,1,0.9241418199787566,-0.6581275463104248,-3.158127546310425,attack,yes
38,1,0,0.46879062662624377,-0.9782826900482178,-0.8532826900482178,attack,no
39,1,0,0.20181323186177208,-1.919635534286499,-0.5446355938911438,attack,no
40,1,1,0.8807970873650403,-0.38339129090309143,-2.3833913803100586,attack,yes
41,1,0,0.18242552380635632,-1.82401704788208,-0.3240170478820801,attack,no
42,1,0,0.4378234991142019,-1.1986535787582397,-0.9486535787582397,attack,no
43,1,0,0.5,-0.8927419781684875,-0.8927419781684875,attack,no
44,1,0,0.24508502416032488,-1.653003454208374,-0.5280035138130188,attack,no
45,1,0,0.20181322226037882,-1.8230128288269043,-0.4480128288269043,attack,no
46,1,0,0.46879062662624377,-0.9931372404098511,-0.8681372404098511,attack,no
47,1,0,0.09534947518185825,-2.549561023712158,-0.29956114292144775,attack,no
48,1,0,0.4073334000459302,-0.9874658584594727,-0.6124658584594727,attack,no
49,1,0,0.10669060246682488,-2.457773208618164,-0.3327732980251312,attack,no
50,1,1,0.9149009596336303,-0.34346073865890503,-2.71846079826355,attack,yes
51,1,0,0.1645164628965632,-1.958129644393921,-0.3331296443939209,attack,no
52,1,1,0.8354835411997897,-0.4096836745738983,-2.0346837043762207,attack,yes
53,1,0,0.11920293453832885,-2.574662208557129,-0.5746623277664185,attack,no
54,1,1,0.7549149868676283,-0.40622901916503906,-1.531229019165039,attack,yes
55,1,1,0.9149009549929797,-0.34373998641967773,-2.7187399864196777,attack,yes
56,1,1,0.6224593312018546,-0.6809278726577759,-1.1809278726577759,attack,yes
57,1,1,0.798186768138228,-0.43133145570755005,-1.8063313961029053,attack,yes
58,1,0,0.11920292515117029,-2.262908935546875,-0.2629089653491974,attack,no
59,1,0,0.46879062662624377,-1.3664770126342773,-1.2414770126342773,attack,no
60,1,1,0.7310585786300049,-0.5092992782592773,-1.5092992782592773,attack,yes
61,1,0,0.05340332377362639,-3.083683967590332,-0.20868384838104248,attack,no
62,1,0,0.18242551936144574,-1.8489110469818115,-0.34891101717948914,attack,no
63,1,1,0.8519528057272543,-0.44580671191215515,-2.1958067417144775,attack,yes
64,1,0,0.37754066879814546,-1.1464741230010986,-0.6464741230010986,attack,no
65,1,0,0.16451645470385742,-1.996938705444336,-0.37193864583969116,attack,no
66,1,1,0.754914997895581,-0.49983519315719604,-1.6248352527618408,attack,yes
67,1,0,0.020332349187242645,-4.215139389038086,-0.3401391804218292,attack,no
68,1,1,0.9399133447766225,-0.41596993803977966,-3.1659698486328125,attack,yes
69,1,0,0.34864513533394575,-1.4149011373519897,-0.7899011373519897,attack,no
70,1,1,0.9626731158685837,-0.2954029142856598,-3.545403003692627,attack,yes
71,1,1,0.5312093733737563,-0.7616455554962158,-0.8866455554962158,attack,yes
72,1,1,0.939913356558485,-0.32058751583099365,-3.070587635040283,attack,yes
73,1,1,0.7772998611746911,-0.537956953048706,-1.787956953048706,attack,yes
74,1,1,0.9399133515091156,-0.38081929087638855,-3.130819320678711,attack,yes
75,1,1,0.6513548646660542,-0.6291745901107788,-1.2541745901107788,attack,yes
76,1,1,0.8670357460591569,-0.6294423341751099,-2.5044422149658203,attack,yes
77,1,1,0.7310585786300049,-0.4879271984100342,-1.4879271984100342,attack,yes
78,1,1,0.7981867729389246,-0.47723689675331116,-1.8522368669509888,attack,yes
79,1,1,0.7549149868676283,-0.5917623043060303,-1.7167623043060303,attack,yes
80,1,0,0.32082130082460697,-1.2849234342575073,-0.5349234342575073,attack,no
81,1,0,0.2689414272294874,-1.4276264905929565,-0.42762652039527893,attack,no
82,1,0,0.06754668550840877,-2.9372904300689697,-0.31229034066200256,attack,no
83,1,1,0.7772998508568416,-0.4722808003425598,-1.722280740737915,attack,yes
84,1,0,0.009708476194947928,-4.751594543457031,-0.12659451365470886,attack,no
85,1,0,0.08509903804604459,-2.6799843311309814,-0.3049842417240143,attack,no
86,1,1,0.9465966702001757,-0.41019177436828613,-3.285191774368286,attack,yes
87,1,1,0.8807970779778823,-0.565244197845459,-2.565244197845459,attack,yes
88,1,1,0.89330940889474,-0.34786149859428406,-2.4728615283966064,attack,yes
89,1,1,0.7057850278370112,-0.7200638055801392,-1.5950638055801392,attack,yes
90,1,1,0.7772998714925403,-0.5904518961906433,-1.840451955795288,attack,yes
91,1,1,0.5926666143433998,-0.7372316718101501,-1.112231731414795,attack,yes
92,1,0,0.4378234991142019,-1.1811048984527588,-0.9311048984527588,attack,no
93,1,1,0.5312093733737563,-0.813115656375885,-0.938115656375885,attack,yes
94,1,1,0.754914975839675,-0.6260920166969299,-1.7510919570922852,attack,yes
95,1,1,0.798186768138228,-0.42700058221817017,-1.8020005226135254,attack,yes
96,1,1,0.9579122696813394,-0.30008465051651,-3.4250845909118652,attack,yes
97,1,1,0.5926665999540697,-0.8879992961883545,-1.2629992961883545,attack,yes
98,1,0,0.18242552825126704,-1.8902275562286377,-0.3902275860309601,attack,no
99,1,1,0.9525741268224334,-0.5334019660949707,-3.5334019660949707,attack,yes
100,1,1,0.939913354875362,-0.41504207253456116,-3.1650421619415283,attack,yes
101,1,0,0.06754669301670263,-3.0221831798553467,-0.39718320965766907,attack,no
102,1,1,0.9669140235181256,-0.320274293422699,-3.6952743530273438,attack,yes
103,1,1,0.8933093975331751,-0.4018634259700775,-2.5268633365631104,attack,yes
104,1,1,0.9324533069832973,-0.32866719365119934,-2.953667163848877,attack,yes
105,1,1,0.679178699175393,-0.544333815574646,-1.294333815574646,attack,yes
106,1,1,0.9579122708828604,-0.2994535267353058,-3.4244534969329834,attack,yes
107,1,0,0.29421496597446145,-1.3703727722167969,-0.4953727424144745,attack,no
108,1,1,0.9740426450627306,-0.2837008535861969,-3.908700942993164,attack,yes
109,1,1,0.880797081106935,-0.4432985484600067,-2.443298578262329,attack,yes
110,1,1,0.8807970779778823,-0.5593099594116211,-2.559309959411621,attack,yes
111,1,1,0.8519528170040853,-0.557357668876648,-2.3073577880859375,attack,yes
112,1,0,0.5,-1.038015604019165,-1.038015604019165,attack,no
113,1,0,0.29421497216298875,-1.3217366933822632,-0.4467366933822632,attack,no
114,1,1,0.8519528170040853,-0.593002200126648,-2.3430023193359375,attack,yes
115,1,1,0.8175744673038221,-0.6909962296485901,-2.1909961700439453,attack,yes
116,1,0,0.5,-0.9417333602905273,-0.9417333602905273,attack,no
117,1,1,0.8933094003735664,-0.629709780216217,-2.7547097206115723,attack,yes
118,1,0,0.4073334000459302,-0.9613974690437317,-0.5863974690437317,attack,no
119,1,1,0.7772998611746911,-0.5628780126571655,-1.8128780126571655,attack,yes
120,1,0,0.24508501313237172,-1.6047303676605225,-0.47973036766052246,attack,no
121,1,1,0.9241418199787566,-0.33165907859802246,-2.8316590785980225,attack,yes
122,1,1,0.7310585786300049,-0.5847736597061157,-1.5847736597061157,attack,yes
123,1,1,0.679178699175393,-0.7575204372406006,-1.5075204372406006,attack,yes
124,1,1,0.679178699175393,-0.629159688949585,-1.379159688949585,attack,yes
125,1,1,0.880797071719777,-0.47901588678359985,-2.479015827178955,attack,yes
126,1,1,0.9324533088603709,-0.3538210391998291,-2.978821039199829,attack,yes
127,1,1,0.9525741281688026,-0.3682372272014618,-3.368237257003784,attack,yes
128,1,1,0.5621765008857981,-0.8121112585067749,-1.062111258506775,attack,yes
129,1,1,0.8933093946927838,-0.3676844835281372,-2.4926843643188477,attack,yes
130,1,1,0.904650527388829,-0.38220104575157166,-2.6322009563446045,attack,yes
131,1,1,0.8807970904940926,-0.4789179563522339,-2.4789180755615234,attack,yes
132,1,0,0.4378234844434674,-1.0753610134124756,-0.8253609538078308,attack,no
133,1,1,0.957912274487423,-0.3328177332878113,-3.457817792892456,attack,yes
134,1,1,0.6513548646660542,-0.8501420021057129,-1.475142002105713,attack,yes
135,1,1,0.939913354875362,-0.35270968079566956,-3.1027097702026367,attack,yes
136,1,1,0.5926665999540697,-0.7069424390792847,-1.0819424390792847,attack,yes
137,1,1,0.9046505402422645,-0.30252331495285034,-2.552523374557495,attack,yes
138,1,0,0.2689414213699951,-1.4477686882019043,-0.4477686882019043,attack,no
139,1,1,0.9579122708828604,-0.3640115559101105,-3.489011526107788,attack,yes
140,1,1,0.8670357598021706,-0.4276723861694336,-2.3026723861694336,attack,yes
141,1,1,0.6791787121629466,-0.603132426738739,-1.3531324863433838,attack,yes
142,1,1,0.9525741281688026,-0.30567213892936707,-3.3056721687316895,attack,yes
143,1,1,0.924141817889503,-0.36845019459724426,-2.868450164794922,attack,yes
144,1,1,0.9046505453836383,-0.4953354597091675,-2.745335578918457,attack,yes
145,1,1,0.9324533107374443,-0.3252107799053192,-2.9502108097076416,attack,yes
146,1,1,0.8519528132451416,-0.38263359665870667,-2.132633686065674,attack,yes
147,1,1,0.9241418137109955,-0.39836248755455017,-2.898362398147583,attack,yes
148,1,1,0.7310585786300049,-0.5043971538543701,-1.5043971538543701,attack,yes
149,1,1,0.9525741308615412,-0.25293269753456116,-3.2529327869415283,attack,yes
150,1,1,0.8933094145755219,-0.3969496786594391,-2.5219497680664062,attack,yes
151,1,1,0.7772998611746911,-0.4772486686706543,-1.7272486686706543,attack,yes
152,1,0,0.46879062662624377,-1.1565754413604736,-1.0315754413604736,attack,no
153,1,1,0.8175744806385543,-0.42261025309562683,-1.9226102828979492,attack,yes
154,1,1,0.5621764862150634,-0.7792144417762756,-1.0292143821716309,attack,yes
155,1,1,0.8670357494949105,-0.399035781621933,-2.274035692214966,attack,yes
156,1,1,0.9669140235181256,-0.2923206686973572,-3.667320728302002,attack,yes
157,1,1,0.9525741254760638,-0.3337445557117462,-3.333744525909424,attack,yes
158,1,1,0.9399133515091156,-0.4189443290233612,-3.1689443588256836,attack,yes
159,1,0,0.37754066879814546,-1.2268569469451904,-0.7268569469451904,attack,no
160,1,1,0.9626731131913229,-0.24350260198116302,-3.493502616882324,attack,yes
161,1,1,0.835483553488848,-0.5326756238937378,-2.1576757431030273,attack,yes
162,1,0,0.20181323186177208,-1.7543082237243652,-0.37930828332901,attack,no
163,1,1,0.9324533163686646,-0.4596604108810425,-3.084660530090332,attack,yes
164,1,0,0.3486451488696663,-1.1966824531555176,-0.5716825127601624,attack,no
165,1,1,0.8175744761936437,-0.5424888134002686,-2.0424888134002686,attack,yes
166,1,1,0.6513548782017746,-0.7972561717033386,-1.4222562313079834,attack,yes
167,1,1,0.7057850278370112,-0.6265320777893066,-1.5015320777893066,attack,yes
168,1,1,0.9046505351008906,-0.41689419746398926,-2.6668941974639893,attack,yes
169,1,0,0.2689414213699951,-1.5052452087402344,-0.5052452087402344,attack,no
170,1,1,0.9465966649272521,-0.23919831216335297,-3.1141982078552246,attack,yes
171,1,0,0.46879062662624377,-1.004228115081787,-0.8792281150817871,attack,no
172,1,0,0.03308597934211908,-3.734161138534546,-0.3591611683368683,attack,no
173,1,1,0.8670357563664174,-0.3474591076374054,-2.222459077835083,attack,yes
174,1,1,0.9399133447766225,-0.3796790540218353,-3.129678964614868,attack,yes
175,1,1,0.9399133498259924,-0.28998374938964844,-3.0399837493896484,attack,yes
176,1,1,0.679178699175393,-0.604853630065918,-1.354853630065918,attack,yes
177,1,0,0.05340332829327471,-3.0686111450195312,-0.19361111521720886,attack,no
178,1,1,0.5926665855647394,-0.6820212006568909,-1.057021141052246,attack,yes
179,1,1,0.924141817889503,-0.3627617657184601,-2.8627617359161377,attack,yes
180,1,1,0.9626731105140616,-0.2944338917732239,-3.544433832168579,attack,yes
181,1,1,0.8519527869325346,-0.4723750352859497,-2.22237491607666,attack,yes
182,1,0,0.46879062662624377,-0.9458847641944885,-0.8208847641944885,attack,no
183,1,1,0.5621765008857981,-0.7451644539833069,-0.9951644539833069,attack,yes
184,1,1,0.9465966671870767,-0.3771436810493469,-3.252143621444702,attack,yes
185,1,1,0.9324533069832973,-0.29969409108161926,-2.924694061279297,attack,yes
186,1,1,0.8175744939732856,-0.6897815465927124,-2.189781665802002,attack,yes
187,1,1,0.8933094003735664,-0.36754781007766724,-2.4925477504730225,attack,yes
188,1,1,0.9241418199787566,-0.5139255523681641,-3.013925552368164,attack,yes
189,1,1,0.7549149868676283,-0.5536733865737915,-1.6786733865737915,attack,yes
190,1,0,0.3775406828054583,-1.1370875835418701,-0.6370876431465149,attack,no
191,1,0,0.3775406547908327,-1.2131917476654053,-0.7131916880607605,attack,no
192,1,1,0.7981867873410141,-0.6588861346244812,-2.033886194229126,attack,yes
193,1,0,0.37754066879814546,-1.0778721570968628,-0.5778721570968628,attack,no
194,1,1,0.8933093946927838,-0.3678652048110962,-2.4928650856018066,attack,yes
195,1,0,0.4073334000459302,-1.2141233682632446,-0.8391233682632446,attack,no
196,1,1,0.9579122750881832,-0.2081708163022995,-3.3331708908081055,attack,yes
197,1,1,0.880797071719777,-0.41216546297073364,-2.412165403366089,attack,yes
198,1,1,0.5312093733737563,-0.873880922794342,-0.998880922794342,attack,yes
199,1,1,0.904650527388829,-0.4198027551174164,-2.669802665710449,attack,yes
200,1,1,0.8354835248143776,-0.4599343240261078,-2.0849342346191406,attack,yes
201,1,1,0.9241418199787566,-0.514162540435791,-3.014162540435791,attack,yes
202,1,1,0.8933094060543487,-0.31287121772766113,-2.437871217727661,attack,yes
203,1,1,0.754914975839675,-0.5005999207496643,-1.6255998611450195,attack,yes
204,1,1,0.8175744761936437,-0.4936087131500244,-1.9936087131500244,attack,yes
205,1,1,0.9626731115849659,-0.29587486386299133,-3.545874834060669,attack,yes
206,1,0,0.4378234991142019,-1.1977946758270264,-0.9477946758270264,attack,no
207,1,1,0.9399133515091156,-0.35010167956352234,-3.1001017093658447,attack,yes
208,1,1,0.9399133531922388,-0.377403199672699,-3.1274032592773438,attack,yes
209,1,1,0.7057850278370112,-0.6504538059234619,-1.525453805923462,attack,yes
210,1,0,0.4378234844434674,-1.0209524631500244,-0.7709524035453796,attack,no
211,1,1,0.7549149868676283,-0.7882183790206909,-1.913218379020691,attack,yes
212,1,1,0.8354835493924953,-0.43095532059669495,-2.055955410003662,attack,yes
213,1,1,0.7772998611746911,-0.557104229927063,-1.807104229927063,attack,yes
214,1,1,0.5621765008857981,-0.7953106164932251,-1.045310616493225,attack,yes
215,1,1,0.9465966656805269,-0.2837766110897064,-3.1587765216827393,attack,yes
216,1,1,0.9324533088603709,-0.6000018119812012,-3.225001811981201,attack,yes
217,1,1,0.9579122756889438,-0.29940906167030334,-3.4244091510772705,attack,yes
218,1,1,0.8670357735451834,-0.4594501256942749,-2.3344502449035645,attack,yes
219,1,1,0.9324533126145177,-0.3566524386405945,-2.9816524982452393,attack,yes
220,1,1,0.7981867969424066,-0.6952804327011108,-2.0702805519104004,attack,yes
221,1,1,0.9465966671870767,-0.3103347420692444,-3.1853346824645996,attack,yes
222,1,1,0.9579122756889438,-0.36151090264320374,-3.486510992050171,attack,yes
223,1,1,0.9579122708828604,-0.3968982994556427,-3.5218982696533203,attack,yes
224,1,1,0.6224593312018546,-1.130511999130249,-1.630511999130249,attack,Yes
225,1,1,0.798186768138228,-0.481706440448761,-1.8567063808441162,attack,yes
226,1,1,0.7981867777396212,-0.5368800163269043,-1.9118800163269043,attack,yes
227,1,1,0.7310585903489892,-0.5379371047019958,-1.5379371643066406,attack,yes
228,1,1,0.893309411735131,-0.39701980352401733,-2.522019863128662,attack,yes
229,1,1,0.9046505402422645,-0.35588425397872925,-2.605884313583374,attack,yes
230,1,1,0.8670357735451834,-0.45161664485931396,-2.3266167640686035,attack,yes
231,1,1,0.8354835371034369,-0.40188074111938477,-2.0268807411193848,attack,yes
232,1,1,0.9046505351008906,-0.3846592903137207,-2.6346592903137207,attack,yes
233,1,1,0.9241418220680101,-0.3052920997142792,-2.8052921295166016,attack,yes
234,1,1,0.939913343093499,-0.5421034097671509,-3.2921032905578613,attack,yes
235,1,1,0.9241418158002492,-0.4334157109260559,-2.933415651321411,attack,yes
236,1,1,0.966914019704466,-0.1963077187538147,-3.57130765914917,attack,yes
237,1,1,0.9324533088603709,-0.35871458053588867,-2.9837145805358887,attack,yes
238,1,1,0.7549149868676283,-0.5536234378814697,-1.6786234378814697,attack,yes
239,1,1,0.924141817889503,-0.28510430455207825,-2.785104274749756,attack,yes
240,1,1,0.9525741227833249,-0.2788926064968109,-3.2788925170898438,attack,yes
241,1,1,0.7981867777396212,-0.5119644403457642,-1.8869644403457642,attack,yes
242,1,1,0.7310585786300049,-0.5093245506286621,-1.509324550628662,attack,yes
243,1,1,0.9626731158685837,-0.32515016198158264,-3.57515025138855,attack,yes
244,1,0,0.29421497216298875,-1.405097484588623,-0.530097484588623,attack,no
245,1,1,0.9241418262465169,-0.39807406067848206,-2.898074150085449,attack,yes
246,1,1,0.7310585669110203,-0.5268569588661194,-1.5268568992614746,attack,yes
247,1,1,0.5621765008857981,-0.7575801610946655,-1.0075801610946655,attack,yes
248,1,1,0.9626731169394882,-0.26879966259002686,-3.5187997817993164,attack,yes
249,1,1,0.7981867777396212,-0.4225902557373047,-1.7975902557373047,attack,yes
250,1,1,0.9046505351008906,-0.38782262802124023,-2.6378226280212402,attack,yes
251,1,1,0.9465966702001757,-0.4099154472351074,-3.2849154472351074,attack,yes
252,1,0,0.017986211278065763,-4.167671203613281,-0.16767127811908722,attack,no
253,1,1,0.7981867873410141,-0.47119754552841187,-1.8461976051330566,attack,yes
254,1,1,0.8354835452961425,-0.6053981184959412,-2.230398178100586,attack,yes
255,1,1,0.6224593452091672,-0.6594004034996033,-1.159400463104248,attack,yes
256,1,1,0.5926665855647394,-0.7790191769599915,-1.1540191173553467,attack,yes
257,1,0,0.20181322226037882,-1.7435810565948486,-0.36858105659484863,attack,no
258,1,1,0.5312093733737563,-0.7941555976867676,-0.9191555976867676,attack,yes
259,1,0,0.46879062662624377,-1.1336020231246948,-1.0086020231246948,attack,no
260,1,1,0.9241418116217418,-0.3314400911331177,-2.831439971923828,attack,yes
261,1,0,0.32082130731838393,-1.2005581855773926,-0.45055821537971497,attack,no
262,1,1,0.679178699175393,-0.6426925659179688,-1.3926925659179688,attack,yes
263,1,0,0.26894141551050293,-1.3905333280563354,-0.39053329825401306,attack,no
264,1,1,0.9149009596336303,-0.3200778365135193,-2.695077896118164,attack,yes
265,1,1,0.9399133464597458,-0.29279738664627075,-3.042797327041626,attack,yes
266,1,1,0.9740426435557125,-0.3130435645580292,-3.9380435943603516,attack,yes
267,1,1,0.957912274487423,-0.33090800046920776,-3.4559080600738525,attack,yes
268,1,1,0.9324533144915912,-0.2997960150241852,-2.9247961044311523,attack,yes
269,1,1,0.9324533013520764,-0.5087047815322876,-3.133704662322998,attack,yes
270,1,0,0.34864513533394575,-1.2138386964797974,-0.5888386964797974,attack,no
271,1,1,0.9241418262465169,-0.33885636925697327,-2.8388564586639404,attack,yes
272,1,1,0.9706877684006775,-0.42270806431770325,-3.922708034515381,attack,yes
273,1,1,0.5312093733737563,-0.8337143063545227,-0.9587143063545227,attack,yes
274,1,1,0.867035763237924,-0.4278397262096405,-2.302839756011963,attack,yes
275,1,1,0.9626731105140616,-0.3257909417152405,-3.5757908821105957,attack,yes
276,1,1,0.7057850154599563,-0.5380783677101135,-1.4130783081054688,attack,yes
277,1,1,0.8175744850834649,-0.5076817870140076,-2.0076818466186523,attack,yes
278,1,1,0.8807970654616711,-0.6107469797134399,-2.6107468605041504,attack,yes
279,1,0,0.1329642333263228,-2.0830600261688232,-0.20805996656417847,attack,no
280,1,1,0.5312093733737563,-0.8951214551925659,-1.020121455192566,attack,yes
281,1,0,0.5,-0.916301429271698,-0.916301429271698,attack,no
282,1,1,0.5621765008857981,-0.7531236410140991,-1.0031236410140991,attack,yes
283,1,1,0.8354835248143776,-0.4921787679195404,-2.1171786785125732,attack,yes
284,1,1,0.914900957313305,-0.2930578887462616,-2.668057918548584,attack,yes
285,1,1,0.970687766704745,-0.25942692160606384,-3.7594268321990967,attack,yes
286,1,1,0.7057850402140659,-0.6831218600273132,-1.558121919631958,attack,yes
287,1,1,0.9465966717067252,-0.3417036235332489,-3.2167036533355713,attack,yes
288,1,1,0.8354835289107309,-0.5324724316596985,-2.1574723720550537,attack,yes
289,1,1,0.7310585903489892,-0.6502916216850281,-1.6502916812896729,attack,yes
290,1,1,0.9706877717925421,-0.38581743836402893,-3.885817527770996,attack,yes
291,1,1,0.9241418262465169,-0.3628617823123932,-2.8628618717193604,attack,yes
292,1,1,0.7981867777396212,-0.4500831365585327,-1.8250831365585327,attack,yes
293,1,0,0.11920293140927592,-2.395662307739258,-0.395662397146225,attack,no
294,1,1,0.9046505428129514,-0.3286971151828766,-2.5786972045898438,attack,yes
295,1,1,0.9706877692486436,-0.3481595516204834,-3.8481595516204834,attack,yes
296,1,1,0.6224593171945417,-0.7702615857124329,-1.270261526107788,attack,yes
297,1,1,0.9399133464597458,-0.4566202759742737,-3.206620216369629,attack,yes
298,1,0,0.5,-0.8772770166397095,-0.8772770166397095,attack,no
299,1,0,0.37754066879814546,-1.2134759426116943,-0.7134759426116943,attack,no
300,1,0,0.09534946232842245,-2.509058713912964,-0.2590586841106415,attack,no
301,1,1,0.817574471748733,-0.43133309483528137,-1.931333065032959,attack,yes
302,1,0,0.4378234991142019,-1.0229556560516357,-0.7729556560516357,attack,no
303,1,1,0.9465966656805269,-0.4110642373561859,-3.2860641479492188,attack,yes
304,1,1,0.966914019704466,-0.38930636644363403,-3.7643063068389893,attack,yes
305,1,1,0.9324533163686646,-0.501449465751648,-3.1264495849609375,attack,yes
306,1,1,0.5621765008857981,-0.8216594457626343,-1.0716594457626343,attack,yes
307,1,0,0.4073333856566001,-1.1978123188018799,-0.8228122591972351,attack,no
308,1,1,0.7772998714925403,-0.7322291731834412,-1.982229232788086,attack,yes
309,1,0,0.46879062662624377,-1.1338988542556763,-1.0088988542556763,attack,no
310,1,0,0.2018132270610754,-1.8668241500854492,-0.4918241798877716,attack,no
311,1,1,0.6513548782017746,-0.6972376704216003,-1.3222377300262451,attack,yes
312,1,1,0.8933094145755219,-0.4008311331272125,-2.5258312225341797,attack,yes
313,1,1,0.89330940889474,-0.36824366450309753,-2.49324369430542,attack,yes
314,1,1,0.9046505325302034,-0.3313129246234894,-2.581312894821167,attack,yes
315,1,0,0.18242552380635632,-1.891290545463562,-0.391290545463562,attack,no
316,1,0,0.4073334000459302,-1.1149582862854004,-0.7399582862854004,attack,no
317,1,1,0.7549149868676283,-0.5996999740600586,-1.7246999740600586,attack,yes
318,1,0,0.05340333130637379,-3.1670544147491455,-0.2920544445514679,attack,no
319,1,0,0.0953494648991095,-2.7225096225738525,-0.47250962257385254,attack,no
320,1,0,0.08509904616718289,-2.618798017501831,-0.24379803240299225,attack,no
321,1,1,0.851952809486198,-0.5993184447288513,-2.349318504333496,attack,yes
322,1,1,0.9465966686936261,-0.37229016423225403,-3.2472901344299316,attack,yes
323,1,1,0.5312093733737563,-0.8045439720153809,-0.9295439720153809,attack,yes
324,1,0,0.4378234991142019,-0.9935221076011658,-0.7435221076011658,attack,no
325,1,1,0.8933093946927838,-0.503937840461731,-2.6289377212524414,attack,yes
326,1,0,0.5,-0.8542575836181641,-0.8542575836181641,attack,no
327,1,1,0.7310585669110203,-0.5379541516304016,-1.5379540920257568,attack,yes
328,1,1,0.9859363762626283,-0.36643481254577637,-4.6164350509643555,attack,yes
329,1,0,0.2689414330889798,-1.5625853538513184,-0.5625854134559631,attack,no
330,1,0,0.022977370913592487,-3.906791925430298,-0.15679197013378143,attack,no
331,1,1,0.9579122684798184,-0.3014393746852875,-3.4264392852783203,attack,yes
332,1,0,0.03732689162774753,-3.4607925415039062,-0.2107926607131958,attack,no
333,1,1,0.5312093733737563,-0.9116712808609009,-1.0366712808609009,attack,yes
334,1,1,0.7549149868676283,-0.538409948348999,-1.663409948348999,attack,yes
335,1,0,0.2018132174596823,-1.7921119928359985,-0.41711196303367615,attack,no
336,1,1,0.6224593171945417,-0.8186586499214172,-1.3186585903167725,attack,yes
337,1,1,0.5312093733737563,-0.858668327331543,-0.983668327331543,attack,yes
338,1,1,0.9046505402422645,-0.4556712508201599,-2.7056713104248047,attack,yes
339,1,1,0.9241418220680101,-0.4344014823436737,-2.934401512145996,attack,yes
340,1,0,0.40733341443526055,-1.0823211669921875,-0.7073212265968323,attack,no
341,1,1,0.9579122696813394,-0.2998402714729309,-3.424840211868286,attack,yes
342,1,0,0.3486451217982255,-1.2658205032348633,-0.6408204436302185,attack,no
343,1,1,0.9241418137109955,-0.47205647826194763,-2.9720563888549805,attack,yes
344,1,0,0.012431652499674001,-4.534525394439697,-0.159525528550148,attack,no
345,1,1,0.7057850278370112,-0.6923797130584717,-1.5673797130584717,attack,yes
346,1,1,0.7057850402140659,-0.6262542605400085,-1.5012543201446533,attack,yes
347,1,1,0.9046505351008906,-0.42430663108825684,-2.674306631088257,attack,yes
348,1,1,0.9324533051062237,-0.301896870136261,-2.926896810531616,attack,yes
349,1,0,0.3775406828054583,-1.2012736797332764,-0.7012737393379211,attack,no
350,1,1,0.9149009549929797,-0.3731648921966553,-2.7481648921966553,attack,yes
351,1,0,0.5,-0.9074112176895142,-0.9074112176895142,attack,no
352,1,1,0.9241418137109955,-0.4719410836696625,-2.9719409942626953,attack,yes
353,1,0,0.46879062662624377,-0.9274516105651855,-0.8024516105651855,attack,no
354,1,1,0.5312093733737563,-0.9032939672470093,-1.0282939672470093,attack,yes
355,1,1,0.5621764862150634,-0.8289299607276917,-1.0789299011230469,attack,yes
356,1,0,0.4378234991142019,-1.0036669969558716,-0.7536669969558716,attack,no
357,1,1,0.9525741268224334,-0.4818227291107178,-3.4818227291107178,attack,yes
358,1,1,0.6791787121629466,-0.596510112285614,-1.3465101718902588,attack,yes
359,1,1,0.9525741281688026,-0.2547554671764374,-3.2547554969787598,attack,yes
360,1,1,0.7057850278370112,-0.6752593517303467,-1.5502593517303467,attack,yes
361,1,1,0.939913354875362,-0.4155100882053375,-3.1655101776123047,attack,yes
362,1,1,0.9525741281688026,-0.36600634455680847,-3.366006374359131,attack,yes
363,1,1,0.9399133531922388,-0.41826170682907104,-3.168261766433716,attack,yes
364,1,0,0.020332353342658753,-4.156373977661133,-0.2813739776611328,attack,no
365,1,0,0.13296422989056964,-2.1442148685455322,-0.26921477913856506,attack,no
366,1,0,0.20181321265898594,-1.889549970626831,-0.5145499110221863,attack,no
367,1,1,0.8933094174159129,-0.4292658567428589,-2.5542659759521484,attack,yes
368,1,1,0.754914997895581,-0.6732432246208191,-1.7982432842254639,attack,yes
369,1,1,0.9149009642742806,-0.44091832637786865,-2.815918445587158,attack,yes
370,1,1,0.9046505325302034,-0.41980722546577454,-2.669807195663452,attack,yes
371,1,1,0.9241418199787566,-0.3974742889404297,-2.8974742889404297,attack,yes
372,1,0,0.34864513533394575,-1.2325890064239502,-0.6075890064239502,attack,no
373,1,1,0.9149009526726544,-0.40595749020576477,-2.7809574604034424,attack,yes
374,1,1,0.9399133464597458,-0.4544833302497864,-3.2044832706451416,attack,yes
375,1,1,0.9669140187510509,-0.2169097363948822,-3.591909646987915,attack,yes
376,1,0,0.24508500210441886,-1.6424455642700195,-0.5174455046653748,attack,no
377,1,0,0.03308597648187432,-3.5052125453948975,-0.13021248579025269,attack,no
378,1,1,0.9324533013520764,-0.4243508577346802,-3.0493507385253906,attack,yes
379,1,1,0.9669140206578809,-0.32014039158821106,-3.6951403617858887,attack,yes
380,1,0,0.1480471980316895,-2.2544708251953125,-0.5044708251953125,attack,no
381,1,1,0.8933093946927838,-0.3680464029312134,-2.493046283721924,attack,yes
382,1,0,0.08509904848750824,-2.588320255279541,-0.2133202999830246,attack,no
383,1,0,0.07585818419975078,-2.7964468002319336,-0.29644685983657837,attack,no
384,1,1,0.8670357666736773,-0.5702866911888123,-2.445286750793457,attack,yes
385,1,1,0.8519527944504226,-0.41230541467666626,-2.1623053550720215,attack,yes
386,1,1,0.6513548646660542,-0.7966922521591187,-1.4216922521591187,attack,yes
387,1,1,0.5926666143433998,-0.9133509993553162,-1.288351058959961,attack,yes
388,1,0,0.2689414213699951,-1.5427496433258057,-0.5427496433258057,attack,no
389,1,1,0.8519528057272543,-0.4126679599285126,-2.162667989730835,attack,yes
390,1,1,0.9324533088603709,-0.46561455726623535,-3.0906145572662354,attack,yes
391,1,1,0.893309411735131,-0.5034944415092468,-2.6284945011138916,attack,yes
392,1,1,0.9241418137109955,-0.2812364995479584,-2.781236410140991,attack,yes
393,1,1,0.9241418262465169,-0.3658405840396881,-2.8658406734466553,attack,yes
394,1,1,0.5312093733737563,-0.7872744798660278,-0.9122744798660278,attack,yes
395,1,1,0.7310585786300049,-0.5733293294906616,-1.5733293294906616,attack,yes
396,1,1,0.9046505376715775,-0.38773080706596375,-2.637730836868286,attack,yes
397,1,1,0.9324533163686646,-0.42445600032806396,-3.0494561195373535,attack,yes
398,1,1,0.754914997895581,-0.4569680094718933,-1.581968069076538,attack,yes
399,1,1,0.7057850278370112,-0.7926687002182007,-1.6676687002182007,attack,yes
400,1,1,0.6513548646660542,-0.637702226638794,-1.262702226638794,attack,yes
401,1,1,0.7310585786300049,-0.564394474029541,-1.564394474029541,attack,yes
402,1,0,0.029312230751356316,-3.8516032695770264,-0.35160326957702637,attack,no
403,1,1,0.9525741281688026,-0.3394927680492401,-3.3394927978515625,attack,yes
404,1,0,0.4378234844434674,-1.0247910022735596,-0.7747909426689148,attack,no
405,1,1,0.9149009480320036,-0.4122065007686615,-2.7872064113616943,attack,yes
406,1,1,0.9525741214369554,-0.28285276889801025,-3.2828526496887207,attack,yes
407,1,1,0.9399133531922388,-0.45437973737716675,-3.2043797969818115,attack,yes
408,1,1,0.9046505351008906,-0.4167048931121826,-2.6667048931121826,attack,yes
409,1,0,0.29421497216298875,-1.4285430908203125,-0.5535430908203125,attack,no
410,1,1,0.8933094003735664,-0.3942297101020813,-2.5192296504974365,attack,yes
411,1,1,0.9399133531922388,-0.5950698256492615,-3.3450698852539062,attack,yes
412,1,1,0.9465966702001757,-0.2859632968902588,-3.160963296890259,attack,yes
413,1,1,0.5926665999540697,-0.7215826511383057,-1.0965826511383057,attack,yes
414,1,1,0.754914975839675,-0.760630190372467,-1.8856301307678223,attack,yes
415,1,1,0.9324533107374443,-0.3855571448802948,-3.010557174682617,attack,yes
416,1,0,0.34864513533394575,-1.2334024906158447,-0.6084024906158447,attack,no
417,1,0,0.1066905825840872,-2.4606242179870605,-0.335624098777771,attack,no
418,1,0,0.1645164506075047,-2.0072834491729736,-0.38228335976600647,attack,no
419,1,1,0.7057850278370112,-0.5425993204116821,-1.4175993204116821,attack,yes
420,1,1,0.754914997895581,-0.4652559161186218,-1.5902559757232666,attack,yes
421,1,0,0.07585818419975078,-2.882632255554199,-0.382632315158844,attack,no
422,1,0,0.015906391595187953,-4.235447883605957,-0.11044787615537643,attack,no
423,1,1,0.939913354875362,-0.49548807740211487,-3.245488166809082,attack,yes
424,1,1,0.5926666143433998,-0.9697865843772888,-1.3447866439819336,attack,yes
425,1,0,0.4073334000459302,-1.104732632637024,-0.7297326326370239,attack,no
426,1,1,0.880797081106935,-0.38263198733329773,-2.38263201713562,attack,yes
427,1,1,0.8807970904940926,-0.4802149534225464,-2.480215072631836,attack,yes
428,1,0,0.18242551491653522,-1.920090675354004,-0.42009061574935913,attack,no
429,1,0,0.18242551936144574,-1.9067866802215576,-0.40678665041923523,attack,no
430,1,1,0.6224593312018546,-0.6495019197463989,-1.149501919746399,attack,yes
431,1,1,0.7310585786300049,-0.5321452617645264,-1.5321452617645264,attack,yes
432,1,1,0.9399133464597458,-0.2912655472755432,-3.0412654876708984,attack,yes
433,1,0,0.03308597791199666,-3.5176055431365967,-0.14260552823543549,attack,no
434,1,0,0.022977368906458788,-3.9224555492401123,-0.17245550453662872,attack,no
435,1,0,0.46879062662624377,-0.9683985114097595,-0.8433985114097595,attack,no
436,1,1,0.939913356558485,-0.45401132106781006,-3.2040114402770996,attack,yes
437,1,0,0.04742587856304458,-3.2857275009155273,-0.2857276201248169,attack,no
438,1,1,0.5926665999540697,-1.0642735958099365,-1.4392735958099365,attack,yes
439,1,0,0.2942149845400438,-1.4676530361175537,-0.5926530957221985,attack,no
440,1,1,0.6224593452091672,-0.8046953082084656,-1.3046953678131104,attack,yes
441,1,1,0.9149009596336303,-0.293165385723114,-2.668165445327759,attack,yes
442,1,0,0.1192029188930649,-2.351801872253418,-0.3518018424510956,attack,no
443,1,1,0.8519528019683106,-0.47731804847717285,-2.227318048477173,attack,yes
444,1,0,0.14804720179063335,-2.0901567935943604,-0.34015682339668274,attack,no
445,1,1,0.5621764862150634,-0.8897750973701477,-1.139775037765503,attack,yes
446,1,0,0.2942149845400438,-1.30619215965271,-0.43119221925735474,attack,no
447,1,1,0.880797068590724,-0.33480915427207947,-2.3348090648651123,attack,yes
448,1,0,0.025957359081569886,-3.736506462097168,-0.11150653660297394,attack,no
449,1,0,0.047425871831197425,-3.2201650142669678,-0.22016498446464539,attack,no
450,1,0,0.22270013882530884,-1.7450288534164429,-0.49502885341644287,attack,no
451,1,0,0.16451645880021026,-2.109143018722534,-0.4841429889202118,attack,no
452,1,1,0.8933093975331751,-0.2588110864162445,-2.3838109970092773,attack,yes
453,1,1,0.6513548646660542,-0.6685632467269897,-1.2935632467269897,attack,yes
454,1,1,0.8354835452961425,-0.5339371562004089,-2.1589372158050537,attack,yes
455,1,1,0.7549149868676283,-0.4568277597427368,-1.5818277597427368,attack,yes
456,1,1,0.7057850278370112,-0.5983009338378906,-1.4733009338378906,attack,yes
457,1,1,0.8519527906914787,-0.411630243062973,-2.161630153656006,attack,yes
458,1,1,0.9324533126145177,-0.3909258246421814,-3.015925884246826,attack,yes
459,1,1,0.9149009480320036,-0.4051114022731781,-2.780111312866211,attack,yes
460,1,1,0.9241418283357702,-0.33558499813079834,-2.835585117340088,attack,yes
461,1,1,0.5312093733737563,-0.9239704608917236,-1.0489704608917236,attack,yes
462,1,1,0.6513548646660542,-0.7179139852523804,-1.3429139852523804,attack,yes
463,1,1,0.9820137868795701,-0.2748066782951355,-4.274806499481201,attack,yes
464,1,0,0.16451647108926923,-1.9476158618927002,-0.32261592149734497,attack,no
465,1,1,0.9241418199787566,-0.5145680904388428,-3.0145680904388428,attack,yes
466,1,1,0.9525741241296944,-0.44229990243911743,-3.4422998428344727,attack,yes
467,1,0,0.18242551936144574,-1.8314859867095947,-0.33148595690727234,attack,no
468,1,1,0.9465966732132748,-0.5374409556388855,-3.4124410152435303,attack,yes
469,1,1,0.9046505453836383,-0.30703818798065186,-2.5570383071899414,attack,yes
470,1,1,0.9399133481428692,-0.3471370041370392,-3.097136974334717,attack,yes
471,1,1,0.9241418137109955,-0.43758663535118103,-2.937586545944214,attack,yes
472,1,1,0.89330940889474,-0.46088072657585144,-2.585880756378174,attack,yes
473,1,1,0.9820137895115189,-0.30152562260627747,-4.301525592803955,attack,yes
474,1,1,0.957912274487423,-0.32925981283187866,-3.4542598724365234,attack,yes
475,1,1,0.8933094032139576,-0.4297390282154083,-2.554738998413086,attack,yes
476,1,1,0.8933093975331751,-0.429292768239975,-2.554292678833008,attack,yes
477,1,1,0.9324533013520764,-0.2755948305130005,-2.900594711303711,attack,yes
478,1,0,0.2689414096510108,-1.5790135860443115,-0.5790135264396667,attack,no
479,1,1,0.9399133498259924,-0.4998791217803955,-3.2498791217803955,attack,yes
480,1,1,0.9324533088603709,-0.3886559009552002,-3.0136559009552,attack,yes
481,1,0,0.010986942306754304,-4.767823696136475,-0.2678236663341522,attack,no
482,1,1,0.893309411735131,-0.40044206380844116,-2.525442123413086,attack,yes
483,1,1,0.6513548646660542,-0.5621411800384521,-1.1871411800384521,attack,yes
484,1,1,0.8933094145755219,-0.3656248152256012,-2.4906249046325684,attack,yes
485,1,1,0.8519527869325346,-0.2882930040359497,-2.03829288482666,attack,yes
486,1,1,0.9669140216112958,-0.31876111030578613,-3.693761110305786,attack,yes
487,1,0,0.46879062662624377,-1.0329301357269287,-0.9079301357269287,attack,no
488,1,1,0.8670357494949105,-0.4235912263393402,-2.298591136932373,attack,yes
489,1,1,0.9465966656805269,-0.31287917494773865,-3.1878790855407715,attack,yes
490,1,1,0.9465966747198243,-0.37453094124794006,-3.2495310306549072,attack,yes
491,1,1,0.8933094060543487,-0.3971896171569824,-2.5221896171569824,attack,yes
492,1,1,0.9626731169394882,-0.2674211263656616,-3.517421245574951,attack,yes
493,1,1,0.817574471748733,-0.4000069200992584,-1.900006890296936,attack,yes
494,1,1,0.8807970842359877,-0.44424575567245483,-2.4442458152770996,attack,yes
495,1,1,0.9324533051062237,-0.4189479947090149,-3.04394793510437,attack,yes
496,1,1,0.9324533126145177,-0.2772197127342224,-2.902219772338867,attack,yes
497,1,0,0.04742587115801275,-3.148566246032715,-0.14856620132923126,attack,no
498,1,0,0.20181323186177208,-1.955324649810791,-0.5803247094154358,attack,no
499,1,0,0.22270014398423357,-1.670700192451477,-0.42070022225379944,attack,no
500,1,1,0.7772998611746911,-0.5308032035827637,-1.7808032035827637,attack,yes
501,1,0,0.11920290950590741,-2.2755675315856934,-0.2755674123764038,attack,no
502,1,0,0.14804718675485834,-2.1129777431488037,-0.36297765374183655,attack,no
503,1,1,0.5312093733737563,-1.0012425184249878,-1.1262425184249878,attack,yes
504,1,0,0.047425871831197425,-3.2216897010803223,-0.22168967127799988,attack,no
505,1,0,0.3208213138121609,-1.2858870029449463,-0.5358870625495911,attack,no
506,1,0,0.08509904732734556,-2.6403255462646484,-0.2653255760669708,attack,no
507,1,0,0.46879062662624377,-1.3678641319274902,-1.2428641319274902,attack,no
508,1,1,0.9669140254249554,-0.3884676694869995,-3.763467788696289,attack,yes
509,1,1,0.8519528057272543,-0.47826454043388367,-2.228264570236206,attack,yes
510,1,0,0.3208213138121609,-1.3350660800933838,-0.5850661396980286,attack,no
511,1,0,0.06754668550840877,-2.933688163757324,-0.30868807435035706,attack,no
512,1,1,0.5312093733737563,-0.9705967903137207,-1.0955967903137207,attack,yes
513,1,1,0.9399133464597458,-0.3496096730232239,-3.099609613418579,attack,yes
514,1,1,0.9324533069832973,-0.46231916546821594,-3.0873191356658936,attack,yes
515,1,1,0.6513548646660542,-0.6218364238739014,-1.2468364238739014,attack,yes
516,1,0,0.11920291576401235,-2.700849771499634,-0.700849711894989,attack,No
517,1,1,0.851952809486198,-0.5458864569664001,-2.295886516571045,attack,yes
518,1,1,0.5312093882168609,-0.9434904456138611,-1.0684905052185059,attack,yes
519,1,1,0.924141817889503,-0.2850377857685089,-2.7850377559661865,attack,yes
520,1,0,0.2689414213699951,-1.7201759815216064,-0.7201759815216064,attack,no
521,1,1,0.5621765008857981,-0.7384594082832336,-0.9884594082832336,attack,yes
522,1,1,0.7772998611746911,-0.533057689666748,-1.783057689666748,attack,yes
523,1,1,0.6224593452091672,-0.7720450758934021,-1.2720451354980469,attack,yes
524,1,1,0.7772998611746911,-0.5974522829055786,-1.8474522829055786,attack,yes
525,1,1,0.7310585786300049,-0.5918774604797363,-1.5918774604797363,attack,yes
526,1,0,0.11920291263495983,-2.352768898010254,-0.35276880860328674,attack,no
527,1,0,0.0850990438468576,-2.563821792602539,-0.18882177770137787,attack,no
528,1,1,0.8175744673038221,-0.5480685830116272,-2.0480685234069824,attack,yes
529,1,1,0.9241418220680101,-0.39753958582878113,-2.8975396156311035,attack,yes
530,1,0,0.4073334000459302,-1.103933334350586,-0.7289333343505859,attack,no
531,1,1,0.9579122708828604,-0.4376716911792755,-3.562671661376953,attack,yes
532,1,0,0.08509904964767095,-2.7125186920166016,-0.33751875162124634,attack,no
533,1,1,0.9525741268224334,-0.27872490882873535,-3.2787249088287354,attack,yes
534,1,0,0.16451646699291617,-1.9324331283569336,-0.307433158159256,attack,no
535,1,1,0.9241418199787566,-0.36612677574157715,-2.866126775741577,attack,yes
536,1,1,0.679178699175393,-0.7205171585083008,-1.4705171585083008,attack,yes
537,1,1,0.9241418283357702,-0.5102919340133667,-3.0102920532226562,attack,yes
538,1,1,0.9046505299595163,-0.388031542301178,-2.638031482696533,attack,yes
539,1,0,0.10669059962643358,-2.4816133975982666,-0.3566134572029114,attack,no
540,1,1,0.5926665999540697,-1.0665996074676514,-1.4415996074676514,attack,yes
541,1,0,0.22270013882530884,-1.7546708583831787,-0.5046708583831787,attack,no
542,1,1,0.9740426443092215,-0.31320708990097046,-3.9382071495056152,attack,yes
543,1,1,0.9465966702001757,-0.28563642501831055,-3.1606364250183105,attack,yes
544,1,1,0.9241418283357702,-0.7757424116134644,-3.275742530822754,attack,Yes
545,1,0,0.042087725512577126,-3.531761646270752,-0.4067615866661072,attack,no
546,1,1,0.7981867873410141,-0.8521899580955505,-2.2271900177001953,attack,yes
547,1,0,0.46879064146934857,-1.0813515186309814,-0.9563515782356262,attack,no
548,1,1,0.8807970842359877,-0.5649041533470154,-2.56490421295166,attack,yes
549,1,1,0.9324533144915912,-0.3882414400577545,-3.0132415294647217,attack,yes
550,1,0,0.3208213138121609,-1.303670883178711,-0.5536709427833557,attack,no
551,1,0,0.3775406828054583,-1.3582475185394287,-0.8582475781440735,attack,no
552,1,1,0.9579122720843811,-0.3613741397857666,-3.4863741397857666,attack,yes
553,1,1,0.5621765008857981,-1.0032850503921509,-1.2532850503921509,attack,yes
554,1,1,0.7549149868676283,-0.5253416299819946,-1.6503416299819946,attack,yes
555,1,1,0.893309411735131,-0.6391529440879822,-2.764153003692627,attack,yes
556,1,1,0.9241418137109955,-0.36383137106895447,-2.8638312816619873,attack,yes
557,1,1,0.679178699175393,-0.5810346603393555,-1.3310346603393555,attack,yes
558,1,0,0.5,-0.9147665500640869,-0.9147665500640869,attack,no
559,1,0,0.11920293140927592,-2.311563491821289,-0.3115635812282562,attack,no
560,1,0,0.16451647518562237,-2.0141403675079346,-0.38914045691490173,attack,no
561,1,1,0.7310585786300049,-0.6955006122589111,-1.6955006122589111,attack,yes
562,1,0,0.08509904964767095,-2.7961349487304688,-0.4211350083351135,attack,no
563,1,1,0.8354835289107309,-0.4136057496070862,-2.0386056900024414,attack,yes
564,1,1,0.9706877713685592,-0.23659269511699677,-3.7365927696228027,attack,yes
565,1,1,0.5621764862150634,-0.8587124943733215,-1.1087124347686768,attack,yes
566,1,1,0.9399133498259924,-0.4190051555633545,-3.1690051555633545,attack,yes
567,1,0,0.24508500210441886,-1.5644934177398682,-0.4394933581352234,attack,no
568,1,1,0.7549149868676283,-0.48240554332733154,-1.6074055433273315,attack,yes
569,1,1,0.6513548782017746,-0.6157051920890808,-1.2407052516937256,attack,yes
570,1,1,0.9324533144915912,-0.27743974328041077,-2.902439832687378,attack,yes
571,1,0,0.37754066879814546,-1.1554913520812988,-0.6554913520812988,attack,no
572,1,1,0.9579122756889438,-0.4381953775882721,-3.5631954669952393,attack,yes
573,1,0,0.34864513533394575,-1.222504734992981,-0.597504734992981,attack,no
574,1,0,0.015906393111335862,-4.326333522796631,-0.20133361220359802,attack,no
575,1,1,0.9324533144915912,-0.35547271370887756,-2.9804728031158447,attack,yes
576,1,1,0.5926665855647394,-0.8078237175941467,-1.182823657989502,attack,yes
577,1,1,0.8807970779778823,-0.5234279632568359,-2.523427963256836,attack,yes
578,1,1,0.7772998508568416,-0.4768739342689514,-1.7268738746643066,attack,yes
579,1,1,0.7549149868676283,-0.48348212242126465,-1.6084821224212646,attack,yes
580,1,1,0.9465966686936261,-0.41328004002571106,-3.2882800102233887,attack,yes
581,1,0,0.16451645470385742,-1.9051904678344727,-0.2801904082298279,attack,no
582,1,1,0.9525741254760638,-0.3042896091938019,-3.3042895793914795,attack,yes
583,1,0,0.16451647108926923,-1.9245052337646484,-0.2995052933692932,attack,no
584,1,1,0.8807970748488297,-0.3561280071735382,-2.356127977371216,attack,yes
585,1,0,0.4378234991142019,-1.0121978521347046,-0.7621978521347046,attack,no
586,1,1,0.9241418158002492,-0.663318932056427,-3.1633188724517822,attack,yes
587,1,1,0.9465966686936261,-0.3121934235095978,-3.1871933937072754,attack,yes
588,1,1,0.8933094145755219,-0.3472374975681305,-2.4722375869750977,attack,yes
589,1,1,0.8354835330070839,-0.4709785282611847,-2.0959784984588623,attack,yes
590,1,1,0.5621764862150634,-0.7582538723945618,-1.008253812789917,attack,yes
591,1,0,0.03308597505175204,-3.5611486434936523,-0.186148539185524,attack,no
592,1,1,0.8175744806385543,-0.42658647894859314,-1.9265865087509155,attack,yes
593,1,1,0.679178699175393,-0.5609149932861328,-1.3109149932861328,attack,yes
594,1,1,0.8175744761936437,-0.4485762119293213,-1.9485762119293213,attack,yes
595,1,1,0.9706877684006775,-0.38378289341926575,-3.8837828636169434,attack,yes
596,1,1,0.9046505325302034,-0.30581334233283997,-2.5558133125305176,attack,yes
597,1,1,0.9465966686936261,-0.3423650562763214,-3.217365026473999,attack,yes
598,1,1,0.9465966732132748,-0.4917828440666199,-3.3667829036712646,attack,yes
599,1,1,0.9324533069832973,-0.3559270203113556,-2.980926990509033,attack,yes
600,1,0,0.07585818419975078,-2.823164463043213,-0.32316452264785767,attack,no
601,1,0,0.4073334000459302,-1.18411386013031,-0.8091138601303101,attack,no
602,1,0,0.11920291576401235,-2.3725337982177734,-0.37253373861312866,attack,no
603,1,1,0.9465966702001757,-0.3422386646270752,-3.217238664627075,attack,yes
604,1,1,0.7057850278370112,-0.5224372148513794,-1.3974372148513794,attack,yes
605,1,1,0.6224593171945417,-0.713731586933136,-1.2137315273284912,attack,yes
606,1,1,0.867035752930664,-0.3948829770088196,-2.269882917404175,attack,yes
607,1,1,0.8933093975331751,-0.39874371886253357,-2.5237436294555664,attack,yes
608,1,0,0.0850990357257195,-2.758662223815918,-0.3836621046066284,attack,no
609,1,1,0.8519528057272543,-0.3038906753063202,-2.0538907051086426,attack,yes
610,1,1,0.9324533032291502,-0.27384623885154724,-2.89884614944458,attack,yes
611,1,1,0.9324533069832973,-0.3260515034198761,-2.9510514736175537,attack,yes
612,1,1,0.9525741281688026,-0.43950173258781433,-3.4395017623901367,attack,yes
613,1,0,0.06754668926255561,-2.8932254314422607,-0.26822540163993835,attack,no
614,1,1,0.5926666143433998,-0.7026218771934509,-1.0776219367980957,attack,yes
615,1,1,0.6791786861878392,-0.6356833577156067,-1.385683298110962,attack,yes
616,1,1,0.8354835452961425,-0.4597007632255554,-2.0847008228302,attack,yes
617,1,0,0.24508500210441886,-1.566633701324463,-0.4416336417198181,attack,no
618,1,0,0.05340332452690107,-3.1018171310424805,-0.2268170267343521,attack,no
619,1,1,0.6791786861878392,-0.6787605881690979,-1.4287605285644531,attack,yes
620,1,1,0.6513548511303336,-0.6625831723213196,-1.2875831127166748,attack,yes
621,1,1,0.914900950352329,-0.44387179613113403,-2.8188717365264893,attack,yes
622,1,1,0.9241418283357702,-0.5143660306930542,-3.0143661499023438,attack,yes
623,1,1,0.94659667246,-0.24121542274951935,-3.116215467453003,attack,yes
624,1,1,0.8670357494949105,-0.40215930342674255,-2.2771592140197754,attack,yes
625,1,1,0.9241418199787566,-0.3048231601715088,-2.804823160171509,attack,yes
626,1,1,0.679178699175393,-0.8523494005203247,-1.6023494005203247,attack,yes
627,1,0,0.24508502416032488,-1.822035789489746,-0.6970358490943909,attack,no
628,1,1,0.679178699175393,-0.6866170167922974,-1.4366170167922974,attack,yes
629,1,1,0.7549149868676283,-0.6267962455749512,-1.7517962455749512,attack,yes
630,1,1,0.5312093585306514,-0.894428551197052,-1.0194284915924072,attack,yes
631,1,1,0.8175744761936437,-0.43122971057891846,-1.9312297105789185,attack,yes
632,1,1,0.9465966702001757,-0.3124217987060547,-3.1874217987060547,attack,yes
633,1,0,0.34864513533394575,-1.2140933275222778,-0.5890933275222778,attack,no
634,1,0,0.2018132270610754,-1.7340933084487915,-0.3590933382511139,attack,no
635,1,1,0.9399133515091156,-0.2655124366283417,-3.015512466430664,attack,yes
636,1,0,0.07585818002124356,-2.7535037994384766,-0.25350379943847656,attack,no
637,1,0,0.1329642333263228,-2.300088405609131,-0.4250883460044861,attack,no
638,1,1,0.8933094060543487,-0.5499658584594727,-2.6749658584594727,attack,yes
639,1,1,0.5926666143433998,-0.7281534075737,-1.1031534671783447,attack,yes
640,1,1,0.8933093975331751,-0.40058431029319763,-2.5255842208862305,attack,yes
641,1,1,0.8807970873650403,-0.4165855944156647,-2.416585683822632,attack,yes
642,1,1,0.9241418241572634,-0.3951401114463806,-2.8951401710510254,attack,yes
643,1,0,0.18242552825126704,-1.7823463678359985,-0.2823463976383209,attack,no
644,1,1,0.5926665999540697,-0.7454015016555786,-1.1204015016555786,attack,yes
645,1,1,0.924141817889503,-0.3652854263782501,-2.8652853965759277,attack,yes
646,1,1,0.9525741241296944,-0.33327776193618774,-3.333277702331543,attack,yes
647,1,1,0.9465966732132748,-0.5368463397026062,-3.411846399307251,attack,yes
648,1,1,0.9149009480320036,-0.4438949525356293,-2.818894863128662,attack,yes
649,1,1,0.8933094174159129,-0.5497626066207886,-2.674762725830078,attack,yes
650,1,1,0.5312093733737563,-0.8587331771850586,-0.9837331771850586,attack,yes
651,1,1,0.924141817889503,-0.4004566967487335,-2.900456666946411,attack,yes
652,1,0,0.18242551491653522,-1.8261170387268066,-0.32611697912216187,attack,no
653,1,1,0.8670357666736773,-0.4651011824607849,-2.3401012420654297,attack,yes
654,1,1,0.9324533088603709,-0.3910341262817383,-3.0160341262817383,attack,yes
655,1,1,0.6224593312018546,-0.7131191492080688,-1.2131191492080688,attack,yes
656,1,1,0.798186768138228,-0.795544445514679,-2.170544385910034,attack,yes
657,1,0,0.29421497216298875,-1.4643760919570923,-0.5893760919570923,attack,no
658,1,0,0.24508501313237172,-1.720157265663147,-0.595157265663147,attack,no
659,1,1,0.7772998611746911,-0.5029606819152832,-1.7529606819152832,attack,yes
660,1,0,0.16451647108926923,-1.9711167812347412,-0.346116840839386,attack,no
661,1,0,0.22270013366638422,-1.6050069332122803,-0.3550069034099579,attack,no
662,1,0,0.5,-0.7677930593490601,-0.7677930593490601,attack,no
663,1,1,0.9525741268224334,-0.21153545379638672,-3.2115354537963867,attack,yes
664,1,1,0.8807970779778823,-0.5590364933013916,-2.5590364933013916,attack,yes
665,1,1,0.7310585903489892,-0.695417582988739,-1.6954176425933838,attack,yes
666,1,0,0.46879062662624377,-1.0321177244186401,-0.9071177244186401,attack,no
667,1,1,0.5312093733737563,-0.8832094669342041,-1.008209466934204,attack,yes
668,1,1,0.7057850278370112,-0.5274761915206909,-1.402476191520691,attack,yes
669,1,1,0.5926665999540697,-0.693373441696167,-1.068373441696167,attack,yes
670,1,1,0.9626731147976793,-0.47235459089279175,-3.7223546504974365,attack,yes
671,1,0,0.22270012850745968,-1.6968741416931152,-0.44687408208847046,attack,no
672,1,0,0.3208212878370535,-1.323946475982666,-0.5739464163780212,attack,no
673,1,1,0.7310585786300049,-0.7369436025619507,-1.7369436025619507,attack,yes
674,1,1,0.9324533088603709,-0.5045413970947266,-3.1295413970947266,attack,yes
675,1,1,0.9626731169394882,-0.2957257032394409,-3.5457258224487305,attack,yes
676,1,1,0.966914024948248,-0.2397383600473404,-3.6147384643554688,attack,yes
677,1,1,0.851952809486198,-0.3860322833061218,-2.1360323429107666,attack,yes
678,1,1,0.9399133531922388,-0.49643367528915405,-3.246433734893799,attack,yes
679,1,1,0.9324533126145177,-0.27574747800827026,-2.900747537612915,attack,yes
680,1,1,0.9241418137109955,-0.3363529145717621,-2.836352825164795,attack,yes
681,1,1,0.9324533032291502,-0.43092450499534607,-3.055924415588379,attack,yes
682,1,1,0.8933094032139576,-0.2956269085407257,-2.4206268787384033,attack,yes
683,1,1,0.904650527388829,-0.3840692937374115,-2.6340692043304443,attack,yes
684,1,0,0.46879061178313897,-1.0502018928527832,-0.9252018332481384,attack,no
685,1,0,0.09534945975773548,-2.492455244064331,-0.24245518445968628,attack,no
686,1,1,0.9324533069832973,-0.3859300911426544,-3.010930061340332,attack,yes
687,1,1,0.6224593312018546,-0.6229722499847412,-1.1229722499847412,attack,yes
688,1,1,0.8354835371034369,-0.5210738182067871,-2.146073818206787,attack,yes
689,1,1,0.9324533051062237,-0.42391544580459595,-3.048915386199951,attack,yes
690,1,0,0.37754066879814546,-1.226117730140686,-0.726117730140686,attack,no
691,1,1,0.9399133464597458,-0.31844860315322876,-3.068448543548584,attack,yes
692,1,1,0.9046505248181417,-0.4565192461013794,-2.70651912689209,attack,yes
693,1,1,0.9046505248181417,-0.5426307916641235,-2.792630672454834,attack,yes
694,1,0,0.0850990357257195,-2.664731025695801,-0.28973090648651123,attack,no
695,1,0,0.07585817166422973,-2.7184367179870605,-0.218436598777771,attack,no
696,1,1,0.5621765008857981,-0.7417142987251282,-0.9917142987251282,attack,yes
697,1,0,0.13296425050508953,-2.2013421058654785,-0.3263421952724457,attack,no
698,1,1,0.8175744850834649,-0.4823693633079529,-1.9823694229125977,attack,yes
699,1,1,0.6791787121629466,-0.7217585444450378,-1.4717586040496826,attack,yes
700,1,1,0.8354835452961425,-0.4916331171989441,-2.116633176803589,attack,yes
701,1,1,0.9046505248181417,-0.4517408609390259,-2.7017407417297363,attack,yes
702,1,1,0.9149009642742806,-0.31989991664886475,-2.6949000358581543,attack,yes
703,1,1,0.9399133481428692,-0.2914333641529083,-3.041433334350586,attack,yes
704,1,1,0.7310585669110203,-0.5863221287727356,-1.5863220691680908,attack,yes
705,1,0,0.3775406828054583,-1.421661615371704,-0.9216616749763489,attack,no
706,1,1,0.8933094145755219,-0.3684753477573395,-2.4934754371643066,attack,yes
707,1,0,0.11920291419948606,-2.2442564964294434,-0.2442564219236374,attack,no
708,1,0,0.20181322226037882,-1.7600423097610474,-0.38504230976104736,attack,no
709,1,1,0.9796676425019243,-0.33998510241508484,-4.214984893798828,attack,yes
710,1,1,0.6224593452091672,-0.8047255873680115,-1.3047256469726562,attack,yes
711,1,1,0.798186768138228,-0.5000904202461243,-1.8750903606414795,attack,yes
712,1,1,0.97068777009661,-0.3484146296977997,-3.848414659500122,attack,yes
713,1,1,0.9324533032291502,-0.3884664475917816,-3.0134663581848145,attack,yes
714,1,1,0.9241418158002492,-0.3092060685157776,-2.809206008911133,attack,yes
715,1,0,0.1645164628965632,-2.1277403831481934,-0.5027403831481934,attack,no
716,1,0,0.24508500210441886,-1.6703097820281982,-0.5453097224235535,attack,no
717,1,1,0.9046505402422645,-0.3262881636619568,-2.5762882232666016,attack,yes
718,1,1,0.7772998611746911,-0.5899560451507568,-1.8399560451507568,attack,yes
719,1,1,0.8519527869325346,-0.4410616159439087,-2.191061496734619,attack,yes
720,1,1,0.7310585786300049,-0.5374342203140259,-1.5374342203140259,attack,yes
721,1,1,0.8670357494949105,-0.42025241255760193,-2.2952523231506348,attack,yes
722,1,1,0.939913354875362,-0.3198818266391754,-3.0698819160461426,attack,yes
723,1,0,0.29421497216298875,-1.7051457166671753,-0.8301457166671753,attack,no
724,1,0,0.5,-1.0025761127471924,-1.0025761127471924,attack,no
725,1,1,0.924141817889503,-0.39797165989875793,-2.8979716300964355,attack,yes
726,1,1,0.9579122672782973,-0.4779578447341919,-3.6029577255249023,attack,yes
727,1,1,0.9525741241296944,-0.36749058961868286,-3.367490530014038,attack,yes
728,1,1,0.9399133515091156,-0.29353806376457214,-3.0435380935668945,attack,yes
729,1,1,0.89330940889474,-0.43027326464653015,-2.5552732944488525,attack,yes
730,1,0,0.060086648490884395,-3.010287046432495,-0.26028701663017273,attack,no
731,1,1,0.9465966671870767,-0.31240564584732056,-3.187405586242676,attack,yes
732,1,0,0.4073334000459302,-1.231496810913086,-0.8564968109130859,attack,no
733,1,1,0.5621765008857981,-0.7012227177619934,-0.9512227177619934,attack,yes
734,1,1,0.8175744584140004,-0.5482474565505981,-2.0482473373413086,attack,yes
735,1,1,0.8670357598021706,-0.4554293155670166,-2.3304293155670166,attack,yes
736,1,1,0.817574471748733,-0.36283615231513977,-1.8628361225128174,attack,yes
737,1,1,0.679178699175393,-0.6288044452667236,-1.3788044452667236,attack,yes
738,1,1,0.5926665999540697,-1.1768907308578491,-1.5518907308578491,attack,Yes
739,1,0,0.46879062662624377,-0.878432035446167,-0.753432035446167,attack,no
740,1,0,0.07585818524437762,-2.690671443939209,-0.19067151844501495,attack,no
741,1,1,0.9324533051062237,-0.465431272983551,-3.0904312133789062,attack,yes
742,1,1,0.880797071719777,-0.5540023446083069,-2.554002285003662,attack,yes
743,1,1,0.5926665855647394,-0.728950560092926,-1.1039505004882812,attack,yes
744,1,1,0.8519527944504226,-0.4118273854255676,-2.161827325820923,attack,yes
745,1,1,0.7772998508568416,-0.5906704068183899,-1.8406703472137451,attack,yes
746,1,0,0.4378234991142019,-1.0443211793899536,-0.7943211793899536,attack,no
747,1,0,0.07585817793199003,-2.7382876873016357,-0.23828765749931335,attack,no
748,1,1,0.9465966702001757,-0.3105804920196533,-3.1855804920196533,attack,yes
749,1,1,0.8933094145755219,-0.42880764603614807,-2.5538077354431152,attack,yes
750,1,0,0.1329642436335826,-2.1590120792388916,-0.284012109041214,attack,no
751,1,1,0.9241418158002492,-0.3356028199195862,-2.8356027603149414,attack,yes
752,1,0,0.3775406547908327,-1.0404083728790283,-0.5404083132743835,attack,no
753,1,1,0.6224593312018546,-0.7223261594772339,-1.2223261594772339,attack,yes
754,1,1,0.9046505376715775,-0.38854047656059265,-2.638540506362915,attack,yes
755,1,0,0.025957357951306048,-3.8400094509124756,-0.21500948071479797,attack,no
756,1,1,0.914900950352329,-0.4831312298774719,-2.858131170272827,attack,yes
757,1,0,0.10669058826486906,-2.6969494819641113,-0.5719494223594666,attack,no
758,1,1,0.7772998611746911,-0.5571421384811401,-1.8071421384811401,attack,yes
759,1,0,0.09534947004048376,-2.5128984451293945,-0.2628985047340393,attack,no
760,1,0,0.05340332678672523,-3.1427931785583496,-0.26779311895370483,attack,no
761,1,1,0.8519528019683106,-0.5933387279510498,-2.34333872795105,attack,yes
762,1,1,0.7310585786300049,-0.5085737705230713,-1.5085737705230713,attack,yes
763,1,1,0.8354835411997897,-0.44053956866264343,-2.065539598464966,attack,yes
764,1,1,0.9149009549929797,-0.34408998489379883,-2.719089984893799,attack,yes
765,1,1,0.939913354875362,-0.41290083527565,-3.162900924682617,attack,yes
766,1,1,0.9525741268224334,-0.3017411231994629,-3.301741123199463,attack,yes
767,1,1,0.7057850278370112,-0.5905987024307251,-1.465598702430725,attack,yes
768,1,1,0.8519527869325346,-0.5570961236953735,-2.307096004486084,attack,yes
769,1,1,0.914900957313305,-0.2719366252422333,-2.6469366550445557,attack,yes
770,1,1,0.8670357666736773,-0.4601127505302429,-2.3351128101348877,attack,yes
771,1,1,0.6791786861878392,-0.5806501507759094,-1.3306500911712646,attack,yes
772,1,1,0.9046505453836383,-0.304803729057312,-2.5548038482666016,attack,yes
773,1,0,0.22270014914315833,-1.7120897769927979,-0.4620898365974426,attack,no
774,1,1,0.9706877709445761,-0.511070191860199,-4.011070251464844,attack,yes
775,1,1,0.9324533144915912,-0.3538874685764313,-2.9788875579833984,attack,yes
776,1,0,0.022977366564803023,-4.008990287780762,-0.2589901387691498,attack,no
777,1,1,0.6791786861878392,-0.7579165101051331,-1.5079164505004883,attack,yes
778,1,0,0.4378234991142019,-0.9586278796195984,-0.7086278796195984,attack,no
779,1,1,0.9626731169394882,-0.47056853771209717,-3.7205686569213867,attack,yes
780,1,0,0.16451647108926923,-2.0127670764923096,-0.38776713609695435,attack,no
781,1,1,0.6513548646660542,-0.6369738578796387,-1.2619738578796387,attack,yes
782,1,1,0.9241418262465169,-0.3977750837802887,-2.897775173187256,attack,yes
783,1,0,0.5,-0.864730179309845,-0.864730179309845,attack,no
784,1,1,0.5926666143433998,-0.7784118056297302,-1.153411865234375,attack,yes
785,1,1,0.8175744673038221,-0.5865123867988586,-2.086512327194214,attack,yes
786,1,1,0.9399133531922388,-0.38010138273239136,-3.130101442337036,attack,yes
787,1,1,0.5926665855647394,-0.8504801392555237,-1.225480079650879,attack,yes
788,1,1,0.851952809486198,-0.3860861659049988,-2.1360862255096436,attack,yes
789,1,1,0.7310585786300049,-0.5326187610626221,-1.532618761062622,attack,yes
790,1,1,0.8807970748488297,-0.4166446030139923,-2.41664457321167,attack,yes
791,1,1,0.8175744806385543,-0.4028545320034027,-1.902854561805725,attack,yes
792,1,1,0.8807970779778823,-0.5236599445343018,-2.5236599445343018,attack,yes
793,1,1,0.97068777009661,-0.25940439105033875,-3.759404420852661,attack,yes
794,1,0,0.22270013882530884,-1.648422122001648,-0.39842212200164795,attack,no
795,1,1,0.9626731094431571,-0.3272150456905365,-3.5772149562835693,attack,yes
796,1,1,0.9241418241572634,-0.5138151049613953,-3.01381516456604,attack,yes
797,1,1,0.9626731147976793,-0.2685837149620056,-3.5185837745666504,attack,yes
798,1,1,0.9324533107374443,-0.32655617594718933,-2.9515562057495117,attack,yes
799,1,0,0.1480472055495773,-2.4663801193237305,-0.7163801789283752,attack,no
800,1,1,0.7310585903489892,-0.7260631918907166,-1.7260632514953613,attack,yes
801,1,1,0.8519528170040853,-0.4128760099411011,-2.1628761291503906,attack,yes
802,1,1,0.914900957313305,-0.27152392268180847,-2.646523952484131,attack,yes
803,1,1,0.7057850278370112,-0.5046905279159546,-1.3796905279159546,attack,yes
804,1,1,0.9740426375276384,-0.4205295741558075,-4.045529365539551,attack,yes
805,1,0,0.11920293453832885,-2.2871952056884766,-0.2871953248977661,attack,no
806,1,1,0.9626731137267751,-0.26641079783439636,-3.5164108276367188,attack,yes
807,1,1,0.939913354875362,-0.34999290108680725,-3.0999929904937744,attack,yes
808,1,1,0.754914997895581,-0.4529239535331726,-1.5779240131378174,attack,yes
809,1,1,0.6513548646660542,-0.7606116533279419,-1.385611653327942,attack,yes
810,1,1,0.9241418283357702,-0.2828315496444702,-2.7828316688537598,attack,yes
811,1,0,0.08509904268669496,-2.6842451095581055,-0.3092450797557831,attack,no
812,1,1,0.5926665999540697,-0.7288601398468018,-1.1038601398468018,attack,yes
813,1,1,0.9525741241296944,-0.33352357149124146,-3.3335235118865967,attack,yes
814,1,0,0.22270014914315833,-1.6472246646881104,-0.3972247242927551,attack,no
815,1,1,0.7549149868676283,-0.48222970962524414,-1.6072297096252441,attack,yes
816,1,1,0.7549149813536518,-0.46152427792549133,-1.586524248123169,attack,yes
817,1,0,0.3486451488696663,-1.2534542083740234,-0.6284542679786682,attack,no
818,1,1,0.957912274487423,-0.3310961127281189,-3.4560961723327637,attack,yes
819,1,0,0.11920292202211755,-2.431659460067749,-0.431659460067749,attack,no
820,1,1,0.9525741241296944,-0.2788456082344055,-3.2788455486297607,attack,yes
821,1,1,0.9241418199787566,-0.5145020484924316,-3.0145020484924316,attack,yes
822,1,1,0.8519527944504226,-0.5129173398017883,-2.2629172801971436,attack,yes
823,1,0,0.34864513533394575,-1.174572229385376,-0.549572229385376,attack,no
824,1,1,0.6224593312018546,-1.0203078985214233,-1.5203078985214233,attack,yes
825,1,0,0.40733341443526055,-1.1813139915466309,-0.8063140511512756,attack,no
826,1,0,0.34864513533394575,-1.3794243335723877,-0.7544243335723877,attack,no
827,1,1,0.9241418241572634,-0.28293532133102417,-2.782935380935669,attack,yes
828,1,0,0.029312233295254994,-3.7170817852020264,-0.21708187460899353,attack,no
829,1,0,0.4073333856566001,-1.1274619102478027,-0.752461850643158,attack,no
830,1,1,0.9399133498259924,-0.41510772705078125,-3.1651077270507812,attack,yes
831,1,1,0.939913343093499,-0.49893105030059814,-3.2489309310913086,attack,yes
832,1,0,0.5,-0.8366317749023438,-0.8366317749023438,attack,no
833,1,1,0.7310585669110203,-0.563303530216217,-1.5633034706115723,attack,yes
834,1,1,0.9241418241572634,-0.3091234564781189,-2.8091235160827637,attack,yes
835,1,1,0.7981867873410141,-0.4563111662864685,-1.8313112258911133,attack,yes
836,1,1,0.5926666143433998,-0.6501721739768982,-1.025172233581543,attack,yes
837,1,1,0.9525741268224334,-0.5308315753936768,-3.5308315753936768,attack,yes
838,1,1,0.9149009526726544,-0.2952015697956085,-2.670201539993286,attack,yes
839,1,1,0.5926665855647394,-0.7789130806922913,-1.1539130210876465,attack,yes
840,1,1,0.9324533126145177,-0.4217154383659363,-3.046715497970581,attack,yes
841,1,1,0.9149009619539553,-0.2732507288455963,-2.6482508182525635,attack,yes
842,1,1,0.9241418262465169,-0.4336158335208893,-2.9336159229278564,attack,yes
843,1,0,0.2689414213699951,-1.4733585119247437,-0.47335851192474365,attack,no
844,1,1,0.9399133464597458,-0.34789425134658813,-3.0978941917419434,attack,yes
845,1,1,0.8933094060543487,-0.31723999977111816,-2.442239999771118,attack,yes
846,1,1,0.8354835452961425,-0.5645021796226501,-2.189502239227295,attack,yes
847,1,0,0.020332356904444657,-4.12800407409668,-0.253004252910614,attack,no
848,1,0,0.037326888415033926,-3.4588305950164795,-0.20883062481880188,attack,no
849,1,0,0.13296423676207594,-2.295212745666504,-0.4202127158641815,attack,no
850,1,1,0.9324533088603709,-0.5867676734924316,-3.2117676734924316,attack,Yes
851,1,0,0.18242551491653522,-1.9143617153167725,-0.4143616557121277,attack,no
852,1,0,0.24508501313237172,-1.5293129682540894,-0.40431296825408936,attack,no
853,1,1,0.8670357460591569,-0.5284720659255981,-2.4034719467163086,attack,yes
854,1,1,0.8670357598021706,-0.4549829959869385,-2.3299829959869385,attack,yes
855,1,1,0.8807970842359877,-0.3268370032310486,-2.3268370628356934,attack,yes
856,1,0,0.46879062662624377,-1.0960979461669922,-0.9710979461669922,attack,no
857,1,0,0.05340333130637379,-3.199744939804077,-0.32474496960639954,attack,no
858,1,1,0.9149009549929797,-0.3472602367401123,-2.7222602367401123,attack,yes
859,1,1,0.679178699175393,-0.6786110401153564,-1.4286110401153564,attack,yes
860,1,0,0.3486451217982255,-1.361203670501709,-0.7362036108970642,attack,no
861,1,1,0.9399133464597458,-0.2915692925453186,-3.041569232940674,attack,yes
862,1,1,0.8354835207180245,-0.5392051935195923,-2.1642050743103027,attack,yes
863,1,1,0.9046505351008906,-0.329059362411499,-2.579059362411499,attack,yes
864,1,0,0.4378234844434674,-1.0156068801879883,-0.7656068205833435,attack,no
865,1,1,0.6513548511303336,-0.7863605618476868,-1.411360502243042,attack,yes
866,1,1,0.6224593312018546,-0.7318700551986694,-1.2318700551986694,attack,yes
867,1,1,0.6513548511303336,-0.7274752259254456,-1.3524751663208008,attack,yes
868,1,1,0.8354835207180245,-0.6661683320999146,-2.291168212890625,attack,yes
869,1,1,0.5621765008857981,-1.0207234621047974,-1.2707234621047974,attack,yes
870,1,0,0.46879062662624377,-0.8929235935211182,-0.7679235935211182,attack,no
871,1,1,0.9399133481428692,-0.3201296627521515,-3.070129632949829,attack,yes
872,1,1,0.9465966702001757,-0.34477710723876953,-3.2197771072387695,attack,yes
873,1,0,0.16451645470385742,-2.118164539337158,-0.4931644797325134,attack,no
874,1,1,0.7772998714925403,-0.4817902445793152,-1.73179030418396,attack,yes
875,1,1,0.6513548646660542,-0.7269750833511353,-1.3519750833511353,attack,yes
876,1,1,0.9046505428129514,-0.3877805769443512,-2.6377806663513184,attack,yes
877,1,0,0.1066905854244781,-2.441641330718994,-0.316641241312027,attack,no
878,1,1,0.7310585903489892,-0.6493381857872009,-1.6493382453918457,attack,yes
879,1,0,0.2018132174596823,-1.7426395416259766,-0.3676395118236542,attack,no
880,1,1,0.6224593312018546,-0.8393915891647339,-1.3393915891647339,attack,yes
881,1,1,0.9399133498259924,-0.5033998489379883,-3.2533998489379883,attack,yes
882,1,1,0.9241418158002492,-0.3337481617927551,-2.8337481021881104,attack,yes
883,1,1,0.9399133464597458,-0.2655940651893616,-3.015594005584717,attack,yes
884,1,0,0.20181322226037882,-1.8884345293045044,-0.5134345293045044,attack,no
885,1,1,0.9579122768904644,-0.25013434886932373,-3.3751344680786133,attack,yes
886,1,1,0.7772998508568416,-0.5973277688026428,-1.847327709197998,attack,yes
887,1,1,0.7981867777396212,-0.5050694942474365,-1.8800694942474365,attack,yes
888,1,1,0.9770226267447513,-0.41812625527381897,-4.168126106262207,attack,yes
889,1,1,0.914900950352329,-0.40565305948257446,-2.7806529998779297,attack,yes
890,1,0,0.5,-0.9719630479812622,-0.9719630479812622,attack,no
891,1,1,0.9465966671870767,-0.3407800793647766,-3.215780019760132,attack,yes
892,1,0,0.05340333582602272,-3.2583141326904297,-0.38331425189971924,attack,no
893,1,1,0.7057850154599563,-0.4835510849952698,-1.358551025390625,attack,yes
894,1,0,0.01098694441170717,-4.695783615112305,-0.19578377902507782,attack,no
895,1,1,0.9579122720843811,-0.2745633125305176,-3.3995633125305176,attack,yes
896,1,0,0.06754669301670263,-2.87355899810791,-0.24855902791023254,attack,no
897,1,1,0.8670357460591569,-0.42341864109039307,-2.2984185218811035,attack,yes
898,1,1,0.867035763237924,-0.4956054389476776,-2.37060546875,attack,yes
899,1,1,0.9399133447766225,-0.35260090231895447,-3.1026008129119873,attack,yes
900,1,0,0.2689414330889798,-1.4935307502746582,-0.493530809879303,attack,no
901,1,1,0.9770226277483183,-0.20576606690883636,-3.955765962600708,attack,yes
902,1,0,0.5,-0.9412484765052795,-0.9412484765052795,attack,no
903,1,1,0.939913356558485,-0.41775548458099365,-3.167755603790283,attack,yes
904,1,1,0.9324533163686646,-0.3911651372909546,-3.016165256500244,attack,yes
905,1,1,0.7549149868676283,-0.7050049304962158,-1.8300049304962158,attack,yes
906,1,1,0.952574129515172,-0.40336960554122925,-3.403369665145874,attack,yes
907,1,0,0.37754066879814546,-1.1653143167495728,-0.6653143167495728,attack,no
908,1,1,0.9324533163686646,-0.45953452587127686,-3.0845346450805664,attack,yes
909,1,1,0.8933093946927838,-0.5502825975418091,-2.6752824783325195,attack,yes
910,1,1,0.8933093975331751,-0.4688950479030609,-2.5938949584960938,attack,yes
911,1,1,0.8933094060543487,-0.5079734325408936,-2.6329734325408936,attack,yes
912,1,0,0.05340333431947304,-3.1030471324920654,-0.2280472218990326,attack,no
913,1,0,0.32082130082460697,-1.2952301502227783,-0.5452301502227783,attack,no
914,1,1,0.5621765008857981,-0.739014208316803,-0.989014208316803,attack,yes
915,1,1,0.8933094060543487,-0.40076494216918945,-2.5257649421691895,attack,yes
916,1,1,0.9399133447766225,-0.38271889090538025,-3.132718801498413,attack,yes
917,1,1,0.5621765008857981,-0.830485463142395,-1.080485463142395,attack,yes
918,1,0,0.4378234991142019,-1.0035107135772705,-0.7535107135772705,attack,no
919,1,1,0.8354835411997897,-0.40533992648124695,-2.0303399562835693,attack,yes
920,1,1,0.957912274487423,-0.2727136015892029,-3.3977136611938477,attack,yes
921,1,0,0.4378234991142019,-1.145482063293457,-0.895482063293457,attack,no
922,1,0,0.32082130082460697,-1.2844878435134888,-0.5344878435134888,attack,no
923,1,0,0.10669059962643358,-2.46085524559021,-0.33585530519485474,attack,no
924,1,0,0.02931222863144092,-3.7188048362731934,-0.2188047617673874,attack,no
925,1,1,0.9046505351008906,-0.44816064834594727,-2.6981606483459473,attack,yes
926,1,1,0.7772998508568416,-0.597734272480011,-1.8477342128753662,attack,yes
927,1,0,0.24508502416032488,-1.6345627307891846,-0.5095627903938293,attack,no
928,1,1,0.9241418137109955,-0.4338255822658539,-2.9338254928588867,attack,yes
929,1,1,0.9740426473232578,-0.41616564989089966,-4.041165828704834,attack,yes
930,1,1,0.7057850402140659,-0.6598445773124695,-1.5348446369171143,attack,yes
931,1,0,0.14804719051380197,-2.009687662124634,-0.259687602519989,attack,no
932,1,1,0.5926665999540697,-1.1389509439468384,-1.5139509439468384,attack,yes
933,1,1,0.9669140244715405,-0.2908276617527008,-3.665827751159668,attack,yes
934,1,0,0.2942149597859341,-1.4049897193908691,-0.5299896597862244,attack,no
935,1,0,0.5,-0.8931629061698914,-0.8931629061698914,attack,no
936,1,1,0.9046505402422645,-0.41646164655685425,-2.666461706161499,attack,yes
937,1,1,0.9525741281688026,-0.40327879786491394,-3.4032788276672363,attack,yes
938,1,0,0.18242551491653522,-1.9854249954223633,-0.4854249358177185,attack,no
939,1,0,0.32082130082460697,-1.3703601360321045,-0.6203601360321045,attack,no
940,1,0,0.3775406828054583,-1.166496992111206,-0.6664970517158508,attack,no
941,1,1,0.5926665999540697,-0.7282551527023315,-1.1032551527023315,attack,yes
942,1,1,0.6513548511303336,-0.7282577157020569,-1.353257656097412,attack,yes
943,1,0,0.16451645470385742,-2.0206539630889893,-0.3956539034843445,attack,no
944,1,1,0.7310585669110203,-0.6867404580116272,-1.6867403984069824,attack,yes
945,1,0,0.37754066879814546,-1.1760367155075073,-0.6760367155075073,attack,no
946,1,0,0.06754669489377622,-2.9602913856506348,-0.33529144525527954,attack,no
947,1,0,0.029312233295254994,-3.697293996810913,-0.19729408621788025,attack,no
948,1,1,0.9525741227833249,-0.33340510725975037,-3.333405017852783,attack,yes
949,1,1,0.9046505376715775,-0.4164435565471649,-2.6664435863494873,attack,yes
950,1,1,0.9626731094431571,-0.24449047446250916,-3.494490385055542,attack,yes
951,1,1,0.9399133515091156,-0.29149410128593445,-3.041494131088257,attack,yes
952,1,1,0.8519528057272543,-0.4121660888195038,-2.162166118621826,attack,yes
953,1,1,0.9465966717067252,-0.30802223086357117,-3.1830222606658936,attack,yes
954,1,1,0.7981867825403176,-0.476552814245224,-1.8515528440475464,attack,yes
955,1,0,0.4378234991142019,-1.0441113710403442,-0.7941113710403442,attack,no
956,1,1,0.5926665999540697,-0.7284450531005859,-1.103445053100586,attack,yes
957,1,0,0.1066905911052601,-2.324601650238037,-0.19960162043571472,attack,no
958,1,1,0.5312093733737563,-0.9307334423065186,-1.0557334423065186,attack,yes
959,1,1,0.754914997895581,-0.5054394602775574,-1.6304395198822021,attack,yes
960,1,0,0.4073333856566001,-1.0543181896209717,-0.6793181300163269,attack,no
961,1,0,0.22270013366638422,-1.646896481513977,-0.39689645171165466,attack,no
962,1,1,0.7981867585368343,-0.6505571603775024,-2.025557041168213,attack,yes
963,1,1,0.6791787121629466,-0.9371060729026794,-1.6871061325073242,attack,yes
964,1,1,0.7549149868676283,-0.5058327913284302,-1.6308327913284302,attack,yes
965,1,1,0.8670357598021706,-0.5006463527679443,-2.3756463527679443,attack,yes
966,1,1,0.9241418137109955,-0.3688741624355316,-2.8688740730285645,attack,yes
967,1,1,0.8175744673038221,-0.5537877678871155,-2.0537877082824707,attack,yes
968,1,0,0.07585818628900447,-2.7818849086761475,-0.2818849980831146,attack,no
969,1,0,0.09534947004048376,-2.6436140537261963,-0.39361411333084106,attack,no
970,1,0,0.2689414213699951,-1.4939796924591064,-0.49397969245910645,attack,no
971,1,1,0.8670357735451834,-0.37220466136932373,-2.2472047805786133,attack,yes
972,1,1,0.5621765008857981,-0.9932578802108765,-1.2432578802108765,attack,yes
973,1,1,0.9579122756889438,-0.36401644349098206,-3.489016532897949,attack,yes
974,1,1,0.679178699175393,-0.6488703489303589,-1.3988703489303589,attack,yes
975,1,1,0.9465966702001757,-0.44608306884765625,-3.3210830688476562,attack,yes
976,1,1,0.8670357735451834,-0.49492108821868896,-2.3699212074279785,attack,yes
977,1,0,0.29421496597446145,-1.3331151008605957,-0.4581150710582733,attack,no
978,1,1,0.9669140254249554,-0.2393406629562378,-3.6143407821655273,attack,yes
979,1,0,0.40733341443526055,-1.2496685981750488,-0.8746686577796936,attack,no
980,1,1,0.939913354875362,-0.37996354699134827,-3.1299636363983154,attack,yes
981,1,1,0.880797068590724,-0.4116555154323578,-2.4116554260253906,attack,yes
982,1,0,0.1329642436335826,-2.3031890392303467,-0.42818906903266907,attack,no
983,1,1,0.9324533032291502,-0.35612449049949646,-2.9811244010925293,attack,yes
984,1,1,0.9241418199787566,-0.2816746234893799,-2.78167462348938,attack,yes
985,1,1,0.8519528170040853,-0.38903844356536865,-2.139038562774658,attack,yes
986,1,1,0.9706877692486436,-0.3159036636352539,-3.815903663635254,attack,yes
987,1,1,0.8175744761936437,-0.5482800006866455,-2.0482800006866455,attack,yes
988,1,1,0.9465966717067252,-0.2636568248271942,-3.1386568546295166,attack,yes
989,1,0,0.1066905854244781,-2.4162516593933105,-0.2912515699863434,attack,no
990,1,0,0.20181322226037882,-1.8143709897994995,-0.4393709897994995,attack,no
991,1,1,0.880797071719777,-0.3559325337409973,-2.3559324741363525,attack,yes
992,1,1,0.9399133464597458,-0.4188256859779358,-3.168825626373291,attack,yes
993,1,1,0.6791787121629466,-0.6552323698997498,-1.4052324295043945,attack,yes
994,1,1,0.9241418241572634,-0.3355955481529236,-2.8355956077575684,attack,yes
995,1,1,0.6513548646660542,-0.7024878263473511,-1.327487826347351,attack,yes
996,1,0,0.16451645470385742,-1.883854866027832,-0.25885480642318726,attack,no
997,1,1,0.8175744850834649,-0.44840139150619507,-1.9484014511108398,attack,yes
998,1,1,0.7057850278370112,-0.6192234754562378,-1.4942234754562378,attack,yes
999,1,0,0.4378234991142019,-0.9588802456855774,-0.7088802456855774,attack,no
1000,1,1,0.8519528170040853,-0.4729388952255249,-2.2229390144348145,attack,yes
1001,1,1,0.867035752930664,-0.3987885117530823,-2.2737884521484375,attack,yes
1002,1,0,0.46879064146934857,-1.0491161346435547,-0.9241161942481995,attack,no
1003,1,1,0.8354835289107309,-0.5334811806678772,-2.1584811210632324,attack,yes
1004,1,1,0.9399133464597458,-0.3164694905281067,-3.066469430923462,attack,yes
1005,1,0,0.4378235137849365,-1.0476133823394775,-0.7976134419441223,attack,no
1006,1,1,0.939913354875362,-0.29312458634376526,-3.0431246757507324,attack,yes
1007,1,0,0.037326887344129464,-3.6478207111358643,-0.39782071113586426,attack,no
1008,1,1,0.9046505299595163,-0.3883276581764221,-2.6383275985717773,attack,yes
1009,1,0,0.2689414213699951,-1.5635194778442383,-0.5635194778442383,attack,no
1010,1,1,0.6224593312018546,-0.9229897260665894,-1.4229897260665894,attack,yes
1011,1,1,0.9465966762263737,-0.41342246532440186,-3.2884225845336914,attack,yes
1012,1,0,0.22270014398423357,-1.734598159790039,-0.48459818959236145,attack,no
1013,1,0,0.46879062662624377,-0.8646107912063599,-0.7396107912063599,attack,no
1014,1,1,0.7057850278370112,-0.6188397407531738,-1.4938397407531738,attack,yes
1015,1,1,0.679178699175393,-0.6864868402481079,-1.436486840248108,attack,yes
1016,1,0,0.32082130082460697,-1.2704367637634277,-0.5204367637634277,attack,no
1017,1,1,0.5312093733737563,-0.7273114919662476,-0.8523114919662476,attack,yes
1018,1,0,0.08509904036636974,-2.642782688140869,-0.26778262853622437,attack,no
1019,1,0,0.24508502416032488,-1.6888995170593262,-0.563899576663971,attack,no
1020,1,1,0.9706877726405082,-0.3157848119735718,-3.8157849311828613,attack,yes
1021,1,1,0.9525741268224334,-0.36782073974609375,-3.3678207397460938,attack,yes
1022,1,1,0.9046505453836383,-0.44900596141815186,-2.6990060806274414,attack,yes
1023,1,1,0.9046505325302034,-0.49065640568733215,-2.7406563758850098,attack,yes
1024,1,1,0.8807970779778823,-0.4155256748199463,-2.4155256748199463,attack,yes
1025,1,1,0.679178699175393,-0.6294312477111816,-1.3794312477111816,attack,yes
1026,1,1,0.9149009480320036,-0.3463965356349945,-2.7213964462280273,attack,yes
1027,1,0,0.2942149597859341,-1.4771080017089844,-0.6021079421043396,attack,no
1028,1,0,0.053403333566198224,-3.0405519008636475,-0.16555197536945343,attack,no
1029,1,1,0.7772998611746911,-0.6445958614349365,-1.8945958614349365,attack,yes
1030,1,1,0.9706877692486436,-0.23509764671325684,-3.735097646713257,attack,yes
1031,1,1,0.8354835371034369,-0.6509392261505127,-2.2759392261505127,attack,yes
1032,1,0,0.10669059962643358,-2.4342684745788574,-0.3092685341835022,attack,no
1033,1,1,0.754914975839675,-0.4823954701423645,-1.6073954105377197,attack,yes
1034,1,0,0.46879062662624377,-1.1331303119659424,-1.0081303119659424,attack,no
1035,1,1,0.9149009596336303,-0.2929343581199646,-2.6679344177246094,attack,yes
1036,1,1,0.8933094145755219,-0.36820927262306213,-2.4932093620300293,attack,yes
1037,1,1,0.5926665855647394,-0.9129193425178528,-1.287919282913208,attack,yes
1038,1,0,0.20181323186177208,-1.8677971363067627,-0.49279719591140747,attack,no
1039,1,1,0.5312093733737563,-0.7766611576080322,-0.9016611576080322,attack,yes
1040,1,0,0.08509904848750824,-2.618037462234497,-0.24303750693798065,attack,no
1041,1,1,0.957912274487423,-0.2982770800590515,-3.4232771396636963,attack,yes
1042,1,0,0.0953494738965146,-2.4552717208862305,-0.20527182519435883,attack,no
1043,1,1,0.754914975839675,-0.6735022664070129,-1.7985022068023682,attack,yes
1044,1,1,0.9465966671870767,-0.31322818994522095,-3.188228130340576,attack,yes
1045,1,1,0.9324533088603709,-0.3879411220550537,-3.0129411220550537,attack,yes
1046,1,0,0.5,-0.783480167388916,-0.783480167388916,attack,no
1047,1,0,0.32082130082460697,-1.3987433910369873,-0.6487433910369873,attack,no
1048,1,1,0.9241418241572634,-0.30519169569015503,-2.8051917552948,attack,yes
1049,1,1,0.5621764862150634,-0.9639554619789124,-1.2139554023742676,attack,yes
1050,1,1,0.9465966671870767,-0.33988529443740845,-3.2148852348327637,attack,yes
1051,1,0,0.2942149597859341,-1.6598098278045654,-0.7848097681999207,attack,no
1052,1,1,0.9241418158002492,-0.2852173447608948,-2.78521728515625,attack,yes
1053,1,0,0.18242552380635632,-1.8709237575531006,-0.3709237575531006,attack,no
1054,1,1,0.679178699175393,-0.6871782541275024,-1.4371782541275024,attack,yes
1055,1,1,0.9324533144915912,-0.38806405663490295,-3.01306414604187,attack,yes
1056,1,0,0.1192029188930649,-2.3524889945983887,-0.3524889647960663,attack,no
1057,1,1,0.5312093733737563,-1.0573408603668213,-1.1823408603668213,attack,yes
1058,1,1,0.9399133447766225,-0.22579297423362732,-2.97579288482666,attack,yes
1059,1,1,0.7549149868676283,-0.5260987281799316,-1.6510987281799316,attack,yes
1060,1,1,0.6513548646660542,-0.7183419466018677,-1.3433419466018677,attack,yes
1061,1,1,0.9046505325302034,-0.3589003384113312,-2.608900308609009,attack,yes
1062,1,1,0.9399133481428692,-0.41854122281074524,-3.168541193008423,attack,yes
1063,1,1,0.9465966656805269,-0.26148471236228943,-3.1364846229553223,attack,yes
1064,1,0,0.34864513533394575,-1.3312556743621826,-0.7062556743621826,attack,no
1065,1,0,0.09534945461636171,-2.577617645263672,-0.3276175260543823,attack,no
1066,1,1,0.7310585786300049,-0.6229373216629028,-1.6229373216629028,attack,yes
1067,1,1,0.952574129515172,-0.27885979413986206,-3.278859853744507,attack,yes
1068,1,1,0.8670357701094303,-0.42834487557411194,-2.303344964981079,attack,yes
1069,1,1,0.6791787121629466,-0.8870438933372498,-1.6370439529418945,attack,yes
1070,1,0,0.08509904036636974,-2.6601197719573975,-0.2851197123527527,attack,no
1071,1,1,0.9525741241296944,-0.3676913380622864,-3.3676912784576416,attack,yes
1072,1,1,0.8933094060543487,-0.36791539192199707,-2.492915391921997,attack,yes
1073,1,1,0.679178699175393,-0.720241904258728,-1.470241904258728,attack,yes
1074,1,1,0.817574471748733,-0.40746787190437317,-1.9074678421020508,attack,yes
1075,1,0,0.4378234991142019,-0.9596218466758728,-0.7096218466758728,attack,no
1076,1,1,0.7981867777396212,-0.5791586637496948,-1.9541586637496948,attack,yes
1077,1,1,0.880797071719777,-0.41210633516311646,-2.4121062755584717,attack,yes
1078,1,1,0.7549149868676283,-0.5064542293548584,-1.6314542293548584,attack,yes
1079,1,1,0.8807970654616711,-0.332250714302063,-2.3322505950927734,attack,yes
1080,1,1,0.9669140235181256,-0.26305145025253296,-3.6380515098571777,attack,yes
1081,1,1,0.880797071719777,-0.4747043251991272,-2.4747042655944824,attack,yes
1082,1,1,0.8519528170040853,-0.3860372304916382,-2.1360373497009277,attack,yes
1083,1,1,0.9241418220680101,-0.4300636947154999,-2.9300637245178223,attack,yes
1084,1,1,0.9399133447766225,-0.29348739981651306,-3.043487310409546,attack,yes
1085,1,1,0.7057850402140659,-0.6501495242118835,-1.5251495838165283,attack,yes
1086,1,1,0.6224593312018546,-1.0960966348648071,-1.5960966348648071,attack,Yes
1087,1,1,0.8933094145755219,-0.3968762457370758,-2.521876335144043,attack,yes
1088,1,0,0.14804720179063335,-2.0229299068450928,-0.27292993664741516,attack,no
1089,1,1,0.9579122708828604,-0.2984922230243683,-3.423492193222046,attack,yes
1090,1,0,0.2689414330889798,-1.5146219730377197,-0.5146220326423645,attack,no
1091,1,1,0.9046505299595163,-0.45609837770462036,-2.7060983180999756,attack,yes
1092,1,0,0.37754066879814546,-1.3031470775604248,-0.8031470775604248,attack,no
1093,1,1,0.9525741322079105,-0.36977946758270264,-3.369779586791992,attack,yes
1094,1,1,0.893309411735131,-0.4609646201133728,-2.5859646797180176,attack,yes
1095,1,1,0.7310585669110203,-0.7367931008338928,-1.736793041229248,attack,yes
1096,1,0,0.1329642333263228,-2.229006767272949,-0.35400670766830444,attack,no
1097,1,1,0.6513548646660542,-0.7609105110168457,-1.3859105110168457,attack,yes
1098,1,1,0.9740426450627306,-0.28302326798439026,-3.9080233573913574,attack,yes
1099,1,1,0.8354835330070839,-0.4051959812641144,-2.030195951461792,attack,yes
1100,1,1,0.9465966656805269,-0.4464188516139984,-3.3214187622070312,attack,yes
1101,1,1,0.9399133464597458,-0.3797677159309387,-3.129767656326294,attack,yes
1102,1,1,0.9465966762263737,-0.2837761640548706,-3.15877628326416,attack,yes
1103,1,1,0.7772998611746911,-0.5096663236618042,-1.7596663236618042,attack,yes
1104,1,1,0.8807970654616711,-0.6108232736587524,-2.610823154449463,attack,yes
1105,1,1,0.6224593171945417,-0.7400467991828918,-1.240046739578247,attack,yes
1106,1,1,0.9046505402422645,-0.3073241114616394,-2.557324171066284,attack,yes
1107,1,0,0.22270014914315833,-1.7626492977142334,-0.5126493573188782,attack,no
1108,1,0,0.11920290950590741,-2.4073824882507324,-0.40738236904144287,attack,no
1109,1,1,0.9465966717067252,-0.4464711844921112,-3.3214712142944336,attack,yes
1110,1,1,0.5312093733737563,-0.7890241146087646,-0.9140241146087646,attack,yes
1111,1,0,0.16451645880021026,-2.1174533367156982,-0.49245330691337585,attack,no
1112,1,1,0.9579122684798184,-0.3938487470149994,-3.5188486576080322,attack,yes
1113,1,1,0.5621765008857981,-0.8200325965881348,-1.0700325965881348,attack,yes
1114,1,1,0.8519527944504226,-0.3436148762702942,-2.0936148166656494,attack,yes
1115,1,1,0.6224593171945417,-0.7926104664802551,-1.2926104068756104,attack,yes
1116,1,0,0.04742587721667508,-3.341535806655884,-0.34153589606285095,attack,no
1117,1,0,0.09534945718704857,-2.717445135116577,-0.46744504570961,attack,no
1118,1,1,0.8519527944504226,-0.4117603898048401,-2.1617603302001953,attack,yes
1119,1,1,0.9465966679403514,-0.23940448462963104,-3.1144044399261475,attack,yes
1120,1,1,0.880797068590724,-0.3505330979824066,-2.3505330085754395,attack,yes
1121,1,1,0.9241418241572634,-0.28714293241500854,-2.7871429920196533,attack,yes
1122,1,1,0.5312093733737563,-0.8431586027145386,-0.9681586027145386,attack,yes
1123,1,1,0.9046505428129514,-0.35515275597572327,-2.6051528453826904,attack,yes
1124,1,0,0.14804720179063335,-2.0426182746887207,-0.2926183044910431,attack,no
1125,1,1,0.7057850154599563,-0.5910995602607727,-1.466099500656128,attack,yes
1126,1,0,0.18242553269617778,-1.9305334091186523,-0.4305334687232971,attack,no
1127,1,1,0.8807970779778823,-0.5541307926177979,-2.554130792617798,attack,yes
1128,1,1,0.867035752930664,-0.4330459237098694,-2.3080458641052246,attack,yes
1129,1,1,0.9241418137109955,-0.3332882821559906,-2.8332881927490234,attack,yes
1130,1,1,0.7772998508568416,-0.4585493206977844,-1.7085492610931396,attack,yes
1131,1,1,0.679178699175393,-0.7481348514556885,-1.4981348514556885,attack,yes
1132,1,0,0.46879062662624377,-0.9834521412849426,-0.8584521412849426,attack,no
1133,1,1,0.7772998611746911,-0.7303446531295776,-1.9803446531295776,attack,yes
1134,1,1,0.9669140216112958,-0.26389479637145996,-3.63889479637146,attack,yes
1135,1,0,0.1824255415859996,-2.0176138877868652,-0.5176140069961548,attack,no
1136,1,1,0.8519528019683106,-0.594353437423706,-2.344353437423706,attack,yes
1137,1,1,0.9241418220680101,-0.36542531847953796,-2.8654253482818604,attack,yes
1138,1,1,0.7310585786300049,-0.5430148839950562,-1.5430148839950562,attack,yes
1139,1,0,0.34864513533394575,-1.1968830823898315,-0.5718830823898315,attack,no
1140,1,1,0.9324533088603709,-0.42413878440856934,-3.0491387844085693,attack,yes
1141,1,1,0.9149009480320036,-0.44087037444114685,-2.8158702850341797,attack,yes
1142,1,1,0.9324533032291502,-0.32511743903160095,-2.950117349624634,attack,yes
1143,1,0,0.3486451217982255,-1.276839256286621,-0.6518391966819763,attack,no
1144,1,0,0.06754668363133542,-2.888874053955078,-0.2638739347457886,attack,no
1145,1,1,0.9465966732132748,-0.3423287272453308,-3.2173287868499756,attack,yes
1146,1,1,0.8933094145755219,-0.39517393708229065,-2.520174026489258,attack,yes
1147,1,1,0.9525741214369554,-0.25611412525177,-3.2561140060424805,attack,yes
1148,1,1,0.9525741268224334,-0.3356151580810547,-3.3356151580810547,attack,yes
1149,1,1,0.9706877709445761,-0.3842548727989197,-3.8842549324035645,attack,yes
1150,1,1,0.9840936096877062,-0.3339046537876129,-4.45890474319458,attack,yes
1151,1,0,0.014063624770457132,-4.47172737121582,-0.22172720730304718,attack,no
1152,1,1,0.9324533126145177,-0.3564445376396179,-2.9814445972442627,attack,yes
1153,1,1,0.8933094174159129,-0.36563193798065186,-2.4906320571899414,attack,yes
1154,1,0,0.5,-1.0018281936645508,-1.0018281936645508,attack,no
1155,1,0,0.2689414213699951,-1.5145263671875,-0.5145263671875,attack,no
1156,1,1,0.6224593312018546,-0.8288302421569824,-1.3288302421569824,attack,yes
1157,1,1,0.8670357598021706,-0.49517297744750977,-2.3701729774475098,attack,yes
1158,1,0,0.4073334000459302,-1.2139290571212769,-0.8389290571212769,attack,no
1159,1,0,0.2689414096510108,-1.6238441467285156,-0.6238440871238708,attack,no
1160,1,1,0.6224593312018546,-0.771453857421875,-1.271453857421875,attack,yes
1161,1,1,0.817574471748733,-0.3857075273990631,-1.8857074975967407,attack,yes
1162,1,1,0.9626731126558706,-0.39002275466918945,-3.6400227546691895,attack,yes
1163,1,1,0.9669140206578809,-0.3203718960285187,-3.6953718662261963,attack,yes
1164,1,1,0.924141817889503,-0.43353989720344543,-2.933539867401123,attack,yes
1165,1,1,0.893309411735131,-0.43362635374069214,-2.558626413345337,attack,yes
1166,1,1,0.5312093733737563,-0.8053598999977112,-0.9303598999977112,attack,yes
1167,1,1,0.8519528019683106,-0.41216325759887695,-2.162163257598877,attack,yes
1168,1,1,0.9465966702001757,-0.3108830451965332,-3.185883045196533,attack,yes
1169,1,1,0.7549149868676283,-0.7396985292434692,-1.8646985292434692,attack,yes
1170,1,1,0.679178699175393,-0.7679475545883179,-1.5179475545883179,attack,yes
1171,1,1,0.6224593312018546,-0.7808564901351929,-1.2808564901351929,attack,yes
1172,1,1,0.9626731169394882,-0.32560431957244873,-3.5756044387817383,attack,yes
1173,1,1,0.679178699175393,-0.8402271270751953,-1.5902271270751953,attack,yes
1174,1,0,0.16451646699291617,-1.971901297569275,-0.3469013273715973,attack,no
1175,1,1,0.9626731126558706,-0.3271610736846924,-3.5771610736846924,attack,yes
1176,1,1,0.9465966702001757,-0.4519684314727783,-3.3269684314727783,attack,yes
1177,1,1,0.9241418220680101,-0.36540505290031433,-2.8654050827026367,attack,yes
1178,1,1,0.9241418262465169,-0.39224424958229065,-2.892244338989258,attack,yes
1179,1,1,0.9241418137109955,-0.3658390939235687,-2.8658390045166016,attack,yes
1180,1,1,0.5621765008857981,-0.9381488561630249,-1.188148856163025,attack,yes
1181,1,1,0.9465966717067252,-0.31278368830680847,-3.187783718109131,attack,yes
1182,1,0,0.02033235067131973,-4.000288009643555,-0.12528787553310394,attack,no
1183,1,1,0.8354835371034369,-0.4363558292388916,-2.0613558292388916,attack,yes
1184,1,1,0.8354835411997897,-0.46490976214408875,-2.089909791946411,attack,yes
1185,1,1,0.7057850402140659,-0.7416378855705261,-1.616637945175171,attack,yes
1186,1,0,0.29421497216298875,-1.3704171180725098,-0.49541711807250977,attack,no
1187,1,1,0.914900945711678,-0.44524872303009033,-2.820248603820801,attack,yes
1188,1,0,0.37754066879814546,-1.3221722841262817,-0.8221722841262817,attack,no
1189,1,0,0.0953494648991095,-2.5268056392669678,-0.2768056392669678,attack,no
1190,1,1,0.966914019704466,-0.3528614640235901,-3.7278614044189453,attack,yes
1191,1,0,0.0534033328129234,-3.1970114707946777,-0.3220115303993225,attack,no
1192,1,1,0.8175744806385543,-0.4088232219219208,-1.9088232517242432,attack,yes
1193,1,1,0.9324533051062237,-0.465705931186676,-3.0907058715820312,attack,yes
1194,1,1,0.8175744806385543,-0.4576689898967743,-1.9576690196990967,attack,yes
1195,1,1,0.8175744584140004,-0.6652904748916626,-2.165290355682373,attack,yes
1196,1,1,0.9579122696813394,-0.36545997858047485,-3.49045991897583,attack,yes
1197,1,0,0.04742587250438209,-3.185492515563965,-0.18549250066280365,attack,no
1198,1,1,0.8670357598021706,-0.36918044090270996,-2.24418044090271,attack,yes
1199,1,0,0.07585818524437762,-2.7344720363616943,-0.2344721108675003,attack,no
1200,1,1,0.9241418220680101,-0.39791175723075867,-2.897911787033081,attack,yes
1201,1,0,0.07585818419975078,-2.795793056488037,-0.2957931160926819,attack,no
1202,1,0,0.13296423676207594,-2.264957904815674,-0.38995787501335144,attack,no
1203,1,1,0.6513548646660542,-0.6890902519226074,-1.3140902519226074,attack,yes
1204,1,0,0.4378235137849365,-1.1015548706054688,-0.8515549302101135,attack,no
1205,1,1,0.8933094145755219,-0.34124746918678284,-2.46624755859375,attack,yes
1206,1,1,0.970687766704745,-0.42519673705101013,-3.925196647644043,attack,yes
1207,1,1,0.9465966762263737,-0.6410568952560425,-3.516057014465332,attack,yes
1208,1,1,0.6224593171945417,-0.6281662583351135,-1.1281661987304688,attack,yes
1209,1,1,0.880797071719777,-0.3861845135688782,-2.3861844539642334,attack,yes
1210,1,1,0.8807970904940926,-0.38288629055023193,-2.3828864097595215,attack,yes
1211,1,1,0.9525741301883566,-0.21169917285442352,-3.2116992473602295,attack,yes
1212,1,1,0.8354835411997897,-0.3636631667613983,-1.9886631965637207,attack,yes
1213,1,1,0.5312093733737563,-0.8268253803253174,-0.9518253803253174,attack,yes
1214,1,1,0.9324533032291502,-0.2999514043331146,-2.9249513149261475,attack,yes
1215,1,0,0.4378234991142019,-0.914259672164917,-0.664259672164917,attack,no
1216,1,1,0.974042642048694,-0.3461962044239044,-3.971196174621582,attack,yes
1217,1,1,0.8807970748488297,-0.33191922307014465,-2.3319191932678223,attack,yes
1218,1,1,0.9149009480320036,-0.34656986594200134,-2.721569776535034,attack,yes
1219,1,1,0.9465966671870767,-0.4489029049873352,-3.3239028453826904,attack,yes
1220,1,1,0.9149009596336303,-0.4047221541404724,-2.779722213745117,attack,yes
1221,1,1,0.5312093733737563,-0.9430406093597412,-1.0680406093597412,attack,yes
1222,1,1,0.8175744806385543,-0.4539506137371063,-1.9539506435394287,attack,yes
1223,1,1,0.8354835330070839,-0.3607536852359772,-1.9857536554336548,attack,yes
1224,1,1,0.9525741281688026,-0.4035956561565399,-3.4035956859588623,attack,yes
1225,1,1,0.9706877675527112,-0.4666946530342102,-3.9666945934295654,attack,yes
1226,1,1,0.966914019704466,-0.3222082257270813,-3.6972081661224365,attack,yes
1227,1,0,0.07585818628900447,-2.8225045204162598,-0.32250460982322693,attack,no
1228,1,0,0.32082130082460697,-1.2775065898895264,-0.5275065898895264,attack,no
1229,1,1,0.8354835207180245,-0.5647670030593872,-2.1897668838500977,attack,yes
1230,1,1,0.9399133481428692,-0.41515353322029114,-3.1651535034179688,attack,yes
1231,1,1,0.9525741268224334,-0.28035759925842285,-3.280357599258423,attack,yes
1232,1,0,0.13296424535145931,-2.1190145015716553,-0.24401454627513885,attack,no
1233,1,1,0.9669140206578809,-0.2173941433429718,-3.5923941135406494,attack,yes
1234,1,1,0.9579122708828604,-0.36147478222846985,-3.4864747524261475,attack,yes
1235,1,1,0.8807970748488297,-0.40761974453926086,-2.4076197147369385,attack,yes
1236,1,1,0.9241418241572634,-0.4721068739891052,-2.97210693359375,attack,yes
1237,1,1,0.914900957313305,-0.4377388656139374,-2.8127388954162598,attack,yes
1238,1,1,0.9324533126145177,-0.5929216742515564,-3.217921733856201,attack,yes
1239,1,1,0.6513548646660542,-0.6151938438415527,-1.2401938438415527,attack,yes
1240,1,1,0.5621764862150634,-0.8584972023963928,-1.108497142791748,attack,yes
1241,1,0,0.18242552825126704,-1.9647529125213623,-0.4647529423236847,attack,no
1242,1,0,0.24508501313237172,-1.6717991828918457,-0.5467991828918457,attack,no
1243,1,0,0.0534033328129234,-3.08249568939209,-0.20749574899673462,attack,no
1244,1,0,0.4073334000459302,-1.1036401987075806,-0.7286401987075806,attack,no
1245,1,1,0.7057850402140659,-0.619595468044281,-1.4945955276489258,attack,yes
1246,1,0,0.0850990357257195,-2.6270909309387207,-0.25209081172943115,attack,no
1247,1,1,0.5312093882168609,-0.9237250685691833,-1.0487251281738281,attack,yes
1248,1,1,0.851952809486198,-0.5466124415397644,-2.296612501144409,attack,yes
1249,1,1,0.7981867873410141,-0.42278140783309937,-1.7977814674377441,attack,yes
1250,1,0,0.022977370913592487,-3.8792288303375244,-0.129228875041008,attack,no
1251,1,1,0.5621765008857981,-0.8286844491958618,-1.0786844491958618,attack,yes
1252,1,0,0.37754066879814546,-1.1365773677825928,-0.6365773677825928,attack,no
1253,1,1,0.9241418262465169,-0.33414211869239807,-2.8341422080993652,attack,yes
1254,1,1,0.9399133481428692,-0.2691796123981476,-3.019179582595825,attack,yes
1255,1,1,0.8933094003735664,-0.31789594888687134,-2.4428958892822266,attack,yes
1256,1,1,0.5621765008857981,-0.8291505575180054,-1.0791505575180054,attack,yes
1257,1,1,0.9770226341042414,-0.25208359956741333,-4.002083778381348,attack,yes
1258,1,0,0.2689414213699951,-1.3808183670043945,-0.38081836700439453,attack,no
1259,1,1,0.9399133464597458,-0.456898033618927,-3.2068979740142822,attack,yes
1260,1,0,0.4378234991142019,-1.1148589849472046,-0.8648589849472046,attack,no
1261,1,1,0.7772998663336157,-0.4492274224758148,-1.6992274522781372,attack,yes
1262,1,1,0.9525741268224334,-0.44208860397338867,-3.4420886039733887,attack,yes
1263,1,0,0.22270013882530884,-1.7621737718582153,-0.5121737718582153,attack,no
1264,1,1,0.7981867873410141,-0.4820689558982849,-1.8570690155029297,attack,yes
1265,1,1,0.5312093733737563,-0.8950655460357666,-1.0200655460357666,attack,yes
1266,1,0,0.3208213138121609,-1.268627643585205,-0.5186277031898499,attack,no
1267,1,0,0.5,-0.8531972765922546,-0.8531972765922546,attack,no
1268,1,1,0.9579122768904644,-0.2982858419418335,-3.423285961151123,attack,yes
1269,1,0,0.03308597743528921,-3.730604648590088,-0.3556046187877655,attack,no
1270,1,0,0.4378235137849365,-1.0034379959106445,-0.7534380555152893,attack,no
1271,1,1,0.8807970748488297,-0.4123685657978058,-2.4123685359954834,attack,yes
1272,1,1,0.9465966717067252,-0.37092944979667664,-3.245929479598999,attack,yes
1273,1,0,0.18242553269617778,-1.8350703716278076,-0.3350704312324524,attack,no
1274,1,0,0.5,-0.8463590741157532,-0.8463590741157532,attack,no
1275,1,0,0.06008665017400762,-3.0044429302215576,-0.2544429302215576,attack,no
1276,1,1,0.9706877726405082,-0.5105093717575073,-4.010509490966797,attack,yes
1277,1,0,0.2689414272294874,-1.427106499671936,-0.4271065294742584,attack,no
1278,1,1,0.8519528170040853,-0.44590938091278076,-2.1959095001220703,attack,yes
1279,1,1,0.970687766704745,-0.3471873700618744,-3.8471872806549072,attack,yes
1280,1,1,0.9579122696813394,-0.36213594675064087,-3.487135887145996,attack,yes
1281,1,1,0.8354835330070839,-0.41033676266670227,-2.03533673286438,attack,yes
1282,1,1,0.5621765008857981,-1.003218650817871,-1.253218650817871,attack,yes
1283,1,0,0.08509904500702024,-2.7086658477783203,-0.3336658477783203,attack,no
1284,1,0,0.16451646699291617,-1.9591490030288696,-0.334149032831192,attack,no
1285,1,1,0.914900950352329,-0.4830682873725891,-2.8580682277679443,attack,yes
1286,1,1,0.8354835289107309,-0.40491634607315063,-2.029916286468506,attack,yes
1287,1,1,0.9465966717067252,-0.3402402102947235,-3.215240240097046,attack,yes
1288,1,1,0.7772998611746911,-0.6360975503921509,-1.8860975503921509,attack,yes
1289,1,1,0.8354835207180245,-0.4366947412490845,-2.061694622039795,attack,yes
1290,1,0,0.10669059962643358,-2.4012398719787598,-0.27623993158340454,attack,no
1291,1,1,0.7772998663336157,-0.424719899892807,-1.6747199296951294,attack,yes
1292,1,1,0.9626731115849659,-0.3229401409626007,-3.5729401111602783,attack,yes
1293,1,1,0.914900950352329,-0.29572445154190063,-2.670724391937256,attack,yes
1294,1,1,0.8175744761936437,-0.6717817783355713,-2.1717817783355713,attack,yes
1295,1,1,0.9525741322079105,-0.5305184125900269,-3.5305185317993164,attack,yes
1296,1,1,0.939913356558485,-0.31990087032318115,-3.0699009895324707,attack,yes
1297,1,1,0.7772998611746911,-0.520160436630249,-1.770160436630249,attack,yes
1298,1,1,0.7549149868676283,-0.5537583827972412,-1.6787583827972412,attack,yes
1299,1,0,0.09534945975773548,-2.7212588787078857,-0.47125881910324097,attack,no
1300,1,0,0.07585817793199003,-2.6799798011779785,-0.17997977137565613,attack,no
1301,1,1,0.957912274487423,-0.301358163356781,-3.426358222961426,attack,yes
1302,1,1,0.9706877692486436,-0.28783130645751953,-3.7878313064575195,attack,yes
1303,1,1,0.9465966747198243,-0.31225648522377014,-3.1872565746307373,attack,yes
1304,1,1,0.8175744850834649,-0.5200023055076599,-2.0200023651123047,attack,yes
1305,1,0,0.18242551491653522,-1.8316338062286377,-0.3316337466239929,attack,no
1306,1,0,0.2942149597859341,-1.3334615230560303,-0.4584614634513855,attack,no
1307,1,1,0.5312093733737563,-0.8501510620117188,-0.9751510620117188,attack,yes
1308,1,0,0.1480472055495773,-2.1884448528289795,-0.43844491243362427,attack,no
1309,1,1,0.8175744761936437,-0.3451043367385864,-1.8451043367385864,attack,yes
1310,1,0,0.3486451217982255,-1.1881725788116455,-0.5631725192070007,attack,no
1311,1,1,0.9525741268224334,-0.3351302146911621,-3.335130214691162,attack,yes
1312,1,0,0.22270013882530884,-1.791945457458496,-0.5419454574584961,attack,no
1313,1,1,0.9324533088603709,-0.6036927700042725,-3.2286927700042725,attack,yes
1314,1,1,0.9149009526726544,-0.3732130825519562,-2.748213052749634,attack,yes
1315,1,0,0.22270013882530884,-1.6969196796417236,-0.44691967964172363,attack,no
1316,1,1,0.9241418199787566,-0.4332284927368164,-2.9332284927368164,attack,yes
1317,1,1,0.9046505453836383,-0.38474929332733154,-2.634749412536621,attack,yes
1318,1,0,0.37754066879814546,-1.1033904552459717,-0.6033904552459717,attack,no
1319,1,1,0.8670357598021706,-0.3484957218170166,-2.2234957218170166,attack,yes
1320,1,0,0.29421497216298875,-1.3799413442611694,-0.5049413442611694,attack,no
1321,1,1,0.9241418262465169,-0.3072616159915924,-2.8072617053985596,attack,yes
1322,1,1,0.8519527906914787,-0.4448166787624359,-2.1948165893554688,attack,yes
1323,1,1,0.8807970654616711,-0.5177689790725708,-2.5177688598632812,attack,yes
1324,1,1,0.9241418158002492,-0.28745847940444946,-2.7874584197998047,attack,yes
1325,1,0,0.04742586913845881,-3.3134071826934814,-0.3134070932865143,attack,no
1326,1,1,0.9149009526726544,-0.29264357686042786,-2.6676435470581055,attack,yes
1327,1,1,0.8807970842359877,-0.5183445811271667,-2.5183446407318115,attack,yes
1328,1,1,0.9046505453836383,-0.5323737859725952,-2.7823739051818848,attack,yes
1329,1,1,0.9046505351008906,-0.3077549934387207,-2.5577549934387207,attack,yes
1330,1,1,0.9324533051062237,-0.462036669254303,-3.087036609649658,attack,yes
1331,1,1,0.851952809486198,-0.4828261733055115,-2.2328262329101562,attack,yes
1332,1,0,0.4073334000459302,-1.1271300315856934,-0.7521300315856934,attack,no
1333,1,0,0.01243165304850344,-4.504568576812744,-0.12956875562667847,attack,no
1334,1,1,0.6224593312018546,-0.9086250066757202,-1.4086250066757202,attack,yes
1335,1,1,0.9149009619539553,-0.37603846192359924,-2.7510385513305664,attack,yes
1336,1,1,0.8807970779778823,-0.37956953048706055,-2.3795695304870605,attack,yes
1337,1,0,0.08509904500702024,-2.660689115524292,-0.285689115524292,attack,no
1338,1,0,0.46879062662624377,-0.9712732434272766,-0.8462732434272766,attack,no
1339,1,1,0.6224593312018546,-0.8288503885269165,-1.3288503885269165,attack,yes
1340,1,1,0.8807970842359877,-0.4785849452018738,-2.4785850048065186,attack,yes
1341,1,1,0.5926665999540697,-0.8174934387207031,-1.1924934387207031,attack,yes
1342,1,1,0.7057850154599563,-0.6918085217475891,-1.5668084621429443,attack,yes
1343,1,1,0.9324533088603709,-0.3589465618133545,-2.9839465618133545,attack,yes
1344,1,1,0.9399133515091156,-0.34981414675712585,-3.0998141765594482,attack,yes
1345,1,0,0.022977371248114782,-3.940763473510742,-0.19076353311538696,attack,no
1346,1,1,0.9465966717067252,-0.28545042872428894,-3.1604504585266113,attack,yes
1347,1,0,0.46879062662624377,-0.9383016228675842,-0.8133016228675842,attack,no
1348,1,0,0.32082130082460697,-1.269347071647644,-0.519347071647644,attack,no
1349,1,1,0.9046505299595163,-0.2854321599006653,-2.5354321002960205,attack,yes
1350,1,1,0.817574471748733,-0.40733233094215393,-1.9073323011398315,attack,yes
1351,1,0,0.04742587317756679,-3.313114881515503,-0.31311488151550293,attack,no
1352,1,1,0.9465966686936261,-0.37232664227485657,-3.247326612472534,attack,yes
1353,1,0,0.13296424019782924,-2.3895580768585205,-0.5145580768585205,attack,no
1354,1,1,0.7772998714925403,-0.6361927390098572,-1.886192798614502,attack,yes
1355,1,0,0.0850990519679964,-2.5185108184814453,-0.14351090788841248,attack,no
1356,1,0,0.060086648490884395,-3.1477224826812744,-0.397722452878952,attack,no
1357,1,1,0.7772998611746911,-0.5975310802459717,-1.8475310802459717,attack,yes
1358,1,1,0.7981867873410141,-0.47142690420150757,-1.8464269638061523,attack,yes
1359,1,1,0.6791787121629466,-0.656263530254364,-1.4062635898590088,attack,yes
1360,1,1,0.9399133481428692,-0.495623379945755,-3.2456233501434326,attack,yes
1361,1,0,0.1824255415859996,-2.026963710784912,-0.5269638299942017,attack,no
1362,1,0,0.3208213138121609,-1.368626356124878,-0.6186264157295227,attack,no
1363,1,1,0.5312093733737563,-0.8264081478118896,-0.9514081478118896,attack,yes
1364,1,1,0.7057850278370112,-0.5988941192626953,-1.4738941192626953,attack,yes
1365,1,1,0.9149009549929797,-0.478513240814209,-2.853513240814209,attack,yes
1366,1,1,0.977022625406662,-0.2797357738018036,-4.029735565185547,attack,yes
1367,1,1,0.8933094003735664,-0.3969312310218811,-2.5219311714172363,attack,yes
1368,1,1,0.9046505248181417,-0.42005693912506104,-2.6700568199157715,attack,yes
1369,1,1,0.9579122732859019,-0.43619152903556824,-3.5611915588378906,attack,yes
1370,1,0,0.26894141551050293,-1.4941049814224243,-0.49410495162010193,attack,no
1371,1,0,0.06008665522337757,-2.911940336227417,-0.16194042563438416,attack,no
1372,1,1,0.9324533032291502,-0.35868868231773376,-2.9836885929107666,attack,yes
1373,1,1,0.9669140254249554,-0.26678645610809326,-3.641786575317383,attack,yes
1374,1,1,0.867035752930664,-0.45976144075393677,-2.334761381149292,attack,yes
1375,1,1,0.914900957313305,-0.3463861644268036,-2.721386194229126,attack,yes
1376,1,1,0.5621765155565327,-0.9245108962059021,-1.1745109558105469,attack,yes
1377,1,1,0.7772998508568416,-0.8213501572608948,-2.07135009765625,attack,yes
1378,1,1,0.9626731158685837,-0.2420612871646881,-3.4920613765716553,attack,yes
1379,1,1,0.6224593171945417,-0.654295027256012,-1.1542949676513672,attack,yes
1380,1,1,0.9525741281688026,-0.30571243166923523,-3.3057124614715576,attack,yes
1381,1,1,0.9241418199787566,-0.260988712310791,-2.760988712310791,attack,yes
1382,1,0,0.015906393811096483,-4.288706302642822,-0.163706436753273,attack,no
1383,1,0,0.16451645880021026,-1.8960546255111694,-0.27105459570884705,attack,no
1384,1,1,0.7310585669110203,-0.5790045857429504,-1.5790045261383057,attack,yes
1385,1,1,0.9324533069832973,-0.2959780991077423,-2.92097806930542,attack,yes
1386,1,1,0.9324533032291502,-0.35612449049949646,-2.9811244010925293,attack,yes
1387,1,1,0.880797081106935,-0.4790036380290985,-2.479003667831421,attack,yes
1388,1,1,0.9525741227833249,-0.36578020453453064,-3.3657801151275635,attack,yes
1389,1,1,0.9525741241296944,-0.3072813153266907,-3.307281255722046,attack,yes
1390,1,1,0.9525741281688026,-0.33356115221977234,-3.3335611820220947,attack,yes
1391,1,1,0.8175744673038221,-0.487293541431427,-1.9872934818267822,attack,yes
1392,1,1,0.798186768138228,-0.40561991930007935,-1.7806198596954346,attack,yes
1393,1,1,0.9324533107374443,-0.4661118686199188,-3.091111898422241,attack,yes
1394,1,1,0.9046505402422645,-0.3580910563468933,-2.608091115951538,attack,yes
1395,1,1,0.8933094060543487,-0.341876745223999,-2.466876745223999,attack,yes
1396,1,1,0.7310585786300049,-0.7178527116775513,-1.7178527116775513,attack,yes
1397,1,1,0.6224593312018546,-0.8188337087631226,-1.3188337087631226,attack,yes
1398,1,1,0.8933093946927838,-0.55604088306427,-2.6810407638549805,attack,yes
1399,1,1,0.5621765155565327,-0.7580353617668152,-1.00803542137146,attack,yes
1400,1,0,0.3775406828054583,-1.238318681716919,-0.7383187413215637,attack,no
1401,1,1,0.952574129515172,-0.36760228872299194,-3.3676023483276367,attack,yes
1402,1,1,0.9241418220680101,-0.31156131625175476,-2.811561346054077,attack,yes
1403,1,1,0.939913350667554,-0.2454824298620224,-2.9954824447631836,attack,yes
1404,1,0,0.053403329046549465,-3.0828349590301514,-0.20783494412899017,attack,no
1405,1,1,0.9399133531922388,-0.38228553533554077,-3.1322855949401855,attack,yes
1406,1,1,0.9669140235181256,-0.38831180334091187,-3.7633118629455566,attack,yes
1407,1,1,0.9241418241572634,-0.4306294322013855,-2.9306294918060303,attack,yes
1408,1,1,0.851952809486198,-0.47781485319137573,-2.2278149127960205,attack,yes
1409,1,0,0.10669060530721626,-2.6974120140075684,-0.5724121332168579,attack,no
1410,1,0,0.24508500761839525,-1.473781943321228,-0.34878191351890564,attack,no
1411,1,1,0.9579122732859019,-0.22788473963737488,-3.3528847694396973,attack,yes
1412,1,0,0.02931222799546632,-3.580479383468628,-0.08047928661108017,attack,no
1413,1,1,0.914900957313305,-0.3469075858592987,-2.721907615661621,attack,yes
1414,1,0,0.08509904268669496,-2.663421869277954,-0.2884218394756317,attack,no
1415,1,1,0.679178699175393,-0.6491364240646362,-1.3991364240646362,attack,yes
1416,1,1,0.9525741281688026,-0.44211122393608093,-3.4421112537384033,attack,yes
1417,1,1,0.9626731147976793,-0.26775306463241577,-3.5177531242370605,attack,yes
1418,1,1,0.9626731158685837,-0.22224679589271545,-3.4722468852996826,attack,yes
1419,1,1,0.9046505453836383,-0.4199608564376831,-2.6699609756469727,attack,yes
1420,1,1,0.9399133531922388,-0.6480655074119568,-3.3980655670166016,attack,yes
1421,1,1,0.9626731147976793,-0.3221730589866638,-3.5721731185913086,attack,yes
1422,1,1,0.851952809486198,-0.3902532458305359,-2.1402533054351807,attack,yes
1423,1,1,0.8175744673038221,-0.4527598023414612,-1.9527597427368164,attack,yes
1424,1,1,0.9046505351008906,-0.30423712730407715,-2.554237127304077,attack,yes
1425,1,1,0.7981867873410141,-0.5719191431999207,-1.9469192028045654,attack,yes
1426,1,0,0.32082130082460697,-1.3709965944290161,-0.6209965944290161,attack,no
1427,1,0,0.1192029188930649,-2.3688271045684814,-0.36882707476615906,attack,no
1428,1,1,0.9465966641739773,-0.26150381565093994,-3.1365036964416504,attack,yes
1429,1,1,0.8175744673038221,-0.5196462273597717,-2.019646167755127,attack,yes
1430,1,1,0.939913356558485,-0.29115426540374756,-3.041154384613037,attack,yes
1431,1,1,0.8354835371034369,-0.7076060771942139,-2.332606077194214,attack,yes
1432,1,1,0.9399133464597458,-0.37975627183914185,-3.129756212234497,attack,yes
1433,1,0,0.1645164628965632,-1.9663457870483398,-0.34134578704833984,attack,no
1434,1,1,0.8670357563664174,-0.3473997414112091,-2.2223997116088867,attack,yes
1435,1,1,0.5621765008857981,-0.8295704126358032,-1.0795704126358032,attack,yes
1436,1,1,0.9465966686936261,-0.2613544762134552,-3.136354446411133,attack,yes
1437,1,1,0.9579122768904644,-0.29980742931365967,-3.424807548522949,attack,yes
1438,1,1,0.5621765008857981,-0.7881112098693848,-1.0381112098693848,attack,yes
1439,1,1,0.9525741308615412,-0.27848735451698303,-3.27848744392395,attack,yes
1440,1,1,0.9626731169394882,-0.47508037090301514,-3.7250804901123047,attack,yes
1441,1,0,0.2689414272294874,-1.4821338653564453,-0.4821338951587677,attack,no
1442,1,0,0.29421497216298875,-1.441354751586914,-0.5663547515869141,attack,no
1443,1,0,0.1480472055495773,-2.1180834770202637,-0.36808353662490845,attack,no
1444,1,0,0.18242551491653522,-1.9201135635375977,-0.4201135039329529,attack,no
1445,1,1,0.8807970779778823,-0.3595004081726074,-2.3595004081726074,attack,yes
1446,1,1,0.9046505248181417,-0.3072434663772583,-2.5572433471679688,attack,yes
1447,1,1,0.966914017797636,-0.3530179262161255,-3.728017807006836,attack,yes
1448,1,0,0.18242552380635632,-2.0633885860443115,-0.5633885860443115,attack,no
1449,1,1,0.5312093733737563,-1.0732237100601196,-1.1982237100601196,attack,yes
1450,1,1,0.9324533013520764,-0.6040645837783813,-3.229064464569092,attack,yes
1451,1,0,0.16451647108926923,-2.0317916870117188,-0.4067917466163635,attack,no
1452,1,0,0.11920292202211755,-2.668836832046509,-0.6688368320465088,attack,no
1453,1,1,0.7549149813536518,-0.4955202639102936,-1.6205202341079712,attack,yes
1454,1,1,0.8670357494949105,-0.4327877461910248,-2.3077876567840576,attack,yes
1455,1,1,0.8519527944504226,-0.472473680973053,-2.222473621368408,attack,yes
1456,1,1,0.6513548646660542,-0.6896873712539673,-1.3146873712539673,attack,yes
1457,1,1,0.5621765008857981,-0.7956265211105347,-1.0456265211105347,attack,yes
1458,1,1,0.5926666143433998,-0.9035093188285828,-1.2785093784332275,attack,yes
1459,1,0,0.0850990542883219,-2.768110752105713,-0.39311087131500244,attack,no
1460,1,0,0.3208213138121609,-1.2628016471862793,-0.5128017067909241,attack,no
1461,1,0,0.18242552825126704,-1.9314979314804077,-0.4314979612827301,attack,no
1462,1,1,0.7772998714925403,-0.7698048949241638,-2.0198049545288086,attack,yes
1463,1,1,0.7981867777396212,-0.48192083835601807,-1.856920838356018,attack,yes
1464,1,1,0.9241418220680101,-0.30914542078971863,-2.809145450592041,attack,yes
1465,1,1,0.9046505402422645,-0.4167312979698181,-2.666731357574463,attack,yes
1466,1,1,0.8519528019683106,-0.5072557926177979,-2.257255792617798,attack,yes
1467,1,1,0.6513548646660542,-0.6970572471618652,-1.3220572471618652,attack,yes
1468,1,1,0.7981867777396212,-0.5109615325927734,-1.8859615325927734,attack,yes
1469,1,1,0.9465966671870767,-0.2619948983192444,-3.1369948387145996,attack,yes
1470,1,1,0.9399133481428692,-0.37761572003364563,-3.1276156902313232,attack,yes
1471,1,1,0.9579122684798184,-0.4783364236354828,-3.6033363342285156,attack,yes
1472,1,1,0.5926665999540697,-0.7453752756118774,-1.1203752756118774,attack,yes
1473,1,1,0.9626731158685837,-0.24316921830177307,-3.4931693077087402,attack,yes
1474,1,1,0.8519527906914787,-0.3853503167629242,-2.135350227355957,attack,yes
1475,1,1,0.8175744673038221,-0.4816194176673889,-1.9816193580627441,attack,yes
1476,1,1,0.9465966686936261,-0.4467344582080841,-3.3217344284057617,attack,yes
1477,1,0,0.04742586913845881,-3.4128401279449463,-0.4128400385379791,attack,no
1478,1,0,0.4378234991142019,-1.0337913036346436,-0.7837913036346436,attack,no
1479,1,1,0.6513548511303336,-0.6621430516242981,-1.2871429920196533,attack,yes
1480,1,0,0.3486451488696663,-1.4341411590576172,-0.809141218662262,attack,no
1481,1,1,0.9046505299595163,-0.3581400513648987,-2.608139991760254,attack,yes
1482,1,1,0.966914019704466,-0.3868792653083801,-3.7618792057037354,attack,yes
1483,1,1,0.9046505299595163,-0.35850054025650024,-2.6085004806518555,attack,yes
1484,1,1,0.851952809486198,-0.3891746401786804,-2.139174699783325,attack,yes
1485,1,0,0.4378235137849365,-1.03410005569458,-0.7841001152992249,attack,no
1486,1,1,0.9324533051062237,-0.3574383854866028,-2.982438325881958,attack,yes
1487,1,1,0.8670357701094303,-0.39848390221595764,-2.273483991622925,attack,yes
1488,1,1,0.8175744850834649,-0.44850510358810425,-1.948505163192749,attack,yes
1489,1,0,0.26894141551050293,-1.4091851711273193,-0.40918514132499695,attack,no
1490,1,0,0.4378235137849365,-1.198394775390625,-0.9483948349952698,attack,no
1491,1,1,0.9399133515091156,-0.344511479139328,-3.0945115089416504,attack,yes
1492,1,1,0.9149009480320036,-0.37673553824424744,-2.7517354488372803,attack,yes
1493,1,1,0.6513548511303336,-0.771679699420929,-1.3966796398162842,attack,yes
1494,1,1,0.7772998611746911,-0.6351691484451294,-1.8851691484451294,attack,yes
1495,1,0,0.4073333856566001,-1.08457612991333,-0.7095760703086853,attack,no
1496,1,1,0.6224593312018546,-0.7339982986450195,-1.2339982986450195,attack,yes
1497,1,1,0.7772998611746911,-0.5906050205230713,-1.8406050205230713,attack,yes
1498,1,1,0.9324533144915912,-0.4237958490848541,-3.0487959384918213,attack,yes
1499,1,0,0.22270012850745968,-1.697563648223877,-0.4475635886192322,attack,no
1500,1,0,0.1066905854244781,-2.4213685989379883,-0.2963685095310211,attack,no
1501,1,0,0.10669058826486906,-2.394306182861328,-0.26930612325668335,attack,no
1502,1,0,0.3486451217982255,-1.3298470973968506,-0.7048470377922058,attack,no
1503,1,1,0.5926665855647394,-0.7872841954231262,-1.1622841358184814,attack,yes
1504,1,1,0.7310585669110203,-0.6666610836982727,-1.666661024093628,attack,yes
1505,1,1,0.5926666143433998,-0.9847995638847351,-1.3597996234893799,attack,yes
1506,1,1,0.5621765008857981,-0.9011461734771729,-1.1511461734771729,attack,yes
1507,1,0,0.06754669489377622,-2.8649966716766357,-0.23999673128128052,attack,no
1508,1,1,0.9324533069832973,-0.3593886196613312,-2.984388589859009,attack,yes
1509,1,0,0.06754668738548215,-2.9354588985443115,-0.31045883893966675,attack,no
1510,1,1,0.679178699175393,-0.6791095733642578,-1.4291095733642578,attack,yes
1511,1,1,0.5312093733737563,-1.1412409543991089,-1.2662409543991089,attack,yes
1512,1,0,0.04742587452393617,-3.2642765045166016,-0.26427653431892395,attack,no
1513,1,1,0.880797071719777,-0.5650623440742493,-2.5650622844696045,attack,yes
1514,1,1,0.7057850402140659,-0.6826466917991638,-1.5576467514038086,attack,yes
1515,1,0,0.4378234991142019,-0.913722038269043,-0.663722038269043,attack,no
1516,1,1,0.5312093733737563,-0.8349608182907104,-0.9599608182907104,attack,yes
1517,1,0,0.37754066879814546,-1.2416504621505737,-0.7416504621505737,attack,no
1518,1,1,0.6224593312018546,-0.6817046403884888,-1.1817046403884888,attack,yes
1519,1,0,0.03732688627322502,-3.648378610610962,-0.3983785808086395,attack,no
1520,1,0,0.46879062662624377,-0.9265931248664856,-0.8015931248664856,attack,no
1521,1,1,0.6791786861878392,-0.6557441353797913,-1.4057440757751465,attack,yes
1522,1,1,0.5312093733737563,-0.9768283367156982,-1.1018283367156982,attack,yes
1523,1,0,0.20181322226037882,-1.7852667570114136,-0.4102667570114136,attack,no
1524,1,0,0.22270013366638422,-1.631993055343628,-0.38199302554130554,attack,no
1525,1,1,0.9465966732132748,-0.5876190066337585,-3.4626190662384033,attack,yes
1526,1,0,0.2689414096510108,-1.5515882968902588,-0.551588237285614,attack,no
1527,1,0,0.02595736021183377,-3.819864273071289,-0.1948643922805786,attack,no
1528,1,0,0.4378234991142019,-1.0355064868927002,-0.7855064868927002,attack,no
1529,1,0,0.3208213138121609,-1.3570055961608887,-0.6070056557655334,attack,no
1530,1,1,0.6791786861878392,-0.6557925343513489,-1.405792474746704,attack,yes
1531,1,1,0.7057850154599563,-0.6583762764930725,-1.5333762168884277,attack,yes
1532,1,0,0.5,-0.8929052352905273,-0.8929052352905273,attack,no
1533,1,0,0.025957358704815272,-3.8024117946624756,-0.17741185426712036,attack,no
1534,1,1,0.9149009596336303,-0.3172890543937683,-2.692289113998413,attack,yes
1535,1,1,0.8519528019683106,-0.551142692565918,-2.301142692565918,attack,yes
1536,1,0,0.32082130082460697,-1.4576302766799927,-0.7076302766799927,attack,no
1537,1,1,0.6791787121629466,-0.6781772971153259,-1.4281773567199707,attack,yes
1538,1,1,0.7981867873410141,-0.6096448302268982,-1.984644889831543,attack,yes
1539,1,1,0.867035763237924,-0.46490976214408875,-2.339909791946411,attack,yes
1540,1,1,0.817574471748733,-0.4272255003452301,-1.9272254705429077,attack,yes
1541,1,0,0.08509903804604459,-2.737374782562256,-0.3623746931552887,attack,no
1542,1,1,0.7310585786300049,-0.556843638420105,-1.556843638420105,attack,yes
1543,1,1,0.7310585903489892,-0.5319210886955261,-1.531921148300171,attack,yes
1544,1,1,0.5926666143433998,-0.6819629073143005,-1.0569629669189453,attack,yes
1545,1,1,0.5312093733737563,-0.7567689418792725,-0.8817689418792725,attack,yes
1546,1,0,0.37754066879814546,-1.3389391899108887,-0.8389391899108887,attack,no
1547,1,0,0.1480471980316895,-2.2922675609588623,-0.5422675609588623,attack,no
1548,1,0,0.06008664933244599,-2.985792398452759,-0.2357923835515976,attack,no
1549,1,0,0.2018132270610754,-1.787001132965088,-0.4120011627674103,attack,no
1550,1,1,0.9399133531922388,-0.31793445348739624,-3.067934513092041,attack,yes
1551,1,0,0.10669059394565118,-2.574793815612793,-0.44979381561279297,attack,no
1552,1,1,0.7772998508568416,-0.5383790135383606,-1.7883789539337158,attack,yes
1553,1,0,0.5,-0.9887279272079468,-0.9887279272079468,attack,no
1554,1,0,0.10669060246682488,-2.4372305870056152,-0.3122306764125824,attack,no
1555,1,0,0.16451645880021026,-1.9287993907928467,-0.3037993609905243,attack,no
1556,1,1,0.9740426428022031,-0.4186105728149414,-4.043610572814941,attack,yes
1557,1,1,0.880797081106935,-0.37596890330314636,-2.3759689331054688,attack,yes
1558,1,1,0.9149009549929797,-0.3410370349884033,-2.7160370349884033,attack,yes
1559,1,0,0.29421497216298875,-1.482523798942566,-0.6075237989425659,attack,no
1560,1,0,0.13296423676207594,-2.191014051437378,-0.31601402163505554,attack,no
1561,1,1,0.7057850154599563,-0.6587103009223938,-1.533710241317749,attack,yes
1562,1,0,0.3775406828054583,-1.2414255142211914,-0.7414255738258362,attack,no
1563,1,1,0.8933094060543487,-0.4992849826812744,-2.6242849826812744,attack,yes
1564,1,0,0.29421497216298875,-1.3773120641708374,-0.5023120641708374,attack,no
1565,1,1,0.754914997895581,-0.5843176245689392,-1.709317684173584,attack,yes
1566,1,0,0.5,-0.9082826375961304,-0.9082826375961304,attack,no
1567,1,0,0.4378234844434674,-1.113516092300415,-0.8635160326957703,attack,no
1568,1,0,0.2689414213699951,-1.53768789768219,-0.5376878976821899,attack,no
1569,1,0,0.5,-0.9597979784011841,-0.9597979784011841,attack,no
1570,1,0,0.32082130082460697,-1.5173375606536865,-0.7673375606536865,attack,no
1571,1,1,0.8807970654616711,-0.5602542161941528,-2.5602540969848633,attack,yes
1572,1,1,0.893309411735131,-0.4333459734916687,-2.5583460330963135,attack,yes
1573,1,0,0.2689414213699951,-1.505785346031189,-0.505785346031189,attack,no
1574,1,1,0.5312093733737563,-1.1399658918380737,-1.2649658918380737,attack,yes
1575,1,0,0.3775406828054583,-1.2704944610595703,-0.7704945206642151,attack,no
1576,1,1,0.798186768138228,-0.703998863697052,-2.0789988040924072,attack,yes
1577,1,0,0.29421497216298875,-1.4144304990768433,-0.5394304990768433,attack,no
1578,1,1,0.9324533107374443,-0.3888404071331024,-3.013840436935425,attack,yes
1579,1,0,0.03732689028911683,-3.37306547164917,-0.12306555360555649,attack,no
1580,1,0,0.16451647108926923,-1.991173267364502,-0.36617332696914673,attack,no
1581,1,0,0.047425871831197425,-3.2403576374053955,-0.24035760760307312,attack,no
1582,1,0,0.06754668644694548,-2.8690154552459717,-0.2440153807401657,attack,no
1583,1,0,0.08509903804604459,-2.6645641326904297,-0.2895640432834625,attack,no
1584,1,1,0.9046505402422645,-0.48699063062667847,-2.7369906902313232,attack,yes
1585,1,1,0.8807970873650403,-0.35035601258277893,-2.350356101989746,attack,yes
1586,1,1,0.9579122756889438,-0.3009885847568512,-3.4259886741638184,attack,yes
1587,1,1,0.9465966747198243,-0.4063383638858795,-3.2813384532928467,attack,yes
1588,1,1,0.9149009549929797,-0.4785747528076172,-2.853574752807617,attack,yes
1589,1,1,0.7772998611746911,-0.44921600818634033,-1.6992160081863403,attack,yes
1590,1,1,0.9241418262465169,-0.4014350473880768,-2.901435136795044,attack,yes
1591,1,0,0.0758581737534831,-2.873438596725464,-0.3734385073184967,attack,no
1592,1,1,0.6513548646660542,-0.5912925004959106,-1.2162925004959106,attack,yes
1593,1,0,0.4073334000459302,-1.0295659303665161,-0.6545659303665161,attack,no
1594,1,1,0.9626731158685837,-0.3932441771030426,-3.6432442665100098,attack,yes
1595,1,0,0.16451646699291617,-2.0460317134857178,-0.42103174328804016,attack,no
1596,1,0,0.46879062662624377,-1.0623606443405151,-0.9373606443405151,attack,no
1597,1,1,0.9149009480320036,-0.44367727637290955,-2.8186771869659424,attack,yes
1598,1,1,0.8354835452961425,-0.6588444113731384,-2.283844470977783,attack,yes
1599,1,1,0.9241418158002492,-0.39483052492141724,-2.8948304653167725,attack,yes
1600,1,1,0.8807970654616711,-0.35569632053375244,-2.355696201324463,attack,yes
1601,1,0,0.34864513533394575,-1.2145740985870361,-0.5895740985870361,attack,no
1602,1,1,0.7310585669110203,-0.5565584301948547,-1.55655837059021,attack,yes
1603,1,1,0.9626731137267751,-0.35793372988700867,-3.607933759689331,attack,yes
1604,1,1,0.880797068590724,-0.32925185561180115,-2.329251766204834,attack,yes
1605,1,1,0.6513548646660542,-0.6218646764755249,-1.246864676475525,attack,yes
1606,1,1,0.8354835371034369,-0.43596839904785156,-2.0609683990478516,attack,yes
1607,1,1,0.9149009480320036,-0.48643502593040466,-2.8614349365234375,attack,yes
1608,1,1,0.6513548511303336,-0.689209520816803,-1.3142094612121582,attack,yes
1609,1,0,0.13296423676207594,-2.3007569313049316,-0.42575690150260925,attack,no
1610,1,0,0.22270012850745968,-1.7192835807800293,-0.4692835211753845,attack,no
1611,1,0,0.37754066879814546,-1.2872672080993652,-0.7872672080993652,attack,no
1612,1,1,0.7057850154599563,-0.7206519246101379,-1.5956518650054932,attack,yes
1613,1,1,0.679178699175393,-0.6288431882858276,-1.3788431882858276,attack,yes
1614,1,1,0.5926665999540697,-0.6646856069564819,-1.039685606956482,attack,yes
1615,1,1,0.7057850402140659,-0.5385207533836365,-1.4135208129882812,attack,yes
1616,1,1,0.9046505351008906,-0.44870948791503906,-2.698709487915039,attack,yes
1617,1,0,0.46879062662624377,-0.8770301342010498,-0.7520301342010498,attack,no
1618,1,0,0.060086646807761206,-3.052852153778076,-0.3028520941734314,attack,no
1619,1,1,0.9241418241572634,-0.3655051589012146,-2.8655052185058594,attack,yes
1620,1,1,0.5926665999540697,-0.7874609231948853,-1.1624609231948853,attack,yes
1621,1,0,0.5,-1.0219374895095825,-1.0219374895095825,attack,no
1622,1,1,0.8807970779778823,-0.5180668830871582,-2.518066883087158,attack,yes
1623,1,1,0.7057850278370112,-0.5601491928100586,-1.4351491928100586,attack,yes
1624,1,0,0.18242551936144574,-1.965407371520996,-0.4654073417186737,attack,no
1625,1,0,0.2942149597859341,-1.4304728507995605,-0.5554727911949158,attack,no
1626,1,1,0.9626731115849659,-0.2929859459400177,-3.5429859161376953,attack,yes
1627,1,1,0.8933094174159129,-0.36875998973846436,-2.493760108947754,attack,yes
1628,1,1,0.8175744761936437,-0.5093331336975098,-2.0093331336975098,attack,yes
1629,1,1,0.7772998611746911,-0.5313724279403687,-1.7813724279403687,attack,yes
1630,1,0,0.37754066879814546,-1.2282849550247192,-0.7282849550247192,attack,no
1631,1,1,0.5926665999540697,-0.8391075134277344,-1.2141075134277344,attack,yes
1632,1,1,0.8354835248143776,-0.43115100264549255,-2.0561509132385254,attack,yes
1633,1,1,0.7772998611746911,-0.8766653537750244,-2.1266653537750244,attack,yes
1634,1,1,0.9525741308615412,-0.3354267179965973,-3.3354268074035645,attack,yes
1635,1,0,0.4378234991142019,-0.9853763580322266,-0.7353763580322266,attack,no
1636,1,1,0.7310585786300049,-0.6572904586791992,-1.6572904586791992,attack,yes
1637,1,1,0.8933094145755219,-0.31782880425453186,-2.442828893661499,attack,yes
1638,1,0,0.4378234991142019,-0.9523352384567261,-0.7023352384567261,attack,no
1639,1,0,0.0600866518571309,-2.9131920337677,-0.16319206357002258,attack,no
1640,1,1,0.8933094145755219,-0.3686753809452057,-2.493675470352173,attack,yes
1641,1,1,0.6513548646660542,-0.7603225708007812,-1.3853225708007812,attack,yes
1642,1,0,0.46879062662624377,-0.8788861036300659,-0.7538861036300659,attack,no
1643,1,1,0.7310585786300049,-0.526465654373169,-1.526465654373169,attack,yes
1644,1,1,0.7981867777396212,-0.544025182723999,-1.919025182723999,attack,yes
1645,1,1,0.9149009549929797,-0.3463561534881592,-2.721356153488159,attack,yes
1646,1,1,0.9046505453836383,-0.4205259084701538,-2.6705260276794434,attack,yes
1647,1,1,0.7772998714925403,-0.6356026530265808,-1.8856027126312256,attack,yes
1648,1,0,0.1329642436335826,-2.12795090675354,-0.2529509365558624,attack,no
1649,1,0,0.18242551491653522,-1.8489539623260498,-0.34895390272140503,attack,no
1650,1,1,0.7057850278370112,-0.5438051223754883,-1.4188051223754883,attack,yes
1651,1,1,0.9399133447766225,-0.2935992181301117,-3.0435991287231445,attack,yes
1652,1,1,0.880797071719777,-0.4081442952156067,-2.408144235610962,attack,yes
1653,1,1,0.7310585786300049,-0.5847103595733643,-1.5847103595733643,attack,yes
1654,1,1,0.9399133531922388,-0.4546939730644226,-3.2046940326690674,attack,yes
1655,1,1,0.8807970654616711,-0.3831988573074341,-2.3831987380981445,attack,yes
1656,1,1,0.9046505325302034,-0.3845105469226837,-2.6345105171203613,attack,yes
1657,1,0,0.3208213138121609,-1.3960442543029785,-0.6460443139076233,attack,no
1658,1,1,0.9626731169394882,-0.2956622838973999,-3.5456624031066895,attack,yes
1659,1,1,0.9324533051062237,-0.2771368622779846,-2.90213680267334,attack,yes
1660,1,1,0.9525741241296944,-0.484441339969635,-3.4844412803649902,attack,yes
1661,1,1,0.9399133531922388,-0.2912887930870056,-3.0412888526916504,attack,yes
1662,1,1,0.6513548782017746,-0.7608670592308044,-1.3858671188354492,attack,yes
1663,1,1,0.754914997895581,-0.5789348483085632,-1.703934907913208,attack,yes
1664,1,0,0.4378234991142019,-1.261993169784546,-1.011993169784546,attack,no
1665,1,1,0.8519527944504226,-0.5927363038063049,-2.34273624420166,attack,yes
1666,1,1,0.9465966762263737,-0.2612112760543823,-3.136211395263672,attack,yes
1667,1,1,0.939913354875362,-0.3202895224094391,-3.0702896118164062,attack,yes
1668,1,1,0.939913354875362,-0.31817927956581116,-3.0681793689727783,attack,yes
1669,1,0,0.4378235137849365,-1.0226845741271973,-0.772684633731842,attack,no
1670,1,1,0.9324533069832973,-0.32891181111335754,-2.953911781311035,attack,yes
1671,1,0,0.14804719051380197,-2.2036991119384766,-0.4536990523338318,attack,no
1672,1,1,0.9525741254760638,-0.4422624409198761,-3.4422624111175537,attack,yes
1673,1,1,0.893309411735131,-0.34120553731918335,-2.466205596923828,attack,yes
1674,1,0,0.06008664512463808,-2.9359893798828125,-0.18598929047584534,attack,no
1675,1,1,0.7981867777396212,-0.5718090534210205,-1.9468090534210205,attack,yes
1676,1,1,0.880797071719777,-0.37913042306900024,-2.3791303634643555,attack,yes
1677,1,1,0.731058584489497,-0.4366142451763153,-1.4366142749786377,attack,yes
1678,1,1,0.9399133515091156,-0.2451450526714325,-2.995145082473755,attack,yes
1679,1,1,0.8933094060543487,-0.4684791564941406,-2.5934791564941406,attack,yes
1680,1,1,0.5926666143433998,-0.7620541453361511,-1.137054204940796,attack,yes
1681,1,1,0.7981867873410141,-0.4560009837150574,-1.8310010433197021,attack,yes
1682,1,1,0.8354835452961425,-0.4972688555717468,-2.1222689151763916,attack,yes
1683,1,1,0.8354835289107309,-0.4604073166847229,-2.085407257080078,attack,yes
1684,1,1,0.9324533163686646,-0.3558434247970581,-2.9808435440063477,attack,yes
1685,1,1,0.8670357563664174,-0.4277246296405792,-2.302724599838257,attack,yes
1686,1,1,0.7549149868676283,-0.7974404096603394,-1.9224404096603394,attack,yes
1687,1,1,0.9399133481428692,-0.4155772030353546,-3.1655771732330322,attack,yes
1688,1,1,0.952574129515172,-0.4445576071739197,-3.4445576667785645,attack,yes
1689,1,1,0.9241418137109955,-0.4303003251552582,-2.930300235748291,attack,yes
1690,1,1,0.5926665999540697,-0.7787946462631226,-1.1537946462631226,attack,yes
1691,1,1,0.9399133481428692,-0.29323437809944153,-3.043234348297119,attack,yes
1692,1,0,0.13296424019782924,-2.246656656265259,-0.3716566562652588,attack,no
1693,1,1,0.8807970779778823,-0.40756750106811523,-2.4075675010681152,attack,yes
1694,1,1,0.5621765008857981,-0.9119189977645874,-1.1619189977645874,attack,yes
1695,1,0,0.2942149845400438,-1.3870201110839844,-0.5120201706886292,attack,no
1696,1,1,0.9241418283357702,-0.47203290462493896,-2.9720330238342285,attack,yes
1697,1,1,0.679178699175393,-0.5874329805374146,-1.3374329805374146,attack,yes
1698,1,1,0.9669140235181256,-0.3547758460044861,-3.729775905609131,attack,yes
1699,1,1,0.7549149868676283,-0.5532606840133667,-1.6782606840133667,attack,yes
1700,1,1,0.7772998611746911,-0.5633851289749146,-1.8133851289749146,attack,yes
1701,1,1,0.8519528132451416,-0.3701428472995758,-2.120142936706543,attack,yes
1702,1,1,0.8933094145755219,-0.33879080414772034,-2.4637908935546875,attack,yes
1703,1,1,0.9149009526726544,-0.404861718416214,-2.7798616886138916,attack,yes
1704,1,1,0.8670357598021706,-0.5455098152160645,-2.4205098152160645,attack,yes
1705,1,0,0.34864513533394575,-1.161641001701355,-0.536641001701355,attack,no
1706,1,1,0.8933094174159129,-0.31755149364471436,-2.442551612854004,attack,yes
1707,1,1,0.7772998611746911,-0.41305088996887207,-1.663050889968872,attack,yes
1708,1,1,0.957912274487423,-0.29817622900009155,-3.4231762886047363,attack,yes
1709,1,1,0.8670357563664174,-0.37206199765205383,-2.2470619678497314,attack,yes
1710,1,1,0.939913354875362,-0.3162299692630768,-3.066230058670044,attack,yes
1711,1,1,0.867035763237924,-0.3691732585430145,-2.244173288345337,attack,yes
1712,1,1,0.6791786861878392,-0.5604143738746643,-1.3104143142700195,attack,yes
1713,1,1,0.8519527982093668,-0.38988402485847473,-2.1398839950561523,attack,yes
1714,1,1,0.6513548782017746,-0.7282375693321228,-1.3532376289367676,attack,yes
1715,1,1,0.9324533069832973,-0.3859539330005646,-3.010953903198242,attack,yes
1716,1,1,0.8670357563664174,-0.34205010533332825,-2.217050075531006,attack,yes
1717,1,1,0.7772998508568416,-0.49318915605545044,-1.7431890964508057,attack,yes
1718,1,1,0.9046505376715775,-0.38413187861442566,-2.634131908416748,attack,yes
1719,1,1,0.8175744584140004,-0.634992241859436,-2.1349921226501465,attack,yes
1720,1,1,0.9241418241572634,-0.3089072108268738,-2.8089072704315186,attack,yes
1721,1,1,0.914900957313305,-0.3174450099468231,-2.6924450397491455,attack,yes
1722,1,1,0.8933094060543487,-0.29569482803344727,-2.4206948280334473,attack,yes
1723,1,1,0.9465966641739773,-0.4107104539871216,-3.285710334777832,attack,yes
1724,1,1,0.880797068590724,-0.38231953978538513,-2.382319450378418,attack,yes
1725,1,1,0.893309411735131,-0.4297756552696228,-2.5547757148742676,attack,yes
1726,1,1,0.6224593312018546,-1.1312276124954224,-1.6312276124954224,attack,Yes
1727,1,1,0.6224593171945417,-0.7613127827644348,-1.26131272315979,attack,yes
1728,1,1,0.957912274487423,-0.39925163984298706,-3.524251699447632,attack,yes
1729,1,1,0.8354835371034369,-0.49237060546875,-2.11737060546875,attack,yes
1730,1,1,0.9149009549929797,-0.34648656845092773,-2.7214865684509277,attack,yes
1731,1,1,0.8670357598021706,-0.5389590263366699,-2.41395902633667,attack,yes
1732,1,1,0.9579122684798184,-0.3276425302028656,-3.4526424407958984,attack,yes
1733,1,1,0.8807970842359877,-0.4150318503379822,-2.415031909942627,attack,yes
1734,1,1,0.9324533163686646,-0.3880261182785034,-3.013026237487793,attack,yes
1735,1,1,0.7981867777396212,-0.44579017162323,-1.82079017162323,attack,yes
1736,1,1,0.9241418241572634,-0.30929917097091675,-2.8092992305755615,attack,yes
1737,1,1,0.5926665855647394,-0.8507605195045471,-1.2257604598999023,attack,yes
1738,1,1,0.9149009596336303,-0.31763333082199097,-2.6926333904266357,attack,yes
1739,1,1,0.9046505376715775,-0.387766569852829,-2.6377665996551514,attack,yes
1740,1,1,0.5926665999540697,-0.8510396480560303,-1.2260396480560303,attack,yes
1741,1,0,0.20181322226037882,-1.870884656906128,-0.49588465690612793,attack,no
1742,1,1,0.9046505248181417,-0.28482306003570557,-2.534822940826416,attack,yes
1743,1,1,0.679178699175393,-0.6044096946716309,-1.3544096946716309,attack,yes
1744,1,1,0.6224593312018546,-0.8161147832870483,-1.3161147832870483,attack,yes
1745,1,1,0.8354835493924953,-0.4314188063144684,-2.0564188957214355,attack,yes
1746,1,1,0.7772998560157665,-0.4285147488117218,-1.6785147190093994,attack,yes
1747,1,1,0.966914019704466,-0.23849588632583618,-3.6134958267211914,attack,yes
1748,1,1,0.7549149868676283,-0.5255537033081055,-1.6505537033081055,attack,yes
1749,1,1,0.9626731158685837,-0.35786738991737366,-3.607867479324341,attack,yes
1750,1,1,0.9669140187510509,-0.29245075583457947,-3.6674506664276123,attack,yes
1751,1,1,0.8807970779778823,-0.5218563079833984,-2.5218563079833984,attack,yes
1752,1,1,0.7981867777396212,-0.5063998699188232,-1.8813998699188232,attack,yes
1753,1,1,0.9149009619539553,-0.3461708128452301,-2.7211709022521973,attack,yes
1754,1,1,0.8519527944504226,-0.48336726427078247,-2.2333672046661377,attack,yes
1755,1,1,0.5312093733737563,-0.8056616187095642,-0.9306616187095642,attack,yes
1756,1,1,0.9046505325302034,-0.33121421933174133,-2.581214189529419,attack,yes
1757,1,1,0.9465966656805269,-0.3421648442745209,-3.2171647548675537,attack,yes
1758,1,1,0.8175744850834649,-0.5081595778465271,-2.008159637451172,attack,yes
1759,1,1,0.8354835289107309,-0.49213629961013794,-2.117136240005493,attack,yes
1760,1,1,0.8807970873650403,-0.3822733461856842,-2.3822734355926514,attack,yes
1761,1,1,0.9465966747198243,-0.3122786581516266,-3.1872787475585938,attack,yes
1762,1,1,0.8354835330070839,-0.43593862652778625,-2.060938596725464,attack,yes
1763,1,1,0.9241418241572634,-0.3627459406852722,-2.862746000289917,attack,yes
1764,1,1,0.9149009549929797,-0.31748127937316895,-2.692481279373169,attack,yes
1765,1,1,0.8519527944504226,-0.40502673387527466,-2.15502667427063,attack,yes
1766,1,1,0.9324533032291502,-0.3265713155269623,-2.951571226119995,attack,yes
1767,1,1,0.9046505325302034,-0.4169805347919464,-2.666980504989624,attack,yes
1768,1,1,0.9241418283357702,-0.7194837331771851,-3.2194838523864746,attack,yes
1769,1,1,0.8933094032139576,-0.3983636200428009,-2.5233635902404785,attack,yes
1770,1,1,0.8933094032139576,-0.4263463318347931,-2.5513463020324707,attack,yes
1771,1,1,0.9149009480320036,-0.4399658143520355,-2.8149657249450684,attack,yes
1772,1,1,0.9525741268224334,-0.3675658702850342,-3.367565870285034,attack,yes
1773,1,1,0.8807970842359877,-0.6600634455680847,-2.6600635051727295,attack,yes
1774,1,0,0.20181322226037882,-1.7786723375320435,-0.40367233753204346,attack,no
1775,1,1,0.9669140244715405,-0.2906714975833893,-3.6656715869903564,attack,yes
1776,1,1,0.8519528019683106,-0.7489762306213379,-2.498976230621338,attack,yes
1777,1,1,0.9324533144915912,-0.3265134394168854,-2.9515135288238525,attack,yes
1778,1,1,0.9149009619539553,-0.2927826941013336,-2.667782783508301,attack,yes
1779,1,1,0.9241418262465169,-0.4719516336917877,-2.971951723098755,attack,yes
1780,1,1,0.9525741254760638,-0.3332829773426056,-3.333282947540283,attack,yes
1781,1,0,0.09534947004048376,-2.5716233253479004,-0.32162338495254517,attack,no
1782,1,1,0.893309411735131,-0.3972877860069275,-2.5222878456115723,attack,yes
1783,1,0,0.5,-0.8467251658439636,-0.8467251658439636,attack,no
1784,1,1,0.835483553488848,-0.4606722593307495,-2.085672378540039,attack,yes
1785,1,1,0.9399133531922388,-0.3478822112083435,-3.0978822708129883,attack,yes
1786,1,1,0.8933094003735664,-0.5030489563941956,-2.628048896789551,attack,yes
1787,1,0,0.34864513533394575,-1.2886378765106201,-0.6636378765106201,attack,no
1788,1,1,0.9241418283357702,-0.36535584926605225,-2.865355968475342,attack,yes
1789,1,1,0.798186768138228,-0.4555738568305969,-1.8305737972259521,attack,yes
1790,1,1,0.9149009596336303,-0.375701367855072,-2.750701427459717,attack,yes
1791,1,1,0.9324533051062237,-0.356448233127594,-2.981448173522949,attack,yes
1792,1,1,0.9399133464597458,-0.4179251790046692,-3.1679251194000244,attack,yes
1793,1,1,0.8354835411997897,-0.43590018153190613,-2.0609002113342285,attack,yes
1794,1,1,0.97068777009661,-0.2362818419933319,-3.7362818717956543,attack,yes
1795,1,1,0.9046505325302034,-0.2839260399341583,-2.533926010131836,attack,yes
1796,1,1,0.9465966686936261,-0.2843795120716095,-3.159379482269287,attack,yes
1797,1,1,0.9046505299595163,-0.3532317280769348,-2.60323166847229,attack,yes
1798,1,1,0.9525741254760638,-0.3674979507923126,-3.3674979209899902,attack,yes
1799,1,1,0.6513548646660542,-0.6368119716644287,-1.2618119716644287,attack,yes
1800,1,1,0.880797071719777,-0.41181260347366333,-2.4118125438690186,attack,yes
1801,1,0,0.06754669677084987,-2.835183620452881,-0.21018370985984802,attack,no
1802,1,1,0.5621765155565327,-0.8312932848930359,-1.0812933444976807,attack,yes
1803,1,1,0.6224593312018546,-0.8046582937240601,-1.30465829372406,attack,yes
1804,1,0,0.22270013882530884,-1.7728559970855713,-0.5228559970855713,attack,no
1805,1,0,0.04208772791561884,-3.3370590209960938,-0.21205902099609375,attack,no
1806,1,0,0.05340333431947304,-3.169034719467163,-0.29403480887413025,attack,no
1807,1,0,0.4378234844434674,-1.1280546188354492,-0.8780545592308044,attack,no
1808,1,0,0.11920292828022305,-2.580305814743042,-0.5803058743476868,attack,no
1809,1,1,0.7057850278370112,-0.6929841041564941,-1.5679841041564941,attack,yes
1810,1,1,0.754914997895581,-0.760518491268158,-1.8855185508728027,attack,yes
1811,1,1,0.7981867777396212,-0.5714753866195679,-1.9464753866195679,attack,yes
1812,1,0,0.22270012850745968,-1.7046465873718262,-0.4546465277671814,attack,no
1813,1,0,0.02931222820745785,-3.680907964706421,-0.18090787529945374,attack,no
1814,1,0,0.13296422989056964,-2.221437692642212,-0.34643760323524475,attack,no
1815,1,0,0.06008664512463808,-3.07505464553833,-0.3250545561313629,attack,no
1816,1,0,0.24508501313237172,-1.6178317070007324,-0.4928317070007324,attack,no
1817,1,0,0.04208773031866069,-3.255232095718384,-0.13023215532302856,attack,no
1818,1,0,0.017986206277364275,-4.277824401855469,-0.27782419323921204,attack,no
1819,1,0,0.03308597981882656,-3.6201305389404297,-0.24513058364391327,attack,no
1820,1,0,0.06754669301670263,-2.865471363067627,-0.24047139286994934,attack,no
1821,1,0,0.16451647108926923,-2.013977527618408,-0.388977587223053,attack,no
1822,1,0,0.06754668738548215,-2.8674378395080566,-0.24243777990341187,attack,no
1823,1,0,0.34864513533394575,-1.400438904762268,-0.7754389047622681,attack,no
1824,1,0,0.24508501864634827,-1.539034366607666,-0.4140343964099884,attack,no
1825,1,0,0.32082130082460697,-1.3465518951416016,-0.5965518951416016,attack,no
1826,1,1,0.8175744673038221,-0.39931994676589966,-1.8993198871612549,attack,yes
1827,1,0,0.08509904036636974,-2.6837005615234375,-0.3087005019187927,attack,no
1828,1,1,0.7981867777396212,-0.5651404857635498,-1.9401404857635498,attack,yes
1829,1,1,0.9706877658567789,-0.2585383653640747,-3.758538246154785,attack,yes
1830,1,1,0.5621765008857981,-1.2131813764572144,-1.4631813764572144,attack,yes
1831,1,1,0.7310585903489892,-0.5315517783164978,-1.5315518379211426,attack,yes
1832,1,1,0.914900957313305,-0.4409200847148895,-2.815920114517212,attack,yes
1833,1,0,0.3775406547908327,-1.1120316982269287,-0.6120316386222839,attack,no
1834,1,0,0.24508500210441886,-1.8054158687591553,-0.6804158091545105,attack,no
1835,1,0,0.4378235137849365,-1.0247623920440674,-0.7747624516487122,attack,no
1836,1,0,0.5,-0.9433265328407288,-0.9433265328407288,attack,no
1837,1,1,0.914900950352329,-0.3464668393135071,-2.7214667797088623,attack,yes
1838,1,1,0.9669140187510509,-0.2628532350063324,-3.6378531455993652,attack,yes
1839,1,1,0.5926665999540697,-0.6876840591430664,-1.0626840591430664,attack,yes
1840,1,1,0.9241418116217418,-0.26344168186187744,-2.763441562652588,attack,yes
1841,1,1,0.9465966747198243,-0.40551891922950745,-3.2805190086364746,attack,yes
1842,1,1,0.7772998611746911,-0.47639787197113037,-1.7263978719711304,attack,yes
1843,1,1,0.5621765155565327,-0.75885409116745,-1.0088541507720947,attack,yes
1844,1,0,0.29421497216298875,-1.6426929235458374,-0.7676929235458374,attack,no
1845,1,1,0.6513548511303336,-0.5779042840003967,-1.202904224395752,attack,yes
1846,1,1,0.9046505402422645,-0.4520522952079773,-2.702052354812622,attack,yes
1847,1,1,0.798186768138228,-0.47709041833877563,-1.8520903587341309,attack,yes
1848,1,1,0.9046505248181417,-0.41294920444488525,-2.6629490852355957,attack,yes
1849,1,0,0.18242551936144574,-1.8850786685943604,-0.38507863879203796,attack,no
1850,1,0,0.5,-0.8020966053009033,-0.8020966053009033,attack,no
1851,1,1,0.7057850154599563,-0.5728738903999329,-1.447873830795288,attack,yes
1852,1,0,0.4378235137849365,-1.0245845317840576,-0.7745845913887024,attack,no
1853,1,1,0.7772998714925403,-0.6152400374412537,-1.8652400970458984,attack,yes
1854,1,1,0.8175744673038221,-0.8398543000221252,-2.3398542404174805,attack,yes
1855,1,1,0.798186768138228,-0.5057063698768616,-1.8807063102722168,attack,yes
1856,1,1,0.7772998714925403,-0.635145366191864,-1.8851454257965088,attack,yes
1857,1,0,0.08509904500702024,-2.663170337677002,-0.28817033767700195,attack,no
1858,1,1,0.8807970842359877,-0.6176642775535583,-2.617664337158203,attack,yes
1859,1,1,0.880797068590724,-0.4836193025112152,-2.483619213104248,attack,yes
1860,1,1,0.7310585669110203,-0.6162484288215637,-1.616248369216919,attack,yes
1861,1,0,0.20181323186177208,-1.8882765769958496,-0.5132766366004944,attack,no
1862,1,0,0.042087731520181665,-3.3045589923858643,-0.17955908179283142,attack,no
1863,1,1,0.9626731105140616,-0.39375120401382446,-3.6437511444091797,attack,yes
1864,1,1,0.8175744850834649,-0.4077410101890564,-1.9077410697937012,attack,yes
1865,1,0,0.18242552380635632,-1.993942379951477,-0.49394237995147705,attack,no
1866,1,0,0.22270014914315833,-1.7449126243591309,-0.49491268396377563,attack,no
1867,1,1,0.9324533126145177,-0.4244691729545593,-3.049469232559204,attack,yes
1868,1,0,0.40733341443526055,-1.1275839805603027,-0.7525840401649475,attack,no
1869,1,1,0.9525741227833249,-0.33326682448387146,-3.3332667350769043,attack,yes
1870,1,0,0.2689414096510108,-1.4754788875579834,-0.4754788279533386,attack,no
1871,1,0,0.09534947261117097,-2.684340715408325,-0.43434080481529236,attack,no
1872,1,1,0.8175744761936437,-0.4524695873260498,-1.9524695873260498,attack,yes
1873,1,0,0.18242552825126704,-1.9361000061035156,-0.436100035905838,attack,no
1874,1,1,0.9399133531922388,-0.3494245409965515,-3.0994246006011963,attack,yes
1875,1,1,0.7057850278370112,-0.5222599506378174,-1.3972599506378174,attack,yes
1876,1,0,0.4073334000459302,-1.1414076089859009,-0.7664076089859009,attack,no
1877,1,1,0.9046505325302034,-0.39095428586006165,-2.6409542560577393,attack,yes
1878,1,0,0.01243165213378772,-4.618305683135986,-0.24330578744411469,attack,no
1879,1,0,0.46879062662624377,-0.9927522540092468,-0.8677522540092468,attack,no
1880,1,1,0.7981867969424066,-0.6599620580673218,-2.0349621772766113,attack,yes
1881,1,1,0.679178699175393,-0.6954877376556396,-1.4454877376556396,attack,yes
1882,1,0,0.0953494674697966,-2.727027654647827,-0.47702768445014954,attack,no
1883,1,0,0.22270014398423357,-1.6766941547393799,-0.42669418454170227,attack,no
1884,1,1,0.5312093733737563,-0.8210568428039551,-0.9460568428039551,attack,yes
1885,1,1,0.5621764862150634,-0.7947331070899963,-1.0447330474853516,attack,yes
1886,1,1,0.8670357460591569,-0.3988085985183716,-2.273808479309082,attack,yes
1887,1,1,0.9046505402422645,-0.49521464109420776,-2.7452147006988525,attack,yes
1888,1,1,0.679178699175393,-0.5814163684844971,-1.331416368484497,attack,yes
1889,1,1,0.893309411735131,-0.34186381101608276,-2.4668638706207275,attack,yes
1890,1,0,0.5,-0.8726024627685547,-0.8726024627685547,attack,no
1891,1,1,0.9796676508127574,-0.30659225583076477,-4.1815924644470215,attack,yes
1892,1,1,0.5312093733737563,-0.8843433856964111,-1.0093433856964111,attack,yes
1893,1,1,0.8933094174159129,-0.39757049083709717,-2.5225706100463867,attack,yes
1894,1,1,0.754914975839675,-0.5544481873512268,-1.679448127746582,attack,yes
1895,1,0,0.34864513533394575,-1.4147790670394897,-0.7897790670394897,attack,no
1896,1,1,0.7057850278370112,-1.0062294006347656,-1.8812294006347656,attack,Yes
1897,1,1,0.914900950352329,-0.44402772188186646,-2.8190276622772217,attack,yes
1898,1,1,0.8519527944504226,-0.4994886517524719,-2.249488592147827,attack,yes
1899,1,0,0.20181323186177208,-1.7286334037780762,-0.35363346338272095,attack,no
1900,1,1,0.9399133515091156,-0.3459322154521942,-3.0959322452545166,attack,yes
1901,1,1,0.9241418220680101,-0.24370142817497253,-2.743701457977295,attack,yes
1902,1,0,0.34864513533394575,-1.1810024976730347,-0.5560024976730347,attack,no
1903,1,0,0.13296425050508953,-2.2467548847198486,-0.3717549741268158,attack,no
1904,1,1,0.9579122726851417,-0.24757049977779388,-3.372570514678955,attack,yes
1905,1,1,0.9770226297554521,-0.22821594774723053,-3.9782159328460693,attack,yes
1906,1,0,0.0953494674697966,-2.656613349914551,-0.40661337971687317,attack,no
1907,1,1,0.9149009619539553,-0.48279085755348206,-2.857790946960449,attack,yes
1908,1,1,0.754914975839675,-0.6646133065223694,-1.7896132469177246,attack,yes
1909,1,1,0.9465966702001757,-0.2838597297668457,-3.1588597297668457,attack,yes
1910,1,0,0.20181321265898594,-1.7596938610076904,-0.38469380140304565,attack,no
1911,1,0,0.3775406547908327,-1.1768558025360107,-0.676855742931366,attack,no
1912,1,1,0.89330940889474,-0.3423433005809784,-2.467343330383301,attack,yes
1913,1,1,0.7057850278370112,-0.6256550550460815,-1.5006550550460815,attack,yes
1914,1,1,0.9046505351008906,-0.33146047592163086,-2.581460475921631,attack,yes
1915,1,1,0.9525741281688026,-0.4819030463695526,-3.481903076171875,attack,yes
1916,1,0,0.46879062662624377,-0.9686568975448608,-0.8436568975448608,attack,no
1917,1,0,0.0534033328129234,-3.1444668769836426,-0.26946693658828735,attack,no
1918,1,1,0.9465966671870767,-0.260062038898468,-3.1350619792938232,attack,yes
1919,1,0,0.5,-0.9321536421775818,-0.9321536421775818,attack,no
1920,1,1,0.880797071719777,-0.4158349633216858,-2.415834903717041,attack,yes
1921,1,1,0.7772998508568416,-0.5333099961280823,-1.7833099365234375,attack,yes
1922,1,1,0.6224593452091672,-0.6602029204368591,-1.160202980041504,attack,yes
1923,1,0,0.18242553269617778,-2.0901472568511963,-0.5901473164558411,attack,no
1924,1,0,0.29421497216298875,-1.659155011177063,-0.784155011177063,attack,no
1925,1,1,0.5312093733737563,-1.0148924589157104,-1.1398924589157104,attack,yes
1926,1,1,0.8354835493924953,-0.3853248655796051,-2.0103249549865723,attack,yes
1927,1,1,0.9465966641739773,-0.342563271522522,-3.2175631523132324,attack,yes
1928,1,0,0.20181321265898594,-1.7537741661071777,-0.37877410650253296,attack,no
1929,1,1,0.9626731131913229,-0.2442777007818222,-3.4942777156829834,attack,yes
1930,1,1,0.8670357598021706,-0.575554609298706,-2.450554609298706,attack,yes
1931,1,0,0.46879062662624377,-1.1740424633026123,-1.0490424633026123,attack,no
1932,1,0,0.1066905911052601,-2.404832124710083,-0.2798320949077606,attack,no
1933,1,1,0.970687766704745,-0.28642210364341736,-3.78642201423645,attack,yes
1934,1,1,0.9149009526726544,-0.37566426396369934,-2.750664234161377,attack,yes
1935,1,0,0.4073334000459302,-1.2312560081481934,-0.8562560081481934,attack,no
1936,1,1,0.8519528170040853,-0.5820401906967163,-2.332040309906006,attack,yes
1937,1,1,0.9324533032291502,-0.30213794112205505,-2.927137851715088,attack,yes
1938,1,0,0.14804721306746543,-2.2538418769836426,-0.5038419961929321,attack,no
1939,1,1,0.9579122756889438,-0.25012412667274475,-3.375124216079712,attack,yes
1940,1,1,0.9149009642742806,-0.4793933629989624,-2.854393482208252,attack,yes
1941,1,1,0.8670357563664174,-0.37195566296577454,-2.246955633163452,attack,yes
1942,1,1,0.8354835248143776,-0.43684300780296326,-2.061842918395996,attack,yes
1943,1,1,0.880797071719777,-0.5234313607215881,-2.5234313011169434,attack,yes
1944,1,1,0.8670357666736773,-0.3449830412864685,-2.2199831008911133,attack,yes
1945,1,1,0.9465966702001757,-0.5873041152954102,-3.46230411529541,attack,yes
1946,1,0,0.4378234844434674,-1.0118064880371094,-0.7618064284324646,attack,no
1947,1,1,0.9525741308615412,-0.30278101563453674,-3.302781105041504,attack,yes
1948,1,1,0.9465966762263737,-0.4468792676925659,-3.3218793869018555,attack,yes
1949,1,1,0.9399133515091156,-0.3455154597759247,-3.095515489578247,attack,yes
1950,1,1,0.8670357460591569,-0.45965635776519775,-2.334656238555908,attack,yes
1951,1,1,0.8175744939732856,-0.5543540716171265,-2.054354190826416,attack,yes
1952,1,0,0.46879062662624377,-0.8863936066627502,-0.7613936066627502,attack,no
1953,1,0,0.03732688306051187,-3.4588170051574707,-0.20881688594818115,attack,no
1954,1,1,0.8933094060543487,-0.368105411529541,-2.493105411529541,attack,yes
1955,1,0,0.22270013366638422,-1.7200322151184082,-0.4700321853160858,attack,no
1956,1,1,0.7549149868676283,-0.5059565305709839,-1.6309565305709839,attack,yes
1957,1,1,0.798186768138228,-0.6094117760658264,-1.9844117164611816,attack,yes
1958,1,1,0.9241418137109955,-0.4686518609523773,-2.96865177154541,attack,yes
1959,1,0,0.24508500210441886,-1.781364917755127,-0.6563648581504822,attack,no
1960,1,1,0.9241418199787566,-0.5643589496612549,-3.064358949661255,attack,yes
1961,1,1,0.7310585786300049,-0.5311251878738403,-1.5311251878738403,attack,yes
1962,1,0,0.3775406547908327,-1.1460704803466797,-0.6460704207420349,attack,no
1963,1,1,0.9046505299595163,-0.3065055012702942,-2.5565054416656494,attack,yes
1964,1,1,0.8933094032139576,-0.40118005871772766,-2.5261800289154053,attack,yes
1965,1,1,0.8807970748488297,-0.33556845784187317,-2.335568428039551,attack,yes
1966,1,1,0.9579122768904644,-0.33339059352874756,-3.458390712738037,attack,yes
1967,1,1,0.5621765008857981,-0.924837589263916,-1.174837589263916,attack,yes
1968,1,1,0.9465966702001757,-0.34023427963256836,-3.2152342796325684,attack,yes
1969,1,0,0.3775406828054583,-1.2003400325775146,-0.7003400921821594,attack,no
1970,1,1,0.8933094174159129,-0.5958126783370972,-2.7208127975463867,attack,yes
1971,1,0,0.5,-0.8644803166389465,-0.8644803166389465,attack,no
1972,1,1,0.798186768138228,-0.5062671303749084,-1.8812670707702637,attack,yes
1973,1,1,0.5621765008857981,-0.779377818107605,-1.029377818107605,attack,yes
1974,1,0,0.060086648490884395,-2.967878818511963,-0.2178787887096405,attack,no
1975,1,1,0.754914997895581,-0.6644706130027771,-1.7894706726074219,attack,yes
1976,1,1,0.8807970748488297,-0.44809821248054504,-2.4480981826782227,attack,yes
1977,1,1,0.9241418137109955,-0.33587846159935,-2.835878372192383,attack,yes
1978,1,1,0.8175744761936437,-0.4529956579208374,-1.9529956579208374,attack,yes
1979,1,1,0.7057850278370112,-0.5172865390777588,-1.3922865390777588,attack,yes
1980,1,0,0.06754669583231304,-2.79685640335083,-0.17185647785663605,attack,no
1981,1,1,0.754914997895581,-0.47725909948349,-1.6022591590881348,attack,yes
1982,1,1,0.8519527906914787,-0.4416275918483734,-2.1916275024414062,attack,yes
1983,1,1,0.9706877684006775,-0.23625925183296204,-3.7362592220306396,attack,yes
1984,1,1,0.8354835371034369,-0.6002588272094727,-2.2252588272094727,attack,yes
1985,1,1,0.89330940889474,-0.4256279170513153,-2.5506279468536377,attack,yes
1986,1,0,0.3775406547908327,-1.2013742923736572,-0.7013742327690125,attack,no
1987,1,1,0.9149009549929797,-0.31673693656921387,-2.691736936569214,attack,yes
1988,1,1,0.9770226260757067,-0.25308912992477417,-4.00308895111084,attack,yes
1989,1,1,0.8933093975331751,-0.3647530972957611,-2.489753007888794,attack,yes
1990,1,1,0.5926665855647394,-0.6495020985603333,-1.0245020389556885,attack,yes
1991,1,0,0.0373268854700467,-3.3656017780303955,-0.11560172587633133,attack,no
1992,1,1,0.8354835207180245,-0.5710040330886841,-2.1960039138793945,attack,yes
1993,1,1,0.9525741268224334,-0.37012481689453125,-3.3701248168945312,attack,yes
1994,1,1,0.7981867777396212,-0.5113251209259033,-1.8863251209259033,attack,yes
1995,1,1,0.7057850278370112,-0.5438069105148315,-1.4188069105148315,attack,yes
1996,1,1,0.9241418241572634,-0.4337729811668396,-2.9337730407714844,attack,yes
1997,1,1,0.9465966717067252,-0.49168822169303894,-3.3666882514953613,attack,yes
1998,1,0,0.40733341443526055,-1.0596966743469238,-0.6846967339515686,attack,no
1999,1,1,0.9046505351008906,-0.5369622707366943,-2.7869622707366943,attack,yes
2000,1,1,0.8807970654616711,-0.4436866044998169,-2.4436864852905273,attack,yes
2001,1,1,0.9241418158002492,-0.3652358651161194,-2.8652358055114746,attack,yes
2002,1,1,0.9525741308615412,-0.4419352114200592,-3.4419353008270264,attack,yes
2003,1,0,0.10669060246682488,-2.31083083152771,-0.18583092093467712,attack,no
2004,1,1,0.7057850278370112,-0.5604808330535889,-1.4354808330535889,attack,yes
2005,1,0,0.2689414213699951,-1.7185602188110352,-0.7185602188110352,attack,no
2006,1,1,0.8175744673038221,-0.5545955300331116,-2.054595470428467,attack,yes
2007,1,1,0.7057850278370112,-0.4912106990814209,-1.366210699081421,attack,yes
2008,1,1,0.6224593171945417,-0.7399891018867493,-1.2399890422821045,attack,yes
2009,1,1,0.9465966641739773,-0.37466585636138916,-3.2496657371520996,attack,yes
2010,1,0,0.13296423676207594,-2.22892165184021,-0.3539216220378876,attack,no
2011,1,1,0.9324533107374443,-0.2994198501110077,-2.92441987991333,attack,yes
2012,1,1,0.9525741214369554,-0.33543312549591064,-3.335433006286621,attack,yes
2013,1,1,0.9706877675527112,-0.3158331513404846,-3.81583309173584,attack,yes
2014,1,1,0.957912274487423,-0.5758785605430603,-3.700878620147705,attack,yes
2015,1,1,0.7057850278370112,-0.5663924217224121,-1.441392421722412,attack,yes
2016,1,1,0.9149009480320036,-0.44074711203575134,-2.815747022628784,attack,yes
2017,1,0,0.3486451217982255,-1.1812973022460938,-0.556297242641449,attack,no
2018,1,1,0.9525741268224334,-0.3038942813873291,-3.303894281387329,attack,yes
2019,1,1,0.9241418158002492,-0.43662363290786743,-2.9366235733032227,attack,yes
2020,1,1,0.6224593312018546,-0.7329295873641968,-1.2329295873641968,attack,yes
2021,1,1,0.6513548782017746,-0.6885485053062439,-1.3135485649108887,attack,yes
2022,1,1,0.6791787121629466,-0.5214871764183044,-1.2714872360229492,attack,yes
2023,1,1,0.9046505402422645,-0.4522988200187683,-2.702298879623413,attack,yes
2024,1,1,0.9241418158002492,-0.43627768754959106,-2.9362776279449463,attack,yes
2025,1,1,0.7057850278370112,-0.6833697557449341,-1.558369755744934,attack,yes
2026,1,0,0.4378235137849365,-1.012836217880249,-0.7628362774848938,attack,no
2027,1,1,0.970687766704745,-0.3473123013973236,-3.8473122119903564,attack,yes
2028,1,1,0.6513548646660542,-0.8496048450469971,-1.474604845046997,attack,yes
2029,1,1,0.7310585786300049,-0.6582925319671631,-1.658292531967163,attack,yes
2030,1,1,0.9669140225647107,-0.3188306987285614,-3.693830728530884,attack,yes
2031,1,1,0.9324533013520764,-0.3589578866958618,-2.9839577674865723,attack,yes
2032,1,1,0.7772998714925403,-0.5571498274803162,-1.807149887084961,attack,yes
2033,1,1,0.9525741322079105,-0.33743607997894287,-3.3374361991882324,attack,yes
2034,1,1,0.9399133531922388,-0.3799747824668884,-3.129974842071533,attack,yes
2035,1,1,0.9399133481428692,-0.32349899411201477,-3.0734989643096924,attack,yes
2036,1,1,0.9770226317625857,-0.18717710673809052,-3.9371771812438965,attack,yes
2037,1,1,0.8175744673038221,-0.5190978646278381,-2.0190978050231934,attack,yes
2038,1,0,0.14804720930852133,-2.0771000385284424,-0.32710012793540955,attack,no
2039,1,1,0.9626731137267751,-0.29582449793815613,-3.5458245277404785,attack,yes
2040,1,1,0.9579122696813394,-0.3012548089027405,-3.4262547492980957,attack,yes
2041,1,1,0.867035752930664,-0.4597468972206116,-2.334746837615967,attack,yes
2042,1,1,0.9579122750881832,-0.2280213087797165,-3.3530213832855225,attack,yes
2043,1,1,0.9046505402422645,-0.3584429621696472,-2.608443021774292,attack,yes
2044,1,1,0.924141817889503,-0.2826731503009796,-2.7826731204986572,attack,yes
2045,1,1,0.9241418137109955,-0.3333934247493744,-2.8333933353424072,attack,yes
2046,1,1,0.9324533144915912,-0.30173054337501526,-2.9267306327819824,attack,yes
2047,1,1,0.9525741214369554,-0.2549968957901001,-3.2549967765808105,attack,yes
2048,1,0,0.5,-0.9414581060409546,-0.9414581060409546,attack,no
2049,1,1,0.9241418158002492,-0.2609401345252991,-2.7609400749206543,attack,yes
2050,1,1,0.7981867873410141,-0.6096145510673523,-1.984614610671997,attack,yes
2051,1,1,0.9046505299595163,-0.3845379948616028,-2.634537935256958,attack,yes
2052,1,1,0.9579122720843811,-0.39728641510009766,-3.5222864151000977,attack,yes
2053,1,1,0.8670357563664174,-0.40244558453559875,-2.2774455547332764,attack,yes
2054,1,1,0.9465966732132748,-0.2612590193748474,-3.136259078979492,attack,yes
2055,1,1,0.8519528132451416,-0.41247501969337463,-2.162475109100342,attack,yes
2056,1,1,0.9626731147976793,-0.2954992651939392,-3.545499324798584,attack,yes
2057,1,1,0.817574471748733,-0.4823501408100128,-1.9823501110076904,attack,yes
2058,1,1,0.966914024948248,-0.23968423902988434,-3.6146843433380127,attack,yes
2059,1,1,0.679178699175393,-0.7459794282913208,-1.4959794282913208,attack,yes
2060,1,1,0.9525741214369554,-0.40300142765045166,-3.403001308441162,attack,yes
2061,1,1,0.9324533069832973,-0.3585262596607208,-2.9835262298583984,attack,yes
2062,1,1,0.6224593452091672,-0.7855738997459412,-1.285573959350586,attack,yes
2063,1,1,0.9525741254760638,-0.27880051732063293,-3.2788004875183105,attack,yes
2064,1,1,0.5926665999540697,-0.7703025341033936,-1.1453025341033936,attack,yes
2065,1,1,0.9241418116217418,-0.5138336420059204,-3.013833522796631,attack,yes
2066,1,1,0.952574129515172,-0.335199773311615,-3.3351998329162598,attack,yes
2067,1,1,0.9149009549929797,-0.44733262062072754,-2.8223326206207275,attack,yes
2068,1,1,0.9626731105140616,-0.2671552300453186,-3.517155170440674,attack,yes
2069,1,0,0.20181322226037882,-1.7018775939941406,-0.3268775939941406,attack,no
2070,1,0,0.06754669489377622,-2.9084763526916504,-0.28347641229629517,attack,no
2071,1,1,0.835483553488848,-0.5646995306015015,-2.189699649810791,attack,yes
2072,1,1,0.8933094032139576,-0.40236619114875793,-2.5273661613464355,attack,yes
2073,1,1,0.880797081106935,-0.3562259376049042,-2.3562259674072266,attack,yes
2074,1,1,0.9241418158002492,-0.33849960565567017,-2.8384995460510254,attack,yes
2075,1,1,0.9669140206578809,-0.3219805061817169,-3.6969804763793945,attack,yes
2076,1,1,0.8670357598021706,-0.4605889320373535,-2.3355889320373535,attack,yes
2077,1,1,0.957912274487423,-0.3290485739707947,-3.4540486335754395,attack,yes
2078,1,1,0.8670357735451834,-0.49998176097869873,-2.3749818801879883,attack,yes
2079,1,1,0.9796676436891864,-0.33900561928749084,-4.214005470275879,attack,yes
2080,1,1,0.9579122708828604,-0.4805205166339874,-3.605520486831665,attack,yes
2081,1,1,0.9740426454394852,-0.21037305891513824,-3.8353731632232666,attack,yes
2082,1,1,0.893309411735131,-0.5448951125144958,-2.6698951721191406,attack,yes
2083,1,1,0.9465966671870767,-0.3151302933692932,-3.1901302337646484,attack,yes
2084,1,1,0.9324533032291502,-0.32673296332359314,-2.951732873916626,attack,yes
2085,1,1,0.9324533163686646,-0.3563336133956909,-2.9813337326049805,attack,yes
2086,1,1,0.9465966732132748,-0.41324180364608765,-3.2882418632507324,attack,yes
2087,1,1,0.9241418241572634,-0.24064534902572632,-2.740645408630371,attack,yes
2088,1,1,0.5312093882168609,-0.8842405676841736,-1.0092406272888184,attack,yes
2089,1,1,0.9324533107374443,-0.38852569460868835,-3.0135257244110107,attack,yes
2090,1,1,0.9399133447766225,-0.38261327147483826,-3.132613182067871,attack,yes
2091,1,0,0.14804719427274565,-2.0627450942993164,-0.312745064496994,attack,no
2092,1,1,0.5926665855647394,-0.807354748249054,-1.1823546886444092,attack,yes
2093,1,1,0.9579122756889438,-0.331277996301651,-3.456278085708618,attack,yes
2094,1,1,0.9579122756889438,-0.3615478575229645,-3.4865479469299316,attack,yes
2095,1,1,0.9465966732132748,-0.3744482398033142,-3.249448299407959,attack,yes
2096,1,1,0.9626731126558706,-0.39321112632751465,-3.6432111263275146,attack,yes
2097,1,1,0.9149009549929797,-0.40477561950683594,-2.779775619506836,attack,yes
2098,1,1,0.9241418262465169,-0.3689512312412262,-2.8689513206481934,attack,yes
2099,1,1,0.9324533013520764,-0.38886845111846924,-3.0138683319091797,attack,yes
2100,1,0,0.033085978388704126,-3.700183391571045,-0.3251833915710449,attack,no
2101,1,0,0.2942149597859341,-1.5116815567016602,-0.6366814970970154,attack,no
2102,1,0,0.4073334000459302,-1.1976897716522217,-0.8226897716522217,attack,no
2103,1,0,0.4378234991142019,-1.1780965328216553,-0.9280965328216553,attack,no
2104,1,1,0.7772998508568416,-0.4535248875617981,-1.7035248279571533,attack,yes
2105,1,0,0.46879062662624377,-0.9553523659706116,-0.8303523659706116,attack,no
2106,1,0,0.34864513533394575,-1.330164909362793,-0.705164909362793,attack,no
2107,1,1,0.754914997895581,-0.6261853575706482,-1.751185417175293,attack,yes
2108,1,1,0.9241418241572634,-0.47610777616500854,-2.9761078357696533,attack,yes
2109,1,1,0.9324533032291502,-0.25205478072166443,-2.8770546913146973,attack,yes
2110,1,0,0.34864513533394575,-1.4775174856185913,-0.8525174856185913,attack,no
2111,1,0,0.0179862133836247,-4.18380069732666,-0.18380089104175568,attack,no
2112,1,0,0.46879062662624377,-0.9254820346832275,-0.8004820346832275,attack,no
2113,1,0,0.10669058826486906,-2.3945043087005615,-0.26950424909591675,attack,no
2114,1,1,0.9525741227833249,-0.25315865874290466,-3.2531585693359375,attack,yes
2115,1,0,0.0953494674697966,-2.55627703666687,-0.3062770664691925,attack,no
2116,1,0,0.014063626836628337,-4.470917701721191,-0.2209176868200302,attack,no
2117,1,0,0.24508501313237172,-1.6166316270828247,-0.4916316270828247,attack,no
2118,1,1,0.6513548646660542,-0.6784064769744873,-1.3034064769744873,attack,yes
2119,1,0,0.16451646699291617,-2.0652315616607666,-0.440231591463089,attack,no
2120,1,0,0.18242552380635632,-2.0429913997650146,-0.5429913997650146,attack,no
2121,1,1,0.6513548511303336,-0.7712157368659973,-1.3962156772613525,attack,yes
2122,1,0,0.08509904964767095,-2.6368391513824463,-0.26183921098709106,attack,no
2123,1,1,0.679178699175393,-0.6354767084121704,-1.3854767084121704,attack,yes
2124,1,0,0.012431652499674001,-4.4918718338012695,-0.11687196791172028,attack,no
2125,1,0,0.06754669207816587,-2.820667028427124,-0.19566704332828522,attack,no
2126,1,1,0.8175744850834649,-0.7298716902732849,-2.2298717498779297,attack,yes
2127,1,0,0.2689414096510108,-1.5518479347229004,-0.5518478751182556,attack,no
2128,1,1,0.8933094032139576,-0.37461546063423157,-2.499615430831909,attack,yes
2129,1,0,0.4378234844434674,-1.0227258205413818,-0.7727257609367371,attack,no
2130,1,1,0.5312093733737563,-0.8253140449523926,-0.9503140449523926,attack,yes
2131,1,0,0.08509905312815914,-2.563563346862793,-0.18856345117092133,attack,no
2132,1,0,0.020332350077688886,-4.064207077026367,-0.18920691311359406,attack,no
2133,1,1,0.939913343093499,-0.3162499666213989,-3.0662498474121094,attack,yes
2134,1,0,0.32082130082460697,-1.3990384340286255,-0.6490384340286255,attack,no
2135,1,0,0.14804720179063335,-2.0800042152404785,-0.3300042450428009,attack,no
2136,1,0,0.07585818002124356,-2.8261523246765137,-0.32615232467651367,attack,no
2137,1,1,0.5312093882168609,-0.9793543219566345,-1.1043543815612793,attack,yes
2138,1,0,0.22270013882530884,-1.7117669582366943,-0.46176695823669434,attack,no
2139,1,0,0.5,-0.9703750610351562,-0.9703750610351562,attack,no
2140,1,1,0.9706877684006775,-0.34695079922676086,-3.8469507694244385,attack,yes
2141,1,0,0.08509904732734556,-2.708782196044922,-0.33378222584724426,attack,no
2142,1,1,0.7981867825403176,-0.4093272387981415,-1.7843272686004639,attack,yes
2143,1,1,0.8175744850834649,-0.42268961668014526,-1.92268967628479,attack,yes
2144,1,0,0.05340333055309901,-3.1226017475128174,-0.24760176241397858,attack,no
2145,1,0,0.29421497216298875,-1.4513564109802246,-0.5763564109802246,attack,no
2146,1,1,0.5621764862150634,-0.8390889763832092,-1.0890889167785645,attack,yes
2147,1,1,0.679178699175393,-0.6864124536514282,-1.4364124536514282,attack,yes
2148,1,1,0.7057850154599563,-0.6923039555549622,-1.5673038959503174,attack,yes
2149,1,0,0.46879062662624377,-1.0970922708511353,-0.9720922708511353,attack,no
2150,1,1,0.9241418137109955,-0.39445027709007263,-2.8944501876831055,attack,yes
2151,1,1,0.9046505402422645,-0.45595306158065796,-2.7059531211853027,attack,yes
2152,1,1,0.8933094174159129,-0.7494891881942749,-2.8744893074035645,attack,yes
2153,1,1,0.9399133531922388,-0.5001363158226013,-3.250136375427246,attack,yes
2154,1,0,0.46879062662624377,-0.9689781665802002,-0.8439781665802002,attack,no
2155,1,0,0.04208772791561884,-3.404064416885376,-0.279064416885376,attack,no
2156,1,1,0.6513548646660542,-0.6969871520996094,-1.3219871520996094,attack,yes
2157,1,0,0.4378234991142019,-1.0970245599746704,-0.8470245599746704,attack,no
2158,1,0,0.4378234844434674,-1.0472660064697266,-0.7972659468650818,attack,no
2159,1,1,0.9525741308615412,-0.3040532171726227,-3.30405330657959,attack,yes
2160,1,0,0.1645164628965632,-2.220144033432007,-0.5951440334320068,attack,no
2161,1,1,0.8933094032139576,-0.37116387486457825,-2.496163845062256,attack,yes
2162,1,1,0.9626731115849659,-0.3916325867176056,-3.641632556915283,attack,yes
2163,1,1,0.8354835411997897,-0.431256502866745,-2.0562565326690674,attack,yes
2164,1,1,0.9046505402422645,-0.5363814234733582,-2.786381483078003,attack,yes
2165,1,1,0.7981867777396212,-0.6584465503692627,-2.0334465503692627,attack,yes
2166,1,1,0.7310585669110203,-0.5371158719062805,-1.5371158123016357,attack,yes
2167,1,0,0.06008665354025422,-3.0868489742279053,-0.33684903383255005,attack,no
2168,1,1,0.9149009619539553,-0.4400595724582672,-2.8150596618652344,attack,yes
2169,1,0,0.02931222905542399,-3.6633996963500977,-0.16339963674545288,attack,no
2170,1,1,0.5621765008857981,-0.73980313539505,-0.98980313539505,attack,yes
2171,1,1,0.7981867825403176,-0.4508248269557953,-1.8258248567581177,attack,yes
2172,1,0,0.46879062662624377,-1.0497422218322754,-0.9247422218322754,attack,no
2173,1,1,0.9669140254249554,-0.26310956478118896,-3.6381096839904785,attack,yes
2174,1,1,0.9149009596336303,-0.27373117208480835,-2.648731231689453,attack,yes
2175,1,1,0.8933094060543487,-0.2938103675842285,-2.4188103675842285,attack,yes
2176,1,1,0.5621765008857981,-0.8909608125686646,-1.1409608125686646,attack,yes
2177,1,0,0.20181322226037882,-1.858117699623108,-0.4831176996231079,attack,no
2178,1,1,0.914900957313305,-0.4404709041118622,-2.8154709339141846,attack,yes
2179,1,0,0.0953494648991095,-2.620352029800415,-0.37035202980041504,attack,no
2180,1,1,0.9579122708828604,-0.43393567204475403,-3.5589356422424316,attack,yes
2181,1,1,0.6513548646660542,-0.7609598636627197,-1.3859598636627197,attack,yes
2182,1,0,0.0953494674697966,-2.6215906143188477,-0.37159064412117004,attack,no
2183,1,0,0.37754066879814546,-1.4465279579162598,-0.9465279579162598,attack,no
2184,1,0,0.4073334000459302,-1.2485333681106567,-0.8735333681106567,attack,no
2185,1,0,0.13296424706933604,-2.270907402038574,-0.395907461643219,attack,no
2186,1,1,0.851952809486198,-0.8498300909996033,-2.599830150604248,attack,Yes
2187,1,1,0.9241418199787566,-0.42977333068847656,-2.9297733306884766,attack,yes
2188,1,1,0.6513548646660542,-0.6318929195404053,-1.2568929195404053,attack,yes
2189,1,1,0.8670357735451834,-0.5333207845687866,-2.408320903778076,attack,yes
2190,1,1,0.880797068590724,-0.3095429837703705,-2.3095428943634033,attack,yes
2191,1,0,0.24508501313237172,-1.6524033546447754,-0.5274033546447754,attack,no
2192,1,0,0.20181321265898594,-1.8686044216156006,-0.4936043620109558,attack,no
2193,1,0,0.08509904268669496,-2.737821102142334,-0.3628210723400116,attack,no
2194,1,0,0.09534945718704857,-2.4831771850585938,-0.2331770956516266,attack,no
2195,1,0,0.40733341443526055,-1.2316224575042725,-0.8566225171089172,attack,no
2196,1,1,0.7981867873410141,-0.5791305899620056,-1.9541306495666504,attack,yes
2197,1,0,0.08509904964767095,-2.7141366004943848,-0.33913666009902954,attack,no
2198,1,1,0.8933094032139576,-0.4257068932056427,-2.5507068634033203,attack,yes
2199,1,1,0.8519528019683106,-0.5511164665222168,-2.301116466522217,attack,yes
2200,1,0,0.20181321265898594,-1.7598814964294434,-0.3848814368247986,attack,no
2201,1,0,0.09534945461636171,-2.510887622833252,-0.2608875036239624,attack,no
2202,1,0,0.1480472055495773,-2.0545454025268555,-0.30454546213150024,attack,no
2203,1,1,0.893309411735131,-0.5450987219810486,-2.6700987815856934,attack,yes
2204,1,1,0.8933094174159129,-0.43346869945526123,-2.558468818664551,attack,yes
2205,1,1,0.7057850278370112,-0.5846265554428101,-1.45962655544281,attack,yes
2206,1,0,0.5,-0.8302756547927856,-0.8302756547927856,attack,no
2207,1,1,0.9626731083722525,-0.2211676836013794,-3.47116756439209,attack,yes
2208,1,1,0.9241418241572634,-0.28677958250045776,-2.7867796421051025,attack,yes
2209,1,0,0.5,-0.9488576054573059,-0.9488576054573059,attack,no
2210,1,0,0.05340332829327471,-3.1452114582061768,-0.27021142840385437,attack,no
2211,1,0,0.0953494648991095,-2.6507463455200195,-0.40074634552001953,attack,no
2212,1,1,0.8670357460591569,-0.4600101709365845,-2.335010051727295,attack,yes
2213,1,0,0.46879062662624377,-0.927167534828186,-0.802167534828186,attack,no
2214,1,1,0.6791787121629466,-0.6480771899223328,-1.3980772495269775,attack,yes
2215,1,0,0.11920291576401235,-2.440004348754883,-0.44000428915023804,attack,no
2216,1,1,0.6513548646660542,-0.7598279714584351,-1.384827971458435,attack,yes
2217,1,0,0.1329642333263228,-2.1796135902404785,-0.30461353063583374,attack,no
2218,1,1,0.754914975839675,-0.5068028569221497,-1.6318027973175049,attack,yes
2219,1,0,0.3775406547908327,-1.1575493812561035,-0.6575493216514587,attack,no
2220,1,1,0.5312093733737563,-1.031417965888977,-1.156417965888977,attack,yes
2221,1,1,0.9324533051062237,-0.5052357316017151,-3.1302356719970703,attack,yes
2222,1,1,0.8670357666736773,-0.39487284421920776,-2.2698729038238525,attack,yes
2223,1,1,0.9324533088603709,-0.35884547233581543,-2.9838454723358154,attack,yes
2224,1,1,0.8807970779778823,-0.4840257167816162,-2.484025716781616,attack,yes
2225,1,1,0.5926665855647394,-0.8077641129493713,-1.1827640533447266,attack,yes
2226,1,0,0.06754669301670263,-3.0579185485839844,-0.43291857838630676,attack,no
2227,1,0,0.2689414213699951,-1.4628901481628418,-0.4628901481628418,attack,no
2228,1,1,0.9525741241296944,-0.4867880940437317,-3.486788034439087,attack,yes
2229,1,1,0.9626731099786093,-0.2211952954530716,-3.4711952209472656,attack,yes
2230,1,1,0.9324533126145177,-0.4237460494041443,-3.048746109008789,attack,yes
2231,1,1,0.9399133498259924,-0.4185612201690674,-3.1685612201690674,attack,yes
2232,1,1,0.5621764862150634,-0.7953107953071594,-1.0453107357025146,attack,yes
2233,1,0,0.3486451217982255,-1.223996877670288,-0.5989968180656433,attack,no
2234,1,1,0.7310585786300049,-0.86830735206604,-1.86830735206604,attack,yes
2235,1,0,0.015906389379279733,-4.327178955078125,-0.20217880606651306,attack,no
2236,1,0,0.4073334000459302,-1.0126451253890991,-0.6376451253890991,attack,no
2237,1,1,0.817574471748733,-0.3619256317615509,-1.8619256019592285,attack,yes
2238,1,0,0.4073334000459302,-1.083974003791809,-0.7089740037918091,attack,no
2239,1,0,0.2689414272294874,-1.483215093612671,-0.4832151234149933,attack,no
2240,1,1,0.9465966671870767,-0.534363329410553,-3.409363269805908,attack,yes
2241,1,1,0.754914997895581,-0.5609399676322937,-1.6859400272369385,attack,yes
2242,1,1,0.8175744761936437,-0.5483415126800537,-2.0483415126800537,attack,yes
2243,1,1,0.9324533126145177,-0.2775079607963562,-2.902508020401001,attack,yes
2244,1,0,0.5,-0.8650369644165039,-0.8650369644165039,attack,no
2245,1,1,0.9579122684798184,-0.2731193006038666,-3.3981192111968994,attack,yes
2246,1,1,0.9399133515091156,-0.41855260729789734,-3.1685526371002197,attack,yes
2247,1,1,0.9241418199787566,-0.3115980625152588,-2.811598062515259,attack,yes
2248,1,0,0.04742587250438209,-3.1394150257110596,-0.13941501080989838,attack,no
2249,1,1,0.9669140216112958,-0.21882152557373047,-3.5938215255737305,attack,yes
2250,1,1,0.9324533126145177,-0.29976290464401245,-2.9247629642486572,attack,yes
2251,1,1,0.8175744673038221,-0.5491448044776917,-2.049144744873047,attack,yes
2252,1,1,0.8354835289107309,-0.7074928879737854,-2.3324928283691406,attack,yes
2253,1,1,0.8670357460591569,-0.3687249422073364,-2.243724822998047,attack,yes
2254,1,1,0.9324533126145177,-0.5504798293113708,-3.1754798889160156,attack,yes
2255,1,1,0.8807970748488297,-0.37978294491767883,-2.3797829151153564,attack,yes
2256,1,1,0.9149009642742806,-0.37966763973236084,-2.7546677589416504,attack,yes
2257,1,1,0.9465966656805269,-0.41306957602500916,-3.288069486618042,attack,yes
2258,1,1,0.9046505299595163,-0.3849213719367981,-2.6349213123321533,attack,yes
2259,1,1,0.914900950352329,-0.40247994661331177,-2.777479887008667,attack,yes
2260,1,1,0.7057850154599563,-0.6263025403022766,-1.5013024806976318,attack,yes
2261,1,1,0.9465966732132748,-0.29065126180648804,-3.165651321411133,attack,yes
2262,1,0,0.1645164628965632,-1.9374613761901855,-0.31246137619018555,attack,no
2263,1,1,0.9579122732859019,-0.3993994891643524,-3.524399518966675,attack,yes
2264,1,1,0.9046505351008906,-0.41660547256469727,-2.6666054725646973,attack,yes
2265,1,0,0.06754668550840877,-2.835118293762207,-0.21011820435523987,attack,no
2266,1,1,0.7057850278370112,-0.5988330841064453,-1.4738330841064453,attack,yes
2267,1,0,0.4378234991142019,-0.9682701230049133,-0.7182701230049133,attack,no
2268,1,1,0.9241418220680101,-0.3655101954936981,-2.8655102252960205,attack,yes
2269,1,0,0.22270013882530884,-1.763582468032837,-0.5135824680328369,attack,no
2270,1,1,0.9465966702001757,-0.4493234157562256,-3.3243234157562256,attack,yes
2271,1,1,0.9324533107374443,-0.35323163866996765,-2.97823166847229,attack,yes
2272,1,1,0.798186768138228,-0.7051005959510803,-2.0801005363464355,attack,yes
2273,1,1,0.9579122768904644,-0.3634108304977417,-3.4884109497070312,attack,yes
2274,1,1,0.9525741214369554,-0.40101826190948486,-3.4010181427001953,attack,yes
2275,1,1,0.8354835452961425,-0.5651118159294128,-2.1901118755340576,attack,yes
2276,1,1,0.9046505428129514,-0.3284114897251129,-2.57841157913208,attack,yes
2277,1,1,0.9149009538328171,-0.23574115335941315,-2.610741138458252,attack,yes
2278,1,1,0.5312093733737563,-0.8147218227386475,-0.9397218227386475,attack,yes
2279,1,1,0.8670357701094303,-0.45974984765052795,-2.334749937057495,attack,yes
2280,1,0,0.2689414272294874,-1.4920543432235718,-0.49205437302589417,attack,no
2281,1,1,0.9241418158002492,-0.43704754114151,-2.9370474815368652,attack,yes
2282,1,0,0.4378234991142019,-0.916746973991394,-0.666746973991394,attack,no
2283,1,0,0.20181322226037882,-1.8874684572219849,-0.5124684572219849,attack,no
2284,1,1,0.754914975839675,-0.5260470509529114,-1.6510469913482666,attack,yes
2285,1,1,0.9465966732132748,-0.3384386897087097,-3.2134387493133545,attack,yes
2286,1,1,0.9324533069832973,-0.35639145970344543,-2.981391429901123,attack,yes
2287,1,1,0.8933093946927838,-0.4258071184158325,-2.550806999206543,attack,yes
2288,1,1,0.9399133481428692,-0.316360741853714,-3.0663607120513916,attack,yes
2289,1,0,0.18242552825126704,-1.8977872133255005,-0.3977872431278229,attack,no
2290,1,0,0.18242551491653522,-1.8421289920806885,-0.3421289324760437,attack,no
2291,1,0,0.2689414213699951,-1.4340543746948242,-0.4340543746948242,attack,no
2292,1,1,0.9046505351008906,-0.494403600692749,-2.744403600692749,attack,yes
2293,1,0,0.32082130082460697,-1.325516939163208,-0.575516939163208,attack,no
2294,1,1,0.8807970779778823,-0.38240551948547363,-2.3824055194854736,attack,yes
2295,1,0,0.037326884666868405,-3.3841371536254883,-0.1341370791196823,attack,no
2296,1,1,0.9525741241296944,-0.2810717225074768,-3.281071662902832,attack,yes
2297,1,1,0.9149009549929797,-0.4871246814727783,-2.8621246814727783,attack,yes
2298,1,1,0.9046505376715775,-0.41666528582572937,-2.6666653156280518,attack,yes
2299,1,1,0.8354835207180245,-0.45971786975860596,-2.0847177505493164,attack,yes
2300,1,1,0.7057850154599563,-0.590499222278595,-1.4654991626739502,attack,yes
2301,1,1,0.9324533032291502,-0.4237121045589447,-3.0487120151519775,attack,yes
2302,1,0,0.24508501864634827,-1.4590808153152466,-0.33408084511756897,attack,no
2303,1,1,0.914900957313305,-0.47903677821159363,-2.854036808013916,attack,yes
2304,1,1,0.9241418241572634,-0.3359922766685486,-2.8359923362731934,attack,yes
2305,1,1,0.9525741227833249,-0.33575090765953064,-3.3357508182525635,attack,yes
2306,1,0,0.46879062662624377,-0.8863874077796936,-0.7613874077796936,attack,no
2307,1,1,0.880797071719777,-0.4785926938056946,-2.47859263420105,attack,yes
2308,1,1,0.904650527388829,-0.2828243672847748,-2.5328242778778076,attack,yes
2309,1,1,0.9399133481428692,-0.3496091663837433,-3.099609136581421,attack,yes
2310,1,1,0.9046505299595163,-0.6798632740974426,-2.929863214492798,attack,yes
2311,1,1,0.962673116404036,-0.22117532789707184,-3.4711754322052,attack,yes
2312,1,0,0.3775406828054583,-1.1658978462219238,-0.6658979058265686,attack,no
2313,1,1,0.880797068590724,-0.3528684079647064,-2.3528683185577393,attack,yes
2314,1,1,0.8519527906914787,-0.38676008582115173,-2.1367599964141846,attack,yes
2315,1,0,0.2689414213699951,-1.6102244853973389,-0.6102244853973389,attack,no
2316,1,1,0.8933094145755219,-0.3679176867008209,-2.492917776107788,attack,yes
2317,1,1,0.7772998405389918,-0.8667522668838501,-2.1167521476745605,attack,yes
2318,1,1,0.8175744584140004,-0.594061017036438,-2.0940608978271484,attack,yes
2319,1,1,0.8933094032139576,-0.3978116810321808,-2.5228116512298584,attack,yes
2320,1,1,0.7981867825403176,-0.38641080260276794,-1.7614108324050903,attack,yes
2321,1,0,0.29421496597446145,-1.3105982542037964,-0.435598224401474,attack,no
2322,1,1,0.9465966671870767,-0.26103121042251587,-3.136031150817871,attack,yes
2323,1,0,0.4073334000459302,-1.127803087234497,-0.7528030872344971,attack,no
2324,1,0,0.1480472055495773,-2.1178417205810547,-0.36784178018569946,attack,no
2325,1,1,0.6513548782017746,-0.6885706782341003,-1.3135707378387451,attack,yes
2326,1,1,0.835483553488848,-0.5263093709945679,-2.1513094902038574,attack,yes
2327,1,1,0.8175744761936437,-0.45215654373168945,-1.9521565437316895,attack,yes
2328,1,1,0.754914997895581,-0.5540229678153992,-1.679023027420044,attack,yes
2329,1,1,0.8807970748488297,-0.41153839230537415,-2.4115383625030518,attack,yes
2330,1,1,0.798186768138228,-0.6173258423805237,-1.992325782775879,attack,yes
2331,1,1,0.9626731147976793,-0.3275684714317322,-3.577568531036377,attack,yes
2332,1,1,0.9046505402422645,-0.30695074796676636,-2.556950807571411,attack,yes
2333,1,1,0.9740426435557125,-0.2835087478160858,-3.908508777618408,attack,yes
2334,1,1,0.5926665999540697,-0.7294908761978149,-1.104490876197815,attack,yes
2335,1,1,0.89330940889474,-0.371658056974411,-2.4966580867767334,attack,yes
2336,1,1,0.9241418220680101,-0.3355805575847626,-2.835580587387085,attack,yes
2337,1,0,0.1480472055495773,-2.124005079269409,-0.37400513887405396,attack,no
2338,1,1,0.8519527944504226,-0.6880741715431213,-2.4380741119384766,attack,yes
2339,1,1,0.8354835371034369,-0.4881324768066406,-2.1131324768066406,attack,yes
2340,1,1,0.9525741308615412,-0.25319066643714905,-3.253190755844116,attack,yes
2341,1,1,0.5926665999540697,-0.6883900165557861,-1.0633900165557861,attack,yes
2342,1,1,0.9399133515091156,-0.3453938663005829,-3.0953938961029053,attack,yes
2343,1,0,0.037326884131416216,-3.6467552185058594,-0.3967551290988922,attack,no
2344,1,1,0.9465966717067252,-0.2859468162059784,-3.160946846008301,attack,yes
2345,1,1,0.9579122672782973,-0.3307391405105591,-3.4557390213012695,attack,yes
2346,1,1,0.939913356558485,-0.34764564037323,-3.0976457595825195,attack,yes
2347,1,1,0.9399133481428692,-0.37987759709358215,-3.1298775672912598,attack,yes
2348,1,1,0.9579122720843811,-0.30175161361694336,-3.4267516136169434,attack,yes
2349,1,0,0.5,-1.0211219787597656,-1.0211219787597656,attack,no
2350,1,1,0.6791786861878392,-0.6872220635414124,-1.4372220039367676,attack,yes
2351,1,0,0.4378234991142019,-1.0341856479644775,-0.7841856479644775,attack,no
2352,1,1,0.9046505351008906,-0.304537296295166,-2.554537296295166,attack,yes
2353,1,0,0.5,-0.9885138273239136,-0.9885138273239136,attack,no
2354,1,1,0.914900945711678,-0.37318336963653564,-2.748183250427246,attack,yes
2355,1,1,0.9324533107374443,-0.35604140162467957,-2.981041431427002,attack,yes
2356,1,1,0.9626731105140616,-0.35783320665359497,-3.60783314704895,attack,yes
2357,1,1,0.9324533013520764,-0.3268214464187622,-2.9518213272094727,attack,yes
2358,1,1,0.8175744761936437,-0.4535098075866699,-1.95350980758667,attack,yes
2359,1,1,0.9626731105140616,-0.24328428506851196,-3.493284225463867,attack,yes
2360,1,1,0.880797068590724,-0.47893938422203064,-2.4789392948150635,attack,yes
2361,1,1,0.9149009642742806,-0.5760773420333862,-2.951077461242676,attack,yes
2362,1,1,0.9324533051062237,-0.3559148907661438,-2.980914831161499,attack,yes
2363,1,1,0.9579122672782973,-0.3310786485671997,-3.45607852935791,attack,yes
2364,1,1,0.9046505299595163,-0.4169071316719055,-2.6669070720672607,attack,yes
2365,1,1,0.9626731147976793,-0.43040722608566284,-3.6804072856903076,attack,yes
2366,1,1,0.8519528057272543,-0.41611501574516296,-2.1661150455474854,attack,yes
2367,1,0,0.46879064146934857,-1.0966763496398926,-0.9716764092445374,attack,no
2368,1,1,0.9579122732859019,-0.30081555247306824,-3.4258155822753906,attack,yes
2369,1,1,0.9626731094431571,-0.26864585280418396,-3.518645763397217,attack,yes
2370,1,1,0.7981867777396212,-0.5002963542938232,-1.8752963542938232,attack,yes
2371,1,1,0.8354835493924953,-0.43075767159461975,-2.055757761001587,attack,yes
2372,1,1,0.9465966762263737,-0.5901135206222534,-3.465113639831543,attack,yes
2373,1,1,0.9579122708828604,-0.3614082634449005,-3.486408233642578,attack,yes
2374,1,1,0.9669140244715405,-0.3528725206851959,-3.727872610092163,attack,yes
2375,1,0,0.2018132174596823,-1.7728544473648071,-0.39785441756248474,attack,no
2376,1,1,0.851952809486198,-0.34355729818344116,-2.093557357788086,attack,yes
2377,1,1,0.9626731115849659,-0.3577573597431183,-3.607757329940796,attack,yes
2378,1,1,0.9525741268224334,-0.3077070713043213,-3.3077070713043213,attack,yes
2379,1,1,0.893309411735131,-0.4654375910758972,-2.590437650680542,attack,yes
2380,1,1,0.8519527944504226,-0.5124388337135315,-2.2624387741088867,attack,yes
2381,1,1,0.9525741254760638,-0.3076801598072052,-3.307680130004883,attack,yes
2382,1,1,0.8175744761936437,-0.5541849136352539,-2.054184913635254,attack,yes
2383,1,0,0.46879062662624377,-0.8602387309074402,-0.7352387309074402,attack,no
2384,1,1,0.9525741308615412,-0.30566802620887756,-3.3056681156158447,attack,yes
2385,1,1,0.9324533088603709,-0.3911576271057129,-3.016157627105713,attack,yes
2386,1,1,0.867035763237924,-0.3442084491252899,-2.2192084789276123,attack,yes
2387,1,1,0.966914019704466,-0.3527238965034485,-3.7277238368988037,attack,yes
2388,1,1,0.952574129515172,-0.2520124316215515,-3.2520124912261963,attack,yes
2389,1,1,0.9149009526726544,-0.3758595287799835,-2.750859498977661,attack,yes
2390,1,1,0.9525741268224334,-0.30565500259399414,-3.305655002593994,attack,yes
2391,1,1,0.9525741268224334,-0.3677394390106201,-3.36773943901062,attack,yes
2392,1,1,0.9149009596336303,-0.27157706022262573,-2.6465771198272705,attack,yes
2393,1,1,0.8175744939732856,-0.6946862936019897,-2.1946864128112793,attack,yes
2394,1,0,0.3775406547908327,-1.1664340496063232,-0.6664339900016785,attack,no
2395,1,0,0.13296423504419938,-2.096334457397461,-0.22133441269397736,attack,no
2396,1,1,0.7981867873410141,-0.4458600878715515,-1.8208601474761963,attack,yes
2397,1,1,0.6224593312018546,-0.7616927623748779,-1.261692762374878,attack,yes
2398,1,1,0.9465966702001757,-0.4914872646331787,-3.3664872646331787,attack,yes
2399,1,1,0.7772998714925403,-0.6358193755149841,-1.885819435119629,attack,yes
2400,1,0,0.3486451217982255,-1.1969475746154785,-0.5719475150108337,attack,no
2401,1,0,0.29421497216298875,-1.4274073839187622,-0.5524073839187622,attack,no
2402,1,0,0.32082130082460697,-1.5513243675231934,-0.8013243675231934,attack,no
2403,1,0,0.04742587587030561,-3.311204671859741,-0.311204731464386,attack,no
2404,1,1,0.8354835330070839,-0.40576890110969543,-2.030768871307373,attack,yes
2405,1,0,0.22270013882530884,-1.823767066001892,-0.5737670660018921,attack,no
2406,1,1,0.5312093733737563,-0.835243821144104,-0.960243821144104,attack,yes
2407,1,0,0.20181322226037882,-1.9103875160217285,-0.5353875160217285,attack,no
2408,1,0,0.06754668550840877,-2.9612979888916016,-0.3362978994846344,attack,no
2409,1,0,0.4378234991142019,-1.0830751657485962,-0.8330751657485962,attack,no
2410,1,1,0.9241418220680101,-0.36074087023735046,-2.860740900039673,attack,yes
2411,1,0,0.22270014398423357,-1.7349308729171753,-0.4849309027194977,attack,no
2412,1,0,0.5,-1.0153976678848267,-1.0153976678848267,attack,no
2413,1,0,0.05340332678672523,-3.1445529460906982,-0.26955288648605347,attack,no
2414,1,0,0.0373268852023206,-3.5260586738586426,-0.2760586142539978,attack,no
2415,1,0,0.3775406547908327,-1.255394458770752,-0.7553943991661072,attack,no
2416,1,0,0.3208212878370535,-1.3222746849060059,-0.5722746253013611,attack,no
2417,1,0,0.1066905825840872,-2.5096912384033203,-0.38469111919403076,attack,no
2418,1,0,0.37754066879814546,-1.3215970993041992,-0.8215970993041992,attack,no
2419,1,0,0.03732689109229525,-3.4236836433410645,-0.1736837476491928,attack,no
2420,1,1,0.8670357666736773,-0.3979489207267761,-2.272948980331421,attack,yes
2421,1,0,0.0953494674697966,-2.592130422592163,-0.3421304523944855,attack,no
2422,1,0,0.14804719427274565,-2.182340621948242,-0.4323405921459198,attack,no
2423,1,0,0.4073334000459302,-1.3496830463409424,-0.9746830463409424,attack,no
2424,1,0,0.24508501313237172,-1.69875967502594,-0.5737596750259399,attack,no
2425,1,0,0.1066905911052601,-2.487393379211426,-0.3623933494091034,attack,no
2426,1,1,0.754914997895581,-0.5605573058128357,-1.6855573654174805,attack,yes
2427,1,0,0.07585818419975078,-2.8474907875061035,-0.3474908471107483,attack,no
2428,1,1,0.5926665999540697,-0.8380998373031616,-1.2130998373031616,attack,yes
2429,1,0,0.22270013882530884,-1.7621461153030396,-0.5121461153030396,attack,no
2430,1,0,0.46879062662624377,-0.8500773906707764,-0.7250773906707764,attack,no
2431,1,1,0.5621765155565327,-0.9024016261100769,-1.1524016857147217,attack,yes
2432,1,0,0.29421497216298875,-1.5709946155548096,-0.6959946155548096,attack,no
2433,1,1,0.9149009642742806,-0.3469022512435913,-2.721902370452881,attack,yes
2434,1,1,0.6513548511303336,-0.7509992718696594,-1.3759992122650146,attack,yes
2435,1,0,0.09534947261117097,-2.5118656158447266,-0.2618657052516937,attack,no
2436,1,0,0.3208212878370535,-1.4289069175720215,-0.6789068579673767,attack,no
2437,1,1,0.6224593312018546,-0.7606918811798096,-1.2606918811798096,attack,yes
2438,1,0,0.13296423676207594,-2.200594186782837,-0.3255941569805145,attack,no
2439,1,1,0.9465966671870767,-0.4917605519294739,-3.366760492324829,attack,yes
2440,1,0,0.10669059678604234,-2.437516927719116,-0.3125169575214386,attack,no
2441,1,0,0.2942149597859341,-1.4662351608276367,-0.5912351012229919,attack,no
2442,1,0,0.06754669677084987,-3.0249669551849365,-0.3999670445919037,attack,no
2443,1,1,0.8354835330070839,-0.4093950092792511,-2.0343949794769287,attack,yes
2444,1,1,0.914900950352329,-0.31992822885513306,-2.6949281692504883,attack,yes
2445,1,1,0.7057850278370112,-0.8637516498565674,-1.7387516498565674,attack,yes
2446,1,0,0.4073333856566001,-1.0846621990203857,-0.709662139415741,attack,no
2447,1,1,0.9740426458162398,-0.46305596828460693,-4.0880560874938965,attack,yes
2448,1,0,0.022977370913592487,-3.906388282775879,-0.1563883274793625,attack,no
2449,1,1,0.6224593312018546,-0.7413592338562012,-1.2413592338562012,attack,yes
2450,1,1,0.9324533144915912,-0.38865962624549866,-3.013659715652466,attack,yes
2451,1,0,0.06754669020109236,-2.783810615539551,-0.1588106006383896,attack,no
2452,1,1,0.8807970873650403,-0.44776931405067444,-2.4477694034576416,attack,yes
2453,1,1,0.7310585903489892,-0.5636124014854431,-1.563612461090088,attack,yes
2454,1,1,0.5312093733737563,-0.8055055737495422,-0.9305055737495422,attack,yes
2455,1,0,0.29421497216298875,-1.3977959156036377,-0.5227959156036377,attack,no
2456,1,1,0.9465966656805269,-0.40812787413597107,-3.283127784729004,attack,yes
2457,1,0,0.13296423676207594,-2.1643571853637695,-0.28935715556144714,attack,no
2458,1,0,0.06008665354025422,-2.951772451400757,-0.2017725110054016,attack,no
2459,1,0,0.0850990357257195,-2.792966842651367,-0.41796672344207764,attack,no
2460,1,0,0.1645164792819756,-2.0319647789001465,-0.40696489810943604,attack,no
2461,1,1,0.7981867825403176,-0.3898293673992157,-1.764829397201538,attack,yes
2462,1,0,0.29421497216298875,-1.5247787237167358,-0.6497787237167358,attack,no
2463,1,0,0.053403329046549465,-3.083857536315918,-0.20885752141475677,attack,no
2464,1,0,0.10669058826486906,-2.509950876235962,-0.38495081663131714,attack,no
2465,1,0,0.3486451217982255,-1.1349503993988037,-0.5099503397941589,attack,no
2466,1,0,0.34864513533394575,-1.3319703340530396,-0.7069703340530396,attack,no
2467,1,0,0.06754668738548215,-2.8477437496185303,-0.2227436900138855,attack,no
2468,1,0,0.08509904036636974,-2.547722101211548,-0.17272204160690308,attack,no
2469,1,0,0.14804719051380197,-2.2555410861968994,-0.5055410265922546,attack,no
2470,1,0,0.4073334000459302,-1.1401633024215698,-0.7651633024215698,attack,no
2471,1,0,0.08509904500702024,-2.6614866256713867,-0.2864866256713867,attack,no
2472,1,1,0.8933094060543487,-0.5963683128356934,-2.7213683128356934,attack,yes
2473,1,1,0.6224593452091672,-0.7325977683067322,-1.232597827911377,attack,yes
2474,1,0,0.03732688573777281,-3.4995014667510986,-0.24950142204761505,attack,no
2475,1,0,0.4073333856566001,-1.0413825511932373,-0.6663824915885925,attack,no
2476,1,0,0.4073334000459302,-0.9588305950164795,-0.5838305950164795,attack,no
2477,1,1,0.851952809486198,-0.6460890173912048,-2.3960890769958496,attack,yes
2478,1,0,0.10669059678604234,-2.3840560913085938,-0.25905612111091614,attack,no
2479,1,1,0.9324533032291502,-0.42783746123313904,-3.052837371826172,attack,yes
2480,1,1,0.8933093975331751,-0.31709250807762146,-2.4420924186706543,attack,yes
2481,1,0,0.10669059394565118,-2.4861409664154053,-0.3611409664154053,attack,no
2482,1,1,0.8519528057272543,-0.4119848906993866,-2.161984920501709,attack,yes
2483,1,1,0.679178699175393,-0.7207578420639038,-1.4707578420639038,attack,yes
2484,1,0,0.01798620575097472,-4.184297561645508,-0.1842973232269287,attack,no
2485,1,0,0.46879062662624377,-0.9098401069641113,-0.7848401069641113,attack,no
2486,1,1,0.9399133531922388,-0.4534606337547302,-3.203460693359375,attack,yes
2487,1,0,0.11920293453832885,-2.3736395835876465,-0.37363970279693604,attack,no
2488,1,1,0.7981867873410141,-0.5002309679985046,-1.8752310276031494,attack,yes
2489,1,1,0.8354835289107309,-0.5263355374336243,-2.1513354778289795,attack,yes
2490,1,0,0.22270014914315833,-1.5986459255218506,-0.34864598512649536,attack,no
2491,1,1,0.6513548646660542,-0.7192064523696899,-1.34420645236969,attack,yes
2492,1,1,0.9626731115849659,-0.3563862144947052,-3.606386184692383,attack,yes
2493,1,1,0.6224593452091672,-0.73214191198349,-1.2321419715881348,attack,yes
2494,1,1,0.9465966702001757,-0.3384091854095459,-3.213409185409546,attack,yes
2495,1,0,0.14804721306746543,-2.0464320182800293,-0.29643213748931885,attack,no
2496,1,0,0.0953494648991095,-2.5119314193725586,-0.2619314193725586,attack,no
2497,1,1,0.835483553488848,-0.6210755109786987,-2.2460756301879883,attack,yes
2498,1,1,0.8670357666736773,-0.4557482600212097,-2.3307483196258545,attack,yes
2499,1,1,0.7981867777396212,-0.6092551946640015,-1.9842551946640015,attack,yes
2500,1,1,0.7057850154599563,-0.8635101914405823,-1.7385101318359375,attack,yes
2501,1,1,0.9465966732132748,-0.3403729796409607,-3.2153730392456055,attack,yes
2502,1,1,0.6224593312018546,-0.7319666147232056,-1.2319666147232056,attack,yes
2503,1,1,0.9046505376715775,-0.30452701449394226,-2.5545270442962646,attack,yes
2504,1,1,0.9399133481428692,-0.318297415971756,-3.0682973861694336,attack,yes
2505,1,0,0.16451647108926923,-2.180971384048462,-0.5559714436531067,attack,no
2506,1,1,0.6224593452091672,-0.7330076098442078,-1.2330076694488525,attack,yes
2507,1,1,0.8354835452961425,-0.5779651999473572,-2.202965259552002,attack,yes
2508,1,0,0.34864513533394575,-1.1967074871063232,-0.5717074871063232,attack,no
2509,1,1,0.9324533051062237,-0.46221262216567993,-3.087212562561035,attack,yes
2510,1,1,0.7549149868676283,-0.6643604040145874,-1.7893604040145874,attack,yes
2511,1,1,0.8354835371034369,-0.5033478736877441,-2.128347873687744,attack,yes
2512,1,1,0.8670357460591569,-0.635837197303772,-2.5108370780944824,attack,yes
2513,1,0,0.02297736857193652,-3.9069786071777344,-0.1569785475730896,attack,no
2514,1,1,0.8354835289107309,-0.644374668598175,-2.2693746089935303,attack,yes
2515,1,1,0.5926665999540697,-0.8182125091552734,-1.1932125091552734,attack,yes
2516,1,1,0.7310585786300049,-0.5094479322433472,-1.5094479322433472,attack,yes
2517,1,1,0.7772998611746911,-0.5313428640365601,-1.78134286403656,attack,yes
2518,1,0,0.4073334000459302,-0.9937736392021179,-0.6187736392021179,attack,no
2519,1,1,0.9579122720843811,-0.3992319107055664,-3.5242319107055664,attack,yes
2520,1,1,0.9324533126145177,-0.3019360899925232,-2.926936149597168,attack,yes
2521,1,1,0.5621764862150634,-0.8693385720252991,-1.1193385124206543,attack,yes
2522,1,1,0.9626731126558706,-0.47467827796936035,-3.7246782779693604,attack,yes
2523,1,1,0.679178699175393,-0.8396965265274048,-1.5896965265274048,attack,yes
2524,1,1,0.7310585786300049,-0.6088366508483887,-1.6088366508483887,attack,yes
2525,1,1,0.9465966732132748,-0.4915587306022644,-3.366558790206909,attack,yes
2526,1,1,0.966914019704466,-0.29060178995132446,-3.6656017303466797,attack,yes
2527,1,1,0.914900950352329,-0.5247099995613098,-2.899709939956665,attack,yes
2528,1,1,0.9324533013520764,-0.504494309425354,-3.1294941902160645,attack,yes
2529,1,0,0.18242552380635632,-1.9850859642028809,-0.48508596420288086,attack,no
2530,1,1,0.9579122696813394,-0.36185723543167114,-3.4868571758270264,attack,yes
2531,1,1,0.9046505325302034,-0.35935452580451965,-2.6093544960021973,attack,yes
2532,1,1,0.6224593312018546,-0.6117159128189087,-1.1117159128189087,attack,yes
2533,1,1,0.8670357666736773,-0.4596049189567566,-2.3346049785614014,attack,yes
2534,1,1,0.9706877692486436,-0.3814966678619385,-3.8814966678619385,attack,yes
2535,1,0,0.4073334000459302,-1.114575743675232,-0.7395757436752319,attack,no
2536,1,1,0.5312093733737563,-0.9442431926727295,-1.0692431926727295,attack,yes
2537,1,0,0.06754668550840877,-2.891164541244507,-0.2661644518375397,attack,no
2538,1,0,0.13296425394084313,-2.271097183227539,-0.3960973024368286,attack,no
2539,1,1,0.9626731137267751,-0.2689068019390106,-3.518906831741333,attack,yes
2540,1,1,0.9324533144915912,-0.35615864396095276,-2.98115873336792,attack,yes
2541,1,1,0.7310585669110203,-0.6790869832038879,-1.6790869235992432,attack,yes
2542,1,1,0.9669140244715405,-0.32014456391334534,-3.6951446533203125,attack,yes
2543,1,1,0.9324533126145177,-0.3561496138572693,-2.981149673461914,attack,yes
2544,1,0,0.4378234991142019,-1.0120214223861694,-0.7620214223861694,attack,no
2545,1,0,0.5,-0.8103483319282532,-0.8103483319282532,attack,no
2546,1,0,0.4378235137849365,-1.003946304321289,-0.7539463639259338,attack,no
2547,1,1,0.867035752930664,-0.5291250348091125,-2.4041249752044678,attack,yes
2548,1,1,0.8175744850834649,-0.48790234327316284,-1.9879024028778076,attack,yes
2549,1,1,0.7981867777396212,-0.5052077770233154,-1.8802077770233154,attack,yes
2550,1,0,0.2689414330889798,-1.4283008575439453,-0.4283009171485901,attack,no
2551,1,1,0.939913343093499,-0.34984076023101807,-3.0998406410217285,attack,yes
2552,1,1,0.6513548511303336,-0.8363497853279114,-1.4613497257232666,attack,yes
2553,1,1,0.8933094174159129,-0.5453342199325562,-2.6703343391418457,attack,yes
2554,1,1,0.8519528019683106,-0.45006704330444336,-2.2000670433044434,attack,yes
2555,1,1,0.8175744939732856,-0.5545490980148315,-2.054549217224121,attack,yes
2556,1,1,0.9399133498259924,-0.4151320457458496,-3.1651320457458496,attack,yes
2557,1,1,0.9149009619539553,-0.4081677496433258,-2.783167839050293,attack,yes
2558,1,0,0.13296424019782924,-2.1716666221618652,-0.29666662216186523,attack,no
2559,1,1,0.8519528019683106,-0.4162306785583496,-2.1662306785583496,attack,yes
2560,1,0,0.1329642264548166,-2.3971290588378906,-0.5221289396286011,attack,no
2561,1,0,0.18242552825126704,-1.9366613626480103,-0.43666139245033264,attack,no
2562,1,1,0.7772998611746911,-0.5315283536911011,-1.781528353691101,attack,yes
2563,1,0,0.13296424706933604,-2.332484722137451,-0.45748478174209595,attack,no
2564,1,1,0.5621765008857981,-0.9773460626602173,-1.2273460626602173,attack,yes
2565,1,1,0.8933094032139576,-0.40133336186408997,-2.5263333320617676,attack,yes
2566,1,1,0.9324533069832973,-0.39113643765449524,-3.016136407852173,attack,yes
2567,1,1,0.9465966656805269,-0.25721821188926697,-3.1322181224823,attack,yes
2568,1,1,0.7310585786300049,-0.6233644485473633,-1.6233644485473633,attack,yes
2569,1,1,0.6224593171945417,-0.6820703148841858,-1.182070255279541,attack,yes
2570,1,1,0.8670357494949105,-0.28645119071006775,-2.1614511013031006,attack,yes
2571,1,1,0.9465966641739773,-0.2611037492752075,-3.136103630065918,attack,yes
2572,1,1,0.8175744761936437,-0.5415480136871338,-2.041548013687134,attack,yes
2573,1,1,0.9525741322079105,-0.28054940700531006,-3.2805495262145996,attack,yes
2574,1,1,0.8670357735451834,-0.3065088987350464,-2.181509017944336,attack,yes
2575,1,1,0.8670357563664174,-0.4270649254322052,-2.302064895629883,attack,yes
2576,1,1,0.754914997895581,-0.592430055141449,-1.7174301147460938,attack,yes
2577,1,1,0.9399133498259924,-0.3796532154083252,-3.129653215408325,attack,yes
2578,1,1,0.851952809486198,-0.44600456953048706,-2.196004629135132,attack,yes
2579,1,1,0.9399133464597458,-0.38248831033706665,-3.132488250732422,attack,yes
2580,1,1,0.798186768138228,-0.4769514203071594,-1.8519513607025146,attack,yes
2581,1,0,0.2942149597859341,-1.6578254699707031,-0.7828254103660583,attack,no
2582,1,1,0.754914975839675,-0.6259270310401917,-1.7509269714355469,attack,yes
2583,1,0,0.24508501864634827,-1.5201889276504517,-0.39518895745277405,attack,no
2584,1,1,0.8175744939732856,-0.6268137693405151,-2.1268138885498047,attack,yes
2585,1,1,0.9579122696813394,-0.30091339349746704,-3.4259133338928223,attack,yes
2586,1,1,0.6224593312018546,-0.7328358888626099,-1.2328358888626099,attack,yes
2587,1,1,0.9241418220680101,-0.4301616847515106,-2.930161714553833,attack,yes
2588,1,0,0.24508501864634827,-1.5381540060043335,-0.4131540358066559,attack,no
2589,1,1,0.9669140206578809,-0.29213741421699524,-3.667137384414673,attack,yes
2590,1,0,0.20181322226037882,-1.9936118125915527,-0.6186118125915527,attack,no
2591,1,1,0.8807970654616711,-0.38379061222076416,-2.3837904930114746,attack,yes
2592,1,1,0.7057850402140659,-0.6502975821495056,-1.5252976417541504,attack,yes
2593,1,1,0.798186768138228,-0.5007081627845764,-1.8757081031799316,attack,yes
2594,1,1,0.9241418283357702,-0.510424017906189,-3.0104241371154785,attack,yes
2595,1,1,0.9241418137109955,-0.36549481749534607,-2.865494728088379,attack,yes
2596,1,1,0.924141817889503,-0.30879953503608704,-2.8087995052337646,attack,yes
2597,1,1,0.679178699175393,-0.6645290851593018,-1.4145290851593018,attack,yes
2598,1,1,0.914900945711678,-0.4082885980606079,-2.7832884788513184,attack,yes
2599,1,1,0.9525741274956179,-0.23256634175777435,-3.2325663566589355,attack,yes
2600,1,1,0.9525741322079105,-0.2788594961166382,-3.2788596153259277,attack,yes
2601,1,0,0.37754066879814546,-1.3190443515777588,-0.8190443515777588,attack,no
2602,1,1,0.7310585786300049,-0.5327932834625244,-1.5327932834625244,attack,yes
2603,1,1,0.9525741227833249,-0.48403462767601013,-3.484034538269043,attack,yes
2604,1,1,0.8519528019683106,-0.4409658908843994,-2.1909658908843994,attack,yes
2605,1,0,0.10669060530721626,-2.417285919189453,-0.2922860383987427,attack,no
2606,1,1,0.9525741254760638,-0.40171435475349426,-3.401714324951172,attack,yes
2607,1,1,0.8175744850834649,-0.5551411509513855,-2.0551412105560303,attack,yes
2608,1,1,0.8933094003735664,-0.3685348629951477,-2.493534803390503,attack,yes
2609,1,1,0.9626731115849659,-0.3936658203601837,-3.6436657905578613,attack,yes
2610,1,1,0.7549149868676283,-0.5254768133163452,-1.6504768133163452,attack,yes
2611,1,1,0.8519527944504226,-0.593217670917511,-2.343217611312866,attack,yes
2612,1,1,0.5621765008857981,-0.7580350637435913,-1.0080350637435913,attack,yes
2613,1,1,0.9399133498259924,-0.5913898944854736,-3.3413898944854736,attack,yes
2614,1,0,0.01406362601015982,-4.411468029022217,-0.16146795451641083,attack,no
2615,1,1,0.9465966686936261,-0.2861216366291046,-3.1611216068267822,attack,yes
2616,1,1,0.9525741308615412,-0.3659578859806061,-3.3659579753875732,attack,yes
2617,1,1,0.8670357735451834,-0.53313148021698,-2.4081315994262695,attack,yes
2618,1,1,0.8807970779778823,-0.4163320064544678,-2.4163320064544678,attack,yes
2619,1,1,0.914900945711678,-0.40531980991363525,-2.7803196907043457,attack,yes
2620,1,1,0.7549149868676283,-0.8394924402236938,-1.9644924402236938,attack,yes
2621,1,0,0.40733341443526055,-1.0553624629974365,-0.6803625226020813,attack,no
2622,1,1,0.914900945711678,-0.31689465045928955,-2.69189453125,attack,yes
2623,1,1,0.8175744850834649,-0.5859186053276062,-2.085918664932251,attack,yes
2624,1,1,0.9525741281688026,-0.2805602252483368,-3.280560255050659,attack,yes
2625,1,1,0.8933094032139576,-0.34092286229133606,-2.4659228324890137,attack,yes
2626,1,1,0.7310585669110203,-0.6676231026649475,-1.6676230430603027,attack,yes
2627,1,1,0.6224593452091672,-0.6176630854606628,-1.1176631450653076,attack,yes
2628,1,1,0.9399133447766225,-0.3833523690700531,-3.133352279663086,attack,yes
2629,1,1,0.9399133531922388,-0.3798951506614685,-3.1298952102661133,attack,yes
2630,1,1,0.9046505248181417,-0.494270920753479,-2.7442708015441895,attack,yes
2631,1,0,0.09534945975773548,-2.524317741394043,-0.2743176817893982,attack,no
2632,1,1,0.7981867777396212,-0.5313700437545776,-1.9063700437545776,attack,yes
2633,1,1,0.7310585669110203,-0.6958854794502258,-1.695885419845581,attack,yes
2634,1,1,0.5312093733737563,-0.772320568561554,-0.897320568561554,attack,yes
2635,1,1,0.9399133498259924,-0.24722599983215332,-2.9972259998321533,attack,yes
2636,1,1,0.8175744850834649,-0.42291349172592163,-1.9229135513305664,attack,yes
2637,1,1,0.9324533032291502,-0.3586035668849945,-2.9836034774780273,attack,yes
2638,1,1,0.5621765155565327,-0.7589120268821716,-1.0089120864868164,attack,yes
2639,1,1,0.8670357701094303,-0.39830198884010315,-2.2733020782470703,attack,yes
2640,1,1,0.939913354875362,-0.2912663519382477,-3.041266441345215,attack,yes
2641,1,1,0.8933094145755219,-0.31727567315101624,-2.4422757625579834,attack,yes
2642,1,1,0.8670357598021706,-0.4606211185455322,-2.3356211185455322,attack,yes
2643,1,0,0.24508501313237172,-1.767638921737671,-0.6426389217376709,attack,no
2644,1,1,0.8175744761936437,-0.48776066303253174,-1.9877606630325317,attack,yes
2645,1,1,0.9324533107374443,-0.35634204745292664,-2.981342077255249,attack,yes
2646,1,1,0.5926665999540697,-0.7211008071899414,-1.0961008071899414,attack,yes
2647,1,1,0.9465966671870767,-0.28393107652664185,-3.158931016921997,attack,yes
2648,1,1,0.9149009619539553,-0.3792354166507721,-2.7542355060577393,attack,yes
2649,1,1,0.9241418241572634,-0.46847957372665405,-2.968479633331299,attack,yes
2650,1,1,0.9525741308615412,-0.3350764811038971,-3.3350765705108643,attack,yes
2651,1,1,0.7772998611746911,-0.596961259841919,-1.846961259841919,attack,yes
2652,1,1,0.9324533069832973,-0.29998520016670227,-2.92498517036438,attack,yes
2653,1,1,0.8519528019683106,-0.4728093147277832,-2.222809314727783,attack,yes
2654,1,1,0.9241418220680101,-0.36271998286247253,-2.862720012664795,attack,yes
2655,1,1,0.9770226247376173,-0.25246262550354004,-4.002462387084961,attack,yes
2656,1,1,0.9626731105140616,-0.29763251543045044,-3.5476324558258057,attack,yes
2657,1,1,0.9149009526726544,-0.4481563866138458,-2.8231563568115234,attack,yes
2658,1,1,0.8175744673038221,-0.586320698261261,-2.086320638656616,attack,yes
2659,1,1,0.5312093733737563,-0.8130584359169006,-0.9380584359169006,attack,yes
2660,1,1,0.9579122714836206,-0.2066815048456192,-3.331681489944458,attack,yes
2661,1,1,0.6513548646660542,-0.7969455718994141,-1.421945571899414,attack,yes
2662,1,1,0.9669140206578809,-0.32052019238471985,-3.6955201625823975,attack,yes
2663,1,1,0.9149009596336303,-0.4440097212791443,-2.819009780883789,attack,yes
2664,1,1,0.8354835452961425,-0.40513843297958374,-2.0301384925842285,attack,yes
2665,1,1,0.7981867969424066,-0.6508945226669312,-2.0258946418762207,attack,yes
2666,1,1,0.9525741308615412,-0.33355584740638733,-3.3335559368133545,attack,yes
2667,1,0,0.03308598029553404,-3.6697230339050293,-0.2947230935096741,attack,no
2668,1,1,0.9626731137267751,-0.29417702555656433,-3.5441770553588867,attack,yes
2669,1,1,0.8354835371034369,-0.5326845645904541,-2.157684564590454,attack,yes
2670,1,0,0.4073334000459302,-1.0825470685958862,-0.7075470685958862,attack,no
2671,1,1,0.9525741254760638,-0.3354814350605011,-3.3354814052581787,attack,yes
2672,1,1,0.9399133447766225,-0.3199091851711273,-3.06990909576416,attack,yes
2673,1,1,0.5621765155565327,-0.772678554058075,-1.0226786136627197,attack,yes
2674,1,1,0.9626731094431571,-0.27038201689720154,-3.5203819274902344,attack,yes
2675,1,1,0.9324533107374443,-0.32669970393180847,-2.951699733734131,attack,yes
2676,1,1,0.8354835493924953,-0.40543022751808167,-2.030430316925049,attack,yes
2677,1,1,0.9399133464597458,-0.3779166340827942,-3.1279165744781494,attack,yes
2678,1,1,0.7057850278370112,-0.7601785659790039,-1.635178565979004,attack,yes
2679,1,1,0.8354835452961425,-0.49730294942855835,-2.122303009033203,attack,yes
2680,1,1,0.8670357735451834,-0.48990142345428467,-2.364901542663574,attack,yes
2681,1,0,0.4378234991142019,-0.9588860869407654,-0.7088860869407654,attack,no
2682,1,1,0.8354835330070839,-0.4357767403125763,-2.060776710510254,attack,yes
2683,1,1,0.8670357701094303,-0.4906238615512848,-2.365623950958252,attack,yes
2684,1,0,0.18242551936144574,-1.9059197902679443,-0.40591976046562195,attack,no
2685,1,1,0.8519527944504226,-0.6870856881141663,-2.4370856285095215,attack,yes
2686,1,1,0.9465966671870767,-0.2836814522743225,-3.1586813926696777,attack,yes
2687,1,0,0.18242552380635632,-1.8528494834899902,-0.35284948348999023,attack,no
2688,1,1,0.7981867825403176,-0.47672948241233826,-1.8517295122146606,attack,yes
2689,1,1,0.9324533107374443,-0.4620070159435272,-3.0870070457458496,attack,yes
2690,1,1,0.9046505428129514,-0.3007623255252838,-2.550762414932251,attack,yes
2691,1,1,0.5926666143433998,-0.7787477374076843,-1.153747797012329,attack,yes
2692,1,1,0.9465966747198243,-0.31045833230018616,-3.1854584217071533,attack,yes
2693,1,1,0.9241418220680101,-0.2875356376171112,-2.7875356674194336,attack,yes
2694,1,1,0.9324533088603709,-0.30010151863098145,-2.9251015186309814,attack,yes
2695,1,1,0.9046505453836383,-0.28299129009246826,-2.532991409301758,attack,yes
2696,1,1,0.9740426428022031,-0.34578537940979004,-3.97078537940979,attack,yes
2697,1,1,0.9465966732132748,-0.28414982557296753,-3.1591498851776123,attack,yes
2698,1,1,0.8670357666736773,-0.4648882746696472,-2.339888334274292,attack,yes
2699,1,0,0.3486451217982255,-1.2772974967956543,-0.6522974371910095,attack,no
2700,1,0,0.3486451217982255,-1.3008615970611572,-0.6758615374565125,attack,no
2701,1,1,0.754914997895581,-0.748785674571991,-1.8737857341766357,attack,yes
2702,1,0,0.4073333856566001,-1.1671361923217773,-0.7921361327171326,attack,no
2703,1,1,0.7057850278370112,-0.6496511697769165,-1.5246511697769165,attack,yes
2704,1,0,0.4378235137849365,-1.0822584629058838,-0.8322585225105286,attack,no
2705,1,0,0.060086646807761206,-3.0052103996276855,-0.25521034002304077,attack,no
2706,1,0,0.13296425050508953,-2.2605175971984863,-0.3855176866054535,attack,no
2707,1,0,0.18242553269617778,-1.9645097255706787,-0.4645097851753235,attack,no
2708,1,0,0.1192029188930649,-2.3962790966033936,-0.39627906680107117,attack,no
2709,1,0,0.08509904268669496,-2.708782434463501,-0.3337824046611786,attack,no
2710,1,1,0.7310585786300049,-0.9225388765335083,-1.9225388765335083,attack,Yes
2711,1,1,0.6513548646660542,-0.8796067237854004,-1.5046067237854004,attack,yes
2712,1,0,0.06008664512463808,-3.027702569961548,-0.2777024805545807,attack,no
2713,1,0,0.34864513533394575,-1.2650725841522217,-0.6400725841522217,attack,no
2714,1,1,0.904650527388829,-0.3843911588191986,-2.6343910694122314,attack,yes
2715,1,0,0.24508501313237172,-1.7982873916625977,-0.6732873916625977,attack,no
2716,1,0,0.0953494648991095,-2.6247854232788086,-0.3747854232788086,attack,no
2717,1,0,0.05340332452690107,-3.0869596004486084,-0.21195949614048004,attack,no
2718,1,0,0.020332349780873466,-4.331442832946777,-0.456442654132843,attack,no
2719,1,0,0.37754066879814546,-1.3021974563598633,-0.8021974563598633,attack,no
2720,1,0,0.060086656906500974,-3.0274624824523926,-0.27746260166168213,attack,no
2721,1,0,0.4378234844434674,-1.0332322120666504,-0.7832321524620056,attack,no
2722,1,0,0.14804719427274565,-2.0587756633758545,-0.3087756335735321,attack,no
2723,1,0,0.08509904732734556,-2.7086353302001953,-0.3336353600025177,attack,no
2724,1,1,0.9525741281688026,-0.2547406852245331,-3.2547407150268555,attack,yes
2725,1,0,0.22270012850745968,-1.80269455909729,-0.5526944994926453,attack,no
2726,1,0,0.10669059678604234,-2.4165706634521484,-0.2915706932544708,attack,no
2727,1,1,0.8807970748488297,-0.41190460324287415,-2.4119045734405518,attack,yes
2728,1,1,0.6224593452091672,-0.6460275053977966,-1.1460275650024414,attack,yes
2729,1,1,0.7981867873410141,-0.5059470534324646,-1.8809471130371094,attack,yes
2730,1,0,0.08509904964767095,-2.593263864517212,-0.2182639241218567,attack,no
2731,1,1,0.7981867585368343,-0.7053409814834595,-2.08034086227417,attack,yes
2732,1,0,0.2689414213699951,-1.6664360761642456,-0.6664360761642456,attack,no
2733,1,1,0.679178699175393,-1.0680166482925415,-1.8180166482925415,attack,Yes
2734,1,0,0.04742587452393617,-3.1615190505981445,-0.16151908040046692,attack,no
2735,1,0,0.0675466911396291,-2.822425127029419,-0.19742512702941895,attack,no
2736,1,0,0.3208213138121609,-1.3569636344909668,-0.6069636940956116,attack,no
2737,1,1,0.7310585903489892,-0.4929165244102478,-1.4929165840148926,attack,yes
2738,1,0,0.3775406828054583,-1.1767268180847168,-0.6767268776893616,attack,no
2739,1,0,0.40733341443526055,-1.1412336826324463,-0.7662337422370911,attack,no
2740,1,0,0.24508501313237172,-1.5380138158798218,-0.4130138158798218,attack,no
2741,1,0,0.14804718675485834,-2.1347439289093018,-0.3847438395023346,attack,no
2742,1,0,0.13296422989056964,-2.301434278488159,-0.426434189081192,attack,no
2743,1,0,0.2689414213699951,-1.5277177095413208,-0.5277177095413208,attack,no
2744,1,0,0.0953494674697966,-2.482091188430786,-0.23209121823310852,attack,no
2745,1,0,0.025957358704815272,-3.8186452388763428,-0.19364529848098755,attack,no
2746,1,0,0.0600866518571309,-3.0811240673065186,-0.33112409710884094,attack,no
2747,1,0,0.4378234991142019,-0.9593326449394226,-0.7093326449394226,attack,no
2748,1,0,0.4073334000459302,-1.1971652507781982,-0.8221652507781982,attack,no
2749,1,0,0.3775406828054583,-1.3607072830200195,-0.8607073426246643,attack,no
2750,1,1,0.6513548511303336,-0.7601087689399719,-1.3851087093353271,attack,yes
2751,1,0,0.10669059820623795,-2.3424735069274902,-0.21747355163097382,attack,no
2752,1,1,0.8807970904940926,-0.4116758108139038,-2.4116759300231934,attack,yes
2753,1,0,0.06754669489377622,-2.8506546020507812,-0.22565466165542603,attack,no
2754,1,0,0.04742587788985982,-3.2386035919189453,-0.23860369622707367,attack,no
2755,1,1,0.7772998611746911,-0.59715735912323,-1.84715735912323,attack,yes
2756,1,0,0.2689414330889798,-1.4758572578430176,-0.47585731744766235,attack,no
2757,1,1,0.8807970842359877,-0.3788709044456482,-2.378870964050293,attack,yes
2758,1,0,0.46879062662624377,-0.9090383052825928,-0.7840383052825928,attack,no
2759,1,1,0.679178699175393,-0.687868595123291,-1.437868595123291,attack,yes
2760,1,1,0.6513548646660542,-0.6622347831726074,-1.2872347831726074,attack,yes
2761,1,1,0.5621765008857981,-1.0200992822647095,-1.2700992822647095,attack,yes
2762,1,1,0.8670357460591569,-0.620954155921936,-2.4959540367126465,attack,yes
2763,1,0,0.2689414213699951,-1.5389000177383423,-0.5389000177383423,attack,no
2764,1,0,0.11920290950590741,-2.3179879188537598,-0.3179877996444702,attack,no
2765,1,0,0.02297736756836975,-3.8794190883636475,-0.1294189840555191,attack,no
2766,1,0,0.14804718675485834,-2.063525676727295,-0.31352558732032776,attack,no
2767,1,0,0.09534947261117097,-2.5447301864624023,-0.2947302758693695,attack,no
2768,1,0,0.10669058826486906,-2.461026668548584,-0.3360266089439392,attack,no
2769,1,1,0.9241418158002492,-0.3069012761116028,-2.806901216506958,attack,yes
2770,1,0,0.4378234991142019,-1.1021445989608765,-0.8521445989608765,attack,no
2771,1,0,0.22270013882530884,-1.7447582483291626,-0.4947582483291626,attack,no
2772,1,0,0.18242551936144574,-1.8170440196990967,-0.3170439898967743,attack,no
2773,1,1,0.6513548782017746,-0.6690286993980408,-1.2940287590026855,attack,yes
2774,1,0,0.22270013882530884,-1.8140932321548462,-0.5640932321548462,attack,no
2775,1,0,0.24508501313237172,-1.6368763446807861,-0.5118763446807861,attack,no
2776,1,1,0.754914975839675,-0.4566550850868225,-1.5816550254821777,attack,yes
2777,1,1,0.9241418158002492,-0.3072054982185364,-2.8072054386138916,attack,yes
2778,1,1,0.8933094032139576,-0.36811545491218567,-2.4931154251098633,attack,yes
2779,1,1,0.9149009619539553,-0.29821959137916565,-2.673219680786133,attack,yes
2780,1,0,0.13296422989056964,-2.217562437057495,-0.34256234765052795,attack,no
2781,1,1,0.7057850402140659,-0.6579572558403015,-1.5329573154449463,attack,yes
2782,1,1,0.679178699175393,-0.6638895273208618,-1.4138895273208618,attack,yes
2783,1,1,0.9399133515091156,-0.41841885447502136,-3.1684188842773438,attack,yes
2784,1,1,0.6513548646660542,-0.6960779428482056,-1.3210779428482056,attack,yes
2785,1,1,0.9324533107374443,-0.3542182147502899,-2.9792182445526123,attack,yes
2786,1,1,0.7057850278370112,-0.5182185173034668,-1.3932185173034668,attack,yes
2787,1,0,0.1480471980316895,-2.1226541996002197,-0.3726541996002197,attack,no
2788,1,0,0.09534946232842245,-2.567023277282715,-0.31702324748039246,attack,no
2789,1,1,0.9241418199787566,-0.3636484146118164,-2.8636484146118164,attack,yes
2790,1,0,0.3775406547908327,-1.104273796081543,-0.6042737364768982,attack,no
2791,1,1,0.7549149868676283,-0.5925854444503784,-1.7175854444503784,attack,yes
2792,1,1,0.939913343093499,-0.26873552799224854,-3.018735408782959,attack,yes
2793,1,1,0.5312093733737563,-0.978262186050415,-1.103262186050415,attack,yes
2794,1,1,0.9149009480320036,-0.40515241026878357,-2.7801523208618164,attack,yes
2795,1,0,0.20181322226037882,-1.761320948600769,-0.38632094860076904,attack,no
2796,1,1,0.9324533051062237,-0.32685738801956177,-2.951857328414917,attack,yes
2797,1,0,0.10669060530721626,-2.3980040550231934,-0.2730041742324829,attack,no
2798,1,1,0.8807970654616711,-0.38598358631134033,-2.385983467102051,attack,yes
2799,1,1,0.7549149868676283,-0.6191122531890869,-1.744112253189087,attack,yes
2800,1,0,0.07585817166422973,-2.780360221862793,-0.2803601026535034,attack,no
2801,1,1,0.5926666143433998,-0.6701444983482361,-1.0451445579528809,attack,yes
2802,1,1,0.7057850278370112,-0.7308943271636963,-1.6058943271636963,attack,yes
2803,1,0,0.24508501313237172,-1.5187019109725952,-0.3937019109725952,attack,no
2804,1,0,0.06008664512463808,-3.05442476272583,-0.3044246733188629,attack,no
2805,1,1,0.6224593312018546,-0.8562649488449097,-1.3562649488449097,attack,yes
2806,1,0,0.015906388329639098,-4.245046615600586,-0.12004639953374863,attack,no
2807,1,1,0.5621765008857981,-0.7817491292953491,-1.0317491292953491,attack,yes
2808,1,1,0.7310585786300049,-0.6430331468582153,-1.6430331468582153,attack,yes
2809,1,1,0.8933094003735664,-0.3678162693977356,-2.492816209793091,attack,yes
2810,1,1,0.8354835371034369,-0.5646724700927734,-2.1896724700927734,attack,yes
2811,1,0,0.06008665522337757,-2.937962055206299,-0.187962144613266,attack,no
2812,1,1,0.966914019704466,-0.2398872971534729,-3.614887237548828,attack,yes
2813,1,1,0.9149009549929797,-0.43760180473327637,-2.8126018047332764,attack,yes
2814,1,0,0.04208773031866069,-3.405611038208008,-0.2806110978126526,attack,no
2815,1,1,0.893309411735131,-0.43358439207077026,-2.558584451675415,attack,yes
2816,1,1,0.914900945711678,-0.40799152851104736,-2.782991409301758,attack,yes
2817,1,0,0.3775406547908327,-1.1188526153564453,-0.6188525557518005,attack,no
2818,1,1,0.9579122690805788,-0.24755699932575226,-3.3725569248199463,attack,yes
2819,1,1,0.9241418241572634,-0.333901584148407,-2.8339016437530518,attack,yes
2820,1,1,0.9324533126145177,-0.46275609731674194,-3.0877561569213867,attack,yes
2821,1,0,0.04742586913845881,-3.1365692615509033,-0.13656917214393616,attack,no
2822,1,0,0.4073334000459302,-1.0463213920593262,-0.6713213920593262,attack,no
2823,1,1,0.9706877675527112,-0.287619411945343,-3.7876193523406982,attack,yes
2824,1,1,0.7981867825403176,-0.44637438654899597,-1.8213744163513184,attack,yes
2825,1,0,0.06008665017400762,-3.053682327270508,-0.3036823272705078,attack,no
2826,1,1,0.9046505299595163,-0.3841243386268616,-2.634124279022217,attack,yes
2827,1,1,0.5621765008857981,-0.9244277477264404,-1.1744277477264404,attack,yes
2828,1,1,0.8670357563664174,-0.3985600769519806,-2.273560047149658,attack,yes
2829,1,1,0.880797068590724,-0.38221558928489685,-2.3822154998779297,attack,yes
2830,1,0,0.2942149597859341,-1.5576884746551514,-0.6826884150505066,attack,no
2831,1,1,0.8807970904940926,-0.5175431966781616,-2.517543315887451,attack,yes
2832,1,1,0.8807970779778823,-0.38236355781555176,-2.3823635578155518,attack,yes
2833,1,1,0.7981867873410141,-0.4767734408378601,-1.8517735004425049,attack,yes
2834,1,1,0.8670357494949105,-0.3981970250606537,-2.2731969356536865,attack,yes
2835,1,1,0.9399133515091156,-0.350229948759079,-3.1002299785614014,attack,yes
2836,1,1,0.5312093585306514,-0.9783576130867004,-1.1033575534820557,attack,yes
2837,1,1,0.8175744850834649,-0.5137431025505066,-2.0137431621551514,attack,yes
2838,1,1,0.914900950352329,-0.3756619095802307,-2.750661849975586,attack,yes
2839,1,0,0.22270014914315833,-1.772172451019287,-0.5221725106239319,attack,no
2840,1,1,0.7310585786300049,-0.5635918378829956,-1.5635918378829956,attack,yes
2841,1,1,0.9241418241572634,-0.5651664137840271,-3.065166473388672,attack,yes
2842,1,1,0.8175744673038221,-0.3621528744697571,-1.8621528148651123,attack,yes
2843,1,1,0.8354835289107309,-0.5326605439186096,-2.157660484313965,attack,yes
2844,1,1,0.8519528057272543,-0.47783586382865906,-2.2278358936309814,attack,yes
2845,1,1,0.6224593312018546,-0.9702481031417847,-1.4702481031417847,attack,yes
2846,1,1,0.5312093733737563,-0.8342505097389221,-0.9592505097389221,attack,yes
2847,1,1,0.8670357563664174,-0.39464905858039856,-2.269649028778076,attack,yes
2848,1,1,0.8519527944504226,-0.44601231813430786,-2.196012258529663,attack,yes
2849,1,0,0.18242552825126704,-1.8901718854904175,-0.39017191529273987,attack,no
2850,1,1,0.9770226327661524,-0.228965163230896,-3.9789652824401855,attack,yes
2851,1,1,0.957912274487423,-0.24919170141220093,-3.3741917610168457,attack,yes
2852,1,1,0.8807970873650403,-0.35328546166419983,-2.353285551071167,attack,yes
2853,1,1,0.9465966702001757,-0.28281521797180176,-3.1578152179718018,attack,yes
2854,1,0,0.46879061178313897,-1.1133477687835693,-0.9883477091789246,attack,no
2855,1,0,0.34864513533394575,-1.2426650524139404,-0.6176650524139404,attack,no
2856,1,0,0.3775406547908327,-1.213390588760376,-0.7133905291557312,attack,no
2857,1,1,0.9465966686936261,-0.41318848729133606,-3.2881884574890137,attack,yes
2858,1,1,0.9046505248181417,-0.3068324327468872,-2.5568323135375977,attack,yes
2859,1,1,0.8519527944504226,-0.36191898584365845,-2.1119189262390137,attack,yes
2860,1,1,0.9465966717067252,-0.3422679603099823,-3.2172679901123047,attack,yes
2861,1,1,0.7772998611746911,-0.5903412103652954,-1.8403412103652954,attack,yes
2862,1,1,0.6224593171945417,-0.6460903286933899,-1.1460902690887451,attack,yes
2863,1,1,0.7057850278370112,-0.6367456912994385,-1.5117456912994385,attack,yes
2864,1,1,0.8933094145755219,-0.34404316544532776,-2.469043254852295,attack,yes
2865,1,1,0.966914024948248,-0.2400738149881363,-3.6150739192962646,attack,yes
2866,1,1,0.7310585786300049,-0.5630532503128052,-1.5630532503128052,attack,yes
2867,1,1,0.5926665855647394,-0.8393252491950989,-1.214325189590454,attack,yes
2868,1,0,0.10669058826486906,-2.441377639770508,-0.31637758016586304,attack,no
2869,1,1,0.8519527906914787,-0.3649333417415619,-2.1149332523345947,attack,yes
2870,1,1,0.880797081106935,-0.44365760684013367,-2.443657636642456,attack,yes
2871,1,1,0.9399133464597458,-0.3184972405433655,-3.0684971809387207,attack,yes
2872,1,0,0.4378234991142019,-1.0252625942230225,-0.7752625942230225,attack,no
2873,1,0,0.40733341443526055,-1.046156406402588,-0.6711564660072327,attack,no
2874,1,1,0.8519527944504226,-0.5190566182136536,-2.269056558609009,attack,yes
2875,1,1,0.7057850154599563,-0.6823599934577942,-1.5573599338531494,attack,yes
2876,1,1,0.9241418199787566,-0.3334951400756836,-2.8334951400756836,attack,yes
2877,1,1,0.9149009480320036,-0.37553414702415466,-2.7505340576171875,attack,yes
2878,1,0,0.04742587587030561,-3.2846295833587646,-0.2846296429634094,attack,no
2879,1,1,0.974042642048694,-0.18944957852363586,-3.8144495487213135,attack,yes
2880,1,1,0.904650527388829,-0.4171927869319916,-2.6671926975250244,attack,yes
2881,1,1,0.9046505338155469,-0.24567200243473053,-2.4956719875335693,attack,yes
2882,1,0,0.09534947261117097,-2.5321388244628906,-0.2821389138698578,attack,no
2883,1,1,0.9046505248181417,-0.45564138889312744,-2.705641269683838,attack,yes
2884,1,1,0.798186768138228,-0.6599283814430237,-2.034928321838379,attack,yes
2885,1,1,0.8519527944504226,-0.47765666246414185,-2.227656602859497,attack,yes
2886,1,1,0.9465966747198243,-0.3148025572299957,-3.189802646636963,attack,yes
2887,1,0,0.46879062662624377,-0.8864646553993225,-0.7614646553993225,attack,no
2888,1,1,0.7549149813536518,-0.44182172417640686,-1.5668216943740845,attack,yes
2889,1,1,0.880797071719777,-0.4440796971321106,-2.444079637527466,attack,yes
2890,1,1,0.6224593312018546,-0.7324709892272949,-1.232470989227295,attack,yes
2891,1,1,0.9241418241572634,-0.4721211791038513,-2.972121238708496,attack,yes
2892,1,1,0.952574129515172,-0.4823738932609558,-3.4823739528656006,attack,yes
2893,1,1,0.5926665999540697,-0.7707110643386841,-1.145711064338684,attack,yes
2894,1,1,0.9706877726405082,-0.2876070737838745,-3.787607192993164,attack,yes
2895,1,1,0.9241418116217418,-0.47201597690582275,-2.972015857696533,attack,yes
2896,1,1,0.754914997895581,-0.599970281124115,-1.7249703407287598,attack,yes
2897,1,1,0.679178699175393,-0.5617542266845703,-1.3117542266845703,attack,yes
2898,1,1,0.9399133515091156,-0.31798526644706726,-3.0679852962493896,attack,yes
2899,1,1,0.8354835207180245,-0.46575605869293213,-2.0907559394836426,attack,yes
2900,1,1,0.7057850278370112,-0.5912607908248901,-1.4662607908248901,attack,yes
2901,1,0,0.5,-0.9415826201438904,-0.9415826201438904,attack,no
2902,1,1,0.89330940889474,-0.3179263770580292,-2.4429264068603516,attack,yes
2903,1,1,0.9465966686936261,-0.34032943844795227,-3.21532940864563,attack,yes
2904,1,0,0.5,-0.823711633682251,-0.823711633682251,attack,no
2905,1,1,0.7772998611746911,-0.7816979885101318,-2.031697988510132,attack,yes
2906,1,0,0.09534946232842245,-2.455716133117676,-0.2057161033153534,attack,no
2907,1,1,0.8519528019683106,-0.44075608253479004,-2.19075608253479,attack,yes
2908,1,1,0.8354835411997897,-0.3114553391933441,-1.9364553689956665,attack,yes
2909,1,1,0.9465966641739773,-0.44929277896881104,-3.3242926597595215,attack,yes
2910,1,1,0.9046505453836383,-0.4902147054672241,-2.7402148246765137,attack,yes
2911,1,0,0.18242552825126704,-1.9079036712646484,-0.4079037010669708,attack,no
2912,1,1,0.914900957313305,-0.40924951434135437,-2.7842495441436768,attack,yes
2913,1,1,0.9579122696813394,-0.22706395387649536,-3.3520638942718506,attack,yes
2914,1,1,0.9465966671870767,-0.491401731967926,-3.3664016723632812,attack,yes
2915,1,1,0.7310585786300049,-0.7366116046905518,-1.7366116046905518,attack,yes
2916,1,1,0.9525741214369554,-0.36564648151397705,-3.3656463623046875,attack,yes
2917,1,1,0.7057850278370112,-0.7612239122390747,-1.6362239122390747,attack,yes
2918,1,1,0.9046505376715775,-0.28278276324272156,-2.532782793045044,attack,yes
2919,1,1,0.8807970842359877,-0.3321627974510193,-2.332162857055664,attack,yes
2920,1,1,0.962673116404036,-0.2431887537240982,-3.4931888580322266,attack,yes
2921,1,1,0.952574129515172,-0.36586612462997437,-3.365866184234619,attack,yes
2922,1,1,0.679178699175393,-0.5759154558181763,-1.3259154558181763,attack,yes
2923,1,1,0.966914019704466,-0.38862043619155884,-3.763620376586914,attack,yes
2924,1,1,0.9399133447766225,-0.34989866614341736,-3.09989857673645,attack,yes
2925,1,1,0.6791787121629466,-0.6097134947776794,-1.3597135543823242,attack,yes
2926,1,1,0.7057850278370112,-0.6129885911941528,-1.4879885911941528,attack,yes
2927,1,1,0.904650527388829,-0.49052438139915466,-2.7405242919921875,attack,yes
2928,1,1,0.9046505351008906,-0.41336512565612793,-2.663365125656128,attack,yes
2929,1,1,0.8670357735451834,-0.53307044506073,-2.4080705642700195,attack,yes
2930,1,0,0.2942149845400438,-1.4772183895111084,-0.6022184491157532,attack,no
2931,1,1,0.9046505325302034,-0.30436471104621887,-2.5543646812438965,attack,yes
2932,1,1,0.7057850402140659,-0.6495751738548279,-1.5245752334594727,attack,yes
2933,1,1,0.851952809486198,-0.5816649794578552,-2.3316650390625,attack,yes
2934,1,1,0.9465966686936261,-0.3126111328601837,-3.1876111030578613,attack,yes
2935,1,1,0.7981867777396212,-0.4670593738555908,-1.8420593738555908,attack,yes
2936,1,1,0.914900957313305,-0.29514214396476746,-2.67014217376709,attack,yes
2937,1,0,0.3486451217982255,-1.2150373458862305,-0.5900372862815857,attack,no
2938,1,1,0.7310585903489892,-0.781571090221405,-1.7815711498260498,attack,yes
2939,1,1,0.754914975839675,-0.5487781167030334,-1.6737780570983887,attack,yes
2940,1,1,0.7981867825403176,-0.4262401759624481,-1.8012402057647705,attack,yes
2941,1,1,0.867035752930664,-0.3982258439064026,-2.273225784301758,attack,yes
2942,1,1,0.966914017797636,-0.3221503496170044,-3.697150230407715,attack,yes
2943,1,1,0.9149009642742806,-0.3760589361190796,-2.751059055328369,attack,yes
2944,1,1,0.8175744584140004,-0.5128628015518188,-2.0128626823425293,attack,yes
2945,1,1,0.9046505351008906,-0.49473118782043457,-2.7447311878204346,attack,yes
2946,1,1,0.851952809486198,-0.32102006673812866,-2.0710201263427734,attack,yes
2947,1,1,0.9149009549929797,-0.3731377124786377,-2.7481377124786377,attack,yes
2948,1,1,0.7549149868676283,-0.6735578775405884,-1.7985578775405884,attack,yes
2949,1,1,0.8807970842359877,-0.4114462733268738,-2.4114463329315186,attack,yes
2950,1,1,0.9324533069832973,-0.4668886959552765,-3.091888666152954,attack,yes
2951,1,1,0.9399133531922388,-0.3180646300315857,-3.0680646896362305,attack,yes
2952,1,1,0.8354835452961425,-0.4094838500022888,-2.0344839096069336,attack,yes
2953,1,0,0.4378234991142019,-1.070339560508728,-0.820339560508728,attack,no
2954,1,1,0.9626731142622272,-0.24336643517017365,-3.4933664798736572,attack,yes
2955,1,1,0.9465966656805269,-0.48454150557518005,-3.359541416168213,attack,yes
2956,1,1,0.8354835371034369,-0.49883079528808594,-2.123830795288086,attack,yes
2957,1,0,0.01798621101487092,-4.276376247406006,-0.27637630701065063,attack,no
2958,1,1,0.8519528057272543,-0.38515302538871765,-2.13515305519104,attack,yes
2959,1,1,0.9241418137109955,-0.333073228597641,-2.833073139190674,attack,yes
2960,1,1,0.880797068590724,-0.478952020406723,-2.478951930999756,attack,yes
2961,1,1,0.867035752930664,-0.3475218415260315,-2.2225217819213867,attack,yes
2962,1,1,0.914900957313305,-0.48631855845451355,-2.861318588256836,attack,yes
2963,1,1,0.5621765155565327,-0.9021086096763611,-1.1521086692810059,attack,yes
2964,1,1,0.914900957313305,-0.4405817687511444,-2.815581798553467,attack,yes
2965,1,1,0.9324533107374443,-0.3538665473461151,-2.9788665771484375,attack,yes
2966,1,1,0.939913343093499,-0.45677435398101807,-3.2067742347717285,attack,yes
2967,1,0,0.24508501313237172,-1.691445231437683,-0.5664452314376831,attack,no
2968,1,0,0.16451646699291617,-1.9434677362442017,-0.31846776604652405,attack,no
2969,1,1,0.8807970873650403,-0.37933698296546936,-2.3793370723724365,attack,yes
2970,1,1,0.867035763237924,-0.37264320254325867,-2.247643232345581,attack,yes
2971,1,1,0.8175744806385543,-0.4026866853237152,-1.9026867151260376,attack,yes
2972,1,1,0.9149009480320036,-0.34596309065818787,-2.7209630012512207,attack,yes
2973,1,1,0.9465966702001757,-0.3422505855560303,-3.2172505855560303,attack,yes
2974,1,1,0.8354835452961425,-0.6204470992088318,-2.2454471588134766,attack,yes
2975,1,0,0.34864513533394575,-1.1184719800949097,-0.49347198009490967,attack,no
2976,1,1,0.9046505376715775,-0.3614620864391327,-2.611462116241455,attack,yes
2977,1,1,0.914900957313305,-0.375395268201828,-2.7503952980041504,attack,yes
2978,1,0,0.4378235137849365,-1.1279001235961914,-0.8779001832008362,attack,no
2979,1,1,0.9465966686936261,-0.3422692120075226,-3.2172691822052,attack,yes
2980,1,1,0.6224593171945417,-0.7541950345039368,-1.254194974899292,attack,yes
2981,1,1,0.9770226260757067,-0.30957096815109253,-4.059570789337158,attack,yes
2982,1,0,0.053403325280175794,-3.0268971920013428,-0.1518971025943756,attack,no
2983,1,1,0.9525741241296944,-0.3355157971382141,-3.3355157375335693,attack,yes
2984,1,1,0.5621764862150634,-0.8789063096046448,-1.12890625,attack,yes
2985,1,1,0.8354835452961425,-0.533172070980072,-2.158172130584717,attack,yes
2986,1,1,0.9149009549929797,-0.3760383129119873,-2.7510383129119873,attack,yes
2987,1,1,0.9626731121204184,-0.22134043276309967,-3.4713404178619385,attack,yes
2988,1,1,0.8933094174159129,-0.4256643056869507,-2.5506644248962402,attack,yes
2989,1,1,0.7549149868676283,-0.6263673305511475,-1.7513673305511475,attack,yes
2990,1,0,0.37754066879814546,-1.3190125226974487,-0.8190125226974487,attack,no
2991,1,1,0.97068777009661,-0.4229116141796112,-3.9229116439819336,attack,yes
2992,1,1,0.9579122756889438,-0.30336228013038635,-3.4283623695373535,attack,yes
2993,1,1,0.9525741308615412,-0.3077796995639801,-3.3077797889709473,attack,yes
2994,1,1,0.9465966686936261,-0.2856450378894806,-3.160645008087158,attack,yes
2995,1,1,0.9626731094431571,-0.24451765418052673,-3.4945175647735596,attack,yes
2996,1,1,0.9579122768904644,-0.3293370008468628,-3.4543371200561523,attack,yes
2997,1,1,0.7310585669110203,-0.5917263627052307,-1.591726303100586,attack,yes
2998,1,1,0.9579122684798184,-0.3633640706539154,-3.4883639812469482,attack,yes
2999,1,1,0.9149009549929797,-0.482954740524292,-2.857954740524292,attack,yes
3000,0,1,0.6513548646660542,-0.8108166456222534,-1.4358166456222534,attack,yes
3001,0,1,0.8670357666736773,-0.4575602412223816,-2.3325603008270264,attack,yes
3002,0,0,0.14804719051380197,-2.5143344402313232,-0.7643343806266785,attack,No
3003,0,1,0.8933094145755219,-0.4657661020755768,-2.590766191482544,attack,yes
3004,0,0,0.3486451217982255,-1.4538555145263672,-0.8288554549217224,attack,no
3005,0,0,0.2689414213699951,-1.8708293437957764,-0.8708293437957764,attack,No
3006,0,0,0.04208773031866069,-3.4988183975219727,-0.37381845712661743,attack,no
3007,0,0,0.29421497216298875,-1.428126573562622,-0.5531265735626221,attack,no
3008,0,1,0.7981867969424066,-0.797204852104187,-2.1722049713134766,attack,yes
3009,0,0,0.5,-1.0583065748214722,-1.0583065748214722,attack,no
3010,0,0,0.1329642333263228,-2.414916753768921,-0.5399166941642761,attack,no
3011,0,0,0.1645164792819756,-2.386176586151123,-0.7611767053604126,attack,no
3012,0,1,0.9046505351008906,-0.5831847190856934,-2.8331847190856934,attack,yes
3013,0,0,0.02033235156176603,-4.084331512451172,-0.2093314230442047,attack,no
3014,0,1,0.8670357666736773,-0.7304121851921082,-2.605412244796753,attack,Yes
3015,0,1,0.9149009642742806,-0.7256659269332886,-3.100666046142578,attack,yes
3016,0,0,0.07585818002124356,-2.991529703140259,-0.4915297031402588,attack,no
3017,0,0,0.37754066879814546,-1.4957619905471802,-0.9957619905471802,attack,no
3018,0,1,0.679178699175393,-0.7577822208404541,-1.507782220840454,attack,yes
3019,0,0,0.08509903804604459,-2.8012771606445312,-0.4262770712375641,attack,no
3020,0,1,0.5621765008857981,-0.8820770978927612,-1.1320770978927612,attack,yes
3021,0,0,0.006692850131774789,-5.4393157958984375,-0.43931567668914795,attack,no
3022,0,1,0.9399133515091156,-0.45734474062919617,-3.2073447704315186,attack,yes
3023,0,1,0.7772998611746911,-0.6775194406509399,-1.92751944065094,attack,yes
3024,0,1,0.8354835289107309,-0.817874014377594,-2.442873954772949,attack,yes
3025,0,0,0.24508501313237172,-1.74375581741333,-0.6187558174133301,attack,no
3026,0,1,0.7549149868676283,-0.6194100379943848,-1.7444100379943848,attack,yes
3027,0,0,0.32082130082460697,-1.7027970552444458,-0.9527970552444458,attack,no
3028,0,0,0.20181322226037882,-1.9300936460494995,-0.5550936460494995,attack,no
3029,0,0,0.1066905911052601,-2.4860470294952393,-0.36104699969291687,attack,no
3030,0,1,0.6513548646660542,-0.9271535873413086,-1.5521535873413086,attack,yes
3031,0,0,0.014063629935885703,-4.584175109863281,-0.33417531847953796,attack,no
3032,0,0,0.07585818002124356,-3.106978178024292,-0.606978178024292,attack,no
3033,0,0,0.1480471980316895,-2.426704168319702,-0.6767041683197021,attack,no
3034,0,0,0.14804719051380197,-2.2625694274902344,-0.5125693678855896,attack,no
3035,0,1,0.754914975839675,-0.7505853772163391,-1.8755853176116943,attack,yes
3036,0,0,0.34864513533394575,-1.5665719509124756,-0.9415719509124756,attack,no
3037,0,0,0.10669059394565118,-2.4834771156311035,-0.3584771156311035,attack,no
3038,0,1,0.9579122756889438,-0.33364835381507874,-3.458648443222046,attack,yes
3039,0,1,0.7057850402140659,-0.8160352110862732,-1.691035270690918,attack,yes
3040,0,0,0.22270013882530884,-2.083643913269043,-0.833643913269043,attack,no
3041,0,0,0.22270012850745968,-1.835418701171875,-0.5854186415672302,attack,no
3042,0,0,0.14804721306746543,-2.302086353302002,-0.5520864725112915,attack,no
3043,0,1,0.851952809486198,-0.7412404417991638,-2.4912405014038086,attack,yes
3044,0,1,0.9525741254760638,-0.3703947365283966,-3.370394706726074,attack,yes
3045,0,0,0.09534947004048376,-2.761465072631836,-0.5114651322364807,attack,no
3046,0,0,0.5,-1.1770546436309814,-1.1770546436309814,attack,no
3047,0,0,0.24508503518827837,-2.056088447570801,-0.9310885667800903,attack,no
3048,0,1,0.9324533126145177,-0.7053324580192566,-3.3303325176239014,attack,yes
3049,0,1,0.8670357460591569,-0.5814195871353149,-2.4564194679260254,attack,yes
3050,0,1,0.893309411735131,-0.5086769461631775,-2.6336770057678223,attack,yes
3051,0,0,0.34864513533394575,-1.5178452730178833,-0.8928452730178833,attack,no
3052,0,1,0.7549149868676283,-0.6194261312484741,-1.7444261312484741,attack,yes
3053,0,0,0.4073334000459302,-1.3732454776763916,-0.9982454776763916,attack,no
3054,0,1,0.9669140244715405,-0.3873120844364166,-3.762312173843384,attack,yes
3055,0,1,0.97068777009661,-0.2601577937602997,-3.760157823562622,attack,yes
3056,0,0,0.06754668738548215,-2.9441747665405273,-0.31917470693588257,attack,no
3057,0,1,0.6513548782017746,-0.8369707465171814,-1.4619708061218262,attack,yes
3058,0,1,0.5621764862150634,-0.9777613282203674,-1.2277612686157227,attack,yes
3059,0,0,0.11920290950590741,-2.5876336097717285,-0.587633490562439,attack,no
3060,0,1,0.8519527944504226,-0.6827021241188049,-2.43270206451416,attack,yes
3061,0,0,0.053403329799824234,-3.4211599826812744,-0.5461599826812744,attack,no
3062,0,0,0.20181323186177208,-1.9668869972229004,-0.5918870568275452,attack,no
3063,0,1,0.7310585903489892,-0.6882836222648621,-1.6882836818695068,attack,yes
3064,0,0,0.1480471829959148,-2.155275821685791,-0.40527570247650146,attack,no
3065,0,1,0.914900950352329,-0.4830644726753235,-2.8580644130706787,attack,yes
3066,0,0,0.02931222905542399,-3.9283368587493896,-0.4283367991447449,attack,no
3067,0,0,0.46879062662624377,-1.407728672027588,-1.282728672027588,attack,no
3068,0,0,0.37754066879814546,-1.1585595607757568,-0.6585595607757568,attack,no
3069,0,0,0.4378234991142019,-1.1667693853378296,-0.9167693853378296,attack,no
3070,0,1,0.9770226300899744,-0.34271240234375,-4.09271240234375,attack,yes
3071,0,1,0.9579122732859019,-0.3626424968242645,-3.487642526626587,attack,yes
3072,0,0,0.00669285052802981,-5.358931541442871,-0.3589314818382263,attack,no
3073,0,1,0.8933094060543487,-0.5928783416748047,-2.7178783416748047,attack,yes
3074,0,0,0.020332348593611837,-4.424216270446777,-0.5492160320281982,attack,no
3075,0,0,0.46879062662624377,-1.2645896673202515,-1.1395896673202515,attack,no
3076,0,0,0.03732689162774753,-3.649582862854004,-0.39958298206329346,attack,no
3077,0,0,0.24508501313237172,-1.98867928981781,-0.8636792898178101,attack,no
3078,0,0,0.4073334000459302,-1.184478521347046,-0.8094785213470459,attack,no
3079,0,1,0.8354835452961425,-0.46051162481307983,-2.0855116844177246,attack,yes
3080,0,0,0.06754669489377622,-3.148406505584717,-0.5234065651893616,attack,no
3081,0,0,0.4073334000459302,-1.1844197511672974,-0.8094197511672974,attack,no
3082,0,0,0.022977365895758564,-4.134124755859375,-0.3841245770454407,attack,no
3083,0,1,0.8175744584140004,-0.5935631990432739,-2.0935630798339844,attack,yes
3084,0,1,0.754914975839675,-0.6643653512001038,-1.789365291595459,attack,yes
3085,0,1,0.7057850278370112,-0.7715065479278564,-1.6465065479278564,attack,yes
3086,0,0,0.010986945059385054,-4.695789337158203,-0.19578956067562103,attack,no
3087,0,1,0.5621765008857981,-1.1915804147720337,-1.4415804147720337,attack,Yes
3088,0,0,0.01590639031229368,-4.431021213531494,-0.306021124124527,attack,no
3089,0,1,0.8519528019683106,-0.5938518047332764,-2.3438518047332764,attack,yes
3090,0,0,0.4073334000459302,-1.1831269264221191,-0.8081269264221191,attack,no
3091,0,0,0.11920292202211755,-2.562023401260376,-0.562023401260376,attack,no
3092,0,0,0.4378234991142019,-1.3789626359939575,-1.1289626359939575,attack,no
3093,0,0,0.04208772791561884,-3.533766031265259,-0.4087660312652588,attack,no
3094,0,1,0.9740426397881662,-0.5091325044631958,-4.134132385253906,attack,yes
3095,0,1,0.7549149868676283,-0.8388773202896118,-1.9638773202896118,attack,yes
3096,0,1,0.8354835289107309,-0.606370747089386,-2.231370687484741,attack,yes
3097,0,1,0.7310585786300049,-0.7068653106689453,-1.7068653106689453,attack,yes
3098,0,0,0.08509904036636974,-2.9578795433044434,-0.5828794836997986,attack,no
3099,0,1,0.8175744673038221,-0.45388633012771606,-1.9538862705230713,attack,yes
3100,0,0,0.005911068856243796,-5.447110176086426,-0.3221101760864258,attack,no
3101,0,1,0.9579122756889438,-0.398019939661026,-3.523020029067993,attack,yes
3102,0,1,0.9324533107374443,-0.46611830592155457,-3.091118335723877,attack,yes
3103,0,1,0.7310585903489892,-0.643302857875824,-1.6433029174804688,attack,yes
3104,0,0,0.0953494648991095,-2.8052194118499756,-0.5552194118499756,attack,no
3105,0,0,0.007577239699102878,-5.168578624725342,-0.2935784161090851,attack,no
3106,0,1,0.7981867873410141,-0.7455009818077087,-2.1205010414123535,attack,yes
3107,0,1,0.7057850278370112,-0.8501702547073364,-1.7251702547073364,attack,yes
3108,0,0,0.2689414213699951,-1.6788614988327026,-0.6788614988327026,attack,no
3109,0,1,0.7057850402140659,-0.7717205882072449,-1.6467206478118896,attack,yes
3110,0,0,0.32082130082460697,-1.651402473449707,-0.901402473449707,attack,no
3111,0,0,0.20181323186177208,-1.90692138671875,-0.5319214463233948,attack,no
3112,0,1,0.7981867873410141,-0.6597108244895935,-2.0347108840942383,attack,yes
3113,0,1,0.9579122672782973,-0.4366966485977173,-3.5616965293884277,attack,yes
3114,0,1,0.966914017797636,-0.26449835300445557,-3.639498233795166,attack,yes
3115,0,0,0.4073334000459302,-1.28715181350708,-0.9121518135070801,attack,no
3116,0,0,0.022977373255248682,-4.0975823402404785,-0.34758248925209045,attack,no
3117,0,1,0.5312093733737563,-0.8580453395843506,-0.9830453395843506,attack,yes
3118,0,0,0.03308597743528921,-3.732727289199829,-0.3577272593975067,attack,no
3119,0,0,0.32082130082460697,-1.7038495540618896,-0.9538495540618896,attack,no
3120,0,1,0.867035763237924,-0.3239304721355438,-2.198930501937866,attack,yes
3121,0,0,0.2942149845400438,-1.506338357925415,-0.6313384175300598,attack,no
3122,0,1,0.8519528019683106,-0.5926051139831543,-2.3426051139831543,attack,yes
3123,0,0,0.2689414213699951,-1.9123289585113525,-0.9123289585113525,attack,no
3124,0,0,0.004070137353478592,-5.893314838409424,-0.39331474900245667,attack,no
3125,0,0,0.037326887344129464,-3.771946907043457,-0.521946907043457,attack,no
3126,0,0,0.16451645470385742,-2.3766796588897705,-0.7516795992851257,attack,no
3127,0,1,0.5621765008857981,-1.116521954536438,-1.366521954536438,attack,yes
3128,0,0,0.07585818002124356,-2.804025411605835,-0.30402541160583496,attack,no
3129,0,0,0.1329642264548166,-2.3672399520874023,-0.4922398328781128,attack,no
3130,0,0,0.042087723109535534,-3.794961929321289,-0.6699618101119995,attack,No
3131,0,0,0.3208213138121609,-1.3055994510650635,-0.5555995106697083,attack,no
3132,0,0,0.24508500210441886,-1.7601161003112793,-0.6351160407066345,attack,no
3133,0,1,0.5621765008857981,-1.0984220504760742,-1.3484220504760742,attack,yes
3134,0,0,0.20181322226037882,-1.9788497686386108,-0.6038497686386108,attack,no
3135,0,1,0.880797071719777,-0.6534093022346497,-2.653409242630005,attack,yes
3136,0,0,0.03732689162774753,-3.7717175483703613,-0.5217176675796509,attack,no
3137,0,0,0.46879062662624377,-1.425699234008789,-1.300699234008789,attack,no
3138,0,0,0.025957354183760273,-3.9149370193481445,-0.289936900138855,attack,no
3139,0,0,0.020332352749027827,-4.127866744995117,-0.2528667151927948,attack,no
3140,0,1,0.6513548782017746,-0.7181863188743591,-1.343186378479004,attack,yes
3141,0,0,0.5,-1.0581952333450317,-1.0581952333450317,attack,no
3142,0,1,0.6791786861878392,-0.8689401745796204,-1.6189401149749756,attack,yes
3143,0,1,0.9241418199787566,-0.5605905055999756,-3.0605905055999756,attack,yes
3144,0,1,0.6224593312018546,-0.8041245937347412,-1.3041245937347412,attack,yes
3145,0,0,0.34864513533394575,-1.4155431985855103,-0.7905431985855103,attack,no
3146,0,1,0.8519528019683106,-0.5091636180877686,-2.2591636180877686,attack,yes
3147,0,0,0.20181323186177208,-2.1151084899902344,-0.7401085495948792,attack,no
3148,0,1,0.7772998405389918,-0.8211175203323364,-2.071117401123047,attack,yes
3149,0,1,0.8519527944504226,-0.7975068688392639,-2.547506809234619,attack,yes
3150,0,0,0.4378234991142019,-1.163048505783081,-0.913048505783081,attack,no
3151,0,0,0.18242552380635632,-1.9947224855422974,-0.49472248554229736,attack,no
3152,0,1,0.8175744584140004,-0.5490967035293579,-2.0490965843200684,attack,yes
3153,0,0,0.005220126622117065,-5.73147439956665,-0.4814745783805847,attack,no
3154,0,1,0.6224593312018546,-1.041965126991272,-1.541965126991272,attack,yes
3155,0,0,0.11920291263495983,-2.3117923736572266,-0.3117922842502594,attack,no
3156,0,0,0.2689414330889798,-1.502936840057373,-0.5029368996620178,attack,no
3157,0,0,0.3208213138121609,-1.4740893840789795,-0.7240894436836243,attack,no
3158,0,1,0.9579122684798184,-0.30122312903404236,-3.426223039627075,attack,yes
3159,0,1,0.5621765008857981,-1.1923562288284302,-1.4423562288284302,attack,Yes
3160,0,0,0.11920291576401235,-2.6195859909057617,-0.6195859313011169,attack,no
3161,0,1,0.880797071719777,-0.479697048664093,-2.4796969890594482,attack,yes
3162,0,0,0.46879062662624377,-1.1322764158248901,-1.0072764158248901,attack,no
3163,0,0,0.03308598029553404,-3.889261245727539,-0.5142613053321838,attack,no
3164,0,1,0.9525741268224334,-0.4039764404296875,-3.4039764404296875,attack,yes
3165,0,0,0.24508501313237172,-1.9277740716934204,-0.8027740716934204,attack,no
3166,0,1,0.8519528019683106,-0.6350052356719971,-2.385005235671997,attack,yes
3167,0,0,0.13296425050508953,-2.2270569801330566,-0.3520570695400238,attack,no
3168,0,0,0.37754066879814546,-1.596943974494934,-1.096943974494934,attack,no
3169,0,0,0.10669059962643358,-2.779050827026367,-0.654050886631012,attack,no
3170,0,1,0.6513548782017746,-0.9268242716789246,-1.5518243312835693,attack,yes
3171,0,1,0.893309411735131,-0.5423852801322937,-2.6673853397369385,attack,yes
3172,0,1,0.679178699175393,-1.0676648616790771,-1.8176648616790771,attack,Yes
3173,0,0,0.5,-1.1412817239761353,-1.1412817239761353,attack,no
3174,0,1,0.754914975839675,-0.5357335209846497,-1.6607334613800049,attack,yes
3175,0,1,0.9324533088603709,-0.35605692863464355,-2.9810569286346436,attack,yes
3176,0,0,0.32082130082460697,-1.4908695220947266,-0.7408695220947266,attack,no
3177,0,0,0.18242553269617778,-1.91925048828125,-0.4192505478858948,attack,no
3178,0,0,0.020332356904444657,-4.082472324371338,-0.20747250318527222,attack,no
3179,0,0,0.5,-1.0736000537872314,-1.0736000537872314,attack,no
3180,0,1,0.7772998714925403,-0.8234195113182068,-2.0734195709228516,attack,yes
3181,0,0,0.3775406828054583,-1.3408870697021484,-0.8408871293067932,attack,no
3182,0,0,0.32082130082460697,-1.3698737621307373,-0.6198737621307373,attack,no
3183,0,1,0.8670357701094303,-0.4959022104740143,-2.3709022998809814,attack,yes
3184,0,1,0.5312093882168609,-0.9588639140129089,-1.0838639736175537,attack,yes
3185,0,1,0.970687766704745,-0.3846054971218109,-3.8846054077148438,attack,yes
3186,0,0,0.5,-1.3328819274902344,-1.3328819274902344,attack,no
3187,0,0,0.29421497216298875,-1.7552659511566162,-0.8802659511566162,attack,no
3188,0,0,0.5,-1.1145193576812744,-1.1145193576812744,attack,no
3189,0,1,0.9324533126145177,-0.5548161864280701,-3.179816246032715,attack,yes
3190,0,1,0.6513548646660542,-0.8100076913833618,-1.4350076913833618,attack,yes
3191,0,1,0.6513548646660542,-1.0892283916473389,-1.7142283916473389,attack,Yes
3192,0,1,0.9525741268224334,-0.37065982818603516,-3.370659828186035,attack,yes
3193,0,0,0.37754066879814546,-1.5799305438995361,-1.0799305438995361,attack,no
3194,0,0,0.11920292202211755,-2.7213056087493896,-0.7213056087493896,attack,no
3195,0,1,0.957912274487423,-0.3997289538383484,-3.524729013442993,attack,yes
3196,0,1,0.7772998818103892,-0.770220160484314,-2.0202202796936035,attack,yes
3197,0,0,0.07585817166422973,-3.114673137664795,-0.6146730184555054,attack,no
3198,0,0,0.3775406547908327,-1.240520715713501,-0.7405206561088562,attack,no
3199,0,0,0.4073334000459302,-1.422356367111206,-1.047356367111206,attack,no
3200,0,0,0.037326888415033926,-3.649470806121826,-0.39947083592414856,attack,no
3201,0,1,0.9324533088603709,-0.29851627349853516,-2.923516273498535,attack,yes
3202,0,0,0.10669058826486906,-2.552706480026245,-0.42770642042160034,attack,no
3203,0,1,0.9626731115849659,-0.3918767273426056,-3.641876697540283,attack,yes
3204,0,0,0.3208212878370535,-1.5951857566833496,-0.8451856970787048,attack,no
3205,0,1,0.9046505351008906,-0.5828933715820312,-2.8328933715820312,attack,yes
3206,0,1,0.5312093733737563,-1.0488617420196533,-1.1738617420196533,attack,yes
3207,0,1,0.7310585786300049,-0.8176014423370361,-1.8176014423370361,attack,yes
3208,0,0,0.06008665354025422,-3.2251508235931396,-0.4751508831977844,attack,no
3209,0,0,0.37754066879814546,-1.3587002754211426,-0.8587002754211426,attack,no
3210,0,1,0.8175744761936437,-0.6893861293792725,-2.1893861293792725,attack,yes
3211,0,1,0.5312093733737563,-0.995367169380188,-1.120367169380188,attack,yes
3212,0,1,0.9740426412951848,-0.31414729356765747,-3.9391472339630127,attack,yes
3213,0,0,0.20181321265898594,-2.0481739044189453,-0.6731738448143005,attack,no
3214,0,0,0.34864513533394575,-1.6941189765930176,-1.0691189765930176,attack,no
3215,0,0,0.4378234991142019,-1.4425060749053955,-1.1925060749053955,attack,no
3216,0,0,0.4378234991142019,-1.3577325344085693,-1.1077325344085693,attack,no
3217,0,1,0.5926665999540697,-0.9135153293609619,-1.288515329360962,attack,yes
3218,0,0,0.03308598029553404,-3.8111579418182373,-0.4361580014228821,attack,no
3219,0,1,0.9241418220680101,-0.4725892245769501,-2.9725892543792725,attack,yes
3220,0,0,0.3486451488696663,-1.2454984188079834,-0.6204984784126282,attack,no
3221,0,0,0.08509904500702024,-2.8864688873291016,-0.5114688873291016,attack,no
3222,0,0,0.1329642333263228,-2.491748332977295,-0.6167482733726501,attack,no
3223,0,0,0.3486451217982255,-1.4525396823883057,-0.8275396227836609,attack,no
3224,0,1,0.9046505248181417,-0.5328003168106079,-2.7828001976013184,attack,yes
3225,0,0,0.10669059962643358,-2.8178958892822266,-0.6928959488868713,attack,no
3226,0,0,0.022977371917159397,-4.168912410736084,-0.41891250014305115,attack,no
3227,0,1,0.9465966656805269,-0.4923611581325531,-3.367361068725586,attack,yes
3228,0,1,0.8933094174159129,-0.5911210775375366,-2.716121196746826,attack,yes
3229,0,0,0.06008665354025422,-3.351224422454834,-0.6012244820594788,attack,no
3230,0,1,0.9046505325302034,-0.4176926910877228,-2.6676926612854004,attack,yes
3231,0,1,0.7057850278370112,-0.8516241312026978,-1.7266241312026978,attack,yes
3232,0,0,0.037326884131416216,-3.5504701137542725,-0.3004700243473053,attack,no
3233,0,1,0.6224593452091672,-0.8040658831596375,-1.3040659427642822,attack,yes
3234,0,0,0.11920293453832885,-2.3851284980773926,-0.38512861728668213,attack,no
3235,0,1,0.6224593312018546,-1.1128320693969727,-1.6128320693969727,attack,Yes
3236,0,1,0.914900950352329,-0.4089823365211487,-2.783982276916504,attack,yes
3237,0,1,0.5621765008857981,-1.0048460960388184,-1.2548460960388184,attack,yes
3238,0,1,0.754914975839675,-0.7172005772590637,-1.842200517654419,attack,yes
3239,0,0,0.1480472055495773,-2.5841434001922607,-0.8341434597969055,attack,no
3240,0,0,0.46879062662624377,-1.0112558603286743,-0.8862558603286743,attack,no
3241,0,0,0.5,-1.1570552587509155,-1.1570552587509155,attack,no
3242,0,0,0.18242551491653522,-2.2257049083709717,-0.7257048487663269,attack,no
3243,0,0,0.02931222905542399,-4.106685161590576,-0.6066851019859314,attack,no
3244,0,0,0.4378234991142019,-1.3810994625091553,-1.1310994625091553,attack,no
3245,0,1,0.5621765008857981,-0.9136830568313599,-1.1636830568313599,attack,yes
3246,0,1,0.7772998508568416,-0.6804223656654358,-1.930422306060791,attack,yes
3247,0,0,0.46879062662624377,-1.2944337129592896,-1.1694337129592896,attack,No
3248,0,0,0.4378234991142019,-1.4351484775543213,-1.1851484775543213,attack,no
3249,0,1,0.7310585903489892,-0.9826628565788269,-1.9826629161834717,attack,Yes
3250,0,0,0.2689414330889798,-1.895353078842163,-0.8953531384468079,attack,no
3251,0,1,0.7057850278370112,-0.6924325227737427,-1.5674325227737427,attack,yes
3252,0,0,0.025957352676742106,-4.048313140869141,-0.4233129620552063,attack,no
3253,0,1,0.8807970779778823,-0.47994351387023926,-2.4799435138702393,attack,yes
3254,0,1,0.9324533126145177,-0.3035404086112976,-2.9285404682159424,attack,yes
3255,0,0,0.008577486427457372,-5.283100128173828,-0.5331002473831177,attack,no
3256,0,0,0.4378234991142019,-1.3993029594421387,-1.1493029594421387,attack,No
3257,0,0,0.18242552380635632,-1.9945662021636963,-0.4945662021636963,attack,no
3258,0,0,0.05340332829327471,-3.2297940254211426,-0.3547939956188202,attack,no
3259,0,0,0.002800927133601626,-6.105546474456787,-0.23054653406143188,attack,no
3260,0,1,0.7772998508568416,-0.6455684304237366,-1.8955683708190918,attack,yes
3261,0,0,0.13296424706933604,-2.3334577083587646,-0.4584577679634094,attack,no
3262,0,0,0.05340332829327471,-3.2002201080322266,-0.3252200782299042,attack,no
3263,0,0,0.16451645470385742,-2.1621575355529785,-0.5371574759483337,attack,no
3264,0,0,0.2689414213699951,-1.5932470560073853,-0.5932470560073853,attack,no
3265,0,0,0.11920291576401235,-2.6620140075683594,-0.6620139479637146,attack,no
3266,0,0,0.4378234991142019,-1.1801717281341553,-0.9301717281341553,attack,no
3267,0,0,0.20181323186177208,-2.113436460494995,-0.7384365200996399,attack,no
3268,0,0,0.1645164628965632,-2.086668014526367,-0.4616680145263672,attack,no
3269,0,1,0.6513548646660542,-1.0886539220809937,-1.7136539220809937,attack,Yes
3270,0,0,0.22270013882530884,-1.8486831188201904,-0.5986831188201904,attack,no
3271,0,1,0.9399133447766225,-0.3514460027217865,-3.1014459133148193,attack,yes
3272,0,0,0.34864513533394575,-1.6575253009796143,-1.0325253009796143,attack,no
3273,0,1,0.9241418199787566,-0.5558426380157471,-3.055842638015747,attack,yes
3274,0,0,0.4073334000459302,-1.2490078210830688,-0.8740078210830688,attack,no
3275,0,0,0.4073334000459302,-1.5155491828918457,-1.1405491828918457,attack,no
3276,0,1,0.7772998611746911,-0.509567141532898,-1.759567141532898,attack,yes
3277,0,1,0.7057850154599563,-0.8518734574317932,-1.7268733978271484,attack,yes
3278,0,0,0.0024726236344349032,-6.10502815246582,-0.10502834618091583,attack,no
3279,0,1,0.8354835452961425,-0.707673966884613,-2.332674026489258,attack,yes
3280,0,0,0.009708474475791274,-4.952575206756592,-0.3275749981403351,attack,no
3281,0,0,0.009708477054526368,-5.1114397048950195,-0.4864397644996643,attack,no
3282,0,0,0.08509904268669496,-2.797412872314453,-0.42241284251213074,attack,no
3283,0,0,0.01798620785653302,-4.4526448249816895,-0.4526447057723999,attack,no
3284,0,1,0.679178699175393,-0.9887988567352295,-1.7387988567352295,attack,Yes
3285,0,0,0.40733341443526055,-1.2709002494812012,-0.895900309085846,attack,no
3286,0,1,0.8933094174159129,-0.6343706846237183,-2.759370803833008,attack,yes
3287,0,0,0.00359360194114313,-6.205155849456787,-0.5801556706428528,attack,no
3288,0,0,0.3208213138121609,-1.36962890625,-0.6196289658546448,attack,no
3289,0,0,0.3775406547908327,-1.241288185119629,-0.7412881255149841,attack,no
3290,0,1,0.9241418241572634,-0.43132132291793823,-2.931321382522583,attack,yes
3291,0,1,0.5621765008857981,-1.0973063707351685,-1.3473063707351685,attack,yes
3292,0,1,0.6224593312018546,-1.093095302581787,-1.593095302581787,attack,yes
3293,0,0,0.006692851122412387,-5.262917995452881,-0.26291802525520325,attack,no
3294,0,0,0.02297736991002561,-4.252204895019531,-0.5022048950195312,attack,no
3295,0,1,0.9669140187510509,-0.4668351113796234,-3.8418350219726562,attack,yes
3296,0,0,0.042087725512577126,-3.534477949142456,-0.4094778895378113,attack,no
3297,0,0,0.1066905854244781,-2.5541117191314697,-0.42911162972450256,attack,no
3298,0,1,0.9241418283357702,-0.43356359004974365,-2.933563709259033,attack,yes
3299,0,0,0.033085978388704126,-3.8455820083618164,-0.4705820083618164,attack,no
3300,0,0,0.2689414096510108,-1.6577637195587158,-0.657763659954071,attack,no
3301,0,1,0.8670357460591569,-0.609073281288147,-2.4840731620788574,attack,yes
3302,0,1,0.6513548511303336,-0.7278645634651184,-1.3528645038604736,attack,yes
3303,0,0,0.0675466911396291,-3.143343210220337,-0.5183432102203369,attack,no
3304,0,0,0.2689414213699951,-1.735998272895813,-0.735998272895813,attack,no
3305,0,1,0.89330940889474,-0.4310702979564667,-2.556070327758789,attack,yes
3306,0,0,0.02595735945832451,-3.94486141204834,-0.319861501455307,attack,no
3307,0,1,0.5926665999540697,-0.8409601449966431,-1.215960144996643,attack,yes
3308,0,0,0.02931223287127187,-3.740518093109131,-0.24051816761493683,attack,no
3309,0,0,0.24508500210441886,-1.9449071884155273,-0.8199071288108826,attack,no
3310,0,1,0.679178699175393,-0.8542870283126831,-1.604287028312683,attack,yes
3311,0,1,0.9149009596336303,-0.627476155757904,-3.002476215362549,attack,yes
3312,0,1,0.904650527388829,-0.3507777154445648,-2.6007776260375977,attack,yes
3313,0,1,0.880797071719777,-0.5591714978218079,-2.559171438217163,attack,yes
3314,0,0,0.11920290950590741,-2.5616989135742188,-0.5616987943649292,attack,no
3315,0,1,0.9241418241572634,-0.5648531317710876,-3.0648531913757324,attack,yes
3316,0,0,0.10669059394565118,-2.510593891143799,-0.38559389114379883,attack,no
3317,0,0,0.32082130082460697,-1.4915496110916138,-0.7415496110916138,attack,no
3318,0,0,0.009708474762317362,-5.027052879333496,-0.40205270051956177,attack,no
3319,0,0,0.060086656906500974,-3.263582229614258,-0.5135823488235474,attack,no
3320,0,0,0.22270013882530884,-2.0024757385253906,-0.7524757385253906,attack,no
3321,0,0,0.4378234991142019,-1.3815104961395264,-1.1315104961395264,attack,no
3322,0,0,0.18242552380635632,-1.9854888916015625,-0.4854888916015625,attack,no
3323,0,0,0.07585817584273653,-2.8494231700897217,-0.3494231104850769,attack,no
3324,0,0,0.3208212878370535,-1.7257130146026611,-0.9757129549980164,attack,no
3325,0,0,0.4073334000459302,-1.215490698814392,-0.8404906988143921,attack,no
3326,0,0,0.02931223202330563,-3.7185959815979004,-0.21859602630138397,attack,no
3327,0,0,0.13296423676207594,-2.2271969318389893,-0.35219690203666687,attack,no
3328,0,1,0.9669140235181256,-0.2898980975151062,-3.664898157119751,attack,yes
3329,0,0,0.2689414330889798,-1.5497329235076904,-0.5497329831123352,attack,no
3330,0,0,0.02931222905542399,-3.9273579120635986,-0.42735785245895386,attack,no
3331,0,0,0.18242552380635632,-2.064605951309204,-0.5646059513092041,attack,no
3332,0,0,0.32082130082460697,-1.5138741731643677,-0.7638741731643677,attack,no
3333,0,0,0.08509904964767095,-2.8330960273742676,-0.45809608697891235,attack,no
3334,0,1,0.5621765155565327,-0.849841296672821,-1.0998413562774658,attack,yes
3335,0,0,0.37754066879814546,-1.543937087059021,-1.043937087059021,attack,no
3336,0,0,0.02595735606753309,-3.8404040336608887,-0.2154039889574051,attack,no
3337,0,1,0.6513548646660542,-0.993401288986206,-1.618401288986206,attack,yes
3338,0,0,0.020332356904444657,-4.219202518463135,-0.3442026972770691,attack,no
3339,0,0,0.5,-1.0754368305206299,-1.0754368305206299,attack,no
3340,0,0,0.16451645470385742,-2.0269737243652344,-0.4019736647605896,attack,no
3341,0,0,0.29421497216298875,-1.7238304615020752,-0.8488304615020752,attack,no
3342,0,0,0.08509904964767095,-2.845381021499634,-0.47038108110427856,attack,no
3343,0,0,0.07585818002124356,-2.7813351154327393,-0.28133511543273926,attack,no
3344,0,0,0.06008665354025422,-2.9886157512664795,-0.23861581087112427,attack,no
3345,0,1,0.8807970842359877,-0.5617584586143494,-2.561758518218994,attack,yes
3346,0,1,0.5926665999540697,-1.0668305158615112,-1.4418305158615112,attack,yes
3347,0,0,0.04208772431105632,-3.5711276531219482,-0.4461275637149811,attack,no
3348,0,0,0.3208213138121609,-1.4241063594818115,-0.6741064190864563,attack,no
3349,0,0,0.017986209962091555,-4.543481349945068,-0.5434813499450684,attack,no
3350,0,0,0.053403329799824234,-3.263432741165161,-0.38843274116516113,attack,no
3351,0,1,0.5621765008857981,-0.6969591379165649,-0.9469591379165649,attack,yes
3352,0,0,0.020332353936289693,-4.253262996673584,-0.37826302647590637,attack,no
3353,0,0,0.014063625803542697,-4.550424575805664,-0.3004244863986969,attack,no
3354,0,0,0.09534947004048376,-2.883544445037842,-0.6335445046424866,attack,no
3355,0,0,0.07585818211049715,-2.9131603240966797,-0.4131603538990021,attack,no
3356,0,1,0.8175744806385543,-0.3765030801296234,-1.8765031099319458,attack,yes
3357,0,1,0.5926665999540697,-1.0494420528411865,-1.4244420528411865,attack,yes
3358,0,0,0.022977365895758564,-4.0971574783325195,-0.3471572995185852,attack,no
3359,0,0,0.042087723109535534,-3.5051369667053223,-0.3801368474960327,attack,no
3360,0,0,0.07585817584273653,-3.0475335121154785,-0.5475334525108337,attack,No
3361,0,0,0.01243164938964095,-5.0200324058532715,-0.6450322866439819,attack,no
3362,0,0,0.09534945847239201,-2.4986701011657715,-0.24867002665996552,attack,no
3363,0,1,0.9525741241296944,-0.5306833386421204,-3.5306832790374756,attack,yes
3364,0,0,0.11920291576401235,-2.4814529418945312,-0.4814528822898865,attack,no
3365,0,1,0.851952809486198,-0.6483790278434753,-2.39837908744812,attack,yes
3366,0,1,0.9046505351008906,-0.4523947238922119,-2.702394723892212,attack,yes
3367,0,0,0.22270011818961086,-2.035323143005371,-0.7853230237960815,attack,no
3368,0,0,0.020332348593611837,-4.417787551879883,-0.5427873134613037,attack,No
3369,0,0,0.10669059394565118,-2.492401599884033,-0.3674015998840332,attack,no
3370,0,0,0.29421497216298875,-1.6347209215164185,-0.7597209215164185,attack,no
3371,0,1,0.9046505376715775,-0.41696593165397644,-2.666965961456299,attack,yes
3372,0,0,0.008577485920584663,-5.236268520355225,-0.4862685799598694,attack,no
3373,0,0,0.060086646807761206,-3.224989414215088,-0.4749893546104431,attack,no
3374,0,1,0.7057850154599563,-0.6934104561805725,-1.5684103965759277,attack,yes
3375,0,0,0.20181322226037882,-1.9291876554489136,-0.5541876554489136,attack,no
3376,0,1,0.914900957313305,-0.4053163230419159,-2.7803163528442383,attack,yes
3377,0,1,0.6224593312018546,-0.970587968826294,-1.470587968826294,attack,yes
3378,0,0,0.5,-1.2572240829467773,-1.2572240829467773,attack,no
3379,0,0,0.24508501313237172,-1.8500616550445557,-0.7250616550445557,attack,no
3380,0,0,0.08509904036636974,-2.7678658962249756,-0.3928658366203308,attack,no
3381,0,0,0.32082130082460697,-1.5515631437301636,-0.8015631437301636,attack,no
3382,0,1,0.8354835371034369,-0.566763162612915,-2.191763162612915,attack,yes
3383,0,0,0.29421497216298875,-1.5250561237335205,-0.6500561237335205,attack,no
3384,0,0,0.46879062662624377,-0.9046224355697632,-0.7796224355697632,attack,no
3385,0,0,0.5,-1.0744038820266724,-1.0744038820266724,attack,no
3386,0,1,0.7549149868676283,-0.7500985860824585,-1.8750985860824585,attack,yes
3387,0,0,0.4073333856566001,-1.229694128036499,-0.8546940684318542,attack,no
3388,0,0,0.004609572726345088,-5.608400821685791,-0.23340094089508057,attack,no
3389,0,0,0.3208213138121609,-1.343930959701538,-0.5939310193061829,attack,no
3390,0,0,0.060086656906500974,-3.1182608604431152,-0.3682609796524048,attack,no
3391,0,0,0.015906388912772775,-4.574352264404297,-0.44935208559036255,attack,no
3392,0,1,0.914900945711678,-0.4824877977371216,-2.857487678527832,attack,yes
3393,0,1,0.7772998405389918,-0.8220335245132446,-2.072033405303955,attack,yes
3394,0,0,0.012431651219072064,-4.865699291229248,-0.49069932103157043,attack,no
3395,0,1,0.880797081106935,-0.38449928164482117,-2.3844993114471436,attack,yes
3396,0,0,0.5,-0.967228353023529,-0.967228353023529,attack,no
3397,0,0,0.06754668550840877,-2.969379186630249,-0.34437909722328186,attack,no
3398,0,1,0.9465966762263737,-0.3136981725692749,-3.1886982917785645,attack,yes
3399,0,0,0.022977368906458788,-3.959916591644287,-0.20991654694080353,attack,no
3400,0,0,0.34864513533394575,-1.291028618812561,-0.666028618812561,attack,no
3401,0,0,0.05340332678672523,-3.3784754276275635,-0.5034753680229187,attack,no
3402,0,0,0.05340332678672523,-3.3783864974975586,-0.5033864378929138,attack,no
3403,0,0,0.02033235067131973,-4.105985164642334,-0.23098503053188324,attack,no
3404,0,0,0.0850990542883219,-2.8018593788146973,-0.4268594980239868,attack,no
3405,0,0,0.2689414330889798,-1.7622287273406982,-0.762228786945343,attack,no
3406,0,1,0.8175744850834649,-0.7721826434135437,-2.2721827030181885,attack,yes
3407,0,0,0.04208772791561884,-3.494774103164673,-0.36977410316467285,attack,no
3408,0,0,0.20181322226037882,-1.8400784730911255,-0.4650784730911255,attack,no
3409,0,0,0.34864513533394575,-1.5655523538589478,-0.9405523538589478,attack,no
3410,0,1,0.8670357735451834,-0.6640547513961792,-2.5390548706054688,attack,yes
3411,0,0,0.06754669301670263,-2.870633840560913,-0.24563387036323547,attack,no
3412,0,0,0.020332349780873466,-4.250513553619385,-0.37551337480545044,attack,no
3413,0,0,0.01590639077880068,-4.575623989105225,-0.45062392950057983,attack,no
3414,0,0,0.46879064146934857,-1.0631346702575684,-0.9381347298622131,attack,no
3415,0,0,0.015906388912772775,-4.429693698883057,-0.3046935200691223,attack,no
3416,0,0,0.012431650487299585,-4.865634918212891,-0.49063488841056824,attack,no
3417,0,1,0.7310585903489892,-0.6593119502067566,-1.6593120098114014,attack,yes
3418,0,0,0.22270014914315833,-1.7712628841400146,-0.5212629437446594,attack,no
3419,0,0,0.09534945975773548,-2.6897199153900146,-0.4397198557853699,attack,no
3420,0,0,0.46879062662624377,-1.1577181816101074,-1.0327181816101074,attack,no
3421,0,1,0.7772998818103892,-0.8908036947250366,-2.140803813934326,attack,yes
3422,0,0,0.4073334000459302,-1.4484508037567139,-1.0734508037567139,attack,no
3423,0,0,0.37754066879814546,-1.5480008125305176,-1.0480008125305176,attack,no
3424,0,1,0.5312093733737563,-0.9681323766708374,-1.0931323766708374,attack,yes
3425,0,0,0.025957356444287677,-3.8876640796661377,-0.2626640498638153,attack,no
3426,0,1,0.9525741214369554,-0.3379613161087036,-3.337961196899414,attack,yes
3427,0,1,0.8933094174159129,-0.46513116359710693,-2.5901312828063965,attack,yes
3428,0,0,0.0046095714956607,-5.731161117553711,-0.356160968542099,attack,no
3429,0,1,0.8519527944504226,-0.6384568810462952,-2.3884568214416504,attack,yes
3430,0,0,0.06754669301670263,-2.9987716674804688,-0.37377169728279114,attack,no
3431,0,0,0.004070138199119559,-5.788582801818848,-0.2885829210281372,attack,no
3432,0,0,0.06754669489377622,-3.105278968811035,-0.48027902841567993,attack,no
3433,0,0,0.09534947004048376,-2.656254529953003,-0.4062545895576477,attack,no
3434,0,0,0.025957358704815272,-4.1771721839904785,-0.5521722435951233,attack,no
3435,0,0,0.13296423676207594,-2.3324267864227295,-0.4574267566204071,attack,no
3436,0,1,0.966914019704466,-0.2416878342628479,-3.616687774658203,attack,yes
3437,0,0,0.34864513533394575,-1.3957585096359253,-0.7707585096359253,attack,no
3438,0,1,0.7057850278370112,-0.5439263582229614,-1.4189263582229614,attack,yes
3439,0,0,0.2689414213699951,-1.5014504194259644,-0.5014504194259644,attack,no
3440,0,0,0.033085978388704126,-3.8507020473480225,-0.47570204734802246,attack,no
3441,0,0,0.0953494648991095,-2.852036476135254,-0.6020364761352539,attack,no
3442,0,1,0.5312093733737563,-1.0179617404937744,-1.1429617404937744,attack,yes
3443,0,0,0.037326888415033926,-3.731428384780884,-0.4814284145832062,attack,no
3444,0,0,0.06008664344151498,-3.1595520973205566,-0.4095519781112671,attack,No
3445,0,0,0.1645164628965632,-2.1610605716705322,-0.5360605716705322,attack,no
3446,0,1,0.9525741268224334,-0.5304887294769287,-3.5304887294769287,attack,yes
3447,0,1,0.9525741322079105,-0.36609065532684326,-3.366090774536133,attack,yes
3448,0,1,0.6224593312018546,-1.0039749145507812,-1.5039749145507812,attack,yes
3449,0,0,0.29421497216298875,-1.6772115230560303,-0.8022115230560303,attack,no
3450,0,1,0.9525741274956179,-0.23388288915157318,-3.2338829040527344,attack,yes
3451,0,0,0.00522012615783771,-5.511235237121582,-0.2612353265285492,attack,no
3452,0,0,0.3208213138121609,-1.512138843536377,-0.7621389031410217,attack,no
3453,0,0,0.11920291576401235,-2.413926601409912,-0.41392654180526733,attack,no
3454,0,0,0.02595735569077852,-3.975658655166626,-0.3506585955619812,attack,no
3455,0,0,0.37754066879814546,-1.5185346603393555,-1.0185346603393555,attack,no
3456,0,0,0.29421497216298875,-1.5234822034835815,-0.6484822034835815,attack,no
3457,0,0,0.5,-1.017035722732544,-1.017035722732544,attack,no
3458,0,0,0.5,-1.2270457744598389,-1.2270457744598389,attack,no
3459,0,1,0.904650527388829,-0.45654210448265076,-2.7065420150756836,attack,yes
3460,0,1,0.851952809486198,-0.632030189037323,-2.3820302486419678,attack,yes
3461,0,1,0.9740426450627306,-0.2551399767398834,-3.8801400661468506,attack,yes
3462,0,0,0.07585818002124356,-2.9920578002929688,-0.49205780029296875,attack,no
3463,0,0,0.5,-1.1151880025863647,-1.1151880025863647,attack,no
3464,0,1,0.8354835289107309,-0.5726738572120667,-2.197673797607422,attack,yes
3465,0,0,0.2689414213699951,-1.8275911808013916,-0.8275911808013916,attack,no
3466,0,0,0.07585817793199003,-2.8856823444366455,-0.3856823146343231,attack,no
3467,0,0,0.04742587452393617,-3.2685434818267822,-0.2685435116291046,attack,no
3468,0,0,0.00591106981941633,-5.337091445922852,-0.2120916098356247,attack,no
3469,0,0,0.03732689055684297,-3.585409164428711,-0.3354092538356781,attack,no
3470,0,0,0.03308598029553404,-3.768474817276001,-0.39347487688064575,attack,no
3471,0,0,0.01798620785653302,-4.308551788330078,-0.3085516691207886,attack,no
3472,0,0,0.0850990542883219,-2.878878593444824,-0.5038787126541138,attack,no
3473,0,1,0.6224593312018546,-1.004692554473877,-1.504692554473877,attack,yes
3474,0,0,0.11920290950590741,-2.561140537261963,-0.5611404180526733,attack,no
3475,0,1,0.867035752930664,-0.570277750492096,-2.445277690887451,attack,yes
3476,0,0,0.1329642333263228,-2.3009822368621826,-0.42598217725753784,attack,no
3477,0,0,0.2689414330889798,-1.9107069969177246,-0.9107070565223694,attack,No
3478,0,1,0.8807970842359877,-0.81675785779953,-2.816757917404175,attack,Yes
3479,0,0,0.014063627043245474,-4.471707344055176,-0.22170734405517578,attack,no
3480,0,0,0.04742587721667508,-3.3769948482513428,-0.37699493765830994,attack,no
3481,0,0,0.01798620785653302,-4.453532695770264,-0.4535325765609741,attack,no
3482,0,0,0.012431650853185818,-4.865217685699463,-0.4902176856994629,attack,no
3483,0,1,0.5926665999540697,-0.7295780181884766,-1.1045780181884766,attack,yes
3484,0,0,0.00857748414653042,-5.235456466674805,-0.48545631766319275,attack,no
3485,0,0,0.003172682748231862,-6.104361534118652,-0.35436150431632996,attack,no
3486,0,0,0.06008665354025422,-3.3006556034088135,-0.5506556630134583,attack,no
3487,0,0,0.0953494648991095,-2.7690258026123047,-0.5190258026123047,attack,no
3488,0,0,0.4378234991142019,-1.034119963645935,-0.7841199636459351,attack,no
3489,0,0,0.11920291576401235,-2.797698974609375,-0.7976989150047302,attack,no
3490,0,0,0.22270012850745968,-1.75655198097229,-0.5065519213676453,attack,no
3491,0,0,0.05340333130637379,-3.129255533218384,-0.2542555630207062,attack,no
3492,0,1,0.9579122720843811,-0.3007655143737793,-3.4257655143737793,attack,yes
3493,0,0,0.2942149845400438,-1.6335372924804688,-0.7585373520851135,attack,no
3494,0,0,0.020332353342658753,-4.217162132263184,-0.3421621322631836,attack,no
3495,0,0,0.14804721306746543,-2.5104923248291016,-0.7604924440383911,attack,no
3496,0,0,0.015906388446265834,-4.536563396453857,-0.4115631878376007,attack,no
3497,0,1,0.8354835289107309,-0.621127188205719,-2.246127128601074,attack,yes
3498,0,1,0.6791787121629466,-0.6792253851890564,-1.4292254447937012,attack,yes
3499,0,0,0.2689414096510108,-1.4815044403076172,-0.4815043807029724,attack,no
3500,0,0,0.009708475335369565,-5.027580738067627,-0.4025806188583374,attack,no
3501,0,1,0.679178699175393,-0.7964705228805542,-1.5464705228805542,attack,yes
3502,0,0,0.24508502416032488,-1.7454609870910645,-0.6204610466957092,attack,no
3503,0,0,0.32082130082460697,-1.382903814315796,-0.6329038143157959,attack,no
3504,0,0,0.0035936018344303144,-6.01820182800293,-0.393201619386673,attack,no
3505,0,0,0.029312229903390143,-3.765774965286255,-0.2657749354839325,attack,no
3506,0,0,0.01243164829198241,-4.781221866607666,-0.4062216579914093,attack,no
3507,0,1,0.7310585786300049,-0.8176865577697754,-1.8176865577697754,attack,yes
3508,0,1,0.6513548511303336,-0.9111762642860413,-1.5361762046813965,attack,yes
3509,0,1,0.9241418137109955,-0.39856967329978943,-2.8985695838928223,attack,yes
3510,0,0,0.14804719051380197,-2.3777403831481934,-0.6277403235435486,attack,no
3511,0,0,0.010986944573626636,-4.865321159362793,-0.3653213381767273,attack,no
3512,0,0,0.4378234991142019,-1.286376953125,-1.036376953125,attack,No
3513,0,1,0.6224593452091672,-0.941314160823822,-1.4413142204284668,attack,yes
3514,0,0,0.022977374593338037,-4.210092067718506,-0.4600922763347626,attack,no
3515,0,1,0.6791787121629466,-0.681125819683075,-1.4311258792877197,attack,yes
3516,0,1,0.9046505402422645,-0.49945253133773804,-2.749452590942383,attack,yes
3517,0,0,0.4073333856566001,-1.3742995262145996,-0.9992994666099548,attack,no
3518,0,1,0.7981867777396212,-0.5001778602600098,-1.8751778602600098,attack,yes
3519,0,0,0.14804719051380197,-2.2913570404052734,-0.5413569808006287,attack,no
3520,0,1,0.6224593171945417,-0.8044961094856262,-1.3044960498809814,attack,yes
3521,0,0,0.02931223159932252,-3.82728910446167,-0.3272891342639923,attack,no
3522,0,1,0.7057850216484838,-0.47728970646858215,-1.3522896766662598,attack,yes
3523,0,0,0.10669059394565118,-2.858344554901123,-0.733344554901123,attack,No
3524,0,0,0.46879062662624377,-1.0961964130401611,-0.9711964130401611,attack,no
3525,0,1,0.6224593452091672,-0.9684757590293884,-1.4684758186340332,attack,yes
3526,0,0,0.020332352155396922,-4.376579761505127,-0.5015797019004822,attack,no
3527,0,1,0.7310585786300049,-0.6589906215667725,-1.6589906215667725,attack,yes
3528,0,0,0.34864513533394575,-1.2230812311172485,-0.5980812311172485,attack,no
3529,0,1,0.7772998611746911,-0.5212352275848389,-1.7712352275848389,attack,yes
3530,0,0,0.18242552380635632,-1.9462352991104126,-0.4462352991104126,attack,no
3531,0,0,0.22270013882530884,-1.7275720834732056,-0.47757208347320557,attack,no
3532,0,0,0.1329642333263228,-2.447479009628296,-0.5724789500236511,attack,no
3533,0,0,0.5,-1.2908515930175781,-1.2908515930175781,attack,no
3534,0,0,0.3486451217982255,-1.4159972667694092,-0.7909972071647644,attack,no
3535,0,1,0.9241418116217418,-0.47209179401397705,-2.9720916748046875,attack,yes
3536,0,1,0.9669140216112958,-0.46959781646728516,-3.844597816467285,attack,yes
3537,0,1,0.893309411735131,-0.4983932375907898,-2.6233932971954346,attack,yes
3538,0,0,0.37754066879814546,-1.3224496841430664,-0.8224496841430664,attack,no
3539,0,1,0.9399133498259924,-0.4581265449523926,-3.2081265449523926,attack,yes
3540,0,0,0.4378234991142019,-1.1459481716156006,-0.8959481716156006,attack,no
3541,0,1,0.5312093733737563,-1.0576741695404053,-1.1826741695404053,attack,yes
3542,0,0,0.01798620759333822,-4.204484462738037,-0.20448432862758636,attack,no
3543,0,0,0.0474258704848281,-3.488054037094116,-0.48805397748947144,attack,no
3544,0,0,0.060086656906500974,-3.305670738220215,-0.5556708574295044,attack,no
3545,0,1,0.7310585903489892,-0.5586568713188171,-1.558656930923462,attack,yes
3546,0,0,0.34864513533394575,-1.346470832824707,-0.721470832824707,attack,no
3547,0,0,0.29421497216298875,-1.3768259286880493,-0.5018259286880493,attack,no
3548,0,0,0.07585818419975078,-2.9188616275787354,-0.4188616871833801,attack,no
3549,0,1,0.835483553488848,-0.6467241048812866,-2.271724224090576,attack,yes
3550,0,1,0.914900957313305,-0.37708351016044617,-2.7520835399627686,attack,yes
3551,0,0,0.24508501313237172,-1.6801730394363403,-0.5551730394363403,attack,no
3552,0,0,0.1329642264548166,-2.4924097061157227,-0.6174095869064331,attack,no
3553,0,0,0.46879064146934857,-1.050187110900879,-0.9251871705055237,attack,no
3554,0,0,0.22270014914315833,-2.019559383392334,-0.7695594429969788,attack,no
3555,0,0,0.4073333856566001,-1.1319491863250732,-0.7569491267204285,attack,no
3556,0,1,0.9324533126145177,-0.46287792921066284,-3.0878779888153076,attack,yes
3557,0,1,0.8354835289107309,-0.5595937371253967,-2.184593677520752,attack,yes
3558,0,0,0.008577484399966718,-5.392069339752197,-0.6420692205429077,attack,no
3559,0,1,0.8670357460591569,-0.5291768312454224,-2.404176712036133,attack,yes
3560,0,0,0.01798620838292263,-4.308309555053711,-0.3083094656467438,attack,no
3561,0,0,0.22270012850745968,-1.9858224391937256,-0.7358223795890808,attack,no
3562,0,0,0.042087725512577126,-3.8016397953033447,-0.6766397356987,attack,no
3563,0,0,0.24508501313237172,-1.7688403129577637,-0.6438403129577637,attack,no
3564,0,0,0.0035936023679944244,-5.775107383728027,-0.15010732412338257,attack,no
3565,0,1,0.9046505325302034,-0.38547518849372864,-2.6354751586914062,attack,yes
3566,0,0,0.012431651584958318,-4.706596374511719,-0.3315964341163635,attack,no
3567,0,1,0.7057850278370112,-0.8643056154251099,-1.7393056154251099,attack,yes
3568,0,0,0.10669059394565118,-2.6876537799835205,-0.5626537799835205,attack,no
3569,0,0,0.10669059394565118,-2.534900665283203,-0.4099006652832031,attack,no
3570,0,0,0.29421497216298875,-1.752829909324646,-0.877829909324646,attack,no
3571,0,0,0.29421497216298875,-1.787861943244934,-0.9128619432449341,attack,no
3572,0,0,0.46879062662624377,-1.3483470678329468,-1.2233470678329468,attack,no
3573,0,0,0.4378235137849365,-1.1487312316894531,-0.8987312912940979,attack,no
3574,0,0,0.06754668738548215,-3.234292507171631,-0.6092924475669861,attack,no
3575,0,1,0.9579122696813394,-0.5734663605690002,-3.6984663009643555,attack,yes
3576,0,0,0.4378234844434674,-1.167576551437378,-0.9175764918327332,attack,no
3577,0,1,0.6224593312018546,-0.829676628112793,-1.329676628112793,attack,yes
3578,0,0,0.07585818837825822,-3.1149749755859375,-0.614975094795227,attack,no
3579,0,0,0.033085981248949035,-3.6719412803649902,-0.2969413697719574,attack,no
3580,0,1,0.8807970842359877,-0.5667573809623718,-2.5667574405670166,attack,yes
3581,0,0,0.1824255415859996,-2.1770272254943848,-0.6770273447036743,attack,no
3582,0,0,0.37754066879814546,-1.5579103231430054,-1.0579103231430054,attack,no
3583,0,0,0.16451644651115205,-2.015671730041504,-0.39067161083221436,attack,no
3584,0,0,0.16451644651115205,-2.200961112976074,-0.5759609937667847,attack,no
3585,0,0,0.06008664344151498,-3.330704689025879,-0.5807045698165894,attack,No
3586,0,1,0.798186768138228,-0.6170681118965149,-1.9920680522918701,attack,yes
3587,0,1,0.9324533051062237,-0.42184382677078247,-3.0468437671661377,attack,yes
3588,0,0,0.047425871831197425,-3.288511037826538,-0.2885110080242157,attack,no
3589,0,0,0.0758581737534831,-2.9143404960632324,-0.41434040665626526,attack,no
3590,0,0,0.02931222820745785,-3.8940412998199463,-0.3940412104129791,attack,no
3591,0,0,0.047425867792089564,-3.379483699798584,-0.37948358058929443,attack,no
3592,0,0,0.037326887344129464,-3.8668463230133057,-0.6168463230133057,attack,no
3593,0,0,0.009708475335369565,-4.9889373779296875,-0.36393725872039795,attack,no
3594,0,0,0.009708478200631072,-4.921440124511719,-0.2964403033256531,attack,no
3595,0,0,0.07585818837825822,-3.208369255065918,-0.7083693742752075,attack,no
3596,0,0,0.5,-1.0740948915481567,-1.0740948915481567,attack,no
3597,0,0,0.02595735569077852,-3.8843932151794434,-0.2593931555747986,attack,no
3598,0,0,0.20181323186177208,-2.0362672805786133,-0.6612673401832581,attack,no
3599,0,1,0.5926665999540697,-1.1634317636489868,-1.5384317636489868,attack,Yes
3600,0,1,0.7310585786300049,-0.9127827882766724,-1.9127827882766724,attack,yes
3601,0,1,0.6513548646660542,-0.7278591394424438,-1.3528591394424438,attack,yes
3602,0,0,0.02297737057907019,-4.169428825378418,-0.41942885518074036,attack,no
3603,0,0,0.22270013882530884,-1.9573326110839844,-0.7073326110839844,attack,no
3604,0,0,0.022977371582637088,-3.9832327365875244,-0.23323281109333038,attack,no
3605,0,1,0.9399133481428692,-0.3831517994403839,-3.1331517696380615,attack,yes
3606,0,1,0.6224593312018546,-0.9715589284896851,-1.471558928489685,attack,yes
3607,0,0,0.017986209698896728,-4.205211162567139,-0.20521114766597748,attack,no
3608,0,1,0.9399133498259924,-0.4193277359008789,-3.169327735900879,attack,yes
3609,0,0,0.22270013882530884,-1.8374199867248535,-0.5874199867248535,attack,no
3610,0,0,0.29421497216298875,-1.4286084175109863,-0.5536084175109863,attack,no
3611,0,0,0.06754668363133542,-3.1097116470336914,-0.48471152782440186,attack,no
3612,0,0,0.04208773272170267,-3.321578025817871,-0.19657814502716064,attack,no
3613,0,1,0.9046505248181417,-0.3304177522659302,-2.5804176330566406,attack,yes
3614,0,1,0.8519528170040853,-0.5461610555648804,-2.29616117477417,attack,yes
3615,0,1,0.9525741227833249,-0.4431053102016449,-3.4431052207946777,attack,yes
3616,0,0,0.2689414096510108,-1.525949478149414,-0.5259494185447693,attack,no
3617,0,1,0.7549149868676283,-0.5567047595977783,-1.6817047595977783,attack,yes
3618,0,0,0.24508502416032488,-1.7450895309448242,-0.620089590549469,attack,no
3619,0,0,0.04208773272170267,-3.3631176948547363,-0.23811781406402588,attack,no
3620,0,0,0.09534947004048376,-2.6068787574768066,-0.3568788170814514,attack,no
3621,0,1,0.851952809486198,-0.47366589307785034,-2.223665952682495,attack,yes
3622,0,0,0.3486451217982255,-1.3030097484588623,-0.6780096888542175,attack,no
3623,0,1,0.6791787121629466,-0.7692598700523376,-1.5192599296569824,attack,yes
3624,0,0,0.09534947004048376,-2.735438585281372,-0.48543864488601685,attack,no
3625,0,0,0.017986211278065763,-4.2497406005859375,-0.24974067509174347,attack,no
3626,0,0,0.02297736857193652,-4.298745632171631,-0.5487455725669861,attack,no
3627,0,1,0.7310585903489892,-0.65218585729599,-1.6521859169006348,attack,yes
3628,0,0,0.46879062662624377,-1.0833308696746826,-0.9583308696746826,attack,no
3629,0,0,0.07585818211049715,-2.854536771774292,-0.3545368015766144,attack,no
3630,0,1,0.9046505248181417,-0.6319466829299927,-2.881946563720703,attack,yes
3631,0,1,0.5621765008857981,-1.2279499769210815,-1.4779499769210815,attack,Yes
3632,0,0,0.09534947004048376,-3.0322885513305664,-0.7822886109352112,attack,no
3633,0,0,0.5,-1.0366389751434326,-1.0366389751434326,attack,no
3634,0,0,0.37754066879814546,-1.1786205768585205,-0.6786205768585205,attack,no
3635,0,0,0.05340332678672523,-3.1720211505889893,-0.2970210909843445,attack,no
3636,0,0,0.07585817166422973,-3.1591882705688477,-0.6591881513595581,attack,no
3637,0,1,0.754914997895581,-0.6666480898857117,-1.7916481494903564,attack,yes
3638,0,1,0.966914017797636,-0.5184727907180786,-3.893472671508789,attack,yes
3639,0,0,0.29421497216298875,-1.5743352174758911,-0.6993352174758911,attack,no
3640,0,0,0.11920292202211755,-2.701578378677368,-0.7015783786773682,attack,no
3641,0,0,0.34864513533394575,-1.6977497339248657,-1.0727497339248657,attack,no
3642,0,1,0.8670357735451834,-0.4575122594833374,-2.332512378692627,attack,yes
3643,0,1,0.5312093733737563,-1.256738543510437,-1.381738543510437,attack,Yes
3644,0,0,0.005220125384038879,-5.460002899169922,-0.2100028395652771,attack,no
3645,0,1,0.8933094174159129,-0.6021765470504761,-2.7271766662597656,attack,yes
3646,0,1,0.8933094003735664,-0.5468249917030334,-2.6718249320983887,attack,yes
3647,0,1,0.8670357598021706,-0.6222333908081055,-2.4972333908081055,attack,yes
3648,0,0,0.008577486427457372,-5.1912031173706055,-0.441203236579895,attack,no
3649,0,1,0.7772998508568416,-0.8332982659339905,-2.0832982063293457,attack,yes
3650,0,0,0.1329642436335826,-2.258047103881836,-0.3830471336841583,attack,no
3651,0,1,0.9046505428129514,-0.38280239701271057,-2.6328024864196777,attack,yes
3652,0,0,0.009708478200631072,-5.111362934112549,-0.48636311292648315,attack,no
3653,0,0,0.01798621101487092,-4.4131364822387695,-0.4131365418434143,attack,no
3654,0,0,0.042087725512577126,-3.7469534873962402,-0.6219534277915955,attack,no
3655,0,0,0.08509904500702024,-3.0441055297851562,-0.6691055297851562,attack,no
3656,0,1,0.7549149868676283,-0.6188536882400513,-1.7438536882400513,attack,yes
3657,0,1,0.6513548646660542,-1.0312867164611816,-1.6562867164611816,attack,yes
3658,0,1,0.7772998611746911,-0.6014387607574463,-1.8514387607574463,attack,yes
3659,0,0,0.18242552380635632,-2.251134157180786,-0.7511341571807861,attack,no
3660,0,0,0.060086646807761206,-3.382829427719116,-0.6328293681144714,attack,No
3661,0,0,0.46879062662624377,-1.3414596319198608,-1.2164596319198608,attack,no
3662,0,1,0.9046505248181417,-0.5844002962112427,-2.834400177001953,attack,yes
3663,0,0,0.006692849735519792,-5.292012691497803,-0.2920125126838684,attack,no
3664,0,1,0.8175744850834649,-0.7206951975822449,-2.2206952571868896,attack,yes
3665,0,1,0.7981867873410141,-0.6525639891624451,-2.02756404876709,attack,yes
3666,0,0,0.037326887344129464,-3.8698248863220215,-0.6198248863220215,attack,no
3667,0,1,0.8519528019683106,-0.5524623394012451,-2.302462339401245,attack,yes
3668,0,0,0.020332356904444657,-4.4199957847595215,-0.5449959635734558,attack,no
3669,0,0,0.029312230751356316,-4.0141730308532715,-0.5141730308532715,attack,no
3670,0,1,0.8354835289107309,-0.5715208649635315,-2.1965208053588867,attack,yes
3671,0,0,0.18242551936144574,-1.9641826152801514,-0.464182585477829,attack,no
3672,0,0,0.14804719051380197,-2.229731559753418,-0.4797315001487732,attack,no
3673,0,0,0.1329642264548166,-2.4374356269836426,-0.562435507774353,attack,no
3674,0,0,0.007577239923211134,-5.408571243286133,-0.5335710644721985,attack,no
3675,0,0,0.37754066879814546,-1.4218430519104004,-0.9218430519104004,attack,no
3676,0,0,0.34864513533394575,-1.4553594589233398,-0.8303594589233398,attack,no
3677,0,0,0.3775406547908327,-1.3601937294006348,-0.86019366979599,attack,no
3678,0,1,0.7549149868676283,-0.7476295232772827,-1.8726295232772827,attack,yes
3679,0,0,0.34864513533394575,-1.4739441871643066,-0.8489441871643066,attack,no
3680,0,1,0.7549149868676283,-0.5928655862808228,-1.7178655862808228,attack,yes
3681,0,1,0.9241418158002492,-0.4728167653083801,-2.9728167057037354,attack,yes
3682,0,0,0.08509904500702024,-3.029953718185425,-0.6549537181854248,attack,No
3683,0,0,0.22270012850745968,-2.0213170051574707,-0.7713169455528259,attack,no
3684,0,0,0.37754066879814546,-1.5458093881607056,-1.0458093881607056,attack,no
3685,0,0,0.006692851518667466,-5.3974928855896,-0.3974929749965668,attack,no
3686,0,1,0.8354835452961425,-0.5332116484642029,-2.1582117080688477,attack,yes
3687,0,1,0.7981867777396212,-0.7976980209350586,-2.1726980209350586,attack,yes
3688,0,1,0.9465966709534505,-0.24245499074459076,-3.117455005645752,attack,yes
3689,0,0,0.08509904500702024,-2.997509479522705,-0.6225094795227051,attack,no
3690,0,1,0.7310585903489892,-0.5599309802055359,-1.5599310398101807,attack,yes
3691,0,0,0.07585818002124356,-2.9913482666015625,-0.4913482666015625,attack,no
3692,0,0,0.010986940849479477,-4.741463661193848,-0.24146349728107452,attack,no
3693,0,0,0.022977367902892003,-4.063613414764404,-0.31361332535743713,attack,no
3694,0,1,0.8670357598021706,-0.8326511383056641,-2.707651138305664,attack,Yes
3695,0,1,0.7772998714925403,-0.604810893535614,-1.8548109531402588,attack,yes
3696,0,0,0.025957358704815272,-3.8867454528808594,-0.26174551248550415,attack,no
3697,0,0,0.1329642436335826,-2.367480754852295,-0.4924807846546173,attack,no
3698,0,1,0.9046505325302034,-0.414493590593338,-2.6644935607910156,attack,yes
3699,0,1,0.9046505402422645,-0.38337844610214233,-2.633378505706787,attack,yes
3700,0,0,0.2689414213699951,-1.828331708908081,-0.828331708908081,attack,no
3701,0,1,0.9579122732859019,-0.3640136420726776,-3.489013671875,attack,yes
3702,0,0,0.4073333856566001,-1.2499327659606934,-0.8749327063560486,attack,no
3703,0,1,0.9241418158002492,-0.5613587498664856,-3.061358690261841,attack,yes
3704,0,1,0.6513548782017746,-0.7613314986228943,-1.386331558227539,attack,yes
3705,0,1,0.6791787121629466,-0.5994276404380798,-1.3494277000427246,attack,yes
3706,0,0,0.37754066879814546,-1.4692898988723755,-0.9692898988723755,attack,no
3707,0,0,0.07585818419975078,-2.920597791671753,-0.4205978512763977,attack,no
3708,0,1,0.957912274487423,-0.36387795209884644,-3.488878011703491,attack,yes
3709,0,0,0.03308598029553404,-3.983988046646118,-0.6089881062507629,attack,no
3710,0,0,0.24508500210441886,-1.8971378803253174,-0.7721378207206726,attack,no
3711,0,0,0.025957359835079137,-3.785881280899048,-0.1608813852071762,attack,no
3712,0,1,0.9046505351008906,-0.4908618927001953,-2.7408618927001953,attack,yes
3713,0,1,0.9241418283357702,-0.3633164167404175,-2.863316535949707,attack,yes
3714,0,1,0.8670357735451834,-0.501667857170105,-2.3766679763793945,attack,yes
3715,0,1,0.8670357598021706,-0.36927247047424316,-2.244272470474243,attack,yes
3716,0,0,0.2689414213699951,-1.8388216495513916,-0.8388216495513916,attack,no
3717,0,1,0.754914975839675,-0.9068556427955627,-2.031855583190918,attack,yes
3718,0,0,0.02931222820745785,-3.930255889892578,-0.43025580048561096,attack,no
3719,0,1,0.904650527388829,-0.38484081625938416,-2.634840726852417,attack,yes
3720,0,0,0.014063623737371644,-4.521509170532227,-0.27150893211364746,attack,no
3721,0,0,0.05340332678672523,-3.170889377593994,-0.29588931798934937,attack,no
3722,0,0,0.24508501313237172,-1.9481747150421143,-0.8231747150421143,attack,no
3723,0,0,0.0850990542883219,-2.874209403991699,-0.49920952320098877,attack,no
3724,0,1,0.9149009619539553,-0.3177408277988434,-2.6927409172058105,attack,yes
3725,0,0,0.11920291263495983,-2.3281173706054688,-0.3281172811985016,attack,no
3726,0,0,0.37754066879814546,-1.3041882514953613,-0.8041882514953613,attack,no
3727,0,0,0.06754668926255561,-3.064380407333374,-0.43938037753105164,attack,no
3728,0,0,0.010986944249787705,-4.904097557067871,-0.40409770607948303,attack,no
3729,0,0,0.04742587587030561,-3.350367784500122,-0.35036784410476685,attack,no
3730,0,0,0.34864513533394575,-1.623745322227478,-0.998745322227478,attack,no
3731,0,0,0.0953494648991095,-2.882575035095215,-0.6325750350952148,attack,no
3732,0,0,0.017986210488481234,-4.281421184539795,-0.2814212143421173,attack,no
3733,0,0,0.06008664512463808,-2.9858877658843994,-0.23588767647743225,attack,no
3734,0,0,0.0028009275081831283,-6.081624984741211,-0.20662517845630646,attack,no
3735,0,1,0.9626731169394882,-0.6212133169174194,-3.871213436126709,attack,yes
3736,0,1,0.8519528057272543,-0.4501282870769501,-2.2001283168792725,attack,yes
3737,0,0,0.0373268852023206,-3.7319765090942383,-0.4819764494895935,attack,no
3738,0,1,0.8670357666736773,-0.4959370493888855,-2.3709371089935303,attack,yes
3739,0,1,0.8807970873650403,-0.4446662962436676,-2.4446663856506348,attack,yes
3740,0,1,0.9399133481428692,-0.4163532555103302,-3.166353225708008,attack,yes
3741,0,1,0.8807970779778823,-0.708777904510498,-2.708777904510498,attack,yes
3742,0,1,0.9324533051062237,-0.3916173577308655,-3.0166172981262207,attack,yes
3743,0,1,0.9046505299595163,-0.6918075680732727,-2.941807508468628,attack,yes
3744,0,1,0.5926665999540697,-0.7092528343200684,-1.0842528343200684,attack,yes
3745,0,1,0.8175744673038221,-0.7727764248847961,-2.2727763652801514,attack,yes
3746,0,1,0.9399133531922388,-0.4990808367729187,-3.2490808963775635,attack,yes
3747,0,0,0.04742587856304458,-3.581324577331543,-0.5813246965408325,attack,no
3748,0,0,0.009708476051684862,-4.86643123626709,-0.24143119156360626,attack,no
3749,0,0,0.010986942954432066,-4.944305896759033,-0.4443059265613556,attack,no
3750,0,1,0.7057850278370112,-0.8049135208129883,-1.6799135208129883,attack,yes
3751,0,0,0.4378234991142019,-1.3806631565093994,-1.1306631565093994,attack,no
3752,0,1,0.798186768138228,-0.5734506249427795,-1.9484505653381348,attack,yes
3753,0,0,0.03308598220236406,-3.928856372833252,-0.5538564920425415,attack,No
3754,0,0,0.5,-1.2048693895339966,-1.2048693895339966,attack,no
3755,0,1,0.8175744761936437,-0.47869014739990234,-1.9786901473999023,attack,yes
3756,0,0,0.0675466911396291,-3.185215711593628,-0.5602157115936279,attack,no
3757,0,1,0.7772998405389918,-0.9384714365005493,-2.1884713172912598,attack,Yes
3758,0,0,0.20181321265898594,-1.9927430152893066,-0.6177429556846619,attack,no
3759,0,1,0.9241418283357702,-0.5613077878952026,-3.061307907104492,attack,yes
3760,0,0,0.4073334000459302,-1.5010517835617065,-1.1260517835617065,attack,no
3761,0,0,0.04742587587030561,-3.535292625427246,-0.5352926850318909,attack,no
3762,0,0,0.08509904964767095,-2.8382859230041504,-0.46328598260879517,attack,no
3763,0,1,0.957912274487423,-0.4789525866508484,-3.603952646255493,attack,yes
3764,0,0,0.02595735719779685,-4.011314392089844,-0.38631439208984375,attack,no
3765,0,0,0.01798620838292263,-4.251713752746582,-0.25171366333961487,attack,no
3766,0,0,0.18242553269617778,-2.1769216060638428,-0.6769216656684875,attack,no
3767,0,0,0.32082130082460697,-1.425646424293518,-0.6756464242935181,attack,no
3768,0,0,0.06754669864792355,-3.2750720977783203,-0.6500722169876099,attack,no
3769,0,1,0.9324533163686646,-0.3270033597946167,-2.9520034790039062,attack,yes
3770,0,1,0.8175744673038221,-0.586283266544342,-2.0862832069396973,attack,yes
3771,0,0,0.4073334000459302,-1.3969684839248657,-1.0219684839248657,attack,no
3772,0,1,0.7057850278370112,-0.9584938287734985,-1.8334938287734985,attack,yes
3773,0,0,0.08509904036636974,-2.921841621398926,-0.546841561794281,attack,no
3774,0,1,0.6791786861878392,-0.7978435158729553,-1.5478434562683105,attack,yes
3775,0,1,0.9046505402422645,-0.5836049914360046,-2.8336050510406494,attack,yes
3776,0,1,0.9579122756889438,-0.3299039900302887,-3.454904079437256,attack,yes
3777,0,0,0.07585818002124356,-3.1108460426330566,-0.6108460426330566,attack,no
3778,0,1,0.7057850278370112,-0.8042521476745605,-1.6792521476745605,attack,yes
3779,0,0,0.20181320305759334,-2.228480815887451,-0.8534806966781616,attack,no
3780,0,0,0.025957356444287677,-3.9751651287078857,-0.35016509890556335,attack,no
3781,0,1,0.6224593312018546,-1.1318542957305908,-1.6318542957305908,attack,Yes
3782,0,0,0.18242550602671442,-2.017080307006836,-0.5170801877975464,attack,no
3783,0,0,0.1645164792819756,-2.1264090538024902,-0.5014091730117798,attack,no
3784,0,1,0.7772998611746911,-0.5639699697494507,-1.8139699697494507,attack,yes
3785,0,0,0.014063625803542697,-4.620640754699707,-0.37064066529273987,attack,no
3786,0,0,0.46879062662624377,-1.0628397464752197,-0.9378397464752197,attack,no
3787,0,0,0.2689414213699951,-1.9375003576278687,-0.9375003576278687,attack,no
3788,0,0,0.08509904500702024,-2.9957573413848877,-0.6207573413848877,attack,no
3789,0,0,0.1066905854244781,-2.6188080310821533,-0.49380794167518616,attack,no
3790,0,1,0.8354835452961425,-0.5698315501213074,-2.194831609725952,attack,yes
3791,0,0,0.020332352749027827,-4.155930995941162,-0.2809309661388397,attack,no
3792,0,1,0.8354835207180245,-0.6077567338943481,-2.2327566146850586,attack,yes
3793,0,0,0.4073334000459302,-1.350337028503418,-0.975337028503418,attack,no
3794,0,1,0.6224593312018546,-1.0570628643035889,-1.5570628643035889,attack,yes
3795,0,0,0.006692851518667466,-5.4832024574279785,-0.4832025468349457,attack,no
3796,0,0,0.01243165231673086,-4.914370059967041,-0.5393701791763306,attack,no
3797,0,1,0.8175744761936437,-0.8396728038787842,-2.339672803878784,attack,yes
3798,0,1,0.8807970842359877,-0.3110188841819763,-2.311018943786621,attack,yes
3799,0,0,0.04742587317756679,-3.495948076248169,-0.49594807624816895,attack,no
3800,0,0,0.24508500210441886,-1.9496464729309082,-0.8246464133262634,attack,no
3801,0,0,0.22270014914315833,-1.7834622859954834,-0.5334623456001282,attack,no
3802,0,0,0.04208773031866069,-3.4679818153381348,-0.34298187494277954,attack,no
3803,0,1,0.6224593312018546,-1.0206804275512695,-1.5206804275512695,attack,yes
3804,0,1,0.8175744584140004,-0.6017428636550903,-2.101742744445801,attack,yes
3805,0,0,0.01798620785653302,-4.544589042663574,-0.5445889234542847,attack,no
3806,0,0,0.4378234991142019,-1.132557988166809,-0.8825579881668091,attack,no
3807,0,1,0.7057850278370112,-0.7713853120803833,-1.6463853120803833,attack,yes
3808,0,0,0.04742587317756679,-3.6259071826934814,-0.6259071826934814,attack,no
3809,0,1,0.8933093975331751,-0.343453973531723,-2.468453884124756,attack,yes
3810,0,0,0.29421497216298875,-1.4918277263641357,-0.6168277263641357,attack,no
3811,0,0,0.11920290950590741,-2.5800161361694336,-0.580016016960144,attack,no
3812,0,0,0.017986206803753842,-4.2040534019470215,-0.20405322313308716,attack,no
3813,0,0,0.0758581737534831,-2.8226382732391357,-0.3226381838321686,attack,no
3814,0,0,0.3208213138121609,-1.4933528900146484,-0.7433529496192932,attack,no
3815,0,0,0.04208772431105632,-3.464200019836426,-0.3391999304294586,attack,no
3816,0,1,0.851952809486198,-0.4745871424674988,-2.2245872020721436,attack,yes
3817,0,1,0.9525741268224334,-0.36603617668151855,-3.3660361766815186,attack,yes
3818,0,0,0.02297737258620403,-4.404782772064209,-0.6547828912734985,attack,no
3819,0,0,0.46879062662624377,-1.3420261144638062,-1.2170261144638062,attack,no
3820,0,0,0.18242553269617778,-1.938080072402954,-0.4380801320075989,attack,no
3821,0,1,0.9465966671870767,-0.3779612183570862,-3.2529611587524414,attack,yes
3822,0,1,0.7057850402140659,-0.7735549807548523,-1.648555040359497,attack,yes
3823,0,0,0.014063625803542697,-4.449730396270752,-0.1997303068637848,attack,no
3824,0,0,0.4073334000459302,-1.3972792625427246,-1.0222792625427246,attack,no
3825,0,1,0.8354835452961425,-0.5268058180809021,-2.151805877685547,attack,yes
3826,0,0,0.012431647926096252,-4.866888999938965,-0.49188876152038574,attack,no
3827,0,0,0.14804721306746543,-2.5002264976501465,-0.750226616859436,attack,no
3828,0,0,0.4378235137849365,-1.0589511394500732,-0.808951199054718,attack,no
3829,0,0,0.0850990357257195,-3.1005043983459473,-0.7255042791366577,attack,no
3830,0,0,0.14804719051380197,-2.302744150161743,-0.5527440905570984,attack,no
3831,0,1,0.9046505299595163,-0.537257730960846,-2.787257671356201,attack,yes
3832,0,0,0.09534945975773548,-2.727865219116211,-0.47786515951156616,attack,no
3833,0,0,0.09534947261117097,-2.6016035079956055,-0.35160359740257263,attack,no
3834,0,0,0.02595735569077852,-4.011635780334473,-0.3866357207298279,attack,no
3835,0,0,0.32082130082460697,-1.5968940258026123,-0.8468940258026123,attack,no
3836,0,1,0.9525741281688026,-0.4038641154766083,-3.4038641452789307,attack,yes
3837,0,1,0.914900945711678,-0.5710116624832153,-2.946011543273926,attack,yes
3838,0,0,0.042087725512577126,-3.612612247467041,-0.48761218786239624,attack,no
3839,0,0,0.022977367902892003,-4.131871223449707,-0.38187113404273987,attack,no
3840,0,1,0.7310585669110203,-0.6884132027626038,-1.688413143157959,attack,yes
3841,0,0,0.037326888415033926,-3.4406802654266357,-0.19068029522895813,attack,no
3842,0,0,0.0059110695567328965,-5.656082630157471,-0.5310827493667603,attack,no
3843,0,1,0.8175744584140004,-0.5501681566238403,-2.050168037414551,attack,yes
3844,0,1,0.835483553488848,-0.8180254697799683,-2.443025588989258,attack,yes
3845,0,1,0.8807970654616711,-0.6609264612197876,-2.660926342010498,attack,yes
3846,0,1,0.924141817889503,-0.3658788502216339,-2.8658788204193115,attack,yes
3847,0,0,0.2689414330889798,-1.591543197631836,-0.5915432572364807,attack,no
3848,0,1,0.89330940889474,-0.40530678629875183,-2.530306816101074,attack,yes
3849,0,1,0.5926665999540697,-0.9714572429656982,-1.3464572429656982,attack,yes
3850,0,1,0.8175744761936437,-0.5938763618469238,-2.093876361846924,attack,yes
3851,0,0,0.04208772431105632,-3.6104166507720947,-0.48541656136512756,attack,no
3852,0,1,0.8519527944504226,-0.5948033928871155,-2.3448033332824707,attack,yes
3853,0,1,0.9241418199787566,-0.5184967517852783,-3.0184967517852783,attack,yes
3854,0,0,0.010986944249787705,-4.829301357269287,-0.32930150628089905,attack,no
3855,0,0,0.04208773031866069,-3.573301315307617,-0.44830137491226196,attack,no
3856,0,0,0.11920292202211755,-2.7458465099334717,-0.7458465099334717,attack,No
3857,0,0,0.0953494648991095,-2.9218454360961914,-0.6718454360961914,attack,no
3858,0,0,0.07585818002124356,-3.036097764968872,-0.5360977649688721,attack,no
3859,0,0,0.06008665354025422,-3.2815535068511963,-0.5315535664558411,attack,No
3860,0,0,0.24508501313237172,-1.9269179105758667,-0.8019179105758667,attack,no
3861,0,1,0.5312093733737563,-1.016206979751587,-1.141206979751587,attack,yes
3862,0,1,0.8807970654616711,-0.6617871522903442,-2.6617870330810547,attack,yes
3863,0,1,0.5621765008857981,-1.0498888492584229,-1.2998888492584229,attack,yes
3864,0,1,0.8519527944504226,-0.6395314335823059,-2.389531373977661,attack,yes
3865,0,0,0.24508501313237172,-1.8409409523010254,-0.7159409523010254,attack,no
3866,0,0,0.020332352155396922,-4.33270788192749,-0.45770782232284546,attack,no
3867,0,0,0.017986206277364275,-4.375588893890381,-0.37558868527412415,attack,no
3868,0,0,0.4378234991142019,-1.3350815773010254,-1.0850815773010254,attack,no
3869,0,1,0.6224593312018546,-0.8056192398071289,-1.305619239807129,attack,yes
3870,0,1,0.9579122684798184,-0.2738223969936371,-3.39882230758667,attack,yes
3871,0,0,0.03308597648187432,-3.701869487762451,-0.3268694281578064,attack,no
3872,0,0,0.006692852311177695,-5.262583255767822,-0.262583464384079,attack,no
3873,0,1,0.939913356558485,-0.7011483907699585,-3.451148509979248,attack,yes
3874,0,0,0.1645164628965632,-2.1272408962249756,-0.5022408962249756,attack,no
3875,0,1,0.9324533088603709,-0.42548227310180664,-3.0504822731018066,attack,yes
3876,0,1,0.7057850278370112,-0.6498667001724243,-1.5248667001724243,attack,yes
3877,0,0,0.0758581737534831,-2.9507412910461426,-0.4507412016391754,attack,no
3878,0,1,0.9465966762263737,-0.5871700048446655,-3.462170124053955,attack,yes
3879,0,1,0.9399133447766225,-0.4581347405910492,-3.208134651184082,attack,yes
3880,0,0,0.18242551491653522,-2.102367639541626,-0.6023675799369812,attack,no
3881,0,1,0.9241418158002492,-0.431443989276886,-2.931443929672241,attack,yes
3882,0,0,0.042087729717900216,-3.3235127925872803,-0.19851283729076385,attack,no
3883,0,1,0.9465966671870767,-0.4494052529335022,-3.3244051933288574,attack,yes
3884,0,1,0.9046505248181417,-0.49093544483184814,-2.7409353256225586,attack,yes
3885,0,1,0.9241418283357702,-0.5150421857833862,-3.015042304992676,attack,yes
3886,0,0,0.0046095714956607,-5.731477737426758,-0.3564775884151459,attack,no
3887,0,0,0.1066905825840872,-2.702883243560791,-0.5778831243515015,attack,No
3888,0,1,0.9046505248181417,-0.5832716226577759,-2.8332715034484863,attack,yes
3889,0,1,0.9046505351008906,-0.5377116203308105,-2.7877116203308105,attack,yes
3890,0,0,0.02595736021183377,-4.091242790222168,-0.4662429094314575,attack,no
3891,0,0,0.34864513533394575,-1.5936051607131958,-0.9686051607131958,attack,no
3892,0,1,0.8354835289107309,-0.7169159054756165,-2.3419158458709717,attack,yes
3893,0,0,0.037326884131416216,-3.6186845302581787,-0.36868444085121155,attack,no
3894,0,1,0.8175744584140004,-0.7299495935440063,-2.229949474334717,attack,yes
3895,0,0,0.06008665017400762,-3.30029559135437,-0.5502955913543701,attack,no
3896,0,1,0.7772998611746911,-0.5324208736419678,-1.7824208736419678,attack,yes
3897,0,0,0.053403329799824234,-3.4558966159820557,-0.5808966159820557,attack,no
3898,0,0,0.08509903804604459,-2.7489540576934814,-0.3739539682865143,attack,no
3899,0,1,0.8670357701094303,-0.39633455872535706,-2.271334648132324,attack,yes
3900,0,1,0.8354835207180245,-0.7078262567520142,-2.3328261375427246,attack,yes
3901,0,1,0.9399133515091156,-0.41835734248161316,-3.1683573722839355,attack,yes
3902,0,0,0.2227001594610082,-2.0435614585876465,-0.793561577796936,attack,no
3903,0,0,0.32082130082460697,-1.4938222169876099,-0.7438222169876099,attack,no
3904,0,0,0.22270013882530884,-1.7065826654434204,-0.4565826654434204,attack,no
3905,0,0,0.24508501313237172,-1.9282093048095703,-0.8032093048095703,attack,no
3906,0,0,0.0850990519679964,-2.6884942054748535,-0.3134942948818207,attack,no
3907,0,1,0.7310585669110203,-0.6961720585823059,-1.6961719989776611,attack,yes
3908,0,0,0.5,-1.205024003982544,-1.205024003982544,attack,no
3909,0,1,0.9324533051062237,-0.3557143807411194,-2.9807143211364746,attack,yes
3910,0,1,0.8807970779778823,-0.7509238719940186,-2.7509238719940186,attack,yes
3911,0,0,0.4073333856566001,-1.2022616863250732,-0.8272616267204285,attack,no
3912,0,0,0.46879062662624377,-1.2897682189941406,-1.1647682189941406,attack,no
3913,0,1,0.8670357563664174,-0.43224433064460754,-2.307244300842285,attack,yes
3914,0,0,0.05340333582602272,-3.332301139831543,-0.4573012590408325,attack,no
3915,0,1,0.9399133464597458,-0.6457961201667786,-3.395796060562134,attack,yes
3916,0,1,0.9046505453836383,-0.7363618612289429,-2.9863619804382324,attack,yes
3917,0,0,0.5,-1.1574811935424805,-1.1574811935424805,attack,no
3918,0,0,0.22270013882530884,-1.955806851387024,-0.7058068513870239,attack,no
3919,0,1,0.7057850278370112,-0.6514124870300293,-1.5264124870300293,attack,yes
3920,0,0,0.2689414213699951,-1.9116921424865723,-0.9116921424865723,attack,no
3921,0,0,0.3775406828054583,-1.3211486339569092,-0.821148693561554,attack,no
3922,0,0,0.34864513533394575,-1.4358123540878296,-0.8108123540878296,attack,no
3923,0,0,0.22270012850745968,-1.912142276763916,-0.6621422171592712,attack,no
3924,0,0,0.2689414213699951,-1.736482858657837,-0.7364828586578369,attack,no
3925,0,0,0.11920292828022305,-2.438154697418213,-0.43815475702285767,attack,no
3926,0,0,0.025957360965343058,-4.048320293426514,-0.4233204424381256,attack,no
3927,0,1,0.9579122684798184,-0.39774879813194275,-3.5227487087249756,attack,yes
3928,0,0,0.08509904500702024,-2.8825511932373047,-0.5075511932373047,attack,No
3929,0,1,0.9465966686936261,-0.41268041729927063,-3.2876803874969482,attack,yes
3930,0,1,0.893309411735131,-0.6464309096336365,-2.7714309692382812,attack,yes
3931,0,0,0.08509904500702024,-2.7138736248016357,-0.33887362480163574,attack,no
3932,0,0,0.07585818211049715,-2.920058488845825,-0.4200585186481476,attack,no
3933,0,1,0.5312093733737563,-1.2157375812530518,-1.3407375812530518,attack,Yes
3934,0,1,0.9399133498259924,-0.5458393096923828,-3.295839309692383,attack,yes
3935,0,0,0.46879062662624377,-1.133408784866333,-1.008408784866333,attack,no
3936,0,1,0.5621765008857981,-1.0343081951141357,-1.2843081951141357,attack,yes
3937,0,1,0.6224593312018546,-0.8586819171905518,-1.3586819171905518,attack,yes
3938,0,1,0.9465966656805269,-0.4956143796443939,-3.3706142902374268,attack,yes
3939,0,1,0.8670357701094303,-0.42053547501564026,-2.2955355644226074,attack,yes
3940,0,0,0.2689414213699951,-1.5634698867797852,-0.5634698867797852,attack,no
3941,0,1,0.5926665999540697,-1.1406304836273193,-1.5156304836273193,attack,Yes
3942,0,1,0.7057850278370112,-0.8035150766372681,-1.678515076637268,attack,yes
3943,0,0,0.1329642436335826,-2.2517664432525635,-0.37676647305488586,attack,no
3944,0,0,0.5,-1.2756855487823486,-1.2756855487823486,attack,no
3945,0,0,0.4378234991142019,-1.238913655281067,-0.9889136552810669,attack,no
3946,0,0,0.3486451217982255,-1.5180950164794922,-0.8930949568748474,attack,no
3947,0,0,0.01406362952265135,-4.582655429840088,-0.3326556086540222,attack,no
3948,0,0,0.004070138138716626,-5.707418918609619,-0.2074190229177475,attack,no
3949,0,1,0.7310585669110203,-0.9971590638160706,-1.9971590042114258,attack,Yes
3950,0,1,0.7549149868676283,-0.5080550909042358,-1.6330550909042358,attack,yes
3951,0,1,0.8519528170040853,-0.6879304647445679,-2.4379305839538574,attack,yes
3952,0,1,0.9149009642742806,-0.4061692953109741,-2.7811694145202637,attack,yes
3953,0,1,0.9399133515091156,-0.41368553042411804,-3.1636855602264404,attack,yes
3954,0,0,0.09534945975773548,-2.8829562664031982,-0.6329562067985535,attack,no
3955,0,0,0.03732688948593843,-3.6520087718963623,-0.4020088315010071,attack,no
3956,0,1,0.9465966762263737,-0.4492405652999878,-3.3242406845092773,attack,yes
3957,0,0,0.24508500210441886,-1.8219432830810547,-0.6969432234764099,attack,no
3958,0,0,0.14804719051380197,-2.3339121341705322,-0.5839120745658875,attack,no
3959,0,0,0.37754066879814546,-1.3995091915130615,-0.8995091915130615,attack,no
3960,0,1,0.5926665999540697,-1.000199794769287,-1.375199794769287,attack,yes
3961,0,1,0.5312093733737563,-1.057137131690979,-1.182137131690979,attack,yes
3962,0,1,0.9579122768904644,-0.3990243673324585,-3.524024486541748,attack,yes
3963,0,0,0.24508501313237172,-1.9145427942276,-0.7895427942276001,attack,no
3964,0,1,0.5926665999540697,-0.914461612701416,-1.289461612701416,attack,yes
3965,0,0,0.06754669864792355,-3.0606961250305176,-0.43569624423980713,attack,no
3966,0,1,0.9241418241572634,-0.5104812979698181,-3.010481357574463,attack,yes
3967,0,0,0.04208772671409796,-3.5697226524353027,-0.44472262263298035,attack,no
3968,0,0,0.20181322226037882,-1.9931966066360474,-0.6181966066360474,attack,no
3969,0,1,0.5312093733737563,-0.9454175233840942,-1.0704175233840942,attack,yes
3970,0,0,0.34864513533394575,-1.656777024269104,-1.031777024269104,attack,no
3971,0,0,0.10669059394565118,-2.7040746212005615,-0.5790746212005615,attack,no
3972,0,0,0.46879062662624377,-1.0787321329116821,-0.9537321329116821,attack,no
3973,0,1,0.9149009642742806,-0.47886788845062256,-2.853868007659912,attack,yes
3974,0,0,0.5,-1.1574410200119019,-1.1574410200119019,attack,no
3975,0,1,0.6513548646660542,-1.0330108404159546,-1.6580108404159546,attack,yes
3976,0,0,0.18242553269617778,-2.015721321105957,-0.5157213807106018,attack,no
3977,0,0,0.40733341443526055,-1.3077425956726074,-0.9327426552772522,attack,no
3978,0,1,0.8933093946927838,-0.43043720722198486,-2.5554370880126953,attack,yes
3979,0,1,0.5312093733737563,-1.1186469793319702,-1.2436469793319702,attack,yes
3980,0,1,0.7057850278370112,-0.6369336843490601,-1.51193368434906,attack,yes
3981,0,0,0.16451647108926923,-2.275926113128662,-0.6509261727333069,attack,no
3982,0,0,0.22270013882530884,-1.8598148822784424,-0.6098148822784424,attack,no
3983,0,0,0.020332355123551627,-4.155394077301025,-0.28039416670799255,attack,no
3984,0,0,0.4073334000459302,-1.2509331703186035,-0.8759331703186035,attack,no
3985,0,0,0.03308597505175204,-3.6227197647094727,-0.2477196604013443,attack,no
3986,0,0,0.4073334000459302,-1.198959469795227,-0.823959469795227,attack,no
3987,0,0,0.24508501313237172,-1.7454205751419067,-0.6204205751419067,attack,no
3988,0,0,0.20181321265898594,-1.9664456844329834,-0.5914456248283386,attack,no
3989,0,0,0.022977367233847502,-4.094934940338135,-0.3449348211288452,attack,no
3990,0,0,0.017986206803753842,-4.2769775390625,-0.2769773602485657,attack,no
3991,0,1,0.6513548646660542,-0.9425058364868164,-1.5675058364868164,attack,yes
3992,0,1,0.914900957313305,-0.44943711161613464,-2.824437141418457,attack,yes
3993,0,0,0.02297736991002561,-4.169704437255859,-0.4197044372558594,attack,no
3994,0,0,0.37754066879814546,-1.4437929391860962,-0.9437929391860962,attack,no
3995,0,1,0.7549149868676283,-0.751086950302124,-1.876086950302124,attack,yes
3996,0,1,0.6513548646660542,-0.8091350793838501,-1.43413507938385,attack,yes
3997,0,0,0.03308598029553404,-3.807525873184204,-0.4325259327888489,attack,no
3998,0,0,0.00522012577093828,-5.385756969451904,-0.1357569843530655,attack,no
3999,0,0,0.2689414330889798,-1.6240544319152832,-0.624054491519928,attack,no
4000,0,0,0.005911067805510302,-5.448842525482178,-0.3238423466682434,attack,no
4001,0,1,0.679178699175393,-0.7980244159698486,-1.5480244159698486,attack,yes
4002,0,1,0.7310585669110203,-0.6676610112190247,-1.6676609516143799,attack,yes
4003,0,0,0.06008665017400762,-3.0071160793304443,-0.25711607933044434,attack,no
4004,0,1,0.5312093733737563,-1.0156067609786987,-1.1406067609786987,attack,yes
4005,0,1,0.5621765008857981,-1.0645952224731445,-1.3145952224731445,attack,yes
4006,0,0,0.10669060530721626,-2.58074951171875,-0.45574963092803955,attack,no
4007,0,1,0.5926665999540697,-0.864498496055603,-1.239498496055603,attack,yes
4008,0,1,0.8175744850834649,-0.6377431750297546,-2.1377432346343994,attack,yes
4009,0,0,0.0600866518571309,-3.1840732097625732,-0.43407323956489563,attack,no
4010,0,1,0.9046505248181417,-0.45399725437164307,-2.7039971351623535,attack,yes
4011,0,0,0.34864513533394575,-1.639411211013794,-1.014411211013794,attack,No
4012,0,1,0.9525741227833249,-0.30532845854759216,-3.305328369140625,attack,yes
4013,0,0,0.01243164865786858,-4.780369758605957,-0.4053695797920227,attack,no
4014,0,0,0.2942149845400438,-1.595707654953003,-0.7207077145576477,attack,no
4015,0,0,0.01798621259404007,-4.228084564208984,-0.2280847132205963,attack,no
4016,0,1,0.9525741241296944,-0.3362787365913391,-3.3362786769866943,attack,yes
4017,0,0,0.24508501313237172,-1.5744240283966064,-0.44942402839660645,attack,no
4018,0,0,0.4073334000459302,-1.311783790588379,-0.9367837905883789,attack,no
4019,0,0,0.08509904964767095,-3.151489019393921,-0.7764890789985657,attack,no
4020,0,1,0.8354835207180245,-0.6146746873855591,-2.2396745681762695,attack,yes
4021,0,0,0.005220126622117065,-5.607772350311279,-0.3577725291252136,attack,no
4022,0,0,0.02033235096813516,-4.331806659698486,-0.4568065404891968,attack,no
4023,0,1,0.7310585786300049,-0.8181114196777344,-1.8181114196777344,attack,yes
4024,0,1,0.851952809486198,-0.38325852155685425,-2.133258581161499,attack,yes
4025,0,1,0.939913356558485,-0.2943075895309448,-3.0443077087402344,attack,yes
4026,0,1,0.7549149868676283,-0.5563498735427856,-1.6813498735427856,attack,yes
4027,0,1,0.679178699175393,-1.0266191959381104,-1.7766191959381104,attack,Yes
4028,0,0,0.11920291263495983,-2.472867727279663,-0.4728676378726959,attack,no
4029,0,1,0.5926665999540697,-0.9281580448150635,-1.3031580448150635,attack,yes
4030,0,0,0.4378234991142019,-1.4756848812103271,-1.2256848812103271,attack,no
4031,0,1,0.880797071719777,-0.5244143605232239,-2.524414300918579,attack,yes
4032,0,0,0.04208773272170267,-3.531076431274414,-0.4060765504837036,attack,no
4033,0,1,0.9324533069832973,-0.46685484051704407,-3.0918548107147217,attack,yes
4034,0,1,0.5621765155565327,-0.8584880232810974,-1.1084880828857422,attack,yes
4035,0,0,0.32082130082460697,-1.4925295114517212,-0.7425295114517212,attack,no
4036,0,0,0.24508503518827837,-2.0662150382995605,-0.9412151575088501,attack,no
4037,0,1,0.7057850278370112,-0.7508844137191772,-1.6258844137191772,attack,yes
4038,0,1,0.9324533126145177,-0.5090271830558777,-3.1340272426605225,attack,yes
4039,0,0,0.03732688306051187,-3.8171229362487793,-0.5671228170394897,attack,no
4040,0,0,0.20181321265898594,-2.1162643432617188,-0.741264283657074,attack,no
4041,0,1,0.679178699175393,-0.7865091562271118,-1.5365091562271118,attack,yes
4042,0,1,0.5312093733737563,-1.1683844327926636,-1.2933844327926636,attack,yes
4043,0,0,0.18242552380635632,-2.19118595123291,-0.6911859512329102,attack,no
4044,0,1,0.7310585669110203,-0.6958969235420227,-1.695896863937378,attack,yes
4045,0,1,0.8354835207180245,-0.6215707063674927,-2.246570587158203,attack,yes
4046,0,0,0.3775406828054583,-1.241283893585205,-0.7412839531898499,attack,no
4047,0,1,0.880797071719777,-0.47955018281936646,-2.4795501232147217,attack,yes
4048,0,1,0.5312093733737563,-1.0306730270385742,-1.1556730270385742,attack,yes
4049,0,0,0.009708477914104884,-4.841567039489746,-0.21656718850135803,attack,no
4050,0,1,0.8354835452961425,-0.5275480151176453,-2.15254807472229,attack,yes
4051,0,0,0.007577241267860811,-5.201097011566162,-0.3260970115661621,attack,no
4052,0,1,0.6224593312018546,-0.880609393119812,-1.380609393119812,attack,yes
4053,0,0,0.3208213138121609,-1.4576025009155273,-0.7076025605201721,attack,no
4054,0,0,0.2227001594610082,-2.0043468475341797,-0.7543469667434692,attack,no
4055,0,1,0.6513548782017746,-0.8374101519584656,-1.4624102115631104,attack,yes
4056,0,0,0.4378234991142019,-1.4350481033325195,-1.1850481033325195,attack,no
4057,0,1,0.9669140187510509,-0.35360726714134216,-3.728607177734375,attack,yes
4058,0,1,0.8933094003735664,-0.5035334229469299,-2.628533363342285,attack,yes
4059,0,0,0.05340333431947304,-3.2026937007904053,-0.32769379019737244,attack,no
4060,0,1,0.9626731137267751,-0.3568820655345917,-3.606882095336914,attack,yes
4061,0,1,0.7981867777396212,-0.6954488754272461,-2.070448875427246,attack,yes
4062,0,1,0.880797071719777,-0.7078271508216858,-2.707827091217041,attack,yes
4063,0,1,0.7310585786300049,-0.8822566270828247,-1.8822566270828247,attack,yes
4064,0,0,0.11920292828022305,-2.7071762084960938,-0.7071762681007385,attack,no
4065,0,0,0.053403325280175794,-3.1463310718536377,-0.27133098244667053,attack,no
4066,0,0,0.2689414330889798,-1.736701488494873,-0.7367015480995178,attack,no
4067,0,0,0.46879062662624377,-1.3283350467681885,-1.2033350467681885,attack,no
4068,0,1,0.5926665855647394,-0.9588928818702698,-1.333892822265625,attack,yes
4069,0,0,0.4378234844434674,-1.114276647567749,-0.8642765879631042,attack,no
4070,0,1,0.6513548511303336,-0.8372555375099182,-1.4622554779052734,attack,yes
4071,0,0,0.46879062662624377,-1.0210909843444824,-0.8960909843444824,attack,no
4072,0,0,0.5,-1.238477349281311,-1.238477349281311,attack,no
4073,0,0,0.22270013882530884,-2.175286054611206,-0.925286054611206,attack,no
4074,0,1,0.7310585669110203,-0.9239736199378967,-1.923973560333252,attack,yes
4075,0,0,0.07585817584273653,-2.9513556957244873,-0.45135563611984253,attack,no
4076,0,0,0.06754668738548215,-3.003410816192627,-0.3784107565879822,attack,no
4077,0,1,0.7057850278370112,-0.5931962728500366,-1.4681962728500366,attack,yes
4078,0,0,0.09534947518185825,-2.804837226867676,-0.5548373460769653,attack,no
4079,0,0,0.10669060530721626,-2.735078811645508,-0.6100789308547974,attack,no
4080,0,0,0.005220126467357275,-5.509765625,-0.25976577401161194,attack,no
4081,0,0,0.22270013882530884,-1.6642709970474243,-0.4142709970474243,attack,no
4082,0,0,0.22270012850745968,-1.8243064880371094,-0.5743064284324646,attack,no
4083,0,1,0.9740426428022031,-0.34514951705932617,-3.970149517059326,attack,yes
4084,0,0,0.05340333130637379,-3.2966666221618652,-0.4216666519641876,attack,no
4085,0,1,0.9324533069832973,-0.46811559796333313,-3.0931155681610107,attack,yes
4086,0,1,0.7057850278370112,-0.8951665163040161,-1.7701665163040161,attack,Yes
4087,0,1,0.8933094032139576,-0.4273073971271515,-2.552307367324829,attack,yes
4088,0,1,0.5621765008857981,-0.976550817489624,-1.226550817489624,attack,yes
4089,0,1,0.679178699175393,-0.9933167695999146,-1.7433167695999146,attack,yes
4090,0,1,0.8807970842359877,-0.4796704649925232,-2.479670524597168,attack,yes
4091,0,0,0.5,-1.3046067953109741,-1.3046067953109741,attack,no
4092,0,0,0.16451647108926923,-1.9738304615020752,-0.34883052110671997,attack,no
4093,0,1,0.939913343093499,-0.4160562753677368,-3.1660561561584473,attack,yes
4094,0,1,0.7981867777396212,-0.7053465843200684,-2.0803465843200684,attack,yes
4095,0,0,0.007577240595535943,-5.274482250213623,-0.3994821608066559,attack,no
4096,0,0,0.04742587856304458,-3.421321392059326,-0.4213215112686157,attack,no
4097,0,0,0.060086646807761206,-3.2238717079162598,-0.473871648311615,attack,no
4098,0,0,0.24508501313237172,-1.89536452293396,-0.77036452293396,attack,no
4099,0,0,0.09534947004048376,-2.839550733566284,-0.589550793170929,attack,no
4100,0,1,0.7057850278370112,-0.8509601354598999,-1.7259601354599,attack,yes
4101,0,1,0.798186768138228,-0.7549813389778137,-2.129981279373169,attack,yes
4102,0,1,0.754914975839675,-0.9062185883522034,-2.0312185287475586,attack,yes
4103,0,1,0.9241418158002492,-0.6539788842201233,-3.1539788246154785,attack,Yes
4104,0,1,0.7772998508568416,-0.628141462802887,-1.8781414031982422,attack,yes
4105,0,0,0.18242552380635632,-1.9936386346817017,-0.49363863468170166,attack,no
4106,0,0,0.13296425394084313,-2.2443718910217285,-0.36937201023101807,attack,no
4107,0,0,0.1066905911052601,-2.523529052734375,-0.3985290229320526,attack,no
4108,0,1,0.7772998611746911,-0.6691381931304932,-1.9191381931304932,attack,yes
4109,0,1,0.8933093946927838,-0.6457072496414185,-2.770707130432129,attack,yes
4110,0,0,0.2689414213699951,-1.790616750717163,-0.7906167507171631,attack,no
4111,0,1,0.679178699175393,-1.0070202350616455,-1.7570202350616455,attack,yes
4112,0,0,0.009708477054526368,-5.111398696899414,-0.48639875650405884,attack,no
4113,0,1,0.5312093585306514,-0.9444785714149475,-1.0694785118103027,attack,yes
4114,0,0,0.007577239923211134,-5.141002655029297,-0.26600247621536255,attack,no
4115,0,1,0.7057850278370112,-0.8648693561553955,-1.7398693561553955,attack,yes
4116,0,0,0.060086646807761206,-3.052098512649536,-0.30209845304489136,attack,no
4117,0,1,0.9525741268224334,-0.33788061141967773,-3.3378806114196777,attack,yes
4118,0,1,0.8670357598021706,-0.5341942310333252,-2.409194231033325,attack,yes
4119,0,1,0.867035763237924,-0.4287688434123993,-2.3037688732147217,attack,yes
4120,0,1,0.6224593312018546,-0.9549849033355713,-1.4549849033355713,attack,yes
4121,0,0,0.2689414330889798,-1.8074769973754883,-0.8074770569801331,attack,no
4122,0,1,0.5621765008857981,-1.0051218271255493,-1.2551218271255493,attack,yes
4123,0,0,0.0474258704848281,-3.414325475692749,-0.41432541608810425,attack,no
4124,0,0,0.02595735945832451,-3.887826919555664,-0.2628270089626312,attack,no
4125,0,0,0.1645164792819756,-2.1902480125427246,-0.5652481317520142,attack,no
4126,0,0,0.020332356904444657,-4.473026275634766,-0.5980264544487,attack,no
4127,0,0,0.4378234991142019,-1.3073663711547852,-1.0573663711547852,attack,no
4128,0,1,0.7549149868676283,-0.7505689859390259,-1.8755689859390259,attack,yes
4129,0,0,0.004609572726345088,-5.731045722961426,-0.35604584217071533,attack,no
4130,0,1,0.754914997895581,-0.8397223353385925,-1.9647223949432373,attack,yes
4131,0,0,0.5,-1.112568736076355,-1.112568736076355,attack,no
4132,0,1,0.89330940889474,-0.4299764335155487,-2.554976463317871,attack,yes
4133,0,0,0.09534945975773548,-2.7677323818206787,-0.5177323222160339,attack,no
4134,0,1,0.5312093733737563,-1.0165194272994995,-1.1415194272994995,attack,yes
4135,0,1,0.7772998714925403,-0.6024016737937927,-1.8524017333984375,attack,yes
4136,0,0,0.09534947004048376,-2.697054862976074,-0.447054922580719,attack,no
4137,0,1,0.9149009596336303,-0.4072248339653015,-2.7822248935699463,attack,yes
4138,0,1,0.966914019704466,-0.32145148515701294,-3.696451425552368,attack,yes
4139,0,1,0.6224593312018546,-0.9549566507339478,-1.4549566507339478,attack,yes
4140,0,0,0.020332356904444657,-4.526579856872559,-0.6515800356864929,attack,No
4141,0,0,0.11920291576401235,-2.390502691268921,-0.3905026316642761,attack,no
4142,0,1,0.9149009526726544,-0.4880278408527374,-2.863027811050415,attack,yes
4143,0,0,0.4378234991142019,-1.3276387453079224,-1.0776387453079224,attack,no
4144,0,0,0.06754668550840877,-3.065244436264038,-0.4402443468570709,attack,no
4145,0,1,0.9465966747198243,-0.41133156418800354,-3.2863316535949707,attack,yes
4146,0,1,0.8807970779778823,-0.6065874099731445,-2.6065874099731445,attack,yes
4147,0,0,0.003172682748231862,-6.007546901702881,-0.25754687190055847,attack,no
4148,0,1,0.6513548782017746,-0.9288913607597351,-1.5538914203643799,attack,yes
4149,0,0,0.20181324146316565,-2.0063819885253906,-0.6313821077346802,attack,no
4150,0,0,0.0953494648991095,-2.8521015644073486,-0.6021015644073486,attack,no
4151,0,0,0.46879062662624377,-1.0700300931930542,-0.9450300931930542,attack,no
4152,0,0,0.09534947004048376,-2.9256186485290527,-0.6756187081336975,attack,no
4153,0,0,0.13296424019782924,-2.405625581741333,-0.530625581741333,attack,no
4154,0,1,0.8519527944504226,-0.4777384400367737,-2.227738380432129,attack,yes
4155,0,1,0.6224593312018546,-1.0568804740905762,-1.5568804740905762,attack,yes
4156,0,0,0.2942149597859341,-1.519599199295044,-0.6445991396903992,attack,no
4157,0,0,0.5,-1.0585355758666992,-1.0585355758666992,attack,no
4158,0,1,0.9465966656805269,-0.41144856810569763,-3.2864484786987305,attack,yes
4159,0,1,0.9149009642742806,-0.5257586240768433,-2.900758743286133,attack,yes
4160,0,0,0.4378234991142019,-1.4631805419921875,-1.2131805419921875,attack,no
4161,0,0,0.18242550602671442,-2.062544822692871,-0.5625447034835815,attack,no
4162,0,0,0.34864513533394575,-1.454382300376892,-0.8293823003768921,attack,no
4163,0,0,0.1192029188930649,-2.482452154159546,-0.4824521243572235,attack,no
4164,0,1,0.835483553488848,-0.5268405675888062,-2.1518406867980957,attack,yes
4165,0,0,0.20181323186177208,-2.0342588424682617,-0.6592589020729065,attack,no
4166,0,0,0.4073333856566001,-1.350783109664917,-0.9757830500602722,attack,no
4167,0,1,0.6513548782017746,-0.9156383872032166,-1.5406384468078613,attack,yes
4168,0,0,0.05340332829327471,-3.3358750343322754,-0.460875004529953,attack,no
4169,0,0,0.06754668363133542,-3.1411170959472656,-0.5161169767379761,attack,no
4170,0,1,0.5312093733737563,-1.0867798328399658,-1.2117798328399658,attack,yes
4171,0,1,0.867035752930664,-0.42887598276138306,-2.3038759231567383,attack,yes
4172,0,0,0.025957357951306048,-3.9732441902160645,-0.34824422001838684,attack,no
4173,0,0,0.3486451488696663,-1.2660186290740967,-0.6410186886787415,attack,no
4174,0,1,0.5312093882168609,-0.9112164378166199,-1.0362164974212646,attack,yes
4175,0,0,0.08509904500702024,-2.7423417568206787,-0.3673417568206787,attack,no
4176,0,0,0.0031726833137518703,-6.069665908813477,-0.3196660578250885,attack,no
4177,0,0,0.3486451217982255,-1.5676474571228027,-0.942647397518158,attack,no
4178,0,0,0.4073334000459302,-1.3970422744750977,-1.0220422744750977,attack,no
4179,0,0,0.24508500210441886,-2.0548946857452393,-0.9298946261405945,attack,no
4180,0,0,0.18242552380635632,-1.9743118286132812,-0.47431182861328125,attack,no
4181,0,1,0.7057850278370112,-0.7607157230377197,-1.6357157230377197,attack,yes
4182,0,1,0.8807970779778823,-0.5727386474609375,-2.5727386474609375,attack,yes
4183,0,0,0.24508501313237172,-2.0087454319000244,-0.8837454319000244,attack,no
4184,0,0,0.017986213120429816,-4.413461208343506,-0.4134613871574402,attack,no
4185,0,1,0.6224593312018546,-1.0049257278442383,-1.5049257278442383,attack,yes
4186,0,0,0.11920292202211755,-2.5512588024139404,-0.5512588024139404,attack,no
4187,0,1,0.8175744673038221,-0.6818235516548157,-2.181823492050171,attack,yes
4188,0,0,0.037326887344129464,-3.728671073913574,-0.4786710739135742,attack,no
4189,0,0,0.10669058826486906,-2.6255805492401123,-0.5005804896354675,attack,no
4190,0,1,0.7981867969424066,-0.6438254117965698,-2.0188255310058594,attack,yes
4191,0,0,0.20181324146316565,-2.097006320953369,-0.7220064401626587,attack,no
4192,0,0,0.060086656906500974,-3.4431982040405273,-0.6931983232498169,attack,no
4193,0,0,0.3486451488696663,-1.317594051361084,-0.6925941109657288,attack,no
4194,0,1,0.7057850278370112,-0.7832248210906982,-1.6582248210906982,attack,yes
4195,0,1,0.8354835371034369,-0.6143910884857178,-2.2393910884857178,attack,yes
4196,0,0,0.025957356444287677,-3.97567081451416,-0.35067078471183777,attack,no
4197,0,1,0.5312093733737563,-1.1834053993225098,-1.3084053993225098,attack,yes
4198,0,1,0.6224593312018546,-0.7610254287719727,-1.2610254287719727,attack,yes
4199,0,0,0.0953494674697966,-2.6622984409332275,-0.4122984707355499,attack,no
4200,0,1,0.7057850278370112,-0.5854513645172119,-1.460451364517212,attack,yes
4201,0,0,0.1645164792819756,-2.162412643432617,-0.5374127626419067,attack,no
4202,0,1,0.9241418241572634,-0.434813916683197,-2.934813976287842,attack,yes
4203,0,1,0.8175744850834649,-0.482430636882782,-1.9824306964874268,attack,yes
4204,0,1,0.6224593312018546,-0.8671772480010986,-1.3671772480010986,attack,yes
4205,0,1,0.9840936068886641,-0.369389146566391,-4.494389057159424,attack,yes
4206,0,1,0.835483553488848,-0.7077025175094604,-2.33270263671875,attack,yes
4207,0,0,0.0758581737534831,-2.784627676010132,-0.2846275866031647,attack,no
4208,0,0,0.4378234991142019,-1.0732529163360596,-0.8232529163360596,attack,no
4209,0,0,0.025957354937269386,-3.9129931926727295,-0.28799310326576233,attack,no
4210,0,1,0.7549149648117217,-0.8936034440994263,-2.0186033248901367,attack,yes
4211,0,0,0.006692849636456047,-5.211485862731934,-0.21148566901683807,attack,no
4212,0,1,0.8175744761936437,-0.48294782638549805,-1.982947826385498,attack,yes
4213,0,0,0.02931223244728875,-3.9682798385620117,-0.4682798981666565,attack,no
4214,0,0,0.07585818002124356,-2.759018659591675,-0.2590186595916748,attack,no
4215,0,1,0.9149009549929797,-0.44539666175842285,-2.820396661758423,attack,yes
4216,0,0,0.2942149845400438,-1.6109776496887207,-0.7359777092933655,attack,no
4217,0,0,0.1329642264548166,-2.562182903289795,-0.6871827840805054,attack,no
4218,0,0,0.01098694263059318,-4.769548416137695,-0.2695484161376953,attack,no
4219,0,1,0.8354835207180245,-0.6592961549758911,-2.2842960357666016,attack,yes
4220,0,0,0.4073334000459302,-1.493725061416626,-1.118725061416626,attack,no
4221,0,1,0.9465966762263737,-0.5835703611373901,-3.4585704803466797,attack,yes
4222,0,0,0.32082130082460697,-1.396201491355896,-0.646201491355896,attack,no
4223,0,0,0.2689414096510108,-1.6438989639282227,-0.6438989043235779,attack,no
4224,0,0,0.042087731520181665,-3.2800586223602295,-0.15505871176719666,attack,no
4225,0,1,0.8354835371034369,-0.699920654296875,-2.324920654296875,attack,yes
4226,0,0,0.09534945461636171,-2.7219696044921875,-0.47196948528289795,attack,no
4227,0,1,0.7057850278370112,-0.7307268381118774,-1.6057268381118774,attack,yes
4228,0,0,0.029312231175339414,-3.745697259902954,-0.2456972748041153,attack,no
4229,0,1,0.5312093882168609,-0.9787992835044861,-1.1037993431091309,attack,yes
4230,0,1,0.5312093733737563,-1.1011558771133423,-1.2261558771133423,attack,yes
4231,0,1,0.9241418220680101,-0.3668029010295868,-2.866802930831909,attack,yes
4232,0,0,0.32082130082460697,-1.5526279211044312,-0.8026279211044312,attack,no
4233,0,1,0.9241418241572634,-0.7199286818504333,-3.219928741455078,attack,yes
4234,0,0,0.10669058826486906,-2.466348886489868,-0.3413488268852234,attack,no
4235,0,0,0.09534945461636171,-2.929856777191162,-0.6798566579818726,attack,no
4236,0,1,0.7057850278370112,-0.8641375303268433,-1.7391375303268433,attack,yes
4237,0,1,0.851952809486198,-0.4194454550743103,-2.169445514678955,attack,yes
4238,0,0,0.22270013882530884,-2.0451741218566895,-0.7951741218566895,attack,no
4239,0,1,0.9579122768904644,-0.2748450040817261,-3.3998451232910156,attack,yes
4240,0,0,0.07585818211049715,-2.8255608081817627,-0.3255608379840851,attack,no
4241,0,1,0.914900945711678,-0.4796673059463501,-2.8546671867370605,attack,yes
4242,0,0,0.008577485033557495,-4.98915433883667,-0.23915429413318634,attack,no
4243,0,0,0.04742587317756679,-3.3157639503479004,-0.3157639503479004,attack,no
4244,0,0,0.5,-1.205884575843811,-1.205884575843811,attack,no
4245,0,1,0.6513548646660542,-0.6161437034606934,-1.2411437034606934,attack,yes
4246,0,1,0.9579122708828604,-0.3957712948322296,-3.5207712650299072,attack,yes
4247,0,1,0.9149009596336303,-0.5253886580467224,-2.900388717651367,attack,yes
4248,0,0,0.06008665017400762,-3.3051326274871826,-0.5551326274871826,attack,no
4249,0,1,0.880797071719777,-0.6117013096809387,-2.611701250076294,attack,yes
4250,0,0,0.11920292828022305,-2.708264112472534,-0.708264172077179,attack,no
4251,0,0,0.11920293453832885,-2.627251148223877,-0.6272512674331665,attack,no
4252,0,0,0.042087723109535534,-3.574489116668701,-0.4494889974594116,attack,no
4253,0,0,0.29421497216298875,-1.7373433113098145,-0.8623433113098145,attack,no
4254,0,0,0.5,-1.3061732053756714,-1.3061732053756714,attack,no
4255,0,0,0.29421497216298875,-1.588696002960205,-0.7136960029602051,attack,no
4256,0,0,0.022977367233847502,-4.035297393798828,-0.2852972745895386,attack,no
4257,0,0,0.4378235137849365,-1.1475191116333008,-0.8975191712379456,attack,no
4258,0,1,0.9399133498259924,-0.45703911781311035,-3.2070391178131104,attack,yes
4259,0,1,0.5312093733737563,-0.9456804990768433,-1.0706804990768433,attack,yes
4260,0,0,0.01590639544387138,-4.461465835571289,-0.33646607398986816,attack,no
4261,0,1,0.5312093733737563,-1.1923631429672241,-1.3173631429672241,attack,yes
4262,0,1,0.9399133531922388,-0.542529284954071,-3.292529344558716,attack,yes
4263,0,1,0.5621765008857981,-1.1498606204986572,-1.3998606204986572,attack,yes
4264,0,1,0.6513548646660542,-1.0313467979431152,-1.6563467979431152,attack,yes
4265,0,0,0.02297736857193652,-3.9084863662719727,-0.15848630666732788,attack,no
4266,0,0,0.03308598410919419,-4.035732746124268,-0.6607329249382019,attack,No
4267,0,0,0.010986944249787705,-4.768422603607178,-0.2684227526187897,attack,no
4268,0,0,0.14804720930852133,-2.1222188472747803,-0.37221893668174744,attack,no
4269,0,1,0.7772998714925403,-0.8665418028831482,-2.116541862487793,attack,yes
4270,0,0,0.34864513533394575,-1.3967006206512451,-0.7717006206512451,attack,no
4271,0,0,0.18242553269617778,-2.1152071952819824,-0.6152072548866272,attack,no
4272,0,0,0.24508500210441886,-1.7449758052825928,-0.619975745677948,attack,no
4273,0,0,0.0850990542883219,-3.152031898498535,-0.7770320177078247,attack,no
4274,0,0,0.4378234991142019,-1.4346497058868408,-1.1846497058868408,attack,no
4275,0,1,0.880797068590724,-0.3566373288631439,-2.3566372394561768,attack,yes
4276,0,0,0.3208213138121609,-1.6940617561340332,-0.944061815738678,attack,no
4277,0,0,0.1645164628965632,-2.114006519317627,-0.48900651931762695,attack,no
4278,0,1,0.7772998405389918,-0.833905816078186,-2.0839056968688965,attack,yes
4279,0,0,0.24508501864634827,-1.5619189739227295,-0.4369190037250519,attack,no
4280,0,1,0.8175744673038221,-0.620897114276886,-2.120897054672241,attack,yes
4281,0,0,0.46879062662624377,-1.069295883178711,-0.9442958831787109,attack,no
4282,0,0,0.32082130082460697,-1.5513224601745605,-0.8013224601745605,attack,no
4283,0,0,0.025957356444287677,-3.975745677947998,-0.35074564814567566,attack,no
4284,0,0,0.18242553269617778,-1.9054913520812988,-0.4054914116859436,attack,no
4285,0,0,0.012431649206697853,-4.57194185256958,-0.19694171845912933,attack,no
4286,0,0,0.18242552380635632,-1.9191620349884033,-0.4191620349884033,attack,no
4287,0,0,0.2689414213699951,-1.5479589700698853,-0.5479589700698853,attack,no
4288,0,0,0.4073334000459302,-1.3765830993652344,-1.0015830993652344,attack,no
4289,0,1,0.7310585786300049,-0.5931627750396729,-1.5931627750396729,attack,yes
4290,0,0,0.24508501313237172,-1.8229491710662842,-0.6979491710662842,attack,no
4291,0,0,0.10669059962643358,-2.8183987140655518,-0.6933987736701965,attack,no
4292,0,0,0.46879062662624377,-1.3142095804214478,-1.1892095804214478,attack,no
4293,0,1,0.8175744761936437,-0.6285736560821533,-2.1285736560821533,attack,yes
4294,0,0,0.29421497216298875,-1.677647352218628,-0.8026473522186279,attack,no
4295,0,0,0.16451644651115205,-2.1267433166503906,-0.5017431974411011,attack,no
4296,0,1,0.914900945711678,-0.479683518409729,-2.8546833992004395,attack,yes
4297,0,0,0.07585818002124356,-3.0355513095855713,-0.5355513095855713,attack,no
4298,0,0,0.10669060246682488,-2.498272657394409,-0.37327274680137634,attack,no
4299,0,1,0.8670357460591569,-0.5351148843765259,-2.4101147651672363,attack,yes
4300,0,0,0.029312234143221275,-3.9278006553649902,-0.4278007745742798,attack,no
4301,0,0,0.34864513533394575,-1.566331386566162,-0.9413313865661621,attack,no
4302,0,0,0.07585818419975078,-3.0755879878997803,-0.575588047504425,attack,no
4303,0,1,0.8807970904940926,-0.8172258138656616,-2.817225933074951,attack,Yes
4304,0,0,0.047425867792089564,-3.380643844604492,-0.38064372539520264,attack,no
4305,0,0,0.34864513533394575,-1.31602144241333,-0.6910214424133301,attack,no
4306,0,0,0.3486451488696663,-1.472909927368164,-0.8479099869728088,attack,no
4307,0,0,0.03732688627322502,-3.6882174015045166,-0.4382173717021942,attack,no
4308,0,1,0.7549149868676283,-0.6270250082015991,-1.7520250082015991,attack,yes
4309,0,1,0.8933094003735664,-0.5414808392524719,-2.666480779647827,attack,yes
4310,0,0,0.46879062662624377,-1.2895326614379883,-1.1645326614379883,attack,no
4311,0,0,0.08509903804604459,-2.7083075046539307,-0.3333074152469635,attack,no
4312,0,0,0.020332352749027827,-4.2182159423828125,-0.3432159125804901,attack,no
4313,0,1,0.5312093733737563,-1.0410041809082031,-1.1660041809082031,attack,yes
4314,0,0,0.09534945461636171,-2.636420726776123,-0.3864206075668335,attack,no
4315,0,0,0.01590639357784294,-4.428781032562256,-0.3037811517715454,attack,no
4316,0,1,0.7310585786300049,-0.6969619989395142,-1.6969619989395142,attack,yes
4317,0,1,0.8670357494949105,-0.3953894078731537,-2.2703893184661865,attack,yes
4318,0,1,0.8519527906914787,-0.40942201018333435,-2.159421920776367,attack,yes
4319,0,0,0.37754066879814546,-1.4221022129058838,-0.9221022129058838,attack,no
4320,0,0,0.0474258704848281,-3.288184404373169,-0.28818434476852417,attack,no
4321,0,0,0.29421497216298875,-1.7052829265594482,-0.8302829265594482,attack,no
4322,0,1,0.9241418137109955,-0.36617597937583923,-2.866175889968872,attack,yes
4323,0,1,0.7549149868676283,-0.9791297912597656,-2.1041297912597656,attack,Yes
4324,0,0,0.4378234991142019,-1.2210602760314941,-0.9710602760314941,attack,no
4325,0,0,0.16451645880021026,-2.1027331352233887,-0.4777331054210663,attack,no
4326,0,1,0.5312093733737563,-0.8736801147460938,-0.9986801147460938,attack,yes
4327,0,0,0.025957357951306048,-4.012211322784424,-0.3872113525867462,attack,no
4328,0,0,0.16451645470385742,-2.3440139293670654,-0.7190138697624207,attack,no
4329,0,0,0.13296424019782924,-2.5287716388702393,-0.6537716388702393,attack,no
4330,0,1,0.9324533144915912,-0.4277929365634918,-3.052793025970459,attack,yes
4331,0,0,0.008577484399966718,-5.149805068969727,-0.399804949760437,attack,no
4332,0,0,0.06754669301670263,-2.9686198234558105,-0.34361985325813293,attack,no
4333,0,1,0.8933094060543487,-0.5039353370666504,-2.6289353370666504,attack,yes
4334,0,0,0.02297736991002561,-4.211874008178711,-0.46187400817871094,attack,no
4335,0,0,0.007577242388402388,-5.200421333312988,-0.3254214823246002,attack,no
4336,0,0,0.07585817793199003,-2.858583927154541,-0.35858389735221863,attack,no
4337,0,0,0.042087731520181665,-3.4400200843811035,-0.3150201737880707,attack,no
4338,0,1,0.9241418199787566,-0.5149638652801514,-3.0149638652801514,attack,yes
4339,0,1,0.8670357460591569,-0.4956866502761841,-2.3706865310668945,attack,yes
4340,0,1,0.8175744850834649,-0.7825033068656921,-2.282503366470337,attack,yes
4341,0,1,0.6224593312018546,-0.6989970207214355,-1.1989970207214355,attack,yes
4342,0,0,0.029312234143221275,-3.8546910285949707,-0.35469114780426025,attack,no
4343,0,1,0.8175744850834649,-0.8384165167808533,-2.338416576385498,attack,Yes
4344,0,0,0.060086656906500974,-3.0296993255615234,-0.279699444770813,attack,no
4345,0,0,0.4378234991142019,-1.2200695276260376,-0.9700695276260376,attack,no
4346,0,0,0.02033235096813516,-4.082932472229004,-0.20793235301971436,attack,no
4347,0,0,0.04742586913845881,-3.343803644180298,-0.3438035547733307,attack,no
4348,0,1,0.6224593312018546,-0.9686131477355957,-1.4686131477355957,attack,yes
4349,0,0,0.007577240371427665,-5.40767765045166,-0.5326775312423706,attack,no
4350,0,1,0.7772998611746911,-0.44465696811676025,-1.6946569681167603,attack,yes
4351,0,1,0.8175744939732856,-0.772241473197937,-2.2722415924072266,attack,yes
4352,0,0,0.5,-1.0222549438476562,-1.0222549438476562,attack,no
4353,0,0,0.012431649755527152,-4.866970062255859,-0.4919699728488922,attack,no
4354,0,1,0.7310585786300049,-0.7264820337295532,-1.7264820337295532,attack,yes
4355,0,0,0.010986945221304533,-4.944219589233398,-0.44421982765197754,attack,no
4356,0,1,0.8670357460591569,-0.7236634492874146,-2.598663330078125,attack,yes
4357,0,0,0.060086656906500974,-3.1145272254943848,-0.3645273447036743,attack,no
4358,0,1,0.9740426450627306,-0.31232061982154846,-3.9373207092285156,attack,yes
4359,0,0,0.0031726831252451896,-6.1042985916137695,-0.3542986810207367,attack,no
4360,0,1,0.7981867873410141,-0.4775318503379822,-1.852531909942627,attack,yes
4361,0,0,0.18242550602671442,-2.1161742210388184,-0.6161741018295288,attack,no
4362,0,0,0.11920293453832885,-2.758631706237793,-0.7586318254470825,attack,no
4363,0,0,0.5,-1.2797919511795044,-1.2797919511795044,attack,no
4364,0,1,0.7772998508568416,-0.8216748833656311,-2.0716748237609863,attack,yes
4365,0,0,0.01406363034912007,-4.658468246459961,-0.40846848487854004,attack,no
4366,0,1,0.835483553488848,-0.761438250541687,-2.3864383697509766,attack,yes
4367,0,0,0.29421497216298875,-1.579461932182312,-0.704461932182312,attack,no
4368,0,1,0.9626731158685837,-0.4353121817111969,-3.685312271118164,attack,yes
4369,0,0,0.01590639544387138,-4.2601165771484375,-0.1351168155670166,attack,no
4370,0,0,0.24508501313237172,-1.989126205444336,-0.8641262054443359,attack,no
4371,0,0,0.16451644651115205,-2.2275290489196777,-0.6025289297103882,attack,no
4372,0,0,0.007577240931698369,-5.088213920593262,-0.21321387588977814,attack,no
4373,0,0,0.0159063898457867,-4.577554225921631,-0.4525541067123413,attack,no
4374,0,1,0.9626731147976793,-0.47542184591293335,-3.725421905517578,attack,yes
4375,0,1,0.9399133531922388,-0.38332098722457886,-3.1333210468292236,attack,yes
4376,0,1,0.9525741268224334,-0.5741245746612549,-3.574124574661255,attack,yes
4377,0,0,0.13296424706933604,-2.4462461471557617,-0.5712462067604065,attack,no
4378,0,0,0.4073334000459302,-1.4229708909988403,-1.0479708909988403,attack,no
4379,0,1,0.679178699175393,-0.7572039365768433,-1.5072039365768433,attack,yes
4380,0,0,0.2689414213699951,-1.9013804197311401,-0.9013804197311401,attack,No
4381,0,1,0.7310585786300049,-0.8723396062850952,-1.8723396062850952,attack,Yes
4382,0,1,0.9149009549929797,-0.5663957595825195,-2.9413957595825195,attack,yes
4383,0,0,0.00669285072615733,-5.397310256958008,-0.3973102271556854,attack,no
4384,0,0,0.34864513533394575,-1.4750643968582153,-0.8500643968582153,attack,no
4385,0,0,0.014063623737371644,-4.552825927734375,-0.3028256893157959,attack,no
4386,0,0,0.20181322226037882,-2.1139376163482666,-0.7389376163482666,attack,no
4387,0,1,0.7310585669110203,-0.8814769387245178,-1.881476879119873,attack,yes
4388,0,0,0.03732688573777281,-3.442647695541382,-0.19264765083789825,attack,no
4389,0,0,0.2689414213699951,-1.9121047258377075,-0.9121047258377075,attack,no
4390,0,0,0.08509904964767095,-2.916511058807373,-0.5415111184120178,attack,no
4391,0,0,0.34864513533394575,-1.5410670042037964,-0.9160670042037964,attack,no
4392,0,0,0.5,-1.0351945161819458,-1.0351945161819458,attack,no
4393,0,1,0.9796676448764484,-0.37498101592063904,-4.249980926513672,attack,yes
4394,0,0,0.4378234991142019,-1.3302607536315918,-1.0802607536315918,attack,no
4395,0,0,0.0953494648991095,-2.7428536415100098,-0.49285364151000977,attack,no
4396,0,0,0.008577484399966718,-5.335872173309326,-0.5858720541000366,attack,no
4397,0,0,0.46879062662624377,-1.2646855115890503,-1.1396855115890503,attack,no
4398,0,0,0.1480472055495773,-2.263291358947754,-0.5132914185523987,attack,no
4399,0,0,0.34864513533394575,-1.6368168592453003,-1.0118168592453003,attack,no
4400,0,1,0.7057850402140659,-0.7503854632377625,-1.6253855228424072,attack,yes
4401,0,1,0.7981867969424066,-0.901091456413269,-2.2760915756225586,attack,Yes
4402,0,0,0.29421497216298875,-1.504954218864441,-0.6299542188644409,attack,no
4403,0,0,0.5,-0.8567545413970947,-0.8567545413970947,attack,no
4404,0,1,0.5312093882168609,-0.9929892420768738,-1.1179893016815186,attack,yes
4405,0,1,0.7549149868676283,-0.7519841194152832,-1.8769841194152832,attack,yes
4406,0,1,0.7057850278370112,-0.6074786186218262,-1.4824786186218262,attack,yes
4407,0,0,0.4378234991142019,-1.3308993577957153,-1.0808993577957153,attack,no
4408,0,0,0.4073334000459302,-1.2880263328552246,-0.9130263328552246,attack,no
4409,0,0,0.03308597552845946,-3.738811492919922,-0.3638114035129547,attack,no
4410,0,1,0.6513548646660542,-0.9274448156356812,-1.5524448156356812,attack,yes
4411,0,0,0.20181322226037882,-2.0058958530426025,-0.6308958530426025,attack,no
4412,0,0,0.10669060530721626,-2.8186540603637695,-0.6936541795730591,attack,no
4413,0,1,0.89330940889474,-0.39774271845817566,-2.522742748260498,attack,yes
4414,0,0,0.18242551936144574,-1.9644801616668701,-0.46448013186454773,attack,no
4415,0,0,0.29421497216298875,-1.5735785961151123,-0.6985785961151123,attack,no
4416,0,0,0.06008665354025422,-3.3920791149139404,-0.6420791745185852,attack,no
4417,0,0,0.01798620838292263,-4.455178737640381,-0.4551786482334137,attack,no
4418,0,1,0.5621765008857981,-1.0056959390640259,-1.2556959390640259,attack,yes
4419,0,1,0.8175744939732856,-0.5938199758529663,-2.093820095062256,attack,yes
4420,0,1,0.97068777009661,-0.2891347110271454,-3.7891347408294678,attack,yes
4421,0,0,0.24508500210441886,-1.8504652976989746,-0.7254652380943298,attack,no
4422,0,0,0.5,-1.1579596996307373,-1.1579596996307373,attack,no
4423,0,0,0.22270013882530884,-1.7447155714035034,-0.4947155714035034,attack,no
4424,0,0,0.3208213138121609,-1.7277543544769287,-0.9777544140815735,attack,No
4425,0,1,0.7057850278370112,-0.7608370780944824,-1.6358370780944824,attack,yes
4426,0,1,0.7981867873410141,-0.5311502814292908,-1.9061503410339355,attack,yes
4427,0,1,0.9241418158002492,-0.43731123208999634,-2.9373111724853516,attack,yes
4428,0,0,0.05340332678672523,-3.6154489517211914,-0.7404488921165466,attack,no
4429,0,0,0.022977367233847502,-4.0355424880981445,-0.285542368888855,attack,no
4430,0,0,0.014063623737371644,-4.4489898681640625,-0.1989896297454834,attack,no
4431,0,1,0.7549149868676283,-0.5338712930679321,-1.6588712930679321,attack,yes
4432,0,1,0.7981867729389246,-0.47709885239601135,-1.852098822593689,attack,yes
4433,0,1,0.7310585669110203,-0.7377026677131653,-1.7377026081085205,attack,yes
4434,0,1,0.880797071719777,-0.3584471344947815,-2.3584470748901367,attack,yes
4435,0,0,0.22270014914315833,-1.8855655193328857,-0.6355655789375305,attack,no
4436,0,0,0.5,-0.9319385886192322,-0.9319385886192322,attack,no
4437,0,0,0.04742587452393617,-3.4573004245758057,-0.45730045437812805,attack,no
4438,0,0,0.18242552380635632,-2.0513980388641357,-0.5513980388641357,attack,no
4439,0,0,0.053403329799824234,-3.4635186195373535,-0.5885186195373535,attack,no
4440,0,0,0.009708474475791274,-4.841135501861572,-0.21613529324531555,attack,no
4441,0,0,0.012431652682617146,-4.780332565307617,-0.4053327143192291,attack,no
4442,0,0,0.14804719051380197,-2.4270427227020264,-0.6770426630973816,attack,no
4443,0,0,0.07585818002124356,-2.858473539352417,-0.358473539352417,attack,no
4444,0,1,0.679178699175393,-0.8538891077041626,-1.6038891077041626,attack,yes
4445,0,1,0.8354835289107309,-0.5289257168769836,-2.153925657272339,attack,yes
4446,0,0,0.022977367902892003,-4.0354437828063965,-0.2854436933994293,attack,no
4447,0,1,0.9046505402422645,-0.460965096950531,-2.710965156555176,attack,yes
4448,0,0,0.20181323186177208,-2.0484836101531982,-0.673483669757843,attack,no
4449,0,1,0.5312093882168609,-0.9322106242179871,-1.0572106838226318,attack,yes
4450,0,0,0.029312227359491745,-3.7209582328796387,-0.22095811367034912,attack,no
4451,0,0,0.5,-1.2791223526000977,-1.2791223526000977,attack,no
4452,0,1,0.7549149648117217,-0.919843316078186,-2.0448431968688965,attack,yes
4453,0,1,0.9046505248181417,-0.5377203226089478,-2.787720203399658,attack,yes
4454,0,1,0.9241418199787566,-0.6625659465789795,-3.1625659465789795,attack,yes
4455,0,1,0.8354835289107309,-0.4951472878456116,-2.120147228240967,attack,yes
4456,0,1,0.851952809486198,-0.6391898989677429,-2.3891899585723877,attack,yes
4457,0,0,0.0600866518571309,-3.0062549114227295,-0.2562549412250519,attack,no
4458,0,1,0.5312093585306514,-0.9024596810340881,-1.0274596214294434,attack,yes
4459,0,1,0.9875683502444729,-0.330040842294693,-4.70504093170166,attack,yes
4460,0,1,0.9669140254249554,-0.42570674419403076,-3.8007068634033203,attack,yes
4461,0,0,0.24508500210441886,-1.9145424365997314,-0.7895423769950867,attack,no
4462,0,0,0.37754066879814546,-1.4692096710205078,-0.9692096710205078,attack,no
4463,0,0,0.1480471829959148,-2.3899521827697754,-0.6399520635604858,attack,no
4464,0,0,0.014063627663096904,-4.430253028869629,-0.1802530735731125,attack,no
4465,0,1,0.5926665999540697,-0.874997615814209,-1.249997615814209,attack,yes
4466,0,0,0.2689414213699951,-1.735131859779358,-0.7351318597793579,attack,no
4467,0,0,0.2689414213699951,-1.7619690895080566,-0.7619690895080566,attack,no
4468,0,0,0.18242551491653522,-2.1637914180755615,-0.6637913584709167,attack,no
4469,0,1,0.9669140235181256,-0.3533422350883484,-3.728342294692993,attack,yes
4470,0,0,0.37754066879814546,-1.399532675743103,-0.899532675743103,attack,no
4471,0,0,0.02033235452992065,-4.422200679779053,-0.5472007393836975,attack,no
4472,0,0,0.10669060530721626,-2.734415054321289,-0.6094151735305786,attack,no
4473,0,1,0.7772998611746911,-0.5981669425964355,-1.8481669425964355,attack,yes
4474,0,1,0.6513548782017746,-0.7721046805381775,-1.3971047401428223,attack,yes
4475,0,1,0.8519528019683106,-0.6327416896820068,-2.382741689682007,attack,yes
4476,0,0,0.3208212878370535,-1.4926817417144775,-0.7426816821098328,attack,no
4477,0,1,0.754914975839675,-0.656290590763092,-1.7812905311584473,attack,yes
4478,0,0,0.4073334000459302,-1.3117228746414185,-0.9367228746414185,attack,no
4479,0,0,0.05340332829327471,-3.300776243209839,-0.4257762134075165,attack,no
4480,0,0,0.37754066879814546,-1.3999834060668945,-0.8999834060668945,attack,no
4481,0,1,0.7310585903489892,-0.8300284743309021,-1.8300285339355469,attack,yes
4482,0,1,0.6791786861878392,-0.88722163438797,-1.6372215747833252,attack,yes
4483,0,0,0.01798620575097472,-4.649595260620117,-0.6495950222015381,attack,No
4484,0,0,0.5,-1.0363407135009766,-1.0363407135009766,attack,no
4485,0,1,0.7310585903489892,-0.8431078791618347,-1.8431079387664795,attack,yes
4486,0,0,0.02595735719779685,-3.977552890777588,-0.3525528907775879,attack,no
4487,0,0,0.11920292202211755,-2.701594352722168,-0.701594352722168,attack,no
4488,0,0,0.017986209962091555,-4.309640407562256,-0.30964040756225586,attack,no
4489,0,1,0.5312093733737563,-1.2809357643127441,-1.4059357643127441,attack,Yes
4490,0,0,0.060086656906500974,-3.2246880531311035,-0.47468817234039307,attack,no
4491,0,0,0.006692851815858792,-5.236262321472168,-0.2362624555826187,attack,no
4492,0,1,0.9324533013520764,-0.46664488315582275,-3.091644763946533,attack,yes
4493,0,1,0.7772998611746911,-0.5636464357376099,-1.8136464357376099,attack,yes
4494,0,1,0.9046505351008906,-0.3559727668762207,-2.6059727668762207,attack,yes
4495,0,0,0.11920292515117029,-2.33915114402771,-0.33915117383003235,attack,no
4496,0,0,0.07585818837825822,-3.114868640899658,-0.6148687601089478,attack,no
4497,0,1,0.939913356558485,-0.5460985898971558,-3.2960987091064453,attack,yes
4498,0,1,0.679178699175393,-0.8839960098266602,-1.6339960098266602,attack,Yes
4499,0,1,0.7310585786300049,-0.6788448095321655,-1.6788448095321655,attack,yes
4500,0,1,0.5621765008857981,-0.9776577949523926,-1.2276577949523926,attack,yes
4501,0,1,0.8175744584140004,-0.5432063341140747,-2.043206214904785,attack,yes
4502,0,0,0.015906393111335862,-4.576430320739746,-0.45143041014671326,attack,no
4503,0,0,0.11920291576401235,-2.249464988708496,-0.24946492910385132,attack,no
4504,0,1,0.7310585786300049,-0.7812416553497314,-1.7812416553497314,attack,yes
4505,0,0,0.3775406547908327,-1.1140556335449219,-0.6140555739402771,attack,no
4506,0,0,0.01243165304850344,-4.867358207702637,-0.49235838651657104,attack,no
4507,0,1,0.7310585669110203,-0.7706101536750793,-1.7706100940704346,attack,yes
4508,0,1,0.9465966702001757,-0.28638243675231934,-3.1613824367523193,attack,yes
4509,0,0,0.0675466911396291,-3.0242860317230225,-0.39928603172302246,attack,no
4510,0,0,0.007577242164294059,-5.314570903778076,-0.4395710229873657,attack,no
4511,0,0,0.0850990357257195,-2.843571186065674,-0.4685710668563843,attack,No
4512,0,0,0.1066905911052601,-2.5464603900909424,-0.42146036028862,attack,no
4513,0,0,0.05340332377362639,-3.417551040649414,-0.5425509214401245,attack,no
4514,0,1,0.9324533069832973,-0.4635606110095978,-3.0885605812072754,attack,yes
4515,0,0,0.00970847848715727,-4.988519191741943,-0.3635194003582001,attack,no
4516,0,0,0.32082130082460697,-1.5720016956329346,-0.8220016956329346,attack,no
4517,0,1,0.5312093733737563,-1.001352071762085,-1.126352071762085,attack,yes
4518,0,1,0.7981867873410141,-0.5657438635826111,-1.9407439231872559,attack,yes
4519,0,0,0.20181321265898594,-2.1164331436157227,-0.7414330840110779,attack,no
4520,0,0,0.04208772431105632,-3.532191753387451,-0.407191663980484,attack,no
4521,0,0,0.4073333856566001,-1.2503979206085205,-0.8753978610038757,attack,No
4522,0,1,0.7057850154599563,-0.7603388428688049,-1.6353387832641602,attack,yes
4523,0,1,0.9046505351008906,-0.5776832103729248,-2.827683210372925,attack,yes
4524,0,0,0.24508501313237172,-1.7688610553741455,-0.6438610553741455,attack,no
4525,0,0,0.004609571358918011,-5.63458251953125,-0.2595823407173157,attack,no
4526,0,1,0.9579122708828604,-0.33141425251960754,-3.456414222717285,attack,yes
4527,0,1,0.8519527869325346,-0.5135899782180786,-2.263589859008789,attack,yes
4528,0,0,0.20181322226037882,-2.217104196548462,-0.8421041965484619,attack,No
4529,0,0,0.012431653414389749,-4.675288677215576,-0.3002888858318329,attack,no
4530,0,0,0.10669060530721626,-2.85853910446167,-0.7335392236709595,attack,No
4531,0,1,0.9626731105140616,-0.39452797174453735,-3.6445279121398926,attack,yes
4532,0,0,0.13296424019782924,-2.5197386741638184,-0.6447386741638184,attack,no
4533,0,1,0.7310585786300049,-0.8962734937667847,-1.8962734937667847,attack,yes
4534,0,0,0.010986942306754304,-4.798118591308594,-0.29811856150627136,attack,no
4535,0,1,0.9399133515091156,-0.38559743762016296,-3.1355974674224854,attack,yes
4536,0,1,0.6224593312018546,-0.9694423675537109,-1.469442367553711,attack,yes
4537,0,1,0.9149009596336303,-0.5757645964622498,-2.9507646560668945,attack,yes
4538,0,0,0.13296424706933604,-2.561415433883667,-0.6864154934883118,attack,no
4539,0,1,0.5926665999540697,-0.9262590408325195,-1.3012590408325195,attack,yes
4540,0,1,0.9465966656805269,-0.4528261125087738,-3.3278260231018066,attack,yes
4541,0,1,0.5926665855647394,-0.875887930393219,-1.2508878707885742,attack,yes
4542,0,0,0.00970847490558041,-4.841985702514648,-0.2169855386018753,attack,no
4543,0,0,0.042087731520181665,-3.497379779815674,-0.372379869222641,attack,no
4544,0,0,0.29421497216298875,-1.7230826616287231,-0.8480826616287231,attack,no
4545,0,0,0.0534033328129234,-3.5127828121185303,-0.637782871723175,attack,no
4546,0,0,0.0373268852023206,-3.771413564682007,-0.5214135050773621,attack,no
4547,0,1,0.9525741254760638,-0.334187775850296,-3.3341877460479736,attack,yes
4548,0,1,0.6224593312018546,-0.970454216003418,-1.470454216003418,attack,yes
4549,0,0,0.3486451217982255,-1.4135069847106934,-0.7885069251060486,attack,no
4550,0,0,0.06008665017400762,-3.3418071269989014,-0.5918071269989014,attack,no
4551,0,1,0.6513548646660542,-0.9259910583496094,-1.5509910583496094,attack,yes
4552,0,0,0.017986213252027258,-4.10184383392334,-0.10184402018785477,attack,no
4553,0,1,0.867035752930664,-0.6294627785682678,-2.504462718963623,attack,yes
4554,0,0,0.46879062662624377,-1.0047705173492432,-0.8797705173492432,attack,no
4555,0,1,0.8670357701094303,-0.42887797951698303,-2.30387806892395,attack,yes
4556,0,0,0.46879062662624377,-1.2003140449523926,-1.0753140449523926,attack,no
4557,0,1,0.9241418241572634,-0.5610911250114441,-3.061091184616089,attack,yes
4558,0,1,0.880797071719777,-0.5602317452430725,-2.5602316856384277,attack,yes
4559,0,0,0.4378234844434674,-1.1986043453216553,-0.9486042857170105,attack,no
4560,0,0,0.22270013882530884,-1.8721964359283447,-0.6221964359283447,attack,no
4561,0,1,0.9525741241296944,-0.305805504322052,-3.3058054447174072,attack,yes
4562,0,1,0.754914997895581,-0.7504097819328308,-1.8754098415374756,attack,yes
4563,0,0,0.24508501313237172,-1.8798218965530396,-0.7548218965530396,attack,no
4564,0,0,0.2689414213699951,-1.8742461204528809,-0.8742461204528809,attack,no
4565,0,1,0.5926665999540697,-0.9547529220581055,-1.3297529220581055,attack,yes
4566,0,1,0.9525741241296944,-0.36620455980300903,-3.3662045001983643,attack,yes
4567,0,0,0.37754066879814546,-1.4440860748291016,-0.9440860748291016,attack,no
4568,0,0,0.07585818002124356,-3.070920944213867,-0.5709209442138672,attack,no
4569,0,1,0.8807970904940926,-0.654650092124939,-2.6546502113342285,attack,yes
4570,0,0,0.32082130082460697,-1.7041771411895752,-0.9541771411895752,attack,no
4571,0,1,0.5312093733737563,-1.2149791717529297,-1.3399791717529297,attack,Yes
4572,0,1,0.7772998611746911,-0.8225541114807129,-2.072554111480713,attack,yes
4573,0,0,0.06754668738548215,-3.142986297607422,-0.5179862380027771,attack,no
4574,0,0,0.0953494648991095,-2.9778800010681152,-0.7278800010681152,attack,no
4575,0,1,0.9399133481428692,-0.38062337040901184,-3.1306233406066895,attack,yes
4576,0,0,0.13296425050508953,-2.265327215194702,-0.3903273046016693,attack,no
4577,0,1,0.8933094145755219,-0.39884820580482483,-2.523848295211792,attack,yes
4578,0,1,0.851952809486198,-0.6403123736381531,-2.390312433242798,attack,yes
4579,0,1,0.8933094003735664,-0.6999807953834534,-2.8249807357788086,attack,yes
4580,0,1,0.7057850402140659,-0.9712693095207214,-1.8462693691253662,attack,Yes
4581,0,0,0.32082130082460697,-1.6232861280441284,-0.8732861280441284,attack,no
4582,0,1,0.6513548646660542,-1.0309386253356934,-1.6559386253356934,attack,yes
4583,0,0,0.4378234991142019,-1.239835262298584,-0.989835262298584,attack,no
4584,0,0,0.04742587856304458,-3.6257615089416504,-0.6257616281509399,attack,no
4585,0,1,0.8519528170040853,-0.6392415761947632,-2.3892416954040527,attack,yes
4586,0,1,0.5312093733737563,-1.0854820013046265,-1.2104820013046265,attack,yes
4587,0,1,0.5621765008857981,-0.8906557559967041,-1.140655755996704,attack,yes
4588,0,0,0.4073334000459302,-1.4223428964614868,-1.0473428964614868,attack,no
4589,0,0,0.02931223159932252,-3.7934417724609375,-0.2934418022632599,attack,no
4590,0,1,0.6513548782017746,-0.8371979594230652,-1.46219801902771,attack,yes
4591,0,0,0.0159063879797589,-4.400479316711426,-0.2754790782928467,attack,no
4592,0,0,0.3486451488696663,-1.2652831077575684,-0.6402831673622131,attack,no
4593,0,0,0.3208212878370535,-1.5769906044006348,-0.82699054479599,attack,no
4594,0,1,0.9241418158002492,-0.5150004029273987,-3.015000343322754,attack,yes
4595,0,1,0.7310585669110203,-0.6870067715644836,-1.6870067119598389,attack,yes
4596,0,1,0.9626731105140616,-0.29528623819351196,-3.545286178588867,attack,yes
4597,0,0,0.017986209962091555,-4.544288635253906,-0.5442886352539062,attack,no
4598,0,0,0.01798621154126062,-4.1851277351379395,-0.18512782454490662,attack,no
4599,0,0,0.08509904500702024,-2.8334569931030273,-0.45845699310302734,attack,no
4600,0,0,0.4073334000459302,-1.5016810894012451,-1.1266810894012451,attack,no
4601,0,0,0.1329642436335826,-2.2721261978149414,-0.3971262276172638,attack,no
4602,0,1,0.939913356558485,-0.6445893049240112,-3.394589424133301,attack,yes
4603,0,1,0.754914997895581,-0.7879006266593933,-1.912900686264038,attack,yes
4604,0,1,0.7772998611746911,-0.6054515838623047,-1.8554515838623047,attack,yes
4605,0,0,0.03308597648187432,-3.7040443420410156,-0.32904428243637085,attack,no
4606,0,0,0.025957354183760273,-3.9171814918518066,-0.2921813726425171,attack,no
4607,0,1,0.754914975839675,-0.7409830689430237,-1.865983009338379,attack,yes
4608,0,0,0.007577241491969114,-5.314389705657959,-0.43938973546028137,attack,no
4609,0,1,0.6224593312018546,-1.1152406930923462,-1.6152406930923462,attack,Yes
4610,0,0,0.16451647108926923,-2.231743097305298,-0.6067431569099426,attack,no
4611,0,1,0.7549149868676283,-0.5874773263931274,-1.7124773263931274,attack,yes
4612,0,0,0.34864513533394575,-1.474079966545105,-0.849079966545105,attack,no
4613,0,1,0.7549149868676283,-0.5553512573242188,-1.6803512573242188,attack,yes
4614,0,1,0.8807970779778823,-0.7712280750274658,-2.771228075027466,attack,Yes
4615,0,1,0.679178699175393,-0.7584971189498901,-1.5084971189498901,attack,yes
4616,0,1,0.5926665999540697,-0.9864774942398071,-1.3614774942398071,attack,yes
4617,0,1,0.7772998508568416,-0.731344997882843,-1.9813449382781982,attack,yes
4618,0,0,0.09534945461636171,-2.775862693786621,-0.5258625745773315,attack,no
4619,0,0,0.34864513533394575,-1.4344183206558228,-0.8094183206558228,attack,no
4620,0,0,0.5,-1.1581352949142456,-1.1581352949142456,attack,no
4621,0,1,0.9669140206578809,-0.2659631073474884,-3.640963077545166,attack,yes
4622,0,0,0.18242553269617778,-2.131606340408325,-0.63160640001297,attack,no
4623,0,1,0.7772998611746911,-0.5637943744659424,-1.8137943744659424,attack,yes
4624,0,1,0.7310585786300049,-0.6513197422027588,-1.6513197422027588,attack,yes
4625,0,1,0.7057850278370112,-0.8639892339706421,-1.738989233970642,attack,yes
4626,0,0,0.22270014914315833,-1.9559237957000732,-0.705923855304718,attack,no
4627,0,0,0.13296424019782924,-2.481189489364624,-0.606189489364624,attack,no
4628,0,0,0.37754066879814546,-1.3608529567718506,-0.8608529567718506,attack,no
4629,0,0,0.03732689162774753,-3.582881450653076,-0.3328815698623657,attack,no
4630,0,0,0.4073333856566001,-1.1540405750274658,-0.779040515422821,attack,no
4631,0,0,0.08509904732734556,-2.8334946632385254,-0.4584946930408478,attack,no
4632,0,0,0.24508502416032488,-1.6760611534118652,-0.55106121301651,attack,no
4633,0,0,0.4378234991142019,-1.3661549091339111,-1.1161549091339111,attack,No
4634,0,0,0.3208213138121609,-1.4408860206604004,-0.6908860802650452,attack,no
4635,0,0,0.022977367902892003,-4.034032821655273,-0.2840327322483063,attack,no
4636,0,0,0.0031726833608785423,-5.95651912689209,-0.20651929080486298,attack,no
4637,0,0,0.13296424706933604,-2.307436466217041,-0.4324365258216858,attack,no
4638,0,0,0.06008665522337757,-3.1802709102630615,-0.4302709996700287,attack,no
4639,0,1,0.7549149868676283,-0.656782865524292,-1.781782865524292,attack,yes
4640,0,0,0.34864513533394575,-1.3960843086242676,-0.7710843086242676,attack,no
4641,0,0,0.5,-1.0460715293884277,-1.0460715293884277,attack,no
4642,0,1,0.5312093733737563,-1.0309727191925049,-1.1559727191925049,attack,yes
4643,0,1,0.679178699175393,-0.7579125165939331,-1.507912516593933,attack,yes
4644,0,1,0.9740426428022031,-0.34717416763305664,-3.9721741676330566,attack,yes
4645,0,0,0.1066905854244781,-2.516089916229248,-0.3910898268222809,attack,no
4646,0,1,0.5312093733737563,-1.2164826393127441,-1.3414826393127441,attack,Yes
4647,0,0,0.022977365895758564,-4.169072151184082,-0.4190719723701477,attack,no
4648,0,0,0.16451647108926923,-2.1176741123199463,-0.49267417192459106,attack,no
4649,0,1,0.8670357598021706,-0.6215574741363525,-2.4965574741363525,attack,yes
4650,0,0,0.4378234844434674,-1.1624572277069092,-0.9124571681022644,attack,no
4651,0,1,0.5926665999540697,-0.9702668190002441,-1.3452668190002441,attack,yes
4652,0,0,0.24508501313237172,-1.6806402206420898,-0.5556402206420898,attack,no
4653,0,1,0.6513548646660542,-0.6698369979858398,-1.2948369979858398,attack,yes
4654,0,0,0.0075772408196442265,-5.274145603179932,-0.39914554357528687,attack,no
4655,0,0,0.22270011818961086,-2.097182273864746,-0.8471821546554565,attack,no
4656,0,0,0.4378234991142019,-1.3480826616287231,-1.0980826616287231,attack,No
4657,0,1,0.7310585669110203,-0.6877663731575012,-1.6877663135528564,attack,yes
4658,0,1,0.9706877726405082,-0.38267743587493896,-3.8826775550842285,attack,yes
4659,0,0,0.0059110695567328965,-5.763833522796631,-0.6388336420059204,attack,no
4660,0,0,0.0046095728630878175,-5.731289386749268,-0.3562895357608795,attack,no
4661,0,1,0.6791786861878392,-0.7216630578041077,-1.471662998199463,attack,yes
4662,0,0,0.060086656906500974,-3.2584590911865234,-0.508459210395813,attack,no
4663,0,0,0.033085978388704126,-3.9371800422668457,-0.5621800422668457,attack,no
4664,0,1,0.6791787121629466,-0.6874753832817078,-1.4374754428863525,attack,yes
4665,0,0,0.008577487187766488,-5.190559387207031,-0.44055959582328796,attack,no
4666,0,0,0.042087725512577126,-3.381903648376465,-0.25690358877182007,attack,no
4667,0,1,0.9241418199787566,-0.4718940258026123,-2.9718940258026123,attack,yes
4668,0,1,0.904650527388829,-0.42248401045799255,-2.6724839210510254,attack,yes
4669,0,1,0.851952809486198,-0.696814239025116,-2.4468142986297607,attack,yes
4670,0,0,0.22270013882530884,-1.9878530502319336,-0.7378530502319336,attack,no
4671,0,1,0.679178699175393,-0.7872177362442017,-1.5372177362442017,attack,yes
4672,0,1,0.9465966656805269,-0.4133332669734955,-3.2883331775665283,attack,yes
4673,0,1,0.9324533144915912,-0.42430415749549866,-3.049304246902466,attack,yes
4674,0,0,0.09534945461636171,-2.762404441833496,-0.5124043226242065,attack,no
4675,0,1,0.7310585669110203,-0.7374396920204163,-1.7374396324157715,attack,yes
4676,0,1,0.6791787121629466,-0.9382502436637878,-1.6882503032684326,attack,yes
4677,0,0,0.5,-1.3063091039657593,-1.3063091039657593,attack,no
4678,0,1,0.914900957313305,-0.48373791575431824,-2.8587379455566406,attack,yes
4679,0,1,0.8807970779778823,-0.6543979644775391,-2.654397964477539,attack,yes
4680,0,0,0.1645164792819756,-2.3965988159179688,-0.7715989351272583,attack,no
4681,0,0,0.012431650853185818,-4.964323997497559,-0.5893239974975586,attack,no
4682,0,1,0.6224593312018546,-0.80345618724823,-1.30345618724823,attack,yes
4683,0,0,0.022977374593338037,-4.064657211303711,-0.31465741991996765,attack,no
4684,0,1,0.5621765008857981,-1.169827938079834,-1.419827938079834,attack,yes
4685,0,0,0.02931223244728875,-3.852776050567627,-0.35277611017227173,attack,no
4686,0,1,0.5312093733737563,-1.2212870121002197,-1.3462870121002197,attack,yes
4687,0,1,0.880797068590724,-0.4765549600124359,-2.4765548706054688,attack,yes
4688,0,0,0.05340333431947304,-3.054072856903076,-0.17907294631004333,attack,no
4689,0,1,0.7310585903489892,-0.7279295325279236,-1.7279295921325684,attack,yes
4690,0,1,0.8175744761936437,-0.5563299655914307,-2.0563299655914307,attack,yes
4691,0,1,0.8933093946927838,-0.6933594942092896,-2.818359375,attack,yes
4692,0,0,0.34864513533394575,-1.6831156015396118,-1.0581156015396118,attack,no
4693,0,0,0.22270013882530884,-1.925176978111267,-0.6751769781112671,attack,no
4694,0,0,0.13296425050508953,-2.3325257301330566,-0.4575258195400238,attack,no
4695,0,1,0.914900945711678,-0.31855499744415283,-2.6935548782348633,attack,yes
4696,0,0,0.37754066879814546,-1.380051612854004,-0.8800516128540039,attack,no
4697,0,0,0.05340332377362639,-3.4666833877563477,-0.5916832685470581,attack,no
4698,0,0,0.04208772431105632,-3.4617223739624023,-0.3367222845554352,attack,no
4699,0,1,0.7549149868676283,-0.8508367538452148,-1.9758367538452148,attack,yes
4700,0,1,0.6224593312018546,-0.8414531946182251,-1.341453194618225,attack,yes
4701,0,0,0.3486451488696663,-1.3166303634643555,-0.6916304230690002,attack,no
4702,0,0,0.11920291263495983,-2.384237766265869,-0.384237676858902,attack,no
4703,0,0,0.02297736756836975,-3.9410393238067627,-0.19103921949863434,attack,no
4704,0,1,0.8175744939732856,-0.5953620672225952,-2.0953621864318848,attack,yes
4705,0,0,0.029312234143221275,-3.9678988456726074,-0.467898964881897,attack,no
4706,0,1,0.9399133481428692,-0.35014107823371887,-3.1001410484313965,attack,yes
4707,0,0,0.029312223967627556,-4.056722640991211,-0.5567224025726318,attack,no
4708,0,1,0.9525741281688026,-0.30594202876091003,-3.3059420585632324,attack,yes
4709,0,0,0.07585818419975078,-2.9189605712890625,-0.4189606308937073,attack,no
4710,0,1,0.851952809486198,-0.6892518401145935,-2.4392518997192383,attack,yes
4711,0,0,0.008577486427457372,-5.149789810180664,-0.3997899293899536,attack,no
4712,0,1,0.9046505402422645,-0.5384387373924255,-2.7884387969970703,attack,yes
4713,0,1,0.5312093733737563,-1.1322007179260254,-1.2572007179260254,attack,yes
4714,0,1,0.7057850402140659,-0.5720404982566833,-1.4470405578613281,attack,yes
4715,0,1,0.5312093733737563,-1.2008827924728394,-1.3258827924728394,attack,yes
4716,0,0,0.07585818419975078,-3.1061716079711914,-0.6061716675758362,attack,no
4717,0,0,0.1480472055495773,-2.539452314376831,-0.7894523739814758,attack,no
4718,0,0,0.46879062662624377,-1.174944281578064,-1.049944281578064,attack,no
4719,0,0,0.01798620575097472,-4.278129577636719,-0.27812933921813965,attack,no
4720,0,1,0.5926665999540697,-0.9696308374404907,-1.3446308374404907,attack,yes
4721,0,0,0.03732688948593843,-3.6921513080596924,-0.44215136766433716,attack,no
4722,0,1,0.9399133531922388,-0.3836795687675476,-3.1336796283721924,attack,yes
4723,0,0,0.05340333431947304,-3.170858383178711,-0.2958584725856781,attack,no
4724,0,1,0.8354835452961425,-0.527561604976654,-2.152561664581299,attack,yes
4725,0,1,0.9149009596336303,-0.44797366857528687,-2.8229737281799316,attack,yes
4726,0,1,0.5621765008857981,-1.0511689186096191,-1.3011689186096191,attack,yes
4727,0,0,0.07585818002124356,-3.044992685317993,-0.5449926853179932,attack,No
4728,0,0,0.012431648474925493,-4.552642822265625,-0.17764262855052948,attack,no
4729,0,1,0.7549149868676283,-0.6886916160583496,-1.8136916160583496,attack,yes
4730,0,0,0.03308597552845946,-3.7045533657073975,-0.3295532763004303,attack,no
4731,0,0,0.02931223244728875,-3.7650136947631836,-0.26501375436782837,attack,no
4732,0,0,0.10669058826486906,-2.5817904472351074,-0.45679038763046265,attack,no
4733,0,0,0.3208212878370535,-1.5725045204162598,-0.822504460811615,attack,no
4734,0,0,0.34864513533394575,-1.4755091667175293,-0.8505091667175293,attack,no
4735,0,0,0.3208212878370535,-1.6712546348571777,-0.921254575252533,attack,no
4736,0,0,0.053403329799824234,-3.296318531036377,-0.42131853103637695,attack,no
4737,0,0,0.29421497216298875,-1.7908432483673096,-0.9158432483673096,attack,no
4738,0,0,0.008577484653403024,-5.045525074005127,-0.2955249845981598,attack,no
4739,0,1,0.7549149868676283,-0.6649265289306641,-1.789926528930664,attack,yes
4740,0,1,0.8519528019683106,-0.5875411033630371,-2.337541103363037,attack,yes
4741,0,1,0.8354835207180245,-0.5331293344497681,-2.1581292152404785,attack,yes
4742,0,1,0.7310585669110203,-0.7812734246253967,-1.781273365020752,attack,yes
4743,0,0,0.1066905911052601,-2.4424006938934326,-0.31740066409111023,attack,no
4744,0,0,0.46879062662624377,-1.2188514471054077,-1.0938514471054077,attack,no
4745,0,0,0.2689414213699951,-1.85861337184906,-0.8586133718490601,attack,no
4746,0,1,0.6513548782017746,-0.7866727709770203,-1.411672830581665,attack,yes
4747,0,0,0.02595736021183377,-4.231220722198486,-0.6062208414077759,attack,no
4748,0,0,0.22270014914315833,-1.9548802375793457,-0.7048802971839905,attack,no
4749,0,0,0.08509904036636974,-2.7475264072418213,-0.3725263476371765,attack,no
4750,0,0,0.5,-0.9797084331512451,-0.9797084331512451,attack,no
4751,0,0,0.1066905825840872,-2.5461974143981934,-0.4211972951889038,attack,no
4752,0,1,0.5621765008857981,-1.066062569618225,-1.316062569618225,attack,yes
4753,0,1,0.8933093975331751,-0.3701687753200531,-2.495168685913086,attack,yes
4754,0,1,0.7310585786300049,-0.738021969795227,-1.738021969795227,attack,yes
4755,0,0,0.4073334000459302,-1.505316138267517,-1.130316138267517,attack,no
4756,0,1,0.893309411735131,-0.6991929411888123,-2.824193000793457,attack,yes
4757,0,1,0.880797071719777,-0.3866634964942932,-2.3866634368896484,attack,yes
4758,0,0,0.012431649755527152,-4.595157623291016,-0.22015753388404846,attack,no
4759,0,1,0.8175744673038221,-0.48534852266311646,-1.9853484630584717,attack,yes
4760,0,1,0.8807970654616711,-0.6612964868545532,-2.6612963676452637,attack,yes
4761,0,1,0.7981867777396212,-0.7454087734222412,-2.120408773422241,attack,yes
4762,0,0,0.0953494648991095,-2.7616312503814697,-0.5116312503814697,attack,no
4763,0,1,0.9046505428129514,-0.3328806459903717,-2.582880735397339,attack,yes
4764,0,0,0.017986213120429816,-4.595240592956543,-0.5952407717704773,attack,no
4765,0,1,0.7981867777396212,-0.6971087455749512,-2.072108745574951,attack,yes
4766,0,0,0.2942149845400438,-1.6970651149749756,-0.8220651745796204,attack,no
4767,0,0,0.24508502416032488,-1.9869046211242676,-0.8619046807289124,attack,no
4768,0,0,0.34864513533394575,-1.656907081604004,-1.031907081604004,attack,no
4769,0,0,0.05340332678672523,-3.3351128101348877,-0.4601127505302429,attack,no
4770,0,0,0.22270013882530884,-1.8721179962158203,-0.6221179962158203,attack,No
4771,0,0,0.0059110695567328965,-5.655930519104004,-0.5309306383132935,attack,no
4772,0,0,0.060086646807761206,-3.14780330657959,-0.39780324697494507,attack,no
4773,0,1,0.7549149868676283,-0.5485868453979492,-1.6735868453979492,attack,yes
4774,0,0,0.05340332678672523,-3.3355329036712646,-0.4605328440666199,attack,no
4775,0,1,0.5312093585306514,-0.9241920113563538,-1.049191951751709,attack,yes
4776,0,1,0.8807970779778823,-0.48542189598083496,-2.485421895980835,attack,yes
4777,0,1,0.679178699175393,-0.6171998977661133,-1.3671998977661133,attack,yes
4778,0,0,0.004070137957507836,-6.028868198394775,-0.5288682579994202,attack,no
4779,0,1,0.7057850278370112,-1.0299654006958008,-1.9049654006958008,attack,Yes
4780,0,0,0.24508501313237172,-1.7464661598205566,-0.6214661598205566,attack,no
4781,0,0,0.18242551491653522,-2.2829067707061768,-0.782906711101532,attack,no
4782,0,1,0.9579122720843811,-0.5762414932250977,-3.7012414932250977,attack,yes
4783,0,0,0.2689414213699951,-1.7362518310546875,-0.7362518310546875,attack,no
4784,0,1,0.8175744761936437,-0.6812124252319336,-2.1812124252319336,attack,yes
4785,0,0,0.05340333582602272,-3.4626588821411133,-0.5876590013504028,attack,no
4786,0,1,0.8175744850834649,-0.7732879519462585,-2.2732880115509033,attack,yes
4787,0,0,0.1824255415859996,-2.1016669273376465,-0.601667046546936,attack,no
4788,0,0,0.5,-1.1570262908935547,-1.1570262908935547,attack,no
4789,0,0,0.0850990519679964,-2.6868412494659424,-0.31184133887290955,attack,no
4790,0,1,0.798186768138228,-0.6951821446418762,-2.0701820850372314,attack,yes
4791,0,0,0.05340333431947304,-3.3363049030303955,-0.46130499243736267,attack,no
4792,0,0,0.2689414213699951,-1.9232109785079956,-0.9232109785079956,attack,no
4793,0,0,0.14804718675485834,-2.1668589115142822,-0.41685882210731506,attack,no
4794,0,1,0.7057850154599563,-0.8630738854408264,-1.7380738258361816,attack,yes
4795,0,0,0.042087725512577126,-3.6137397289276123,-0.48873966932296753,attack,no
4796,0,0,0.00669285052802981,-5.291818141937256,-0.2918180823326111,attack,no
4797,0,0,0.20181322226037882,-1.909433364868164,-0.5344333648681641,attack,no
4798,0,0,0.04742587856304458,-3.376163959503174,-0.3761640787124634,attack,no
4799,0,0,0.0758581737534831,-2.8508834838867188,-0.3508833944797516,attack,no
4800,0,0,0.05340333582602272,-3.378023147583008,-0.5030232667922974,attack,no
4801,0,1,0.7310585903489892,-0.7702154517173767,-1.7702155113220215,attack,yes
4802,0,1,0.6224593312018546,-0.8815431594848633,-1.3815431594848633,attack,yes
4803,0,0,0.09534945975773548,-2.5022377967834473,-0.2522377371788025,attack,no
4804,0,0,0.0474258704848281,-3.41650390625,-0.4165038466453552,attack,no
4805,0,1,0.6513548646660542,-0.8367699384689331,-1.461769938468933,attack,yes
4806,0,0,0.2689414096510108,-1.6953542232513428,-0.695354163646698,attack,no
4807,0,0,0.015906388912772775,-4.620436668395996,-0.49543648958206177,attack,no
4808,0,0,0.01243164902375476,-4.821342945098877,-0.446342796087265,attack,no
4809,0,1,0.9525741241296944,-0.37079912424087524,-3.3707990646362305,attack,yes
4810,0,0,0.01098694263059318,-4.7977495193481445,-0.29774951934814453,attack,no
4811,0,1,0.7310585903489892,-0.8695463538169861,-1.8695464134216309,attack,yes
4812,0,1,0.9046505351008906,-0.5332009792327881,-2.783200979232788,attack,yes
4813,0,1,0.9669140235181256,-0.42851513624191284,-3.8035151958465576,attack,yes
4814,0,0,0.01243165304850344,-4.821147441864014,-0.446147620677948,attack,no
4815,0,1,0.679178699175393,-0.77940833568573,-1.52940833568573,attack,yes
4816,0,0,0.10669059962643358,-2.817708969116211,-0.6927090287208557,attack,no
4817,0,1,0.7310585786300049,-0.6382731199264526,-1.6382731199264526,attack,yes
4818,0,0,0.09534947004048376,-2.845452308654785,-0.5954523682594299,attack,no
4819,0,0,0.04742587721667508,-3.452112913131714,-0.45211300253868103,attack,no
4820,0,0,0.07585817166422973,-3.034985065460205,-0.5349849462509155,attack,no
4821,0,1,0.9241418220680101,-0.43738052248954773,-2.93738055229187,attack,yes
4822,0,1,0.904650527388829,-0.42170247435569763,-2.6717023849487305,attack,yes
4823,0,0,0.05340333130637379,-3.2960312366485596,-0.42103126645088196,attack,no
4824,0,0,0.0474258704848281,-3.735408306121826,-0.7354082465171814,attack,no
4825,0,1,0.6224593312018546,-1.0460267066955566,-1.5460267066955566,attack,Yes
4826,0,1,0.7772998714925403,-0.49928396940231323,-1.749284029006958,attack,yes
4827,0,1,0.6513548646660542,-0.880490779876709,-1.505490779876709,attack,yes
4828,0,1,0.939913356558485,-0.3193248510360718,-3.0693249702453613,attack,yes
4829,0,0,0.04742587856304458,-3.7347545623779297,-0.7347546815872192,attack,no
4830,0,1,0.8807970904940926,-0.5600250959396362,-2.560025215148926,attack,yes
4831,0,0,0.07585818419975078,-3.0708353519439697,-0.5708354115486145,attack,no
4832,0,0,0.20181320305759334,-2.04960298538208,-0.6746028661727905,attack,no
4833,0,1,0.754914997895581,-0.7987605929374695,-1.9237606525421143,attack,yes
4834,0,1,0.9669140187510509,-0.38950666785240173,-3.7645065784454346,attack,yes
4835,0,1,0.679178699175393,-0.8394595384597778,-1.5894595384597778,attack,yes
4836,0,0,0.46879062662624377,-1.4045428037643433,-1.2795428037643433,attack,no
4837,0,0,0.05340333582602272,-3.3794970512390137,-0.5044971704483032,attack,no
4838,0,0,0.2689414213699951,-1.8572312593460083,-0.8572312593460083,attack,no
4839,0,1,0.97068777009661,-0.21382281184196472,-3.713822841644287,attack,yes
4840,0,1,0.5621765008857981,-1.0976171493530273,-1.3476171493530273,attack,yes
4841,0,0,0.05340333431947304,-3.177844524383545,-0.3028446137905121,attack,no
4842,0,0,0.29421497216298875,-1.6333224773406982,-0.7583224773406982,attack,no
4843,0,0,0.042087729117139754,-3.5706098079681396,-0.44560983777046204,attack,no
4844,0,1,0.8933094060543487,-0.46471667289733887,-2.589716672897339,attack,yes
4845,0,0,0.029312230751356316,-4.008567810058594,-0.5085678100585938,attack,no
4846,0,0,0.2942149597859341,-1.7738988399505615,-0.8988987803459167,attack,no
4847,0,1,0.7057850402140659,-0.5572361350059509,-1.4322361946105957,attack,yes
4848,0,0,0.05340332377362639,-3.3744864463806152,-0.4994863271713257,attack,no
4849,0,0,0.05340333431947304,-3.2033817768096924,-0.32838186621665955,attack,no
4850,0,1,0.8354835452961425,-0.6513523459434509,-2.2763524055480957,attack,yes
4851,0,0,0.32082130082460697,-1.5503207445144653,-0.8003207445144653,attack,no
4852,0,0,0.34864513533394575,-1.6743665933609009,-1.0493665933609009,attack,no
4853,0,1,0.6224593171945417,-0.8535295128822327,-1.353529453277588,attack,yes
4854,0,1,0.679178699175393,-0.8404088020324707,-1.5904088020324707,attack,yes
4855,0,0,0.02595735682104226,-3.86073637008667,-0.23573635518550873,attack,no
4856,0,1,0.8175744761936437,-0.6289496421813965,-2.1289496421813965,attack,yes
4857,0,1,0.9740426412951848,-0.31284385919570923,-3.9378437995910645,attack,yes
4858,0,1,0.8175744584140004,-0.586466908454895,-2.0864667892456055,attack,yes
4859,0,0,0.4378234844434674,-1.1821262836456299,-0.9321262240409851,attack,no
4860,0,1,0.9465966747198243,-0.374843031167984,-3.249843120574951,attack,yes
4861,0,1,0.9465966641739773,-0.3738051652908325,-3.248805046081543,attack,yes
4862,0,1,0.7772998611746911,-0.722277045249939,-1.972277045249939,attack,yes
4863,0,0,0.02595735569077852,-4.178496360778809,-0.5534963011741638,attack,no
4864,0,1,0.7772998714925403,-0.8760773539543152,-2.12607741355896,attack,yes
4865,0,0,0.4378234991142019,-1.161914587020874,-0.911914587020874,attack,no
4866,0,1,0.5926665999540697,-1.1003227233886719,-1.4753227233886719,attack,Yes
4867,0,0,0.24508501313237172,-1.7124956846237183,-0.5874956846237183,attack,no
4868,0,1,0.8175744584140004,-0.6357322931289673,-2.1357321739196777,attack,yes
4869,0,0,0.02595735569077852,-4.007740497589111,-0.38274043798446655,attack,no
4870,0,0,0.29421497216298875,-1.7862356901168823,-0.9112356901168823,attack,no
4871,0,1,0.9626731094431571,-0.33013400435447693,-3.5801339149475098,attack,yes
4872,0,0,0.02931223244728875,-3.767090082168579,-0.2670901417732239,attack,no
4873,0,0,0.08509903804604459,-2.7729122638702393,-0.3979121744632721,attack,no
4874,0,0,0.1329642264548166,-2.40582275390625,-0.5308226346969604,attack,no
4875,0,0,0.4073334000459302,-1.2152276039123535,-0.8402276039123535,attack,no
4876,0,1,0.5312093733737563,-1.2024961709976196,-1.3274961709976196,attack,yes
4877,0,0,0.2689414096510108,-1.8088035583496094,-0.8088034987449646,attack,no
4878,0,1,0.6791787121629466,-0.7983123660087585,-1.5483124256134033,attack,yes
4879,0,1,0.6224593452091672,-0.7000154852867126,-1.2000155448913574,attack,yes
4880,0,1,0.8354835452961425,-0.707413375377655,-2.3324134349823,attack,yes
4881,0,1,0.5926665999540697,-1.0177466869354248,-1.3927466869354248,attack,yes
4882,0,1,0.5621765008857981,-0.9508332014083862,-1.2008332014083862,attack,yes
4883,0,0,0.37754066879814546,-1.4939637184143066,-0.9939637184143066,attack,no
4884,0,1,0.7981867873410141,-0.5665087103843689,-1.9415087699890137,attack,yes
4885,0,0,0.025957357951306048,-3.864123582839966,-0.2391236126422882,attack,no
4886,0,1,0.7772998714925403,-0.759121835231781,-2.009121894836426,attack,yes
4887,0,1,0.5312093733737563,-0.8839210271835327,-1.0089210271835327,attack,yes
4888,0,1,0.9399133531922388,-0.5944985747337341,-3.344498634338379,attack,yes
4889,0,0,0.0675466911396291,-3.189683675765991,-0.5646836757659912,attack,no
4890,0,0,0.5,-1.083336591720581,-1.083336591720581,attack,no
4891,0,1,0.5312093733737563,-0.9576219320297241,-1.0826219320297241,attack,yes
4892,0,0,0.3486451488696663,-1.364534854888916,-0.7395349144935608,attack,no
4893,0,1,0.9149009549929797,-0.5763888359069824,-2.9513888359069824,attack,yes
4894,0,0,0.08509904500702024,-3.0403237342834473,-0.6653237342834473,attack,no
4895,0,0,0.005911068681121534,-5.4834675788879395,-0.35846754908561707,attack,no
4896,0,0,0.06008665017400762,-3.3421597480773926,-0.5921597480773926,attack,no
4897,0,1,0.8933094060543487,-0.6396973133087158,-2.764697313308716,attack,yes
4898,0,0,0.01798620890931226,-4.651165008544922,-0.6511649489402771,attack,no
4899,0,0,0.04742587587030561,-3.491363763809204,-0.4913638234138489,attack,no
4900,0,1,0.798186768138228,-0.7454119324684143,-2.1204118728637695,attack,yes
4901,0,0,0.4378234991142019,-1.283117413520813,-1.033117413520813,attack,no
4902,0,0,0.08509904964767095,-2.8867247104644775,-0.5117247700691223,attack,no
4903,0,0,0.22270013882530884,-2.043787956237793,-0.793787956237793,attack,no
4904,0,1,0.7310585903489892,-0.5979198813438416,-1.5979199409484863,attack,yes
4905,0,0,0.05340333431947304,-3.202958583831787,-0.3279586732387543,attack,no
4906,0,1,0.7057850278370112,-0.9024440050125122,-1.7774440050125122,attack,yes
4907,0,1,0.7057850278370112,-0.9707784652709961,-1.845778465270996,attack,yes
4908,0,1,0.9241418241572634,-0.5237450003623962,-3.023745059967041,attack,yes
4909,0,1,0.5621765008857981,-0.9125798940658569,-1.162579894065857,attack,yes
4910,0,0,0.03732688895048618,-3.4587175846099854,-0.20871762931346893,attack,no
4911,0,1,0.9820137916170774,-0.33612337708473206,-4.336123466491699,attack,yes
4912,0,0,0.029312227359491745,-4.055922031402588,-0.5559219121932983,attack,no
4913,0,0,0.006692850428966053,-5.1367621421813965,-0.13676206767559052,attack,no
4914,0,0,0.3775406547908327,-1.4233787059783936,-0.9233786463737488,attack,no
4915,0,0,0.20181322226037882,-1.8772655725479126,-0.5022655725479126,attack,no
4916,0,1,0.679178699175393,-0.6055241823196411,-1.3555241823196411,attack,yes
4917,0,0,0.5,-0.9584871530532837,-0.9584871530532837,attack,no
4918,0,0,0.004609571290546667,-5.509176254272461,-0.13417606055736542,attack,no
4919,0,1,0.754914997895581,-0.697936475276947,-1.8229365348815918,attack,yes
4920,0,1,0.9399133515091156,-0.4196116626262665,-3.169611692428589,attack,yes
4921,0,0,0.017986206277364275,-4.412355899810791,-0.4123556911945343,attack,no
4922,0,1,0.8933094003735664,-0.6414998173713684,-2.7664997577667236,attack,yes
4923,0,1,0.5621765008857981,-1.0970821380615234,-1.3470821380615234,attack,yes
4924,0,1,0.914900950352329,-0.5709376931190491,-2.9459376335144043,attack,yes
4925,0,1,0.5926665999540697,-0.9552812576293945,-1.3302812576293945,attack,yes
4926,0,0,0.34864513533394575,-1.1831144094467163,-0.5581144094467163,attack,no
4927,0,0,0.46879062662624377,-1.2451874017715454,-1.1201874017715454,attack,No
4928,0,0,0.11920292202211755,-2.4382450580596924,-0.4382450580596924,attack,no
4929,0,1,0.5621765008857981,-1.184075951576233,-1.434075951576233,attack,Yes
4930,0,0,0.04742587317756679,-3.6264209747314453,-0.6264209747314453,attack,no
4931,0,0,0.22270014398423357,-1.7062124013900757,-0.45621243119239807,attack,no
4932,0,1,0.880797071719777,-0.479769766330719,-2.479769706726074,attack,yes
4933,0,0,0.08509903804604459,-2.808095693588257,-0.4330956041812897,attack,no
4934,0,0,0.18242552380635632,-1.9935914278030396,-0.49359142780303955,attack,no
4935,0,0,0.03732688627322502,-3.6137449741363525,-0.36374494433403015,attack,no
4936,0,0,0.11920292828022305,-2.6265900135040283,-0.6265900731086731,attack,no
4937,0,1,0.9579122756889438,-0.3021022379398346,-3.4271023273468018,attack,yes
4938,0,1,0.9626731094431571,-0.244710773229599,-3.494710683822632,attack,yes
4939,0,0,0.020332353342658753,-4.377147674560547,-0.5021476745605469,attack,no
4940,0,1,0.9669140225647107,-0.386916846036911,-3.7619168758392334,attack,yes
4941,0,1,0.8670357563664174,-0.39657095074653625,-2.271570920944214,attack,yes
4942,0,1,0.5312093733737563,-1.2790638208389282,-1.4040638208389282,attack,Yes
4943,0,0,0.025957354183760273,-4.282784461975098,-0.6577843427658081,attack,no
4944,0,1,0.893309411735131,-0.5100693106651306,-2.6350693702697754,attack,yes
4945,0,1,0.9626731126558706,-0.35552382469177246,-3.6055238246917725,attack,yes
4946,0,0,0.03308597457504463,-3.7028684616088867,-0.32786834239959717,attack,no
4947,0,0,0.02595735945832451,-3.9769835472106934,-0.3519836366176605,attack,no
4948,0,0,0.037326884131416216,-3.691565752029419,-0.4415656626224518,attack,no
4949,0,1,0.9399133481428692,-0.31877401471138,-3.0687739849090576,attack,yes
4950,0,1,0.8519528019683106,-0.7328593730926514,-2.4828593730926514,attack,yes
4951,0,1,0.7057850154599563,-0.7724807858467102,-1.6474807262420654,attack,yes
4952,0,0,0.07585818419975078,-3.2013602256774902,-0.701360285282135,attack,No
4953,0,0,0.0953494648991095,-2.8138506412506104,-0.5638506412506104,attack,no
4954,0,1,0.5926665999540697,-0.9554063081741333,-1.3304063081741333,attack,yes
4955,0,1,0.9740426443092215,-0.2838515639305115,-3.9088516235351562,attack,yes
4956,0,0,0.06008665017400762,-3.3909010887145996,-0.6409010887145996,attack,no
4957,0,1,0.867035752930664,-0.37354427576065063,-2.248544216156006,attack,yes
4958,0,0,0.0850990542883219,-2.9633545875549316,-0.5883547067642212,attack,no
4959,0,1,0.6513548511303336,-0.8369007706642151,-1.4619007110595703,attack,yes
4960,0,0,0.04208772791561884,-3.5707342624664307,-0.44573426246643066,attack,no
4961,0,0,0.1066905825840872,-2.626662254333496,-0.5016621351242065,attack,no
4962,0,1,0.7057850278370112,-1.0061571598052979,-1.8811571598052979,attack,Yes
4963,0,1,0.6224593452091672,-0.9245337843894958,-1.4245338439941406,attack,yes
4964,0,1,0.9626731083722525,-0.24467194080352783,-3.4946718215942383,attack,yes
4965,0,1,0.7772998611746911,-0.8327300548553467,-2.0827300548553467,attack,yes
4966,0,0,0.46879062662624377,-1.0058659315109253,-0.8808659315109253,attack,no
4967,0,1,0.893309411735131,-0.36906570196151733,-2.494065761566162,attack,yes
4968,0,0,0.37754066879814546,-1.5478192567825317,-1.0478192567825317,attack,no
4969,0,0,0.06008665354025422,-3.3003880977630615,-0.5503881573677063,attack,no
4970,0,0,0.10669059394565118,-2.751575231552124,-0.626575231552124,attack,No
4971,0,0,0.24508500210441886,-1.8216440677642822,-0.6966440081596375,attack,no
4972,0,0,0.1329642333263228,-2.2587273120880127,-0.3837272524833679,attack,no
4973,0,1,0.8519527906914787,-0.35480770468711853,-2.1048076152801514,attack,yes
4974,0,0,0.00970847848715727,-4.892688751220703,-0.26768895983695984,attack,no
4975,0,0,0.03308597743528921,-3.7353570461273193,-0.36035701632499695,attack,no
4976,0,0,0.32082130082460697,-1.5759804248809814,-0.8259804248809814,attack,no
4977,0,0,0.06008665354025422,-3.110353469848633,-0.3603535294532776,attack,no
4978,0,0,0.008577483386221569,-5.077390670776367,-0.3273904323577881,attack,no
4979,0,1,0.7310585786300049,-0.6426677703857422,-1.6426677703857422,attack,yes
4980,0,0,0.22270012850745968,-1.7114005088806152,-0.46140044927597046,attack,no
4981,0,0,0.18242552380635632,-2.0044984817504883,-0.5044984817504883,attack,no
4982,0,0,0.46879062662624377,-1.1992731094360352,-1.0742731094360352,attack,no
4983,0,1,0.5312093733737563,-1.0178782939910889,-1.1428782939910889,attack,yes
4984,0,1,0.7310585786300049,-0.8685870170593262,-1.8685870170593262,attack,yes
4985,0,1,0.957912274487423,-0.5239357352256775,-3.6489357948303223,attack,yes
4986,0,0,0.05340332678672523,-3.563062906265259,-0.688062846660614,attack,no
4987,0,1,0.7981867777396212,-0.6034704446792603,-1.9784704446792603,attack,yes
4988,0,0,0.04742587587030561,-3.3473541736602783,-0.3473542332649231,attack,no
4989,0,0,0.025957351169724027,-4.132550239562988,-0.5075500011444092,attack,no
4990,0,1,0.7772998714925403,-0.8772003054618835,-2.1272003650665283,attack,yes
4991,0,0,0.24508501313237172,-1.7807515859603882,-0.6557515859603882,attack,no
4992,0,0,0.10669059962643358,-2.6445536613464355,-0.5195537209510803,attack,no
4993,0,0,0.3208212878370535,-1.3966948986053467,-0.6466948390007019,attack,no
4994,0,0,0.06008664512463808,-3.179556369781494,-0.429556280374527,attack,no
4995,0,1,0.8354835330070839,-0.2809726297855377,-1.9059725999832153,attack,yes
4996,0,1,0.9324533163686646,-0.5053471326828003,-3.13034725189209,attack,yes
4997,0,1,0.8807970842359877,-0.5188044905662537,-2.5188045501708984,attack,yes
4998,0,0,0.025957351169724027,-4.231982231140137,-0.6069819927215576,attack,no
4999,0,0,0.4378234991142019,-1.435713529586792,-1.185713529586792,attack,no
5000,0,0,0.3208213138121609,-1.6141762733459473,-0.864176332950592,attack,No
5001,0,0,0.04742587587030561,-3.4914050102233887,-0.49140506982803345,attack,no
5002,0,0,0.1480471980316895,-2.3881499767303467,-0.6381499767303467,attack,no
5003,0,0,0.16451645470385742,-2.3528926372528076,-0.7278925776481628,attack,no
5004,0,1,0.9149009549929797,-0.25390172004699707,-2.628901720046997,attack,yes
5005,0,1,0.5312093733737563,-1.1018824577331543,-1.2268824577331543,attack,yes
5006,0,0,0.02595736247236169,-4.049035549163818,-0.4240357577800751,attack,no
5007,0,1,0.9465966702001757,-0.3732020854949951,-3.248202085494995,attack,yes
5008,0,1,0.8807970779778823,-0.40843987464904785,-2.408439874649048,attack,yes
5009,0,1,0.9241418220680101,-0.47272416949272156,-2.972724199295044,attack,yes
5010,0,1,0.5926665999540697,-1.0163334608078003,-1.3913334608078003,attack,yes
5011,0,1,0.5621765008857981,-0.9650146961212158,-1.2150146961212158,attack,yes
5012,0,0,0.4378234991142019,-1.4422074556350708,-1.1922074556350708,attack,no
5013,0,1,0.5312093733737563,-0.8857712745666504,-1.0107712745666504,attack,yes
5014,0,1,0.7310585786300049,-0.8299955129623413,-1.8299955129623413,attack,yes
5015,0,0,0.06754668363133542,-3.2622509002685547,-0.6372507810592651,attack,No
5016,0,0,0.05340332678672523,-3.3795483112335205,-0.5045482516288757,attack,no
5017,0,1,0.9324533069832973,-0.3283710777759552,-2.953371047973633,attack,yes
5018,0,1,0.7310585786300049,-0.8837815523147583,-1.8837815523147583,attack,yes
5019,0,0,0.012431651219072064,-4.619688987731934,-0.24468901753425598,attack,no
5020,0,0,0.07585818002124356,-2.9145326614379883,-0.4145326614379883,attack,no
5021,0,0,0.24508501313237172,-1.9454880952835083,-0.8204880952835083,attack,no
5022,0,0,0.22270012850745968,-1.8596174716949463,-0.6096174120903015,attack,no
5023,0,0,0.4378234844434674,-1.0139944553375244,-0.7639943957328796,attack,no
5024,0,1,0.7057850402140659,-0.916728675365448,-1.7917287349700928,attack,yes
5025,0,0,0.012431653414389749,-4.8644585609436035,-0.48945876955986023,attack,no
5026,0,0,0.014063628696182679,-4.698549747467041,-0.44854986667633057,attack,no
5027,0,0,0.46879062662624377,-1.3989453315734863,-1.2739453315734863,attack,no
5028,0,0,0.04742587721667508,-3.380078077316284,-0.38007816672325134,attack,no
5029,0,1,0.6224593312018546,-1.151909589767456,-1.651909589767456,attack,Yes
5030,0,1,0.8807970779778823,-0.4803445339202881,-2.480344533920288,attack,yes
5031,0,1,0.8670357460591569,-0.7228962182998657,-2.597896099090576,attack,Yes
5032,0,0,0.34864513533394575,-1.5908796787261963,-0.9658796787261963,attack,no
5033,0,1,0.8933094145755219,-0.4264351427555084,-2.5514352321624756,attack,yes
5034,0,1,0.9525741254760638,-0.25541380047798157,-3.255413770675659,attack,yes
5035,0,1,0.8175744761936437,-0.7720746994018555,-2.2720746994018555,attack,yes
5036,0,0,0.053403325280175794,-3.199187994003296,-0.32418790459632874,attack,no
5037,0,1,0.8354835452961425,-0.6585986018180847,-2.2835986614227295,attack,yes
5038,0,0,0.008577484273248568,-4.941422939300537,-0.19142280519008636,attack,no
5039,0,0,0.010986945221304533,-5.036462783813477,-0.5364630222320557,attack,no
5040,0,0,0.4073334000459302,-1.39786958694458,-1.02286958694458,attack,no
5041,0,0,0.04208772671409796,-3.500678539276123,-0.37567850947380066,attack,no
5042,0,1,0.914900950352329,-0.4058859944343567,-2.780885934829712,attack,yes
5043,0,1,0.939913354875362,-0.3506413996219635,-3.1006414890289307,attack,yes
5044,0,1,0.6791786861878392,-0.731314480304718,-1.4813144207000732,attack,yes
5045,0,0,0.1645164628965632,-2.3247640132904053,-0.6997640132904053,attack,no
5046,0,0,0.0373268852023206,-3.500774621963501,-0.2507745623588562,attack,no
5047,0,1,0.9706877675527112,-0.3488953709602356,-3.848895311355591,attack,yes
5048,0,0,0.4378234991142019,-1.358130931854248,-1.108130931854248,attack,no
5049,0,0,0.14804721306746543,-2.3441085815429688,-0.5941087007522583,attack,no
5050,0,0,0.2689414213699951,-1.8964844942092896,-0.8964844942092896,attack,no
5051,0,0,0.20181321265898594,-1.8711190223693848,-0.49611896276474,attack,no
5052,0,0,0.017986213120429816,-4.543022155761719,-0.5430223345756531,attack,no
5053,0,1,0.8519527982093668,-0.4067416489124298,-2.1567416191101074,attack,yes
5054,0,0,0.025957357951306048,-3.945269823074341,-0.3202698528766632,attack,no
5055,0,1,0.9324533051062237,-0.2791760563850403,-2.9041759967803955,attack,yes
5056,0,0,0.37754066879814546,-1.2549986839294434,-0.7549986839294434,attack,no
5057,0,0,0.46879062662624377,-1.2004445791244507,-1.0754445791244507,attack,no
5058,0,1,0.5621765008857981,-1.206773281097412,-1.456773281097412,attack,Yes
5059,0,1,0.9399133531922388,-0.4554890990257263,-3.205489158630371,attack,yes
5060,0,1,0.9324533088603709,-0.5053763389587402,-3.1303763389587402,attack,yes
5061,0,1,0.7310585786300049,-0.5002961158752441,-1.5002961158752441,attack,yes
5062,0,1,0.9399133531922388,-0.5453881621360779,-3.2953882217407227,attack,yes
5063,0,0,0.22270013882530884,-2.006577253341675,-0.7565772533416748,attack,no
5064,0,0,0.060086656906500974,-3.2588319778442383,-0.5088320970535278,attack,no
5065,0,1,0.5312093733737563,-1.1324917078018188,-1.2574917078018188,attack,yes
5066,0,0,0.18242551491653522,-2.090350866317749,-0.5903508067131042,attack,no
5067,0,1,0.6513548646660542,-1.0880911350250244,-1.7130911350250244,attack,Yes
5068,0,1,0.8807970904940926,-0.5235475301742554,-2.523547649383545,attack,yes
5069,0,1,0.914900950352329,-0.4176517128944397,-2.792651653289795,attack,yes
5070,0,0,0.04208772791561884,-3.6525678634643555,-0.5275678634643555,attack,no
5071,0,1,0.6791786861878392,-0.9915440678596497,-1.7415440082550049,attack,yes
5072,0,1,0.9046505299595163,-0.284992516040802,-2.5349924564361572,attack,yes
5073,0,0,0.4073334000459302,-1.4233030080795288,-1.0483030080795288,attack,no
5074,0,0,0.01243165231673086,-4.82155704498291,-0.4465571641921997,attack,no
5075,0,1,0.7981867873410141,-0.6887504458427429,-2.0637505054473877,attack,yes
5076,0,1,0.9324533126145177,-0.39105814695358276,-3.0160582065582275,attack,yes
5077,0,1,0.893309411735131,-0.7495724558830261,-2.874572515487671,attack,yes
5078,0,0,0.04742587317756679,-3.5780763626098633,-0.5780763626098633,attack,no
5079,0,1,0.798186768138228,-0.5394700169563293,-1.9144699573516846,attack,yes
5080,0,1,0.9046505299595163,-0.5371564030647278,-2.787156343460083,attack,yes
5081,0,1,0.6513548782017746,-0.8927337527275085,-1.5177338123321533,attack,yes
5082,0,0,0.5,-0.9875501394271851,-0.9875501394271851,attack,no
5083,0,1,0.9669140187510509,-0.26450952887535095,-3.639509439468384,attack,yes
5084,0,0,0.06754669489377622,-3.324406147003174,-0.6994062066078186,attack,no
5085,0,1,0.6513548646660542,-0.7875181436538696,-1.4125181436538696,attack,yes
5086,0,1,0.7057850278370112,-1.0311319828033447,-1.9061319828033447,attack,Yes
5087,0,1,0.5312093733737563,-1.0159739255905151,-1.1409739255905151,attack,yes
5088,0,0,0.02595735719779685,-3.9405906200408936,-0.31559062004089355,attack,no
5089,0,1,0.7981867873410141,-0.6513583064079285,-2.0263583660125732,attack,yes
5090,0,0,0.2689414096510108,-1.8917968273162842,-0.8917967677116394,attack,no
5091,0,1,0.9241418158002492,-0.7753992676734924,-3.2753992080688477,attack,Yes
5092,0,0,0.11920292828022305,-2.481182813644409,-0.48118287324905396,attack,no
5093,0,1,0.9669140192277585,-0.1814609318971634,-3.5564608573913574,attack,yes
5094,0,0,0.2942149597859341,-1.6783971786499023,-0.8033971190452576,attack,no
5095,0,0,0.3486451217982255,-1.1743383407592773,-0.5493382811546326,attack,no
5096,0,0,0.5,-1.1142257452011108,-1.1142257452011108,attack,no
5097,0,0,0.03308598029553404,-3.6730475425720215,-0.29804760217666626,attack,no
5098,0,1,0.8670357666736773,-0.5759033560752869,-2.4509034156799316,attack,yes
5099,0,1,0.679178699175393,-0.561264157295227,-1.311264157295227,attack,yes
5100,0,0,0.5,-1.1874632835388184,-1.1874632835388184,attack,no
5101,0,0,0.06754668738548215,-3.2716691493988037,-0.6466690897941589,attack,no
5102,0,0,0.46879062662624377,-1.174572467803955,-1.049572467803955,attack,no
5103,0,0,0.4073334000459302,-1.2191946506500244,-0.8441946506500244,attack,no
5104,0,0,0.14804719051380197,-2.1740882396698,-0.42408818006515503,attack,no
5105,0,0,0.5,-1.074385643005371,-1.074385643005371,attack,no
5106,0,0,0.34864513533394575,-1.4971057176589966,-0.8721057176589966,attack,no
5107,0,0,0.2689414213699951,-1.8576632738113403,-0.8576632738113403,attack,no
5108,0,0,0.037326888415033926,-3.6886847019195557,-0.43868473172187805,attack,no
5109,0,0,0.1645164628965632,-2.2428297996520996,-0.6178297996520996,attack,no
5110,0,1,0.9046505402422645,-0.452495276927948,-2.7024953365325928,attack,yes
5111,0,1,0.914900957313305,-0.4802956283092499,-2.8552956581115723,attack,yes
5112,0,1,0.8670357666736773,-0.5759984850883484,-2.450998544692993,attack,yes
5113,0,1,0.7772998611746911,-0.6875265836715698,-1.9375265836715698,attack,yes
5114,0,0,0.08509904036636974,-2.8063998222351074,-0.43139976263046265,attack,no
5115,0,1,0.6513548782017746,-0.9927524924278259,-1.6177525520324707,attack,yes
5116,0,1,0.7772998508568416,-0.49825984239578247,-1.7482597827911377,attack,yes
5117,0,1,0.6513548511303336,-0.7969267964363098,-1.421926736831665,attack,yes
5118,0,0,0.05340332377362639,-3.2672548294067383,-0.39225471019744873,attack,no
5119,0,0,0.4378234991142019,-1.083734393119812,-0.833734393119812,attack,no
5120,0,0,0.4073333856566001,-1.350365161895752,-0.9753651022911072,attack,no
5121,0,0,0.16451647108926923,-1.9976627826690674,-0.37266284227371216,attack,no
5122,0,1,0.7057850278370112,-0.7944151163101196,-1.6694151163101196,attack,yes
5123,0,1,0.7310585786300049,-0.6875200271606445,-1.6875200271606445,attack,yes
5124,0,1,0.9525741308615412,-0.3368052542209625,-3.3368053436279297,attack,yes
5125,0,0,0.04742587317756679,-3.4962239265441895,-0.49622392654418945,attack,no
5126,0,0,0.06754668738548215,-3.0648927688598633,-0.4398927092552185,attack,no
5127,0,1,0.9149009526726544,-0.4419451057910919,-2.8169450759887695,attack,yes
5128,0,0,0.32082130082460697,-1.6168535947799683,-0.8668535947799683,attack,no
5129,0,1,0.8807970904940926,-0.6048358678817749,-2.6048359870910645,attack,yes
5130,0,0,0.06754669864792355,-3.377664566040039,-0.7526646852493286,attack,no
5131,0,1,0.6513548646660542,-0.9770574569702148,-1.6020574569702148,attack,yes
5132,0,0,0.18242552380635632,-2.1021478176116943,-0.6021478176116943,attack,no
5133,0,1,0.5312093733737563,-1.272922396659851,-1.397922396659851,attack,Yes
5134,0,1,0.7057850154599563,-0.8037198185920715,-1.6787197589874268,attack,yes
5135,0,0,0.06008664344151498,-3.25883150100708,-0.5088313817977905,attack,no
5136,0,0,0.32082130082460697,-1.7850115299224854,-1.0350115299224854,attack,no
5137,0,0,0.3775406547908327,-1.1353709697723389,-0.6353709101676941,attack,no
5138,0,0,0.053403329799824234,-3.4129798412323,-0.5379798412322998,attack,no
5139,0,1,0.6224593312018546,-0.8796567916870117,-1.3796567916870117,attack,yes
5140,0,0,0.34864513533394575,-1.3614940643310547,-0.7364940643310547,attack,no
5141,0,1,0.8933094060543487,-0.5928800106048584,-2.7178800106048584,attack,yes
5142,0,0,0.1066905825840872,-2.6520581245422363,-0.5270580053329468,attack,no
5143,0,1,0.7310585903489892,-0.8981632590293884,-1.8981633186340332,attack,Yes
5144,0,0,0.0758581737534831,-2.9509263038635254,-0.4509262144565582,attack,no
5145,0,0,0.01590639357784294,-4.35012149810791,-0.2251216173171997,attack,no
5146,0,1,0.7057850278370112,-0.971032977104187,-1.846032977104187,attack,yes
5147,0,1,0.6513548782017746,-0.8252868056297302,-1.450286865234375,attack,yes
5148,0,0,0.09534945975773548,-2.877870559692383,-0.627870500087738,attack,no
5149,0,0,0.08509904964767095,-3.0924124717712402,-0.717412531375885,attack,no
5150,0,0,0.04208772791561884,-3.795785665512085,-0.670785665512085,attack,No
5151,0,0,0.24508501864634827,-1.6174728870391846,-0.49247291684150696,attack,no
5152,0,1,0.9465966762263737,-0.34286391735076904,-3.2178640365600586,attack,yes
5153,0,1,0.8807970842359877,-0.5567576289176941,-2.556757688522339,attack,yes
5154,0,0,0.01406362415060583,-4.585841178894043,-0.33584097027778625,attack,no
5155,0,0,0.46879062662624377,-1.3726080656051636,-1.2476080656051636,attack,no
5156,0,0,0.037326887344129464,-3.8146729469299316,-0.5646729469299316,attack,no
5157,0,0,0.14804720179063335,-2.1955652236938477,-0.44556525349617004,attack,no
5158,0,1,0.9046505325302034,-0.49567726254463196,-2.7456772327423096,attack,yes
5159,0,0,0.07585817584273653,-2.9137625694274902,-0.41376250982284546,attack,no
5160,0,1,0.9465966732132748,-0.41124385595321655,-3.2862439155578613,attack,yes
5161,0,0,0.22270012850745968,-1.986790418624878,-0.7367903590202332,attack,no
5162,0,0,0.2942149597859341,-1.6516163349151611,-0.7766162753105164,attack,no
5163,0,0,0.18242552380635632,-1.8590527772903442,-0.35905277729034424,attack,no
5164,0,0,0.24508501313237172,-2.005709409713745,-0.8807094097137451,attack,no
5165,0,0,0.4073334000459302,-1.475795030593872,-1.100795030593872,attack,no
5166,0,0,0.22270013882530884,-1.9865399599075317,-0.7365399599075317,attack,no
5167,0,1,0.6224593312018546,-0.8814452886581421,-1.381445288658142,attack,yes
5168,0,1,0.8933094174159129,-0.5084327459335327,-2.6334328651428223,attack,yes
5169,0,1,0.5926665855647394,-0.9008796811103821,-1.2758796215057373,attack,yes
5170,0,0,0.010986941982915435,-4.989065647125244,-0.48906558752059937,attack,no
5171,0,0,0.32082130082460697,-1.6953742504119873,-0.9453742504119873,attack,no
5172,0,0,0.40733341443526055,-1.12813401222229,-0.7531340718269348,attack,no
5173,0,1,0.9324533107374443,-0.4259955585002899,-3.0509955883026123,attack,yes
5174,0,0,0.0758581737534831,-2.9149742126464844,-0.4149741232395172,attack,no
5175,0,0,0.1824255415859996,-2.273531436920166,-0.7735315561294556,attack,no
5176,0,0,0.4378234991142019,-1.3282697200775146,-1.0782697200775146,attack,no
5177,0,0,0.4378234991142019,-1.349522590637207,-1.099522590637207,attack,No
5178,0,1,0.952574129515172,-0.44222205877304077,-3.4422221183776855,attack,yes
5179,0,0,0.07585817793199003,-2.880650520324707,-0.38065049052238464,attack,no
5180,0,0,0.29421497216298875,-1.8316582441329956,-0.9566582441329956,attack,no
5181,0,1,0.7981867873410141,-0.53876131772995,-1.9137613773345947,attack,yes
5182,0,1,0.6791786861878392,-0.8399048447608948,-1.58990478515625,attack,yes
5183,0,0,0.04742587452393617,-3.4524457454681396,-0.45244577527046204,attack,no
5184,0,0,0.060086646807761206,-3.300171136856079,-0.5501710772514343,attack,no
5185,0,1,0.6791786861878392,-0.8108380436897278,-1.560837984085083,attack,yes
5186,0,0,0.46879062662624377,-1.294612169265747,-1.169612169265747,attack,no
5187,0,1,0.9669140187510509,-0.3195424973964691,-3.694542407989502,attack,yes
5188,0,0,0.03308597934211908,-3.810307741165161,-0.4353077709674835,attack,no
5189,0,1,0.7310585903489892,-0.6881360411643982,-1.688136100769043,attack,yes
5190,0,0,0.04742587452393617,-3.41593599319458,-0.41593602299690247,attack,no
5191,0,0,0.1645164628965632,-2.425518035888672,-0.8005180358886719,attack,no
5192,0,0,0.3775406547908327,-1.358675479888916,-0.8586754202842712,attack,no
5193,0,0,0.1480472055495773,-2.41654372215271,-0.6665437817573547,attack,no
5194,0,1,0.5621765008857981,-0.9247348308563232,-1.1747348308563232,attack,yes
5195,0,1,0.8670357598021706,-0.4951479434967041,-2.370147943496704,attack,yes
5196,0,0,0.1824255415859996,-2.02670955657959,-0.5267096757888794,attack,no
5197,0,0,0.4073334000459302,-1.5020592212677002,-1.1270592212677002,attack,no
5198,0,1,0.924141817889503,-0.47614577412605286,-2.9761457443237305,attack,yes
5199,0,1,0.6513548646660542,-0.9262689352035522,-1.5512689352035522,attack,yes
5200,0,0,0.01243164938964095,-4.964599609375,-0.5895994901657104,attack,no
5201,0,1,0.5926665999540697,-0.7883762121200562,-1.1633762121200562,attack,yes
5202,0,1,0.8354835371034369,-0.521125316619873,-2.146125316619873,attack,yes
5203,0,0,0.004070137595090279,-5.7587199211120605,-0.25871989130973816,attack,no
5204,0,0,0.1192029188930649,-2.40067195892334,-0.40067192912101746,attack,no
5205,0,0,0.37754066879814546,-1.2704153060913086,-0.7704153060913086,attack,no
5206,0,0,0.05340333130637379,-3.1247916221618652,-0.24979165196418762,attack,no
5207,0,1,0.8670357598021706,-0.6716594696044922,-2.546659469604492,attack,yes
5208,0,1,0.679178699175393,-0.6494061946868896,-1.3994061946868896,attack,yes
5209,0,0,0.4073333856566001,-1.1549620628356934,-0.7799620032310486,attack,no
5210,0,1,0.5621765008857981,-1.0980089902877808,-1.3480089902877808,attack,yes
5211,0,0,0.008577484653403024,-4.9891157150268555,-0.2391156256198883,attack,no
5212,0,0,0.1066905854244781,-2.5148983001708984,-0.3898982107639313,attack,no
5213,0,0,0.0373268852023206,-3.8171064853668213,-0.5671064257621765,attack,no
5214,0,1,0.6513548646660542,-0.9778598546981812,-1.6028598546981812,attack,yes
5215,0,0,0.4073334000459302,-1.4763132333755493,-1.1013132333755493,attack,no
5216,0,1,0.6791786861878392,-0.7121506333351135,-1.4621505737304688,attack,yes
5217,0,1,0.7981867729389246,-0.42787840962409973,-1.8028783798217773,attack,yes
5218,0,0,0.46879062662624377,-1.1990102529525757,-1.0740102529525757,attack,no
5219,0,1,0.9241418241572634,-0.4757527709007263,-2.975752830505371,attack,yes
5220,0,0,0.2942149845400438,-1.84763765335083,-0.9726377129554749,attack,no
5221,0,0,0.46879062662624377,-1.3968030214309692,-1.2718030214309692,attack,no
5222,0,0,0.14804719051380197,-2.5263845920562744,-0.7763845324516296,attack,no
5223,0,0,0.007577241604023266,-4.998458385467529,-0.12345843017101288,attack,no
5224,0,0,0.11920290950590741,-2.669292449951172,-0.6692923307418823,attack,no
5225,0,0,0.02595736021183377,-4.089132785797119,-0.4641329050064087,attack,no
5226,0,0,0.002472622936111669,-6.285682201385498,-0.2856821119785309,attack,no
5227,0,0,0.4073334000459302,-1.2878949642181396,-0.9128949642181396,attack,no
5228,0,0,0.2689414213699951,-1.6782556772232056,-0.6782556772232056,attack,no
5229,0,1,0.9525741268224334,-0.5276873111724854,-3.5276873111724854,attack,yes
5230,0,1,0.7057850278370112,-0.7217491865158081,-1.596749186515808,attack,yes
5231,0,1,0.8354835289107309,-0.5714612603187561,-2.1964612007141113,attack,yes
5232,0,0,0.11920291576401235,-2.707932710647583,-0.7079326510429382,attack,no
5233,0,1,0.9324533088603709,-0.5089111328125,-3.1339111328125,attack,yes
5234,0,0,0.16451646699291617,-2.0932064056396484,-0.4682064354419708,attack,no
5235,0,0,0.11920291576401235,-2.6617319583892822,-0.6617318987846375,attack,no
5236,0,0,0.11920293453832885,-2.510946750640869,-0.5109468698501587,attack,no
5237,0,1,0.6224593452091672,-0.7943198084831238,-1.2943198680877686,attack,yes
5238,0,1,0.8807970779778823,-0.5199432373046875,-2.5199432373046875,attack,yes
5239,0,1,0.7549149868676283,-0.7998596429824829,-1.924859642982483,attack,yes
5240,0,0,0.2689414096510108,-1.7112741470336914,-0.7112740874290466,attack,no
5241,0,1,0.6791787121629466,-0.9525963664054871,-1.7025964260101318,attack,yes
5242,0,1,0.8354835330070839,-0.4104304611682892,-2.035430431365967,attack,yes
5243,0,0,0.22270013882530884,-1.9277312755584717,-0.6777312755584717,attack,no
5244,0,0,0.32082130082460697,-1.5303293466567993,-0.7803293466567993,attack,no
5245,0,1,0.9241418137109955,-0.39443597197532654,-2.8944358825683594,attack,yes
5246,0,0,0.18242551936144574,-1.8777296543121338,-0.3777296245098114,attack,no
5247,0,1,0.6224593312018546,-0.8290328979492188,-1.3290328979492188,attack,yes
5248,0,0,0.4378234991142019,-1.2043468952178955,-0.9543468952178955,attack,no
5249,0,0,0.00857748566714832,-5.0773420333862305,-0.32734206318855286,attack,no
5250,0,1,0.6791786861878392,-0.9532633423805237,-1.703263282775879,attack,yes
5251,0,1,0.6513548511303336,-0.826273500919342,-1.4512734413146973,attack,yes
5252,0,0,0.07585818002124356,-3.0763158798217773,-0.5763158798217773,attack,no
5253,0,1,0.867035752930664,-0.4609585404396057,-2.335958480834961,attack,yes
5254,0,0,0.4378234991142019,-1.4098680019378662,-1.1598680019378662,attack,no
5255,0,1,0.6224593312018546,-0.9225430488586426,-1.4225430488586426,attack,yes
5256,0,1,0.9669140254249554,-0.3532017469406128,-3.7282018661499023,attack,yes
5257,0,0,0.20181324146316565,-2.200808525085449,-0.8258086442947388,attack,No
5258,0,1,0.9241418220680101,-0.4348151385784149,-2.9348151683807373,attack,yes
5259,0,0,0.2689414330889798,-1.6102654933929443,-0.6102655529975891,attack,no
5260,0,0,0.2942149597859341,-1.786543607711792,-0.9115435481071472,attack,no
5261,0,1,0.679178699175393,-0.49949467182159424,-1.2494946718215942,attack,yes
5262,0,0,0.07585817584273653,-2.78080677986145,-0.2808067202568054,attack,no
5263,0,0,0.0953494648991095,-2.929990530014038,-0.6799905300140381,attack,no
5264,0,1,0.8175744673038221,-0.5866642594337463,-2.0866641998291016,attack,yes
5265,0,0,0.3208213138121609,-1.5955560207366943,-0.8455560803413391,attack,no
5266,0,0,0.37754066879814546,-1.578172206878662,-1.078172206878662,attack,no
5267,0,0,0.4378234991142019,-1.3298770189285278,-1.0798770189285278,attack,no
5268,0,0,0.37754066879814546,-1.3591982126235962,-0.8591982126235962,attack,no
5269,0,0,0.22270013882530884,-1.899195909500122,-0.6491959095001221,attack,no
5270,0,0,0.18242550602671442,-2.2253365516662598,-0.7253364324569702,attack,no
5271,0,1,0.6224593312018546,-0.9245506525039673,-1.4245506525039673,attack,yes
5272,0,0,0.029312227359491745,-3.7662272453308105,-0.266227126121521,attack,no
5273,0,0,0.16451645470385742,-2.213148355484009,-0.588148295879364,attack,no
5274,0,0,0.4378234991142019,-1.2432506084442139,-0.9932506084442139,attack,no
5275,0,0,0.18242550602671442,-2.053065299987793,-0.5530651807785034,attack,no
5276,0,0,0.03308597934211908,-3.8104519844055176,-0.43545201420783997,attack,no
5277,0,1,0.5926665855647394,-0.8087666630744934,-1.1837666034698486,attack,yes
5278,0,0,0.060086656906500974,-3.4945545196533203,-0.7445546388626099,attack,no
5279,0,1,0.6513548511303336,-0.7275496125221252,-1.3525495529174805,attack,yes
5280,0,0,0.07585818419975078,-2.919844627380371,-0.41984468698501587,attack,no
5281,0,1,0.5312093733737563,-0.9454967975616455,-1.0704967975616455,attack,yes
5282,0,0,0.46879062662624377,-1.1180535554885864,-0.9930535554885864,attack,no
5283,0,0,0.04742586913845881,-3.290126085281372,-0.2901259958744049,attack,no
5284,0,1,0.9465966732132748,-0.37578529119491577,-3.2507853507995605,attack,yes
5285,0,0,0.13296423676207594,-2.2047488689422607,-0.32974883913993835,attack,no
5286,0,0,0.37754066879814546,-1.543522596359253,-1.043522596359253,attack,no
5287,0,1,0.5926665999540697,-0.9692907333374023,-1.3442907333374023,attack,yes
5288,0,1,0.7772998611746911,-0.6069122552871704,-1.8569122552871704,attack,yes
5289,0,0,0.02595735569077852,-3.9425835609436035,-0.31758350133895874,attack,no
5290,0,1,0.9465966686936261,-0.2852480709552765,-3.160248041152954,attack,yes
5291,0,0,0.29421497216298875,-1.4786312580108643,-0.6036312580108643,attack,no
5292,0,0,0.007577240595535943,-5.273766040802002,-0.3987659513950348,attack,no
5293,0,0,0.07585817584273653,-3.0710790157318115,-0.5710789561271667,attack,no
5294,0,1,0.867035752930664,-0.4902530312538147,-2.36525297164917,attack,yes
5295,0,1,0.924141817889503,-0.4030933678150177,-2.9030933380126953,attack,yes
5296,0,1,0.679178699175393,-0.8868676424026489,-1.636867642402649,attack,yes
5297,0,0,0.033085978388704126,-3.670667886734009,-0.2956678867340088,attack,no
5298,0,1,0.6513548511303336,-0.7778878808021545,-1.4028878211975098,attack,yes
5299,0,0,0.02033235452992065,-4.528257369995117,-0.653257429599762,attack,no
5300,0,1,0.679178699175393,-0.7676604986190796,-1.5176604986190796,attack,yes
5301,0,1,0.9046505453836383,-0.5338648557662964,-2.783864974975586,attack,yes
5302,0,0,0.5,-0.8404620885848999,-0.8404620885848999,attack,no
5303,0,1,0.5926665999540697,-0.8517756462097168,-1.2267756462097168,attack,yes
5304,0,0,0.4073334000459302,-1.4225845336914062,-1.0475845336914062,attack,no
5305,0,0,0.5,-1.2066650390625,-1.2066650390625,attack,no
5306,0,0,0.037326888415033926,-3.6522860527038574,-0.4022860825061798,attack,no
5307,0,0,0.029312230751356316,-3.793269157409668,-0.29326915740966797,attack,no
5308,0,1,0.5312093733737563,-1.0014241933822632,-1.1264241933822632,attack,yes
5309,0,1,0.5621765008857981,-0.7231650948524475,-0.9731650948524475,attack,yes
5310,0,1,0.835483553488848,-0.5277308225631714,-2.152730941772461,attack,yes
5311,0,0,0.46879062662624377,-1.1345998048782349,-1.0095998048782349,attack,no
5312,0,0,0.04208772431105632,-3.4642484188079834,-0.33924832940101624,attack,no
5313,0,1,0.7981867777396212,-0.6027736663818359,-1.977773666381836,attack,yes
5314,0,0,0.2689414213699951,-1.5240803956985474,-0.5240803956985474,attack,no
5315,0,0,0.07585818002124356,-3.201303720474243,-0.7013037204742432,attack,No
5316,0,0,0.042087723109535534,-3.652371883392334,-0.5273717641830444,attack,no
5317,0,0,0.07585817479810981,-2.7264974117279053,-0.2264973372220993,attack,no
5318,0,0,0.5,-1.095820426940918,-1.095820426940918,attack,no
5319,0,1,0.939913356558485,-0.4570378065109253,-3.207037925720215,attack,yes
5320,0,0,0.5,-0.9336540102958679,-0.9336540102958679,attack,no
5321,0,0,0.5,-1.3119630813598633,-1.3119630813598633,attack,no
5322,0,0,0.29421497216298875,-1.6775763034820557,-0.8025763034820557,attack,no
5323,0,1,0.679178699175393,-0.6576168537139893,-1.4076168537139893,attack,yes
5324,0,0,0.042087725512577126,-3.696878671646118,-0.5718786120414734,attack,no
5325,0,0,0.10669059394565118,-2.580662250518799,-0.45566225051879883,attack,no
5326,0,1,0.8175744584140004,-0.5492774248123169,-2.0492773056030273,attack,yes
5327,0,0,0.08509904732734556,-2.686957359313965,-0.31195738911628723,attack,no
5328,0,0,0.017986212067650338,-4.2511515617370605,-0.2511516809463501,attack,no
5329,0,0,0.02297736991002561,-4.097208023071289,-0.34720802307128906,attack,no
5330,0,0,0.29421497216298875,-1.744992971420288,-0.8699929714202881,attack,no
5331,0,1,0.8670357598021706,-0.833672285079956,-2.708672285079956,attack,Yes
5332,0,1,0.9465966702001757,-0.3113436698913574,-3.1863436698913574,attack,yes
5333,0,1,0.7310585786300049,-0.5574084520339966,-1.5574084520339966,attack,yes
5334,0,0,0.007577241491969114,-5.200793743133545,-0.3257937729358673,attack,no
5335,0,1,0.6513548782017746,-0.8268107771873474,-1.4518108367919922,attack,yes
5336,0,0,0.18242552380635632,-2.0743939876556396,-0.5743939876556396,attack,no
5337,0,1,0.8175744761936437,-0.7506041526794434,-2.2506041526794434,attack,Yes
5338,0,0,0.042087725512577126,-3.6502950191497803,-0.5252949595451355,attack,no
5339,0,1,0.754914975839675,-0.6567352414131165,-1.7817351818084717,attack,yes
5340,0,0,0.1480472055495773,-2.57304048538208,-0.8230405449867249,attack,no
5341,0,1,0.914900950352329,-0.4095671772956848,-2.78456711769104,attack,yes
5342,0,1,0.9525741322079105,-0.3682478666305542,-3.3682479858398438,attack,yes
5343,0,0,0.005911068856243796,-5.448209285736084,-0.323209285736084,attack,no
5344,0,1,0.7057850278370112,-0.9426518678665161,-1.8176518678665161,attack,yes
5345,0,0,0.005911067893071419,-5.31392240524292,-0.1889222413301468,attack,no
5346,0,0,0.06008665017400762,-3.2239737510681152,-0.47397375106811523,attack,no
5347,0,0,0.029312233295254994,-3.8553740978240967,-0.35537418723106384,attack,no
5348,0,1,0.9399133531922388,-0.5008880496025085,-3.2508881092071533,attack,yes
5349,0,0,0.029312230751356316,-3.8526265621185303,-0.3526265621185303,attack,no
5350,0,1,0.8519527944504226,-0.5127018094062805,-2.2627017498016357,attack,yes
5351,0,1,0.5621765008857981,-1.1319257020950317,-1.3819257020950317,attack,yes
5352,0,0,0.04208773272170267,-3.6970510482788086,-0.5720511674880981,attack,no
5353,0,0,0.022977371917159397,-4.0960893630981445,-0.3460894525051117,attack,no
5354,0,1,0.9241418220680101,-0.3981029689311981,-2.8981029987335205,attack,yes
5355,0,0,0.008577485413711986,-5.19114351272583,-0.4411435127258301,attack,no
5356,0,1,0.6224593312018546,-0.8293614387512207,-1.3293614387512207,attack,yes
5357,0,1,0.6791786861878392,-0.7320480942726135,-1.4820480346679688,attack,yes
5358,0,0,0.20181320305759334,-2.034843921661377,-0.6598438024520874,attack,no
5359,0,0,0.2942149845400438,-1.6129062175750732,-0.737906277179718,attack,no
5360,0,1,0.9324533126145177,-0.467784583568573,-3.0927846431732178,attack,yes
5361,0,0,0.02033235452992065,-4.474032878875732,-0.5990329384803772,attack,no
5362,0,0,0.07585818002124356,-3.1058497428894043,-0.6058497428894043,attack,no
5363,0,1,0.957912274487423,-0.3648330569267273,-3.489833116531372,attack,yes
5364,0,1,0.8519528132451416,-0.4476753771305084,-2.1976754665374756,attack,yes
5365,0,0,0.09534947004048376,-2.7758171558380127,-0.5258172154426575,attack,no
5366,0,1,0.9241418137109955,-0.3356681764125824,-2.8356680870056152,attack,yes
5367,0,1,0.5312093882168609,-0.9138633608818054,-1.0388634204864502,attack,yes
5368,0,1,0.7981867777396212,-0.6103999614715576,-1.9853999614715576,attack,yes
5369,0,0,0.06008664344151498,-3.2634949684143066,-0.5134948492050171,attack,no
5370,0,0,0.34864513533394575,-1.455379605293274,-0.8303796052932739,attack,no
5371,0,1,0.8807970842359877,-0.7151443362236023,-2.715144395828247,attack,yes
5372,0,1,0.8933093946927838,-0.551211953163147,-2.6762118339538574,attack,yes
5373,0,1,0.5621765008857981,-1.0498939752578735,-1.2998939752578735,attack,yes
5374,0,1,0.7772998714925403,-0.6769055724143982,-1.926905632019043,attack,yes
5375,0,1,0.7772998611746911,-0.7210081815719604,-1.9710081815719604,attack,yes
5376,0,0,0.2942149845400438,-1.8060832023620605,-0.9310832619667053,attack,no
5377,0,1,0.5926665999540697,-0.8757753372192383,-1.2507753372192383,attack,yes
5378,0,1,0.679178699175393,-0.8406925201416016,-1.5906925201416016,attack,yes
5379,0,0,0.18242553269617778,-2.1205286979675293,-0.6205287575721741,attack,no
5380,0,0,0.10669058826486906,-2.751351833343506,-0.6263517737388611,attack,No
5381,0,0,0.18242552380635632,-2.015721082687378,-0.5157210826873779,attack,no
5382,0,0,0.04742587856304458,-3.5378055572509766,-0.5378056764602661,attack,no
5383,0,0,0.025957358704815272,-4.0905537605285645,-0.46555382013320923,attack,no
5384,0,1,0.8354835207180245,-0.49238884449005127,-2.1173887252807617,attack,yes
5385,0,1,0.893309411735131,-0.5086154341697693,-2.633615493774414,attack,yes
5386,0,0,0.2689414213699951,-1.6375077962875366,-0.6375077962875366,attack,no
5387,0,1,0.6791787121629466,-0.6562020182609558,-1.4062020778656006,attack,yes
5388,0,1,0.5621765008857981,-1.0197653770446777,-1.2697653770446777,attack,yes
5389,0,0,0.1329642436335826,-2.227092742919922,-0.35209277272224426,attack,no
5390,0,1,0.5621765155565327,-0.924717366695404,-1.1747174263000488,attack,yes
5391,0,1,0.6224593312018546,-1.1132597923278809,-1.6132597923278809,attack,Yes
5392,0,0,0.01798621154126062,-4.25248384475708,-0.25248393416404724,attack,no
5393,0,1,0.9465966717067252,-0.37523719668388367,-3.250237226486206,attack,yes
5394,0,0,0.32082130082460697,-1.6421573162078857,-0.8921573162078857,attack,no
5395,0,1,0.7310585903489892,-0.6421696543693542,-1.642169713973999,attack,yes
5396,0,0,0.08509904964767095,-2.667346239089966,-0.2923462986946106,attack,no
5397,0,0,0.3775406828054583,-1.4698736667633057,-0.9698737263679504,attack,no
5398,0,0,0.3775406828054583,-1.146759033203125,-0.6467590928077698,attack,no
5399,0,0,0.10669058826486906,-2.657691478729248,-0.5326914191246033,attack,no
5400,0,0,0.4378234991142019,-1.1612945795059204,-0.9112945795059204,attack,no
5401,0,1,0.9241418241572634,-0.28607434034347534,-2.78607439994812,attack,yes
5402,0,0,0.32082130082460697,-1.35586678981781,-0.6058667898178101,attack,no
5403,0,1,0.9626731169394882,-0.3261517286300659,-3.5761518478393555,attack,yes
5404,0,0,0.40733341443526055,-1.2680590152740479,-0.8930590748786926,attack,no
5405,0,0,0.29421497216298875,-1.774163007736206,-0.899163007736206,attack,no
5406,0,0,0.29421497216298875,-1.7243894338607788,-0.8493894338607788,attack,no
5407,0,0,0.0373268852023206,-3.7718868255615234,-0.5218867659568787,attack,no
5408,0,0,0.05340333130637379,-3.2973906993865967,-0.42239072918891907,attack,no
5409,0,0,0.4073334000459302,-1.1657387018203735,-0.7907387018203735,attack,no
5410,0,0,0.03308597648187432,-3.8480935096740723,-0.4730934500694275,attack,no
5411,0,0,0.3208213138121609,-1.5513532161712646,-0.8013532757759094,attack,no
5412,0,0,0.20181321265898594,-1.9196867942810059,-0.5446867346763611,attack,no
5413,0,1,0.7057850278370112,-0.6282141208648682,-1.5032141208648682,attack,yes
5414,0,0,0.3208212878370535,-1.6398694515228271,-0.8898693919181824,attack,no
5415,0,1,0.914900945711678,-0.40927326679229736,-2.784273147583008,attack,yes
5416,0,0,0.22270011818961086,-2.072652816772461,-0.8226526975631714,attack,no
5417,0,1,0.8670357598021706,-0.7242352962493896,-2.5992352962493896,attack,Yes
5418,0,1,0.5621765008857981,-0.9628403186798096,-1.2128403186798096,attack,yes
5419,0,1,0.7549149868676283,-0.5933305025100708,-1.7183305025100708,attack,yes
5420,0,1,0.7310585786300049,-0.6244434118270874,-1.6244434118270874,attack,yes
5421,0,0,0.1329642436335826,-2.278712749481201,-0.40371277928352356,attack,no
5422,0,1,0.9626731126558706,-0.3584251403808594,-3.6084251403808594,attack,yes
5423,0,1,0.9770226327661524,-0.30909955501556396,-4.0590996742248535,attack,yes
5424,0,0,0.29421497216298875,-1.845813512802124,-0.970813512802124,attack,no
5425,0,1,0.7772998508568416,-0.760287344455719,-2.010287284851074,attack,yes
5426,0,0,0.03308597552845946,-3.8515100479125977,-0.4765099585056305,attack,no
5427,0,0,0.11920292828022305,-2.4144718647003174,-0.41447192430496216,attack,no
5428,0,0,0.029312230751356316,-4.107744216918945,-0.6077442169189453,attack,no
5429,0,1,0.754914997895581,-0.7521738409996033,-1.877173900604248,attack,yes
5430,0,0,0.06754668926255561,-2.9990174770355225,-0.3740174472332001,attack,no
5431,0,1,0.8519528170040853,-0.8511418104171753,-2.601141929626465,attack,Yes
5432,0,1,0.8354835207180245,-0.5714207887649536,-2.196420669555664,attack,yes
5433,0,0,0.22270012850745968,-1.8601605892181396,-0.6101605296134949,attack,no
5434,0,0,0.5,-1.177830457687378,-1.177830457687378,attack,no
5435,0,0,0.13296424706933604,-2.189483880996704,-0.3144839406013489,attack,no
5436,0,0,0.07585818002124356,-2.9565744400024414,-0.4565744400024414,attack,no
5437,0,0,0.0850990357257195,-2.8328914642333984,-0.4578913450241089,attack,no
5438,0,0,0.5,-1.2063673734664917,-1.2063673734664917,attack,no
5439,0,1,0.8354835452961425,-0.5768541693687439,-2.2018542289733887,attack,yes
5440,0,1,0.9626731147976793,-0.29350918531417847,-3.5435092449188232,attack,yes
5441,0,1,0.957912274487423,-0.3633221983909607,-3.4883222579956055,attack,yes
5442,0,1,0.9796676460637103,-0.30667832493782043,-4.181678295135498,attack,yes
5443,0,1,0.7310585903489892,-0.8067769408226013,-1.806777000427246,attack,yes
5444,0,1,0.8519527869325346,-0.7332335710525513,-2.4832334518432617,attack,yes
5445,0,0,0.02595736171885236,-4.0111613273620605,-0.3861615061759949,attack,no
5446,0,1,0.5621765008857981,-1.2154805660247803,-1.4654805660247803,attack,Yes
5447,0,0,0.07585818419975078,-3.2073636054992676,-0.7073636651039124,attack,no
5448,0,0,0.46879062662624377,-1.2468475103378296,-1.1218475103378296,attack,no
5449,0,0,0.4378234991142019,-1.059707522392273,-0.809707522392273,attack,no
5450,0,1,0.851952809486198,-0.6390148997306824,-2.389014959335327,attack,yes
5451,0,1,0.7057850154599563,-0.759538471698761,-1.6345384120941162,attack,yes
5452,0,0,0.40733341443526055,-1.073803424835205,-0.6988034844398499,attack,no
5453,0,0,0.16451644651115205,-2.470057487487793,-0.8450573682785034,attack,no
5454,0,1,0.9525741214369554,-0.3073183298110962,-3.3073182106018066,attack,yes
5455,0,1,0.754914975839675,-0.8507829308509827,-1.975782871246338,attack,yes
5456,0,0,0.11920290950590741,-2.669133186340332,-0.6691330671310425,attack,no
5457,0,0,0.0953494648991095,-2.9269251823425293,-0.6769251823425293,attack,no
5458,0,1,0.8354835289107309,-0.5716894268989563,-2.1966893672943115,attack,yes
5459,0,1,0.8933093946927838,-0.5038372278213501,-2.6288371086120605,attack,yes
5460,0,0,0.01798620785653302,-4.413858890533447,-0.4138587713241577,attack,no
5461,0,0,0.006692852311177695,-5.483095645904541,-0.48309585452079773,attack,no
5462,0,0,0.46879062662624377,-1.0098453760147095,-0.8848453760147095,attack,no
5463,0,0,0.1066905854244781,-2.356685161590576,-0.231685072183609,attack,no
5464,0,0,0.46879062662624377,-1.218742847442627,-1.093742847442627,attack,no
5465,0,0,0.01590639427760358,-4.326932907104492,-0.20193307101726532,attack,no
5466,0,0,0.1066905825840872,-2.7431416511535645,-0.6181415319442749,attack,no
5467,0,0,0.11920291263495983,-2.473240613937378,-0.47324052453041077,attack,no
5468,0,0,0.2942149845400438,-1.5237534046173096,-0.6487534642219543,attack,no
5469,0,0,0.2689414330889798,-1.891685962677002,-0.8916860222816467,attack,no
5470,0,1,0.8933093946927838,-0.513187050819397,-2.6381869316101074,attack,yes
5471,0,1,0.5926665999540697,-1.016103744506836,-1.391103744506836,attack,yes
5472,0,0,0.5,-1.002232313156128,-1.002232313156128,attack,no
5473,0,1,0.7057850278370112,-0.7201453447341919,-1.595145344734192,attack,yes
5474,0,1,0.9399133498259924,-0.545536994934082,-3.295536994934082,attack,yes
5475,0,0,0.5,-1.1408936977386475,-1.1408936977386475,attack,no
5476,0,0,0.07585818628900447,-2.914696455001831,-0.4146965444087982,attack,no
5477,0,0,0.02033235096813516,-4.1277337074279785,-0.25273358821868896,attack,no
5478,0,1,0.9324533069832973,-0.46265915036201477,-3.0876591205596924,attack,yes
5479,0,0,0.22270013882530884,-1.9279310703277588,-0.6779310703277588,attack,no
5480,0,1,0.9465966717067252,-0.34316202998161316,-3.2181620597839355,attack,yes
5481,0,0,0.40733341443526055,-1.2684803009033203,-0.8934803605079651,attack,no
5482,0,0,0.11920291263495983,-2.4144628047943115,-0.41446271538734436,attack,no
5483,0,0,0.37754066879814546,-1.4447818994522095,-0.9447818994522095,attack,no
5484,0,0,0.4073334000459302,-1.3491716384887695,-0.9741716384887695,attack,no
5485,0,0,0.29421497216298875,-1.5941791534423828,-0.7191791534423828,attack,no
5486,0,1,0.8354835207180245,-0.5663748979568481,-2.1913747787475586,attack,yes
5487,0,0,0.09534947004048376,-2.845113515853882,-0.5951135754585266,attack,no
5488,0,1,0.8933094003735664,-0.5044880509376526,-2.629487991333008,attack,yes
5489,0,1,0.5621765008857981,-1.0496931076049805,-1.2996931076049805,attack,yes
5490,0,0,0.32082130082460697,-1.75852632522583,-1.00852632522583,attack,no
5491,0,0,0.025957354183760273,-4.178644180297852,-0.553644061088562,attack,no
5492,0,1,0.7772998611746911,-0.6297951936721802,-1.8797951936721802,attack,yes
5493,0,0,0.13296424706933604,-2.3756697177886963,-0.5006697773933411,attack,no
5494,0,1,0.5312093733737563,-0.8737390637397766,-0.9987390637397766,attack,yes
5495,0,1,0.7549149868676283,-0.629418134689331,-1.754418134689331,attack,yes
5496,0,0,0.4073334000459302,-1.2158088684082031,-0.8408088684082031,attack,no
5497,0,0,0.29421497216298875,-1.8326897621154785,-0.9576897621154785,attack,no
5498,0,1,0.9324533107374443,-0.32936832308769226,-2.9543683528900146,attack,yes
5499,0,0,0.4073333856566001,-1.2496962547302246,-0.8746961951255798,attack,no
5500,0,0,0.1480472055495773,-2.332418918609619,-0.5824189782142639,attack,no
5501,0,0,0.1480472055495773,-2.5842788219451904,-0.8342788815498352,attack,no
5502,0,0,0.24508502416032488,-1.8502476215362549,-0.7252476811408997,attack,no
5503,0,0,0.37754066879814546,-1.5796374082565308,-1.0796374082565308,attack,no
5504,0,0,0.10669060530721626,-2.7355079650878906,-0.6105080842971802,attack,no
5505,0,0,0.007577240371427665,-5.138622760772705,-0.2636226415634155,attack,no
5506,0,0,0.13296423676207594,-2.2856926918029785,-0.41069266200065613,attack,no
5507,0,1,0.7057850278370112,-0.8513206243515015,-1.7263206243515015,attack,yes
5508,0,0,0.11920292828022305,-2.596761465072632,-0.5967615246772766,attack,no
5509,0,0,0.0850990542883219,-2.909903049468994,-0.5349031686782837,attack,no
5510,0,0,0.22270013882530884,-1.8033779859542847,-0.5533779859542847,attack,no
5511,0,0,0.07585818419975078,-2.82211971282959,-0.3221197724342346,attack,no
5512,0,0,0.2689414213699951,-1.7622581720352173,-0.7622581720352173,attack,no
5513,0,0,0.10669058826486906,-2.7028884887695312,-0.5778884291648865,attack,No
5514,0,0,0.24508502416032488,-1.8228142261505127,-0.6978142857551575,attack,no
5515,0,1,0.8670357701094303,-0.4045771658420563,-2.2795772552490234,attack,yes
5516,0,0,0.20181323186177208,-1.8970863819122314,-0.5220864415168762,attack,no
5517,0,1,0.9465966732132748,-0.5380894541740417,-3.4130895137786865,attack,yes
5518,0,0,0.46879062662624377,-1.1171027421951294,-0.9921027421951294,attack,no
5519,0,1,0.679178699175393,-0.7207269668579102,-1.4707269668579102,attack,yes
5520,0,1,0.5926665999540697,-1.1191742420196533,-1.4941742420196533,attack,yes
5521,0,0,0.37754066879814546,-1.4924471378326416,-0.9924471378326416,attack,no
5522,0,0,0.5,-1.177338719367981,-1.177338719367981,attack,No
5523,0,0,0.11920291576401235,-2.587822437286377,-0.5878223776817322,attack,no
5524,0,0,0.13296425394084313,-2.6066508293151855,-0.7316509485244751,attack,no
5525,0,1,0.5621765008857981,-1.2155389785766602,-1.4655389785766602,attack,Yes
5526,0,0,0.02595736021183377,-4.131099700927734,-0.5060998201370239,attack,no
5527,0,0,0.20181322226037882,-1.8970532417297363,-0.5220532417297363,attack,no
5528,0,0,0.37754066879814546,-1.2272746562957764,-0.7272746562957764,attack,no
5529,0,0,0.4073334000459302,-1.3974015712738037,-1.0224015712738037,attack,no
5530,0,1,0.7772998508568416,-0.712696373462677,-1.9626963138580322,attack,yes
5531,0,1,0.5621764862150634,-0.9249008297920227,-1.174900770187378,attack,yes
5532,0,0,0.5,-0.9073331356048584,-0.9073331356048584,attack,no
5533,0,0,0.11920291576401235,-2.445359230041504,-0.44535917043685913,attack,no
5534,0,1,0.6791786861878392,-0.7702699303627014,-1.5202698707580566,attack,yes
5535,0,0,0.4378234991142019,-1.3045265674591064,-1.0545265674591064,attack,no
5536,0,0,0.18242551491653522,-2.131273031234741,-0.6312729716300964,attack,no
5537,0,1,0.9046505453836383,-0.5788754224777222,-2.8288755416870117,attack,yes
5538,0,1,0.8933094060543487,-0.5959489345550537,-2.7209489345550537,attack,yes
5539,0,0,0.3486451488696663,-1.3322105407714844,-0.7072106003761292,attack,no
5540,0,0,0.01243164829198241,-4.743100643157959,-0.36810043454170227,attack,no
5541,0,0,0.012431647926096252,-4.86475944519043,-0.4897592067718506,attack,no
5542,0,0,0.014063627043245474,-4.618227005004883,-0.3682270050048828,attack,no
5543,0,0,0.1480471980316895,-2.1070187091827393,-0.35701870918273926,attack,no
5544,0,0,0.16451645470385742,-2.3562748432159424,-0.7312747836112976,attack,No
5545,0,1,0.5312093733737563,-1.1309601068496704,-1.2559601068496704,attack,yes
5546,0,1,0.9626731094431571,-0.32445916533470154,-3.5744590759277344,attack,yes
5547,0,0,0.4378234991142019,-0.9842987656593323,-0.7342987656593323,attack,no
5548,0,0,0.0953494674697966,-2.7343661785125732,-0.48436620831489563,attack,no
5549,0,1,0.7981867777396212,-0.9234499931335449,-2.298449993133545,attack,Yes
5550,0,0,0.4073334000459302,-1.4810513257980347,-1.1060513257980347,attack,no
5551,0,1,0.9324533126145177,-0.39129966497421265,-3.0162997245788574,attack,yes
5552,0,1,0.6224593312018546,-0.8040646314620972,-1.3040646314620972,attack,yes
5553,0,0,0.017986212067650338,-4.413884162902832,-0.4138842821121216,attack,no
5554,0,1,0.9046505376715775,-0.4952382743358612,-2.7452383041381836,attack,yes
5555,0,1,0.6513548646660542,-0.9776802062988281,-1.6026802062988281,attack,yes
5556,0,1,0.867035752930664,-0.6212015748023987,-2.496201515197754,attack,yes
5557,0,1,0.7981867777396212,-0.8418145179748535,-2.2168145179748535,attack,yes
5558,0,0,0.10669059394565118,-2.6670784950256348,-0.5420784950256348,attack,no
5559,0,1,0.9149009549929797,-0.32085704803466797,-2.695857048034668,attack,yes
5560,0,0,0.2942149597859341,-1.5941932201385498,-0.719193160533905,attack,no
5561,0,0,0.20181321265898594,-1.9672200679779053,-0.5922200083732605,attack,no
5562,0,1,0.8519527869325346,-0.697205662727356,-2.4472055435180664,attack,yes
5563,0,1,0.5312093733737563,-1.0176197290420532,-1.1426197290420532,attack,yes
5564,0,0,0.2942149845400438,-1.769106388092041,-0.8941064476966858,attack,no
5565,0,0,0.2942149597859341,-1.5067133903503418,-0.631713330745697,attack,no
5566,0,1,0.9525741308615412,-0.3698963224887848,-3.369896411895752,attack,yes
5567,0,1,0.867035752930664,-0.45684677362442017,-2.3318467140197754,attack,yes
5568,0,0,0.22270014914315833,-1.9863202571868896,-0.7363203167915344,attack,no
5569,0,1,0.754914975839675,-0.8489809632301331,-1.9739809036254883,attack,yes
5570,0,0,0.020332349187242645,-4.1050801277160645,-0.23007991909980774,attack,no
5571,0,0,0.24508500210441886,-1.808180570602417,-0.6831805109977722,attack,no
5572,0,0,0.00970847848715727,-5.027248382568359,-0.4022485911846161,attack,no
5573,0,1,0.9626731094431571,-0.3586643636226654,-3.6086642742156982,attack,yes
5574,0,0,0.24508500210441886,-1.731947898864746,-0.6069478392601013,attack,no
5575,0,0,0.1480472055495773,-2.0504531860351562,-0.300453245639801,attack,no
5576,0,1,0.7549149868676283,-0.7159324884414673,-1.8409324884414673,attack,yes
5577,0,1,0.8670357666736773,-0.6230155825614929,-2.4980156421661377,attack,yes
5578,0,1,0.8933094174159129,-0.4366520643234253,-2.561652183532715,attack,yes
5579,0,1,0.5312093733737563,-0.8751622438430786,-1.0001622438430786,attack,yes
5580,0,0,0.46879061178313897,-1.083061695098877,-0.9580616354942322,attack,no
5581,0,0,0.37754066879814546,-1.4226572513580322,-0.9226572513580322,attack,no
5582,0,0,0.4378234991142019,-1.4352003335952759,-1.1852003335952759,attack,no
5583,0,0,0.20181322226037882,-2.080484390258789,-0.7054843902587891,attack,no
5584,0,1,0.7981867873410141,-0.7061173319816589,-2.0811173915863037,attack,yes
5585,0,1,0.9525741227833249,-0.40421804785728455,-3.4042179584503174,attack,yes
5586,0,1,0.8519527944504226,-0.7408409714698792,-2.4908409118652344,attack,yes
5587,0,1,0.7772998611746911,-0.5318480730056763,-1.7818480730056763,attack,yes
5588,0,0,0.37754066879814546,-1.3209829330444336,-0.8209829330444336,attack,no
5589,0,0,0.18242552380635632,-2.1029539108276367,-0.6029539108276367,attack,no
5590,0,0,0.05340332678672523,-3.560096502304077,-0.6850964426994324,attack,no
5591,0,1,0.9399133531922388,-0.4172183871269226,-3.1672184467315674,attack,yes
5592,0,1,0.7310585669110203,-0.7715471386909485,-1.7715470790863037,attack,yes
5593,0,0,0.2689414213699951,-1.761359453201294,-0.761359453201294,attack,no
5594,0,1,0.9046505402422645,-0.541961133480072,-2.791961193084717,attack,yes
5595,0,0,0.5,-1.0022157430648804,-1.0022157430648804,attack,no
5596,0,0,0.22270013882530884,-1.8733677864074707,-0.6233677864074707,attack,no
5597,0,1,0.7310585903489892,-0.6497353911399841,-1.649735450744629,attack,yes
5598,0,0,0.10669059394565118,-2.813319683074951,-0.6883196830749512,attack,no
5599,0,0,0.46879061178313897,-1.0085234642028809,-0.8835234045982361,attack,no
5600,0,0,0.005220125229279126,-5.539797306060791,-0.28979721665382385,attack,no
5601,0,1,0.7772998714925403,-0.6285280585289001,-1.878528118133545,attack,yes
5602,0,0,0.16451645470385742,-2.213554859161377,-0.5885547995567322,attack,no
5603,0,1,0.8670357701094303,-0.42814889550209045,-2.3031489849090576,attack,yes
5604,0,0,0.13296424706933604,-2.5189011096954346,-0.6439011693000793,attack,no
5605,0,0,0.06008664344151498,-3.0864105224609375,-0.33641040325164795,attack,no
5606,0,0,0.04742587317756679,-3.2887816429138184,-0.28878164291381836,attack,no
5607,0,0,0.20181320305759334,-2.172661304473877,-0.7976611852645874,attack,no
5608,0,1,0.9875683502444729,-0.26959457993507385,-4.644594669342041,attack,yes
5609,0,1,0.8519527944504226,-0.7401908040046692,-2.4901907444000244,attack,yes
5610,0,0,0.4073334000459302,-1.4744153022766113,-1.0994153022766113,attack,no
5611,0,0,0.4378234991142019,-1.2818858623504639,-1.0318858623504639,attack,no
5612,0,1,0.9241418158002492,-0.7159662842750549,-3.21596622467041,attack,yes
5613,0,0,0.37754066879814546,-1.6038038730621338,-1.1038038730621338,attack,no
5614,0,1,0.8807970842359877,-0.5182420611381531,-2.518242120742798,attack,yes
5615,0,0,0.4073334000459302,-1.5025134086608887,-1.1275134086608887,attack,no
5616,0,0,0.005911068856243796,-5.3861565589904785,-0.2611565589904785,attack,no
5617,0,1,0.6791786861878392,-0.9003868699073792,-1.6503868103027344,attack,yes
5618,0,0,0.34864513533394575,-1.6177138090133667,-0.9927138090133667,attack,no
5619,0,1,0.5621765008857981,-0.8214967250823975,-1.0714967250823975,attack,yes
5620,0,1,0.8933093946927838,-0.5464216470718384,-2.671421527862549,attack,yes
5621,0,0,0.22270013882530884,-1.7291141748428345,-0.4791141748428345,attack,no
5622,0,0,0.06754668738548215,-3.1482503414154053,-0.5232502818107605,attack,no
5623,0,0,0.042087725512577126,-3.6519417762756348,-0.52694171667099,attack,no
5624,0,0,0.16451647108926923,-2.3856847286224365,-0.7606847882270813,attack,no
5625,0,0,0.2689414213699951,-1.6795271635055542,-0.6795271635055542,attack,no
5626,0,0,0.3775406547908327,-1.4226064682006836,-0.9226064085960388,attack,no
5627,0,1,0.8354835452961425,-0.7077552676200867,-2.3327553272247314,attack,yes
5628,0,1,0.8519528057272543,-0.47964736819267273,-2.229647397994995,attack,yes
5629,0,0,0.18242551491653522,-2.19012713432312,-0.6901270747184753,attack,no
5630,0,0,0.1645164628965632,-2.2322452068328857,-0.6072452068328857,attack,no
5631,0,1,0.9465966686936261,-0.340688019990921,-3.2156879901885986,attack,yes
5632,0,0,0.24508501313237172,-1.9144847393035889,-0.7894847393035889,attack,no
5633,0,0,0.5,-1.1132597923278809,-1.1132597923278809,attack,no
5634,0,0,0.02297736991002561,-4.299172401428223,-0.5491724014282227,attack,no
5635,0,1,0.8519527944504226,-0.5143807530403137,-2.264380693435669,attack,yes
5636,0,1,0.914900945711678,-0.6799441576004028,-3.0549440383911133,attack,yes
5637,0,0,0.10669059962643358,-2.5802159309387207,-0.4552159905433655,attack,no
5638,0,0,0.24508501313237172,-1.7555232048034668,-0.6305232048034668,attack,no
5639,0,1,0.9324533088603709,-0.4664134979248047,-3.0914134979248047,attack,yes
5640,0,1,0.7057850278370112,-0.9569355249404907,-1.8319355249404907,attack,yes
5641,0,0,0.2689414330889798,-1.735907793045044,-0.7359078526496887,attack,no
5642,0,0,0.18242552380635632,-2.1899051666259766,-0.6899051666259766,attack,no
5643,0,1,0.5926665999540697,-0.8880230188369751,-1.263023018836975,attack,yes
5644,0,1,0.8807970654616711,-0.44051945209503174,-2.440519332885742,attack,yes
5645,0,0,0.16451645470385742,-2.269599437713623,-0.6445993781089783,attack,No
5646,0,1,0.9241418241572634,-0.33667510747909546,-2.8366751670837402,attack,yes
5647,0,0,0.46879062662624377,-1.0329618453979492,-0.9079618453979492,attack,no
5648,0,0,0.053403329799824234,-3.4177794456481934,-0.5427794456481934,attack,no
5649,0,0,0.37754066879814546,-1.3801994323730469,-0.8801994323730469,attack,no
5650,0,0,0.03308597552845946,-3.734184980392456,-0.3591848909854889,attack,no
5651,0,1,0.7310585903489892,-0.6876975893974304,-1.6876976490020752,attack,yes
5652,0,1,0.7772998508568416,-0.6680801510810852,-1.9180800914764404,attack,yes
5653,0,0,0.4378234991142019,-1.0049973726272583,-0.7549973726272583,attack,no
5654,0,1,0.8519527869325346,-0.6396313905715942,-2.3896312713623047,attack,yes
5655,0,1,0.8933094145755219,-0.4343225061893463,-2.5593225955963135,attack,yes
5656,0,0,0.04742587250438209,-3.1862523555755615,-0.18625234067440033,attack,no
5657,0,0,0.34864513533394575,-1.5928131341934204,-0.9678131341934204,attack,no
5658,0,0,0.20181322226037882,-2.167168617248535,-0.7921686172485352,attack,no
5659,0,1,0.8354835371034369,-0.7608382701873779,-2.385838270187378,attack,yes
5660,0,1,0.9046505299595163,-0.5375474095344543,-2.7875473499298096,attack,yes
5661,0,1,0.8807970904940926,-0.3813837766647339,-2.3813838958740234,attack,yes
5662,0,1,0.5312093733737563,-1.0417240858078003,-1.1667240858078003,attack,yes
5663,0,1,0.8354835452961425,-0.527782142162323,-2.1527822017669678,attack,yes
5664,0,1,0.5926665999540697,-1.0149304866790771,-1.3899304866790771,attack,yes
5665,0,0,0.32082130082460697,-1.6658523082733154,-0.9158523082733154,attack,no
5666,0,1,0.5621765008857981,-1.0653942823410034,-1.3153942823410034,attack,yes
5667,0,1,0.939913354875362,-0.46149054169654846,-3.2114906311035156,attack,yes
5668,0,0,0.5,-1.3122371435165405,-1.3122371435165405,attack,no
5669,0,0,0.24508502416032488,-1.822221279144287,-0.6972213387489319,attack,no
5670,0,0,0.07585818419975078,-2.859318256378174,-0.3593183159828186,attack,no
5671,0,1,0.8519527869325346,-0.5523825883865356,-2.302382469177246,attack,yes
5672,0,1,0.8175744761936437,-0.5561094284057617,-2.0561094284057617,attack,yes
5673,0,0,0.2689414272294874,-1.4397531747817993,-0.4397532045841217,attack,no
5674,0,0,0.029312233295254994,-3.819607973098755,-0.31960806250572205,attack,no
5675,0,1,0.9740426405416754,-0.419259637594223,-4.044259548187256,attack,yes
5676,0,1,0.7310585786300049,-0.8295173645019531,-1.8295173645019531,attack,yes
5677,0,0,0.05340332678672523,-3.199075222015381,-0.3240751624107361,attack,no
5678,0,1,0.8670357460591569,-0.6291347742080688,-2.5041346549987793,attack,yes
5679,0,1,0.5621764862150634,-0.8783336281776428,-1.128333568572998,attack,yes
5680,0,1,0.7772998714925403,-0.4252311587333679,-1.6752312183380127,attack,yes
5681,0,0,0.006692849735519792,-5.483743190765381,-0.48374301195144653,attack,no
5682,0,0,0.2018132270610754,-1.799154281616211,-0.4241543114185333,attack,no
5683,0,0,0.06008664344151498,-3.029204845428467,-0.27920472621917725,attack,no
5684,0,1,0.6513548646660542,-0.8094813823699951,-1.4344813823699951,attack,yes
5685,0,0,0.1645164628965632,-2.1267340183258057,-0.5017340183258057,attack,no
5686,0,0,0.37754066879814546,-1.2863394021987915,-0.7863394021987915,attack,no
5687,0,0,0.1329642333263228,-2.4372284412384033,-0.5622283816337585,attack,no
5688,0,0,0.4378234991142019,-1.308336853981018,-1.058336853981018,attack,no
5689,0,0,0.1824255415859996,-2.176206588745117,-0.6762067079544067,attack,no
5690,0,0,0.32082130082460697,-1.6422829627990723,-0.8922829627990723,attack,no
5691,0,0,0.5,-1.1862298250198364,-1.1862298250198364,attack,no
5692,0,1,0.8354835371034369,-0.5396783351898193,-2.1646783351898193,attack,yes
5693,0,0,0.13296424706933604,-2.4469072818756104,-0.5719073414802551,attack,no
5694,0,1,0.798186768138228,-0.4772217869758606,-1.8522217273712158,attack,yes
5695,0,1,0.8933093946927838,-0.7495714426040649,-2.8745713233947754,attack,Yes
5696,0,0,0.18242552380635632,-2.0382297039031982,-0.5382297039031982,attack,no
5697,0,1,0.7057850278370112,-0.5908644199371338,-1.4658644199371338,attack,yes
5698,0,1,0.6224593312018546,-0.808786153793335,-1.308786153793335,attack,yes
5699,0,1,0.754914975839675,-0.6514027714729309,-1.7764027118682861,attack,yes
5700,0,1,0.8519528057272543,-0.4411008059978485,-2.191100835800171,attack,yes
5701,0,0,0.06754668738548215,-3.2710678577423096,-0.6460677981376648,attack,no
5702,0,1,0.7549149868676283,-0.8004592657089233,-1.9254592657089233,attack,yes
5703,0,1,0.6791786861878392,-0.7390900254249573,-1.4890899658203125,attack,yes
5704,0,1,0.9241418116217418,-0.3655306100845337,-2.865530490875244,attack,yes
5705,0,1,0.7310585669110203,-0.6874304413795471,-1.6874303817749023,attack,yes
5706,0,0,0.2689414213699951,-1.9688239097595215,-0.9688239097595215,attack,no
5707,0,1,0.7057850278370112,-0.6835570335388184,-1.5585570335388184,attack,yes
5708,0,1,0.7310585669110203,-0.9965479969978333,-1.9965479373931885,attack,Yes
5709,0,1,0.7057850278370112,-0.6840893030166626,-1.5590893030166626,attack,yes
5710,0,0,0.24508501313237172,-1.711435317993164,-0.5864353179931641,attack,no
5711,0,0,0.11920293453832885,-2.510822296142578,-0.5108224153518677,attack,no
5712,0,1,0.5926665999540697,-1.0005428791046143,-1.3755428791046143,attack,yes
5713,0,0,0.22270012850745968,-1.9868545532226562,-0.7368544936180115,attack,no
5714,0,1,0.9241418262465169,-0.4338466227054596,-2.9338467121124268,attack,yes
5715,0,1,0.8519528019683106,-0.7897059917449951,-2.539705991744995,attack,yes
5716,0,0,0.2689414213699951,-1.5788086652755737,-0.5788086652755737,attack,no
5717,0,0,0.004609571905888793,-5.608193874359131,-0.23319381475448608,attack,no
5718,0,0,0.11920292202211755,-2.2920925617218018,-0.29209256172180176,attack,no
5719,0,1,0.5926666143433998,-0.723911702632904,-1.0989117622375488,attack,yes
5720,0,0,0.37754066879814546,-1.3051272630691528,-0.8051272630691528,attack,no
5721,0,0,0.003593603221697163,-6.018128395080566,-0.39312857389450073,attack,no
5722,0,0,0.04208773272170267,-3.326106548309326,-0.20110666751861572,attack,no
5723,0,1,0.8354835452961425,-0.5279952883720398,-2.1529953479766846,attack,yes
5724,0,1,0.9465966747198243,-0.4144202768802643,-3.2894203662872314,attack,yes
5725,0,1,0.6513548511303336,-0.9255993962287903,-1.5505993366241455,attack,yes
5726,0,0,0.11920292828022305,-2.743431568145752,-0.7434316277503967,attack,no
5727,0,1,0.8519527944504226,-0.5872333645820618,-2.337233304977417,attack,yes
5728,0,1,0.6224593452091672,-0.6475324034690857,-1.1475324630737305,attack,yes
5729,0,1,0.904650527388829,-0.46218904852867126,-2.712188959121704,attack,yes
5730,0,1,0.6224593312018546,-1.0735259056091309,-1.5735259056091309,attack,yes
5731,0,1,0.9465966702001757,-0.40902233123779297,-3.284022331237793,attack,yes
5732,0,1,0.679178699175393,-0.6567883491516113,-1.4067883491516113,attack,yes
5733,0,0,0.06754669489377622,-3.0244534015655518,-0.39945346117019653,attack,no
5734,0,0,0.13296424706933604,-2.3331570625305176,-0.45815712213516235,attack,no
5735,0,1,0.851952809486198,-0.5885962843894958,-2.3385963439941406,attack,yes
5736,0,0,0.02931223244728875,-4.106688499450684,-0.6066885590553284,attack,no
5737,0,0,0.22270013882530884,-1.985705852508545,-0.7357058525085449,attack,no
5738,0,1,0.7057850278370112,-0.8934742212295532,-1.7684742212295532,attack,Yes
5739,0,0,0.1192029188930649,-2.407255172729492,-0.4072551429271698,attack,no
5740,0,0,0.34864513533394575,-1.6255890130996704,-1.0005890130996704,attack,no
5741,0,0,0.10669059962643358,-2.666846752166748,-0.5418468117713928,attack,no
5742,0,1,0.7310585903489892,-0.8292059302330017,-1.8292059898376465,attack,yes
5743,0,0,0.13296424706933604,-2.4463372230529785,-0.5713372826576233,attack,no
5744,0,0,0.06754668550840877,-3.104766845703125,-0.47976675629615784,attack,no
5745,0,1,0.6791786861878392,-0.8826766610145569,-1.632676601409912,attack,Yes
5746,0,0,0.46879062662624377,-1.069165587425232,-0.9441655874252319,attack,no
5747,0,0,0.2689414213699951,-1.7620731592178345,-0.7620731592178345,attack,no
5748,0,0,0.16451647108926923,-2.3864545822143555,-0.7614546418190002,attack,no
5749,0,0,0.29421497216298875,-1.82192862033844,-0.9469286203384399,attack,no
5750,0,1,0.6513548511303336,-0.7508869767189026,-1.3758869171142578,attack,yes
5751,0,1,0.7310585669110203,-0.7057545781135559,-1.7057545185089111,attack,yes
5752,0,1,0.9465966641739773,-0.3430420160293579,-3.2180418968200684,attack,yes
5753,0,0,0.4073334000459302,-1.3298933506011963,-0.9548933506011963,attack,no
5754,0,0,0.24508501313237172,-1.7614535093307495,-0.6364535093307495,attack,no
5755,0,0,0.029312227359491745,-4.014617919921875,-0.5146178007125854,attack,no
5756,0,0,0.2942149845400438,-1.5057015419006348,-0.6307016015052795,attack,no
5757,0,0,0.0075772408196442265,-5.3147454261779785,-0.43974536657333374,attack,no
5758,0,0,0.015906392644828796,-4.619415760040283,-0.494415819644928,attack,no
5759,0,1,0.6513548646660542,-0.8795055150985718,-1.5045055150985718,attack,yes
5760,0,0,0.008577483766375987,-4.988659381866455,-0.23865918815135956,attack,no
5761,0,1,0.8670357598021706,-0.5344905853271484,-2.4094905853271484,attack,yes
5762,0,1,0.5621765008857981,-0.9258339405059814,-1.1758339405059814,attack,yes
5763,0,1,0.7057850278370112,-0.955944299697876,-1.830944299697876,attack,yes
5764,0,1,0.8670357460591569,-0.7795997858047485,-2.654599666595459,attack,yes
5765,0,1,0.9399133464597458,-0.41543108224868774,-3.165431022644043,attack,yes
5766,0,0,0.34864513533394575,-1.5667645931243896,-0.9417645931243896,attack,no
5767,0,0,0.11920293453832885,-2.4739465713500977,-0.4739466905593872,attack,no
5768,0,0,0.32082130082460697,-1.7580605745315552,-1.0080605745315552,attack,no
5769,0,0,0.4073334000459302,-1.5513103008270264,-1.1763103008270264,attack,no
5770,0,1,0.679178699175393,-0.8874175548553467,-1.6374175548553467,attack,yes
5771,0,1,0.5312093882168609,-0.9802097678184509,-1.1052098274230957,attack,yes
5772,0,0,0.24508500210441886,-1.5709254741668701,-0.44592541456222534,attack,no
5773,0,0,0.08509904036636974,-3.0838046073913574,-0.7088045477867126,attack,No
5774,0,0,0.18242553269617778,-1.9640100002288818,-0.4640100598335266,attack,no
5775,0,1,0.6513548511303336,-0.7964032292366028,-1.421403169631958,attack,yes
5776,0,1,0.8933094145755219,-0.39801040291786194,-2.523010492324829,attack,yes
5777,0,0,0.02297737057907019,-4.007723808288574,-0.2577238380908966,attack,no
5778,0,1,0.5312093733737563,-1.015151023864746,-1.140151023864746,attack,yes
5779,0,1,0.5926665999540697,-0.954535961151123,-1.329535961151123,attack,yes
5780,0,0,0.029312227359491745,-3.9663052558898926,-0.466305136680603,attack,no
5781,0,0,0.037326888415033926,-3.650002956390381,-0.40000298619270325,attack,no
5782,0,1,0.9579122672782973,-0.3315669298171997,-3.45656681060791,attack,yes
5783,0,1,0.9399133531922388,-0.2946917414665222,-3.044691801071167,attack,yes
5784,0,0,0.5,-0.9696820974349976,-0.9696820974349976,attack,no
5785,0,1,0.6513548646660542,-0.9131664037704468,-1.5381664037704468,attack,yes
5786,0,1,0.8933094174159129,-0.5500019788742065,-2.675002098083496,attack,yes
5787,0,1,0.6513548646660542,-1.0212798118591309,-1.6462798118591309,attack,Yes
5788,0,0,0.3775406828054583,-1.3413715362548828,-0.8413715958595276,attack,no
5789,0,1,0.8175744850834649,-0.5936021208763123,-2.093602180480957,attack,yes
5790,0,1,0.9324533032291502,-0.4253273904323578,-3.0503273010253906,attack,yes
5791,0,1,0.9046505351008906,-0.45263123512268066,-2.7026312351226807,attack,yes
5792,0,0,0.025957354937269386,-3.9144952297210693,-0.2894951403141022,attack,no
5793,0,0,0.34864513533394575,-1.65738046169281,-1.03238046169281,attack,no
5794,0,1,0.851952809486198,-0.6393334269523621,-2.389333486557007,attack,yes
5795,0,1,0.9324533051062237,-0.4678242802619934,-3.0928242206573486,attack,yes
5796,0,0,0.4378234991142019,-1.3567559719085693,-1.1067559719085693,attack,no
5797,0,1,0.851952809486198,-0.47898000478744507,-2.22898006439209,attack,yes
5798,0,1,0.9465966762263737,-0.5417231321334839,-3.4167232513427734,attack,yes
5799,0,0,0.008577485920584663,-5.284202575683594,-0.5342026352882385,attack,no
5800,0,1,0.9046505402422645,-0.3859373927116394,-2.635937452316284,attack,yes
5801,0,0,0.053403329799824234,-3.1435208320617676,-0.2685208320617676,attack,no
5802,0,0,0.4378234991142019,-1.2198539972305298,-0.9698539972305298,attack,no
5803,0,1,0.5926665999540697,-0.9540961980819702,-1.3290961980819702,attack,yes
5804,0,0,0.10669059394565118,-2.7032132148742676,-0.5782132148742676,attack,no
5805,0,0,0.22270014914315833,-2.0723345279693604,-0.8223345875740051,attack,no
5806,0,0,0.02297736823741426,-3.9076287746429443,-0.15762870013713837,attack,no
5807,0,0,0.017986213120429816,-4.496432304382324,-0.49643248319625854,attack,no
5808,0,0,0.3208212878370535,-1.5966577529907227,-0.8466576933860779,attack,no
5809,0,1,0.7057850402140659,-0.9712054133415222,-1.846205472946167,attack,yes
5810,0,0,0.2689414330889798,-1.951737403869629,-0.9517374634742737,attack,no
5811,0,1,0.5621765008857981,-0.9771115779876709,-1.227111577987671,attack,yes
5812,0,0,0.2689414213699951,-1.891715407371521,-0.891715407371521,attack,no
5813,0,0,0.3775406828054583,-1.2040185928344727,-0.7040186524391174,attack,no
5814,0,1,0.8519527869325346,-0.5462099313735962,-2.2962098121643066,attack,yes
5815,0,1,0.9465966747198243,-0.340175062417984,-3.215175151824951,attack,yes
5816,0,0,0.02297737258620403,-4.00811243057251,-0.2581125497817993,attack,no
5817,0,1,0.6224593452091672,-0.9244458079338074,-1.4244458675384521,attack,yes
5818,0,0,0.16451647108926923,-2.199798345565796,-0.5747984051704407,attack,no
5819,0,1,0.8670357666736773,-0.7882968783378601,-2.663296937942505,attack,yes
5820,0,0,0.22270012850745968,-1.8139522075653076,-0.5639521479606628,attack,no
5821,0,0,0.46879062662624377,-1.3168326616287231,-1.1918326616287231,attack,no
5822,0,0,0.020332352749027827,-4.184621810913086,-0.30962178111076355,attack,no
5823,0,0,0.32082130082460697,-1.6720144748687744,-0.9220144748687744,attack,no
5824,0,1,0.9579122756889438,-0.39851656556129456,-3.5235166549682617,attack,yes
5825,0,0,0.46879062662624377,-1.1568304300308228,-1.0318304300308228,attack,no
5826,0,0,0.3208212878370535,-1.5518131256103516,-0.8018130660057068,attack,no
5827,0,1,0.5621765008857981,-0.938469648361206,-1.188469648361206,attack,yes
5828,0,0,0.05340333431947304,-3.3052804470062256,-0.43028053641319275,attack,no
5829,0,1,0.8933094003735664,-0.3424864411354065,-2.4674863815307617,attack,yes
5830,0,1,0.7549149868676283,-0.8510440587997437,-1.9760440587997437,attack,yes
5831,0,0,0.08509904964767095,-2.6552324295043945,-0.2802324891090393,attack,no
5832,0,0,0.46879062662624377,-1.0512309074401855,-0.9262309074401855,attack,no
5833,0,1,0.798186768138228,-0.5724909901618958,-1.947490930557251,attack,yes
5834,0,1,0.904650527388829,-0.35881051421165466,-2.6088104248046875,attack,yes
5835,0,0,0.4378235137849365,-1.024421215057373,-0.7744212746620178,attack,no
5836,0,0,0.04208773272170267,-3.4655933380126953,-0.34059345722198486,attack,no
5837,0,0,0.06754669677084987,-3.000169038772583,-0.37516912817955017,attack,no
5838,0,1,0.9626731137267751,-0.29614636301994324,-3.5461463928222656,attack,yes
5839,0,0,0.005220126622117065,-5.6870808601379395,-0.4370810389518738,attack,no
5840,0,0,0.00669285072615733,-5.397963523864746,-0.3979634940624237,attack,no
5841,0,1,0.9706877692486436,-0.34906816482543945,-3.8490681648254395,attack,yes
5842,0,0,0.025957354937269386,-3.887681007385254,-0.26268091797828674,attack,no
5843,0,1,0.5926665999540697,-1.0336041450500488,-1.4086041450500488,attack,yes
5844,0,0,0.09534945718704857,-2.531099796295166,-0.28109970688819885,attack,no
5845,0,1,0.9046505325302034,-0.4566812813282013,-2.706681251525879,attack,yes
5846,0,0,0.4378234991142019,-1.3578490018844604,-1.1078490018844604,attack,no
5847,0,0,0.46879062662624377,-0.9931790828704834,-0.8681790828704834,attack,no
5848,0,0,0.32082130082460697,-1.617935061454773,-0.867935061454773,attack,no
5849,0,0,0.02297737258620403,-4.130640029907227,-0.3806401491165161,attack,no
5850,0,0,0.14804719051380197,-2.4259417057037354,-0.6759416460990906,attack,no
5851,0,1,0.8670357598021706,-0.46171069145202637,-2.3367106914520264,attack,yes
5852,0,0,0.1329642436335826,-2.300487756729126,-0.42548778653144836,attack,no
5853,0,0,0.20181321265898594,-1.897477388381958,-0.5224773287773132,attack,no
5854,0,0,0.11920292828022305,-2.7019598484039307,-0.7019599080085754,attack,no
5855,0,1,0.7772998611746911,-0.6789214611053467,-1.9289214611053467,attack,yes
5856,0,1,0.9241418283357702,-0.609251856803894,-3.1092519760131836,attack,yes
5857,0,1,0.679178699175393,-0.8395208120346069,-1.589520812034607,attack,yes
5858,0,1,0.7981867777396212,-0.650202751159668,-2.025202751159668,attack,yes
5859,0,1,0.7549149868676283,-0.5005543231964111,-1.6255543231964111,attack,yes
5860,0,0,0.3486451488696663,-1.566335678100586,-0.9413357377052307,attack,no
5861,0,0,0.033085978388704126,-3.8945393562316895,-0.5195393562316895,attack,no
5862,0,0,0.1645164628965632,-2.2309677600860596,-0.6059677600860596,attack,no
5863,0,0,0.32082130082460697,-1.7143298387527466,-0.9643298387527466,attack,No
5864,0,0,0.4073334000459302,-1.2495900392532349,-0.8745900392532349,attack,no
5865,0,0,0.07585818419975078,-2.9511923789978027,-0.4511924386024475,attack,no
5866,0,1,0.7310585786300049,-0.6589047908782959,-1.658904790878296,attack,yes
5867,0,1,0.8670357735451834,-0.5734866857528687,-2.448486804962158,attack,yes
5868,0,0,0.022977367233847502,-4.300393104553223,-0.5503929853439331,attack,no
5869,0,1,0.9046505376715775,-0.38837048411369324,-2.6383705139160156,attack,yes
5870,0,0,0.05340332678672523,-3.2068092823028564,-0.33180922269821167,attack,no
5871,0,1,0.5312093733737563,-1.0586979389190674,-1.1836979389190674,attack,yes
5872,0,0,0.022977373255248682,-4.169677257537842,-0.41967740654945374,attack,no
5873,0,1,0.8807970748488297,-0.44432809948921204,-2.4443280696868896,attack,yes
5874,0,0,0.2689414213699951,-1.6078369617462158,-0.6078369617462158,attack,no
5875,0,0,0.22270013882530884,-1.9723774194717407,-0.7223774194717407,attack,no
5876,0,0,0.2942149597859341,-1.6103439331054688,-0.735343873500824,attack,no
5877,0,1,0.7057850278370112,-0.8513755798339844,-1.7263755798339844,attack,yes
5878,0,1,0.5312093733737563,-1.0182063579559326,-1.1432063579559326,attack,yes
5879,0,0,0.08509904036636974,-3.1440908908843994,-0.7690908312797546,attack,no
5880,0,1,0.6224593312018546,-0.9090902805328369,-1.409090280532837,attack,yes
5881,0,1,0.7772998405389918,-0.8231006860733032,-2.0731005668640137,attack,yes
5882,0,0,0.014063627869714051,-4.551462173461914,-0.30146223306655884,attack,no
5883,0,0,0.08509904036636974,-2.987398862838745,-0.6123988032341003,attack,no
5884,0,1,0.893309411735131,-0.46541184186935425,-2.590411901473999,attack,yes
5885,0,1,0.867035752930664,-0.7307646870613098,-2.605764627456665,attack,yes
5886,0,1,0.7310585786300049,-0.7169530391693115,-1.7169530391693115,attack,yes
5887,0,1,0.7772998508568416,-0.5980909466743469,-1.8480908870697021,attack,yes
5888,0,1,0.6224593312018546,-1.1322317123413086,-1.6322317123413086,attack,Yes
5889,0,0,0.10669059962643358,-2.4372222423553467,-0.31222230195999146,attack,no
5890,0,0,0.07585818628900447,-2.9864819049835205,-0.48648199439048767,attack,no
5891,0,0,0.32082130082460697,-1.6440438032150269,-0.8940438032150269,attack,no
5892,0,1,0.6513548646660542,-1.089308261871338,-1.714308261871338,attack,Yes
5893,0,1,0.9046505299595163,-0.4957612156867981,-2.7457611560821533,attack,yes
5894,0,0,0.5,-1.0010786056518555,-1.0010786056518555,attack,no
5895,0,1,0.6791787121629466,-0.7684094309806824,-1.5184094905853271,attack,yes
5896,0,0,0.46879062662624377,-1.2182745933532715,-1.0932745933532715,attack,no
5897,0,0,0.042087731520181665,-3.3237273693084717,-0.19872745871543884,attack,no
5898,0,0,0.07585818211049715,-2.773810386657715,-0.27381041646003723,attack,no
5899,0,1,0.8933094060543487,-0.46983838081359863,-2.5948383808135986,attack,yes
5900,0,0,0.34864513533394575,-1.6975665092468262,-1.0725665092468262,attack,no
5901,0,0,0.18242552380635632,-1.9837119579315186,-0.48371195793151855,attack,no
5902,0,1,0.5621765008857981,-0.8587597608566284,-1.1087597608566284,attack,yes
5903,0,0,0.32082130082460697,-1.7145535945892334,-0.9645535945892334,attack,No
5904,0,0,0.0066928520139863485,-5.2118682861328125,-0.21186845004558563,attack,no
5905,0,1,0.7772998818103892,-0.9377506971359253,-2.187750816345215,attack,Yes
5906,0,1,0.9241418262465169,-0.43348756432533264,-2.9334876537323,attack,yes
5907,0,1,0.754914997895581,-0.7055558562278748,-1.8305559158325195,attack,yes
5908,0,0,0.46879062662624377,-1.133636713027954,-1.008636713027954,attack,no
5909,0,1,0.5312093733737563,-1.0572247505187988,-1.1822247505187988,attack,yes
5910,0,0,0.32082130082460697,-1.552117943763733,-0.8021179437637329,attack,no
5911,0,1,0.7057850154599563,-0.7307618260383606,-1.6057617664337158,attack,yes
5912,0,0,0.006692852212113911,-5.212137222290039,-0.21213741600513458,attack,no
5913,0,1,0.5926665999540697,-1.1620502471923828,-1.5370502471923828,attack,Yes
5914,0,0,0.04208773272170267,-3.534213066101074,-0.40921318531036377,attack,no
5915,0,1,0.9149009596336303,-0.5302149653434753,-2.90521502494812,attack,yes
5916,0,1,0.8354835452961425,-0.5335783362388611,-2.158578395843506,attack,yes
5917,0,0,0.10669058826486906,-2.574134588241577,-0.4491345286369324,attack,no
5918,0,1,0.8807970842359877,-0.4170493483543396,-2.4170494079589844,attack,yes
5919,0,0,0.3486451217982255,-1.5918447971343994,-0.9668447375297546,attack,no
5920,0,0,0.0040701384407312935,-6.081332206726074,-0.5813323855400085,attack,no
5921,0,0,0.5,-1.089583396911621,-1.089583396911621,attack,no
5922,0,1,0.8354835371034369,-0.658597469329834,-2.283597469329834,attack,yes
5923,0,1,0.8670357735451834,-0.6219834089279175,-2.496983528137207,attack,yes
5924,0,0,0.02931223287127187,-3.6085329055786133,-0.10853298008441925,attack,no
5925,0,1,0.7549149868676283,-0.7745693922042847,-1.8995693922042847,attack,yes
5926,0,1,0.9525741227833249,-0.4049621522426605,-3.4049620628356934,attack,yes
5927,0,1,0.9149009480320036,-0.29656586050987244,-2.6715657711029053,attack,yes
5928,0,0,0.4073334000459302,-1.5045830011367798,-1.1295830011367798,attack,no
5929,0,0,0.08509904500702024,-2.779684543609619,-0.40468454360961914,attack,no
5930,0,0,0.4073333856566001,-1.250546932220459,-0.8755468726158142,attack,no
5931,0,1,0.9525741241296944,-0.36845141649246216,-3.3684513568878174,attack,yes
5932,0,0,0.4378234991142019,-1.2163605690002441,-0.9663605690002441,attack,no
5933,0,0,0.11920291576401235,-2.48052716255188,-0.4805271029472351,attack,no
5934,0,0,0.07585818211049715,-2.826077699661255,-0.32607772946357727,attack,no
5935,0,1,0.5926665999540697,-0.9716781377792358,-1.3466781377792358,attack,yes
5936,0,0,0.1480471829959148,-2.246853828430176,-0.49685370922088623,attack,no
5937,0,1,0.754914975839675,-0.705409586429596,-1.8304095268249512,attack,yes
5938,0,0,0.46879062662624377,-1.0823798179626465,-0.9573798179626465,attack,no
5939,0,0,0.017986210488481234,-4.374765396118164,-0.37476542592048645,attack,no
5940,0,1,0.5312093882168609,-0.9656538367271423,-1.090653896331787,attack,yes
5941,0,0,0.004609572316116922,-5.508749485015869,-0.13374951481819153,attack,no
5942,0,1,0.9241418241572634,-0.3962518572807312,-2.896251916885376,attack,yes
5943,0,0,0.20181322226037882,-2.1160247325897217,-0.7410247325897217,attack,no
5944,0,1,0.835483553488848,-0.49262845516204834,-2.117628574371338,attack,yes
5945,0,1,0.754914975839675,-0.6213656067848206,-1.7463655471801758,attack,yes
5946,0,0,0.03308597934211908,-3.7057223320007324,-0.3307223618030548,attack,no
5947,0,1,0.9465966762263737,-0.543117880821228,-3.4181180000305176,attack,yes
5948,0,0,0.13296424019782924,-2.4045097827911377,-0.5295097827911377,attack,no
5949,0,0,0.24508503518827837,-2.0451064109802246,-0.9201065301895142,attack,no
5950,0,0,0.006692852311177695,-5.323485851287842,-0.3234860599040985,attack,no
5951,0,0,0.4073334000459302,-1.349714994430542,-0.974714994430542,attack,no
5952,0,1,0.867035752930664,-0.5713315606117249,-2.44633150100708,attack,yes
5953,0,0,0.20181322226037882,-2.035348892211914,-0.6603488922119141,attack,no
5954,0,1,0.867035752930664,-0.6219928860664368,-2.496992826461792,attack,yes
5955,0,1,0.9241418199787566,-0.398911714553833,-2.898911714553833,attack,yes
5956,0,1,0.9465966686936261,-0.3128040134906769,-3.1878039836883545,attack,yes
5957,0,1,0.9399133447766225,-0.45435747504234314,-3.204357385635376,attack,yes
5958,0,0,0.3775406547908327,-1.1897087097167969,-0.6897086501121521,attack,no
5959,0,0,0.2689414213699951,-1.8400214910507202,-0.8400214910507202,attack,no
5960,0,1,0.5926665999540697,-1.0653884410858154,-1.4403884410858154,attack,yes
5961,0,0,0.09534947004048376,-2.969919443130493,-0.7199195027351379,attack,no
5962,0,1,0.8670357598021706,-0.3725852966308594,-2.2475852966308594,attack,yes
5963,0,0,0.11920291263495983,-2.4013564586639404,-0.40135636925697327,attack,no
5964,0,1,0.9324533051062237,-0.5055647492408752,-3.1305646896362305,attack,yes
5965,0,1,0.8670357460591569,-0.42462456226348877,-2.299624443054199,attack,yes
5966,0,0,0.09534945461636171,-2.8949813842773438,-0.6449812650680542,attack,no
5967,0,0,0.0046095728630878175,-5.695924282073975,-0.32092443108558655,attack,no
5968,0,0,0.14804719051380197,-2.4849417209625244,-0.7349416613578796,attack,no
5969,0,0,0.029312233295254994,-3.9700493812561035,-0.4700494706630707,attack,no
5970,0,0,0.1329642333263228,-2.4152939319610596,-0.5402938723564148,attack,no
5971,0,1,0.679178699175393,-0.9012508392333984,-1.6512508392333984,attack,yes
5972,0,0,0.3775406547908327,-1.3583719730377197,-0.858371913433075,attack,no
5973,0,0,0.2689414096510108,-1.8389301300048828,-0.838930070400238,attack,no
5974,0,1,0.5621765008857981,-1.2108700275421143,-1.4608700275421143,attack,Yes
5975,0,0,0.32082130082460697,-1.4913885593414307,-0.7413885593414307,attack,no
5976,0,1,0.5312093733737563,-0.9791779518127441,-1.1041779518127441,attack,yes
5977,0,0,0.007577241043752515,-5.168475151062012,-0.29347512125968933,attack,no
5978,0,0,0.29421497216298875,-1.7740294933319092,-0.8990294933319092,attack,no
5979,0,0,0.32082130082460697,-1.7048219442367554,-0.9548219442367554,attack,no
5980,0,0,0.06008665522337757,-3.0787723064422607,-0.3287723958492279,attack,no
5981,0,1,0.9525741281688026,-0.4431440532207489,-3.4431440830230713,attack,yes
5982,0,1,0.6224593312018546,-0.8284095525741577,-1.3284095525741577,attack,yes
5983,0,0,0.09534945461636171,-2.7280526161193848,-0.4780524969100952,attack,no
5984,0,0,0.29421497216298875,-1.8669157028198242,-0.9919157028198242,attack,no
5985,0,0,0.1066905825840872,-2.6261916160583496,-0.5011914968490601,attack,no
5986,0,1,0.5926665999540697,-0.986583948135376,-1.361583948135376,attack,yes
5987,0,0,0.1480471980316895,-2.1969873905181885,-0.4469873905181885,attack,no
5988,0,0,0.1329642333263228,-2.4468109607696533,-0.5718109011650085,attack,no
5989,0,0,0.24508502416032488,-1.600733757019043,-0.47573381662368774,attack,no
5990,0,1,0.893309411735131,-0.4707731604576111,-2.595773220062256,attack,yes
5991,0,1,0.6224593312018546,-0.9933552742004395,-1.4933552742004395,attack,Yes
5992,0,0,0.11920292202211755,-2.6261425018310547,-0.6261425018310547,attack,no
5993,0,0,0.014063627869714051,-4.5840888023376465,-0.33408886194229126,attack,no
5994,0,1,0.8354835452961425,-0.6930069327354431,-2.318006992340088,attack,yes
5995,0,0,0.2942149597859341,-1.7235183715820312,-0.8485183119773865,attack,no
5996,0,1,0.5926665999540697,-1.0866624116897583,-1.4616624116897583,attack,yes
5997,0,1,0.9324533088603709,-0.3305544853210449,-2.955554485321045,attack,yes
5998,0,0,0.18242551491653522,-2.2131433486938477,-0.7131432890892029,attack,no
5999,0,1,0.7772998611746911,-0.621970534324646,-1.871970534324646,attack,yes
