idx,y_true,y_pred,p_yes,lp_yes,lp_no,mode,raw_text
0,1,1,0.5926665999540697,-0.9305106401443481,-1.3055106401443481,attack,Yes
1,1,1,0.8175744850834649,-0.5251731276512146,-2.0251731872558594,attack,Yes
2,1,1,0.867035752930664,-0.619537889957428,-2.494537830352783,attack,Yes
3,1,1,0.8354835452961425,-0.7985064387321472,-2.423506498336792,attack,yes
4,1,1,0.7981867969424066,-0.7768806219100952,-2.1518807411193848,attack,Yes
5,1,0,0.32082130082460697,-1.6429649591445923,-0.8929649591445923,attack,No
6,1,0,0.37754066879814546,-1.408260703086853,-0.908260703086853,attack,No
7,1,0,0.20181324146316565,-2.0486154556274414,-0.673615574836731,attack,No
8,1,1,0.9626731137267751,-0.2891051471233368,-3.539105176925659,attack,Yes
9,1,0,0.4073334000459302,-1.3596396446228027,-0.9846396446228027,attack,No
10,1,1,0.5312093733737563,-1.1006314754486084,-1.2256314754486084,attack,Yes
11,1,1,0.754914997895581,-0.6434618830680847,-1.7684619426727295,attack,Yes
12,1,1,0.9046505453836383,-0.4894527196884155,-2.739452838897705,attack,Yes
13,1,1,0.8933093946927838,-0.6447426080703735,-2.769742488861084,attack,Yes
14,1,1,0.6224593312018546,-0.8610891103744507,-1.3610891103744507,attack,Yes
15,1,0,0.4378234991142019,-1.3471792936325073,-1.0971792936325073,attack,No
16,1,0,0.14804721306746543,-2.5314812660217285,-0.7814813852310181,attack,no
17,1,1,0.7057850154599563,-0.8423040509223938,-1.717303991317749,attack,Yes
18,1,1,0.893309411735131,-0.5949961543083191,-2.719996213912964,attack,Yes
19,1,0,0.4378234991142019,-1.3856233358383179,-1.1356233358383179,attack,no
20,1,1,0.679178699175393,-0.7533359527587891,-1.503335952758789,attack,Yes
21,1,0,0.2689414096510108,-1.6784846782684326,-0.6784846186637878,attack,No
22,1,1,0.8519528019683106,-0.6952753067016602,-2.44527530670166,attack,Yes
23,1,1,0.7057850154599563,-0.9304454922676086,-1.8054454326629639,attack,Yes
24,1,1,0.8175744939732856,-0.5327342748641968,-2.0327343940734863,attack,Yes
25,1,1,0.7772998611746911,-0.8443019390106201,-2.09430193901062,attack,Yes
26,1,1,0.7310585903489892,-0.7737268805503845,-1.7737269401550293,attack,Yes
27,1,0,0.5,-1.2348809242248535,-1.2348809242248535,attack,No
28,1,1,0.8175744850834649,-0.7920903563499451,-2.29209041595459,attack,Yes
29,1,0,0.4378234991142019,-1.2831618785858154,-1.0331618785858154,attack,No
30,1,1,0.9046505376715775,-0.38657042384147644,-2.636570453643799,attack,Yes
31,1,0,0.32082130082460697,-1.3095512390136719,-0.5595512390136719,attack,No
32,1,1,0.6791787121629466,-0.8713528513908386,-1.6213529109954834,attack,Yes
33,1,1,0.9241418262465169,-0.39663687348365784,-2.896636962890625,attack,Yes
34,1,1,0.679178699175393,-0.9525121450424194,-1.7025121450424194,attack,Yes
35,1,1,0.5312093733737563,-1.1899099349975586,-1.3149099349975586,attack,Yes
36,1,0,0.34864513533394575,-1.3352314233779907,-0.7102314233779907,attack,No
37,1,1,0.8933094174159129,-0.8020304441452026,-2.927030563354492,attack,Yes
38,1,1,0.7772998714925403,-0.5140203833580017,-1.7640204429626465,attack,Yes
39,1,0,0.18242551491653522,-2.105149269104004,-0.6051492094993591,attack,No
40,1,1,0.7310585786300049,-0.5033763647079468,-1.5033763647079468,attack,Yes
41,1,0,0.1645164628965632,-2.1704599857330322,-0.5454599857330322,attack,No
42,1,0,0.20181321265898594,-2.089365005493164,-0.7143649458885193,attack,No
43,1,1,0.8807970904940926,-0.7631911039352417,-2.7631912231445312,attack,Yes
44,1,1,0.7981867777396212,-0.42956387996673584,-1.8045638799667358,attack,Yes
45,1,1,0.8354835452961425,-0.5700642466545105,-2.1950643062591553,attack,Yes
46,1,0,0.10669058826486906,-2.7592742443084717,-0.6342741847038269,attack,no
47,1,0,0.20181323186177208,-2.238284111022949,-0.863284170627594,attack,no
48,1,0,0.24508501313237172,-1.6925309896469116,-0.5675309896469116,attack,No
49,1,1,0.8519527944504226,-0.44425898790359497,-2.19425892829895,attack,Yes
50,1,1,0.7310585786300049,-0.6887656450271606,-1.6887656450271606,attack,Yes
51,1,1,0.8175744584140004,-0.5535460710525513,-2.0535459518432617,attack,Yes
52,1,0,0.2227001594610082,-2.0976409912109375,-0.847641110420227,attack,no
53,1,1,0.7772998714925403,-0.4743918776512146,-1.7243919372558594,attack,Yes
54,1,1,0.8807970842359877,-0.5223130583763123,-2.522313117980957,attack,Yes
55,1,1,0.8354835207180245,-0.7681499719619751,-2.3931498527526855,attack,Yes
56,1,1,0.5312093733737563,-1.243683934211731,-1.368683934211731,attack,Yes
57,1,0,0.29421497216298875,-1.7042889595031738,-0.8292889595031738,attack,No
58,1,0,0.34864513533394575,-1.185389757156372,-0.5603897571563721,attack,No
59,1,1,0.6224593312018546,-1.1122887134552002,-1.6122887134552002,attack,Yes
60,1,0,0.01590639357784294,-4.664792537689209,-0.5397926568984985,attack,no
61,1,0,0.2689414213699951,-1.6416518688201904,-0.6416518688201904,attack,No
62,1,1,0.7549149868676283,-0.822012186050415,-1.947012186050415,attack,Yes
63,1,1,0.8670357666736773,-0.6266376376152039,-2.5016376972198486,attack,Yes
64,1,1,0.7772998714925403,-0.4451414942741394,-1.6951415538787842,attack,Yes
65,1,1,0.7549149868676283,-0.5738762617111206,-1.6988762617111206,attack,Yes
66,1,0,0.22270012850745968,-2.0366032123565674,-0.7866031527519226,attack,No
67,1,1,0.5312093733737563,-1.214828610420227,-1.339828610420227,attack,Yes
68,1,1,0.5621765008857981,-0.9272863864898682,-1.1772863864898682,attack,Yes
69,1,1,0.8933094003735664,-0.5023921132087708,-2.627392053604126,attack,Yes
70,1,0,0.07585818419975078,-3.13966965675354,-0.6396697163581848,attack,No
71,1,0,0.1480471980316895,-2.515165328979492,-0.7651653289794922,attack,No
72,1,1,0.9525741322079105,-0.2500499486923218,-3.2500500679016113,attack,Yes
73,1,0,0.5,-1.2260411977767944,-1.2260411977767944,attack,No
74,1,0,0.32082130082460697,-1.4052417278289795,-0.6552417278289795,attack,No
75,1,1,0.6513548782017746,-0.8523432612419128,-1.4773433208465576,attack,Yes
76,1,0,0.10669059394565118,-2.624831199645996,-0.4998311996459961,attack,no
77,1,1,0.9324533163686646,-0.5917285680770874,-3.216728687286377,attack,Yes
78,1,1,0.5621765008857981,-1.0790822505950928,-1.3290822505950928,attack,Yes
79,1,0,0.24508500210441886,-1.7374389171600342,-0.6124388575553894,attack,No
80,1,1,0.880797068590724,-0.3070083558559418,-2.3070082664489746,attack,Yes
81,1,1,0.8670357598021706,-0.7781522274017334,-2.6531522274017334,attack,Yes
82,1,1,0.8354835452961425,-0.867039144039154,-2.492039203643799,attack,Yes
83,1,0,0.37754066879814546,-1.355605125427246,-0.8556051254272461,attack,No
84,1,1,0.6224593312018546,-0.8220498561859131,-1.322049856185913,attack,Yes
85,1,0,0.24508501313237172,-1.7372668981552124,-0.6122668981552124,attack,No
86,1,0,0.46879062662624377,-1.1579217910766602,-1.0329217910766602,attack,No
87,1,0,0.46879062662624377,-1.2097058296203613,-1.0847058296203613,attack,No
88,1,0,0.16451647108926923,-2.4057607650756836,-0.7807608246803284,attack,No
89,1,1,0.9241418137109955,-0.3970550000667572,-2.89705491065979,attack,Yes
90,1,1,0.6224593312018546,-0.787251353263855,-1.287251353263855,attack,Yes
91,1,0,0.18242552380635632,-2.1043577194213867,-0.6043577194213867,attack,No
92,1,0,0.06754668550840877,-3.1037676334381104,-0.4787675440311432,attack,no
93,1,0,0.0953494648991095,-2.9202256202697754,-0.6702256202697754,attack,no
94,1,0,0.4378234991142019,-1.06195068359375,-0.81195068359375,attack,No
95,1,0,0.18242551491653522,-1.972205400466919,-0.47220534086227417,attack,No
96,1,0,0.1480472055495773,-2.318659543991089,-0.5686596035957336,attack,No
97,1,1,0.8175744761936437,-0.6330618858337402,-2.1330618858337402,attack,Yes
98,1,0,0.20181322226037882,-1.8959914445877075,-0.5209914445877075,attack,No
99,1,0,0.2689414213699951,-1.7984671592712402,-0.7984671592712402,attack,No
100,1,1,0.679178699175393,-0.9009428024291992,-1.6509428024291992,attack,Yes
101,1,0,0.5,-1.1559289693832397,-1.1559289693832397,attack,No
102,1,0,0.5,-1.0130594968795776,-1.0130594968795776,attack,No
103,1,1,0.5312093585306514,-0.8905807137489319,-1.015580654144287,attack,Yes
104,1,0,0.0850990357257195,-2.8410487174987793,-0.46604859828948975,attack,No
105,1,0,0.22270012850745968,-1.9941456317901611,-0.7441455721855164,attack,No
106,1,0,0.3208212878370535,-1.506725549697876,-0.7567254900932312,attack,No
107,1,1,0.8354835371034369,-0.6195793151855469,-2.244579315185547,attack,Yes
108,1,1,0.9324533032291502,-0.32372698187828064,-2.9487268924713135,attack,Yes
109,1,0,0.1329642264548166,-2.3198695182800293,-0.44486939907073975,attack,No
110,1,1,0.5926665855647394,-0.7629273533821106,-1.1379272937774658,attack,Yes
111,1,1,0.7549149868676283,-0.8222414255142212,-1.9472414255142212,attack,Yes
112,1,0,0.13296424019782924,-2.6293811798095703,-0.7543811798095703,attack,no
113,1,1,0.5312093733737563,-1.2455403804779053,-1.3705403804779053,attack,Yes
114,1,1,0.8933094003735664,-0.5948083996772766,-2.719808340072632,attack,Yes
115,1,1,0.7981867585368343,-0.8754826784133911,-2.2504825592041016,attack,Yes
116,1,1,0.952574129515172,-0.43707841634750366,-3.4370784759521484,attack,Yes
117,1,1,0.9046505299595163,-0.5767191052436829,-2.826719045639038,attack,Yes
118,1,1,0.6224593312018546,-0.7870577573776245,-1.2870577573776245,attack,Yes
119,1,0,0.5,-1.1569780111312866,-1.1569780111312866,attack,No
120,1,0,0.05340332678672523,-3.3111770153045654,-0.43617695569992065,attack,No
121,1,0,0.2689414213699951,-1.789637804031372,-0.7896378040313721,attack,No
122,1,1,0.7310585786300049,-0.950515627861023,-1.950515627861023,attack,Yes
123,1,1,0.7057850278370112,-0.8927628993988037,-1.7677628993988037,attack,Yes
124,1,0,0.4378234991142019,-1.4375877380371094,-1.1875877380371094,attack,no
125,1,1,0.9241418283357702,-0.5591109991073608,-3.0591111183166504,attack,Yes
126,1,0,0.06754669489377622,-3.074115514755249,-0.4491155743598938,attack,No
127,1,1,0.6513548646660542,-1.0305691957473755,-1.6555691957473755,attack,yes
128,1,0,0.26894141551050293,-1.4865851402282715,-0.4865851104259491,attack,No
129,1,1,0.6513548646660542,-0.9671578407287598,-1.5921578407287598,attack,Yes
130,1,1,0.5621765008857981,-0.9119101762771606,-1.1619101762771606,attack,Yes
131,1,0,0.37754066879814546,-1.3565701246261597,-0.8565701246261597,attack,No
132,1,1,0.5621765008857981,-1.009136438369751,-1.259136438369751,attack,Yes
133,1,0,0.5,-1.256576418876648,-1.256576418876648,attack,No
134,1,1,0.7310585786300049,-0.6883502006530762,-1.6883502006530762,attack,Yes
135,1,1,0.7981867969424066,-0.8758167028427124,-2.250816822052002,attack,Yes
136,1,0,0.46879062662624377,-1.3403294086456299,-1.2153294086456299,attack,no
137,1,1,0.9149009549929797,-0.6627979278564453,-3.0377979278564453,attack,Yes
138,1,1,0.7057850278370112,-0.9702156782150269,-1.8452156782150269,attack,yes
139,1,0,0.08509904964767095,-3.0314979553222656,-0.6564980149269104,attack,no
140,1,1,0.8933094174159129,-0.7483400106430054,-2.873340129852295,attack,yes
141,1,1,0.914900950352329,-0.61048823595047,-2.985488176345825,attack,Yes
142,1,1,0.835483553488848,-0.5771993398666382,-2.2021994590759277,attack,Yes
143,1,0,0.29421497216298875,-1.7442575693130493,-0.8692575693130493,attack,No
144,1,1,0.867035752930664,-0.6756089329719543,-2.5506088733673096,attack,Yes
145,1,1,0.6791786861878392,-0.9531040787696838,-1.703104019165039,attack,Yes
146,1,1,0.754914975839675,-0.8370986580848694,-1.9620985984802246,attack,Yes
147,1,0,0.24508502416032488,-1.8799359798431396,-0.7549360394477844,attack,No
148,1,0,0.24508500210441886,-1.951432704925537,-0.8264326453208923,attack,No
149,1,0,0.37754066879814546,-1.2838234901428223,-0.7838234901428223,attack,No
150,1,0,0.13296424019782924,-2.683924436569214,-0.8089244365692139,attack,no
151,1,1,0.893309411735131,-0.5492143034934998,-2.6742143630981445,attack,Yes
152,1,1,0.5312093733737563,-1.2455854415893555,-1.3705854415893555,attack,Yes
153,1,1,0.8175744850834649,-0.8275677561759949,-2.3275678157806396,attack,yes
154,1,1,0.8175744850834649,-0.5534879565238953,-2.05348801612854,attack,Yes
155,1,1,0.914900945711678,-0.6678777933120728,-3.042877674102783,attack,Yes
156,1,1,0.7310585786300049,-0.6074917316436768,-1.6074917316436768,attack,Yes
157,1,1,0.5926665999540697,-0.9984482526779175,-1.3734482526779175,attack,Yes
158,1,1,0.6513548646660542,-0.727373480796814,-1.352373480796814,attack,Yes
159,1,1,0.6513548511303336,-0.9407845139503479,-1.5657844543457031,attack,Yes
160,1,1,0.8933094060543487,-0.6440706253051758,-2.769070625305176,attack,Yes
161,1,1,0.6224593312018546,-1.0914762020111084,-1.5914762020111084,attack,Yes
162,1,1,0.7772998611746911,-0.5530197620391846,-1.8030197620391846,attack,Yes
163,1,1,0.8354835289107309,-0.627751886844635,-2.2527518272399902,attack,Yes
164,1,1,0.6791786861878392,-0.728905975818634,-1.4789059162139893,attack,Yes
165,1,0,0.07585818002124356,-3.10252046585083,-0.6025204658508301,attack,no
166,1,0,0.10669059962643358,-2.5422959327697754,-0.41729599237442017,attack,No
167,1,0,0.02595735569077852,-4.226640224456787,-0.6016401648521423,attack,no
168,1,0,0.4378234991142019,-1.2529628276824951,-1.0029628276824951,attack,No
169,1,1,0.8354835371034369,-0.6279599666595459,-2.252959966659546,attack,Yes
170,1,1,0.8519527944504226,-0.5115142464637756,-2.261514186859131,attack,Yes
171,1,0,0.4378234991142019,-1.2998697757720947,-1.0498697757720947,attack,No
172,1,0,0.4073334000459302,-1.3610742092132568,-0.9860742092132568,attack,No
173,1,0,0.32082130082460697,-1.5602468252182007,-0.8102468252182007,attack,No
174,1,1,0.9525741268224334,-0.43709444999694824,-3.4370944499969482,attack,Yes
175,1,0,0.4378234991142019,-1.0137479305267334,-0.7637479305267334,attack,No
176,1,1,0.7772998508568416,-0.6223669648170471,-1.8723669052124023,attack,Yes
177,1,1,0.7310585669110203,-0.7166772484779358,-1.716677188873291,attack,Yes
178,1,1,0.817574471748733,-0.44068995118141174,-1.9406899213790894,attack,Yes
179,1,1,0.9149009549929797,-0.3722035884857178,-2.7472035884857178,attack,Yes
180,1,1,0.5312093733737563,-1.0279924869537354,-1.1529924869537354,attack,Yes
181,1,1,0.5621765008857981,-1.009107232093811,-1.259107232093811,attack,Yes
182,1,1,0.679178699175393,-0.7667263746261597,-1.5167263746261597,attack,Yes
183,1,1,0.8175744761936437,-0.4410923719406128,-1.9410923719406128,attack,Yes
184,1,0,0.10669059962643358,-2.698824882507324,-0.573824942111969,attack,No
185,1,1,0.7057850278370112,-0.8595201969146729,-1.7345201969146729,attack,Yes
186,1,1,0.867035752930664,-0.7873204350471497,-2.662320375442505,attack,Yes
187,1,0,0.1066905854244781,-2.516218662261963,-0.3912185728549957,attack,No
188,1,0,0.34864513533394575,-1.4021375179290771,-0.7771375179290771,attack,No
189,1,0,0.3775406828054583,-1.2933032512664795,-0.7933033108711243,attack,No
190,1,1,0.7057850278370112,-0.9654217958450317,-1.8404217958450317,attack,Yes
191,1,0,0.18242551491653522,-2.2382771968841553,-0.7382771372795105,attack,No
192,1,0,0.14804719051380197,-2.476872205734253,-0.7268721461296082,attack,no
193,1,0,0.18242550602671442,-2.032949924468994,-0.5329498052597046,attack,No
194,1,1,0.7310585786300049,-0.9098668098449707,-1.9098668098449707,attack,Yes
195,1,0,0.18242553269617778,-2.1523280143737793,-0.6523280739784241,attack,No
196,1,1,0.5312093733737563,-1.1399073600769043,-1.2649073600769043,attack,Yes
197,1,1,0.8175744761936437,-0.6337859630584717,-2.1337859630584717,attack,Yes
198,1,1,0.7772998611746911,-0.5624823570251465,-1.8124823570251465,attack,Yes
199,1,1,0.8670357666736773,-0.49969691038131714,-2.374696969985962,attack,Yes
200,1,1,0.7549149868676283,-0.9511189460754395,-2.0761189460754395,attack,Yes
201,1,1,0.5926665999540697,-1.0705865621566772,-1.4455865621566772,attack,Yes
202,1,1,0.7310585669110203,-0.9682250618934631,-1.9682250022888184,attack,Yes
203,1,1,0.8807970654616711,-0.5584093332290649,-2.5584092140197754,attack,Yes
204,1,1,0.5621765008857981,-1.2166860103607178,-1.4666860103607178,attack,Yes
205,1,1,0.8807970654616711,-0.5582185983657837,-2.558218479156494,attack,Yes
206,1,1,0.6224593312018546,-0.9212933778762817,-1.4212933778762817,attack,Yes
207,1,1,0.7310585786300049,-0.9513962268829346,-1.9513962268829346,attack,Yes
208,1,1,0.8175744673038221,-0.7923226952552795,-2.2923226356506348,attack,Yes
209,1,1,0.8519527869325346,-0.686559796333313,-2.4365596771240234,attack,Yes
210,1,0,0.20181322226037882,-2.0055055618286133,-0.6305055618286133,attack,No
211,1,1,0.8519528019683106,-0.6454262733459473,-2.3954262733459473,attack,Yes
212,1,0,0.4073333856566001,-1.1453638076782227,-0.7703637480735779,attack,No
213,1,1,0.5926665999540697,-0.8725720643997192,-1.2475720643997192,attack,Yes
214,1,1,0.9241418199787566,-0.6566946506500244,-3.1566946506500244,attack,Yes
215,1,0,0.46879062662624377,-1.2405345439910889,-1.1155345439910889,attack,No
216,1,1,0.7057850278370112,-0.9429986476898193,-1.8179986476898193,attack,yes
217,1,1,0.8933094060543487,-0.8083217144012451,-2.933321714401245,attack,Yes
218,1,0,0.2942149597859341,-1.5159823894500732,-0.6409823298454285,attack,No
219,1,0,0.14804719051380197,-2.4712696075439453,-0.7212695479393005,attack,no
220,1,1,0.8175744850834649,-0.6428064703941345,-2.1428065299987793,attack,Yes
221,1,0,0.1480471980316895,-2.4088666439056396,-0.6588666439056396,attack,No
222,1,0,0.2689414096510108,-1.9572620391845703,-0.9572619795799255,attack,no
223,1,1,0.5312093733737563,-1.0265376567840576,-1.1515376567840576,attack,Yes
224,1,1,0.7772998611746911,-0.7418422698974609,-1.991842269897461,attack,Yes
225,1,0,0.18242553269617778,-2.073984146118164,-0.5739842057228088,attack,No
226,1,1,0.5312093733737563,-1.0076124668121338,-1.1326124668121338,attack,Yes
227,1,1,0.8354835207180245,-0.826299786567688,-2.4512996673583984,attack,Yes
228,1,1,0.5312093733737563,-1.030779242515564,-1.155779242515564,attack,Yes
229,1,1,0.7981867969424066,-0.7145713567733765,-2.089571475982666,attack,Yes
230,1,1,0.8519527869325346,-0.6448003053665161,-2.3948001861572266,attack,Yes
231,1,1,0.7772998714925403,-0.684370219707489,-1.9343702793121338,attack,Yes
232,1,1,0.5621765008857981,-1.079333782196045,-1.329333782196045,attack,Yes
233,1,0,0.3208212878370535,-1.4529972076416016,-0.7029971480369568,attack,No
234,1,0,0.06008665354025422,-3.382342576980591,-0.6323426365852356,attack,no
235,1,1,0.9046505402422645,-0.6258205771446228,-2.8758206367492676,attack,Yes
236,1,0,0.20181323186177208,-2.09196138381958,-0.7169614434242249,attack,no
237,1,1,0.5312093733737563,-1.1385942697525024,-1.2635942697525024,attack,Yes
238,1,0,0.08509904036636974,-2.925787925720215,-0.5507878661155701,attack,No
239,1,0,0.13296424706933604,-2.351262331008911,-0.4762623906135559,attack,No
240,1,0,0.06008665017400762,-3.2318568229675293,-0.4818568229675293,attack,No
241,1,1,0.7981867873410141,-0.8170058131217957,-2.1920058727264404,attack,Yes
242,1,0,0.4073334000459302,-1.2366681098937988,-0.8616681098937988,attack,No
243,1,1,0.8354835289107309,-0.7153320908546448,-2.34033203125,attack,Yes
244,1,0,0.5,-1.278791069984436,-1.278791069984436,attack,no
245,1,1,0.7310585903489892,-0.7434088587760925,-1.7434089183807373,attack,Yes
246,1,0,0.10669059962643358,-2.60957670211792,-0.4845767617225647,attack,No
247,1,0,0.4073334000459302,-1.4768328666687012,-1.1018328666687012,attack,No
248,1,1,0.851952809486198,-0.5117470622062683,-2.261747121810913,attack,Yes
249,1,1,0.9241418158002492,-0.4709990620613098,-2.970999002456665,attack,Yes
250,1,1,0.5312093733737563,-1.069156527519226,-1.194156527519226,attack,Yes
251,1,0,0.16451647108926923,-2.2966902256011963,-0.6716902852058411,attack,No
252,1,1,0.8519528019683106,-0.7489311695098877,-2.4989311695098877,attack,Yes
253,1,1,0.6513548782017746,-0.8972977995872498,-1.5222978591918945,attack,Yes
254,1,0,0.13296424706933604,-2.5454862117767334,-0.6704862713813782,attack,no
255,1,0,0.46879062662624377,-1.1271367073059082,-1.0021367073059082,attack,No
256,1,1,0.798186768138228,-0.8296950459480286,-2.204694986343384,attack,Yes
257,1,1,0.9399133498259924,-0.4505782127380371,-3.200578212738037,attack,Yes
258,1,1,0.6224593312018546,-1.0713865756988525,-1.5713865756988525,attack,Yes
259,1,0,0.24508503518827837,-2.0471816062927246,-0.9221817255020142,attack,no
260,1,1,0.893309411735131,-0.5493237376213074,-2.674323797225952,attack,Yes
261,1,1,0.5926665999540697,-1.0999664068222046,-1.4749664068222046,attack,Yes
262,1,0,0.29421497216298875,-1.650423288345337,-0.7754232883453369,attack,No
263,1,1,0.6513548511303336,-0.8511133790016174,-1.4761133193969727,attack,Yes
264,1,1,0.8354835289107309,-0.7067576050758362,-2.3317575454711914,attack,Yes
265,1,1,0.7549149868676283,-0.4928625822067261,-1.617862582206726,attack,Yes
266,1,1,0.7549149868676283,-0.9176719188690186,-2.0426719188690186,attack,Yes
267,1,0,0.1645164628965632,-2.071401596069336,-0.44640159606933594,attack,No
268,1,1,0.679178699175393,-0.7051432132720947,-1.4551432132720947,attack,Yes
269,1,1,0.679178699175393,-0.663366436958313,-1.413366436958313,attack,Yes
270,1,0,0.29421497216298875,-1.6768063306808472,-0.8018063306808472,attack,No
271,1,1,0.7057850278370112,-0.5954817533493042,-1.4704817533493042,attack,Yes
272,1,1,0.5312093733737563,-1.0077669620513916,-1.1327669620513916,attack,Yes
273,1,1,0.8519527982093668,-0.39247873425483704,-2.1424787044525146,attack,Yes
274,1,0,0.4378234991142019,-1.2375755310058594,-0.9875755310058594,attack,No
275,1,1,0.8175744850834649,-0.8883256316184998,-2.3883256912231445,attack,Yes
276,1,1,0.8519527944504226,-0.7245185971260071,-2.4745185375213623,attack,yes
277,1,1,0.9324533126145177,-0.6444224715232849,-3.2694225311279297,attack,Yes
278,1,0,0.4073333856566001,-1.3150029182434082,-0.9400028586387634,attack,No
279,1,1,0.7772998611746911,-0.720645546913147,-1.970645546913147,attack,Yes
280,1,0,0.4073334000459302,-1.1029069423675537,-0.7279069423675537,attack,No
281,1,1,0.5312093733737563,-1.2228574752807617,-1.3478574752807617,attack,Yes
282,1,0,0.32082130082460697,-1.480473518371582,-0.730473518371582,attack,No
283,1,0,0.14804719051380197,-2.5144243240356445,-0.7644242644309998,attack,No
284,1,1,0.7057850154599563,-0.712985098361969,-1.5879850387573242,attack,Yes
285,1,0,0.13296424706933604,-2.4282419681549072,-0.553242027759552,attack,No
286,1,1,0.6513548646660542,-1.0894500017166138,-1.7144500017166138,attack,Yes
287,1,0,0.2942149597859341,-1.6673777103424072,-0.7923776507377625,attack,No
288,1,0,0.4073334000459302,-1.4228863716125488,-1.0478863716125488,attack,No
289,1,0,0.29421497216298875,-1.4603724479675293,-0.5853724479675293,attack,No
290,1,0,0.3775406547908327,-1.3560383319854736,-0.8560382723808289,attack,No
291,1,1,0.5926665999540697,-0.9311399459838867,-1.3061399459838867,attack,Yes
292,1,0,0.34864513533394575,-1.6131974458694458,-0.9881974458694458,attack,No
293,1,0,0.2689414330889798,-1.8294918537139893,-0.829491913318634,attack,No
294,1,1,0.7310585669110203,-0.7898657917976379,-1.7898657321929932,attack,Yes
295,1,0,0.2689414330889798,-1.6416869163513184,-0.6416869759559631,attack,No
296,1,0,0.2942149597859341,-1.7538871765136719,-0.8788871169090271,attack,No
297,1,1,0.6224593312018546,-0.9208555221557617,-1.4208555221557617,attack,Yes
298,1,1,0.914900950352329,-0.5200121998786926,-2.895012140274048,attack,Yes
299,1,0,0.11920290950590741,-2.501800537109375,-0.5018004179000854,attack,No
300,1,1,0.8670357598021706,-0.5320875644683838,-2.407087564468384,attack,Yes
301,1,1,0.7772998611746911,-0.8046419620513916,-2.0546419620513916,attack,Yes
302,1,1,0.9241418241572634,-0.33494943380355835,-2.834949493408203,attack,Yes
303,1,0,0.1066905825840872,-2.854126453399658,-0.7291263341903687,attack,no
304,1,1,0.6791787121629466,-0.6953155398368835,-1.4453155994415283,attack,Yes
305,1,0,0.5,-1.0970940589904785,-1.0970940589904785,attack,No
306,1,1,0.7057850278370112,-0.6234582662582397,-1.4984582662582397,attack,Yes
307,1,1,0.6224593312018546,-0.9941359758377075,-1.4941359758377075,attack,Yes
308,1,1,0.6513548646660542,-0.8532466888427734,-1.4782466888427734,attack,Yes
309,1,1,0.7057850278370112,-0.7137188911437988,-1.5887188911437988,attack,Yes
310,1,0,0.18242550602671442,-2.1882076263427734,-0.6882075071334839,attack,No
311,1,1,0.8519528019683106,-0.5569241046905518,-2.3069241046905518,attack,Yes
312,1,0,0.4073334000459302,-1.4077999591827393,-1.0327999591827393,attack,No
313,1,1,0.8807970779778823,-0.44718337059020996,-2.44718337059021,attack,Yes
314,1,0,0.24508502416032488,-2.046154022216797,-0.9211540818214417,attack,no
315,1,1,0.8354835371034369,-0.7690129280090332,-2.394012928009033,attack,Yes
316,1,1,0.5926665999540697,-0.791649580001831,-1.166649580001831,attack,Yes
317,1,1,0.7549149868676283,-0.8228112459182739,-1.947811245918274,attack,Yes
318,1,1,0.6224593312018546,-0.9004974365234375,-1.4004974365234375,attack,Yes
319,1,1,0.5312093733737563,-1.031368613243103,-1.156368613243103,attack,Yes
320,1,0,0.2689414330889798,-1.7519798278808594,-0.7519798874855042,attack,No
321,1,0,0.11920293140927592,-2.4884910583496094,-0.48849114775657654,attack,no
322,1,0,0.0953494648991095,-2.9067819118499756,-0.6567819118499756,attack,No
323,1,1,0.679178699175393,-0.8362921476364136,-1.5862921476364136,attack,Yes
324,1,1,0.7057850402140659,-0.6777154803276062,-1.552715539932251,attack,Yes
325,1,1,0.9399133464597458,-0.4530051350593567,-3.203005075454712,attack,Yes
326,1,0,0.20181324146316565,-2.1993603706359863,-0.8243604898452759,attack,No
327,1,1,0.7981867873410141,-0.5858051180839539,-1.9608051776885986,attack,Yes
328,1,1,0.8670357460591569,-0.5804668664932251,-2.4554667472839355,attack,Yes
329,1,0,0.3775406547908327,-1.3288955688476562,-0.8288955092430115,attack,No
330,1,0,0.20181321265898594,-2.2495338916778564,-0.8745338320732117,attack,no
331,1,0,0.20181321265898594,-2.0476670265197754,-0.6726669669151306,attack,No
332,1,1,0.6513548511303336,-0.9260717034339905,-1.5510716438293457,attack,Yes
333,1,0,0.10669058826486906,-2.9097015857696533,-0.7847015261650085,attack,no
334,1,1,0.7772998611746911,-0.74139404296875,-1.99139404296875,attack,Yes
335,1,1,0.7549149868676283,-0.8760673999786377,-2.0010673999786377,attack,Yes
336,1,1,0.5312093733737563,-1.0496309995651245,-1.1746309995651245,attack,Yes
337,1,1,0.5621765008857981,-1.1546785831451416,-1.4046785831451416,attack,Yes
338,1,1,0.679178699175393,-0.9875000715255737,-1.7375000715255737,attack,Yes
339,1,1,0.9324533088603709,-0.7652740478515625,-3.3902740478515625,attack,Yes
340,1,1,0.7310585903489892,-0.6412236094474792,-1.641223669052124,attack,Yes
341,1,0,0.46879062662624377,-0.9762462973594666,-0.8512462973594666,attack,No
342,1,0,0.10669058826486906,-2.513819694519043,-0.3888196349143982,attack,No
343,1,1,0.8933094003735664,-0.7478235363960266,-2.872823476791382,attack,Yes
344,1,1,0.8354835207180245,-0.8065749406814575,-2.431574821472168,attack,yes
345,1,0,0.03732688306051187,-3.5370678901672363,-0.2870677709579468,attack,No
346,1,1,0.5621765008857981,-1.1846346855163574,-1.4346346855163574,attack,Yes
347,1,1,0.5621765008857981,-1.130226492881775,-1.380226492881775,attack,Yes
348,1,1,0.8807970842359877,-0.5164548754692078,-2.5164549350738525,attack,Yes
349,1,1,0.5312093733737563,-1.0898118019104004,-1.2148118019104004,attack,Yes
350,1,1,0.9046505299595163,-0.6207147240638733,-2.8707146644592285,attack,Yes
351,1,1,0.6513548646660542,-0.9411293268203735,-1.5661293268203735,attack,Yes
352,1,0,0.3486451217982255,-1.312293291091919,-0.6872932314872742,attack,No
353,1,1,0.6224593312018546,-1.0574314594268799,-1.5574314594268799,attack,Yes
354,1,0,0.5,-1.0507653951644897,-1.0507653951644897,attack,No
355,1,1,0.89330940889474,-0.43208810687065125,-2.5570881366729736,attack,Yes
356,1,0,0.18242552380635632,-1.9690213203430176,-0.4690213203430176,attack,No
357,1,1,0.5312093733737563,-1.0907518863677979,-1.2157518863677979,attack,Yes
358,1,0,0.0953494674697966,-2.5968360900878906,-0.346836119890213,attack,No
359,1,0,0.13296424706933604,-2.619943380355835,-0.7449434399604797,attack,No
360,1,1,0.6513548782017746,-0.8356346487998962,-1.460634708404541,attack,Yes
361,1,1,0.7772998818103892,-0.8897894620895386,-2.139789581298828,attack,Yes
362,1,0,0.46879062662624377,-1.3259209394454956,-1.2009209394454956,attack,No
363,1,0,0.0850990542883219,-2.7397422790527344,-0.3647423982620239,attack,No
364,1,1,0.9046505376715775,-0.4155988395214081,-2.6655988693237305,attack,Yes
365,1,1,0.9399133498259924,-0.5838594436645508,-3.333859443664551,attack,yes
366,1,1,0.679178699175393,-0.8261549472808838,-1.5761549472808838,attack,Yes
367,1,1,0.7981867873410141,-0.7030345797538757,-2.0780346393585205,attack,Yes
368,1,0,0.4073333856566001,-1.2768638134002686,-0.9018637537956238,attack,No
369,1,1,0.7772998611746911,-0.46817314624786377,-1.7181731462478638,attack,Yes
370,1,0,0.0850990519679964,-2.7679553031921387,-0.39295539259910583,attack,No
371,1,0,0.08509904268669496,-2.8427305221557617,-0.46773049235343933,attack,No
372,1,1,0.7772998611746911,-0.7541279792785645,-2.0041279792785645,attack,Yes
373,1,0,0.24508500210441886,-1.5917534828186035,-0.46675342321395874,attack,No
374,1,0,0.3208213138121609,-1.6655843257904053,-0.91558438539505,attack,no
375,1,1,0.6224593452091672,-0.9007183909416199,-1.4007184505462646,attack,Yes
376,1,1,0.7981867777396212,-0.8308963775634766,-2.2058963775634766,attack,Yes
377,1,0,0.10669059962643358,-2.511655569076538,-0.38665562868118286,attack,No
378,1,1,0.5621765008857981,-1.184061884880066,-1.434061884880066,attack,Yes
379,1,1,0.8354835289107309,-0.769470751285553,-2.394470691680908,attack,Yes
380,1,1,0.7057850278370112,-0.7527874708175659,-1.627787470817566,attack,Yes
381,1,1,0.9046505351008906,-0.6258621215820312,-2.8758621215820312,attack,Yes
382,1,0,0.14804721306746543,-2.2794923782348633,-0.5294924974441528,attack,No
383,1,0,0.22270013882530884,-1.9042185544967651,-0.6542185544967651,attack,No
384,1,0,0.0850990542883219,-2.8413214683532715,-0.46632158756256104,attack,No
385,1,1,0.6513548511303336,-0.8270016312599182,-1.4520015716552734,attack,Yes
386,1,0,0.40733341443526055,-1.328465461730957,-0.9534655213356018,attack,No
387,1,1,0.5926665999540697,-1.0997892618179321,-1.4747892618179321,attack,Yes
388,1,0,0.5,-1.2562812566757202,-1.2562812566757202,attack,No
389,1,0,0.32082130082460697,-1.6517484188079834,-0.9017484188079834,attack,No
390,1,1,0.5926665855647394,-0.9111743569374084,-1.2861742973327637,attack,Yes
391,1,0,0.09534947004048376,-3.023125171661377,-0.7731252312660217,attack,no
392,1,0,0.3775406828054583,-1.2713568210601807,-0.7713568806648254,attack,No
393,1,1,0.5312093585306514,-0.9387531876564026,-1.0637531280517578,attack,Yes
394,1,1,0.5312093733737563,-1.2168848514556885,-1.3418848514556885,attack,Yes
395,1,1,0.7772998611746911,-0.791719913482666,-2.041719913482666,attack,Yes
396,1,1,0.5926665999540697,-1.0130547285079956,-1.3880547285079956,attack,yes
397,1,0,0.5,-1.090375304222107,-1.090375304222107,attack,No
398,1,0,0.46879062662624377,-1.2093650102615356,-1.0843650102615356,attack,No
399,1,1,0.6513548782017746,-0.8284956812858582,-1.453495740890503,attack,Yes
400,1,1,0.9046505376715775,-0.48937174677848816,-2.7393717765808105,attack,Yes
401,1,1,0.679178699175393,-0.684038519859314,-1.434038519859314,attack,Yes
402,1,1,0.8175744761936437,-0.7811839580535889,-2.281183958053589,attack,Yes
403,1,1,0.7981867777396212,-0.7253372669219971,-2.100337266921997,attack,Yes
404,1,1,0.7310585903489892,-0.8051156401634216,-1.8051156997680664,attack,Yes
405,1,0,0.2689414096510108,-1.6361610889434814,-0.6361610293388367,attack,No
406,1,1,0.5926665999540697,-1.099783182144165,-1.474783182144165,attack,Yes
407,1,1,0.9241418220680101,-0.36440131068229675,-2.864401340484619,attack,Yes
408,1,1,0.8175744850834649,-0.8038963675498962,-2.303896427154541,attack,Yes
409,1,0,0.11920290950590741,-2.7915573120117188,-0.7915571928024292,attack,no
410,1,0,0.3486451488696663,-1.4382121562957764,-0.8132122159004211,attack,No
411,1,0,0.46879062662624377,-1.2935844659805298,-1.1685844659805298,attack,No
412,1,1,0.6513548646660542,-1.0219032764434814,-1.6469032764434814,attack,Yes
413,1,0,0.2689414213699951,-1.7025766372680664,-0.7025766372680664,attack,No
414,1,0,0.2689414330889798,-1.7017390727996826,-0.7017391324043274,attack,No
415,1,1,0.6513548646660542,-0.9462680816650391,-1.571268081665039,attack,Yes
416,1,1,0.7772998611746911,-0.6526973247528076,-1.9026973247528076,attack,Yes
417,1,0,0.3486451217982255,-1.2858943939208984,-0.6608943343162537,attack,No
418,1,0,0.1645164628965632,-2.2461941242218018,-0.6211941242218018,attack,No
419,1,0,0.4073334000459302,-1.2385708093643188,-0.8635708093643188,attack,No
420,1,0,0.34864513533394575,-1.4411413669586182,-0.8161413669586182,attack,No
421,1,0,0.14804719427274565,-2.1811554431915283,-0.43115541338920593,attack,No
422,1,0,0.07585817166422973,-3.1984472274780273,-0.6984471082687378,attack,No
423,1,0,0.4073334000459302,-1.2492380142211914,-0.8742380142211914,attack,No
424,1,0,0.2942149597859341,-1.579010009765625,-0.7040099501609802,attack,No
425,1,1,0.7549149868676283,-0.6077010631561279,-1.732701063156128,attack,Yes
426,1,1,0.7549150089235336,-0.9345721006393433,-2.059572219848633,attack,Yes
427,1,0,0.37754066879814546,-1.3565701246261597,-0.8565701246261597,attack,No
428,1,1,0.6513548646660542,-0.9161925315856934,-1.5411925315856934,attack,Yes
429,1,0,0.37754066879814546,-1.5412962436676025,-1.0412962436676025,attack,No
430,1,1,0.6513548646660542,-1.067775011062622,-1.692775011062622,attack,Yes
431,1,1,0.6513548646660542,-0.925140380859375,-1.550140380859375,attack,Yes
432,1,1,0.8670357735451834,-0.43108832836151123,-2.306088447570801,attack,Yes
433,1,0,0.07585818419975078,-2.85522723197937,-0.3552272915840149,attack,No
434,1,0,0.042087725512577126,-3.8524842262268066,-0.7274841666221619,attack,no
435,1,1,0.924141817889503,-0.3642940819263458,-2.8642940521240234,attack,Yes
436,1,1,0.6791787121629466,-0.69566410779953,-1.4456641674041748,attack,Yes
437,1,1,0.798186768138228,-0.5945542454719543,-1.9695541858673096,attack,Yes
438,1,0,0.2942149845400438,-1.6506023406982422,-0.775602400302887,attack,No
439,1,0,0.5,-1.2053768634796143,-1.2053768634796143,attack,No
440,1,1,0.5926666143433998,-0.911613404750824,-1.2866134643554688,attack,Yes
441,1,1,0.6224593312018546,-0.7698503732681274,-1.2698503732681274,attack,Yes
442,1,1,0.6513548646660542,-0.9925488233566284,-1.6175488233566284,attack,Yes
443,1,1,0.5926665999540697,-1.0993934869766235,-1.4743934869766235,attack,Yes
444,1,1,0.679178699175393,-0.8364120721817017,-1.5864120721817017,attack,Yes
445,1,1,0.7981867777396212,-0.9005670547485352,-2.275567054748535,attack,Yes
446,1,1,0.7772998611746911,-0.889211893081665,-2.139211893081665,attack,Yes
447,1,1,0.8670357598021706,-0.6195034980773926,-2.4945034980773926,attack,Yes
448,1,1,0.5312093585306514,-0.9867768883705139,-1.1117768287658691,attack,Yes
449,1,0,0.03732688627322502,-3.670989990234375,-0.4209899604320526,attack,No
450,1,0,0.24508500210441886,-1.9986789226531982,-0.8736788630485535,attack,no
451,1,1,0.7772998611746911,-0.5867933034896851,-1.836793303489685,attack,Yes
452,1,0,0.2689414213699951,-1.891656517982483,-0.8916565179824829,attack,No
453,1,1,0.5621765008857981,-1.1842610836029053,-1.4342610836029053,attack,Yes
454,1,1,0.7310585786300049,-0.9104049205780029,-1.910404920578003,attack,yes
455,1,1,0.7310585786300049,-0.9515092372894287,-1.9515092372894287,attack,Yes
456,1,1,0.7981867777396212,-0.4350244998931885,-1.8100244998931885,attack,Yes
457,1,0,0.04208773031866069,-3.6850292682647705,-0.5600293278694153,attack,No
458,1,0,0.5,-1.1500599384307861,-1.1500599384307861,attack,No
459,1,1,0.8933093946927838,-0.46323931217193604,-2.5882391929626465,attack,Yes
460,1,1,0.7981867777396212,-0.8752560615539551,-2.250256061553955,attack,Yes
461,1,1,0.8175744584140004,-0.7379642724990845,-2.237964153289795,attack,Yes
462,1,0,0.4378234991142019,-1.0371713638305664,-0.7871713638305664,attack,No
463,1,1,0.754914997895581,-0.5449575781822205,-1.6699576377868652,attack,Yes
464,1,1,0.9324533088603709,-0.5948324203491211,-3.219832420349121,attack,Yes
465,1,1,0.5926665999540697,-0.7372461557388306,-1.1122461557388306,attack,Yes
466,1,0,0.11920291576401235,-2.736769437789917,-0.7367693781852722,attack,No
467,1,0,0.2942149597859341,-1.6945996284484863,-0.8195995688438416,attack,No
468,1,0,0.0850990542883219,-2.7386202812194824,-0.363620400428772,attack,No
469,1,1,0.6224593312018546,-0.9197914600372314,-1.4197914600372314,attack,Yes
470,1,0,0.2689414096510108,-1.7517824172973633,-0.7517823576927185,attack,No
471,1,0,0.2942149597859341,-1.6252965927124023,-0.7502965331077576,attack,No
472,1,1,0.7310585786300049,-0.7752747535705566,-1.7752747535705566,attack,Yes
473,1,0,0.37754066879814546,-1.4091382026672363,-0.9091382026672363,attack,No
474,1,1,0.7549149868676283,-0.6671462059020996,-1.7921462059020996,attack,Yes
475,1,1,0.8519528019683106,-0.5171554088592529,-2.267155408859253,attack,Yes
476,1,1,0.5312093733737563,-1.0316739082336426,-1.1566739082336426,attack,Yes
477,1,0,0.3486451217982255,-1.2613251209259033,-0.6363250613212585,attack,No
478,1,0,0.1645164628965632,-2.3770673274993896,-0.7520673274993896,attack,no
479,1,1,0.8175744850834649,-0.7284871935844421,-2.228487253189087,attack,Yes
480,1,1,0.8354835452961425,-0.4693736433982849,-2.0943737030029297,attack,Yes
481,1,0,0.37754066879814546,-1.2944283485412598,-0.7944283485412598,attack,No
482,1,1,0.7057850278370112,-0.9475029706954956,-1.8225029706954956,attack,Yes
483,1,1,0.8519528019683106,-0.5635137557983398,-2.31351375579834,attack,Yes
484,1,1,0.9149009549929797,-0.5235118865966797,-2.8985118865966797,attack,Yes
485,1,0,0.04742587587030561,-3.448261260986328,-0.4482613205909729,attack,no
486,1,1,0.8519528019683106,-0.454500675201416,-2.204500675201416,attack,Yes
487,1,0,0.3486451488696663,-1.4005076885223389,-0.7755077481269836,attack,No
488,1,1,0.679178699175393,-0.8829758167266846,-1.6329758167266846,attack,Yes
489,1,1,0.5926665999540697,-0.8208780288696289,-1.195878028869629,attack,Yes
490,1,1,0.7549149868676283,-0.8023699522018433,-1.9273699522018433,attack,Yes
491,1,0,0.37754066879814546,-1.4786590337753296,-0.9786590337753296,attack,No
492,1,1,0.7549149868676283,-0.6953284740447998,-1.8203284740447998,attack,Yes
493,1,0,0.40733341443526055,-1.3501672744750977,-0.9751673340797424,attack,No
494,1,1,0.9046505299595163,-0.6733270287513733,-2.9233269691467285,attack,Yes
495,1,1,0.6224593312018546,-1.1348741054534912,-1.6348741054534912,attack,Yes
496,1,1,0.7549149868676283,-0.8377230167388916,-1.9627230167388916,attack,yes
497,1,1,0.8519527906914787,-0.2754276692867279,-2.0254275798797607,attack,Yes
498,1,1,0.8807970654616711,-0.7061120271682739,-2.7061119079589844,attack,Yes
499,1,1,0.8807970654616711,-0.5276585817337036,-2.527658462524414,attack,Yes
500,1,1,0.7772998405389918,-0.7920819520950317,-2.042081832885742,attack,Yes
501,1,0,0.37754066879814546,-1.4899132251739502,-0.9899132251739502,attack,No
502,1,0,0.5,-0.9997246861457825,-0.9997246861457825,attack,No
503,1,0,0.4378234844434674,-1.1400234699249268,-0.890023410320282,attack,No
504,1,1,0.7549149648117217,-0.8919554948806763,-2.0169553756713867,attack,Yes
505,1,1,0.5621765008857981,-1.053712010383606,-1.303712010383606,attack,Yes
506,1,1,0.7310585786300049,-0.7021206617355347,-1.7021206617355347,attack,Yes
507,1,0,0.5,-1.1582460403442383,-1.1582460403442383,attack,No
508,1,1,0.5312093733737563,-0.9533220529556274,-1.0783220529556274,attack,Yes
509,1,1,0.5621765008857981,-0.9680267572402954,-1.2180267572402954,attack,Yes
510,1,1,0.7981867777396212,-0.7140238285064697,-2.0890238285064697,attack,Yes
511,1,1,0.7549149648117217,-0.8919841051101685,-2.016983985900879,attack,Yes
512,1,0,0.46879062662624377,-1.3244738578796387,-1.1994738578796387,attack,No
513,1,0,0.01590639077880068,-4.771604061126709,-0.6466040015220642,attack,no
514,1,0,0.29421497216298875,-1.7189596891403198,-0.8439596891403198,attack,no
515,1,0,0.24508501313237172,-2.009418249130249,-0.884418249130249,attack,no
516,1,0,0.4073334000459302,-1.347983479499817,-0.9729834794998169,attack,No
517,1,1,0.835483553488848,-0.8060239553451538,-2.4310240745544434,attack,yes
518,1,0,0.5,-1.1860771179199219,-1.1860771179199219,attack,no
519,1,0,0.18242551936144574,-1.894219994544983,-0.3942199647426605,attack,No
520,1,0,0.10669058826486906,-2.903406858444214,-0.7784067988395691,attack,no
521,1,1,0.835483553488848,-0.7146214246749878,-2.3396215438842773,attack,Yes
522,1,0,0.46879062662624377,-1.3608312606811523,-1.2358312606811523,attack,no
523,1,1,0.679178699175393,-0.9014490842819214,-1.6514490842819214,attack,Yes
524,1,0,0.22270012850745968,-1.8928439617156982,-0.6428439021110535,attack,No
525,1,0,0.3486451488696663,-1.3927781581878662,-0.767778217792511,attack,No
526,1,1,0.8354835371034369,-0.8256893157958984,-2.4506893157958984,attack,Yes
527,1,1,0.5312093733737563,-1.0916693210601807,-1.2166693210601807,attack,Yes
528,1,1,0.893309411735131,-0.543977677822113,-2.668977737426758,attack,Yes
529,1,0,0.1480471829959148,-2.361636161804199,-0.6116360425949097,attack,No
530,1,1,0.8175744673038221,-0.49253636598587036,-1.9925363063812256,attack,Yes
531,1,1,0.5621764862150634,-0.9478543400764465,-1.1978542804718018,attack,Yes
532,1,0,0.4378235137849365,-1.1749134063720703,-0.9249134659767151,attack,No
533,1,1,0.904650527388829,-0.41556939482688904,-2.665569305419922,attack,Yes
534,1,1,0.679178699175393,-0.6249904632568359,-1.374990463256836,attack,Yes
535,1,1,0.9046505402422645,-0.6372501254081726,-2.8872501850128174,attack,Yes
536,1,0,0.34864513533394575,-1.4911160469055176,-0.8661160469055176,attack,No
537,1,1,0.6224593312018546,-1.1036171913146973,-1.6036171913146973,attack,Yes
538,1,1,0.679178699175393,-0.8712515830993652,-1.6212515830993652,attack,Yes
539,1,0,0.46879062662624377,-1.3806284666061401,-1.2556284666061401,attack,no
540,1,0,0.07585818419975078,-3.2000012397766113,-0.7000012993812561,attack,no
541,1,1,0.8807970904940926,-0.6995061635971069,-2.6995062828063965,attack,Yes
542,1,1,0.9324533088603709,-0.49765658378601074,-3.1226565837860107,attack,Yes
543,1,0,0.3208213138121609,-1.5272912979125977,-0.7772913575172424,attack,No
544,1,1,0.8670357666736773,-0.7293924689292908,-2.6043925285339355,attack,Yes
545,1,1,0.7981867777396212,-0.6165165901184082,-1.9915165901184082,attack,Yes
546,1,0,0.5,-1.2380597591400146,-1.2380597591400146,attack,No
547,1,1,0.7310585786300049,-0.8068029880523682,-1.8068029880523682,attack,Yes
548,1,0,0.29421497216298875,-1.8063679933547974,-0.9313679933547974,attack,no
549,1,0,0.20181323186177208,-1.8970532417297363,-0.5220533013343811,attack,No
550,1,0,0.4378234991142019,-1.299004077911377,-1.049004077911377,attack,No
551,1,1,0.9324533051062237,-0.5002239346504211,-3.1252238750457764,attack,Yes
552,1,1,0.914900950352329,-0.666910707950592,-3.0419106483459473,attack,Yes
553,1,0,0.20181320305759334,-2.049457550048828,-0.6744574308395386,attack,No
554,1,1,0.7310585669110203,-0.9104674458503723,-1.9104673862457275,attack,Yes
555,1,0,0.46879062662624377,-1.2076784372329712,-1.0826784372329712,attack,No
556,1,1,0.835483553488848,-0.7688854932785034,-2.393885612487793,attack,Yes
557,1,0,0.22270013882530884,-1.9111472368240356,-0.6611472368240356,attack,No
558,1,0,0.5,-1.235335350036621,-1.235335350036621,attack,No
559,1,0,0.24508501313237172,-1.731196641921997,-0.6061966419219971,attack,No
560,1,1,0.7310585786300049,-0.7739577293395996,-1.7739577293395996,attack,Yes
561,1,1,0.6791787121629466,-0.7832836508750916,-1.5332837104797363,attack,Yes
562,1,1,0.7310585669110203,-0.8206072449684143,-1.8206071853637695,attack,Yes
563,1,1,0.6224593452091672,-0.8388368487358093,-1.338836908340454,attack,Yes
564,1,0,0.5,-1.2787747383117676,-1.2787747383117676,attack,no
565,1,1,0.7310585669110203,-0.7301569581031799,-1.7301568984985352,attack,Yes
566,1,0,0.22270012850745968,-2.0975215435028076,-0.8475214838981628,attack,no
567,1,0,0.37754066879814546,-1.5391886234283447,-1.0391886234283447,attack,no
568,1,0,0.16451646699291617,-2.105156660079956,-0.48015668988227844,attack,No
569,1,0,0.4378234991142019,-1.435282588005066,-1.185282588005066,attack,no
570,1,1,0.7981867777396212,-0.8303382396697998,-2.2053382396698,attack,Yes
571,1,1,0.8354835452961425,-0.7689804434776306,-2.3939805030822754,attack,Yes
572,1,0,0.46879062662624377,-1.1565989255905151,-1.0315989255905151,attack,No
573,1,1,0.8670357735451834,-0.6761130094528198,-2.5511131286621094,attack,Yes
574,1,1,0.5312093733737563,-0.9697611331939697,-1.0947611331939697,attack,Yes
575,1,0,0.04742587721667508,-3.4731483459472656,-0.4731484353542328,attack,No
576,1,0,0.22270014914315833,-1.9871649742126465,-0.7371650338172913,attack,No
577,1,0,0.08509904964767095,-2.738463878631592,-0.3634639382362366,attack,No
578,1,1,0.7981867777396212,-0.7344200611114502,-2.10942006111145,attack,yes
579,1,1,0.7981867777396212,-0.5499805212020874,-1.9249805212020874,attack,Yes
580,1,0,0.3486451488696663,-1.5626893043518066,-0.9376893639564514,attack,No
581,1,1,0.7310585786300049,-0.702323317527771,-1.702323317527771,attack,Yes
582,1,1,0.8519527869325346,-0.5919705629348755,-2.341970443725586,attack,Yes
583,1,1,0.8175744761936437,-0.7719917297363281,-2.271991729736328,attack,yes
584,1,0,0.4073334000459302,-1.3302839994430542,-0.9552839994430542,attack,No
585,1,1,0.5312093733737563,-0.9872920513153076,-1.1122920513153076,attack,Yes
586,1,1,0.9046505376715775,-0.4155747592449188,-2.665574789047241,attack,Yes
587,1,1,0.8175744850834649,-0.4855439066886902,-1.985543966293335,attack,Yes
588,1,1,0.7549149868676283,-0.5172785520553589,-1.6422785520553589,attack,Yes
589,1,1,0.7057850278370112,-0.9109324216842651,-1.7859324216842651,attack,Yes
590,1,0,0.32082130082460697,-1.5348403453826904,-0.7848403453826904,attack,No
591,1,0,0.24508502416032488,-1.7035012245178223,-0.578501284122467,attack,No
592,1,1,0.8354835330070839,-0.34632351994514465,-1.9713234901428223,attack,Yes
593,1,0,0.04208773272170267,-3.736016273498535,-0.6110163927078247,attack,No
594,1,1,0.7310585903489892,-0.7737881541252136,-1.7737882137298584,attack,Yes
595,1,0,0.3486451217982255,-1.471522569656372,-0.8465225100517273,attack,No
596,1,1,0.9465966709534505,-0.23578117787837982,-3.110781192779541,attack,Yes
597,1,1,0.5312093733737563,-1.0479848384857178,-1.1729848384857178,attack,Yes
598,1,1,0.6791786861878392,-0.8534999489784241,-1.6034998893737793,attack,Yes
599,1,0,0.20181321265898594,-1.8965461254119873,-0.5215460658073425,attack,No
600,1,1,0.8807970842359877,-0.5636143088340759,-2.5636143684387207,attack,Yes
601,1,1,0.9046505351008906,-0.6313092708587646,-2.8813092708587646,attack,Yes
602,1,0,0.18242553269617778,-2.07364821434021,-0.5736482739448547,attack,No
603,1,0,0.32082130082460697,-1.5673879384994507,-0.8173879384994507,attack,No
604,1,0,0.18242553269617778,-2.1097779273986816,-0.6097779870033264,attack,No
605,1,0,0.014063627043245474,-4.839474678039551,-0.5894746780395508,attack,no
606,1,0,0.5,-0.9060742855072021,-0.9060742855072021,attack,No
607,1,0,0.32082130082460697,-1.5260576009750366,-0.7760576009750366,attack,No
608,1,1,0.7310585669110203,-0.9816208481788635,-1.9816207885742188,attack,Yes
609,1,0,0.29421497216298875,-1.5451819896697998,-0.6701819896697998,attack,No
610,1,1,0.5312093733737563,-1.0099326372146606,-1.1349326372146606,attack,Yes
611,1,0,0.24508500210441886,-1.7805218696594238,-0.655521810054779,attack,No
612,1,1,0.679178699175393,-0.9526959657669067,-1.7026959657669067,attack,Yes
613,1,0,0.1645164628965632,-2.2102768421173096,-0.5852768421173096,attack,No
614,1,0,0.5,-1.2042624950408936,-1.2042624950408936,attack,No
615,1,1,0.7772998714925403,-0.845664918422699,-2.0956649780273438,attack,Yes
616,1,0,0.22270014398423357,-1.713487982749939,-0.46348801255226135,attack,No
617,1,1,0.8670357666736773,-0.8313199877738953,-2.70632004737854,attack,Yes
618,1,1,0.7310585786300049,-0.9272795915603638,-1.9272795915603638,attack,Yes
619,1,0,0.2942149597859341,-1.5420629978179932,-0.6670629382133484,attack,No
620,1,0,0.06754669677084987,-3.073995590209961,-0.4489956796169281,attack,no
621,1,1,0.8670357666736773,-0.7781476378440857,-2.6531476974487305,attack,Yes
622,1,1,0.8807970904940926,-0.516748309135437,-2.5167484283447266,attack,Yes
623,1,1,0.7981867825403176,-0.45979568362236023,-1.8347957134246826,attack,Yes
624,1,0,0.1066905825840872,-2.8540897369384766,-0.729089617729187,attack,no
625,1,1,0.8175744761936437,-0.6888124942779541,-2.188812494277954,attack,Yes
626,1,0,0.34864513533394575,-1.257106900215149,-0.6321069002151489,attack,No
627,1,1,0.5621765008857981,-0.8314399719238281,-1.0814399719238281,attack,Yes
628,1,0,0.40733341443526055,-1.2758464813232422,-0.900846540927887,attack,No
629,1,1,0.679178699175393,-0.7164230346679688,-1.4664230346679688,attack,Yes
630,1,0,0.4073334000459302,-1.408349871635437,-1.033349871635437,attack,No
631,1,0,0.2942149845400438,-1.7430732250213623,-0.8680732846260071,attack,No
632,1,1,0.754914975839675,-0.8922620415687561,-2.0172619819641113,attack,Yes
633,1,1,0.5621765008857981,-0.8319157361984253,-1.0819157361984253,attack,Yes
634,1,1,0.9046505402422645,-0.7849695086479187,-3.0349695682525635,attack,Yes
635,1,1,0.754914997895581,-0.7393564581871033,-1.864356517791748,attack,Yes
636,1,0,0.18242552380635632,-2.06980299949646,-0.56980299949646,attack,No
637,1,1,0.5621765008857981,-1.031999945640564,-1.281999945640564,attack,Yes
638,1,1,0.6513548646660542,-0.9452800750732422,-1.5702800750732422,attack,Yes
639,1,0,0.3775406828054583,-1.4096829891204834,-0.9096830487251282,attack,No
640,1,1,0.9525741322079105,-0.4349726438522339,-3.4349727630615234,attack,Yes
641,1,0,0.46879062662624377,-1.1405211687088013,-1.0155211687088013,attack,No
642,1,0,0.24508501313237172,-1.9897092580795288,-0.8647092580795288,attack,No
643,1,1,0.7772998611746911,-0.6424120664596558,-1.8924120664596558,attack,Yes
644,1,1,0.5621765155565327,-0.9481906294822693,-1.198190689086914,attack,Yes
645,1,0,0.24508500210441886,-1.692612648010254,-0.5676125884056091,attack,No
646,1,1,0.7772998611746911,-0.88942551612854,-2.13942551612854,attack,Yes
647,1,1,0.5621765008857981,-0.9873193502426147,-1.2373193502426147,attack,Yes
648,1,1,0.8354835371034369,-0.6120150089263916,-2.2370150089263916,attack,Yes
649,1,1,0.6224593312018546,-0.8222310543060303,-1.3222310543060303,attack,Yes
650,1,0,0.14804721306746543,-2.531182289123535,-0.7811824083328247,attack,no
651,1,1,0.9241418137109955,-0.3325727880001068,-2.8325726985931396,attack,Yes
652,1,0,0.46879062662624377,-1.0085902214050293,-0.8835902214050293,attack,No
653,1,1,0.7772998818103892,-0.9247540235519409,-2.1747541427612305,attack,Yes
654,1,0,0.2942149597859341,-1.3928754329681396,-0.5178753733634949,attack,No
655,1,0,0.5,-1.072907567024231,-1.072907567024231,attack,No
656,1,1,0.5621765008857981,-1.0306264162063599,-1.2806264162063599,attack,Yes
657,1,0,0.14804719051380197,-2.3619225025177,-0.6119224429130554,attack,No
658,1,1,0.5621765008857981,-1.0071301460266113,-1.2571301460266113,attack,Yes
659,1,1,0.7310585786300049,-0.8728446960449219,-1.8728446960449219,attack,Yes
660,1,0,0.4378234844434674,-1.2135412693023682,-0.9635412096977234,attack,No
661,1,0,0.2689414213699951,-1.857758641242981,-0.857758641242981,attack,No
662,1,0,0.2689414096510108,-1.9023776054382324,-0.9023775458335876,attack,No
663,1,1,0.7549149868676283,-0.9648876190185547,-2.0898876190185547,attack,Yes
664,1,1,0.679178699175393,-0.8526321649551392,-1.6026321649551392,attack,Yes
665,1,1,0.6791787121629466,-0.8261722922325134,-1.5761723518371582,attack,Yes
666,1,0,0.20181321265898594,-1.8960812091827393,-0.5210811495780945,attack,No
667,1,1,0.7057850278370112,-0.713334321975708,-1.588334321975708,attack,Yes
668,1,1,0.9324533126145177,-0.45857375860214233,-3.083573818206787,attack,Yes
669,1,1,0.9149009596336303,-0.6626948714256287,-3.0376949310302734,attack,Yes
670,1,0,0.4073334000459302,-1.4219785928726196,-1.0469785928726196,attack,No
671,1,1,0.8807970904940926,-0.5589174032211304,-2.55891752243042,attack,Yes
672,1,0,0.18242553269617778,-2.1934309005737305,-0.6934309601783752,attack,No
673,1,0,0.22270012850745968,-2.0971295833587646,-0.8471295237541199,attack,No
674,1,0,0.1480471829959148,-2.419140338897705,-0.6691402196884155,attack,No
675,1,1,0.7981867777396212,-0.5425093173980713,-1.9175093173980713,attack,Yes
676,1,1,0.8933094003735664,-0.644374668598175,-2.7693746089935303,attack,Yes
677,1,0,0.2942149845400438,-1.6718437671661377,-0.7968438267707825,attack,no
678,1,1,0.8175744761936437,-0.5997576713562012,-2.099757671356201,attack,Yes
679,1,0,0.4073333856566001,-1.3160176277160645,-0.9410175681114197,attack,No
680,1,1,0.7981867777396212,-0.8408033847808838,-2.215803384780884,attack,yes
681,1,0,0.18242553269617778,-2.104588270187378,-0.6045883297920227,attack,No
682,1,1,0.5312093733737563,-1.0677707195281982,-1.1927707195281982,attack,Yes
683,1,0,0.3486451488696663,-1.4013803005218506,-0.7763803601264954,attack,No
684,1,0,0.4073334000459302,-1.3053442239761353,-0.9303442239761353,attack,No
685,1,0,0.5,-1.2906321287155151,-1.2906321287155151,attack,no
686,1,1,0.8519528170040853,-0.4193209409713745,-2.169321060180664,attack,Yes
687,1,1,0.6513548646660542,-0.9463084936141968,-1.5713084936141968,attack,Yes
688,1,0,0.03732688948593843,-3.725281238555908,-0.475281298160553,attack,no
689,1,1,0.6513548646660542,-0.9261692762374878,-1.5511692762374878,attack,yes
690,1,1,0.6513548646660542,-0.812036395072937,-1.437036395072937,attack,Yes
691,1,1,0.8670357598021706,-0.53243088722229,-2.40743088722229,attack,Yes
692,1,1,0.9399133531922388,-0.5408756136894226,-3.2908756732940674,attack,Yes
693,1,1,0.5312093733737563,-1.2455854415893555,-1.3705854415893555,attack,Yes
694,1,1,0.8807970654616711,-0.720955491065979,-2.7209553718566895,attack,Yes
695,1,1,0.5621765008857981,-1.1048022508621216,-1.3548022508621216,attack,Yes
696,1,0,0.3208212878370535,-1.6523070335388184,-0.9023069739341736,attack,no
697,1,0,0.32082130082460697,-1.4529837369918823,-0.7029837369918823,attack,No
698,1,0,0.46879062662624377,-1.2104480266571045,-1.0854480266571045,attack,No
699,1,0,0.24508500210441886,-1.780160903930664,-0.6551608443260193,attack,No
700,1,0,0.22270014398423357,-1.6946635246276855,-0.44466355443000793,attack,No
701,1,0,0.46879062662624377,-1.127734899520874,-1.002734899520874,attack,No
702,1,1,0.8933094174159129,-0.6439989805221558,-2.7689990997314453,attack,Yes
703,1,1,0.7310585786300049,-0.9509444236755371,-1.950944423675537,attack,Yes
704,1,1,0.8354835371034369,-0.769014835357666,-2.394014835357666,attack,Yes
705,1,0,0.07585817166422973,-3.092115879058838,-0.5921157598495483,attack,No
706,1,1,0.9149009480320036,-0.34549984335899353,-2.7204997539520264,attack,Yes
707,1,1,0.9241418158002492,-0.558908998966217,-3.0589089393615723,attack,Yes
708,1,1,0.5621765008857981,-1.1287002563476562,-1.3787002563476562,attack,Yes
709,1,0,0.5,-1.1095631122589111,-1.1095631122589111,attack,No
710,1,0,0.07585818002124356,-2.999772548675537,-0.4997725486755371,attack,No
711,1,0,0.5,-0.9269001483917236,-0.9269001483917236,attack,No
712,1,1,0.5926665855647394,-0.763416588306427,-1.1384165287017822,attack,Yes
713,1,1,0.7057850154599563,-0.7028663754463196,-1.5778663158416748,attack,Yes
714,1,1,0.8175744850834649,-0.5536155104637146,-2.0536155700683594,attack,Yes
715,1,1,0.5926665999540697,-0.9530261754989624,-1.3280261754989624,attack,Yes
716,1,0,0.3486451488696663,-1.3594520092010498,-0.7344520688056946,attack,No
717,1,1,0.8807970873650403,-0.44729581475257874,-2.447295904159546,attack,Yes
718,1,0,0.29421497216298875,-1.4867994785308838,-0.6117994785308838,attack,No
719,1,1,0.7772998508568416,-0.6229124665260315,-1.8729124069213867,attack,Yes
720,1,1,0.5312093733737563,-0.7979978919029236,-0.9229978919029236,attack,Yes
721,1,0,0.04742587587030561,-3.352410316467285,-0.35241037607192993,attack,no
722,1,0,0.22270012850745968,-1.8600437641143799,-0.6100437045097351,attack,No
723,1,0,0.22270011818961086,-2.0193424224853516,-0.769342303276062,attack,no
724,1,1,0.6513548511303336,-0.8523653149604797,-1.477365255355835,attack,Yes
725,1,1,0.8807970779778823,-0.4110684394836426,-2.4110684394836426,attack,Yes
726,1,1,0.6513548646660542,-0.8523752689361572,-1.4773752689361572,attack,Yes
727,1,1,0.5926665999540697,-0.9745571613311768,-1.3495571613311768,attack,Yes
728,1,0,0.4073334000459302,-1.332129716873169,-0.957129716873169,attack,No
729,1,0,0.2689414096510108,-1.6662323474884033,-0.6662322878837585,attack,No
730,1,1,0.7549149648117217,-0.8931280374526978,-2.018127918243408,attack,Yes
731,1,1,0.5312093733737563,-1.1396363973617554,-1.2646363973617554,attack,Yes
732,1,1,0.7772998818103892,-0.8604506254196167,-2.1104507446289062,attack,Yes
733,1,0,0.20181321265898594,-1.9007840156555176,-0.5257839560508728,attack,No
734,1,0,0.18242552380635632,-2.229671001434326,-0.7296710014343262,attack,no
735,1,1,0.5926665999540697,-1.0753346681594849,-1.4503346681594849,attack,Yes
736,1,1,0.8354835452961425,-0.7152771353721619,-2.3402771949768066,attack,Yes
737,1,1,0.6791787121629466,-0.7923111319541931,-1.542311191558838,attack,Yes
738,1,0,0.0675466911396291,-3.073974609375,-0.448974609375,attack,No
739,1,0,0.22270012850745968,-1.8606140613555908,-0.610614001750946,attack,No
740,1,1,0.6224593171945417,-0.9933915734291077,-1.493391513824463,attack,Yes
741,1,1,0.7981867873410141,-0.4348911643028259,-1.8098912239074707,attack,Yes
742,1,1,0.679178699175393,-0.9000756740570068,-1.6500756740570068,attack,Yes
743,1,0,0.22270013882530884,-1.7952107191085815,-0.5452107191085815,attack,No
744,1,0,0.08509904500702024,-3.077772855758667,-0.702772855758667,attack,No
745,1,0,0.4073334000459302,-1.424102544784546,-1.049102544784546,attack,No
746,1,0,0.34864513533394575,-1.613457202911377,-0.988457202911377,attack,No
747,1,0,0.1645164628965632,-2.2497458457946777,-0.6247458457946777,attack,No
748,1,0,0.1480471829959148,-2.3654446601867676,-0.615444540977478,attack,No
749,1,0,0.05340332678672523,-3.2994017601013184,-0.4244017004966736,attack,no
750,1,0,0.20181320305759334,-2.139693260192871,-0.7646931409835815,attack,No
751,1,1,0.9465966717067252,-0.33787986636161804,-3.2128798961639404,attack,Yes
752,1,0,0.029312237535086605,-4.103340148925781,-0.6033403873443604,attack,no
753,1,0,0.3486451488696663,-1.4108221530914307,-0.7858222126960754,attack,No
754,1,1,0.7981867969424066,-0.6678189039230347,-2.042819023132324,attack,Yes
755,1,1,0.7981867777396212,-0.7248177528381348,-2.0998177528381348,attack,Yes
756,1,0,0.4073333856566001,-1.3467555046081543,-0.9717554450035095,attack,No
757,1,0,0.2942149597859341,-1.578390121459961,-0.7033900618553162,attack,No
758,1,1,0.7310585786300049,-0.9959973096847534,-1.9959973096847534,attack,Yes
759,1,1,0.5621765008857981,-1.1834697723388672,-1.4334697723388672,attack,Yes
760,1,1,0.7057850278370112,-0.713334321975708,-1.588334321975708,attack,Yes
761,1,0,0.2689414330889798,-1.8303427696228027,-0.8303428292274475,attack,No
762,1,1,0.8670357735451834,-0.5051149129867554,-2.380115032196045,attack,Yes
763,1,1,0.8175744850834649,-0.5995439887046814,-2.099544048309326,attack,Yes
764,1,1,0.754914975839675,-0.919014036655426,-2.0440139770507812,attack,Yes
765,1,0,0.22270014398423357,-1.7430860996246338,-0.4930861294269562,attack,No
766,1,1,0.8175744850834649,-0.5186612010002136,-2.0186612606048584,attack,Yes
767,1,0,0.22270014914315833,-1.9928452968597412,-0.742845356464386,attack,No
768,1,1,0.7057850278370112,-0.8285354375839233,-1.7035354375839233,attack,Yes
769,1,1,0.8933094003735664,-0.5892642140388489,-2.714264154434204,attack,Yes
770,1,1,0.679178699175393,-0.6953310966491699,-1.44533109664917,attack,Yes
771,1,1,0.5926665999540697,-1.0458102226257324,-1.4208102226257324,attack,Yes
772,1,0,0.06754669489377622,-3.3175861835479736,-0.6925862431526184,attack,no
773,1,0,0.05340333582602272,-3.496370315551758,-0.6213704347610474,attack,No
774,1,1,0.8670357666736773,-0.7296115756034851,-2.60461163520813,attack,Yes
775,1,1,0.5621765008857981,-1.1297764778137207,-1.3797764778137207,attack,Yes
776,1,1,0.9241418158002492,-0.7090514302253723,-3.2090513706207275,attack,Yes
777,1,0,0.32082130082460697,-1.6748294830322266,-0.9248294830322266,attack,No
778,1,1,0.9241418199787566,-0.6084794998168945,-3.1084794998168945,attack,Yes
779,1,1,0.8519528019683106,-0.5504515171051025,-2.3004515171051025,attack,Yes
780,1,0,0.40733341443526055,-1.1349518299102783,-0.7599518895149231,attack,No
781,1,1,0.5621765008857981,-1.102353572845459,-1.352353572845459,attack,Yes
782,1,0,0.04742587317756679,-3.7300469875335693,-0.7300469875335693,attack,no
783,1,0,0.2689414330889798,-1.6039283275604248,-0.6039283871650696,attack,No
784,1,0,0.010986941335237732,-4.791723728179932,-0.2917236089706421,attack,No
785,1,0,0.24508501313237172,-1.7665239572525024,-0.6415239572525024,attack,No
786,1,1,0.7310585669110203,-0.688956081867218,-1.6889560222625732,attack,Yes
787,1,0,0.37754066879814546,-1.3676108121871948,-0.8676108121871948,attack,No
788,1,0,0.0675466911396291,-3.038102388381958,-0.413102388381958,attack,No
789,1,1,0.7310585786300049,-0.7296717166900635,-1.7296717166900635,attack,Yes
790,1,0,0.05340332377362639,-3.5516457557678223,-0.6766456365585327,attack,No
791,1,1,0.6224593452091672,-0.6772627234458923,-1.177262783050537,attack,Yes
792,1,0,0.20181320305759334,-2.1386642456054688,-0.7636641263961792,attack,No
793,1,1,0.7310585669110203,-0.688956081867218,-1.6889560222625732,attack,Yes
794,1,1,0.5926665999540697,-0.8553965091705322,-1.2303965091705322,attack,Yes
795,1,1,0.9046505351008906,-0.5310187339782715,-2.7810187339782715,attack,Yes
796,1,0,0.0953494648991095,-2.9623725414276123,-0.7123725414276123,attack,No
797,1,1,0.5312093733737563,-0.9063807725906372,-1.0313807725906372,attack,Yes
798,1,1,0.9525741268224334,-0.4767265319824219,-3.476726531982422,attack,Yes
799,1,1,0.679178699175393,-0.9007993936538696,-1.6507993936538696,attack,Yes
800,1,1,0.8519527944504226,-0.7581477761268616,-2.508147716522217,attack,Yes
801,1,0,0.5,-1.2501776218414307,-1.2501776218414307,attack,no
802,1,0,0.46879062662624377,-1.2751866579055786,-1.1501866579055786,attack,No
803,1,1,0.8519527869325346,-0.5568758249282837,-2.306875705718994,attack,Yes
804,1,0,0.22270014914315833,-1.7648491859436035,-0.5148492455482483,attack,No
805,1,0,0.22270012850745968,-2.0362653732299805,-0.7862653136253357,attack,No
806,1,1,0.7772998508568416,-0.7544799447059631,-2.0044798851013184,attack,Yes
807,1,0,0.18242552380635632,-2.152728319168091,-0.6527283191680908,attack,No
808,1,1,0.6224593312018546,-0.787251353263855,-1.287251353263855,attack,Yes
809,1,0,0.0600866518571309,-3.188277006149292,-0.4382770359516144,attack,no
810,1,1,0.7310585903489892,-0.8381041884422302,-1.838104248046875,attack,Yes
811,1,0,0.24508500210441886,-1.8476274013519287,-0.7226273417472839,attack,No
812,1,1,0.8354835371034369,-0.4304988384246826,-2.0554988384246826,attack,Yes
813,1,0,0.4073334000459302,-1.4942797422409058,-1.1192797422409058,attack,no
814,1,0,0.08509904964767095,-2.881410598754883,-0.5064106583595276,attack,No
815,1,1,0.5621765008857981,-1.0550212860107422,-1.3050212860107422,attack,Yes
816,1,0,0.06754669301670263,-2.854794502258301,-0.22979453206062317,attack,No
817,1,1,0.5621765008857981,-0.8048287630081177,-1.0548287630081177,attack,Yes
818,1,0,0.06008665017400762,-3.2349212169647217,-0.4849212169647217,attack,No
819,1,1,0.5312093733737563,-1.0481045246124268,-1.1731045246124268,attack,Yes
820,1,1,0.893309411735131,-0.5948135256767273,-2.719813585281372,attack,Yes
821,1,1,0.5621765008857981,-1.0324903726577759,-1.2824903726577759,attack,Yes
822,1,0,0.1645164792819756,-2.022949695587158,-0.39794981479644775,attack,No
823,1,0,0.20181321265898594,-2.0055670738220215,-0.6305670142173767,attack,No
824,1,1,0.8175744584140004,-0.5611072778701782,-2.0611071586608887,attack,Yes
825,1,0,0.4378234991142019,-1.3802968263626099,-1.1302968263626099,attack,No
826,1,0,0.3208212878370535,-1.7269177436828613,-0.9769176840782166,attack,No
827,1,0,0.1329642264548166,-2.6246495246887207,-0.7496494054794312,attack,No
828,1,1,0.7772998611746911,-0.5070978403091431,-1.757097840309143,attack,Yes
829,1,1,0.7057850154599563,-0.8107910752296448,-1.685791015625,attack,Yes
830,1,1,0.7310585786300049,-0.8722547292709351,-1.872254729270935,attack,Yes
831,1,0,0.22270013882530884,-2.072486162185669,-0.822486162185669,attack,no
832,1,1,0.7057850154599563,-0.812660276889801,-1.6876602172851562,attack,Yes
833,1,1,0.7057850402140659,-0.8596042990684509,-1.7346043586730957,attack,Yes
834,1,0,0.10669058826486906,-2.90627384185791,-0.7812737822532654,attack,no
835,1,0,0.29421497216298875,-1.6167899370193481,-0.7417899370193481,attack,No
836,1,1,0.7549149868676283,-0.738530158996582,-1.863530158996582,attack,Yes
837,1,0,0.20181324146316565,-2.146340847015381,-0.7713409662246704,attack,No
838,1,1,0.5621765008857981,-0.8049710988998413,-1.0549710988998413,attack,Yes
839,1,0,0.32082130082460697,-1.4968411922454834,-0.7468411922454834,attack,No
840,1,1,0.8175744850834649,-0.4925803542137146,-1.9925804138183594,attack,Yes
841,1,0,0.07585818419975078,-2.959012746810913,-0.45901280641555786,attack,No
842,1,1,0.6791786861878392,-0.744554340839386,-1.4945542812347412,attack,Yes
843,1,1,0.7310585786300049,-0.8218365907669067,-1.8218365907669067,attack,Yes
844,1,1,0.9465966717067252,-0.2554180324077606,-3.130418062210083,attack,Yes
845,1,0,0.042087725512577126,-3.605853319168091,-0.48085325956344604,attack,no
846,1,0,0.015906392644828796,-4.771560192108154,-0.6465602517127991,attack,No
847,1,1,0.6513548646660542,-0.880138635635376,-1.505138635635376,attack,Yes
848,1,1,0.754914997895581,-0.8924412131309509,-2.0174412727355957,attack,Yes
849,1,1,0.8519528019683106,-0.7041630744934082,-2.454163074493408,attack,Yes
850,1,0,0.029312223967627556,-4.000227928161621,-0.500227689743042,attack,No
851,1,0,0.13296424019782924,-2.4897513389587402,-0.6147513389587402,attack,no
852,1,1,0.9241418199787566,-0.7137181758880615,-3.2137181758880615,attack,Yes
853,1,0,0.5,-1.0887387990951538,-1.0887387990951538,attack,No
854,1,1,0.7772998611746911,-0.7913014888763428,-2.0413014888763428,attack,Yes
855,1,1,0.798186768138228,-0.7754941582679749,-2.15049409866333,attack,Yes
856,1,0,0.22270013882530884,-1.9929105043411255,-0.7429105043411255,attack,No
857,1,1,0.5926665855647394,-0.9514933228492737,-1.326493263244629,attack,Yes
858,1,0,0.0675466911396291,-3.267629861831665,-0.642629861831665,attack,no
859,1,1,0.8175744761936437,-0.6790881156921387,-2.1790881156921387,attack,Yes
860,1,0,0.2689414330889798,-1.7187695503234863,-0.7187696099281311,attack,No
861,1,0,0.29421497216298875,-1.7517462968826294,-0.8767462968826294,attack,No
862,1,1,0.914900945711678,-0.6145488023757935,-2.989548683166504,attack,Yes
863,1,0,0.3775406828054583,-1.4411594867706299,-0.9411595463752747,attack,No
864,1,0,0.2689414213699951,-1.7366125583648682,-0.7366125583648682,attack,No
865,1,1,0.9465966762263737,-0.5282915830612183,-3.403291702270508,attack,Yes
866,1,1,0.5312093733737563,-1.0744245052337646,-1.1994245052337646,attack,Yes
867,1,1,0.5926665999540697,-1.1256380081176758,-1.5006380081176758,attack,Yes
868,1,0,0.5,-1.130204677581787,-1.130204677581787,attack,No
869,1,0,0.3486451217982255,-1.279473066329956,-0.6544730067253113,attack,No
870,1,0,0.1645164628965632,-2.1712806224823,-0.5462806224822998,attack,No
871,1,1,0.8519527869325346,-0.48192036151885986,-2.2319202423095703,attack,Yes
872,1,0,0.22270014914315833,-1.9475276470184326,-0.6975277066230774,attack,No
873,1,0,0.07585817584273653,-3.0446462631225586,-0.5446462035179138,attack,No
874,1,1,0.7057850402140659,-0.7830495238304138,-1.6580495834350586,attack,Yes
875,1,1,0.9149009596336303,-0.4365646243095398,-2.8115646839141846,attack,Yes
876,1,1,0.8175744673038221,-0.7388623356819153,-2.2388622760772705,attack,Yes
877,1,0,0.2689414213699951,-1.7447763681411743,-0.7447763681411743,attack,No
878,1,0,0.4378234991142019,-1.0152533054351807,-0.7652533054351807,attack,No
879,1,1,0.6513548646660542,-1.0218108892440796,-1.6468108892440796,attack,Yes
880,1,1,0.8933094060543487,-0.6514918804168701,-2.77649188041687,attack,Yes
881,1,0,0.5,-1.2898839712142944,-1.2898839712142944,attack,no
882,1,0,0.5,-1.2895349264144897,-1.2895349264144897,attack,no
883,1,1,0.8807970779778823,-0.35474514961242676,-2.3547451496124268,attack,Yes
884,1,0,0.4073334000459302,-1.2142857313156128,-0.8392857313156128,attack,No
885,1,1,0.9046505299595163,-0.4891126751899719,-2.739112615585327,attack,Yes
886,1,0,0.4073334000459302,-1.1824274063110352,-0.8074274063110352,attack,No
887,1,1,0.7981867777396212,-0.5500723123550415,-1.9250723123550415,attack,Yes
888,1,1,0.7772998611746911,-0.7069156169891357,-1.9569156169891357,attack,Yes
889,1,1,0.8933094060543487,-0.6918227672576904,-2.8168227672576904,attack,Yes
890,1,0,0.32082130082460697,-1.757040023803711,-1.007040023803711,attack,no
891,1,1,0.5312093733737563,-1.215486764907837,-1.340486764907837,attack,Yes
892,1,0,0.22270014914315833,-2.0602753162384033,-0.8102753758430481,attack,no
893,1,1,0.5926665999540697,-0.997305154800415,-1.372305154800415,attack,Yes
894,1,1,0.9241418283357702,-0.7137049436569214,-3.213705062866211,attack,Yes
895,1,1,0.7310585669110203,-0.9510529637336731,-1.9510529041290283,attack,Yes
896,1,0,0.02595736021183377,-3.9433937072753906,-0.3183938264846802,attack,no
897,1,1,0.7549149868676283,-0.7085403203964233,-1.8335403203964233,attack,Yes
898,1,1,0.7549149868676283,-0.7143163681030273,-1.8393163681030273,attack,Yes
899,1,1,0.8933094032139576,-0.31688717007637024,-2.441887140274048,attack,Yes
900,1,1,0.7057850154599563,-0.8977189660072327,-1.772718906402588,attack,Yes
901,1,0,0.4073334000459302,-1.3612340688705444,-0.9862340688705444,attack,No
902,1,0,0.20181323186177208,-1.9303245544433594,-0.5553246140480042,attack,No
903,1,1,0.9046505402422645,-0.5352603793144226,-2.7852604389190674,attack,Yes
904,1,0,0.0953494648991095,-2.7984542846679688,-0.5484542846679688,attack,no
905,1,0,0.46879062662624377,-0.9914925694465637,-0.8664925694465637,attack,No
906,1,1,0.9399133498259924,-0.40995121002197266,-3.1599512100219727,attack,Yes
907,1,0,0.46879062662624377,-1.0680650472640991,-0.9430650472640991,attack,No
908,1,1,0.6513548646660542,-0.8798152208328247,-1.5048152208328247,attack,Yes
909,1,1,0.6224593312018546,-0.945677638053894,-1.445677638053894,attack,Yes
910,1,1,0.8519528170040853,-0.48756301403045654,-2.237563133239746,attack,Yes
911,1,1,0.7772998560157665,-0.48677876591682434,-1.736778736114502,attack,Yes
912,1,1,0.5621765008857981,-1.0771610736846924,-1.3271610736846924,attack,Yes
913,1,1,0.679178699175393,-0.6964550018310547,-1.4464550018310547,attack,Yes
914,1,0,0.24508501313237172,-1.9762976169586182,-0.8512976169586182,attack,no
915,1,0,0.16451645470385742,-2.210587978363037,-0.5855879187583923,attack,No
916,1,0,0.18242553269617778,-2.2986812591552734,-0.7986813187599182,attack,No
917,1,1,0.5926665999540697,-1.0208933353424072,-1.3958933353424072,attack,Yes
918,1,1,0.5621765008857981,-1.0774362087249756,-1.3274362087249756,attack,Yes
919,1,1,0.5926665999540697,-1.0751221179962158,-1.4501221179962158,attack,Yes
920,1,0,0.37754066879814546,-1.3565701246261597,-0.8565701246261597,attack,No
921,1,0,0.24508501313237172,-1.998419165611267,-0.8734191656112671,attack,no
922,1,0,0.2689414213699951,-1.8388665914535522,-0.8388665914535522,attack,No
923,1,0,0.46879062662624377,-1.27339506149292,-1.14839506149292,attack,No
924,1,0,0.46879062662624377,-1.2412580251693726,-1.1162580251693726,attack,No
925,1,0,0.1480472055495773,-2.51407527923584,-0.7640753388404846,attack,No
926,1,1,0.7310585903489892,-0.8806683421134949,-1.8806684017181396,attack,yes
927,1,1,0.924141817889503,-0.35968735814094543,-2.859687328338623,attack,Yes
928,1,1,0.8670357666736773,-0.7777950167655945,-2.6527950763702393,attack,Yes
929,1,0,0.4073334000459302,-1.1031447649002075,-0.7281447649002075,attack,No
930,1,0,0.16451647518562237,-2.1037211418151855,-0.4787212312221527,attack,No
931,1,0,0.4378234991142019,-1.330422282218933,-1.080422282218933,attack,No
932,1,0,0.3208213138121609,-1.5574159622192383,-0.8074160218238831,attack,No
933,1,0,0.4378234991142019,-1.3284809589385986,-1.0784809589385986,attack,no
934,1,1,0.851952809486198,-0.5639275908470154,-2.31392765045166,attack,Yes
935,1,1,0.893309411735131,-0.6385945677757263,-2.763594627380371,attack,Yes
936,1,1,0.7981867585368343,-0.7763549089431763,-2.1513547897338867,attack,Yes
937,1,0,0.11920291576401235,-2.737030506134033,-0.7370304465293884,attack,No
938,1,0,0.32082130082460697,-1.4951014518737793,-0.7451014518737793,attack,No
939,1,0,0.0850990519679964,-2.840949535369873,-0.4659496247768402,attack,No
940,1,0,0.017986213120429816,-4.411655902862549,-0.41165608167648315,attack,no
941,1,0,0.46879062662624377,-1.2253272533416748,-1.1003272533416748,attack,No
942,1,1,0.851952809486198,-0.5106653571128845,-2.2606654167175293,attack,Yes
943,1,0,0.060086646807761206,-3.326146364212036,-0.5761463046073914,attack,No
944,1,1,0.5926666143433998,-0.9105204939842224,-1.2855205535888672,attack,Yes
945,1,1,0.9046505299595163,-0.5314095616340637,-2.781409502029419,attack,Yes
946,1,1,0.8670357701094303,-0.43081608414649963,-2.305816173553467,attack,Yes
947,1,0,0.13296424019782924,-2.391470432281494,-0.5164704322814941,attack,No
948,1,1,0.754914997895581,-0.8761011958122253,-2.00110125541687,attack,Yes
949,1,1,0.5312093733737563,-1.1400647163391113,-1.2650647163391113,attack,Yes
950,1,1,0.8807970842359877,-0.7626776099205017,-2.7626776695251465,attack,Yes
951,1,1,0.7310585903489892,-0.6768245100975037,-1.6768245697021484,attack,Yes
952,1,1,0.939913343093499,-0.4875894784927368,-3.2375893592834473,attack,Yes
953,1,1,0.893309411735131,-0.5948612093925476,-2.7198612689971924,attack,Yes
954,1,0,0.24508502416032488,-1.988955020904541,-0.8639550805091858,attack,No
955,1,0,0.4378234991142019,-1.2827262878417969,-1.0327262878417969,attack,No
956,1,1,0.8354835207180245,-0.7690397500991821,-2.3940396308898926,attack,Yes
957,1,0,0.20181323186177208,-2.1381032466888428,-0.7631033062934875,attack,No
958,1,1,0.8519528019683106,-0.5917677879333496,-2.3417677879333496,attack,Yes
959,1,1,0.7310585669110203,-0.7305713295936584,-1.7305712699890137,attack,Yes
960,1,0,0.05340332678672523,-3.3968253135681152,-0.5218252539634705,attack,No
961,1,1,0.7981867777396212,-0.48733770847320557,-1.8623377084732056,attack,Yes
962,1,0,0.4073334000459302,-1.250666618347168,-0.875666618347168,attack,No
963,1,0,0.37754066879814546,-1.476864218711853,-0.976864218711853,attack,No
964,1,0,0.1329642333263228,-2.5517735481262207,-0.6767734885215759,attack,no
965,1,1,0.8670357494949105,-0.4888182580471039,-2.3638181686401367,attack,Yes
966,1,1,0.8933094060543487,-0.7549901008605957,-2.8799901008605957,attack,Yes
967,1,1,0.6513548646660542,-1.0486940145492554,-1.6736940145492554,attack,Yes
968,1,1,0.8175744761936437,-0.6991250514984131,-2.199125051498413,attack,Yes
969,1,0,0.11920290950590741,-2.7369866371154785,-0.736986517906189,attack,no
970,1,1,0.5621765008857981,-1.1547517776489258,-1.4047517776489258,attack,Yes
971,1,1,0.5926665999540697,-1.1567960977554321,-1.5317960977554321,attack,Yes
972,1,1,0.8670357598021706,-0.6851301193237305,-2.5601301193237305,attack,Yes
973,1,0,0.34864513533394575,-1.4495244026184082,-0.8245244026184082,attack,No
974,1,1,0.6224593312018546,-1.0031393766403198,-1.5031393766403198,attack,yes
975,1,1,0.6513548511303336,-0.8718166947364807,-1.496816635131836,attack,Yes
976,1,1,0.835483553488848,-0.7065404653549194,-2.331540584564209,attack,Yes
977,1,0,0.14804721306746543,-2.3248438835144043,-0.5748440027236938,attack,no
978,1,0,0.22270014914315833,-1.7955620288848877,-0.5455620884895325,attack,No
979,1,1,0.7772998508568416,-0.7065721154212952,-1.9565720558166504,attack,Yes
980,1,1,0.7057850278370112,-0.9448587894439697,-1.8198587894439697,attack,Yes
981,1,0,0.5,-1.185666561126709,-1.185666561126709,attack,No
982,1,1,0.9525741227833249,-0.32954272627830505,-3.329542636871338,attack,Yes
983,1,0,0.4378234991142019,-1.238750696182251,-0.988750696182251,attack,No
984,1,1,0.754914975839675,-0.6672545075416565,-1.7922544479370117,attack,Yes
985,1,0,0.1645164628965632,-2.079949140548706,-0.45494914054870605,attack,No
986,1,1,0.8175744761936437,-0.888005256652832,-2.388005256652832,attack,Yes
987,1,1,0.9241418241572634,-0.43222469091415405,-2.932224750518799,attack,Yes
988,1,0,0.2689414330889798,-1.6645374298095703,-0.6645374894142151,attack,No
989,1,1,0.6791786861878392,-0.9210548996925354,-1.6710548400878906,attack,Yes
990,1,1,0.8670357666736773,-0.5383636355400085,-2.4133636951446533,attack,Yes
991,1,0,0.34864513533394575,-1.3422425985336304,-0.7172425985336304,attack,No
992,1,1,0.8933094174159129,-0.754815936088562,-2.8798160552978516,attack,Yes
993,1,0,0.3486451488696663,-1.4922308921813965,-0.8672309517860413,attack,No
994,1,0,0.1480472055495773,-2.5672965049743652,-0.81729656457901,attack,no
995,1,0,0.4378234991142019,-1.1395063400268555,-0.8895063400268555,attack,No
996,1,0,0.29421497216298875,-1.8516134023666382,-0.9766134023666382,attack,no
997,1,1,0.7549150089235336,-0.9336532354354858,-2.0586533546447754,attack,Yes
998,1,0,0.24508500210441886,-1.8057644367218018,-0.680764377117157,attack,No
999,1,0,0.08509904036636974,-2.926356792449951,-0.5513567328453064,attack,No
1000,1,1,0.7057850278370112,-0.9859474897384644,-1.8609474897384644,attack,Yes
1001,1,1,0.8670357666736773,-0.6836046576499939,-2.5586047172546387,attack,Yes
1002,1,0,0.5,-1.0020614862442017,-1.0020614862442017,attack,No
1003,1,0,0.060086656906500974,-3.2887229919433594,-0.5387231111526489,attack,no
1004,1,1,0.7549149868676283,-0.6946251392364502,-1.8196251392364502,attack,Yes
1005,1,1,0.7981867873410141,-0.7857953906059265,-2.1607954502105713,attack,yes
1006,1,0,0.14804721306746543,-2.362154483795166,-0.6121546030044556,attack,No
1007,1,0,0.08509904964767095,-2.973527193069458,-0.5985272526741028,attack,No
1008,1,1,0.6224593312018546,-0.7865846157073975,-1.2865846157073975,attack,Yes
1009,1,1,0.8670357666736773,-0.7291538119316101,-2.604153871536255,attack,Yes
1010,1,1,0.8354835289107309,-0.7249796986579895,-2.3499796390533447,attack,Yes
1011,1,0,0.37754066879814546,-1.5420174598693848,-1.0420174598693848,attack,No
1012,1,1,0.9149009526726544,-0.4389841854572296,-2.8139841556549072,attack,Yes
1013,1,0,0.1480471980316895,-2.2817862033843994,-0.5317862033843994,attack,No
1014,1,1,0.851952809486198,-0.7387859225273132,-2.488785982131958,attack,Yes
1015,1,1,0.8519528057272543,-0.48258015513420105,-2.2325801849365234,attack,Yes
1016,1,1,0.754914997895581,-0.786529004573822,-1.9115290641784668,attack,Yes
1017,1,1,0.9149009596336303,-0.6189729571342468,-2.9939730167388916,attack,Yes
1018,1,1,0.5312093733737563,-1.2146527767181396,-1.3396527767181396,attack,Yes
1019,1,0,0.4378234991142019,-1.2832759618759155,-1.0332759618759155,attack,No
1020,1,0,0.24508502416032488,-1.9284842014312744,-0.8034842610359192,attack,no
1021,1,0,0.37754066879814546,-1.4921067953109741,-0.9921067953109741,attack,No
1022,1,1,0.8354835289107309,-0.8671150803565979,-2.492115020751953,attack,Yes
1023,1,0,0.37754066879814546,-1.5399599075317383,-1.0399599075317383,attack,No
1024,1,1,0.8175744673038221,-0.5248842835426331,-2.0248842239379883,attack,Yes
1025,1,1,0.8175744673038221,-0.7494102120399475,-2.2494101524353027,attack,Yes
1026,1,1,0.8807970904940926,-0.7131885290145874,-2.713188648223877,attack,Yes
1027,1,0,0.37754066879814546,-1.556882619857788,-1.056882619857788,attack,no
1028,1,1,0.6224593312018546,-0.8587387800216675,-1.3587387800216675,attack,Yes
1029,1,0,0.32082130082460697,-1.660943627357483,-0.9109436273574829,attack,No
1030,1,1,0.7057850278370112,-0.7133121490478516,-1.5883121490478516,attack,Yes
1031,1,0,0.3208212878370535,-1.6919033527374268,-0.941903293132782,attack,No
1032,1,0,0.29421497216298875,-1.7138439416885376,-0.8388439416885376,attack,No
1033,1,0,0.10669060530721626,-2.465897560119629,-0.34089767932891846,attack,no
1034,1,0,0.4378234991142019,-1.315847396850586,-1.065847396850586,attack,No
1035,1,1,0.754914975839675,-0.7720292210578918,-1.897029161453247,attack,Yes
1036,1,0,0.32082130082460697,-1.661422610282898,-0.911422610282898,attack,No
1037,1,1,0.9046505453836383,-0.5814622640609741,-2.8314623832702637,attack,Yes
1038,1,1,0.867035752930664,-0.7383928894996643,-2.6133928298950195,attack,Yes
1039,1,1,0.9465966702001757,-0.44362807273864746,-3.3186280727386475,attack,Yes
1040,1,0,0.37754066879814546,-1.396918773651123,-0.896918773651123,attack,No
1041,1,0,0.1824255415859996,-2.2978763580322266,-0.7978764772415161,attack,No
1042,1,0,0.4378234991142019,-1.454862117767334,-1.204862117767334,attack,no
1043,1,1,0.679178699175393,-0.6538276672363281,-1.4038276672363281,attack,Yes
1044,1,1,0.798186768138228,-0.668579638004303,-2.043579578399658,attack,Yes
1045,1,0,0.0758581737534831,-2.885577917098999,-0.38557782769203186,attack,No
1046,1,0,0.4378234991142019,-1.239881992340088,-0.9898819923400879,attack,No
1047,1,0,0.16451645470385742,-2.2157063484191895,-0.5907062888145447,attack,No
1048,1,1,0.9149009596336303,-0.7846316695213318,-3.1596317291259766,attack,Yes
1049,1,0,0.29421497216298875,-1.7033565044403076,-0.8283565044403076,attack,No
1050,1,1,0.9046505453836383,-0.734817385673523,-2.9848175048828125,attack,yes
1051,1,0,0.1824255415859996,-2.292637825012207,-0.7926379442214966,attack,No
1052,1,0,0.46879062662624377,-1.2090510129928589,-1.0840510129928589,attack,No
1053,1,1,0.6513548646660542,-0.9680776596069336,-1.5930776596069336,attack,Yes
1054,1,1,0.7310585786300049,-0.8057934045791626,-1.8057934045791626,attack,Yes
1055,1,1,0.7310585786300049,-0.772174596786499,-1.772174596786499,attack,Yes
1056,1,0,0.1329642264548166,-2.238032817840576,-0.3630326986312866,attack,No
1057,1,1,0.9046505402422645,-0.6845738291740417,-2.9345738887786865,attack,Yes
1058,1,0,0.07585818211049715,-2.919417381286621,-0.4194174110889435,attack,No
1059,1,1,0.6224593312018546,-0.9462379217147827,-1.4462379217147827,attack,Yes
1060,1,1,0.6513548646660542,-0.7914432287216187,-1.4164432287216187,attack,Yes
1061,1,1,0.5926665999540697,-1.1294007301330566,-1.5044007301330566,attack,Yes
1062,1,0,0.11920290950590741,-2.2821907997131348,-0.2821906805038452,attack,No
1063,1,0,0.20181323186177208,-2.2519381046295166,-0.8769381642341614,attack,no
1064,1,1,0.7981867873410141,-0.8408631682395935,-2.2158632278442383,attack,yes
1065,1,0,0.3775406547908327,-1.4425969123840332,-0.9425968527793884,attack,No
1066,1,0,0.34864513533394575,-1.4493622779846191,-0.8243622779846191,attack,No
1067,1,0,0.16451645470385742,-2.2144522666931152,-0.5894522070884705,attack,No
1068,1,1,0.6791787121629466,-0.8717162013053894,-1.6217162609100342,attack,Yes
1069,1,1,0.7057850402140659,-0.6550204157829285,-1.5300204753875732,attack,Yes
1070,1,0,0.09534947261117097,-2.690840005874634,-0.44084009528160095,attack,No
1071,1,0,0.20181323186177208,-2.060934066772461,-0.6859341263771057,attack,No
1072,1,0,0.37754066879814546,-1.3274555206298828,-0.8274555206298828,attack,No
1073,1,0,0.37754066879814546,-1.2239696979522705,-0.7239696979522705,attack,No
1074,1,1,0.5926665999540697,-1.0477633476257324,-1.4227633476257324,attack,Yes
1075,1,1,0.851952809486198,-0.6537243723869324,-2.403724431991577,attack,Yes
1076,1,0,0.1645164792819756,-2.21474027633667,-0.5897403955459595,attack,No
1077,1,1,0.679178699175393,-0.807823657989502,-1.557823657989502,attack,Yes
1078,1,1,0.5621765008857981,-1.1292051076889038,-1.3792051076889038,attack,Yes
1079,1,0,0.037326887344129464,-3.757350206375122,-0.5073502063751221,attack,No
1080,1,0,0.24508501313237172,-1.7668520212173462,-0.6418520212173462,attack,No
1081,1,0,0.4378234991142019,-1.347468614578247,-1.097468614578247,attack,No
1082,1,0,0.37754066879814546,-1.3263986110687256,-0.8263986110687256,attack,No
1083,1,0,0.16451645470385742,-2.1707098484039307,-0.5457097887992859,attack,No
1084,1,1,0.7057850402140659,-0.6138090491294861,-1.4888091087341309,attack,Yes
1085,1,1,0.7549149868676283,-0.7258005142211914,-1.8508005142211914,attack,Yes
1086,1,0,0.4378234991142019,-1.2829060554504395,-1.0329060554504395,attack,No
1087,1,1,0.7057850278370112,-1.005210518836975,-1.880210518836975,attack,Yes
1088,1,1,0.7772998405389918,-0.7546225786209106,-2.004622459411621,attack,Yes
1089,1,0,0.32082130082460697,-1.454554796218872,-0.7045547962188721,attack,No
1090,1,0,0.32082130082460697,-1.4597535133361816,-0.7097535133361816,attack,No
1091,1,1,0.9241418158002492,-0.28008419275283813,-2.7800841331481934,attack,Yes
1092,1,0,0.2689414213699951,-1.838846206665039,-0.8388462066650391,attack,No
1093,1,0,0.2689414213699951,-1.578052043914795,-0.5780520439147949,attack,No
1094,1,1,0.679178699175393,-0.6101436614990234,-1.3601436614990234,attack,Yes
1095,1,0,0.05340332678672523,-3.310720205307007,-0.43572014570236206,attack,No
1096,1,1,0.5312093733737563,-1.2003064155578613,-1.3253064155578613,attack,yes
1097,1,0,0.3208212878370535,-1.5350418090820312,-0.7850417494773865,attack,No
1098,1,0,0.14804720179063335,-2.183783769607544,-0.43378379940986633,attack,No
1099,1,0,0.34864513533394575,-1.6822092533111572,-1.0572092533111572,attack,no
1100,1,1,0.9324533126145177,-0.6443318724632263,-3.269331932067871,attack,Yes
1101,1,1,0.7057850154599563,-0.7546513676643372,-1.6296513080596924,attack,Yes
1102,1,1,0.7310585903489892,-0.6290695071220398,-1.6290695667266846,attack,Yes
1103,1,1,0.7772998714925403,-0.6242370009422302,-1.874237060546875,attack,Yes
1104,1,0,0.3486451488696663,-1.4218254089355469,-0.7968254685401917,attack,No
1105,1,1,0.8670357598021706,-0.7866971492767334,-2.6616971492767334,attack,Yes
1106,1,1,0.7772998714925403,-0.7917494177818298,-2.0417494773864746,attack,Yes
1107,1,1,0.9241418199787566,-0.7097256183624268,-3.2097256183624268,attack,yes
1108,1,1,0.6224593171945417,-0.8059702515602112,-1.3059701919555664,attack,Yes
1109,1,0,0.4073334000459302,-1.3587158918380737,-0.9837158918380737,attack,No
1110,1,1,0.5621765008857981,-1.1479227542877197,-1.3979227542877197,attack,yes
1111,1,1,0.5621765008857981,-1.0578792095184326,-1.3078792095184326,attack,Yes
1112,1,0,0.13296424019782924,-2.5192368030548096,-0.6442368030548096,attack,No
1113,1,1,0.9046505351008906,-0.6787114143371582,-2.928711414337158,attack,Yes
1114,1,0,0.07585817584273653,-3.1977081298828125,-0.6977080702781677,attack,No
1115,1,1,0.5926665999540697,-0.8239281177520752,-1.1989281177520752,attack,Yes
1116,1,1,0.798186768138228,-0.7760859131813049,-2.15108585357666,attack,Yes
1117,1,0,0.5,-1.2358500957489014,-1.2358500957489014,attack,No
1118,1,1,0.8175744673038221,-0.5987256169319153,-2.0987255573272705,attack,Yes
1119,1,1,0.7057850278370112,-0.8593714237213135,-1.7343714237213135,attack,Yes
1120,1,0,0.16451645470385742,-2.462672710418701,-0.8376726508140564,attack,no
1121,1,0,0.4378234991142019,-1.296614408493042,-1.046614408493042,attack,No
1122,1,1,0.8519528170040853,-0.48225438594818115,-2.2322545051574707,attack,Yes
1123,1,0,0.34864513533394575,-1.4003055095672607,-0.7753055095672607,attack,No
1124,1,1,0.6224593312018546,-1.091064453125,-1.591064453125,attack,Yes
1125,1,1,0.6513548646660542,-1.021040439605713,-1.646040439605713,attack,Yes
1126,1,1,0.8175744850834649,-0.5189823508262634,-2.018982410430908,attack,Yes
1127,1,1,0.5926665999540697,-0.8899403810501099,-1.2649403810501099,attack,Yes
1128,1,1,0.754914997895581,-0.7256869673728943,-1.850687026977539,attack,Yes
1129,1,0,0.2689414330889798,-1.7376008033752441,-0.7376008629798889,attack,No
1130,1,1,0.8519527944504226,-0.5573628544807434,-2.3073627948760986,attack,Yes
1131,1,1,0.754914997895581,-0.48576587438583374,-1.6107659339904785,attack,Yes
1132,1,0,0.07585817584273653,-2.957061290740967,-0.457061231136322,attack,No
1133,1,1,0.8933094003735664,-0.5436194539070129,-2.668619394302368,attack,Yes
1134,1,1,0.5926665855647394,-0.7765353322029114,-1.1515352725982666,attack,Yes
1135,1,0,0.2689414330889798,-1.7098770141601562,-0.709877073764801,attack,No
1136,1,0,0.2227001594610082,-2.0362367630004883,-0.7862368822097778,attack,No
1137,1,0,0.2689414213699951,-1.7519469261169434,-0.7519469261169434,attack,No
1138,1,0,0.4378234844434674,-1.029517412185669,-0.7795173525810242,attack,No
1139,1,1,0.798186768138228,-0.8170376420021057,-2.192037582397461,attack,Yes
1140,1,1,0.8519528019683106,-0.7392609119415283,-2.4892609119415283,attack,Yes
1141,1,0,0.46879062662624377,-1.3480280637741089,-1.2230280637741089,attack,no
1142,1,1,0.5621765155565327,-0.9669885039329529,-1.2169885635375977,attack,Yes
1143,1,1,0.6224593452091672,-0.7394019961357117,-1.2394020557403564,attack,Yes
1144,1,1,0.8175744673038221,-0.7384167313575745,-2.2384166717529297,attack,Yes
1145,1,0,0.37754066879814546,-1.3806486129760742,-0.8806486129760742,attack,No
1146,1,1,0.952574129515172,-0.5732678771018982,-3.573267936706543,attack,Yes
1147,1,0,0.22270013882530884,-1.7966214418411255,-0.5466214418411255,attack,No
1148,1,0,0.3486451217982255,-1.5253775119781494,-0.9003774523735046,attack,No
1149,1,0,0.02595736021183377,-4.122060298919678,-0.4970604181289673,attack,No
1150,1,1,0.939913343093499,-0.4505678415298462,-3.2005677223205566,attack,Yes
1151,1,1,0.6224593312018546,-1.0458130836486816,-1.5458130836486816,attack,Yes
1152,1,1,0.8175744850834649,-0.6707515120506287,-2.1707515716552734,attack,Yes
1153,1,1,0.8519527944504226,-0.5569849610328674,-2.3069849014282227,attack,Yes
1154,1,0,0.13296424706933604,-2.5847692489624023,-0.7097693085670471,attack,no
1155,1,1,0.9324533051062237,-0.45570141077041626,-3.0807013511657715,attack,Yes
1156,1,1,0.7772998818103892,-0.9368213415145874,-2.186821460723877,attack,Yes
1157,1,1,0.9046505248181417,-0.7964116334915161,-3.0464115142822266,attack,Yes
1158,1,0,0.10669059962643358,-2.8418126106262207,-0.7168126702308655,attack,No
1159,1,1,0.9579122696813394,-0.4731467366218567,-3.598146677017212,attack,Yes
1160,1,1,0.6224593312018546,-0.7546844482421875,-1.2546844482421875,attack,Yes
1161,1,1,0.8354835289107309,-0.6114810109138489,-2.236480951309204,attack,Yes
1162,1,1,0.7310585903489892,-0.9275922179222107,-1.9275922775268555,attack,Yes
1163,1,0,0.1645164628965632,-2.4120140075683594,-0.7870140075683594,attack,No
1164,1,1,0.679178699175393,-0.7159993648529053,-1.4659993648529053,attack,Yes
1165,1,0,0.08509904732734556,-2.68933367729187,-0.3143337070941925,attack,No
1166,1,1,0.7310585903489892,-0.716530978679657,-1.7165310382843018,attack,Yes
1167,1,1,0.5926665999540697,-1.0998048782348633,-1.4748048782348633,attack,Yes
1168,1,1,0.9525741214369554,-0.5219818353652954,-3.521981716156006,attack,Yes
1169,1,1,0.9241418283357702,-0.4325498342514038,-2.9325499534606934,attack,Yes
1170,1,0,0.22270013882530884,-1.8865618705749512,-0.6365618705749512,attack,no
1171,1,1,0.7057850154599563,-0.7258155941963196,-1.6008155345916748,attack,Yes
1172,1,0,0.08509904500702024,-2.8050358295440674,-0.4300358295440674,attack,No
1173,1,1,0.5621765008857981,-0.8781305551528931,-1.128130555152893,attack,Yes
1174,1,1,0.7549149868676283,-0.6720781326293945,-1.7970781326293945,attack,Yes
1175,1,1,0.5312093585306514,-0.9347198605537415,-1.0597198009490967,attack,Yes
1176,1,1,0.7057850402140659,-0.9550058245658875,-1.8300058841705322,attack,yes
1177,1,1,0.7057850278370112,-0.7031110525131226,-1.5781110525131226,attack,Yes
1178,1,0,0.1645164792819756,-2.1046433448791504,-0.47964346408843994,attack,No
1179,1,1,0.7310585786300049,-0.7288380861282349,-1.7288380861282349,attack,Yes
1180,1,1,0.9149009549929797,-0.7843360900878906,-3.1593360900878906,attack,Yes
1181,1,1,0.798186768138228,-0.7138457894325256,-2.088845729827881,attack,Yes
1182,1,1,0.7981867873410141,-0.7248875498771667,-2.0998876094818115,attack,Yes
1183,1,1,0.7772998611746911,-0.5775802135467529,-1.827580213546753,attack,Yes
1184,1,1,0.9046505248181417,-0.6843515634536743,-2.9343514442443848,attack,Yes
1185,1,1,0.8175744584140004,-0.6422473192214966,-2.142247200012207,attack,Yes
1186,1,0,0.0474258704848281,-3.6746485233306885,-0.6746484637260437,attack,no
1187,1,1,0.5926665999540697,-0.9133100509643555,-1.2883100509643555,attack,Yes
1188,1,0,0.29421497216298875,-1.4863293170928955,-0.6113293170928955,attack,No
1189,1,0,0.18242552380635632,-2.065160036087036,-0.5651600360870361,attack,No
1190,1,1,0.7549149868676283,-0.5438616275787354,-1.6688616275787354,attack,Yes
1191,1,1,0.7772998611746911,-0.9247806072235107,-2.1747806072235107,attack,Yes
1192,1,0,0.18242550602671442,-2.356532573699951,-0.8565324544906616,attack,no
1193,1,1,0.7772998611746911,-0.7297168970108032,-1.9797168970108032,attack,Yes
1194,1,0,0.24508501313237172,-1.774411678314209,-0.649411678314209,attack,No
1195,1,1,0.9046505376715775,-0.4546806514263153,-2.7046806812286377,attack,Yes
1196,1,1,0.9149009549929797,-0.7791132926940918,-3.154113292694092,attack,Yes
1197,1,0,0.2689414213699951,-1.702045202255249,-0.702045202255249,attack,No
1198,1,1,0.754914975839675,-0.4923568367958069,-1.617356777191162,attack,Yes
1199,1,0,0.2689414213699951,-1.6694509983062744,-0.6694509983062744,attack,No
1200,1,1,0.5926665999540697,-1.0210888385772705,-1.3960888385772705,attack,Yes
1201,1,1,0.9465966762263737,-0.6323269605636597,-3.507327079772949,attack,yes
1202,1,0,0.40733341443526055,-1.181058406829834,-0.8060584664344788,attack,No
1203,1,1,0.8354835371034369,-0.6193795204162598,-2.2443795204162598,attack,Yes
1204,1,1,0.957912274487423,-0.35645097494125366,-3.4814510345458984,attack,Yes
1205,1,0,0.3775406547908327,-1.3686087131500244,-0.8686086535453796,attack,No
1206,1,0,0.20181322226037882,-1.965251088142395,-0.590251088142395,attack,No
1207,1,0,0.5,-1.2498164176940918,-1.2498164176940918,attack,no
1208,1,0,0.4378234991142019,-1.3312692642211914,-1.0812692642211914,attack,No
1209,1,0,0.10669059394565118,-2.7917709350585938,-0.6667709350585938,attack,No
1210,1,0,0.24508502416032488,-1.934936761856079,-0.8099368214607239,attack,No
1211,1,1,0.6513548646660542,-0.7399587631225586,-1.3649587631225586,attack,Yes
1212,1,1,0.8354835452961425,-0.6758741736412048,-2.3008742332458496,attack,Yes
1213,1,1,0.9399133464597458,-0.7570357918739319,-3.507035732269287,attack,Yes
1214,1,0,0.4378234991142019,-1.400905966758728,-1.150905966758728,attack,no
1215,1,0,0.06008665017400762,-3.3851406574249268,-0.6351406574249268,attack,no
1216,1,1,0.835483553488848,-0.8067702054977417,-2.4317703247070312,attack,yes
1217,1,1,0.9241418199787566,-0.33524489402770996,-2.83524489402771,attack,Yes
1218,1,1,0.8807970842359877,-0.7206260561943054,-2.72062611579895,attack,Yes
1219,1,0,0.22270013882530884,-1.7661923170089722,-0.5161923170089722,attack,No
1220,1,1,0.679178699175393,-0.7932604551315308,-1.5432604551315308,attack,Yes
1221,1,0,0.20181324146316565,-2.1295580863952637,-0.7545582056045532,attack,no
1222,1,0,0.20181320305759334,-2.0898895263671875,-0.714889407157898,attack,No
1223,1,1,0.8933094003735664,-0.5487721562385559,-2.673772096633911,attack,Yes
1224,1,0,0.18242552380635632,-2.2440011501312256,-0.7440011501312256,attack,No
1225,1,0,0.29421497216298875,-1.511360764503479,-0.636360764503479,attack,No
1226,1,0,0.20181324146316565,-2.1531429290771484,-0.778143048286438,attack,No
1227,1,1,0.9241418241572634,-0.5549299120903015,-3.0549299716949463,attack,Yes
1228,1,1,0.5621764862150634,-0.9470453858375549,-1.1970453262329102,attack,Yes
1229,1,1,0.8670357598021706,-0.43126463890075684,-2.306264638900757,attack,Yes
1230,1,1,0.8354835371034369,-0.7157301902770996,-2.3407301902770996,attack,Yes
1231,1,1,0.7549149868676283,-0.892406702041626,-2.017406702041626,attack,Yes
1232,1,0,0.34864513533394575,-1.5731933116912842,-0.9481933116912842,attack,No
1233,1,1,0.6791786861878392,-0.681805431842804,-1.4318053722381592,attack,Yes
1234,1,1,0.9324533088603709,-0.549314022064209,-3.174314022064209,attack,Yes
1235,1,1,0.9149009549929797,-0.4744105339050293,-2.8494105339050293,attack,Yes
1236,1,0,0.4378234844434674,-1.1402912139892578,-0.890291154384613,attack,No
1237,1,1,0.8354835289107309,-0.8155005574226379,-2.440500497817993,attack,Yes
1238,1,0,0.2689414213699951,-1.5087018013000488,-0.5087018013000488,attack,No
1239,1,1,0.835483553488848,-0.619287371635437,-2.2442874908447266,attack,Yes
1240,1,0,0.3486451488696663,-1.3679742813110352,-0.7429743409156799,attack,No
1241,1,1,0.8519528019683106,-0.7042713165283203,-2.4542713165283203,attack,Yes
1242,1,1,0.679178699175393,-0.852767825126648,-1.602767825126648,attack,Yes
1243,1,1,0.7310585669110203,-0.8729420304298401,-1.8729419708251953,attack,Yes
1244,1,1,0.9399133464597458,-0.4950612187385559,-3.245061159133911,attack,Yes
1245,1,0,0.37754066879814546,-1.2713967561721802,-0.7713967561721802,attack,No
1246,1,0,0.37754066879814546,-1.3682055473327637,-0.8682055473327637,attack,No
1247,1,0,0.46879062662624377,-1.2261922359466553,-1.1011922359466553,attack,No
1248,1,0,0.40733341443526055,-1.2489886283874512,-0.873988687992096,attack,No
1249,1,1,0.914900950352329,-0.5694077610969543,-2.9444077014923096,attack,Yes
1250,1,0,0.4073333856566001,-1.145514965057373,-0.7705149054527283,attack,No
1251,1,0,0.29421497216298875,-1.7437705993652344,-0.8687705993652344,attack,No
1252,1,1,0.6513548646660542,-0.8970741033554077,-1.5220741033554077,attack,Yes
1253,1,1,0.5621764862150634,-0.9305399060249329,-1.180539846420288,attack,Yes
1254,1,1,0.5926666143433998,-0.7507290244102478,-1.1257290840148926,attack,Yes
1255,1,1,0.754914997895581,-0.6430794596672058,-1.7680795192718506,attack,Yes
1256,1,0,0.22270013882530884,-2.030266523361206,-0.780266523361206,attack,No
1257,1,1,0.6513548511303336,-0.7082810997962952,-1.3332810401916504,attack,Yes
1258,1,1,0.5621764862150634,-0.9874549508094788,-1.237454891204834,attack,Yes
1259,1,0,0.13296424019782924,-2.5853755474090576,-0.7103755474090576,attack,no
1260,1,0,0.10669059962643358,-2.8537280559539795,-0.7287281155586243,attack,no
1261,1,0,0.34864513533394575,-1.6829078197479248,-1.0579078197479248,attack,no
1262,1,1,0.9465966641739773,-0.746440052986145,-3.6214399337768555,attack,Yes
1263,1,1,0.8933094003735664,-0.796824038028717,-2.9218239784240723,attack,Yes
1264,1,1,0.9324533013520764,-0.5948663949966431,-3.2198662757873535,attack,Yes
1265,1,1,0.8354835371034369,-0.5701406002044678,-2.1951406002044678,attack,Yes
1266,1,0,0.2689414213699951,-1.8480185270309448,-0.8480185270309448,attack,No
1267,1,0,0.46879062662624377,-1.1256389617919922,-1.0006389617919922,attack,No
1268,1,1,0.8354835411997897,-0.43959638476371765,-2.06459641456604,attack,Yes
1269,1,1,0.9399133531922388,-0.45065611600875854,-3.2006561756134033,attack,Yes
1270,1,0,0.24508501313237172,-1.6726685762405396,-0.5476685762405396,attack,No
1271,1,0,0.24508500210441886,-1.9897551536560059,-0.8647550940513611,attack,No
1272,1,1,0.8670357735451834,-0.7865060567855835,-2.661506175994873,attack,Yes
1273,1,1,0.6513548511303336,-0.9444685578346252,-1.5694684982299805,attack,Yes
1274,1,0,0.46879062662624377,-1.0067639350891113,-0.8817639350891113,attack,No
1275,1,0,0.3775406547908327,-1.308168649673462,-0.8081685900688171,attack,No
1276,1,0,0.18242553269617778,-2.1471595764160156,-0.6471596360206604,attack,No
1277,1,1,0.5621765008857981,-1.154915690422058,-1.404915690422058,attack,Yes
1278,1,1,0.8519528170040853,-0.6161531209945679,-2.3661532402038574,attack,Yes
1279,1,0,0.3208213138121609,-1.3927764892578125,-0.6427765488624573,attack,No
1280,1,0,0.46879062662624377,-1.2260748147964478,-1.1010748147964478,attack,No
1281,1,1,0.851952809486198,-0.41553109884262085,-2.1655311584472656,attack,Yes
1282,1,1,0.679178699175393,-0.7286512851715088,-1.4786512851715088,attack,Yes
1283,1,1,0.7310585786300049,-0.8216649293899536,-1.8216649293899536,attack,Yes
1284,1,0,0.4378234991142019,-1.2828567028045654,-1.0328567028045654,attack,No
1285,1,0,0.32082130082460697,-1.4971750974655151,-0.7471750974655151,attack,No
1286,1,1,0.8175744673038221,-0.5603423714637756,-2.060342311859131,attack,Yes
1287,1,1,0.7310585786300049,-0.9807333946228027,-1.9807333946228027,attack,Yes
1288,1,1,0.5312093733737563,-1.187925934791565,-1.312925934791565,attack,Yes
1289,1,0,0.24508501313237172,-1.702893853187561,-0.577893853187561,attack,No
1290,1,1,0.6513548646660542,-0.8711183071136475,-1.4961183071136475,attack,Yes
1291,1,1,0.8807970779778823,-0.6097774505615234,-2.6097774505615234,attack,Yes
1292,1,1,0.8354835371034369,-0.7596712112426758,-2.384671211242676,attack,Yes
1293,1,1,0.8519528019683106,-0.796356201171875,-2.546356201171875,attack,Yes
1294,1,1,0.7057850154599563,-0.7257545590400696,-1.6007544994354248,attack,Yes
1295,1,1,0.9149009549929797,-0.5198276042938232,-2.8948276042938232,attack,Yes
1296,1,0,0.46879062662624377,-1.3402330875396729,-1.2152330875396729,attack,no
1297,1,0,0.20181320305759334,-2.1378488540649414,-0.7628487348556519,attack,No
1298,1,1,0.835483553488848,-0.6498883962631226,-2.274888515472412,attack,yes
1299,1,0,0.06008665017400762,-3.150813579559326,-0.40081357955932617,attack,no
1300,1,0,0.4073334000459302,-1.1531662940979004,-0.7781662940979004,attack,No
1301,1,1,0.7310585903489892,-0.730099618434906,-1.7300996780395508,attack,Yes
1302,1,1,0.5621765008857981,-1.1830064058303833,-1.4330064058303833,attack,Yes
1303,1,0,0.2942149845400438,-1.8635737895965576,-0.9885738492012024,attack,no
1304,1,0,0.18242552380635632,-2.25097393989563,-0.7509739398956299,attack,No
1305,1,1,0.5621765008857981,-1.0095922946929932,-1.2595922946929932,attack,Yes
1306,1,0,0.13296424706933604,-2.351262331008911,-0.4762623906135559,attack,No
1307,1,1,0.8519527944504226,-0.6948629021644592,-2.4448628425598145,attack,Yes
1308,1,1,0.6513548511303336,-0.8111494183540344,-1.4361493587493896,attack,Yes
1309,1,1,0.8807970842359877,-0.6598488688468933,-2.659848928451538,attack,Yes
1310,1,1,0.6224593312018546,-1.0719505548477173,-1.5719505548477173,attack,Yes
1311,1,1,0.679178699175393,-0.7164230346679688,-1.4664230346679688,attack,Yes
1312,1,0,0.13296424019782924,-2.2371327877044678,-0.3621327877044678,attack,No
1313,1,0,0.4073334000459302,-1.3480734825134277,-0.9730734825134277,attack,No
1314,1,0,0.3775406547908327,-1.2323360443115234,-0.7323359847068787,attack,No
1315,1,1,0.679178699175393,-0.6947494745254517,-1.4447494745254517,attack,Yes
1316,1,1,0.8670357598021706,-0.7294878959655762,-2.604487895965576,attack,Yes
1317,1,1,0.7772998508568416,-0.6962199807167053,-1.9462199211120605,attack,Yes
1318,1,1,0.679178699175393,-0.8709539175033569,-1.620953917503357,attack,Yes
1319,1,1,0.8354835452961425,-0.7592231631278992,-2.384223222732544,attack,Yes
1320,1,1,0.6791787121629466,-0.823734700679779,-1.5737347602844238,attack,Yes
1321,1,0,0.18242552380635632,-2.1047439575195312,-0.6047439575195312,attack,No
1322,1,0,0.4378234991142019,-1.2984066009521484,-1.0484066009521484,attack,No
1323,1,0,0.0850990542883219,-2.771132469177246,-0.39613258838653564,attack,No
1324,1,0,0.24508502416032488,-1.6453673839569092,-0.520367443561554,attack,No
1325,1,0,0.3208213138121609,-1.6502211093902588,-0.9002211689949036,attack,No
1326,1,1,0.8933094060543487,-0.7046198844909668,-2.829619884490967,attack,Yes
1327,1,0,0.2689414330889798,-1.7093236446380615,-0.7093237042427063,attack,No
1328,1,0,0.13296424706933604,-2.5847136974334717,-0.7097137570381165,attack,no
1329,1,1,0.8670357666736773,-0.3501586318016052,-2.22515869140625,attack,Yes
1330,1,1,0.7772998714925403,-0.7067577242851257,-1.9567577838897705,attack,Yes
1331,1,0,0.06754668550840877,-2.9190852642059326,-0.29408517479896545,attack,No
1332,1,1,0.5926665999540697,-0.8934217691421509,-1.2684217691421509,attack,Yes
1333,1,0,0.07585817584273653,-3.1016407012939453,-0.6016406416893005,attack,no
1334,1,1,0.9241418199787566,-0.6613662242889404,-3.1613662242889404,attack,Yes
1335,1,0,0.03308598220236406,-3.934030055999756,-0.5590301752090454,attack,no
1336,1,1,0.8807970842359877,-0.6533212065696716,-2.6533212661743164,attack,Yes
1337,1,1,0.7057850278370112,-0.50069260597229,-1.37569260597229,attack,Yes
1338,1,0,0.020332353936289693,-4.254533767700195,-0.3795337975025177,attack,no
1339,1,1,0.7772998611746911,-0.7072999477386475,-1.9572999477386475,attack,Yes
1340,1,1,0.7772998611746911,-0.6753263473510742,-1.9253263473510742,attack,Yes
1341,1,0,0.20181322226037882,-2.1387901306152344,-0.7637901306152344,attack,No
1342,1,0,0.14804719051380197,-2.5144684314727783,-0.7644683718681335,attack,No
1343,1,0,0.34864513533394575,-1.3742107152938843,-0.7492107152938843,attack,No
1344,1,0,0.22270012850745968,-1.8984897136688232,-0.6484896540641785,attack,No
1345,1,1,0.7981867969424066,-0.8623541593551636,-2.237354278564453,attack,Yes
1346,1,1,0.9241418199787566,-0.6618492603302002,-3.1618492603302,attack,Yes
1347,1,1,0.8670357666736773,-0.580436646938324,-2.4554367065429688,attack,Yes
1348,1,0,0.3208213138121609,-1.6831657886505127,-0.9331658482551575,attack,no
1349,1,1,0.5621765008857981,-1.1580191850662231,-1.4080191850662231,attack,Yes
1350,1,1,0.8354835452961425,-0.7685875296592712,-2.393587589263916,attack,Yes
1351,1,1,0.8933094174159129,-0.595112681388855,-2.7201128005981445,attack,Yes
1352,1,1,0.8519528019683106,-0.7583200931549072,-2.5083200931549072,attack,Yes
1353,1,1,0.5621764862150634,-0.8757360577583313,-1.1257359981536865,attack,Yes
1354,1,1,0.7057850278370112,-0.8784183263778687,-1.7534183263778687,attack,Yes
1355,1,1,0.5926665999540697,-0.7906250953674316,-1.1656250953674316,attack,Yes
1356,1,1,0.5312093733737563,-1.0670608282089233,-1.1920608282089233,attack,Yes
1357,1,0,0.042087725512577126,-3.5914366245269775,-0.46643656492233276,attack,No
1358,1,1,0.679178699175393,-0.7441855669021606,-1.4941855669021606,attack,Yes
1359,1,1,0.8670357598021706,-0.5744752883911133,-2.4494752883911133,attack,Yes
1360,1,1,0.7772998714925403,-0.7917494177818298,-2.0417494773864746,attack,Yes
1361,1,1,0.7772998611746911,-0.6955788135528564,-1.9455788135528564,attack,Yes
1362,1,1,0.8175744850834649,-0.8367394804954529,-2.3367395401000977,attack,Yes
1363,1,0,0.1480472055495773,-2.2460715770721436,-0.49607163667678833,attack,No
1364,1,1,0.7981867585368343,-0.7138305902481079,-2.0888304710388184,attack,Yes
1365,1,1,0.8933094060543487,-0.650855302810669,-2.775855302810669,attack,Yes
1366,1,1,0.9324533163686646,-0.7607063055038452,-3.3857064247131348,attack,Yes
1367,1,0,0.32082130082460697,-1.7600620985031128,-1.0100620985031128,attack,no
1368,1,1,0.7772998611746911,-0.6239120960235596,-1.8739120960235596,attack,Yes
1369,1,1,0.8175744850834649,-0.7492882609367371,-2.249288320541382,attack,Yes
1370,1,1,0.867035752930664,-0.4585188031196594,-2.3335187435150146,attack,Yes
1371,1,0,0.29421497216298875,-1.7536050081253052,-0.8786050081253052,attack,No
1372,1,1,0.8175744584140004,-0.8030606508255005,-2.303060531616211,attack,Yes
1373,1,1,0.5621765008857981,-1.2034173011779785,-1.4534173011779785,attack,Yes
1374,1,1,0.7310585903489892,-0.6637212634086609,-1.6637213230133057,attack,Yes
1375,1,1,0.8354835289107309,-0.7061432003974915,-2.3311431407928467,attack,Yes
1376,1,0,0.09534947518185825,-2.8774099349975586,-0.6274100542068481,attack,no
1377,1,1,0.8354835207180245,-0.5025469064712524,-2.127546787261963,attack,Yes
1378,1,0,0.13296424019782924,-2.5698492527008057,-0.6948492527008057,attack,No
1379,1,0,0.37754066879814546,-1.2599458694458008,-0.7599458694458008,attack,No
1380,1,1,0.7310585669110203,-0.9103191494941711,-1.9103190898895264,attack,Yes
1381,1,1,0.5621764862150634,-0.8311718106269836,-1.0811717510223389,attack,Yes
1382,1,1,0.880797071719777,-0.6040752530097961,-2.6040751934051514,attack,Yes
1383,1,1,0.754914975839675,-0.7081308960914612,-1.8331308364868164,attack,Yes
1384,1,1,0.7057850278370112,-0.8121193647384644,-1.6871193647384644,attack,Yes
1385,1,1,0.5621765008857981,-0.8937448263168335,-1.1437448263168335,attack,Yes
1386,1,1,0.9241418199787566,-0.6078979969024658,-3.107897996902466,attack,Yes
1387,1,1,0.8670357735451834,-0.7381519079208374,-2.613152027130127,attack,Yes
1388,1,0,0.32082130082460697,-1.6124622821807861,-0.8624622821807861,attack,No
1389,1,1,0.7981867873410141,-0.5502833724021912,-1.925283432006836,attack,Yes
1390,1,1,0.5312093733737563,-0.9712013006210327,-1.0962013006210327,attack,Yes
1391,1,0,0.10669059962643358,-2.609452724456787,-0.4844527840614319,attack,No
1392,1,1,0.8670357666736773,-0.46410316228866577,-2.3391032218933105,attack,Yes
1393,1,1,0.6513548646660542,-1.0540797710418701,-1.6790797710418701,attack,Yes
1394,1,1,0.8354835452961425,-0.7057086825370789,-2.3307087421417236,attack,Yes
1395,1,0,0.24508501313237172,-1.989742636680603,-0.864742636680603,attack,No
1396,1,0,0.2689414213699951,-1.7970926761627197,-0.7970926761627197,attack,No
1397,1,0,0.32082130082460697,-1.7437688112258911,-0.9937688112258911,attack,no
1398,1,0,0.5,-1.2797842025756836,-1.2797842025756836,attack,no
1399,1,0,0.2689414096510108,-1.671067237854004,-0.6710671782493591,attack,No
1400,1,0,0.10669059394565118,-2.617192268371582,-0.49219226837158203,attack,no
1401,1,0,0.24508501313237172,-1.6420443058013916,-0.5170443058013916,attack,No
1402,1,1,0.9046505248181417,-0.7412868738174438,-2.9912867546081543,attack,Yes
1403,1,1,0.9149009526726544,-0.43932297825813293,-2.8143229484558105,attack,Yes
1404,1,1,0.754914975839675,-0.5946589112281799,-1.7196588516235352,attack,Yes
1405,1,1,0.9046505402422645,-0.6738507151603699,-2.9238507747650146,attack,yes
1406,1,1,0.9626731137267751,-0.46518823504447937,-3.7151882648468018,attack,Yes
1407,1,1,0.6224593312018546,-0.919519305229187,-1.419519305229187,attack,Yes
1408,1,0,0.4378234991142019,-1.435282588005066,-1.185282588005066,attack,no
1409,1,0,0.13296425394084313,-2.4755263328552246,-0.6005264520645142,attack,No
1410,1,0,0.46879062662624377,-1.0081181526184082,-0.8831181526184082,attack,No
1411,1,1,0.7772998611746911,-0.5530850887298584,-1.8030850887298584,attack,Yes
1412,1,1,0.5312093733737563,-1.1818771362304688,-1.3068771362304688,attack,yes
1413,1,0,0.11920292202211755,-2.678101062774658,-0.6781010627746582,attack,No
1414,1,1,0.798186768138228,-0.55777508020401,-1.9327750205993652,attack,Yes
1415,1,0,0.24508501313237172,-1.8420870304107666,-0.7170870304107666,attack,No
1416,1,1,0.7310585669110203,-0.9267006516456604,-1.9267005920410156,attack,Yes
1417,1,1,0.5621765008857981,-1.1054128408432007,-1.3554128408432007,attack,Yes
1418,1,1,0.8933094060543487,-0.5020959377288818,-2.627095937728882,attack,Yes
1419,1,1,0.6513548646660542,-0.9179322719573975,-1.5429322719573975,attack,Yes
1420,1,0,0.3486451217982255,-1.4009690284729004,-0.7759689688682556,attack,No
1421,1,0,0.32082130082460697,-1.614296317100525,-0.8642963171005249,attack,No
1422,1,0,0.22270012850745968,-1.8290388584136963,-0.5790387988090515,attack,No
1423,1,0,0.18242550602671442,-2.2497072219848633,-0.7497071027755737,attack,No
1424,1,1,0.9465966656805269,-0.3719833791255951,-3.246983289718628,attack,Yes
1425,1,1,0.8933094060543487,-0.4001286029815674,-2.5251286029815674,attack,Yes
1426,1,1,0.6513548511303336,-0.8533983826637268,-1.478398323059082,attack,Yes
1427,1,1,0.5621765008857981,-1.078421711921692,-1.328421711921692,attack,Yes
1428,1,1,0.9465966732132748,-0.632687509059906,-3.507687568664551,attack,Yes
1429,1,0,0.40733341443526055,-1.2870521545410156,-0.9120522141456604,attack,No
1430,1,1,0.7310585786300049,-0.8216187953948975,-1.8216187953948975,attack,Yes
1431,1,1,0.5621765008857981,-0.8766372203826904,-1.1266372203826904,attack,Yes
1432,1,1,0.7981867969424066,-0.8510807752609253,-2.226080894470215,attack,yes
1433,1,0,0.11920290950590741,-2.7369866371154785,-0.736986517906189,attack,no
1434,1,0,0.46879062662624377,-1.068998098373413,-0.9439980983734131,attack,No
1435,1,1,0.8519528019683106,-0.7478790283203125,-2.4978790283203125,attack,Yes
1436,1,1,0.5926665999540697,-0.9117242097854614,-1.2867242097854614,attack,Yes
1437,1,0,0.20181320305759334,-2.096268653869629,-0.7212685346603394,attack,No
1438,1,1,0.6224593171945417,-0.9679451584815979,-1.4679450988769531,attack,Yes
1439,1,0,0.10669059962643358,-2.654439926147461,-0.5294399857521057,attack,No
1440,1,1,0.6513548646660542,-0.9183696508407593,-1.5433696508407593,attack,Yes
1441,1,1,0.6224593312018546,-0.9664130210876465,-1.4664130210876465,attack,Yes
1442,1,1,0.9149009642742806,-0.5201433897018433,-2.895143508911133,attack,Yes
1443,1,1,0.8354835452961425,-0.4957205653190613,-2.120720624923706,attack,Yes
1444,1,0,0.13296424706933604,-2.5460410118103027,-0.6710410714149475,attack,no
1445,1,1,0.7310585786300049,-0.6515625715255737,-1.6515625715255737,attack,Yes
1446,1,1,0.6791786861878392,-0.728999674320221,-1.4789996147155762,attack,Yes
1447,1,1,0.6513548646660542,-0.7746914625167847,-1.3996914625167847,attack,Yes
1448,1,1,0.7310585786300049,-0.80540931224823,-1.80540931224823,attack,Yes
1449,1,1,0.7772998714925403,-0.8054210543632507,-2.0554211139678955,attack,Yes
1450,1,1,0.8519528170040853,-0.6533945798873901,-2.4033946990966797,attack,Yes
1451,1,1,0.7549149868676283,-0.6330608129501343,-1.7580608129501343,attack,Yes
1452,1,1,0.7772998714925403,-0.5367178320884705,-1.7867178916931152,attack,Yes
1453,1,1,0.679178699175393,-0.8528064489364624,-1.6028064489364624,attack,Yes
1454,1,0,0.5,-1.2059463262557983,-1.2059463262557983,attack,No
1455,1,1,0.9324533013520764,-0.45589935779571533,-3.080899238586426,attack,Yes
1456,1,1,0.679178699175393,-0.7179558277130127,-1.4679558277130127,attack,Yes
1457,1,1,0.7772998611746911,-0.7589192390441895,-2.0089192390441895,attack,yes
1458,1,0,0.10669059394565118,-2.61439847946167,-0.4893984794616699,attack,No
1459,1,1,0.8519528170040853,-0.41983354091644287,-2.1698336601257324,attack,Yes
1460,1,1,0.6513548646660542,-1.019314169883728,-1.644314169883728,attack,Yes
1461,1,0,0.02297736522671412,-4.24931001663208,-0.49930980801582336,attack,no
1462,1,0,0.10669059394565118,-2.5765960216522217,-0.4515960216522217,attack,No
1463,1,1,0.754914975839675,-0.7400062680244446,-1.8650062084197998,attack,Yes
1464,1,1,0.9046505402422645,-0.6843988299369812,-2.934398889541626,attack,Yes
1465,1,0,0.4378234991142019,-1.0104702711105347,-0.7604702711105347,attack,No
1466,1,0,0.06008665354025422,-3.4365296363830566,-0.6865296959877014,attack,no
1467,1,1,0.5312093733737563,-1.2162905931472778,-1.3412905931472778,attack,Yes
1468,1,0,0.4073334000459302,-1.2754631042480469,-0.9004631042480469,attack,No
1469,1,1,0.6513548782017746,-0.7076653838157654,-1.3326654434204102,attack,Yes
1470,1,0,0.5,-1.1390093564987183,-1.1390093564987183,attack,No
1471,1,1,0.9046505248181417,-0.3608351945877075,-2.610835075378418,attack,Yes
1472,1,1,0.7772998714925403,-0.5690190196037292,-1.819019079208374,attack,Yes
1473,1,1,0.8175744673038221,-0.5998325943946838,-2.099832534790039,attack,Yes
1474,1,0,0.20181320305759334,-2.199349880218506,-0.8243497610092163,attack,no
1475,1,0,0.37754066879814546,-1.5264835357666016,-1.0264835357666016,attack,No
1476,1,1,0.7981867585368343,-0.8412700891494751,-2.2162699699401855,attack,yes
1477,1,0,0.32082130082460697,-1.5170379877090454,-0.7670379877090454,attack,No
1478,1,1,0.7772998611746911,-0.7301336526870728,-1.9801336526870728,attack,Yes
1479,1,1,0.9399133531922388,-0.2635449767112732,-3.013545036315918,attack,Yes
1480,1,1,0.9149009526726544,-0.26844480633735657,-2.643444776535034,attack,Yes
1481,1,1,0.7310585669110203,-0.805624783039093,-1.8056247234344482,attack,Yes
1482,1,0,0.2942149597859341,-1.511120319366455,-0.6361202597618103,attack,No
1483,1,1,0.867035752930664,-0.7869661450386047,-2.66196608543396,attack,Yes
1484,1,1,0.8354835289107309,-0.656821072101593,-2.2818210124969482,attack,Yes
1485,1,1,0.5312093733737563,-1.1936323642730713,-1.3186323642730713,attack,Yes
1486,1,1,0.8519528019683106,-0.5572354793548584,-2.3072354793548584,attack,Yes
1487,1,0,0.24508501313237172,-1.8420171737670898,-0.7170171737670898,attack,No
1488,1,1,0.851952809486198,-0.3676087260246277,-2.1176087856292725,attack,Yes
1489,1,1,0.8519528170040853,-0.51219642162323,-2.2621965408325195,attack,Yes
1490,1,0,0.3208213138121609,-1.6508185863494873,-0.9008186459541321,attack,No
1491,1,0,0.2942149597859341,-1.7538871765136719,-0.8788871169090271,attack,No
1492,1,0,0.4378234844434674,-1.20096755027771,-0.9509674906730652,attack,No
1493,1,1,0.7057850278370112,-0.9114644527435303,-1.7864644527435303,attack,Yes
1494,1,1,0.9046505248181417,-0.5353952646255493,-2.7853951454162598,attack,Yes
1495,1,1,0.5926665999540697,-1.0745363235473633,-1.4495363235473633,attack,Yes
1496,1,0,0.4378234991142019,-1.3824461698532104,-1.1324461698532104,attack,No
1497,1,1,0.9241418220680101,-0.3064253032207489,-2.8064253330230713,attack,Yes
1498,1,1,0.8519528170040853,-0.6950992345809937,-2.445099353790283,attack,Yes
1499,1,1,0.9046505351008906,-0.41962671279907227,-2.6696267127990723,attack,Yes
1500,1,0,0.16451647108926923,-2.3509624004364014,-0.7259624600410461,attack,No
1501,1,1,0.6513548646660542,-1.0672295093536377,-1.6922295093536377,attack,Yes
1502,1,1,0.7057850154599563,-0.9689517617225647,-1.84395170211792,attack,Yes
1503,1,1,0.8519528170040853,-0.5992664098739624,-2.349266529083252,attack,Yes
1504,1,1,0.6224593312018546,-0.9466557502746582,-1.4466557502746582,attack,Yes
1505,1,0,0.46879062662624377,-1.0355429649353027,-0.9105429649353027,attack,No
1506,1,1,0.5312093733737563,-1.140251636505127,-1.265251636505127,attack,Yes
1507,1,0,0.18242550602671442,-2.229391098022461,-0.7293909788131714,attack,no
1508,1,1,0.7772998611746911,-0.90315842628479,-2.15315842628479,attack,Yes
1509,1,1,0.7772998611746911,-0.7410836219787598,-1.9910836219787598,attack,Yes
1510,1,1,0.7057850278370112,-0.8591097593307495,-1.7341097593307495,attack,Yes
1511,1,1,0.5926665855647394,-0.9335654377937317,-1.308565378189087,attack,Yes
1512,1,1,0.5312093733737563,-1.1401095390319824,-1.2651095390319824,attack,Yes
1513,1,1,0.6513548646660542,-0.853448748588562,-1.478448748588562,attack,Yes
1514,1,1,0.5926665999540697,-1.0713027715682983,-1.4463027715682983,attack,Yes
1515,1,1,0.8519528019683106,-0.7581872940063477,-2.5081872940063477,attack,Yes
1516,1,0,0.2689414330889798,-1.7095060348510742,-0.709506094455719,attack,No
1517,1,1,0.5312093733737563,-1.2421475648880005,-1.3671475648880005,attack,Yes
1518,1,0,0.24508502416032488,-1.8354179859161377,-0.7104180455207825,attack,No
1519,1,0,0.16451645470385742,-2.3692688941955566,-0.7442688345909119,attack,no
1520,1,1,0.6513548646660542,-0.7587592601776123,-1.3837592601776123,attack,Yes
1521,1,1,0.7981867873410141,-0.5857295393943787,-1.9607295989990234,attack,Yes
1522,1,1,0.7549149868676283,-0.785853385925293,-1.910853385925293,attack,Yes
1523,1,1,0.754914975839675,-0.8373993039131165,-1.9623992443084717,attack,Yes
1524,1,0,0.1329642333263228,-2.4252769947052,-0.5502769351005554,attack,No
1525,1,0,0.4073334000459302,-1.4961934089660645,-1.1211934089660645,attack,no
1526,1,0,0.18242552380635632,-1.9994046688079834,-0.4994046688079834,attack,No
1527,1,1,0.5926665999540697,-0.8070789575576782,-1.1820789575576782,attack,Yes
1528,1,1,0.867035763237924,-0.34990403056144714,-2.2249040603637695,attack,Yes
1529,1,1,0.8807970904940926,-0.4470404386520386,-2.447040557861328,attack,Yes
1530,1,0,0.0953494648991095,-2.9716732501983643,-0.7216732501983643,attack,no
1531,1,1,0.6513548646660542,-0.8126877546310425,-1.4376877546310425,attack,Yes
1532,1,1,0.798186768138228,-0.6778333783149719,-2.052833318710327,attack,Yes
1533,1,1,0.7549149868676283,-0.7864658832550049,-1.9114658832550049,attack,Yes
1534,1,0,0.2689414213699951,-1.6362208127975464,-0.6362208127975464,attack,No
1535,1,1,0.7549149868676283,-0.5532664060592651,-1.6782664060592651,attack,Yes
1536,1,1,0.8354835452961425,-0.6197029948234558,-2.2447030544281006,attack,Yes
1537,1,0,0.5,-1.2575271129608154,-1.2575271129608154,attack,No
1538,1,1,0.679178699175393,-0.7084479331970215,-1.4584479331970215,attack,Yes
1539,1,1,0.6513548646660542,-0.9391628503799438,-1.5641628503799438,attack,Yes
1540,1,0,0.32082130082460697,-1.6517435312271118,-0.9017435312271118,attack,No
1541,1,1,0.6513548646660542,-0.9760979413986206,-1.6010979413986206,attack,yes
1542,1,1,0.7549149868676283,-0.8540182113647461,-1.979018211364746,attack,Yes
1543,1,1,0.7549149868676283,-0.9336295127868652,-2.0586295127868652,attack,Yes
1544,1,1,0.7981867777396212,-0.7645463943481445,-2.1395463943481445,attack,Yes
1545,1,1,0.5926665999540697,-1.126039743423462,-1.501039743423462,attack,Yes
1546,1,1,0.8354835289107309,-0.768827497959137,-2.393827438354492,attack,Yes
1547,1,0,0.46879062662624377,-1.3810923099517822,-1.2560923099517822,attack,no
1548,1,0,0.13296424019782924,-2.5698492527008057,-0.6948492527008057,attack,No
1549,1,1,0.7981867969424066,-0.7137631177902222,-2.0887632369995117,attack,Yes
1550,1,1,0.7549149868676283,-0.8233472108840942,-1.9483472108840942,attack,Yes
1551,1,0,0.5,-0.8915138840675354,-0.8915138840675354,attack,No
1552,1,0,0.4378234991142019,-1.4197485446929932,-1.1697485446929932,attack,no
1553,1,1,0.754914975839675,-0.7597442269325256,-1.8847441673278809,attack,Yes
1554,1,0,0.06008665017400762,-3.4916598796844482,-0.7416598796844482,attack,no
1555,1,1,0.7057850278370112,-0.5323302745819092,-1.4073302745819092,attack,Yes
1556,1,0,0.2689414213699951,-1.9003875255584717,-0.9003875255584717,attack,no
1557,1,0,0.32082130082460697,-1.517704725265503,-0.7677047252655029,attack,No
1558,1,1,0.7310585669110203,-0.8716204762458801,-1.8716204166412354,attack,Yes
1559,1,0,0.042087725512577126,-3.742048978805542,-0.6170489192008972,attack,no
1560,1,1,0.9241418241572634,-0.6570343375205994,-3.157034397125244,attack,yes
1561,1,0,0.22270013882530884,-1.8643913269042969,-0.6143913269042969,attack,No
1562,1,1,0.8175744850834649,-0.7489396929740906,-2.2489397525787354,attack,Yes
1563,1,1,0.9579122672782973,-0.4712311029434204,-3.596230983734131,attack,Yes
1564,1,1,0.5312093733737563,-0.8885840177536011,-1.013584017753601,attack,Yes
1565,1,1,0.8670357666736773,-0.6339296698570251,-2.50892972946167,attack,Yes
1566,1,0,0.32082130082460697,-1.5676681995391846,-0.8176681995391846,attack,No
1567,1,1,0.835483553488848,-0.7257245779037476,-2.350724697113037,attack,Yes
1568,1,1,0.7981867873410141,-0.7247804999351501,-2.099780559539795,attack,Yes
1569,1,0,0.3775406828054583,-1.4400436878204346,-0.9400437474250793,attack,No
1570,1,0,0.1329642333263228,-2.42576003074646,-0.5507599711418152,attack,No
1571,1,0,0.32082130082460697,-1.53835129737854,-0.78835129737854,attack,No
1572,1,0,0.1066905911052601,-2.6118574142456055,-0.4868573844432831,attack,No
1573,1,1,0.7772998818103892,-0.8888853788375854,-2.138885498046875,attack,Yes
1574,1,1,0.9046505376715775,-0.4156293570995331,-2.6656293869018555,attack,Yes
1575,1,1,0.679178699175393,-0.8694273233413696,-1.6194273233413696,attack,Yes
1576,1,0,0.32082130082460697,-1.7022675275802612,-0.9522675275802612,attack,no
1577,1,0,0.22270013882530884,-1.8015196323394775,-0.5515196323394775,attack,No
1578,1,1,0.8519528019683106,-0.5922119617462158,-2.342211961746216,attack,Yes
1579,1,1,0.5312093733737563,-1.0696231126785278,-1.1946231126785278,attack,Yes
1580,1,0,0.37754066879814546,-1.440285325050354,-0.940285325050354,attack,No
1581,1,1,0.8354835207180245,-0.7061301469802856,-2.331130027770996,attack,Yes
1582,1,1,0.851952809486198,-0.6947364211082458,-2.4447364807128906,attack,Yes
1583,1,0,0.4073334000459302,-1.4595898389816284,-1.0845898389816284,attack,No
1584,1,0,0.24508500210441886,-1.8207590579986572,-0.6957589983940125,attack,No
1585,1,1,0.679178699175393,-0.9522542953491211,-1.702254295349121,attack,Yes
1586,1,1,0.7057850278370112,-0.6232606172561646,-1.4982606172561646,attack,Yes
1587,1,1,0.8807970654616711,-0.7626978158950806,-2.762697696685791,attack,Yes
1588,1,0,0.08509904964767095,-3.0208170413970947,-0.6458171010017395,attack,No
1589,1,0,0.11920291576401235,-2.634453535079956,-0.6344534754753113,attack,No
1590,1,0,0.24508501313237172,-1.8011690378189087,-0.6761690378189087,attack,No
1591,1,1,0.952574129515172,-0.6236557364463806,-3.6236557960510254,attack,Yes
1592,1,0,0.22270014914315833,-1.8295395374298096,-0.5795395970344543,attack,No
1593,1,1,0.6513548646660542,-0.8206346035003662,-1.4456346035003662,attack,Yes
1594,1,0,0.11920292202211755,-2.681779146194458,-0.681779146194458,attack,No
1595,1,1,0.6224593171945417,-0.8590531945228577,-1.359053134918213,attack,Yes
1596,1,1,0.679178699175393,-0.9863995313644409,-1.736399531364441,attack,Yes
1597,1,1,0.7310585786300049,-0.8050234317779541,-1.805023431777954,attack,Yes
1598,1,0,0.3486451217982255,-1.450124740600586,-0.8251246809959412,attack,No
1599,1,1,0.9399133481428692,-0.4098213016986847,-3.1598212718963623,attack,Yes
1600,1,0,0.22270014914315833,-1.8285253047943115,-0.5785253643989563,attack,No
1601,1,1,0.7310585786300049,-0.8057644367218018,-1.8057644367218018,attack,Yes
1602,1,1,0.6224593171945417,-0.9456706643104553,-1.4456706047058105,attack,Yes
1603,1,1,0.5926665999540697,-1.0474438667297363,-1.4224438667297363,attack,Yes
1604,1,1,0.7057850402140659,-0.5945808291435242,-1.469580888748169,attack,Yes
1605,1,1,0.5621765008857981,-1.15495765209198,-1.40495765209198,attack,Yes
1606,1,0,0.20181324146316565,-2.1997594833374023,-0.8247596025466919,attack,no
1607,1,0,0.32082130082460697,-1.4602992534637451,-0.7102992534637451,attack,No
1608,1,1,0.7981867873410141,-0.5175105929374695,-1.8925106525421143,attack,Yes
1609,1,1,0.9399133498259924,-0.48986315727233887,-3.239863157272339,attack,Yes
1610,1,0,0.5,-1.139540433883667,-1.139540433883667,attack,No
1611,1,1,0.5926665999540697,-0.9776864051818848,-1.3526864051818848,attack,Yes
1612,1,1,0.89330940889474,-0.39291879534721375,-2.517918825149536,attack,Yes
1613,1,1,0.5621765008857981,-1.1684962511062622,-1.4184962511062622,attack,yes
1614,1,0,0.34864513533394575,-1.6266388893127441,-1.0016388893127441,attack,No
1615,1,0,0.22270012850745968,-2.0606727600097656,-0.8106727004051208,attack,no
1616,1,0,0.3486451488696663,-1.4504647254943848,-0.8254647850990295,attack,No
1617,1,0,0.22270013882530884,-1.7924785614013672,-0.5424785614013672,attack,No
1618,1,1,0.679178699175393,-0.7529312372207642,-1.5029312372207642,attack,Yes
1619,1,1,0.9525741268224334,-0.3006000518798828,-3.300600051879883,attack,Yes
1620,1,1,0.8670357598021706,-0.778395414352417,-2.653395414352417,attack,yes
1621,1,0,0.46879062662624377,-1.048791527748108,-0.9237915277481079,attack,No
1622,1,1,0.7772998508568416,-0.7916997075080872,-2.0416996479034424,attack,Yes
1623,1,0,0.3486451488696663,-1.5391299724578857,-0.9141300320625305,attack,No
1624,1,1,0.5621765008857981,-0.9881118535995483,-1.2381118535995483,attack,Yes
1625,1,0,0.46879062662624377,-1.1173208951950073,-0.9923208951950073,attack,No
1626,1,1,0.9579122714836206,-0.24299122393131256,-3.3679912090301514,attack,Yes
1627,1,0,0.13296424706933604,-2.351262331008911,-0.4762623906135559,attack,No
1628,1,1,0.8354835452961425,-0.611940324306488,-2.236940383911133,attack,Yes
1629,1,1,0.7981867873410141,-0.7132841944694519,-2.0882842540740967,attack,Yes
1630,1,1,0.7057850278370112,-0.7961294651031494,-1.6711294651031494,attack,Yes
1631,1,1,0.7772998611746911,-0.577628493309021,-1.827628493309021,attack,Yes
1632,1,1,0.8175744673038221,-0.6884673237800598,-2.188467264175415,attack,Yes
1633,1,0,0.3486451488696663,-1.3669459819793701,-0.7419460415840149,attack,No
1634,1,0,0.4073334000459302,-1.4439634084701538,-1.0689634084701538,attack,No
1635,1,1,0.9579122768904644,-0.5168169736862183,-3.641817092895508,attack,Yes
1636,1,0,0.5,-1.090070366859436,-1.090070366859436,attack,No
1637,1,1,0.7310585786300049,-0.9521172046661377,-1.9521172046661377,attack,Yes
1638,1,1,0.851952809486198,-0.6868497729301453,-2.43684983253479,attack,Yes
1639,1,0,0.3208212878370535,-1.534471035003662,-0.7844709753990173,attack,No
1640,1,0,0.20181322226037882,-2.054682970046997,-0.6796829700469971,attack,No
1641,1,1,0.5926665999540697,-0.892121434211731,-1.267121434211731,attack,Yes
1642,1,0,0.37754066879814546,-1.555240511894226,-1.055240511894226,attack,no
1643,1,1,0.7057850402140659,-0.8877517580986023,-1.762751817703247,attack,yes
1644,1,1,0.5926665999540697,-0.839146614074707,-1.214146614074707,attack,Yes
1645,1,1,0.5312093733737563,-0.9862804412841797,-1.1112804412841797,attack,Yes
1646,1,0,0.13296424019782924,-2.569777488708496,-0.6947774887084961,attack,No
1647,1,1,0.880797081106935,-0.4106306731700897,-2.410630702972412,attack,Yes
1648,1,0,0.16451647108926923,-2.419343948364258,-0.7943440079689026,attack,no
1649,1,1,0.754914997895581,-0.6952566504478455,-1.8202567100524902,attack,Yes
1650,1,0,0.32082130082460697,-1.7414854764938354,-0.9914854764938354,attack,no
1651,1,1,0.9465966686936261,-0.40482619404792786,-3.2798261642456055,attack,Yes
1652,1,1,0.5926665855647394,-0.9734588265419006,-1.3484587669372559,attack,Yes
1653,1,0,0.4073333856566001,-1.3609733581542969,-0.9859732985496521,attack,No
1654,1,1,0.7981867585368343,-0.7249623537063599,-2.0999622344970703,attack,Yes
1655,1,1,0.6224593171945417,-0.6649139523506165,-1.1649138927459717,attack,Yes
1656,1,0,0.22270013882530884,-1.8709791898727417,-0.6209791898727417,attack,No
1657,1,0,0.11920292828022305,-2.5869407653808594,-0.5869408249855042,attack,No
1658,1,1,0.5621765008857981,-1.1289684772491455,-1.3789684772491455,attack,Yes
1659,1,1,0.7310585786300049,-0.5864026546478271,-1.5864026546478271,attack,Yes
1660,1,0,0.5,-1.226049542427063,-1.226049542427063,attack,No
1661,1,1,0.7981867873410141,-0.7773825526237488,-2.1523826122283936,attack,yes
1662,1,0,0.4073334000459302,-1.3755301237106323,-1.0005301237106323,attack,No
1663,1,0,0.32082130082460697,-1.4603257179260254,-0.7103257179260254,attack,No
1664,1,0,0.06754668738548215,-3.0396673679351807,-0.4146673083305359,attack,No
1665,1,1,0.6513548646660542,-1.0672003030776978,-1.6922003030776978,attack,Yes
1666,1,1,0.7772998508568416,-0.6755552887916565,-1.9255552291870117,attack,Yes
1667,1,1,0.7772998714925403,-0.7416881918907166,-1.9916882514953613,attack,Yes
1668,1,0,0.1480471829959148,-2.3618392944335938,-0.6118391752243042,attack,No
1669,1,0,0.46879062662624377,-1.1044349670410156,-0.9794349670410156,attack,No
1670,1,0,0.46879062662624377,-1.3675593137741089,-1.2425593137741089,attack,no
1671,1,0,0.5,-1.2553447484970093,-1.2553447484970093,attack,No
1672,1,1,0.8354835330070839,-0.44570115208625793,-2.0707011222839355,attack,Yes
1673,1,0,0.24508501313237172,-1.8480424880981445,-0.7230424880981445,attack,No
1674,1,1,0.6513548646660542,-0.897741436958313,-1.522741436958313,attack,Yes
1675,1,1,0.679178699175393,-0.7837826013565063,-1.5337826013565063,attack,Yes
1676,1,1,0.9046505402422645,-0.5774299502372742,-2.827430009841919,attack,Yes
1677,1,1,0.6513548646660542,-0.9252997636795044,-1.5502997636795044,attack,Yes
1678,1,1,0.8519528019683106,-0.6456432342529297,-2.3956432342529297,attack,Yes
1679,1,1,0.8354835452961425,-0.6654936671257019,-2.2904937267303467,attack,Yes
1680,1,0,0.08509904036636974,-3.084273338317871,-0.7092732787132263,attack,No
1681,1,0,0.11920292828022305,-2.430539608001709,-0.43053966760635376,attack,No
1682,1,0,0.20181322226037882,-2.199254035949707,-0.824254035949707,attack,No
1683,1,1,0.9046505351008906,-0.33005309104919434,-2.5800530910491943,attack,Yes
1684,1,1,0.6224593312018546,-0.6359313726425171,-1.135931372642517,attack,Yes
1685,1,1,0.6791786861878392,-0.7177968621253967,-1.467796802520752,attack,Yes
1686,1,1,0.8807970842359877,-0.6472188830375671,-2.647218942642212,attack,yes
1687,1,1,0.9669140225647107,-0.34685489535331726,-3.7218549251556396,attack,Yes
1688,1,1,0.7772998508568416,-0.6423035264015198,-1.892303466796875,attack,Yes
1689,1,0,0.34864513533394575,-1.6683344841003418,-1.0433344841003418,attack,no
1690,1,1,0.7310585786300049,-0.9102908372879028,-1.9102908372879028,attack,Yes
1691,1,0,0.11920291576401235,-2.4654762744903564,-0.46547621488571167,attack,No
1692,1,1,0.880797081106935,-0.41492959856987,-2.4149296283721924,attack,Yes
1693,1,0,0.037326884131416216,-3.651477336883545,-0.40147724747657776,attack,no
1694,1,0,0.24508500210441886,-1.7997467517852783,-0.6747466921806335,attack,No
1695,1,0,0.4378234991142019,-1.1395105123519897,-0.8895105123519897,attack,No
1696,1,1,0.7057850278370112,-0.9667006731033325,-1.8417006731033325,attack,Yes
1697,1,1,0.8354835371034369,-0.6756625175476074,-2.3006625175476074,attack,Yes
1698,1,1,0.6224593312018546,-0.821786642074585,-1.321786642074585,attack,Yes
1699,1,0,0.5,-1.1385942697525024,-1.1385942697525024,attack,No
1700,1,1,0.7310585786300049,-0.8728716373443604,-1.8728716373443604,attack,Yes
1701,1,1,0.880797081106935,-0.48793885111808777,-2.48793888092041,attack,Yes
1702,1,1,0.5312093733737563,-1.1907520294189453,-1.3157520294189453,attack,Yes
1703,1,1,0.7981867969424066,-0.8306945562362671,-2.2056946754455566,attack,Yes
1704,1,1,0.6224593312018546,-1.0782666206359863,-1.5782666206359863,attack,Yes
1705,1,0,0.2942149597859341,-1.7632434368133545,-0.8882433772087097,attack,No
1706,1,1,0.754914997895581,-0.6836943030357361,-1.8086943626403809,attack,Yes
1707,1,0,0.4378234991142019,-1.435006856918335,-1.185006856918335,attack,no
1708,1,0,0.11920293140927592,-2.4021377563476562,-0.4021378457546234,attack,No
1709,1,0,0.46879062662624377,-1.1410356760025024,-1.0160356760025024,attack,No
1710,1,0,0.05340332678672523,-3.3118181228637695,-0.43681806325912476,attack,No
1711,1,1,0.7057850278370112,-0.8465769290924072,-1.7215769290924072,attack,Yes
1712,1,0,0.34864513533394575,-1.4405415058135986,-0.8155415058135986,attack,No
1713,1,1,0.6224593312018546,-1.0707567930221558,-1.5707567930221558,attack,Yes
1714,1,1,0.5312093733737563,-1.0082076787948608,-1.1332076787948608,attack,Yes
1715,1,0,0.46879062662624377,-1.1025696992874146,-0.9775696992874146,attack,No
1716,1,1,0.8807970779778823,-0.5638720989227295,-2.5638720989227295,attack,Yes
1717,1,0,0.09534945718704857,-2.5273993015289307,-0.2773992121219635,attack,No
1718,1,0,0.2689414213699951,-1.603161096572876,-0.603161096572876,attack,No
1719,1,1,0.7772998508568416,-0.754017174243927,-2.0040171146392822,attack,Yes
1720,1,0,0.2942149845400438,-1.5430188179016113,-0.6680188775062561,attack,No
1721,1,1,0.6513548511303336,-0.9663265347480774,-1.5913264751434326,attack,Yes
1722,1,1,0.8519528170040853,-0.5993841886520386,-2.349384307861328,attack,Yes
1723,1,1,0.7549149868676283,-0.5744515657424927,-1.6994515657424927,attack,Yes
1724,1,1,0.6791787121629466,-0.6964041590690613,-1.446404218673706,attack,Yes
1725,1,1,0.880797071719777,-0.7055466771125793,-2.7055466175079346,attack,Yes
1726,1,0,0.37754066879814546,-1.5563544034957886,-1.0563544034957886,attack,No
1727,1,1,0.6513548646660542,-0.7729405164718628,-1.3979405164718628,attack,Yes
1728,1,0,0.3775406828054583,-1.3574299812316895,-0.8574300408363342,attack,No
1729,1,1,0.9525741308615412,-0.4768320620059967,-3.476832151412964,attack,Yes
1730,1,0,0.2689414213699951,-1.9481289386749268,-0.9481289386749268,attack,no
1731,1,1,0.679178699175393,-0.8360791206359863,-1.5860791206359863,attack,Yes
1732,1,0,0.11920292828022305,-2.604609727859497,-0.6046097874641418,attack,no
1733,1,1,0.7310585903489892,-0.6516687273979187,-1.6516687870025635,attack,Yes
1734,1,0,0.2689414213699951,-1.5313040018081665,-0.5313040018081665,attack,No
1735,1,1,0.679178699175393,-0.8527679443359375,-1.6027679443359375,attack,Yes
1736,1,1,0.6224593312018546,-0.8377563953399658,-1.3377563953399658,attack,Yes
1737,1,0,0.37754066879814546,-1.3674839735031128,-0.8674839735031128,attack,No
1738,1,0,0.11920291576401235,-2.6959259510040283,-0.6959258913993835,attack,no
1739,1,0,0.4073333856566001,-1.2479100227355957,-0.8729099631309509,attack,No
1740,1,0,0.24508501313237172,-1.857883334159851,-0.7328833341598511,attack,No
1741,1,0,0.2689414213699951,-1.5041720867156982,-0.5041720867156982,attack,No
1742,1,1,0.5926666143433998,-0.9110063910484314,-1.2860064506530762,attack,Yes
1743,1,0,0.14804721306746543,-2.319830894470215,-0.5698310136795044,attack,No
1744,1,1,0.5312093733737563,-1.2566488981246948,-1.3816488981246948,attack,Yes
1745,1,1,0.851952809486198,-0.8062347769737244,-2.556234836578369,attack,Yes
1746,1,0,0.1329642264548166,-2.3885202407836914,-0.5135201215744019,attack,No
1747,1,0,0.20181321265898594,-2.0012385845184326,-0.6262385249137878,attack,No
1748,1,1,0.8519528057272543,-0.38816115260124207,-2.1381611824035645,attack,Yes
1749,1,1,0.8354835371034369,-0.5314850807189941,-2.156485080718994,attack,Yes
1750,1,0,0.37754066879814546,-1.3287197351455688,-0.8287197351455688,attack,No
1751,1,0,0.20181324146316565,-2.138455390930176,-0.7634555101394653,attack,No
1752,1,1,0.6224593312018546,-1.0176658630371094,-1.5176658630371094,attack,Yes
1753,1,1,0.7310585786300049,-0.889785647392273,-1.889785647392273,attack,Yes
1754,1,1,0.7981867777396212,-0.8175106048583984,-2.1925106048583984,attack,Yes
1755,1,1,0.7772998714925403,-0.7062177062034607,-1.9562177658081055,attack,Yes
1756,1,1,0.8175744850834649,-0.6000749468803406,-2.1000750064849854,attack,Yes
1757,1,1,0.679178699175393,-0.8522682189941406,-1.6022682189941406,attack,Yes
1758,1,0,0.34864513533394575,-1.410591959953308,-0.7855919599533081,attack,No
1759,1,1,0.8519528019683106,-0.3605382442474365,-2.1105382442474365,attack,Yes
1760,1,0,0.4073334000459302,-1.347090721130371,-0.9720907211303711,attack,No
1761,1,0,0.10669059394565118,-2.8584468364715576,-0.7334468364715576,attack,no
1762,1,1,0.6791786861878392,-0.8526986241340637,-1.602698564529419,attack,Yes
1763,1,1,0.6224593171945417,-0.8570073246955872,-1.3570072650909424,attack,Yes
1764,1,0,0.32082130082460697,-1.5596425533294678,-0.8096425533294678,attack,No
1765,1,0,0.34864513533394575,-1.6828123331069946,-1.0578123331069946,attack,no
1766,1,0,0.32082130082460697,-1.3730984926223755,-0.6230984926223755,attack,No
1767,1,1,0.6791786861878392,-0.7531309723854065,-1.5031309127807617,attack,Yes
1768,1,0,0.1329642333263228,-2.629842758178711,-0.7548426985740662,attack,no
1769,1,0,0.4378234991142019,-1.2983014583587646,-1.0483014583587646,attack,No
1770,1,1,0.679178699175393,-0.6964550018310547,-1.4464550018310547,attack,Yes
1771,1,1,0.5621765008857981,-1.1842331886291504,-1.4342331886291504,attack,Yes
1772,1,0,0.11920291576401235,-2.733217477798462,-0.7332174181938171,attack,No
1773,1,1,0.8807970748488297,-0.4831257164478302,-2.483125686645508,attack,Yes
1774,1,0,0.14804719051380197,-2.566742420196533,-0.8167423605918884,attack,no
1775,1,1,0.9399133498259924,-0.45049023628234863,-3.2004902362823486,attack,Yes
1776,1,1,0.8175744761936437,-0.7497186660766602,-2.24971866607666,attack,Yes
1777,1,0,0.24508500210441886,-1.7320911884307861,-0.6070911288261414,attack,No
1778,1,0,0.16451647108926923,-2.2867848873138428,-0.6617849469184875,attack,no
1779,1,1,0.9046505299595163,-0.5273554921150208,-2.777355432510376,attack,Yes
1780,1,1,0.8354835289107309,-0.48278695344924927,-2.1077868938446045,attack,Yes
1781,1,0,0.1480472055495773,-2.278301477432251,-0.5283015370368958,attack,No
1782,1,1,0.5312093733737563,-0.9198858737945557,-1.0448858737945557,attack,Yes
1783,1,1,0.8175744939732856,-0.6529029607772827,-2.1529030799865723,attack,Yes
1784,1,1,0.9046505351008906,-0.5358972549438477,-2.7858972549438477,attack,Yes
1785,1,1,0.9241418116217418,-0.5550557374954224,-3.055055618286133,attack,Yes
1786,1,1,0.9399133531922388,-0.5349025130271912,-3.284902572631836,attack,Yes
1787,1,0,0.3775406828054583,-1.231081485748291,-0.7310815453529358,attack,No
1788,1,1,0.679178699175393,-0.6842924356460571,-1.4342924356460571,attack,Yes
1789,1,1,0.8933094060543487,-0.4323103427886963,-2.5573103427886963,attack,Yes
1790,1,0,0.37754066879814546,-1.4181511402130127,-0.9181511402130127,attack,No
1791,1,0,0.2942149845400438,-1.5859787464141846,-0.7109788060188293,attack,No
1792,1,1,0.8933094174159129,-0.5026782751083374,-2.627678394317627,attack,Yes
1793,1,0,0.2942149597859341,-1.616375207901001,-0.7413751482963562,attack,No
1794,1,1,0.6224593452091672,-0.8569900393486023,-1.356990098953247,attack,Yes
1795,1,1,0.914900945711678,-0.6106597185134888,-2.985659599304199,attack,Yes
1796,1,0,0.08509904036636974,-3.021212339401245,-0.6462122797966003,attack,No
1797,1,0,0.37754066879814546,-1.4899581670761108,-0.9899581670761108,attack,No
1798,1,0,0.0675466911396291,-3.313204526901245,-0.6882045269012451,attack,No
1799,1,1,0.8519528170040853,-0.48159921169281006,-2.2315993309020996,attack,Yes
1800,1,1,0.5621765008857981,-0.8763442039489746,-1.1263442039489746,attack,Yes
1801,1,0,0.13296424019782924,-2.5189809799194336,-0.6439809799194336,attack,No
1802,1,0,0.06008665017400762,-3.1460869312286377,-0.3960869312286377,attack,no
1803,1,1,0.8670357598021706,-0.29619812965393066,-2.1711981296539307,attack,Yes
1804,1,1,0.8807970904940926,-0.5634454488754272,-2.563445568084717,attack,Yes
1805,1,1,0.7310585786300049,-0.7295902967453003,-1.7295902967453003,attack,Yes
1806,1,1,0.7981867873410141,-0.5857183337211609,-1.9607183933258057,attack,Yes
1807,1,1,0.7981867777396212,-0.8507068157196045,-2.2257068157196045,attack,yes
1808,1,0,0.29421497216298875,-1.7948700189590454,-0.9198700189590454,attack,No
1809,1,0,0.0953494674697966,-2.571392774581909,-0.32139280438423157,attack,No
1810,1,1,0.8807970904940926,-0.4472726583480835,-2.447272777557373,attack,Yes
1811,1,0,0.24508500210441886,-1.7727735042572021,-0.6477734446525574,attack,No
1812,1,0,0.5,-1.0963326692581177,-1.0963326692581177,attack,No
1813,1,1,0.7549149868676283,-0.5172785520553589,-1.6422785520553589,attack,Yes
1814,1,0,0.2689414213699951,-1.573349118232727,-0.573349118232727,attack,No
1815,1,1,0.7549149868676283,-0.9515013694763184,-2.0765013694763184,attack,Yes
1816,1,0,0.4378234991142019,-1.1865131855010986,-0.9365131855010986,attack,No
1817,1,0,0.4378234991142019,-1.3476057052612305,-1.0976057052612305,attack,No
1818,1,1,0.798186768138228,-0.6782203316688538,-2.053220272064209,attack,Yes
1819,1,1,0.7057850278370112,-0.8579627275466919,-1.732962727546692,attack,Yes
1820,1,1,0.8519528019683106,-0.5861804485321045,-2.3361804485321045,attack,Yes
1821,1,1,0.7057850402140659,-0.6564542651176453,-1.53145432472229,attack,Yes
1822,1,1,0.9149009596336303,-0.34001368284225464,-2.7150137424468994,attack,Yes
1823,1,0,0.22270014914315833,-1.8244102001190186,-0.5744102597236633,attack,No
1824,1,1,0.7310585786300049,-0.7310636043548584,-1.7310636043548584,attack,Yes
1825,1,1,0.9241418116217418,-0.42892658710479736,-2.928926467895508,attack,Yes
1826,1,1,0.893309411735131,-0.8022930026054382,-2.927293062210083,attack,Yes
1827,1,0,0.1066905825840872,-2.759432315826416,-0.6344321966171265,attack,no
1828,1,0,0.46879062662624377,-1.0589444637298584,-0.9339444637298584,attack,No
1829,1,1,0.9149009549929797,-0.619204044342041,-2.994204044342041,attack,Yes
1830,1,0,0.22270014914315833,-1.9415619373321533,-0.6915619969367981,attack,No
1831,1,1,0.7549150089235336,-0.892875075340271,-2.0178751945495605,attack,yes
1832,1,1,0.6513548646660542,-0.7076529264450073,-1.3326529264450073,attack,Yes
1833,1,0,0.2689414330889798,-1.6783928871154785,-0.6783929467201233,attack,No
1834,1,1,0.5926665999540697,-0.912446141242981,-1.287446141242981,attack,Yes
1835,1,0,0.08509904500702024,-2.9215035438537598,-0.5465035438537598,attack,no
1836,1,0,0.2018132174596823,-1.859601378440857,-0.48460134863853455,attack,No
1837,1,0,0.2689414213699951,-1.9119863510131836,-0.9119863510131836,attack,no
1838,1,0,0.20181321265898594,-1.7877705097198486,-0.41277045011520386,attack,No
1839,1,1,0.7772998405389918,-0.9033933877944946,-2.153393268585205,attack,Yes
1840,1,0,0.08509904964767095,-2.8395402431488037,-0.4645403027534485,attack,No
1841,1,1,0.9579122756889438,-0.3229025900363922,-3.4479026794433594,attack,Yes
1842,1,1,0.8933094003735664,-0.7421196103096008,-2.867119550704956,attack,yes
1843,1,1,0.5312093733737563,-1.0930805206298828,-1.2180805206298828,attack,Yes
1844,1,1,0.8354835207180245,-0.4130336046218872,-2.0380334854125977,attack,Yes
1845,1,1,0.867035752930664,-0.5879145264625549,-2.46291446685791,attack,Yes
1846,1,1,0.5621765008857981,-1.1551458835601807,-1.4051458835601807,attack,Yes
1847,1,0,0.11920290950590741,-2.689770221710205,-0.6897701025009155,attack,No
1848,1,1,0.7549149868676283,-0.8218288421630859,-1.946828842163086,attack,Yes
1849,1,0,0.34864513533394575,-1.4011752605438232,-0.7761752605438232,attack,No
1850,1,1,0.8933094174159129,-0.5950621366500854,-2.720062255859375,attack,Yes
1851,1,1,0.6513548511303336,-0.9274464249610901,-1.5524463653564453,attack,Yes
1852,1,1,0.798186768138228,-0.86258465051651,-2.2375845909118652,attack,Yes
1853,1,0,0.2689414096510108,-1.8475100994110107,-0.847510039806366,attack,No
1854,1,1,0.7772998714925403,-0.6128305792808533,-1.862830638885498,attack,Yes
1855,1,0,0.3208213138121609,-1.6131579875946045,-0.8631580471992493,attack,No
1856,1,1,0.7772998508568416,-0.5528340935707092,-1.8028340339660645,attack,Yes
1857,1,0,0.18242552380635632,-2.000016212463379,-0.5000162124633789,attack,No
1858,1,0,0.5,-1.2030563354492188,-1.2030563354492188,attack,No
1859,1,1,0.8354835289107309,-0.6663928627967834,-2.2913928031921387,attack,Yes
1860,1,0,0.20181322226037882,-2.2086422443389893,-0.8336422443389893,attack,no
1861,1,0,0.1645164628965632,-2.1013877391815186,-0.47638773918151855,attack,No
1862,1,1,0.9046505351008906,-0.5358800888061523,-2.7858800888061523,attack,Yes
1863,1,0,0.18242552380635632,-2.104679822921753,-0.6046798229217529,attack,No
1864,1,1,0.8519527869325346,-0.6534558534622192,-2.4034557342529297,attack,Yes
1865,1,0,0.20181321265898594,-2.1826589107513428,-0.807658851146698,attack,No
1866,1,0,0.4378234991142019,-1.4363106489181519,-1.1863106489181519,attack,no
1867,1,0,0.3486451488696663,-1.4011151790618896,-0.7761152386665344,attack,No
1868,1,0,0.37754066879814546,-1.4524495601654053,-0.9524495601654053,attack,No
1869,1,1,0.8933094032139576,-0.3164410889148712,-2.441441059112549,attack,Yes
1870,1,0,0.22270013882530884,-1.9472250938415527,-0.6972250938415527,attack,No
1871,1,1,0.7772998508568416,-0.5774818062782288,-1.827481746673584,attack,Yes
1872,1,0,0.0953494648991095,-2.920687198638916,-0.670687198638916,attack,no
1873,1,1,0.5621765008857981,-0.8186265230178833,-1.0686265230178833,attack,Yes
1874,1,0,0.5,-1.2788382768630981,-1.2788382768630981,attack,no
1875,1,1,0.8933094003735664,-0.6918242573738098,-2.816824197769165,attack,yes
1876,1,0,0.22270014914315833,-1.858689785003662,-0.6086898446083069,attack,No
1877,1,1,0.9046505402422645,-0.5277747511863708,-2.7777748107910156,attack,Yes
1878,1,1,0.8933094060543487,-0.6977217197418213,-2.8227217197418213,attack,Yes
1879,1,0,0.46879062662624377,-1.1820919513702393,-1.0570919513702393,attack,No
1880,1,1,0.7981867777396212,-0.8741097450256348,-2.2491097450256348,attack,Yes
1881,1,0,0.3208213138121609,-1.3351643085479736,-0.5851643681526184,attack,No
1882,1,1,0.880797071719777,-0.7697702050209045,-2.7697701454162598,attack,Yes
1883,1,1,0.8519528019683106,-0.6953368186950684,-2.4453368186950684,attack,Yes
1884,1,0,0.46879062662624377,-1.3423913717269897,-1.2173913717269897,attack,no
1885,1,1,0.679178699175393,-0.9734609127044678,-1.7234609127044678,attack,Yes
1886,1,1,0.7057850278370112,-1.0297049283981323,-1.9047049283981323,attack,Yes
1887,1,0,0.46879062662624377,-1.0695279836654663,-0.9445279836654663,attack,No
1888,1,0,0.053403329799824234,-3.451517105102539,-0.5765171051025391,attack,no
1889,1,1,0.5312093733737563,-1.2156462669372559,-1.3406462669372559,attack,Yes
1890,1,1,0.5312093733737563,-1.0678937435150146,-1.1928937435150146,attack,Yes
1891,1,0,0.4073334000459302,-1.2509725093841553,-0.8759725093841553,attack,No
1892,1,1,0.8670357598021706,-0.532304048538208,-2.407304048538208,attack,Yes
1893,1,0,0.46879062662624377,-1.1651604175567627,-1.0401604175567627,attack,No
1894,1,1,0.867035763237924,-0.46368905901908875,-2.338689088821411,attack,Yes
1895,1,1,0.5926665999540697,-0.7924308776855469,-1.1674308776855469,attack,Yes
1896,1,1,0.679178699175393,-0.951993465423584,-1.701993465423584,attack,Yes
1897,1,0,0.32082130082460697,-1.479616403579712,-0.7296164035797119,attack,No
1898,1,1,0.7549149648117217,-0.893044114112854,-2.0180439949035645,attack,Yes
1899,1,1,0.7772998611746911,-0.623759388923645,-1.873759388923645,attack,Yes
1900,1,0,0.09534947004048376,-2.7971549034118652,-0.54715496301651,attack,no
1901,1,0,0.37754066879814546,-1.5046718120574951,-1.0046718120574951,attack,No
1902,1,1,0.8175744673038221,-0.8875475525856018,-2.387547492980957,attack,Yes
1903,1,1,0.5312093733737563,-1.0749753713607788,-1.1999753713607788,attack,Yes
1904,1,0,0.4073334000459302,-1.515634298324585,-1.140634298324585,attack,no
1905,1,1,0.9241418199787566,-0.5590434074401855,-3.0590434074401855,attack,Yes
1906,1,0,0.053403329799824234,-3.3699142932891846,-0.49491429328918457,attack,no
1907,1,1,0.7549149868676283,-0.8928492069244385,-2.0178492069244385,attack,Yes
1908,1,0,0.1480472055495773,-2.4515421390533447,-0.7015421986579895,attack,No
1909,1,1,0.8670357460591569,-0.6765896081924438,-2.5515894889831543,attack,Yes
1910,1,1,0.6791787121629466,-0.6948782801628113,-1.444878339767456,attack,Yes
1911,1,1,0.7310585669110203,-0.688956081867218,-1.6889560222625732,attack,Yes
1912,1,1,0.754914975839675,-0.9191010594367981,-2.0441009998321533,attack,Yes
1913,1,0,0.18242553269617778,-2.2646520137786865,-0.7646520733833313,attack,no
1914,1,1,0.7549149868676283,-0.7269949913024902,-1.8519949913024902,attack,Yes
1915,1,0,0.13296424019782924,-2.5703909397125244,-0.6953909397125244,attack,No
1916,1,1,0.880797081106935,-0.4829876124858856,-2.482987642288208,attack,Yes
1917,1,1,0.9465966702001757,-0.5771503448486328,-3.452150344848633,attack,Yes
1918,1,0,0.2689414213699951,-1.679683804512024,-0.6796838045120239,attack,No
1919,1,1,0.6224593312018546,-0.8208179473876953,-1.3208179473876953,attack,Yes
1920,1,1,0.7549149868676283,-0.9050006866455078,-2.030000686645508,attack,Yes
1921,1,1,0.6513548511303336,-0.774374783039093,-1.3993747234344482,attack,Yes
1922,1,0,0.4073334000459302,-1.3052242994308472,-0.9302242994308472,attack,No
1923,1,1,0.679178699175393,-0.8070049285888672,-1.5570049285888672,attack,Yes
1924,1,0,0.24508500210441886,-1.7300488948822021,-0.6050488352775574,attack,No
1925,1,0,0.20181323186177208,-1.842986822128296,-0.4679868817329407,attack,No
1926,1,0,0.37754066879814546,-1.4899132251739502,-0.9899132251739502,attack,No
1927,1,1,0.5312093733737563,-1.0493974685668945,-1.1743974685668945,attack,Yes
1928,1,0,0.18242550602671442,-2.1041531562805176,-0.604153037071228,attack,No
1929,1,1,0.7772998611746911,-0.6148364543914795,-1.8648364543914795,attack,Yes
1930,1,1,0.7772998611746911,-0.6238281726837158,-1.8738281726837158,attack,Yes
1931,1,1,0.939913356558485,-0.7567394971847534,-3.506739616394043,attack,Yes
1932,1,1,0.5312093733737563,-1.1200416088104248,-1.2450416088104248,attack,Yes
1933,1,1,0.867035752930664,-0.7294831871986389,-2.604483127593994,attack,Yes
1934,1,0,0.2942149597859341,-1.6171667575836182,-0.7421666979789734,attack,No
1935,1,0,0.11920290950590741,-2.53732967376709,-0.5373295545578003,attack,No
1936,1,1,0.6513548646660542,-0.9769366979598999,-1.6019366979599,attack,Yes
1937,1,0,0.2689414330889798,-1.6847689151763916,-0.6847689747810364,attack,No
1938,1,1,0.6513548782017746,-0.8707603812217712,-1.495760440826416,attack,Yes
1939,1,1,0.6513548646660542,-0.9675594568252563,-1.5925594568252563,attack,Yes
1940,1,0,0.5,-1.015107274055481,-1.015107274055481,attack,No
1941,1,0,0.5,-1.0025235414505005,-1.0025235414505005,attack,No
1942,1,1,0.7310585786300049,-0.6512529850006104,-1.6512529850006104,attack,Yes
1943,1,0,0.1645164628965632,-2.135751724243164,-0.5107517242431641,attack,No
1944,1,1,0.8519527944504226,-0.7481697201728821,-2.4981696605682373,attack,Yes
1945,1,1,0.5621765008857981,-1.1911869049072266,-1.4411869049072266,attack,Yes
1946,1,1,0.7057850402140659,-0.8435866236686707,-1.7185866832733154,attack,Yes
1947,1,0,0.4378234991142019,-1.1094564199447632,-0.8594564199447632,attack,No
1948,1,0,0.18242552380635632,-2.1888298988342285,-0.6888298988342285,attack,No
1949,1,0,0.1645164628965632,-2.4005584716796875,-0.7755584716796875,attack,No
1950,1,1,0.867035752930664,-0.5804196000099182,-2.4554195404052734,attack,Yes
1951,1,1,0.679178699175393,-0.7827333211898804,-1.5327333211898804,attack,Yes
1952,1,1,0.5621765008857981,-1.03119695186615,-1.28119695186615,attack,Yes
1953,1,1,0.5621765008857981,-1.077364444732666,-1.327364444732666,attack,Yes
1954,1,1,0.7772998508568416,-0.8449137806892395,-2.0949137210845947,attack,Yes
1955,1,1,0.7549149868676283,-0.9193603992462158,-2.044360399246216,attack,Yes
1956,1,0,0.1480471980316895,-2.5144944190979004,-0.7644944190979004,attack,No
1957,1,0,0.4073333856566001,-1.3288209438323975,-0.9538208842277527,attack,No
1958,1,0,0.0850990357257195,-2.928379535675049,-0.5533794164657593,attack,No
1959,1,0,0.3486451217982255,-1.367079257965088,-0.7420791983604431,attack,No
1960,1,0,0.32082130082460697,-1.5693106651306152,-0.8193106651306152,attack,No
1961,1,0,0.10669059962643358,-2.9051074981689453,-0.7801075577735901,attack,no
1962,1,1,0.9324533126145177,-0.5005747675895691,-3.125574827194214,attack,Yes
1963,1,1,0.679178699175393,-0.6964550018310547,-1.4464550018310547,attack,Yes
1964,1,1,0.9241418199787566,-0.39380788803100586,-2.893807888031006,attack,Yes
1965,1,1,0.5312093733737563,-1.1707701683044434,-1.2957701683044434,attack,Yes
1966,1,0,0.22270012850745968,-1.6229932308197021,-0.3729931712150574,attack,No
1967,1,0,0.4073334000459302,-1.4082252979278564,-1.0332252979278564,attack,No
1968,1,0,0.4073334000459302,-1.5322396755218506,-1.1572396755218506,attack,no
1969,1,0,0.46879062662624377,-1.3619617223739624,-1.2369617223739624,attack,no
1970,1,0,0.2689414213699951,-1.7534645795822144,-0.7534645795822144,attack,No
1971,1,0,0.24508501313237172,-1.988857626914978,-0.863857626914978,attack,No
1972,1,0,0.09534945975773548,-2.965378522872925,-0.71537846326828,attack,No
1973,1,1,0.7057850278370112,-0.9469234943389893,-1.8219234943389893,attack,Yes
1974,1,0,0.22270013882530884,-1.993464708328247,-0.7434647083282471,attack,No
1975,1,1,0.7310585903489892,-0.8708738684654236,-1.8708739280700684,attack,Yes
1976,1,1,0.798186768138228,-0.8308168053627014,-2.2058167457580566,attack,Yes
1977,1,1,0.8519528019683106,-0.4774210453033447,-2.2274210453033447,attack,Yes
1978,1,0,0.22270014914315833,-2.0511715412139893,-0.801171600818634,attack,no
1979,1,1,0.8670357666736773,-0.49929994344711304,-2.374300003051758,attack,Yes
1980,1,1,0.8354835452961425,-0.7060536742210388,-2.3310537338256836,attack,Yes
1981,1,1,0.8807970779778823,-0.6598973274230957,-2.6598973274230957,attack,Yes
1982,1,1,0.8807970842359877,-0.7555176615715027,-2.7555177211761475,attack,yes
1983,1,1,0.6791786861878392,-0.783262312412262,-1.5332622528076172,attack,Yes
1984,1,0,0.2689414213699951,-1.8469533920288086,-0.8469533920288086,attack,No
1985,1,0,0.20181322226037882,-2.048348903656006,-0.6733489036560059,attack,No
1986,1,0,0.4378234991142019,-1.2536753416061401,-1.0036753416061401,attack,No
1987,1,0,0.32082130082460697,-1.7153337001800537,-0.9653337001800537,attack,No
1988,1,0,0.05340332678672523,-3.5531389713287354,-0.6781389117240906,attack,no
1989,1,1,0.5312093733737563,-1.0088449716567993,-1.1338449716567993,attack,Yes
1990,1,1,0.8354835452961425,-0.7151617407798767,-2.3401618003845215,attack,Yes
1991,1,0,0.0675466911396291,-3.2619316577911377,-0.6369316577911377,attack,no
1992,1,0,0.22270013882530884,-2.0905635356903076,-0.8405635356903076,attack,No
1993,1,0,0.0953494648991095,-2.909956455230713,-0.6599564552307129,attack,No
1994,1,1,0.7310585669110203,-0.890569269657135,-1.8905692100524902,attack,Yes
1995,1,0,0.07585818628900447,-2.885317325592041,-0.3853174149990082,attack,No
1996,1,0,0.1645164628965632,-2.2155063152313232,-0.5905063152313232,attack,No
1997,1,0,0.06008665354025422,-3.4359021186828613,-0.6859021782875061,attack,No
1998,1,1,0.6224593312018546,-0.7268911600112915,-1.2268911600112915,attack,Yes
1999,1,0,0.042087723109535534,-3.6933956146240234,-0.5683954954147339,attack,no
2000,1,0,0.07585818002124356,-3.1511456966400146,-0.6511456966400146,attack,no
2001,1,0,0.40733341443526055,-1.049877643585205,-0.6748777031898499,attack,No
2002,1,1,0.7772998714925403,-0.4942755103111267,-1.7442755699157715,attack,Yes
2003,1,0,0.5,-1.0028315782546997,-1.0028315782546997,attack,No
2004,1,1,0.8670357598021706,-0.6760342121124268,-2.5510342121124268,attack,Yes
2005,1,1,0.9241418158002492,-0.6494317650794983,-3.1494317054748535,attack,yes
2006,1,0,0.4378234991142019,-1.213233232498169,-0.963233232498169,attack,No
2007,1,1,0.5621765155565327,-0.9096300005912781,-1.1596300601959229,attack,Yes
2008,1,1,0.8933094174159129,-0.595394492149353,-2.7203946113586426,attack,Yes
2009,1,0,0.46879062662624377,-1.1015198230743408,-0.9765198230743408,attack,No
2010,1,0,0.20181323186177208,-1.9340095520019531,-0.5590096116065979,attack,No
2011,1,1,0.6224593312018546,-0.9011892080307007,-1.4011892080307007,attack,Yes
2012,1,1,0.6513548511303336,-0.8535957932472229,-1.4785957336425781,attack,Yes
2013,1,0,0.025957351923233056,-4.010560512542725,-0.3855603039264679,attack,no
2014,1,1,0.8175744673038221,-0.6429548859596252,-2.1429548263549805,attack,Yes
2015,1,1,0.7057850402140659,-0.8584546446800232,-1.733454704284668,attack,Yes
2016,1,0,0.3208212878370535,-1.4881327152252197,-0.738132655620575,attack,No
2017,1,1,0.9465966732132748,-0.5771276354789734,-3.452127695083618,attack,Yes
2018,1,1,0.8933094003735664,-0.6381459832191467,-2.763145923614502,attack,yes
2019,1,1,0.7310585903489892,-0.9513182044029236,-1.9513182640075684,attack,Yes
2020,1,1,0.7310585669110203,-0.92239910364151,-1.9223990440368652,attack,yes
2021,1,0,0.4073334000459302,-1.4594719409942627,-1.0844719409942627,attack,No
2022,1,0,0.5,-1.1313395500183105,-1.1313395500183105,attack,No
2023,1,0,0.22270013882530884,-1.9430080652236938,-0.6930080652236938,attack,No
2024,1,0,0.46879062662624377,-1.346818208694458,-1.221818208694458,attack,no
2025,1,0,0.4378234991142019,-1.2131068706512451,-0.9631068706512451,attack,No
2026,1,1,0.7772998508568416,-0.6530681252479553,-1.9030680656433105,attack,Yes
2027,1,0,0.08509904964767095,-3.084352493286133,-0.7093525528907776,attack,no
2028,1,0,0.32082130082460697,-1.5889252424240112,-0.8389252424240112,attack,No
2029,1,1,0.798186768138228,-0.6781061291694641,-2.0531060695648193,attack,Yes
2030,1,0,0.06754668738548215,-3.118734359741211,-0.49373430013656616,attack,No
2031,1,0,0.4378234991142019,-1.1616971492767334,-0.9116971492767334,attack,No
2032,1,1,0.7310585669110203,-0.664548933506012,-1.6645488739013672,attack,Yes
2033,1,1,0.5621765155565327,-0.8940114378929138,-1.1440114974975586,attack,Yes
2034,1,0,0.37754066879814546,-1.4771745204925537,-0.9771745204925537,attack,No
2035,1,1,0.7981867585368343,-0.6778422594070435,-2.052842140197754,attack,Yes
2036,1,0,0.060086646807761206,-3.3234713077545166,-0.5734712481498718,attack,No
2037,1,0,0.04208773272170267,-3.5509958267211914,-0.42599594593048096,attack,No
2038,1,0,0.37754066879814546,-1.4077078104019165,-0.9077078104019165,attack,No
2039,1,0,0.4073334000459302,-1.250436782836914,-0.8754367828369141,attack,No
2040,1,1,0.7310585786300049,-0.5582699775695801,-1.55826997756958,attack,Yes
2041,1,1,0.754914975839675,-0.6945803761482239,-1.819580316543579,attack,Yes
2042,1,1,0.8670357666736773,-0.580328643321991,-2.4553287029266357,attack,Yes
2043,1,0,0.5,-1.2884447574615479,-1.2884447574615479,attack,no
2044,1,1,0.7310585903489892,-0.8729347586631775,-1.8729348182678223,attack,Yes
2045,1,1,0.9324533126145177,-0.4975559115409851,-3.12255597114563,attack,Yes
2046,1,0,0.1645164628965632,-2.2149925231933594,-0.5899925231933594,attack,No
2047,1,1,0.8354835452961425,-0.657169759273529,-2.282169818878174,attack,Yes
2048,1,1,0.9046505325302034,-0.49831393361091614,-2.7483139038085938,attack,Yes
2049,1,1,0.8807970779778823,-0.5585536956787109,-2.558553695678711,attack,Yes
2050,1,1,0.8354835289107309,-0.7687922120094299,-2.393792152404785,attack,Yes
2051,1,0,0.11920292515117029,-2.2849626541137695,-0.2849626839160919,attack,No
2052,1,1,0.6224593171945417,-0.9422064423561096,-1.4422063827514648,attack,Yes
2053,1,1,0.8519527869325346,-0.6536551713943481,-2.4036550521850586,attack,Yes
2054,1,0,0.07585818837825822,-2.959169864654541,-0.45916998386383057,attack,No
2055,1,1,0.6224593312018546,-1.0559895038604736,-1.5559895038604736,attack,yes
2056,1,0,0.29421497216298875,-1.5169633626937866,-0.6419633626937866,attack,No
2057,1,0,0.3208213138121609,-1.4209070205688477,-0.6709070801734924,attack,No
2058,1,1,0.5312093733737563,-0.934869647026062,-1.059869647026062,attack,Yes
2059,1,0,0.32082130082460697,-1.6922138929367065,-0.9422138929367065,attack,No
2060,1,0,0.11920293453832885,-2.65394926071167,-0.6539493799209595,attack,no
2061,1,1,0.6513548646660542,-0.8303422927856445,-1.4553422927856445,attack,Yes
2062,1,1,0.6513548646660542,-1.0315254926681519,-1.6565254926681519,attack,Yes
2063,1,0,0.4073334000459302,-1.2871699333190918,-0.9121699333190918,attack,No
2064,1,1,0.851952809486198,-0.7033759951591492,-2.453376054763794,attack,Yes
2065,1,1,0.5926666143433998,-0.7272560000419617,-1.1022560596466064,attack,Yes
2066,1,0,0.46879062662624377,-1.197723627090454,-1.072723627090454,attack,No
2067,1,0,0.3775406547908327,-1.26240873336792,-0.7624086737632751,attack,No
2068,1,0,0.06754669489377622,-3.1139163970947266,-0.48891645669937134,attack,No
2069,1,0,0.22270013882530884,-1.742383599281311,-0.49238359928131104,attack,No
2070,1,0,0.4378234991142019,-1.4353656768798828,-1.1853656768798828,attack,no
2071,1,1,0.5926665999540697,-0.9313101768493652,-1.3063101768493652,attack,Yes
2072,1,1,0.8354835289107309,-0.6196759343147278,-2.244675874710083,attack,Yes
2073,1,1,0.9149009526726544,-0.4813428223133087,-2.8563427925109863,attack,Yes
2074,1,0,0.2689414096510108,-1.702820062637329,-0.7028200030326843,attack,No
2075,1,0,0.46879062662624377,-1.3407268524169922,-1.2157268524169922,attack,no
2076,1,1,0.679178699175393,-0.8077489137649536,-1.5577489137649536,attack,Yes
2077,1,1,0.8354835248143776,-0.4696143567562103,-2.094614267349243,attack,Yes
2078,1,0,0.16451645470385742,-2.4045443534851074,-0.7795442938804626,attack,No
2079,1,1,0.7549150089235336,-0.8927687406539917,-2.0177688598632812,attack,Yes
2080,1,0,0.14804719051380197,-2.5721683502197266,-0.8221682906150818,attack,no
2081,1,0,0.4378234991142019,-1.329994559288025,-1.079994559288025,attack,No
2082,1,0,0.4378234991142019,-1.3295482397079468,-1.0795482397079468,attack,No
2083,1,0,0.24508501313237172,-1.9364359378814697,-0.8114359378814697,attack,no
2084,1,1,0.679178699175393,-0.9740896224975586,-1.7240896224975586,attack,Yes
2085,1,1,0.8175744850834649,-0.7499870657920837,-2.2499871253967285,attack,Yes
2086,1,1,0.9579122696813394,-0.2949288487434387,-3.419928789138794,attack,Yes
2087,1,1,0.679178699175393,-0.752159833908081,-1.502159833908081,attack,Yes
2088,1,1,0.7981867777396212,-0.5945957899093628,-1.9695957899093628,attack,Yes
2089,1,0,0.07585818419975078,-3.14518141746521,-0.6451814770698547,attack,No
2090,1,1,0.8670357666736773,-0.6340596079826355,-2.5090596675872803,attack,Yes
2091,1,1,0.8354835452961425,-0.39282840490341187,-2.0178284645080566,attack,Yes
2092,1,1,0.679178699175393,-1.025686502456665,-1.775686502456665,attack,Yes
2093,1,0,0.22270014914315833,-2.043890953063965,-0.7938910126686096,attack,No
2094,1,1,0.7057850402140659,-0.8779107928276062,-1.752910852432251,attack,Yes
2095,1,0,0.18242552380635632,-2.3490512371063232,-0.8490512371063232,attack,no
2096,1,1,0.679178699175393,-0.9012932777404785,-1.6512932777404785,attack,Yes
2097,1,0,0.46879062662624377,-1.3077218532562256,-1.1827218532562256,attack,No
2098,1,1,0.7772998611746911,-0.5142568349838257,-1.7642568349838257,attack,Yes
2099,1,1,0.7310585786300049,-0.7162356376647949,-1.716235637664795,attack,Yes
2100,1,1,0.851952809486198,-0.5059441924095154,-2.25594425201416,attack,Yes
2101,1,1,0.8175744761936437,-0.7502310276031494,-2.2502310276031494,attack,Yes
2102,1,1,0.8175744673038221,-0.688789427280426,-2.1887893676757812,attack,Yes
2103,1,0,0.2942149845400438,-1.6504509449005127,-0.7754510045051575,attack,No
2104,1,1,0.8807970842359877,-0.6095353960990906,-2.6095354557037354,attack,Yes
2105,1,1,0.8519527869325346,-0.5177222490310669,-2.2677221298217773,attack,Yes
2106,1,0,0.46879062662624377,-1.2081031799316406,-1.0831031799316406,attack,No
2107,1,1,0.8933093975331751,-0.4640675485134125,-2.5890674591064453,attack,Yes
2108,1,1,0.6513548646660542,-0.8281009197235107,-1.4531009197235107,attack,Yes
2109,1,0,0.24508500210441886,-2.007697343826294,-0.8826972842216492,attack,no
2110,1,1,0.7310585786300049,-0.7596167325973511,-1.759616732597351,attack,Yes
2111,1,1,0.5312093733737563,-1.271677851676941,-1.396677851676941,attack,Yes
2112,1,1,0.8175744673038221,-0.6885862946510315,-2.1885862350463867,attack,Yes
2113,1,0,0.4073334000459302,-1.4973640441894531,-1.1223640441894531,attack,no
2114,1,0,0.5,-1.2354878187179565,-1.2354878187179565,attack,No
2115,1,1,0.8354835330070839,-0.3425377905368805,-1.967537760734558,attack,Yes
2116,1,0,0.22270011818961086,-2.0828709602355957,-0.8328708410263062,attack,No
2117,1,1,0.6224593312018546,-1.0783615112304688,-1.5783615112304688,attack,Yes
2118,1,1,0.5926665999540697,-0.8923244476318359,-1.267324447631836,attack,Yes
2119,1,0,0.09534945975773548,-2.909822940826416,-0.6598228812217712,attack,No
2120,1,1,0.8354835452961425,-0.7160069346427917,-2.3410069942474365,attack,Yes
2121,1,1,0.9046505299595163,-0.7349913716316223,-2.9849913120269775,attack,Yes
2122,1,0,0.1480471980316895,-2.322591543197632,-0.5725915431976318,attack,No
2123,1,1,0.8519528019683106,-0.7479491233825684,-2.4979491233825684,attack,Yes
2124,1,1,0.8519527944504226,-0.7580803036689758,-2.508080244064331,attack,Yes
2125,1,0,0.29421497216298875,-1.5427250862121582,-0.6677250862121582,attack,No
2126,1,1,0.8519528170040853,-0.8056539297103882,-2.5556540489196777,attack,Yes
2127,1,1,0.6224593452091672,-0.7258700728416443,-1.225870132446289,attack,Yes
2128,1,1,0.7057850278370112,-0.5792168378829956,-1.4542168378829956,attack,Yes
2129,1,1,0.7549149868676283,-0.5742439031600952,-1.6992439031600952,attack,Yes
2130,1,1,0.9465966762263737,-0.48517119884490967,-3.360171318054199,attack,Yes
2131,1,0,0.07585818837825822,-3.046666145324707,-0.5466662645339966,attack,No
2132,1,1,0.9465966762263737,-0.30819594860076904,-3.1831960678100586,attack,Yes
2133,1,1,0.8354835371034369,-0.5311801433563232,-2.1561801433563232,attack,Yes
2134,1,1,0.8807970779778823,-0.610023021697998,-2.610023021697998,attack,Yes
2135,1,1,0.5621765008857981,-0.9092658758163452,-1.1592658758163452,attack,Yes
2136,1,1,0.7057850154599563,-0.9111288189888,-1.7861287593841553,attack,Yes
2137,1,1,0.8354835371034369,-0.5089249610900879,-2.133924961090088,attack,Yes
2138,1,1,0.6513548782017746,-0.7066246867179871,-1.3316247463226318,attack,Yes
2139,1,1,0.8670357666736773,-0.7860648036003113,-2.661064863204956,attack,Yes
2140,1,0,0.32082130082460697,-1.6041924953460693,-0.8541924953460693,attack,No
2141,1,1,0.8175744806385543,-0.48545917868614197,-1.9854592084884644,attack,Yes
2142,1,1,0.6224593312018546,-0.8053505420684814,-1.3053505420684814,attack,Yes
2143,1,1,0.9465966702001757,-0.6925084590911865,-3.5675084590911865,attack,Yes
2144,1,1,0.6513548646660542,-1.0885076522827148,-1.7135076522827148,attack,Yes
2145,1,0,0.29421497216298875,-1.7432571649551392,-0.8682571649551392,attack,No
2146,1,1,0.9241418199787566,-0.6042423248291016,-3.1042423248291016,attack,Yes
2147,1,1,0.6224593452091672,-0.7254266142845154,-1.2254266738891602,attack,Yes
2148,1,0,0.22270014914315833,-1.8650844097137451,-0.6150844693183899,attack,No
2149,1,1,0.7057850154599563,-0.9111617207527161,-1.7861616611480713,attack,Yes
2150,1,1,0.8670357460591569,-0.4628854990005493,-2.3378853797912598,attack,Yes
2151,1,1,0.7981867777396212,-0.8620901107788086,-2.2370901107788086,attack,Yes
2152,1,0,0.3486451488696663,-1.5252516269683838,-0.9002516865730286,attack,No
2153,1,1,0.7057850402140659,-0.9707795977592468,-1.8457796573638916,attack,Yes
2154,1,0,0.22270013882530884,-1.9536263942718506,-0.7036263942718506,attack,No
2155,1,1,0.893309411735131,-0.7480747103691101,-2.873074769973755,attack,Yes
2156,1,1,0.5621765008857981,-0.8330709934234619,-1.083070993423462,attack,Yes
2157,1,0,0.1192029188930649,-2.466256618499756,-0.46625658869743347,attack,No
2158,1,0,0.5,-1.0015690326690674,-1.0015690326690674,attack,No
2159,1,1,0.8670357598021706,-0.6338906288146973,-2.5088906288146973,attack,Yes
2160,1,0,0.4378234991142019,-1.3995734453201294,-1.1495734453201294,attack,no
2161,1,1,0.679178699175393,-0.8081439733505249,-1.558143973350525,attack,Yes
2162,1,0,0.4378234991142019,-1.197811245918274,-0.9478112459182739,attack,No
2163,1,0,0.37754066879814546,-1.396277904510498,-0.896277904510498,attack,No
2164,1,1,0.8670357735451834,-0.7869161367416382,-2.6619162559509277,attack,Yes
2165,1,0,0.13296425394084313,-2.432742118835449,-0.5577422380447388,attack,No
2166,1,1,0.5926665999540697,-1.1289116144180298,-1.5039116144180298,attack,Yes
2167,1,0,0.05340332377362639,-3.443373203277588,-0.5683730840682983,attack,No
2168,1,1,0.7057850402140659,-0.6542183756828308,-1.5292184352874756,attack,Yes
2169,1,1,0.5621765155565327,-0.9666633009910583,-1.2166633605957031,attack,Yes
2170,1,1,0.8670357666736773,-0.831108033657074,-2.7061080932617188,attack,Yes
2171,1,0,0.14804721306746543,-2.413435935974121,-0.6634360551834106,attack,No
2172,1,1,0.6513548511303336,-0.6894269585609436,-1.3144268989562988,attack,Yes
2173,1,0,0.18242551491653522,-2.075239419937134,-0.575239360332489,attack,No
2174,1,0,0.37754066879814546,-1.55674409866333,-1.05674409866333,attack,no
2175,1,1,0.6224593452091672,-0.9451712965965271,-1.4451713562011719,attack,Yes
2176,1,1,0.5312093733737563,-1.0253616571426392,-1.1503616571426392,attack,Yes
2177,1,0,0.3208213138121609,-1.5695843696594238,-0.8195844292640686,attack,No
2178,1,1,0.7772998611746911,-0.8454864025115967,-2.0954864025115967,attack,Yes
2179,1,0,0.20181322226037882,-2.000154733657837,-0.6251547336578369,attack,No
2180,1,1,0.8670357598021706,-0.8388569355010986,-2.7138569355010986,attack,Yes
2181,1,1,0.8175744673038221,-0.8035057187080383,-2.3035056591033936,attack,Yes
2182,1,1,0.8175744584140004,-0.7633959054946899,-2.2633957862854004,attack,yes
2183,1,1,0.6224593312018546,-0.945949912071228,-1.445949912071228,attack,Yes
2184,1,0,0.3486451488696663,-1.369356632232666,-0.7443566918373108,attack,No
2185,1,0,0.14804719051380197,-2.45984148979187,-0.7098414301872253,attack,No
2186,1,0,0.29421497216298875,-1.4544776678085327,-0.5794776678085327,attack,No
2187,1,1,0.6224593312018546,-0.8603183031082153,-1.3603183031082153,attack,Yes
2188,1,0,0.5,-1.0504751205444336,-1.0504751205444336,attack,No
2189,1,0,0.10669060530721626,-2.792309284210205,-0.6673094034194946,attack,No
2190,1,1,0.8807970779778823,-0.7696869373321533,-2.7696869373321533,attack,Yes
2191,1,1,0.6791786861878392,-0.8513966202735901,-1.6013965606689453,attack,Yes
2192,1,0,0.033085970761385544,-4.035951614379883,-0.6609513759613037,attack,no
2193,1,1,0.7772998611746911,-0.5689513683319092,-1.8189513683319092,attack,Yes
2194,1,1,0.7310585903489892,-0.8405653834342957,-1.8405654430389404,attack,Yes
2195,1,1,0.5926665999540697,-1.0207706689834595,-1.3957706689834595,attack,Yes
2196,1,0,0.32082130082460697,-1.4525102376937866,-0.7025102376937866,attack,No
2197,1,1,0.9324533163686646,-0.6443279981613159,-3.2693281173706055,attack,Yes
2198,1,1,0.7549149868676283,-0.5623193979263306,-1.6873193979263306,attack,Yes
2199,1,1,0.8670357701094303,-0.45863381028175354,-2.3336338996887207,attack,Yes
2200,1,1,0.6791787121629466,-0.9730717539787292,-1.723071813583374,attack,Yes
2201,1,0,0.46879062662624377,-1.2939809560775757,-1.1689809560775757,attack,no
2202,1,1,0.8354835371034369,-0.5770556926727295,-2.2020556926727295,attack,Yes
2203,1,0,0.18242551936144574,-1.999173879623413,-0.4991738498210907,attack,No
2204,1,0,0.29421497216298875,-1.8517392873764038,-0.9767392873764038,attack,no
2205,1,1,0.6224593452091672,-0.7426888346672058,-1.2426888942718506,attack,Yes
2206,1,0,0.5,-0.995772123336792,-0.995772123336792,attack,No
2207,1,1,0.9149009596336303,-0.6672019362449646,-3.0422019958496094,attack,Yes
2208,1,1,0.835483553488848,-0.6664689779281616,-2.291469097137451,attack,Yes
2209,1,0,0.16451647108926923,-2.4122917652130127,-0.7872918248176575,attack,No
2210,1,1,0.8175744939732856,-0.5607770681381226,-2.060777187347412,attack,Yes
2211,1,1,0.851952809486198,-0.5640019774436951,-2.31400203704834,attack,Yes
2212,1,0,0.32082130082460697,-1.5693106651306152,-0.8193106651306152,attack,No
2213,1,1,0.8670357460591569,-0.8312398195266724,-2.706239700317383,attack,Yes
2214,1,1,0.9324533126145177,-0.5985509753227234,-3.223551034927368,attack,Yes
2215,1,1,0.6224593312018546,-0.8823280334472656,-1.3823280334472656,attack,Yes
2216,1,1,0.8519527944504226,-0.695301353931427,-2.4453012943267822,attack,Yes
2217,1,1,0.679178699175393,-0.9743622541427612,-1.7243622541427612,attack,Yes
2218,1,0,0.2689414330889798,-1.7522797584533691,-0.7522798180580139,attack,No
2219,1,1,0.8670357598021706,-0.5736925601959229,-2.448692560195923,attack,Yes
2220,1,0,0.07585818419975078,-3.195356607437134,-0.6953566670417786,attack,No
2221,1,1,0.6513548782017746,-0.7967063784599304,-1.4217064380645752,attack,Yes
2222,1,1,0.7772998611746911,-0.6134238243103027,-1.8634238243103027,attack,Yes
2223,1,1,0.5926665999540697,-1.0992653369903564,-1.4742653369903564,attack,Yes
2224,1,0,0.37754066879814546,-1.4899132251739502,-0.9899132251739502,attack,No
2225,1,1,0.5926665999540697,-0.9727156162261963,-1.3477156162261963,attack,Yes
2226,1,1,0.9241418199787566,-0.5098333358764648,-3.009833335876465,attack,Yes
2227,1,0,0.5,-1.257905125617981,-1.257905125617981,attack,No
2228,1,1,0.7772998508568416,-0.6133635640144348,-1.86336350440979,attack,Yes
2229,1,0,0.14804721306746543,-2.3257346153259277,-0.5757347345352173,attack,No
2230,1,1,0.7772998611746911,-0.7343689203262329,-1.984368920326233,attack,Yes
2231,1,1,0.8670357666736773,-0.8382982611656189,-2.7132983207702637,attack,Yes
2232,1,0,0.3486451217982255,-1.5260772705078125,-0.9010772109031677,attack,No
2233,1,1,0.6513548646660542,-0.8205375671386719,-1.4455375671386719,attack,Yes
2234,1,0,0.5,-1.2762478590011597,-1.2762478590011597,attack,no
2235,1,1,0.9465966702001757,-0.5281445980072021,-3.403144598007202,attack,Yes
2236,1,0,0.3486451217982255,-1.262470006942749,-0.6374699473381042,attack,No
2237,1,1,0.8354835289107309,-0.5773440003395081,-2.2023439407348633,attack,Yes
2238,1,1,0.679178699175393,-0.951595664024353,-1.701595664024353,attack,Yes
2239,1,1,0.9399133464597458,-0.4480767846107483,-3.1980767250061035,attack,Yes
2240,1,0,0.34864513533394575,-1.3422425985336304,-0.7172425985336304,attack,No
2241,1,1,0.5621765155565327,-0.8775879740715027,-1.1275880336761475,attack,Yes
2242,1,1,0.679178699175393,-0.9210414886474609,-1.671041488647461,attack,Yes
2243,1,0,0.46879062662624377,-1.2731536626815796,-1.1481536626815796,attack,No
2244,1,0,0.4378235137849365,-1.1296288967132568,-0.8796289563179016,attack,No
2245,1,0,0.4073334000459302,-1.3600361347198486,-0.9850361347198486,attack,No
2246,1,0,0.2689414330889798,-1.759718656539917,-0.7597187161445618,attack,No
2247,1,0,0.1480471829959148,-2.458859920501709,-0.7088598012924194,attack,No
2248,1,0,0.3486451217982255,-1.3341090679168701,-0.7091090083122253,attack,No
2249,1,0,0.5,-1.1759145259857178,-1.1759145259857178,attack,No
2250,1,1,0.5926665999540697,-1.1282026767730713,-1.5032026767730713,attack,Yes
2251,1,1,0.5621765008857981,-1.0309796333312988,-1.2809796333312988,attack,Yes
2252,1,1,0.6224593312018546,-1.015405297279358,-1.515405297279358,attack,Yes
2253,1,0,0.2689414213699951,-1.7897354364395142,-0.7897354364395142,attack,No
2254,1,0,0.22270012850745968,-1.714219570159912,-0.46421951055526733,attack,No
2255,1,0,0.2942149597859341,-1.543182134628296,-0.6681820750236511,attack,No
2256,1,0,0.34864513533394575,-1.6549434661865234,-1.0299434661865234,attack,no
2257,1,1,0.8807970779778823,-0.7624096870422363,-2.7624096870422363,attack,Yes
2258,1,1,0.6513548646660542,-0.9121972322463989,-1.537197232246399,attack,yes
2259,1,0,0.1329642333263228,-2.390913486480713,-0.5159134268760681,attack,No
2260,1,1,0.851952809486198,-0.8049787878990173,-2.554978847503662,attack,Yes
2261,1,0,0.29421497216298875,-1.458814024925232,-0.5838140249252319,attack,No
2262,1,1,0.8933094060543487,-0.5443263053894043,-2.6693263053894043,attack,Yes
2263,1,1,0.798186768138228,-0.7523875832557678,-2.127387523651123,attack,yes
2264,1,1,0.8519528057272543,-0.4145958125591278,-2.16459584236145,attack,Yes
2265,1,1,0.7310585786300049,-0.909772515296936,-1.909772515296936,attack,Yes
2266,1,1,0.7310585669110203,-0.688956081867218,-1.6889560222625732,attack,Yes
2267,1,1,0.7772998611746911,-0.7069871425628662,-1.9569871425628662,attack,Yes
2268,1,0,0.10669060530721626,-2.5730557441711426,-0.44805586338043213,attack,No
2269,1,0,0.22270014914315833,-2.1057448387145996,-0.8557448983192444,attack,No
2270,1,0,0.5,-1.0966105461120605,-1.0966105461120605,attack,No
2271,1,1,0.5926665999540697,-0.8727600574493408,-1.2477600574493408,attack,Yes
2272,1,0,0.24508501313237172,-1.7316020727157593,-0.6066020727157593,attack,No
2273,1,0,0.2689414096510108,-1.8396074771881104,-0.8396074175834656,attack,No
2274,1,1,0.8933094032139576,-0.4596565067768097,-2.5846564769744873,attack,Yes
2275,1,1,0.6224593312018546,-0.822340726852417,-1.322340726852417,attack,Yes
2276,1,1,0.679178699175393,-0.8516777753829956,-1.6016777753829956,attack,Yes
2277,1,0,0.34864513533394575,-1.5152477025985718,-0.8902477025985718,attack,No
2278,1,0,0.5,-1.1128696203231812,-1.1128696203231812,attack,No
2279,1,1,0.8933093946927838,-0.5496307611465454,-2.674630641937256,attack,Yes
2280,1,0,0.14804721306746543,-2.4131550788879395,-0.663155198097229,attack,No
2281,1,0,0.09534945461636171,-2.6566781997680664,-0.40667808055877686,attack,No
2282,1,0,0.5,-1.1559067964553833,-1.1559067964553833,attack,No
2283,1,0,0.04742587587030561,-3.487726926803589,-0.48772698640823364,attack,no
2284,1,1,0.6791786861878392,-0.6362741589546204,-1.3862740993499756,attack,Yes
2285,1,1,0.5926665999540697,-0.9741740226745605,-1.3491740226745605,attack,Yes
2286,1,0,0.22270012850745968,-1.8007469177246094,-0.5507468581199646,attack,No
2287,1,1,0.8519527944504226,-0.5116844773292542,-2.2616844177246094,attack,Yes
2288,1,1,0.754914997895581,-0.618198573589325,-1.7431986331939697,attack,Yes
2289,1,1,0.867035752930664,-0.7710273861885071,-2.6460273265838623,attack,yes
2290,1,1,0.7772998611746911,-0.5968549251556396,-1.8468549251556396,attack,Yes
2291,1,1,0.8670357735451834,-0.6850756406784058,-2.5600757598876953,attack,Yes
2292,1,1,0.8933094003735664,-0.6442118287086487,-2.769211769104004,attack,Yes
2293,1,1,0.9241418158002492,-0.6566858887672424,-3.1566858291625977,attack,Yes
2294,1,0,0.4073334000459302,-1.4739773273468018,-1.0989773273468018,attack,no
2295,1,1,0.893309411735131,-0.7419747710227966,-2.8669748306274414,attack,Yes
2296,1,0,0.24508500210441886,-1.646306037902832,-0.5213059782981873,attack,No
2297,1,1,0.9149009642742806,-0.5695475339889526,-2.944547653198242,attack,Yes
2298,1,1,0.9399133515091156,-0.41739723086357117,-3.1673972606658936,attack,Yes
2299,1,0,0.4073334000459302,-1.3750377893447876,-1.0000377893447876,attack,No
2300,1,0,0.13296424706933604,-2.566408634185791,-0.6914086937904358,attack,No
2301,1,1,0.7057850278370112,-0.9872045516967773,-1.8622045516967773,attack,Yes
2302,1,1,0.7772998611746911,-0.7073838710784912,-1.9573838710784912,attack,Yes
2303,1,0,0.20181320305759334,-2.0543742179870605,-0.679374098777771,attack,No
2304,1,1,0.8519528019683106,-0.6457202434539795,-2.3957202434539795,attack,Yes
2305,1,1,0.8933094060543487,-0.7423651218414307,-2.8673651218414307,attack,yes
2306,1,1,0.8519528019683106,-0.694256067276001,-2.444256067276001,attack,Yes
2307,1,0,0.04208772791561884,-3.740607976913452,-0.6156079769134521,attack,no
2308,1,1,0.5312093733737563,-1.2573004961013794,-1.3823004961013794,attack,Yes
2309,1,0,0.46879062662624377,-1.1556710004806519,-1.0306710004806519,attack,No
2310,1,1,0.7772998560157665,-0.4460584223270416,-1.6960583925247192,attack,Yes
2311,1,0,0.2942149597859341,-1.486151933670044,-0.6111518740653992,attack,No
2312,1,1,0.6224593171945417,-0.7001746296882629,-1.2001745700836182,attack,Yes
2313,1,1,0.880797071719777,-0.6097293496131897,-2.609729290008545,attack,Yes
2314,1,0,0.2689414330889798,-1.9377272129058838,-0.9377272725105286,attack,no
2315,1,1,0.6224593452091672,-0.8598949313163757,-1.3598949909210205,attack,Yes
2316,1,0,0.2689414330889798,-1.7531850337982178,-0.7531850934028625,attack,No
2317,1,0,0.46879062662624377,-0.9820956587791443,-0.8570956587791443,attack,No
2318,1,0,0.1329642264548166,-2.629520893096924,-0.7545207738876343,attack,no
2319,1,0,0.03308597934211908,-3.7934203147888184,-0.41842034459114075,attack,No
2320,1,0,0.20181323186177208,-2.127790689468384,-0.7527907490730286,attack,no
2321,1,0,0.02931223583915389,-4.009451389312744,-0.5094515681266785,attack,no
2322,1,1,0.9525741322079105,-0.4349726438522339,-3.4349727630615234,attack,Yes
2323,1,1,0.9324533126145177,-0.3872646689414978,-3.0122647285461426,attack,Yes
2324,1,0,0.3208213138121609,-1.6874098777770996,-0.9374099373817444,attack,no
2325,1,0,0.11920293453832885,-2.729970932006836,-0.7299710512161255,attack,No
2326,1,0,0.20181321265898594,-2.1339187622070312,-0.7589187026023865,attack,No
2327,1,0,0.3775406828054583,-1.318742275238037,-0.8187423348426819,attack,No
2328,1,1,0.6224593312018546,-0.7865405082702637,-1.2865405082702637,attack,Yes
2329,1,1,0.6513548511303336,-0.7736144661903381,-1.3986144065856934,attack,Yes
2330,1,1,0.8175744761936437,-0.5927984714508057,-2.0927984714508057,attack,Yes
2331,1,1,0.8354835330070839,-0.4394219219684601,-2.0644218921661377,attack,Yes
2332,1,1,0.9324533069832973,-0.42030957341194153,-3.045309543609619,attack,Yes
2333,1,1,0.8175744761936437,-0.6888129711151123,-2.1888129711151123,attack,Yes
2334,1,1,0.798186768138228,-0.7028043866157532,-2.0778043270111084,attack,Yes
2335,1,0,0.05340332678672523,-3.2078099250793457,-0.3328098654747009,attack,No
2336,1,0,0.24508500210441886,-2.045833110809326,-0.9208330512046814,attack,no
2337,1,1,0.8354835207180245,-0.5462714433670044,-2.171271324157715,attack,Yes
2338,1,0,0.11920291576401235,-2.399827241897583,-0.39982718229293823,attack,No
2339,1,1,0.9149009549929797,-0.5203263759613037,-2.8953263759613037,attack,Yes
2340,1,1,0.7549150089235336,-0.9514297246932983,-2.076429843902588,attack,Yes
2341,1,0,0.10669059394565118,-2.6145544052124023,-0.48955440521240234,attack,No
2342,1,1,0.7772998818103892,-0.9034122228622437,-2.153412342071533,attack,Yes
2343,1,1,0.8519528170040853,-0.8051885366439819,-2.5551886558532715,attack,Yes
2344,1,1,0.8933093946927838,-0.6908961534500122,-2.8158960342407227,attack,Yes
2345,1,1,0.9669140235181256,-0.6126713156700134,-3.987671375274658,attack,yes
2346,1,1,0.8670357598021706,-0.6341061592102051,-2.509106159210205,attack,Yes
2347,1,1,0.7057850278370112,-0.9006518125534058,-1.7756518125534058,attack,yes
2348,1,1,0.6224593312018546,-0.8031069040298462,-1.3031069040298462,attack,Yes
2349,1,0,0.37754066879814546,-1.489556074142456,-0.989556074142456,attack,No
2350,1,0,0.24508501313237172,-1.6690706014633179,-0.5440706014633179,attack,No
2351,1,0,0.22270012850745968,-1.7348356246948242,-0.48483556509017944,attack,No
2352,1,0,0.22270013882530884,-2.04472017288208,-0.7947201728820801,attack,No
2353,1,1,0.5926665999540697,-0.8724950551986694,-1.2474950551986694,attack,Yes
2354,1,1,0.6224593312018546,-0.9219528436660767,-1.4219528436660767,attack,Yes
2355,1,0,0.11920293453832885,-2.65394926071167,-0.6539493799209595,attack,no
2356,1,1,0.7772998714925403,-0.7927481532096863,-2.042748212814331,attack,Yes
2357,1,1,0.9465966717067252,-0.44327208399772644,-3.318272113800049,attack,Yes
2358,1,1,0.6791786861878392,-0.7669456601142883,-1.5169456005096436,attack,Yes
2359,1,1,0.9046505402422645,-0.7353989481925964,-2.985399007797241,attack,Yes
2360,1,1,0.5926665999540697,-1.1393169164657593,-1.5143169164657593,attack,Yes
2361,1,1,0.8670357666736773,-0.8309339880943298,-2.7059340476989746,attack,Yes
2362,1,1,0.5312093733737563,-1.0480707883834839,-1.1730707883834839,attack,Yes
2363,1,1,0.7772998611746911,-0.4688934087753296,-1.7188934087753296,attack,Yes
2364,1,1,0.8175744673038221,-0.6995165944099426,-2.199516534805298,attack,Yes
2365,1,1,0.8175744806385543,-0.41594013571739197,-1.9159401655197144,attack,Yes
2366,1,1,0.6513548782017746,-0.8801562190055847,-1.5051562786102295,attack,Yes
2367,1,0,0.03308598029553404,-3.833705425262451,-0.45870548486709595,attack,No
2368,1,1,0.6513548646660542,-0.897383451461792,-1.522383451461792,attack,Yes
2369,1,0,0.2942149845400438,-1.5155837535858154,-0.6405838131904602,attack,No
2370,1,0,0.3486451217982255,-1.6128003597259521,-0.9878003001213074,attack,No
2371,1,1,0.7772998508568416,-0.5377026200294495,-1.7877025604248047,attack,Yes
2372,1,1,0.7057850278370112,-0.6657686233520508,-1.5407686233520508,attack,Yes
2373,1,1,0.7057850278370112,-0.6884034872055054,-1.5634034872055054,attack,Yes
2374,1,1,0.8933094060543487,-0.5074756145477295,-2.6324756145477295,attack,Yes
2375,1,0,0.22270014914315833,-1.7955620288848877,-0.5455620884895325,attack,No
2376,1,0,0.29421497216298875,-1.4603724479675293,-0.5853724479675293,attack,No
2377,1,1,0.9046505402422645,-0.5312551856040955,-2.7812552452087402,attack,Yes
2378,1,1,0.9241418137109955,-0.30601271986961365,-2.8060126304626465,attack,Yes
2379,1,0,0.3208213138121609,-1.3431751728057861,-0.5931752324104309,attack,No
2380,1,0,0.46879062662624377,-1.3120837211608887,-1.1870837211608887,attack,no
2381,1,1,0.9046505402422645,-0.625720202922821,-2.875720262527466,attack,Yes
2382,1,1,0.6513548646660542,-0.7892251014709473,-1.4142251014709473,attack,Yes
2383,1,0,0.34864513533394575,-1.4797635078430176,-0.8547635078430176,attack,No
2384,1,0,0.3208213138121609,-1.5189180374145508,-0.7689180970191956,attack,No
2385,1,1,0.7310585669110203,-0.7180679440498352,-1.7180678844451904,attack,Yes
2386,1,1,0.5926665999540697,-1.1253418922424316,-1.5003418922424316,attack,Yes
2387,1,1,0.7549149868676283,-0.6953885555267334,-1.8203885555267334,attack,Yes
2388,1,0,0.4378234991142019,-1.418656349182129,-1.168656349182129,attack,no
2389,1,0,0.4073334000459302,-1.3020133972167969,-0.9270133972167969,attack,No
2390,1,1,0.8519528170040853,-0.7033694982528687,-2.453369617462158,attack,Yes
2391,1,0,0.4378234991142019,-1.3823670148849487,-1.1323670148849487,attack,No
2392,1,1,0.9046505248181417,-0.48915207386016846,-2.739151954650879,attack,Yes
2393,1,1,0.6513548646660542,-1.0491012334823608,-1.6741012334823608,attack,Yes
2394,1,1,0.8175744673038221,-0.7499590516090393,-2.2499589920043945,attack,Yes
2395,1,1,0.5926665999540697,-0.9522831439971924,-1.3272831439971924,attack,Yes
2396,1,1,0.7310585903489892,-0.6521884799003601,-1.6521885395050049,attack,Yes
2397,1,0,0.24508500210441886,-1.8426141738891602,-0.7176141142845154,attack,No
2398,1,1,0.867035752930664,-0.5806031823158264,-2.4556031227111816,attack,Yes
2399,1,1,0.7981867777396212,-0.6680583953857422,-2.043058395385742,attack,Yes
2400,1,1,0.8670357460591569,-0.5746914148330688,-2.4496912956237793,attack,Yes
2401,1,0,0.3208213138121609,-1.5584428310394287,-0.8084428906440735,attack,No
2402,1,0,0.37754066879814546,-1.3553342819213867,-0.8553342819213867,attack,No
2403,1,1,0.835483553488848,-0.5694979429244995,-2.194498062133789,attack,Yes
2404,1,1,0.9465966671870767,-0.5823968052864075,-3.4573967456817627,attack,Yes
2405,1,1,0.5621765008857981,-1.1836307048797607,-1.4336307048797607,attack,Yes
2406,1,1,0.7549150089235336,-0.8752607107162476,-2.000260829925537,attack,Yes
2407,1,1,0.9046505248181417,-0.45118916034698486,-2.7011890411376953,attack,Yes
2408,1,1,0.8933094174159129,-0.46344172954559326,-2.588441848754883,attack,Yes
2409,1,1,0.8354835452961425,-0.5856510996818542,-2.210651159286499,attack,Yes
2410,1,0,0.22270012850745968,-1.9409687519073486,-0.6909686923027039,attack,No
2411,1,0,0.09534946232842245,-2.6271145343780518,-0.37711450457572937,attack,No
2412,1,1,0.8670357598021706,-0.37375545501708984,-2.24875545501709,attack,Yes
2413,1,1,0.679178699175393,-0.9006459712982178,-1.6506459712982178,attack,Yes
2414,1,0,0.29421497216298875,-1.58589506149292,-0.7108950614929199,attack,No
2415,1,1,0.5312093733737563,-1.1935019493103027,-1.3185019493103027,attack,Yes
2416,1,1,0.6791787121629466,-0.6761612296104431,-1.426161289215088,attack,Yes
2417,1,1,0.8519528019683106,-0.6946942806243896,-2.4446942806243896,attack,Yes
2418,1,0,0.08509903804604459,-2.7413454055786133,-0.3663453161716461,attack,No
2419,1,0,0.3208212878370535,-1.5685389041900635,-0.8185388445854187,attack,No
2420,1,1,0.8519528019683106,-0.6456127166748047,-2.3956127166748047,attack,Yes
2421,1,0,0.3208213138121609,-1.4537882804870605,-0.7037883400917053,attack,No
2422,1,1,0.867035752930664,-0.49443989992141724,-2.3694398403167725,attack,Yes
2423,1,1,0.8519527869325346,-0.8477770090103149,-2.5977768898010254,attack,Yes
2424,1,1,0.9241418241572634,-0.7188355326652527,-3.2188355922698975,attack,Yes
2425,1,0,0.46879062662624377,-1.2261247634887695,-1.1011247634887695,attack,No
2426,1,1,0.867035752930664,-0.7867830395698547,-2.66178297996521,attack,Yes
2427,1,1,0.6513548646660542,-0.8980926275253296,-1.5230926275253296,attack,Yes
2428,1,0,0.34864513533394575,-1.6418240070343018,-1.0168240070343018,attack,no
2429,1,1,0.7772998508568416,-0.7545235753059387,-2.004523515701294,attack,Yes
2430,1,1,0.7981867873410141,-0.7632362246513367,-2.1382362842559814,attack,Yes
2431,1,1,0.7981867873410141,-0.6348752379417419,-2.0098752975463867,attack,Yes
2432,1,1,0.6224593452091672,-0.945609986782074,-1.4456100463867188,attack,Yes
2433,1,1,0.8354835452961425,-0.6653427481651306,-2.2903428077697754,attack,Yes
2434,1,1,0.7310585903489892,-0.6890799403190613,-1.689079999923706,attack,Yes
2435,1,1,0.5621765008857981,-1.0112372636795044,-1.2612372636795044,attack,Yes
2436,1,0,0.0675466911396291,-3.2076735496520996,-0.5826735496520996,attack,No
2437,1,1,0.8519527944504226,-0.7882524132728577,-2.538252353668213,attack,yes
2438,1,0,0.18242550602671442,-2.068878173828125,-0.5688780546188354,attack,No
2439,1,0,0.14804721306746543,-2.4709529876708984,-0.720953106880188,attack,no
2440,1,0,0.3486451217982255,-1.4414503574371338,-0.816450297832489,attack,No
2441,1,1,0.8670357598021706,-0.49457883834838867,-2.3695788383483887,attack,Yes
2442,1,1,0.8354835371034369,-0.5767481327056885,-2.2017481327056885,attack,Yes
2443,1,1,0.7057850278370112,-0.7679585218429565,-1.6429585218429565,attack,Yes
2444,1,0,0.46879064146934857,-1.0377204418182373,-0.9127205014228821,attack,No
2445,1,1,0.914900950352329,-0.667422354221344,-3.042422294616699,attack,Yes
2446,1,1,0.8933094060543487,-0.6332848072052002,-2.7582848072052,attack,Yes
2447,1,0,0.1480472055495773,-2.530561685562134,-0.7805617451667786,attack,no
2448,1,1,0.893309411735131,-0.6382989287376404,-2.763298988342285,attack,Yes
2449,1,1,0.8519528019683106,-0.5246527194976807,-2.2746527194976807,attack,Yes
2450,1,1,0.679178699175393,-0.9335119724273682,-1.6835119724273682,attack,Yes
2451,1,1,0.8670357701094303,-0.4634827673435211,-2.3384828567504883,attack,Yes
2452,1,0,0.34864513533394575,-1.4395759105682373,-0.8145759105682373,attack,No
2453,1,0,0.20181320305759334,-2.193178653717041,-0.8181785345077515,attack,No
2454,1,0,0.22270012850745968,-2.0429322719573975,-0.7929322123527527,attack,No
2455,1,1,0.8933094003735664,-0.5028732419013977,-2.627873182296753,attack,Yes
2456,1,0,0.11920293453832885,-2.65394926071167,-0.6539493799209595,attack,no
2457,1,1,0.9149009549929797,-0.4819614887237549,-2.856961488723755,attack,Yes
2458,1,1,0.5312093733737563,-0.9379147291183472,-1.0629147291183472,attack,Yes
2459,1,1,0.8807970779778823,-0.6097316741943359,-2.609731674194336,attack,Yes
2460,1,1,0.8807970842359877,-0.5576297640800476,-2.5576298236846924,attack,Yes
2461,1,0,0.32082130082460697,-1.2477054595947266,-0.49770545959472656,attack,No
2462,1,1,0.6513548511303336,-0.7965040802955627,-1.421504020690918,attack,Yes
2463,1,0,0.4378234991142019,-1.1743347644805908,-0.9243347644805908,attack,No
2464,1,1,0.9149009596336303,-0.6064414381980896,-2.9814414978027344,attack,Yes
2465,1,0,0.11920293453832885,-2.5423340797424316,-0.5423341989517212,attack,No
2466,1,0,0.4073334000459302,-1.275612711906433,-0.9006127119064331,attack,No
2467,1,1,0.8354835371034369,-0.5536050796508789,-2.178605079650879,attack,Yes
2468,1,1,0.8354835452961425,-0.7252320647239685,-2.3502321243286133,attack,Yes
2469,1,1,0.754914975839675,-0.6077232956886292,-1.7327232360839844,attack,Yes
2470,1,0,0.5,-1.1374967098236084,-1.1374967098236084,attack,No
2471,1,1,0.6513548646660542,-0.9458041191101074,-1.5708041191101074,attack,Yes
2472,1,1,0.6513548646660542,-0.7382892370223999,-1.3632892370224,attack,Yes
2473,1,1,0.8175744761936437,-0.5410895347595215,-2.0410895347595215,attack,Yes
2474,1,1,0.7772998611746911,-0.6762213706970215,-1.9262213706970215,attack,Yes
2475,1,0,0.1824255415859996,-2.0686697959899902,-0.5686699151992798,attack,No
2476,1,1,0.914900945711678,-0.6145583391189575,-2.989558219909668,attack,Yes
2477,1,0,0.34864513533394575,-1.3659008741378784,-0.7409008741378784,attack,No
2478,1,0,0.13296424019782924,-2.5698492527008057,-0.6948492527008057,attack,No
2479,1,1,0.7549149868676283,-0.5755404233932495,-1.7005404233932495,attack,Yes
2480,1,1,0.9046505376715775,-0.35440966486930847,-2.604409694671631,attack,Yes
2481,1,1,0.7549149868676283,-0.5442489385604858,-1.6692489385604858,attack,Yes
2482,1,1,0.6513548782017746,-0.9174324870109558,-1.5424325466156006,attack,Yes
2483,1,0,0.11920292828022305,-2.465378522872925,-0.4653785824775696,attack,No
2484,1,1,0.798186768138228,-0.8170276284217834,-2.1920275688171387,attack,Yes
2485,1,1,0.9241418158002492,-0.7742157578468323,-3.2742156982421875,attack,Yes
2486,1,1,0.851952809486198,-0.5639275908470154,-2.31392765045166,attack,Yes
2487,1,0,0.5,-1.2894946336746216,-1.2894946336746216,attack,no
2488,1,1,0.7981867777396212,-0.5251206159591675,-1.9001206159591675,attack,Yes
2489,1,1,0.6224593312018546,-0.991895318031311,-1.491895318031311,attack,Yes
2490,1,1,0.7772998611746911,-0.5768436193466187,-1.8268436193466187,attack,Yes
2491,1,1,0.6513548782017746,-0.7740504145622253,-1.3990504741668701,attack,Yes
2492,1,0,0.40733341443526055,-1.3599271774291992,-0.984927237033844,attack,No
2493,1,1,0.5926665999540697,-0.9542312622070312,-1.3292312622070312,attack,Yes
2494,1,1,0.5621765008857981,-1.0584827661514282,-1.3084827661514282,attack,Yes
2495,1,1,0.5621765008857981,-1.1560286283493042,-1.4060286283493042,attack,Yes
2496,1,1,0.8354835371034369,-0.5454049110412598,-2.1704049110412598,attack,Yes
2497,1,0,0.4378234991142019,-1.4358810186386108,-1.1858810186386108,attack,no
2498,1,1,0.851952809486198,-0.5639275908470154,-2.31392765045166,attack,Yes
2499,1,1,0.880797068590724,-0.35765156149864197,-2.357651472091675,attack,Yes
2500,1,0,0.5,-1.0144811868667603,-1.0144811868667603,attack,No
2501,1,1,0.9399133498259924,-0.5352654457092285,-3.2852654457092285,attack,Yes
2502,1,1,0.679178699175393,-0.5236523151397705,-1.2736523151397705,attack,Yes
2503,1,1,0.7772998611746911,-0.6954458951950073,-1.9454458951950073,attack,Yes
2504,1,1,0.5312093733737563,-1.2142846584320068,-1.3392846584320068,attack,Yes
2505,1,0,0.46879062662624377,-1.1019549369812012,-0.9769549369812012,attack,No
2506,1,1,0.5621765008857981,-0.9710792303085327,-1.2210792303085327,attack,Yes
2507,1,1,0.89330940889474,-0.36681386828422546,-2.491813898086548,attack,Yes
2508,1,0,0.10669058826486906,-2.903172254562378,-0.7781721949577332,attack,no
2509,1,1,0.5621765008857981,-1.1074587106704712,-1.3574587106704712,attack,Yes
2510,1,1,0.5312093733737563,-1.1192607879638672,-1.2442607879638672,attack,Yes
2511,1,0,0.4378234991142019,-1.3306033611297607,-1.0806033611297607,attack,No
2512,1,1,0.5312093733737563,-1.0096945762634277,-1.1346945762634277,attack,Yes
2513,1,0,0.3486451488696663,-1.449023723602295,-0.8240237832069397,attack,No
2514,1,1,0.7310585669110203,-0.9510529637336731,-1.9510529041290283,attack,Yes
2515,1,1,0.7981867777396212,-0.5856310129165649,-1.960631012916565,attack,Yes
2516,1,0,0.11920292202211755,-2.502716064453125,-0.502716064453125,attack,No
2517,1,0,0.40733341443526055,-1.182908296585083,-0.8079083561897278,attack,No
2518,1,0,0.3775406547908327,-1.4082365036010742,-0.9082364439964294,attack,No
2519,1,1,0.5926666143433998,-0.7774068713188171,-1.152406930923462,attack,Yes
2520,1,1,0.8354835371034369,-0.7686567306518555,-2.3936567306518555,attack,Yes
2521,1,0,0.1480471980316895,-2.370044708251953,-0.6200447082519531,attack,No
2522,1,1,0.7772998611746911,-0.7068125009536743,-1.9568125009536743,attack,Yes
2523,1,1,0.5621765008857981,-1.0367680788040161,-1.2867680788040161,attack,Yes
2524,1,0,0.015906394044350028,-4.532914638519287,-0.40791478753089905,attack,no
2525,1,1,0.6224593312018546,-0.9011062383651733,-1.4011062383651733,attack,Yes
2526,1,1,0.8519528019683106,-0.41611337661743164,-2.1661133766174316,attack,Yes
2527,1,1,0.6791786861878392,-0.9004121422767639,-1.6504120826721191,attack,Yes
2528,1,1,0.9046505299595163,-0.4190424084663391,-2.6690423488616943,attack,Yes
2529,1,1,0.8354835452961425,-0.537458598613739,-2.162458658218384,attack,Yes
2530,1,1,0.754914975839675,-0.9333911538124084,-2.0583910942077637,attack,Yes
2531,1,1,0.5621765155565327,-0.9864756464958191,-1.2364757061004639,attack,Yes
2532,1,1,0.8933094003735664,-0.5894649624824524,-2.7144649028778076,attack,Yes
2533,1,0,0.4073334000459302,-1.4600634574890137,-1.0850634574890137,attack,no
2534,1,0,0.34864513533394575,-1.2862681150436401,-0.6612681150436401,attack,No
2535,1,1,0.6224593312018546,-0.8213819265365601,-1.32138192653656,attack,Yes
2536,1,0,0.1480471980316895,-2.4453253746032715,-0.6953253746032715,attack,no
2537,1,1,0.7772998611746911,-0.5760716199874878,-1.8260716199874878,attack,Yes
2538,1,1,0.8354835289107309,-0.7253716588020325,-2.3503715991973877,attack,Yes
2539,1,0,0.13296424706933604,-2.519045829772949,-0.644045889377594,attack,No
2540,1,1,0.7772998611746911,-0.6946815252304077,-1.9446815252304077,attack,Yes
2541,1,0,0.20181321265898594,-2.0894241333007812,-0.7144240736961365,attack,No
2542,1,1,0.5621765155565327,-0.9119054675102234,-1.1619055271148682,attack,Yes
2543,1,1,0.9046505325302034,-0.48537304997444153,-2.735373020172119,attack,Yes
2544,1,1,0.7310585903489892,-0.7311822772026062,-1.731182336807251,attack,Yes
2545,1,0,0.2942149597859341,-1.7434587478637695,-0.8684586882591248,attack,No
2546,1,0,0.24508500210441886,-1.9357378482818604,-0.8107377886772156,attack,No
2547,1,1,0.7549149868676283,-0.6943557262420654,-1.8193557262420654,attack,Yes
2548,1,1,0.754914975839675,-0.96485835313797,-2.089858293533325,attack,Yes
2549,1,1,0.8807970654616711,-0.4473520517349243,-2.4473519325256348,attack,Yes
2550,1,1,0.5621765008857981,-1.1305676698684692,-1.3805676698684692,attack,Yes
2551,1,0,0.4378234844434674,-1.0695509910583496,-0.8195509314537048,attack,No
2552,1,1,0.9046505299595163,-0.5037155747413635,-2.7537155151367188,attack,Yes
2553,1,1,0.880797071719777,-0.6993475556373596,-2.699347496032715,attack,yes
2554,1,0,0.4378234991142019,-1.3797616958618164,-1.1297616958618164,attack,No
2555,1,0,0.08509904964767095,-2.882185697555542,-0.5071857571601868,attack,No
2556,1,0,0.10669060530721626,-2.7043638229370117,-0.5793639421463013,attack,no
2557,1,0,0.20181323186177208,-1.836435317993164,-0.46143537759780884,attack,No
2558,1,0,0.07585817166422973,-2.999678134918213,-0.49967801570892334,attack,No
2559,1,1,0.851952809486198,-0.7483527064323425,-2.4983527660369873,attack,Yes
2560,1,1,0.6513548782017746,-0.738959014415741,-1.3639590740203857,attack,Yes
2561,1,1,0.6224593171945417,-0.9002102017402649,-1.4002101421356201,attack,Yes
2562,1,0,0.3775406547908327,-1.3923590183258057,-0.8923589587211609,attack,No
2563,1,1,0.8807970779778823,-0.6168403625488281,-2.616840362548828,attack,Yes
2564,1,0,0.060086656906500974,-3.2887229919433594,-0.5387231111526489,attack,no
2565,1,0,0.14804721306746543,-2.317835807800293,-0.5678359270095825,attack,No
2566,1,0,0.46879062662624377,-1.3697398900985718,-1.2447398900985718,attack,no
2567,1,0,0.32082130082460697,-1.7003322839736938,-0.9503322839736938,attack,no
2568,1,0,0.34864513533394575,-1.6247273683547974,-0.9997273683547974,attack,No
2569,1,0,0.20181321265898594,-2.049347162246704,-0.6743471026420593,attack,No
2570,1,1,0.5312093733737563,-1.118225336074829,-1.243225336074829,attack,Yes
2571,1,0,0.2942149597859341,-1.8049571514129639,-0.9299570918083191,attack,no
2572,1,0,0.2689414096510108,-1.7096481323242188,-0.709648072719574,attack,No
2573,1,0,0.13296424019782924,-2.4314470291137695,-0.5564470291137695,attack,No
2574,1,1,0.966914019704466,-0.5535388588905334,-3.9285387992858887,attack,Yes
2575,1,0,0.4378234844434674,-1.1728572845458984,-0.9228572249412537,attack,No
2576,1,1,0.8354835289107309,-0.8164892792701721,-2.4414892196655273,attack,Yes
2577,1,1,0.914900957313305,-0.44284865260124207,-2.8178486824035645,attack,Yes
2578,1,1,0.8933094060543487,-0.5490174293518066,-2.6740174293518066,attack,Yes
2579,1,0,0.2942149597859341,-1.7762763500213623,-0.9012762904167175,attack,no
2580,1,0,0.3486451217982255,-1.5937039852142334,-0.9687039256095886,attack,no
2581,1,0,0.2689414330889798,-1.7971999645233154,-0.7972000241279602,attack,No
2582,1,0,0.29421497216298875,-1.805891752243042,-0.930891752243042,attack,no
2583,1,0,0.5,-1.1572940349578857,-1.1572940349578857,attack,No
2584,1,1,0.7310585669110203,-0.9510529637336731,-1.9510529041290283,attack,Yes
2585,1,1,0.9324533032291502,-0.4230218827724457,-3.0480217933654785,attack,Yes
2586,1,1,0.7310585669110203,-0.910640299320221,-1.9106402397155762,attack,Yes
2587,1,1,0.7772998508568416,-0.9028707146644592,-2.1528706550598145,attack,Yes
2588,1,1,0.867035752930664,-0.5744312405586243,-2.4494311809539795,attack,Yes
2589,1,1,0.6513548511303336,-0.7608705163002014,-1.3858704566955566,attack,Yes
2590,1,0,0.4073334000459302,-1.4450292587280273,-1.0700292587280273,attack,No
2591,1,1,0.7772998508568416,-0.7075586915016174,-1.9575586318969727,attack,Yes
2592,1,1,0.6513548646660542,-0.810767412185669,-1.435767412185669,attack,Yes
2593,1,1,0.6791786861878392,-0.7523713707923889,-1.5023713111877441,attack,Yes
2594,1,1,0.7057850278370112,-0.6668671369552612,-1.5418671369552612,attack,Yes
2595,1,1,0.754914975839675,-0.7252689003944397,-1.850268840789795,attack,Yes
2596,1,1,0.9046505453836383,-0.6208375692367554,-2.870837688446045,attack,Yes
2597,1,1,0.9324533163686646,-0.5989412069320679,-3.2239413261413574,attack,Yes
2598,1,0,0.09534946232842245,-2.622542142868042,-0.3725421130657196,attack,No
2599,1,1,0.6224593312018546,-1.101150631904602,-1.601150631904602,attack,Yes
2600,1,1,0.8670357735451834,-0.5808571577072144,-2.455857276916504,attack,Yes
2601,1,1,0.5926665999540697,-1.1255669593811035,-1.5005669593811035,attack,Yes
2602,1,0,0.37754066879814546,-1.271298885345459,-0.771298885345459,attack,No
2603,1,0,0.34864513533394575,-1.563579797744751,-0.938579797744751,attack,No
2604,1,0,0.08509904500702024,-3.137721300125122,-0.7627213001251221,attack,no
2605,1,0,0.46879062662624377,-1.316896915435791,-1.191896915435791,attack,no
2606,1,0,0.32082130082460697,-1.5574734210968018,-0.8074734210968018,attack,No
2607,1,1,0.7772998405389918,-0.860153317451477,-2.1101531982421875,attack,Yes
2608,1,0,0.0675466911396291,-3.2597625255584717,-0.6347625255584717,attack,No
2609,1,1,0.9324533051062237,-0.35265547037124634,-2.9776554107666016,attack,Yes
2610,1,0,0.13296424706933604,-2.5696685314178467,-0.6946685910224915,attack,No
2611,1,1,0.798186768138228,-0.634317934513092,-2.0093178749084473,attack,Yes
2612,1,0,0.34864513533394575,-1.6394035816192627,-1.0144035816192627,attack,no
2613,1,1,0.8933094003735664,-0.49862581491470337,-2.6236257553100586,attack,Yes
2614,1,1,0.5621765008857981,-1.1837241649627686,-1.4337241649627686,attack,Yes
2615,1,0,0.2689414096510108,-1.9589943885803223,-0.9589943289756775,attack,no
2616,1,0,0.13296424706933604,-2.5706627368927,-0.695662796497345,attack,No
2617,1,0,0.2689414213699951,-1.8487424850463867,-0.8487424850463867,attack,No
2618,1,0,0.29421497216298875,-1.616061806678772,-0.741061806678772,attack,No
2619,1,0,0.4378234991142019,-1.2828857898712158,-1.0328857898712158,attack,No
2620,1,1,0.6224593312018546,-0.9462453126907349,-1.4462453126907349,attack,Yes
2621,1,1,0.7057850402140659,-0.8416294455528259,-1.7166295051574707,attack,Yes
2622,1,1,0.7057850278370112,-0.8593522310256958,-1.7343522310256958,attack,Yes
2623,1,1,0.9046505299595163,-0.4194367527961731,-2.6694366931915283,attack,Yes
2624,1,0,0.32082130082460697,-1.4532674551010132,-0.7032674551010132,attack,No
2625,1,1,0.7772998405389918,-0.936493992805481,-2.1864938735961914,attack,Yes
2626,1,1,0.9796676436891864,-0.27215686440467834,-4.147156715393066,attack,Yes
2627,1,0,0.07585818837825822,-2.827731132507324,-0.32773125171661377,attack,No
2628,1,0,0.46879061178313897,-1.0571718215942383,-0.9321717619895935,attack,No
2629,1,0,0.32082130082460697,-1.3409395217895508,-0.5909395217895508,attack,No
2630,1,1,0.6224593312018546,-1.0437359809875488,-1.5437359809875488,attack,Yes
2631,1,1,0.9324533088603709,-0.38068079948425293,-3.005680799484253,attack,Yes
2632,1,0,0.2689414213699951,-1.6361838579177856,-0.6361838579177856,attack,No
2633,1,0,0.0474258704848281,-3.6729671955108643,-0.6729671359062195,attack,No
2634,1,1,0.7772998508568416,-0.8048980832099915,-2.0548980236053467,attack,Yes
2635,1,1,0.7772998818103892,-0.8450030088424683,-2.095003128051758,attack,Yes
2636,1,0,0.32082130082460697,-1.667068600654602,-0.917068600654602,attack,no
2637,1,1,0.5621765008857981,-1.1286909580230713,-1.3786909580230713,attack,Yes
2638,1,0,0.2689414213699951,-1.6348899602890015,-0.6348899602890015,attack,No
2639,1,0,0.22270012850745968,-2.088728666305542,-0.8387286067008972,attack,No
2640,1,1,0.8933094060543487,-0.589871883392334,-2.714871883392334,attack,Yes
2641,1,0,0.047425867792089564,-3.4912338256835938,-0.4912337064743042,attack,no
2642,1,1,0.9465966732132748,-0.48782652616500854,-3.3628265857696533,attack,Yes
2643,1,0,0.46879062662624377,-1.1033130884170532,-0.9783130884170532,attack,No
2644,1,1,0.8519528019683106,-0.5499846935272217,-2.2999846935272217,attack,Yes
2645,1,1,0.6224593312018546,-0.9539597034454346,-1.4539597034454346,attack,yes
2646,1,0,0.4378234991142019,-1.3310174942016602,-1.0810174942016602,attack,No
2647,1,1,0.754914997895581,-0.583514392375946,-1.7085144519805908,attack,Yes
2648,1,1,0.6224593312018546,-1.1019169092178345,-1.6019169092178345,attack,Yes
2649,1,0,0.2689414213699951,-1.7512714862823486,-0.7512714862823486,attack,No
2650,1,1,0.6224593312018546,-1.1140127182006836,-1.6140127182006836,attack,Yes
2651,1,1,0.7057850402140659,-0.8120729327201843,-1.687072992324829,attack,Yes
2652,1,1,0.679178699175393,-0.9529058933258057,-1.7029058933258057,attack,Yes
2653,1,0,0.24508501313237172,-1.886448621749878,-0.7614486217498779,attack,No
2654,1,1,0.8519527944504226,-0.5990646481513977,-2.349064588546753,attack,Yes
2655,1,1,0.8933093946927838,-0.7552210092544556,-2.880220890045166,attack,Yes
2656,1,0,0.20181321265898594,-1.9660773277282715,-0.5910772681236267,attack,No
2657,1,0,0.37754066879814546,-1.3673197031021118,-0.8673197031021118,attack,No
2658,1,1,0.9149009549929797,-0.7192678451538086,-3.0942678451538086,attack,yes
2659,1,0,0.24508501313237172,-1.6983864307403564,-0.5733864307403564,attack,No
2660,1,1,0.8670357460591569,-0.5873461961746216,-2.462346076965332,attack,Yes
2661,1,0,0.20181322226037882,-1.8974459171295166,-0.5224459171295166,attack,No
2662,1,1,0.5926666143433998,-0.912043035030365,-1.2870430946350098,attack,Yes
2663,1,0,0.18242553269617778,-2.2063591480255127,-0.7063592076301575,attack,No
2664,1,1,0.8670357666736773,-0.6271063685417175,-2.5021064281463623,attack,Yes
2665,1,1,0.7981867873410141,-0.7135538458824158,-2.0885539054870605,attack,Yes
2666,1,0,0.1329642436335826,-2.361501455307007,-0.4865014851093292,attack,No
2667,1,1,0.835483553488848,-0.6190828084945679,-2.2440829277038574,attack,Yes
2668,1,1,0.7772998611746911,-0.805168628692627,-2.055168628692627,attack,Yes
2669,1,0,0.32082130082460697,-1.4543689489364624,-0.7043689489364624,attack,No
2670,1,1,0.7981867777396212,-0.8622784614562988,-2.237278461456299,attack,Yes
2671,1,0,0.13296425394084313,-2.350996971130371,-0.47599709033966064,attack,No
2672,1,1,0.7772998714925403,-0.6760808825492859,-1.9260809421539307,attack,Yes
2673,1,1,0.7549149868676283,-0.7264753580093384,-1.8514753580093384,attack,Yes
2674,1,1,0.7772998714925403,-0.8051378130912781,-2.055137872695923,attack,Yes
2675,1,0,0.2689414213699951,-1.6341438293457031,-0.6341438293457031,attack,No
2676,1,1,0.6224593312018546,-1.092477560043335,-1.592477560043335,attack,Yes
2677,1,0,0.10669060530721626,-2.792248249053955,-0.6672483682632446,attack,No
2678,1,1,0.6513548646660542,-0.9449054002761841,-1.569905400276184,attack,Yes
2679,1,1,0.5926666143433998,-0.9971215128898621,-1.3721215724945068,attack,Yes
2680,1,1,0.7310585669110203,-0.6069148182868958,-1.606914758682251,attack,Yes
2681,1,1,0.8354835452961425,-0.5385789275169373,-2.163578987121582,attack,Yes
2682,1,0,0.4073334000459302,-1.237796664237976,-0.8627966642379761,attack,No
2683,1,0,0.2689414213699951,-1.6416518688201904,-0.6416518688201904,attack,No
2684,1,1,0.7981867969424066,-0.7757648229598999,-2.1507649421691895,attack,Yes
2685,1,1,0.7549149868676283,-0.7862474918365479,-1.9112474918365479,attack,Yes
2686,1,0,0.46879062662624377,-1.2575262784957886,-1.1325262784957886,attack,No
2687,1,1,0.5926665999540697,-0.9990307092666626,-1.3740307092666626,attack,yes
2688,1,0,0.24508501313237172,-1.9120287895202637,-0.7870287895202637,attack,no
2689,1,0,0.2942149845400438,-1.4599454402923584,-0.5849454998970032,attack,No
2690,1,0,0.18242551491653522,-2.200424909591675,-0.70042484998703,attack,no
2691,1,1,0.5621765008857981,-0.9098374843597412,-1.1598374843597412,attack,Yes
2692,1,0,0.4073334000459302,-1.5150285959243774,-1.1400285959243774,attack,no
2693,1,1,0.880797081106935,-0.41489431262016296,-2.4148943424224854,attack,Yes
2694,1,1,0.5926665999540697,-1.1298720836639404,-1.5048720836639404,attack,Yes
2695,1,0,0.3775406547908327,-1.3668501377105713,-0.8668500781059265,attack,No
2696,1,1,0.9046505453836383,-0.7955254316329956,-3.045525550842285,attack,Yes
2697,1,0,0.32082130082460697,-1.6636896133422852,-0.9136896133422852,attack,No
2698,1,1,0.5621765155565327,-0.8469237685203552,-1.096923828125,attack,Yes
2699,1,0,0.1480471829959148,-2.278730869293213,-0.5287307500839233,attack,No
2700,1,1,0.8807970842359877,-0.5271009802818298,-2.5271010398864746,attack,Yes
2701,1,1,0.7772998611746911,-0.614051342010498,-1.864051342010498,attack,Yes
2702,1,0,0.46879062662624377,-1.1397743225097656,-1.0147743225097656,attack,No
2703,1,0,0.1329642264548166,-2.68825626373291,-0.8132561445236206,attack,no
2704,1,1,0.7772998714925403,-0.8463217616081238,-2.0963218212127686,attack,Yes
2705,1,1,0.7310585786300049,-0.9361279010772705,-1.9361279010772705,attack,Yes
2706,1,1,0.6224593452091672,-0.9258584380149841,-1.425858497619629,attack,Yes
2707,1,1,0.5312093733737563,-1.046989917755127,-1.171989917755127,attack,Yes
2708,1,1,0.6513548646660542,-0.9970405101776123,-1.6220405101776123,attack,Yes
2709,1,0,0.46879062662624377,-1.3070622682571411,-1.1820622682571411,attack,No
2710,1,1,0.5926665999540697,-0.9289257526397705,-1.3039257526397705,attack,Yes
2711,1,0,0.11920292202211755,-2.270246744155884,-0.2702467441558838,attack,No
2712,1,1,0.754914975839675,-0.9645710587501526,-2.089570999145508,attack,Yes
2713,1,1,0.9465966762263737,-0.4437030553817749,-3.3187031745910645,attack,Yes
2714,1,1,0.679178699175393,-1.048734188079834,-1.798734188079834,attack,Yes
2715,1,1,0.867035752930664,-0.3740103840827942,-2.2490103244781494,attack,Yes
2716,1,0,0.5,-0.9897103905677795,-0.9897103905677795,attack,No
2717,1,0,0.5,-1.113312005996704,-1.113312005996704,attack,No
2718,1,1,0.7981867777396212,-0.4865386486053467,-1.8615386486053467,attack,Yes
2719,1,0,0.34864513533394575,-1.614433765411377,-0.989433765411377,attack,No
2720,1,1,0.7057850278370112,-0.713334321975708,-1.588334321975708,attack,Yes
2721,1,1,0.9241418283357702,-0.7092698812484741,-3.2092700004577637,attack,Yes
2722,1,1,0.7772998508568416,-0.8450055718421936,-2.095005512237549,attack,Yes
2723,1,1,0.867035752930664,-0.5386984944343567,-2.413698434829712,attack,Yes
2724,1,1,0.5926665999540697,-0.8912209272384644,-1.2662209272384644,attack,Yes
2725,1,1,0.798186768138228,-0.7028272747993469,-2.077827215194702,attack,Yes
2726,1,1,0.679178699175393,-0.8706746101379395,-1.6206746101379395,attack,Yes
2727,1,1,0.914900945711678,-0.6143966913223267,-2.989396572113037,attack,Yes
2728,1,1,0.7981867585368343,-0.9112268686294556,-2.286226749420166,attack,Yes
2729,1,1,0.6224593312018546,-1.0449893474578857,-1.5449893474578857,attack,Yes
2730,1,1,0.9324533144915912,-0.3256904184818268,-2.950690507888794,attack,Yes
2731,1,0,0.5,-1.1572751998901367,-1.1572751998901367,attack,No
2732,1,1,0.6513548782017746,-0.830394446849823,-1.4553945064544678,attack,Yes
2733,1,1,0.6513548646660542,-0.7075982093811035,-1.3325982093811035,attack,Yes
2734,1,1,0.7549149868676283,-0.6730754375457764,-1.7980754375457764,attack,Yes
2735,1,0,0.46879062662624377,-1.1550071239471436,-1.0300071239471436,attack,No
2736,1,1,0.9046505402422645,-0.4547273516654968,-2.7047274112701416,attack,Yes
2737,1,0,0.46879062662624377,-1.0079225301742554,-0.8829225301742554,attack,No
2738,1,1,0.8519528170040853,-0.6378563642501831,-2.3878564834594727,attack,Yes
2739,1,0,0.46879062662624377,-1.3256428241729736,-1.2006428241729736,attack,No
2740,1,0,0.32082130082460697,-1.4893494844436646,-0.7393494844436646,attack,No
2741,1,1,0.7310585903489892,-0.8729402422904968,-1.8729403018951416,attack,Yes
2742,1,1,0.914900950352329,-0.7239153981208801,-3.0989153385162354,attack,Yes
2743,1,0,0.10669059394565118,-2.652649402618408,-0.5276494026184082,attack,No
2744,1,0,0.09534946232842245,-2.7286360263824463,-0.4786359965801239,attack,No
2745,1,0,0.5,-0.9168387651443481,-0.9168387651443481,attack,No
2746,1,1,0.9149009549929797,-0.77947998046875,-3.15447998046875,attack,Yes
2747,1,1,0.6791787121629466,-0.8822476267814636,-1.6322476863861084,attack,Yes
2748,1,1,0.5926665855647394,-0.9299014210700989,-1.304901361465454,attack,Yes
2749,1,0,0.37754066879814546,-1.3548164367675781,-0.8548164367675781,attack,No
2750,1,1,0.7772998714925403,-0.7418670058250427,-1.9918670654296875,attack,Yes
2751,1,1,0.7310585786300049,-0.7288119792938232,-1.7288119792938232,attack,Yes
2752,1,1,0.8354835207180245,-0.6118761301040649,-2.2368760108947754,attack,Yes
2753,1,0,0.22270014914315833,-1.9878692626953125,-0.7378693222999573,attack,No
2754,1,1,0.679178699175393,-0.9744704961776733,-1.7244704961776733,attack,Yes
2755,1,0,0.32082130082460697,-1.3040847778320312,-0.5540847778320312,attack,No
2756,1,1,0.8175744761936437,-0.6880874633789062,-2.1880874633789062,attack,Yes
2757,1,1,0.5926665999540697,-0.9101250171661377,-1.2851250171661377,attack,Yes
2758,1,1,0.798186768138228,-0.7945366501808167,-2.169536590576172,attack,yes
2759,1,1,0.5926665999540697,-0.9718828201293945,-1.3468828201293945,attack,Yes
2760,1,1,0.5926665999540697,-0.8569415807723999,-1.2319415807724,attack,Yes
2761,1,1,0.5926665999540697,-1.124791145324707,-1.499791145324707,attack,Yes
2762,1,0,0.1329642333263228,-2.390881299972534,-0.5158812403678894,attack,No
2763,1,0,0.4378234991142019,-1.239506483078003,-0.9895064830780029,attack,No
2764,1,1,0.7772998611746911,-0.6125884056091309,-1.8625884056091309,attack,Yes
2765,1,0,0.4073334000459302,-1.4584883451461792,-1.0834883451461792,attack,No
2766,1,1,0.5312093733737563,-1.0744259357452393,-1.1994259357452393,attack,Yes
2767,1,0,0.46879062662624377,-1.2880833148956299,-1.1630833148956299,attack,No
2768,1,0,0.04742587856304458,-3.4306998252868652,-0.4306999444961548,attack,No
2769,1,1,0.867035752930664,-0.4586036801338196,-2.333603620529175,attack,Yes
2770,1,0,0.5,-1.0876661539077759,-1.0876661539077759,attack,No
2771,1,1,0.5312093733737563,-1.2453486919403076,-1.3703486919403076,attack,Yes
2772,1,0,0.4073334000459302,-1.3955588340759277,-1.0205588340759277,attack,No
2773,1,0,0.2942149597859341,-1.7538871765136719,-0.8788871169090271,attack,No
2774,1,0,0.37754066879814546,-1.3178609609603882,-0.8178609609603882,attack,No
2775,1,0,0.06754668738548215,-3.3129916191101074,-0.6879915595054626,attack,No
2776,1,0,0.34864513533394575,-1.526676893234253,-0.9016768932342529,attack,No
2777,1,1,0.679178699175393,-1.049994707107544,-1.799994707107544,attack,Yes
2778,1,0,0.37754066879814546,-1.354783296585083,-0.854783296585083,attack,No
2779,1,1,0.8933094174159129,-0.6007441282272339,-2.7257442474365234,attack,Yes
2780,1,0,0.22270013882530884,-2.0985138416290283,-0.8485138416290283,attack,no
2781,1,0,0.2689414213699951,-1.7444697618484497,-0.7444697618484497,attack,No
2782,1,1,0.8354835371034369,-0.7155864238739014,-2.3405864238739014,attack,Yes
2783,1,0,0.37754066879814546,-1.3278629779815674,-0.8278629779815674,attack,No
2784,1,1,0.7772998714925403,-0.7915951609611511,-2.041595220565796,attack,Yes
2785,1,0,0.34864513533394575,-1.6262354850769043,-1.0012354850769043,attack,No
2786,1,1,0.5621765008857981,-1.159962773323059,-1.409962773323059,attack,Yes
2787,1,0,0.4073334000459302,-1.4603123664855957,-1.0853123664855957,attack,No
2788,1,0,0.34864513533394575,-1.6684929132461548,-1.0434929132461548,attack,no
2789,1,1,0.798186768138228,-0.6786380410194397,-2.053637981414795,attack,Yes
2790,1,1,0.5621765008857981,-1.1592187881469727,-1.4092187881469727,attack,Yes
2791,1,1,0.754914975839675,-0.9645228981971741,-2.0895228385925293,attack,Yes
2792,1,0,0.2689414330889798,-1.85731840133667,-0.8573184609413147,attack,No
2793,1,1,0.679178699175393,-0.9017271995544434,-1.6517271995544434,attack,Yes
2794,1,1,0.835483553488848,-0.6749361753463745,-2.299936294555664,attack,Yes
2795,1,1,0.8175744761936437,-0.7495837211608887,-2.2495837211608887,attack,Yes
2796,1,1,0.8354835289107309,-0.46975642442703247,-2.0947563648223877,attack,Yes
2797,1,1,0.8807970904940926,-0.5575684309005737,-2.5575685501098633,attack,Yes
2798,1,1,0.7310585786300049,-0.6403564214706421,-1.640356421470642,attack,Yes
2799,1,0,0.5,-1.157570481300354,-1.157570481300354,attack,No
2800,1,0,0.5,-1.1570279598236084,-1.1570279598236084,attack,No
2801,1,1,0.7310585786300049,-0.7894881963729858,-1.7894881963729858,attack,Yes
2802,1,1,0.7981867777396212,-0.6784775257110596,-2.0534775257110596,attack,Yes
2803,1,1,0.7549149868676283,-0.6077556610107422,-1.7327556610107422,attack,Yes
2804,1,1,0.7057850278370112,-0.90067458152771,-1.77567458152771,attack,yes
2805,1,0,0.2689414213699951,-1.7028579711914062,-0.7028579711914062,attack,No
2806,1,1,0.9149009596336303,-0.6725510954856873,-3.047551155090332,attack,Yes
2807,1,0,0.46879062662624377,-1.1420241594314575,-1.0170241594314575,attack,No
2808,1,0,0.46879062662624377,-1.1024681329727173,-0.9774681329727173,attack,No
2809,1,1,0.5312093882168609,-0.9904834628105164,-1.1154835224151611,attack,Yes
2810,1,0,0.3775406828054583,-1.2939887046813965,-0.7939887642860413,attack,No
2811,1,0,0.5,-1.138059377670288,-1.138059377670288,attack,No
2812,1,0,0.1824255415859996,-2.3632659912109375,-0.863266110420227,attack,no
2813,1,0,0.5,-1.1855844259262085,-1.1855844259262085,attack,No
2814,1,0,0.1329642333263228,-2.6785385608673096,-0.8035385012626648,attack,no
2815,1,1,0.9241418241572634,-0.7183117270469666,-3.2183117866516113,attack,Yes
2816,1,1,0.6224593312018546,-0.9461721181869507,-1.4461721181869507,attack,Yes
2817,1,0,0.34864513533394575,-1.2415149211883545,-0.6165149211883545,attack,No
2818,1,1,0.7549149868676283,-0.7262454032897949,-1.851245403289795,attack,Yes
2819,1,0,0.20181321265898594,-2.043360948562622,-0.6683608889579773,attack,No
2820,1,0,0.46879062662624377,-1.341776728630066,-1.216776728630066,attack,no
2821,1,1,0.835483553488848,-0.665969729423523,-2.2909698486328125,attack,Yes
2822,1,0,0.20181324146316565,-2.0432982444763184,-0.6682983636856079,attack,No
2823,1,0,0.1480472055495773,-2.3614695072174072,-0.611469566822052,attack,No
2824,1,0,0.4073333856566001,-1.316091537475586,-0.9410914778709412,attack,No
2825,1,0,0.34864513533394575,-1.481188178062439,-0.856188178062439,attack,No
2826,1,1,0.7310585786300049,-0.7892255783081055,-1.7892255783081055,attack,Yes
2827,1,0,0.07585817793199003,-2.9215478897094727,-0.42154785990715027,attack,No
2828,1,0,0.5,-1.2275519371032715,-1.2275519371032715,attack,No
2829,1,1,0.7981867777396212,-0.6897745132446289,-2.064774513244629,attack,Yes
2830,1,1,0.8670357735451834,-0.5323389768600464,-2.407339096069336,attack,Yes
2831,1,1,0.5312093733737563,-0.8292877078056335,-0.9542877078056335,attack,Yes
2832,1,1,0.5312093733737563,-1.0919851064682007,-1.2169851064682007,attack,Yes
2833,1,0,0.2689414213699951,-1.5730997323989868,-0.5730997323989868,attack,No
2834,1,1,0.8807970842359877,-0.5215272307395935,-2.5215272903442383,attack,Yes
2835,1,1,0.7981867777396212,-0.6247106790542603,-1.9997106790542603,attack,Yes
2836,1,0,0.2942149845400438,-1.5502352714538574,-0.6752353310585022,attack,No
2837,1,0,0.22270012850745968,-1.9815163612365723,-0.7315163016319275,attack,No
2838,1,1,0.8354835289107309,-0.5087962746620178,-2.133796215057373,attack,Yes
2839,1,0,0.4073334000459302,-1.458498477935791,-1.083498477935791,attack,No
2840,1,1,0.5621765008857981,-1.0087264776229858,-1.2587264776229858,attack,Yes
2841,1,1,0.9324533088603709,-0.6480281352996826,-3.2730281352996826,attack,yes
2842,1,1,0.7057850402140659,-0.6052030920982361,-1.4802031517028809,attack,Yes
2843,1,1,0.7772998508568416,-0.6232040524482727,-1.873203992843628,attack,Yes
2844,1,0,0.1329642333263228,-2.5795843601226807,-0.7045843005180359,attack,no
2845,1,1,0.6224593312018546,-1.0720897912979126,-1.5720897912979126,attack,Yes
2846,1,0,0.022977365895758564,-4.296877861022949,-0.5468776822090149,attack,no
2847,1,0,0.09534947518185825,-2.8106727600097656,-0.5606728792190552,attack,No
2848,1,0,0.4073334000459302,-1.420964002609253,-1.045964002609253,attack,No
2849,1,1,0.8933094060543487,-0.4636051654815674,-2.5886051654815674,attack,Yes
2850,1,1,0.7310585786300049,-0.8063194751739502,-1.8063194751739502,attack,Yes
2851,1,0,0.46879062662624377,-1.2399991750717163,-1.1149991750717163,attack,No
2852,1,0,0.4378234991142019,-1.2961235046386719,-1.0461235046386719,attack,No
2853,1,1,0.880797071719777,-0.8155756592750549,-2.81557559967041,attack,Yes
2854,1,1,0.8175744761936437,-0.4917593002319336,-1.9917593002319336,attack,Yes
2855,1,0,0.13296424019782924,-2.4804611206054688,-0.6054611206054688,attack,no
2856,1,1,0.8670357598021706,-0.6194508075714111,-2.494450807571411,attack,Yes
2857,1,0,0.18242552825126704,-1.8791325092315674,-0.37913253903388977,attack,No
2858,1,1,0.9465966717067252,-0.4046418368816376,-3.27964186668396,attack,Yes
2859,1,1,0.5926665999540697,-1.0718083381652832,-1.4468083381652832,attack,Yes
2860,1,0,0.46879062662624377,-1.1408579349517822,-1.0158579349517822,attack,No
2861,1,1,0.9241418241572634,-0.7055079340934753,-3.20550799369812,attack,Yes
2862,1,0,0.5,-1.140120029449463,-1.140120029449463,attack,No
2863,1,1,0.7310585903489892,-0.6760022044181824,-1.6760022640228271,attack,Yes
2864,1,0,0.24508500210441886,-1.8869717121124268,-0.761971652507782,attack,No
2865,1,1,0.7772998611746911,-0.614072322845459,-1.864072322845459,attack,Yes
2866,1,0,0.46879062662624377,-1.30600106716156,-1.18100106716156,attack,No
2867,1,1,0.6513548646660542,-1.052642822265625,-1.677642822265625,attack,Yes
2868,1,1,0.9046505453836383,-0.7957295179367065,-3.045729637145996,attack,Yes
2869,1,1,0.8175744584140004,-0.5991278886795044,-2.099127769470215,attack,Yes
2870,1,1,0.5621764862150634,-0.9293182492256165,-1.1793181896209717,attack,Yes
2871,1,1,0.7310585786300049,-0.7743562459945679,-1.7743562459945679,attack,Yes
2872,1,0,0.4073333856566001,-1.1460082530975342,-0.7710081934928894,attack,No
2873,1,1,0.7981867777396212,-0.7956409454345703,-2.1706409454345703,attack,yes
2874,1,0,0.11920291576401235,-2.792137384414673,-0.7921373248100281,attack,no
2875,1,0,0.3775406828054583,-1.2920119762420654,-0.7920120358467102,attack,No
2876,1,1,0.7981867777396212,-0.7138833999633789,-2.088883399963379,attack,Yes
2877,1,0,0.4378234991142019,-1.2840120792388916,-1.0340120792388916,attack,No
2878,1,1,0.8175744939732856,-0.791828989982605,-2.2918291091918945,attack,Yes
2879,1,0,0.32082130082460697,-1.703292727470398,-0.953292727470398,attack,no
2880,1,0,0.3208213138121609,-1.4465792179107666,-0.6965792775154114,attack,No
2881,1,1,0.7981867873410141,-0.7856058478355408,-2.1606059074401855,attack,yes
2882,1,1,0.8354835371034369,-0.8763039112091064,-2.5013039112091064,attack,Yes
2883,1,0,0.46879061178313897,-1.1049494743347168,-0.979949414730072,attack,No
2884,1,0,0.37754066879814546,-1.293497920036316,-0.7934979200363159,attack,No
2885,1,1,0.7772998611746911,-0.6228311061859131,-1.872831106185913,attack,Yes
2886,1,0,0.3208212878370535,-1.5453987121582031,-0.7953986525535583,attack,No
2887,1,1,0.679178699175393,-0.9520224332809448,-1.7020224332809448,attack,Yes
2888,1,1,0.851952809486198,-0.6942080855369568,-2.4442081451416016,attack,Yes
2889,1,1,0.9241418199787566,-0.7698400020599365,-3.2698400020599365,attack,Yes
2890,1,0,0.1824255415859996,-2.037235736846924,-0.5372358560562134,attack,No
2891,1,1,0.9465966656805269,-0.3358689248561859,-3.2108688354492188,attack,Yes
2892,1,1,0.9324533013520764,-0.7089434862136841,-3.3339433670043945,attack,Yes
2893,1,0,0.4073334000459302,-1.2488512992858887,-0.8738512992858887,attack,No
2894,1,1,0.754914975839675,-0.9643109440803528,-2.089310884475708,attack,Yes
2895,1,1,0.8354835289107309,-0.8664429783821106,-2.491442918777466,attack,Yes
2896,1,1,0.8175744939732856,-0.8271225690841675,-2.327122688293457,attack,yes
2897,1,1,0.679178699175393,-0.9873576164245605,-1.7373576164245605,attack,Yes
2898,1,0,0.24508501313237172,-1.8480170965194702,-0.7230170965194702,attack,No
2899,1,1,0.5926665999540697,-0.8924745321273804,-1.2674745321273804,attack,Yes
2900,1,1,0.9399133498259924,-0.6396098136901855,-3.3896098136901855,attack,yes
2901,1,1,0.9241418241572634,-0.7137951254844666,-3.2137951850891113,attack,Yes
2902,1,1,0.5621765008857981,-1.1837928295135498,-1.4337928295135498,attack,Yes
2903,1,0,0.46879061178313897,-1.0801966190338135,-0.9551965594291687,attack,No
2904,1,1,0.8519528132451416,-0.41965022683143616,-2.1696503162384033,attack,Yes
2905,1,1,0.6513548646660542,-0.977466344833374,-1.602466344833374,attack,Yes
2906,1,1,0.8519528019683106,-0.8059549331665039,-2.555954933166504,attack,Yes
2907,1,0,0.24508501313237172,-1.841269850730896,-0.716269850730896,attack,No
2908,1,1,0.5312093733737563,-1.1404170989990234,-1.2654170989990234,attack,Yes
2909,1,0,0.46879062662624377,-1.1651099920272827,-1.0401099920272827,attack,No
2910,1,1,0.9241418220680101,-0.33264681696891785,-2.8326468467712402,attack,Yes
2911,1,1,0.8175744584140004,-0.5683923959732056,-2.068392276763916,attack,Yes
2912,1,0,0.22270011818961086,-2.1388206481933594,-0.8888205289840698,attack,no
2913,1,1,0.8519528019683106,-0.7135839462280273,-2.4635839462280273,attack,Yes
2914,1,0,0.2689414213699951,-1.7466557025909424,-0.7466557025909424,attack,No
2915,1,1,0.8807970654616711,-0.5580698251724243,-2.5580697059631348,attack,Yes
2916,1,1,0.880797071719777,-0.3085528016090393,-2.3085527420043945,attack,Yes
2917,1,1,0.7772998611746911,-0.6519773006439209,-1.901977300643921,attack,Yes
2918,1,0,0.1480472055495773,-2.4084882736206055,-0.6584883332252502,attack,No
2919,1,1,0.7310585786300049,-0.689385175704956,-1.689385175704956,attack,Yes
2920,1,1,0.7057850278370112,-0.9109693765640259,-1.7859693765640259,attack,Yes
2921,1,1,0.9324533088603709,-0.5491375923156738,-3.174137592315674,attack,Yes
2922,1,1,0.880797071719777,-0.642139732837677,-2.6421396732330322,attack,yes
2923,1,1,0.89330940889474,-0.3638617694377899,-2.4888617992401123,attack,Yes
2924,1,1,0.7981867777396212,-0.8623385429382324,-2.2373385429382324,attack,Yes
2925,1,1,0.9399133531922388,-0.6433505415916443,-3.393350601196289,attack,Yes
2926,1,1,0.5926665999540697,-0.7508243322372437,-1.1258243322372437,attack,Yes
2927,1,1,0.9241418283357702,-0.7184404134750366,-3.218440532684326,attack,Yes
2928,1,1,0.8933094060543487,-0.6507625579833984,-2.7757625579833984,attack,Yes
2929,1,1,0.9046505351008906,-0.7898752689361572,-3.0398752689361572,attack,Yes
2930,1,1,0.6224593171945417,-0.8777080178260803,-1.3777079582214355,attack,Yes
2931,1,1,0.8933094174159129,-0.5493673086166382,-2.6743674278259277,attack,Yes
2932,1,1,0.6513548646660542,-0.9977506399154663,-1.6227506399154663,attack,Yes
2933,1,0,0.1480471980316895,-2.3620247840881348,-0.6120247840881348,attack,No
2934,1,0,0.4378234991142019,-1.0216714143753052,-0.7716714143753052,attack,No
2935,1,0,0.4378234991142019,-1.3317433595657349,-1.0817433595657349,attack,No
2936,1,0,0.37754066879814546,-1.5033148527145386,-1.0033148527145386,attack,No
2937,1,1,0.5312093882168609,-0.9057084918022156,-1.0307085514068604,attack,Yes
2938,1,0,0.4378234991142019,-1.239038348197937,-0.989038348197937,attack,No
2939,1,1,0.7310585903489892,-0.9274184107780457,-1.9274184703826904,attack,Yes
2940,1,0,0.37754066879814546,-1.5815315246582031,-1.0815315246582031,attack,no
2941,1,1,0.798186768138228,-0.7762554287910461,-2.1512553691864014,attack,Yes
2942,1,1,0.7981867585368343,-0.7134929895401001,-2.0884928703308105,attack,Yes
2943,1,1,0.6513548646660542,-0.8111522197723389,-1.4361522197723389,attack,Yes
2944,1,1,0.6513548782017746,-0.8529347777366638,-1.4779348373413086,attack,Yes
2945,1,1,0.8519527944504226,-0.6534262299537659,-2.403426170349121,attack,Yes
2946,1,0,0.4378234991142019,-1.3312394618988037,-1.0812394618988037,attack,No
2947,1,0,0.5,-1.0730464458465576,-1.0730464458465576,attack,No
2948,1,1,0.8175744761936437,-0.8779909610748291,-2.377990961074829,attack,Yes
2949,1,0,0.29421497216298875,-1.7907195091247559,-0.9157195091247559,attack,no
2950,1,0,0.24508500210441886,-1.8410425186157227,-0.7160424590110779,attack,No
2951,1,1,0.9149009549929797,-0.5652403831481934,-2.9402403831481934,attack,Yes
2952,1,0,0.32082130082460697,-1.7603063583374023,-1.0103063583374023,attack,no
2953,1,0,0.46879062662624377,-1.1561951637268066,-1.0311951637268066,attack,No
2954,1,0,0.07585818002124356,-3.200377941131592,-0.7003779411315918,attack,no
2955,1,0,0.20181320305759334,-2.096430778503418,-0.7214306592941284,attack,No
2956,1,1,0.817574471748733,-0.43460813164711,-1.9346081018447876,attack,Yes
2957,1,0,0.1645164628965632,-2.2544422149658203,-0.6294422149658203,attack,No
2958,1,1,0.5926665999540697,-0.9098937511444092,-1.2848937511444092,attack,Yes
2959,1,0,0.2689414213699951,-1.6353391408920288,-0.6353391408920288,attack,No
2960,1,0,0.4378234991142019,-1.314028263092041,-1.064028263092041,attack,No
2961,1,1,0.7549149868676283,-0.6179232597351074,-1.7429232597351074,attack,Yes
2962,1,0,0.1480471829959148,-2.249237060546875,-0.49923694133758545,attack,No
2963,1,1,0.6513548511303336,-0.7400444149971008,-1.365044355392456,attack,Yes
2964,1,0,0.029312234143221275,-4.048280715942383,-0.5482808351516724,attack,No
2965,1,1,0.8670357460591569,-0.4550744295120239,-2.3300743103027344,attack,Yes
2966,1,0,0.46879062662624377,-1.1662019491195679,-1.0412019491195679,attack,No
2967,1,1,0.8807970842359877,-0.5162422060966492,-2.516242265701294,attack,Yes
2968,1,1,0.8519528019683106,-0.8051722049713135,-2.5551722049713135,attack,Yes
2969,1,1,0.8807970842359877,-0.5641822218894958,-2.5641822814941406,attack,Yes
2970,1,1,0.8519528019683106,-0.6948940753936768,-2.4448940753936768,attack,Yes
2971,1,0,0.29421497216298875,-1.5104328393936157,-0.6354328393936157,attack,No
2972,1,0,0.4378234991142019,-1.4192841053009033,-1.1692841053009033,attack,no
2973,1,1,0.9241418199787566,-0.6041913032531738,-3.104191303253174,attack,Yes
2974,1,0,0.07585818002124356,-3.1011343002319336,-0.6011343002319336,attack,no
2975,1,0,0.2689414096510108,-1.7091336250305176,-0.7091335654258728,attack,No
2976,1,1,0.7057850154599563,-0.8776355385780334,-1.7526354789733887,attack,Yes
2977,1,1,0.8175744939732856,-0.7924789190292358,-2.2924790382385254,attack,Yes
2978,1,0,0.042087725512577126,-3.5370168685913086,-0.4120168089866638,attack,no
2979,1,0,0.37754066879814546,-1.5738879442214966,-1.0738879442214966,attack,no
2980,1,1,0.9465966702001757,-0.7465837001800537,-3.6215837001800537,attack,Yes
2981,1,1,0.7310585786300049,-0.7739393711090088,-1.7739393711090088,attack,Yes
2982,1,0,0.5,-1.0001754760742188,-1.0001754760742188,attack,No
2983,1,0,0.4378234991142019,-1.2400281429290771,-0.9900281429290771,attack,No
2984,1,1,0.798186768138228,-0.8174369931221008,-2.192436933517456,attack,Yes
2985,1,1,0.8175744761936437,-0.7924320697784424,-2.2924320697784424,attack,Yes
2986,1,1,0.9149009549929797,-0.47832536697387695,-2.853325366973877,attack,Yes
2987,1,0,0.16451647108926923,-2.0776753425598145,-0.45267540216445923,attack,No
2988,1,0,0.4073334000459302,-1.215334415435791,-0.840334415435791,attack,No
2989,1,1,0.851952809486198,-0.4884578585624695,-2.2384579181671143,attack,Yes
2990,1,0,0.07585818837825822,-3.044379711151123,-0.5443798303604126,attack,No
2991,1,1,0.8175744761936437,-0.6998686790466309,-2.199868679046631,attack,Yes
2992,1,1,0.7981867969424066,-0.6787170171737671,-2.0537171363830566,attack,Yes
2993,1,1,0.6513548511303336,-0.9673364758491516,-1.5923364162445068,attack,Yes
2994,1,1,0.9399133464597458,-0.31533652544021606,-3.0653364658355713,attack,Yes
2995,1,0,0.11920291576401235,-2.5018057823181152,-0.5018057227134705,attack,No
2996,1,0,0.32082130082460697,-1.7601879835128784,-1.0101879835128784,attack,no
2997,1,1,0.7310585786300049,-0.7741878032684326,-1.7741878032684326,attack,Yes
2998,1,0,0.14804719051380197,-2.3765273094177246,-0.6265272498130798,attack,no
2999,1,0,0.09534945461636171,-2.9095163345336914,-0.6595162153244019,attack,No
3000,0,0,0.020332350374504305,-4.243373870849609,-0.36837372183799744,attack,No
3001,0,0,0.5,-0.8185399174690247,-0.8185399174690247,attack,No
3002,0,0,0.015906392411575272,-4.301873683929443,-0.17687372863292694,attack,No
3003,0,0,0.10669060530721626,-2.4838409423828125,-0.35884106159210205,attack,No
3004,0,0,0.04742587317756679,-3.732950210571289,-0.7329502105712891,attack,no
3005,0,0,0.29421497216298875,-1.4543023109436035,-0.5793023109436035,attack,No
3006,0,0,0.2689414330889798,-1.5733866691589355,-0.5733867287635803,attack,No
3007,0,0,0.017986213120429816,-4.1614227294921875,-0.16142290830612183,attack,No
3008,0,1,0.6791786861878392,-0.8720768094062805,-1.6220767498016357,attack,Yes
3009,0,0,0.22270012850745968,-1.766357660293579,-0.5163576006889343,attack,No
3010,0,1,0.8175744939732856,-0.5327390432357788,-2.0327391624450684,attack,Yes
3011,0,0,0.03732689055684297,-3.468050003051758,-0.21805009245872498,attack,No
3012,0,0,0.22270013882530884,-1.8403987884521484,-0.5903987884521484,attack,No
3013,0,0,0.029312234143221275,-3.658203125,-0.15820324420928955,attack,No
3014,0,0,0.20181321265898594,-1.8430874347686768,-0.468087375164032,attack,No
3015,0,0,0.020332352155396922,-4.147578239440918,-0.2725781798362732,attack,No
3016,0,1,0.5312093882168609,-0.9370524287223816,-1.0620524883270264,attack,Yes
3017,0,0,0.34864513533394575,-1.438698410987854,-0.813698410987854,attack,No
3018,0,0,0.1824255415859996,-2.0083847045898438,-0.5083848237991333,attack,No
3019,0,0,0.0675466911396291,-2.946018934249878,-0.32101893424987793,attack,No
3020,0,1,0.7549149868676283,-0.5181499719619751,-1.643149971961975,attack,Yes
3021,0,1,0.6224593171945417,-0.8382113575935364,-1.3382112979888916,attack,Yes
3022,0,0,0.1329642264548166,-2.236086845397949,-0.36108672618865967,attack,No
3023,0,0,0.4378234991142019,-1.2846511602401733,-1.0346511602401733,attack,No
3024,0,0,0.08509904964767095,-2.7128121852874756,-0.33781224489212036,attack,No
3025,0,0,0.13296422989056964,-2.0963034629821777,-0.22130337357521057,attack,No
3026,0,1,0.7549149868676283,-0.8537733554840088,-1.9787733554840088,attack,Yes
3027,0,0,0.18242553269617778,-1.916776418685913,-0.41677647829055786,attack,No
3028,0,0,0.060086646807761206,-3.3246989250183105,-0.5746988654136658,attack,No
3029,0,1,0.5621765155565327,-0.8931145071983337,-1.1431145668029785,attack,Yes
3030,0,0,0.04742586913845881,-3.3272042274475098,-0.3272041380405426,attack,No
3031,0,0,0.01590639077880068,-4.392745018005371,-0.2677449584007263,attack,No
3032,0,1,0.5926665999540697,-0.7398016452789307,-1.1148016452789307,attack,Yes
3033,0,0,0.5,-0.9579654932022095,-0.9579654932022095,attack,No
3034,0,0,0.3775406547908327,-1.1498816013336182,-0.6498815417289734,attack,No
3035,0,0,0.08509904036636974,-2.7130537033081055,-0.3380536437034607,attack,No
3036,0,1,0.7310585903489892,-0.5774428248405457,-1.5774428844451904,attack,Yes
3037,0,1,0.679178699175393,-0.7674165964126587,-1.5174165964126587,attack,Yes
3038,0,0,0.006692849537392301,-5.259070873260498,-0.25907066464424133,attack,No
3039,0,1,0.6224593312018546,-0.7268449068069458,-1.2268449068069458,attack,Yes
3040,0,0,0.11920291263495983,-2.371290445327759,-0.3712903559207916,attack,No
3041,0,1,0.5621764862150634,-0.7934108376502991,-1.0434107780456543,attack,Yes
3042,0,0,0.07585818419975078,-2.8570168018341064,-0.3570168614387512,attack,No
3043,0,1,0.6224593171945417,-0.8073223233222961,-1.3073222637176514,attack,Yes
3044,0,0,0.05340332829327471,-3.180128812789917,-0.3051287829875946,attack,No
3045,0,0,0.0850990519679964,-2.6844518184661865,-0.3094519078731537,attack,No
3046,0,0,0.37754066879814546,-1.442008137702942,-0.9420081377029419,attack,No
3047,0,0,0.24508501313237172,-1.7359366416931152,-0.6109366416931152,attack,No
3048,0,0,0.18242553269617778,-2.104278087615967,-0.6042781472206116,attack,No
3049,0,0,0.22270012850745968,-1.7907695770263672,-0.5407695174217224,attack,No
3050,0,0,0.05340333582602272,-3.2087488174438477,-0.3337489366531372,attack,No
3051,0,1,0.7772998611746911,-0.5875074863433838,-1.8375074863433838,attack,Yes
3052,0,1,0.8354835289107309,-0.4403117299079895,-2.0653116703033447,attack,Yes
3053,0,0,0.10669059962643358,-2.545430898666382,-0.4204309582710266,attack,No
3054,0,0,0.03732688359596404,-3.414825677871704,-0.16482557356357574,attack,No
3055,0,0,0.14804719427274565,-2.1544864177703857,-0.40448638796806335,attack,No
3056,0,0,0.4073334000459302,-1.1188994646072388,-0.7438994646072388,attack,No
3057,0,0,0.32082130082460697,-1.6134699583053589,-0.8634699583053589,attack,No
3058,0,0,0.46879062662624377,-1.1978440284729004,-1.0728440284729004,attack,No
3059,0,0,0.022977370913592487,-3.9982316493988037,-0.2482316941022873,attack,No
3060,0,0,0.09534945975773548,-2.7281229496002197,-0.47812288999557495,attack,No
3061,0,1,0.7772998611746911,-0.5773866176605225,-1.8273866176605225,attack,Yes
3062,0,0,0.015906389146026254,-4.321603775024414,-0.19660361111164093,attack,No
3063,0,0,0.014063627043245474,-4.954771518707275,-0.7047715187072754,attack,no
3064,0,0,0.4073334000459302,-1.2399183511734009,-0.8649183511734009,attack,No
3065,0,0,0.4378234991142019,-1.127529501914978,-0.877529501914978,attack,No
3066,0,0,0.042087723109535534,-3.32863712310791,-0.2036370038986206,attack,No
3067,0,1,0.7772998611746911,-0.46253740787506104,-1.712537407875061,attack,Yes
3068,0,0,0.22270013882530884,-1.74290132522583,-0.4929013252258301,attack,No
3069,0,0,0.3486451488696663,-1.41147780418396,-0.7864778637886047,attack,No
3070,0,1,0.5621765008857981,-1.0314135551452637,-1.2814135551452637,attack,Yes
3071,0,0,0.01590639031229368,-4.454070091247559,-0.32907000184059143,attack,No
3072,0,0,0.008577485413711986,-5.010707855224609,-0.2607078552246094,attack,No
3073,0,0,0.1329642264548166,-2.3233819007873535,-0.44838178157806396,attack,No
3074,0,0,0.005220126003077935,-5.50747013092041,-0.25747019052505493,attack,No
3075,0,0,0.0675466911396291,-3.161473035812378,-0.5364730358123779,attack,No
3076,0,0,0.047425871831197425,-3.273949146270752,-0.27394911646842957,attack,No
3077,0,1,0.6513548782017746,-0.7742156386375427,-1.3992156982421875,attack,Yes
3078,0,0,0.060086646807761206,-3.090939521789551,-0.340939462184906,attack,No
3079,0,0,0.4378235137849365,-1.164360761642456,-0.9143608212471008,attack,No
3080,0,0,0.24508501313237172,-1.8122384548187256,-0.6872384548187256,attack,No
3081,0,0,0.025957354937269386,-3.8122079372406006,-0.18720784783363342,attack,No
3082,0,1,0.7549149868676283,-0.545437216758728,-1.670437216758728,attack,Yes
3083,0,0,0.3208212878370535,-1.3246214389801025,-0.5746213793754578,attack,No
3084,0,0,0.29421497216298875,-1.4664238691329956,-0.5914238691329956,attack,No
3085,0,0,0.07585818628900447,-2.856645345687866,-0.3566454350948334,attack,No
3086,0,0,0.03308597552845946,-3.6899125576019287,-0.31491246819496155,attack,No
3087,0,0,0.0953494648991095,-2.625380039215088,-0.3753800392150879,attack,No
3088,0,0,0.37754066879814546,-1.2934890985488892,-0.7934890985488892,attack,No
3089,0,1,0.7057850278370112,-0.5864590406417847,-1.4614590406417847,attack,Yes
3090,0,0,0.24508501313237172,-1.77370285987854,-0.64870285987854,attack,No
3091,0,0,0.11920293140927592,-2.3042726516723633,-0.30427274107933044,attack,No
3092,0,0,0.34864513533394575,-1.3302128314971924,-0.7052128314971924,attack,No
3093,0,1,0.5312093733737563,-1.0073444843292236,-1.1323444843292236,attack,Yes
3094,0,1,0.5312093733737563,-0.9517714977264404,-1.0767714977264404,attack,Yes
3095,0,0,0.05340333431947304,-3.0570194721221924,-0.18201956152915955,attack,No
3096,0,0,0.3486451488696663,-1.4505512714385986,-0.8255513310432434,attack,No
3097,0,0,0.2689414330889798,-1.6787269115447998,-0.6787269711494446,attack,No
3098,0,1,0.904650536386234,-0.24511407315731049,-2.4951140880584717,attack,Yes
3099,0,1,0.7549149868676283,-0.5250149965286255,-1.6500149965286255,attack,Yes
3100,0,0,0.20181323186177208,-1.846907615661621,-0.47190767526626587,attack,No
3101,0,1,0.7981867777396212,-0.5504900217056274,-1.9254900217056274,attack,Yes
3102,0,0,0.18242551491653522,-1.9995412826538086,-0.4995412230491638,attack,No
3103,0,1,0.6513548646660542,-0.7729929685592651,-1.3979929685592651,attack,Yes
3104,0,0,0.32082130082460697,-1.3792821168899536,-0.6292821168899536,attack,No
3105,0,0,0.010986940849479477,-4.691220760345459,-0.19122059643268585,attack,No
3106,0,0,0.09534946361376598,-2.4914066791534424,-0.2414066642522812,attack,No
3107,0,0,0.053403325280175794,-3.2398929595947266,-0.3648928701877594,attack,No
3108,0,0,0.32082130082460697,-1.567457675933838,-0.8174576759338379,attack,No
3109,0,0,0.29421497216298875,-1.8634289503097534,-0.9884289503097534,attack,no
3110,0,0,0.053403325280175794,-3.209275007247925,-0.33427491784095764,attack,No
3111,0,0,0.0850990519679964,-2.7133429050445557,-0.3383429944515228,attack,No
3112,0,0,0.2689414330889798,-1.525831937789917,-0.5258319973945618,attack,No
3113,0,0,0.006692849735519792,-5.3552045822143555,-0.35520440340042114,attack,No
3114,0,0,0.46879062662624377,-0.9921748638153076,-0.8671748638153076,attack,No
3115,0,1,0.679178699175393,-0.986639142036438,-1.736639142036438,attack,Yes
3116,0,0,0.0850990542883219,-2.9716405868530273,-0.5966407060623169,attack,No
3117,0,0,0.18242551491653522,-2.065133810043335,-0.5651337504386902,attack,No
3118,0,0,0.37754066879814546,-1.293290376663208,-0.793290376663208,attack,No
3119,0,0,0.10669059394565118,-2.8500101566314697,-0.7250101566314697,attack,No
3120,0,0,0.16451647108926923,-2.138583183288574,-0.513583242893219,attack,No
3121,0,0,0.37754066879814546,-1.3190754652023315,-0.8190754652023315,attack,No
3122,0,0,0.4378234991142019,-1.254159688949585,-1.004159688949585,attack,No
3123,0,0,0.24508502416032488,-1.5981621742248535,-0.4731622338294983,attack,No
3124,0,0,0.05340333130637379,-3.090146541595459,-0.21514657139778137,attack,No
3125,0,0,0.0850990519679964,-2.641765832901001,-0.26676592230796814,attack,No
3126,0,0,0.46879062662624377,-1.209494948387146,-1.084494948387146,attack,No
3127,0,0,0.37754066879814546,-1.2938374280929565,-0.7938374280929565,attack,No
3128,0,0,0.24508502416032488,-1.7992966175079346,-0.6742966771125793,attack,No
3129,0,1,0.9149009642742806,-0.3460930585861206,-2.72109317779541,attack,Yes
3130,0,0,0.4378234991142019,-1.0289191007614136,-0.7789191007614136,attack,No
3131,0,0,0.0675466911396291,-3.0777902603149414,-0.4527902603149414,attack,No
3132,0,0,0.34864513533394575,-1.280775547027588,-0.6557755470275879,attack,No
3133,0,0,0.03308597505175204,-3.5882036685943604,-0.213203564286232,attack,No
3134,0,0,0.0758581737534831,-2.9592905044555664,-0.45929041504859924,attack,No
3135,0,0,0.22270014914315833,-1.7760145664215088,-0.5260146260261536,attack,No
3136,0,0,0.24508500210441886,-1.6513845920562744,-0.5263845324516296,attack,No
3137,0,0,0.06754668363133542,-3.003859043121338,-0.37885892391204834,attack,No
3138,0,0,0.34864513533394575,-1.5382438898086548,-0.9132438898086548,attack,No
3139,0,0,0.07585818002124356,-2.886746883392334,-0.386746883392334,attack,No
3140,0,0,0.4073333856566001,-1.182812213897705,-0.8078121542930603,attack,No
3141,0,0,0.0850990542883219,-2.9311704635620117,-0.5561705827713013,attack,No
3142,0,1,0.6224593312018546,-0.7861143350601196,-1.2861143350601196,attack,Yes
3143,0,0,0.06754668550840877,-2.9733123779296875,-0.34831228852272034,attack,No
3144,0,0,0.2942149597859341,-1.8065359592437744,-0.9315358996391296,attack,no
3145,0,0,0.20181321265898594,-2.0493338108062744,-0.6743337512016296,attack,No
3146,0,0,0.014063627043245474,-4.515577793121338,-0.2655777931213379,attack,No
3147,0,0,0.025957358328060655,-3.831176519393921,-0.20617656409740448,attack,No
3148,0,0,0.5,-0.9413777589797974,-0.9413777589797974,attack,No
3149,0,0,0.017986212330845203,-4.1610565185546875,-0.16105665266513824,attack,No
3150,0,0,0.01243165304850344,-4.963283061981201,-0.5882832407951355,attack,no
3151,0,0,0.18242551936144574,-1.9165345430374146,-0.41653451323509216,attack,No
3152,0,1,0.7057850278370112,-0.5424212217330933,-1.4174212217330933,attack,Yes
3153,0,0,0.14804719051380197,-2.2146382331848145,-0.4646381735801697,attack,No
3154,0,1,0.7772998611746911,-0.6234918832778931,-1.873491883277893,attack,Yes
3155,0,1,0.7981867777396212,-0.5504895448684692,-1.9254895448684692,attack,Yes
3156,0,1,0.6513548646660542,-1.0478136539459229,-1.6728136539459229,attack,Yes
3157,0,1,0.7057850278370112,-0.8776010274887085,-1.7526010274887085,attack,Yes
3158,0,0,0.09534945461636171,-2.547619342803955,-0.2976192235946655,attack,No
3159,0,0,0.042087723109535534,-3.368770122528076,-0.24377000331878662,attack,No
3160,0,0,0.03732688948593843,-3.4679787158966064,-0.21797877550125122,attack,No
3161,0,1,0.7057850402140659,-0.7269870638847351,-1.6019871234893799,attack,Yes
3162,0,0,0.4073334000459302,-1.1370009183883667,-0.7620009183883667,attack,No
3163,0,0,0.40733341443526055,-1.1032078266143799,-0.7282078862190247,attack,No
3164,0,0,0.18242552380635632,-1.9763977527618408,-0.4763977527618408,attack,No
3165,0,0,0.2689414330889798,-1.5740582942962646,-0.5740583539009094,attack,No
3166,0,0,0.06754669301670263,-2.917423963546753,-0.2924239933490753,attack,No
3167,0,0,0.2689414096510108,-1.6031363010406494,-0.6031362414360046,attack,No
3168,0,0,0.03308597457504463,-3.587799549102783,-0.21279942989349365,attack,No
3169,0,1,0.8933094145755219,-0.432502418756485,-2.557502508163452,attack,Yes
3170,0,0,0.042087725512577126,-3.6852784156799316,-0.5602783560752869,attack,No
3171,0,0,0.3208213138121609,-1.4979732036590576,-0.7479732632637024,attack,No
3172,0,0,0.033085981248949035,-3.721061944961548,-0.346062034368515,attack,No
3173,0,0,0.017986209040909668,-4.119214057922363,-0.1192140057682991,attack,No
3174,0,0,0.02931222905542399,-3.6571054458618164,-0.15710538625717163,attack,No
3175,0,1,0.7549149868676283,-0.4770989418029785,-1.6020989418029785,attack,Yes
3176,0,0,0.1480471980316895,-2.2503345012664795,-0.5003345012664795,attack,No
3177,0,0,0.20181321265898594,-1.7971231937408447,-0.42212313413619995,attack,No
3178,0,0,0.13296424019782924,-2.2146193981170654,-0.33961939811706543,attack,No
3179,0,0,0.0850990542883219,-2.9281678199768066,-0.5531679391860962,attack,No
3180,0,0,0.13296425050508953,-2.323676586151123,-0.4486766755580902,attack,No
3181,0,0,0.06754668550840877,-3.038576364517212,-0.41357627511024475,attack,No
3182,0,0,0.02297737057907019,-3.9340660572052,-0.18406608700752258,attack,No
3183,0,0,0.40733341443526055,-1.2489020824432373,-0.8739021420478821,attack,No
3184,0,0,0.033085981248949035,-3.7921242713928223,-0.41712436079978943,attack,No
3185,0,0,0.22270013882530884,-1.8995938301086426,-0.6495938301086426,attack,No
3186,0,1,0.8933094003735664,-0.5549982190132141,-2.6799981594085693,attack,Yes
3187,0,1,0.8175744584140004,-0.7389575242996216,-2.238957405090332,attack,Yes
3188,0,0,0.033085981248949035,-3.6100220680236816,-0.2350221574306488,attack,No
3189,0,1,0.7772998714925403,-0.6641263365745544,-1.9141263961791992,attack,Yes
3190,0,0,0.02931222905542399,-3.6433844566345215,-0.1433843970298767,attack,No
3191,0,1,0.7772998611746911,-0.5216184854507446,-1.7716184854507446,attack,Yes
3192,0,1,0.5621765008857981,-0.7500597238540649,-1.000059723854065,attack,Yes
3193,0,1,0.7057850154599563,-0.6555748581886292,-1.5305747985839844,attack,Yes
3194,0,0,0.2689414330889798,-1.4690001010894775,-0.4690001606941223,attack,No
3195,0,1,0.7057850278370112,-0.7264009714126587,-1.6014009714126587,attack,Yes
3196,0,0,0.006692852113050128,-5.582308769226074,-0.5823089480400085,attack,No
3197,0,0,0.24508502416032488,-1.7679729461669922,-0.642973005771637,attack,No
3198,0,0,0.20181322226037882,-1.9353595972061157,-0.5603595972061157,attack,No
3199,0,0,0.34864513533394575,-1.2950102090835571,-0.6700102090835571,attack,No
3200,0,0,0.0373268852023206,-3.713623523712158,-0.4636234641075134,attack,No
3201,0,0,0.24508501313237172,-1.7305233478546143,-0.6055233478546143,attack,No
3202,0,0,0.3775406828054583,-1.2531862258911133,-0.7531862854957581,attack,No
3203,0,0,0.042087725512577126,-3.59328031539917,-0.46828025579452515,attack,No
3204,0,0,0.03308597743528921,-3.5682122707366943,-0.19321224093437195,attack,No
3205,0,0,0.06008665354025422,-3.092438220977783,-0.342438280582428,attack,No
3206,0,1,0.5926666143433998,-0.9528066515922546,-1.3278067111968994,attack,Yes
3207,0,0,0.029312233295254994,-3.7548863887786865,-0.2548864781856537,attack,No
3208,0,0,0.015906392644828796,-4.488680362701416,-0.3636804223060608,attack,No
3209,0,1,0.880797068590724,-0.4475270211696625,-2.4475269317626953,attack,Yes
3210,0,1,0.5312093733737563,-0.8401116132736206,-0.9651116132736206,attack,Yes
3211,0,0,0.22270013882530884,-1.7427128553390503,-0.4927128553390503,attack,No
3212,0,0,0.04208772671409796,-3.4483771324157715,-0.3233771026134491,attack,No
3213,0,0,0.06754668738548215,-3.0746562480926514,-0.4496561884880066,attack,No
3214,0,1,0.5621765008857981,-0.9318950176239014,-1.1818950176239014,attack,Yes
3215,0,0,0.16451645880021026,-1.9639605283737183,-0.3389604985713959,attack,No
3216,0,1,0.5926666143433998,-0.9983271956443787,-1.3733272552490234,attack,Yes
3217,0,0,0.2689414213699951,-1.509688377380371,-0.5096883773803711,attack,No
3218,0,0,0.46879062662624377,-1.0367701053619385,-0.9117701053619385,attack,No
3219,0,0,0.16451646699291617,-1.9795361757278442,-0.3545362055301666,attack,No
3220,0,1,0.9241418137109955,-0.35998091101646423,-2.859980821609497,attack,Yes
3221,0,0,0.4073334000459302,-1.1623997688293457,-0.7873997688293457,attack,No
3222,0,0,0.0675466911396291,-3.076033353805542,-0.451033353805542,attack,No
3223,0,1,0.835483553488848,-0.4699047803878784,-2.094904899597168,attack,Yes
3224,0,0,0.20181322226037882,-1.866288661956787,-0.4912886619567871,attack,No
3225,0,0,0.025957359835079137,-3.853159189224243,-0.22815929353237152,attack,No
3226,0,0,0.00669285052802981,-5.355369567871094,-0.355369508266449,attack,No
3227,0,0,0.020332357498075698,-4.280910015106201,-0.4059102237224579,attack,No
3228,0,0,0.02033235096813516,-4.368021011352539,-0.4930208921432495,attack,No
3229,0,0,0.5,-1.1377493143081665,-1.1377493143081665,attack,No
3230,0,0,0.3208212878370535,-1.454103708267212,-0.7041036486625671,attack,No
3231,0,0,0.09534945718704857,-2.6933066844940186,-0.4433065950870514,attack,No
3232,0,0,0.020332352749027827,-4.022704601287842,-0.1477045714855194,attack,No
3233,0,0,0.08509904964767095,-2.807450771331787,-0.4324508309364319,attack,No
3234,0,0,0.07585818628900447,-2.738302230834961,-0.2383023202419281,attack,No
3235,0,0,0.06008665354025422,-3.037067174911499,-0.2870672345161438,attack,No
3236,0,0,0.5,-1.0509212017059326,-1.0509212017059326,attack,No
3237,0,1,0.8670357735451834,-0.4996851682662964,-2.374685287475586,attack,Yes
3238,0,0,0.46879064146934857,-1.0371699333190918,-0.9121699929237366,attack,No
3239,0,0,0.20181323186177208,-1.8174285888671875,-0.4424286484718323,attack,No
3240,0,0,0.4378234991142019,-1.1402004957199097,-0.8902004957199097,attack,No
3241,0,1,0.6224593171945417,-0.8069928288459778,-1.306992769241333,attack,Yes
3242,0,0,0.060086656906500974,-3.1937575340270996,-0.44375765323638916,attack,No
3243,0,0,0.37754066879814546,-1.397772192955017,-0.8977721929550171,attack,No
3244,0,1,0.7981867585368343,-0.6680961847305298,-2.0430960655212402,attack,Yes
3245,0,1,0.679178699175393,-0.6641368865966797,-1.4141368865966797,attack,Yes
3246,0,1,0.6224593312018546,-0.7868767976760864,-1.2868767976760864,attack,Yes
3247,0,0,0.014063628696182679,-4.6183695793151855,-0.3683696985244751,attack,no
3248,0,0,0.014063627043245474,-4.4657135009765625,-0.2157135009765625,attack,No
3249,0,0,0.08509904036636974,-2.8817601203918457,-0.5067600607872009,attack,No
3250,0,1,0.6224593312018546,-0.7263938188552856,-1.2263938188552856,attack,Yes
3251,0,0,0.14804721306746543,-2.3611092567443848,-0.6111093759536743,attack,No
3252,0,0,0.2689414096510108,-1.6084239482879639,-0.6084238886833191,attack,No
3253,0,0,0.5,-0.8716502785682678,-0.8716502785682678,attack,No
3254,0,0,0.10669060246682488,-2.413306951522827,-0.2883070409297943,attack,No
3255,0,0,0.08509904500702024,-3.034651041030884,-0.6596510410308838,attack,no
3256,0,0,0.2689414096510108,-1.7987210750579834,-0.7987210154533386,attack,No
3257,0,0,0.13296424019782924,-2.263838052749634,-0.3888380527496338,attack,No
3258,0,0,0.04742587587030561,-3.673555850982666,-0.6735559105873108,attack,no
3259,0,0,0.5,-1.0209778547286987,-1.0209778547286987,attack,No
3260,0,0,0.07585818002124356,-2.9216341972351074,-0.4216341972351074,attack,No
3261,0,0,0.11920291576401235,-2.347572088241577,-0.3475720286369324,attack,No
3262,0,0,0.22270013882530884,-1.9943666458129883,-0.7443666458129883,attack,No
3263,0,1,0.6791787121629466,-0.7543238997459412,-1.504323959350586,attack,Yes
3264,0,1,0.5621764862150634,-0.8458715081214905,-1.0958714485168457,attack,Yes
3265,0,0,0.04742586913845881,-3.3939175605773926,-0.3939174711704254,attack,No
3266,0,0,0.34864513533394575,-1.287139654159546,-0.6621396541595459,attack,No
3267,0,0,0.02595735757455145,-3.8522744178771973,-0.22727443277835846,attack,No
3268,0,0,0.14804718675485834,-2.1813340187072754,-0.4313339293003082,attack,No
3269,0,0,0.033085976958581766,-3.5691745281219482,-0.19417448341846466,attack,No
3270,0,1,0.7772998560157665,-0.4399324953556061,-1.6899324655532837,attack,Yes
3271,0,0,0.029312230751356316,-3.781226873397827,-0.28122687339782715,attack,No
3272,0,0,0.08509903804604459,-2.7418878078460693,-0.3668877184391022,attack,No
3273,0,0,0.01243164865786858,-4.669378757476807,-0.2943785786628723,attack,No
3274,0,1,0.5312093733737563,-0.9223372936248779,-1.047337293624878,attack,Yes
3275,0,0,0.2689414213699951,-1.891675591468811,-0.891675591468811,attack,No
3276,0,0,0.29421497216298875,-1.6259421110153198,-0.7509421110153198,attack,No
3277,0,0,0.042087731520181665,-3.5137901306152344,-0.38879022002220154,attack,No
3278,0,0,0.4073334000459302,-1.2496037483215332,-0.8746037483215332,attack,No
3279,0,0,0.37754066879814546,-1.30405855178833,-0.8040585517883301,attack,No
3280,0,1,0.5621764862150634,-0.8781765103340149,-1.1281764507293701,attack,Yes
3281,0,0,0.10669059678604234,-2.3947081565856934,-0.26970818638801575,attack,No
3282,0,0,0.4378234844434674,-1.0971524715423584,-0.8471524119377136,attack,No
3283,0,1,0.5621765008857981,-0.9487402439117432,-1.1987402439117432,attack,Yes
3284,0,0,0.1329642436335826,-2.1573803424835205,-0.2823803722858429,attack,No
3285,0,1,0.5312093733737563,-0.985727071762085,-1.110727071762085,attack,Yes
3286,0,1,0.5312093585306514,-0.9707370400428772,-1.0957369804382324,attack,Yes
3287,0,1,0.7057850278370112,-0.6895972490310669,-1.564597249031067,attack,Yes
3288,0,0,0.2942149597859341,-1.5879976749420166,-0.7129976153373718,attack,No
3289,0,1,0.5312093585306514,-0.9196177124977112,-1.0446176528930664,attack,Yes
3290,0,1,0.6224593312018546,-0.7877751588821411,-1.2877751588821411,attack,Yes
3291,0,1,0.7057850278370112,-0.5862219333648682,-1.4612219333648682,attack,Yes
3292,0,0,0.13296424706933604,-2.289594888687134,-0.41459494829177856,attack,No
3293,0,0,0.0675466911396291,-3.2072997093200684,-0.5822997093200684,attack,No
3294,0,0,0.16451646699291617,-1.882590413093567,-0.2575904428958893,attack,No
3295,0,1,0.7310585903489892,-0.48338621854782104,-1.4833862781524658,attack,Yes
3296,0,1,0.8670357666736773,-0.5452277064323425,-2.4202277660369873,attack,Yes
3297,0,0,0.025957358704815272,-3.9977738857269287,-0.3727739453315735,attack,No
3298,0,0,0.1329642333263228,-2.4319100379943848,-0.55690997838974,attack,No
3299,0,1,0.7057850154599563,-0.6775587201118469,-1.5525586605072021,attack,Yes
3300,0,0,0.3486451217982255,-1.2462148666381836,-0.6212148070335388,attack,No
3301,0,1,0.867035763237924,-0.304688423871994,-2.1796884536743164,attack,Yes
3302,0,0,0.04742587317756679,-3.3602445125579834,-0.3602445125579834,attack,No
3303,0,0,0.04742587587030561,-3.360454559326172,-0.36045461893081665,attack,No
3304,0,0,0.10669059962643358,-2.5435802936553955,-0.4185803532600403,attack,No
3305,0,0,0.007577242612510723,-5.405236721038818,-0.5302368998527527,attack,No
3306,0,0,0.06754668363133542,-2.9752936363220215,-0.35029351711273193,attack,No
3307,0,0,0.03308598220236406,-3.634308338165283,-0.25930845737457275,attack,No
3308,0,1,0.6224593312018546,-0.7147421836853027,-1.2147421836853027,attack,Yes
3309,0,0,0.34864513533394575,-1.3137586116790771,-0.6887586116790771,attack,No
3310,0,0,0.18242551491653522,-2.069884777069092,-0.569884717464447,attack,No
3311,0,1,0.5926665999540697,-0.8390704393386841,-1.214070439338684,attack,Yes
3312,0,1,0.880797081106935,-0.44763895869255066,-2.447638988494873,attack,Yes
3313,0,1,0.7772998508568416,-0.5446389317512512,-1.7946388721466064,attack,Yes
3314,0,0,0.5,-0.970409631729126,-0.970409631729126,attack,No
3315,0,0,0.20181321265898594,-1.8704025745391846,-0.4954025149345398,attack,No
3316,0,1,0.6224593171945417,-0.6778119206428528,-1.177811861038208,attack,Yes
3317,0,0,0.16451647518562237,-2.0488760471343994,-0.4238761365413666,attack,No
3318,0,0,0.07585818002124356,-3.197720527648926,-0.6977205276489258,attack,No
3319,0,1,0.5621765155565327,-0.832058846950531,-1.0820589065551758,attack,Yes
3320,0,0,0.0675466911396291,-3.038496494293213,-0.4134964942932129,attack,No
3321,0,0,0.4378234991142019,-1.4740291833877563,-1.2240291833877563,attack,no
3322,0,0,0.0600866518571309,-3.233821153640747,-0.48382118344306946,attack,No
3323,0,0,0.29421497216298875,-1.5047650337219238,-0.6297650337219238,attack,No
3324,0,1,0.8807970842359877,-0.5218786597251892,-2.521878719329834,attack,Yes
3325,0,0,0.4378234991142019,-1.1621308326721191,-0.9121308326721191,attack,No
3326,0,0,0.0059110693816106135,-5.35683012008667,-0.23183020949363708,attack,No
3327,0,0,0.03732689055684297,-3.568039655685425,-0.31803974509239197,attack,No
3328,0,0,0.0373268852023206,-3.5121090412139893,-0.2621089816093445,attack,No
3329,0,0,0.37754066879814546,-1.2312018871307373,-0.7312018871307373,attack,No
3330,0,0,0.015906393111335862,-4.453889846801758,-0.328889936208725,attack,No
3331,0,0,0.025957357951306048,-3.998771905899048,-0.37377193570137024,attack,No
3332,0,0,0.16451645880021026,-2.046684741973877,-0.42168471217155457,attack,No
3333,0,0,0.22270013882530884,-1.743077039718628,-0.49307703971862793,attack,No
3334,0,0,0.10669059962643358,-2.6148006916046143,-0.48980075120925903,attack,No
3335,0,0,0.02297737057907019,-4.120126247406006,-0.37012627720832825,attack,No
3336,0,0,0.09534946232842245,-2.5098788738250732,-0.25987884402275085,attack,No
3337,0,0,0.037326887344129464,-3.805784225463867,-0.5557842254638672,attack,No
3338,0,0,0.009708475908421797,-4.948102951049805,-0.3231028914451599,attack,No
3339,0,0,0.37754066879814546,-1.3288609981536865,-0.8288609981536865,attack,No
3340,0,0,0.4073334000459302,-1.3734841346740723,-0.9984841346740723,attack,No
3341,0,0,0.3775406547908327,-1.3288898468017578,-0.828889787197113,attack,No
3342,0,0,0.0850990438468576,-2.5548031330108643,-0.17980311810970306,attack,No
3343,0,1,0.8175744761936437,-0.4570024013519287,-1.9570024013519287,attack,Yes
3344,0,0,0.014063624357222927,-4.407297611236572,-0.15729741752147675,attack,No
3345,0,0,0.07585818211049715,-2.8311386108398438,-0.33113864064216614,attack,No
3346,0,1,0.754914975839675,-0.8015604615211487,-1.926560401916504,attack,Yes
3347,0,0,0.0953494648991095,-2.506970167160034,-0.2569701671600342,attack,No
3348,0,1,0.7057850402140659,-0.655601441860199,-1.5306015014648438,attack,Yes
3349,0,0,0.06754668738548215,-3.005063533782959,-0.3800634741783142,attack,No
3350,0,0,0.46879062662624377,-1.0493756532669067,-0.9243756532669067,attack,No
3351,0,0,0.0075772408196442265,-5.458745956420898,-0.5837458968162537,attack,no
3352,0,0,0.18242551491653522,-2.070065498352051,-0.570065438747406,attack,No
3353,0,0,0.033085978388704126,-3.927365779876709,-0.552365779876709,attack,No
3354,0,0,0.18242552380635632,-2.074155807495117,-0.5741558074951172,attack,No
3355,0,1,0.6791786861878392,-0.6101608872413635,-1.3601608276367188,attack,Yes
3356,0,1,0.5312093882168609,-0.9061760306358337,-1.0311760902404785,attack,Yes
3357,0,0,0.3208212878370535,-1.7037460803985596,-0.9537460207939148,attack,No
3358,0,0,0.32082130082460697,-1.3993932008743286,-0.6493932008743286,attack,No
3359,0,0,0.08509904036636974,-2.739347457885742,-0.3643473982810974,attack,No
3360,0,1,0.8807970842359877,-0.38889259099960327,-2.388892650604248,attack,Yes
3361,0,0,0.22270012850745968,-1.7660508155822754,-0.5160507559776306,attack,No
3362,0,0,0.02595735569077852,-3.8772640228271484,-0.25226396322250366,attack,No
3363,0,0,0.0474258704848281,-3.3281495571136475,-0.3281494975090027,attack,No
3364,0,1,0.8519528019683106,-0.5997824668884277,-2.3497824668884277,attack,Yes
3365,0,1,0.8175744761936437,-0.6087796688079834,-2.1087796688079834,attack,Yes
3366,0,0,0.2942149845400438,-1.7175791263580322,-0.842579185962677,attack,no
3367,0,0,0.22270013882530884,-1.9869496822357178,-0.7369496822357178,attack,No
3368,0,0,0.5,-0.9006516337394714,-0.9006516337394714,attack,No
3369,0,0,0.07585818837825822,-2.857346534729004,-0.35734665393829346,attack,No
3370,0,0,0.14804719051380197,-2.4136695861816406,-0.6636695265769958,attack,No
3371,0,0,0.14804718675485834,-2.109262228012085,-0.3592621386051178,attack,No
3372,0,0,0.01406362601015982,-4.465871810913086,-0.21587173640727997,attack,No
3373,0,0,0.08509903804604459,-2.6645619869232178,-0.2895618975162506,attack,No
3374,0,0,0.1645164792819756,-2.138731002807617,-0.5137311220169067,attack,No
3375,0,1,0.5312093733737563,-0.9883550405502319,-1.113355040550232,attack,Yes
3376,0,0,0.37754066879814546,-1.3176895380020142,-0.8176895380020142,attack,No
3377,0,0,0.13296424019782924,-2.388803720474243,-0.5138037204742432,attack,No
3378,0,1,0.5621765155565327,-0.847127377986908,-1.0971274375915527,attack,Yes
3379,0,0,0.0052201249197596335,-5.6036481857299805,-0.35364803671836853,attack,No
3380,0,0,0.053403329799824234,-3.3536293506622314,-0.47862935066223145,attack,No
3381,0,0,0.042087729117139754,-3.3930046558380127,-0.2680046856403351,attack,No
3382,0,0,0.18242553269617778,-1.9806485176086426,-0.48064857721328735,attack,No
3383,0,0,0.014063629109417006,-4.692012786865234,-0.4420129358768463,attack,No
3384,0,1,0.6791786861878392,-0.7079563736915588,-1.457956314086914,attack,Yes
3385,0,0,0.029312237535086605,-4.049398422241211,-0.54939866065979,attack,No
3386,0,1,0.5312093733737563,-1.1907029151916504,-1.3157029151916504,attack,Yes
3387,0,0,0.3775406547908327,-1.2056875228881836,-0.7056874632835388,attack,No
3388,0,0,0.03308598220236406,-3.6341891288757324,-0.259189248085022,attack,No
3389,0,1,0.5926665855647394,-0.6341179013252258,-1.009117841720581,attack,Yes
3390,0,0,0.10669059678604234,-2.485560417175293,-0.36056044697761536,attack,No
3391,0,0,0.025957353430251177,-4.077106475830078,-0.4521063268184662,attack,No
3392,0,0,0.012431653231446594,-4.613394260406494,-0.23839445412158966,attack,No
3393,0,0,0.34864513533394575,-1.5234373807907104,-0.8984373807907104,attack,No
3394,0,1,0.5621765008857981,-0.8938041925430298,-1.1438041925430298,attack,Yes
3395,0,0,0.4378234844434674,-1.008321762084961,-0.7583217024803162,attack,No
3396,0,1,0.8519528019683106,-0.4498167037963867,-2.1998167037963867,attack,Yes
3397,0,1,0.5621765008857981,-1.0788004398345947,-1.3288004398345947,attack,Yes
3398,0,0,0.09534945975773548,-2.9252512454986572,-0.6752511858940125,attack,no
3399,0,0,0.34864513533394575,-1.2617239952087402,-0.6367239952087402,attack,No
3400,0,0,0.5,-0.9023947715759277,-0.9023947715759277,attack,No
3401,0,0,0.29421497216298875,-1.5112872123718262,-0.6362872123718262,attack,No
3402,0,0,0.3208213138121609,-1.461441993713379,-0.7114420533180237,attack,No
3403,0,0,0.4073333856566001,-1.288557529449463,-0.9135574698448181,attack,No
3404,0,0,0.060086646807761206,-3.4935035705566406,-0.7435035109519958,attack,no
3405,0,0,0.2689414213699951,-1.5270603895187378,-0.5270603895187378,attack,No
3406,0,1,0.9046505402422645,-0.45526379346847534,-2.70526385307312,attack,Yes
3407,0,0,0.06754668550840877,-3.0384273529052734,-0.4134272634983063,attack,No
3408,0,0,0.04742587317756679,-3.2277560234069824,-0.22775602340698242,attack,No
3409,0,0,0.053403325280175794,-3.3114821910858154,-0.43648210167884827,attack,No
3410,0,0,0.10669060530721626,-2.511971950531006,-0.3869720697402954,attack,No
3411,0,1,0.6224593312018546,-0.6999591588973999,-1.1999591588974,attack,Yes
3412,0,0,0.06008665354025422,-3.2331457138061523,-0.4831457734107971,attack,No
3413,0,1,0.6224593312018546,-0.8216761350631714,-1.3216761350631714,attack,Yes
3414,0,0,0.029312227359491745,-4.04934549331665,-0.5493453741073608,attack,No
3415,0,0,0.06754669489377622,-2.9188265800476074,-0.2938266396522522,attack,No
3416,0,0,0.4073334000459302,-1.181813359260559,-0.8068133592605591,attack,No
3417,0,0,0.04208772431105632,-3.4181904792785645,-0.2931903898715973,attack,No
3418,0,0,0.32082130082460697,-1.3643440008163452,-0.6143440008163452,attack,No
3419,0,0,0.02297737057907019,-4.024919033050537,-0.2749190628528595,attack,No
3420,0,1,0.8519528057272543,-0.4199542701244354,-2.169954299926758,attack,Yes
3421,0,0,0.29421497216298875,-1.4304317235946655,-0.5554317235946655,attack,No
3422,0,0,0.025957355314023947,-3.852506399154663,-0.22750632464885712,attack,No
3423,0,1,0.7549149868676283,-0.6833773851394653,-1.8083773851394653,attack,Yes
3424,0,0,0.18242552380635632,-1.7805383205413818,-0.28053832054138184,attack,No
3425,0,0,0.4378234991142019,-1.2976101636886597,-1.0476101636886597,attack,No
3426,0,0,0.09534945718704857,-2.5719668865203857,-0.3219667971134186,attack,No
3427,0,0,0.06008665354025422,-3.3277838230133057,-0.5777838826179504,attack,No
3428,0,0,0.46879062662624377,-0.955650269985199,-0.830650269985199,attack,No
3429,0,0,0.2942149845400438,-1.764005184173584,-0.8890052437782288,attack,No
3430,0,0,0.13296424706933604,-2.1574203968048096,-0.28242045640945435,attack,No
3431,0,1,0.7772998611746911,-0.48143792152404785,-1.7314379215240479,attack,Yes
3432,0,1,0.9579122732859019,-0.47574397921562195,-3.6007440090179443,attack,Yes
3433,0,0,0.2689414272294874,-1.4380062818527222,-0.43800631165504456,attack,No
3434,0,0,0.01243164957258405,-4.567752361297607,-0.19275225698947906,attack,No
3435,0,0,0.06754668738548215,-3.0763442516326904,-0.45134419202804565,attack,No
3436,0,0,0.2689414213699951,-1.505360722541809,-0.5053607225418091,attack,No
3437,0,0,0.07585818419975078,-3.0071330070495605,-0.5071330666542053,attack,No
3438,0,1,0.8519528019683106,-0.36460232734680176,-2.1146023273468018,attack,Yes
3439,0,0,0.11920290950590741,-2.547947883605957,-0.5479477643966675,attack,No
3440,0,1,0.7981867777396212,-0.5590026378631592,-1.9340026378631592,attack,Yes
3441,0,0,0.18242552380635632,-1.9521551132202148,-0.45215511322021484,attack,No
3442,0,0,0.047425871831197425,-3.2993946075439453,-0.2993945777416229,attack,No
3443,0,0,0.3208212878370535,-1.567734956741333,-0.8177348971366882,attack,No
3444,0,1,0.6224593171945417,-0.6120279431343079,-1.112027883529663,attack,Yes
3445,0,0,0.46879062662624377,-1.050155758857727,-0.925155758857727,attack,No
3446,0,0,0.10669059394565118,-2.6119377613067627,-0.4869377613067627,attack,No
3447,0,1,0.7981867825403176,-0.36868593096733093,-1.7436859607696533,attack,Yes
3448,0,1,0.6224593312018546,-0.8213106393814087,-1.3213106393814087,attack,Yes
3449,0,0,0.22270014914315833,-1.872135877609253,-0.6221359372138977,attack,No
3450,0,0,0.010986941011398892,-4.736674785614014,-0.23667463660240173,attack,No
3451,0,0,0.020332355123551627,-4.207937717437744,-0.3329378068447113,attack,No
3452,0,0,0.5,-0.9405933618545532,-0.9405933618545532,attack,No
3453,0,1,0.7981867777396212,-0.5427863597869873,-1.9177863597869873,attack,Yes
3454,0,1,0.8175744806385543,-0.350706547498703,-1.8507065773010254,attack,Yes
3455,0,1,0.5926666143433998,-0.777009904384613,-1.1520099639892578,attack,Yes
3456,0,0,0.20181322226037882,-2.049168825149536,-0.6741688251495361,attack,No
3457,0,0,0.025957363225871038,-4.1721906661987305,-0.5471909046173096,attack,No
3458,0,0,0.025957357951306048,-3.8119633197784424,-0.18696334958076477,attack,No
3459,0,0,0.13296423676207594,-2.236241102218628,-0.36124107241630554,attack,No
3460,0,1,0.7981867873410141,-0.5166789889335632,-1.891679048538208,attack,Yes
3461,0,1,0.9149009642742806,-0.5618919134140015,-2.936892032623291,attack,Yes
3462,0,0,0.24508501313237172,-1.7308690547943115,-0.6058690547943115,attack,No
3463,0,0,0.40733341443526055,-1.249535083770752,-0.8745351433753967,attack,No
3464,0,0,0.20181323186177208,-1.8662214279174805,-0.49122148752212524,attack,No
3465,0,0,0.1645164628965632,-2.023960590362549,-0.39896059036254883,attack,No
3466,0,0,0.02297737225168171,-3.998234748840332,-0.2482348531484604,attack,No
3467,0,0,0.01243165140201519,-4.548044204711914,-0.17304424941539764,attack,No
3468,0,0,0.0675466911396291,-3.0756001472473145,-0.45060014724731445,attack,No
3469,0,0,0.16451647108926923,-2.1423754692077637,-0.5173755288124084,attack,No
3470,0,0,0.06008665354025422,-3.3766794204711914,-0.6266794800758362,attack,No
3471,0,0,0.34864513533394575,-1.4114211797714233,-0.7864211797714233,attack,No
3472,0,0,0.06754669489377622,-2.854238510131836,-0.2292385697364807,attack,No
3473,0,0,0.2018132174596823,-1.7981672286987305,-0.4231671988964081,attack,No
3474,0,1,0.7981867777396212,-0.5168604850769043,-1.8918604850769043,attack,Yes
3475,0,0,0.07585817584273653,-2.828298568725586,-0.32829850912094116,attack,No
3476,0,0,0.09534947518185825,-2.6571688652038574,-0.407168984413147,attack,No
3477,0,0,0.042087731520181665,-3.5134942531585693,-0.3884943425655365,attack,No
3478,0,0,0.07585818002124356,-2.9612388610839844,-0.4612388610839844,attack,No
3479,0,0,0.1480471980316895,-2.2760732173919678,-0.5260732173919678,attack,No
3480,0,1,0.5621765008857981,-0.8948513269424438,-1.1448513269424438,attack,Yes
3481,0,0,0.020332358091706755,-4.075384140014648,-0.20038437843322754,attack,No
3482,0,0,0.37754066879814546,-1.1877144575119019,-0.6877144575119019,attack,No
3483,0,0,0.18242552380635632,-1.9223861694335938,-0.42238616943359375,attack,No
3484,0,0,0.11920293140927592,-2.3016107082366943,-0.3016107976436615,attack,No
3485,0,0,0.46879062662624377,-0.9986119270324707,-0.8736119270324707,attack,No
3486,0,0,0.1645164792819756,-2.1382694244384766,-0.5132695436477661,attack,No
3487,0,0,0.18242551936144574,-1.8749724626541138,-0.3749724328517914,attack,No
3488,0,0,0.2942149597859341,-1.5177092552185059,-0.6427091956138611,attack,No
3489,0,0,0.13296422989056964,-2.238102436065674,-0.36310234665870667,attack,No
3490,0,0,0.0159063898457867,-4.662687301635742,-0.5376871824264526,attack,No
3491,0,0,0.5,-0.9146714210510254,-0.9146714210510254,attack,No
3492,0,0,0.16451645470385742,-2.2107224464416504,-0.5857223868370056,attack,No
3493,0,0,0.3486451217982255,-1.2800712585449219,-0.6550711989402771,attack,No
3494,0,0,0.0850990357257195,-2.6880974769592285,-0.31309735774993896,attack,No
3495,0,0,0.4378234991142019,-1.3985658884048462,-1.1485658884048462,attack,No
3496,0,0,0.29421497216298875,-1.7042678594589233,-0.8292678594589233,attack,No
3497,0,1,0.8175744673038221,-0.5607574582099915,-2.0607573986053467,attack,Yes
3498,0,0,0.020332355123551627,-4.176231861114502,-0.3012319505214691,attack,No
3499,0,1,0.5621765008857981,-1.0109772682189941,-1.2609772682189941,attack,Yes
3500,0,0,0.053403329799824234,-3.1780338287353516,-0.30303382873535156,attack,No
3501,0,0,0.07585818002124356,-2.7582857608795166,-0.2582857608795166,attack,No
3502,0,0,0.16451644651115205,-2.142777442932129,-0.5177773237228394,attack,No
3503,0,0,0.017986207330143424,-4.161199569702148,-0.1611994206905365,attack,No
3504,0,0,0.14804718675485834,-2.2424638271331787,-0.49246373772621155,attack,No
3505,0,1,0.8354835371034369,-0.4080655574798584,-2.0330655574798584,attack,Yes
3506,0,0,0.11920291576401235,-2.301642417907715,-0.30164235830307007,attack,No
3507,0,0,0.053403329799824234,-3.2722079753875732,-0.39720797538757324,attack,No
3508,0,1,0.7549149868676283,-0.4924948215484619,-1.617494821548462,attack,Yes
3509,0,0,0.14804720179063335,-2.180541515350342,-0.4305415451526642,attack,No
3510,0,0,0.5,-1.0334031581878662,-1.0334031581878662,attack,No
3511,0,0,0.04742587385075148,-3.2489869594573975,-0.24898697435855865,attack,No
3512,0,1,0.8519527869325346,-0.7144004106521606,-2.464400291442871,attack,Yes
3513,0,1,0.7057850154599563,-0.726589024066925,-1.6015889644622803,attack,Yes
3514,0,1,0.5312093733737563,-1.0326642990112305,-1.1576642990112305,attack,Yes
3515,0,0,0.1645164792819756,-2.142604351043701,-0.5176044702529907,attack,No
3516,0,0,0.16451647108926923,-2.2647457122802734,-0.6397457718849182,attack,No
3517,0,0,0.007577241267860811,-5.135181427001953,-0.2601814270019531,attack,No
3518,0,0,0.46879062662624377,-0.8918007016181946,-0.7668007016181946,attack,No
3519,0,0,0.042087723109535534,-3.4474081993103027,-0.3224080801010132,attack,No
3520,0,0,0.004609572316116922,-5.808354377746582,-0.4333544075489044,attack,No
3521,0,0,0.047425867792089564,-3.674875259399414,-0.6748751401901245,attack,No
3522,0,1,0.6513548646660542,-0.8284872770309448,-1.4534872770309448,attack,Yes
3523,0,1,0.7549149868676283,-0.695946216583252,-1.820946216583252,attack,Yes
3524,0,0,0.46879062662624377,-1.0090752840042114,-0.8840752840042114,attack,No
3525,0,0,0.02931223159932252,-3.809694528579712,-0.3096945583820343,attack,No
3526,0,0,0.07585817793199003,-2.918295383453369,-0.41829535365104675,attack,No
3527,0,0,0.04208773031866069,-3.391815423965454,-0.2668154835700989,attack,No
3528,0,0,0.5,-1.0512306690216064,-1.0512306690216064,attack,No
3529,0,1,0.880797081106935,-0.4884319007396698,-2.488431930541992,attack,Yes
3530,0,0,0.20181322226037882,-2.096099376678467,-0.7210993766784668,attack,No
3531,0,1,0.7981867729389246,-0.45983460545539856,-1.8348345756530762,attack,Yes
3532,0,0,0.2689414096510108,-1.7519874572753906,-0.7519873976707458,attack,No
3533,0,0,0.07585818211049715,-2.801215171813965,-0.30121520161628723,attack,No
3534,0,0,0.18242552380635632,-1.9450085163116455,-0.4450085163116455,attack,No
3535,0,1,0.798186768138228,-0.6348126530647278,-2.009812593460083,attack,Yes
3536,0,0,0.10669059962643358,-2.542881727218628,-0.4178817868232727,attack,No
3537,0,1,0.6513548646660542,-0.738937258720398,-1.363937258720398,attack,Yes
3538,0,1,0.7310585786300049,-0.5590137243270874,-1.5590137243270874,attack,Yes
3539,0,0,0.09534947518185825,-2.508881092071533,-0.25888121128082275,attack,No
3540,0,1,0.8670357735451834,-0.5055187940597534,-2.380518913269043,attack,Yes
3541,0,1,0.7057850402140659,-0.8596095442771912,-1.734609603881836,attack,Yes
3542,0,0,0.025957357951306048,-3.9631221294403076,-0.33812215924263,attack,No
3543,0,0,0.017986212067650338,-4.299160003662109,-0.2991601228713989,attack,No
3544,0,1,0.754914997895581,-0.6962465643882751,-1.82124662399292,attack,Yes
3545,0,0,0.3486451217982255,-1.4117867946624756,-0.7867867350578308,attack,No
3546,0,0,0.0159063879797589,-4.254365921020508,-0.1293656826019287,attack,No
3547,0,1,0.8670357666736773,-0.4064757227897644,-2.281475782394409,attack,Yes
3548,0,0,0.04742587654349034,-3.2273731231689453,-0.22737319767475128,attack,No
3549,0,0,0.005911068681121534,-5.258279323577881,-0.13327929377555847,attack,No
3550,0,1,0.754914975839675,-0.8374231457710266,-1.9624230861663818,attack,Yes
3551,0,0,0.11920292515117029,-2.431565284729004,-0.4315653145313263,attack,No
3552,0,0,0.02297736522671412,-4.054008483886719,-0.30400827527046204,attack,No
3553,0,0,0.10669060530721626,-2.5770301818847656,-0.4520303010940552,attack,No
3554,0,0,0.014063626836628337,-4.407195568084717,-0.1571955531835556,attack,No
3555,0,0,0.01406362456384003,-4.736634731292725,-0.4866345524787903,attack,No
3556,0,1,0.6224593171945417,-0.8597338795661926,-1.3597338199615479,attack,Yes
3557,0,0,0.46879062662624377,-1.0602236986160278,-0.9352236986160278,attack,No
3558,0,0,0.009708477914104884,-4.948004722595215,-0.3230048716068268,attack,No
3559,0,0,0.5,-0.981857419013977,-0.981857419013977,attack,No
3560,0,0,0.46879062662624377,-0.9510349035263062,-0.8260349035263062,attack,No
3561,0,0,0.34864513533394575,-1.239758014678955,-0.6147580146789551,attack,No
3562,0,0,0.14804719051380197,-2.130662202835083,-0.38066214323043823,attack,No
3563,0,0,0.10669059678604234,-2.5459489822387695,-0.4209490120410919,attack,No
3564,0,0,0.24508502416032488,-1.736382246017456,-0.6113823056221008,attack,No
3565,0,1,0.7772998663336157,-0.4692685306072235,-1.719268560409546,attack,Yes
3566,0,1,0.7772998714925403,-0.6636874079704285,-1.9136874675750732,attack,Yes
3567,0,0,0.06754669489377622,-2.944469928741455,-0.31946998834609985,attack,No
3568,0,0,0.18242550602671442,-2.0691275596618652,-0.5691274404525757,attack,No
3569,0,0,0.2018132270610754,-1.7740298509597778,-0.3990298807621002,attack,No
3570,0,0,0.18242552825126704,-1.840090274810791,-0.3400903046131134,attack,No
3571,0,0,0.24508501313237172,-1.5977509021759033,-0.4727509021759033,attack,No
3572,0,0,0.0850990519679964,-2.8075246810913086,-0.43252477049827576,attack,No
3573,0,1,0.6513548646660542,-0.5884166955947876,-1.2134166955947876,attack,Yes
3574,0,1,0.6224593312018546,-0.7558175325393677,-1.2558175325393677,attack,Yes
3575,0,0,0.09534945975773548,-2.6932213306427,-0.4432212710380554,attack,No
3576,0,0,0.060086648490884395,-2.989954948425293,-0.23995491862297058,attack,No
3577,0,1,0.7310585786300049,-0.7602999210357666,-1.7602999210357666,attack,Yes
3578,0,1,0.7310585669110203,-0.550093948841095,-1.5500938892364502,attack,Yes
3579,0,1,0.7981867777396212,-0.7252519130706787,-2.1002519130706787,attack,Yes
3580,0,0,0.4378234991142019,-0.970632791519165,-0.720632791519165,attack,No
3581,0,0,0.053403325280175794,-3.1296489238739014,-0.2546488344669342,attack,No
3582,0,0,0.24508501313237172,-1.7667651176452637,-0.6417651176452637,attack,No
3583,0,1,0.7310585903489892,-0.6288461089134216,-1.6288461685180664,attack,Yes
3584,0,0,0.11920292202211755,-2.4025418758392334,-0.4025418758392334,attack,No
3585,0,0,0.18242552380635632,-2.0703306198120117,-0.5703306198120117,attack,No
3586,0,1,0.924141817889503,-0.30854275822639465,-2.8085427284240723,attack,Yes
3587,0,1,0.6513548782017746,-0.9175695776939392,-1.542569637298584,attack,Yes
3588,0,0,0.10669059394565118,-2.3974814414978027,-0.27248144149780273,attack,No
3589,0,0,0.008577487061048297,-4.901831150054932,-0.15183134377002716,attack,No
3590,0,0,0.24508501313237172,-1.6459881067276,-0.5209881067276001,attack,No
3591,0,0,0.09534946232842245,-2.5982472896575928,-0.3482472598552704,attack,No
3592,0,1,0.7772998611746911,-0.5447001457214355,-1.7947001457214355,attack,Yes
3593,0,0,0.007577239923211134,-5.406063079833984,-0.53106290102005,attack,no
3594,0,0,0.37754066879814546,-1.2124266624450684,-0.7124266624450684,attack,No
3595,0,0,0.18242552825126704,-1.9685472249984741,-0.4685472548007965,attack,No
3596,0,0,0.01798620838292263,-4.445993423461914,-0.4459933340549469,attack,No
3597,0,0,0.5,-0.9147429466247559,-0.9147429466247559,attack,No
3598,0,0,0.5,-1.1124608516693115,-1.1124608516693115,attack,No
3599,0,0,0.14804719051380197,-2.2854325771331787,-0.5354325175285339,attack,No
3600,0,0,0.37754066879814546,-1.2126693725585938,-0.7126693725585938,attack,No
3601,0,0,0.029312233295254994,-3.7548043727874756,-0.25480446219444275,attack,No
3602,0,0,0.006692851518667466,-5.393463611602783,-0.39346370100975037,attack,No
3603,0,0,0.04208772791561884,-3.636953592300415,-0.511953592300415,attack,No
3604,0,0,0.22270013882530884,-1.9051098823547363,-0.6551098823547363,attack,No
3605,0,1,0.7310585786300049,-0.6894094944000244,-1.6894094944000244,attack,Yes
3606,0,0,0.16451645880021026,-1.9628843069076538,-0.3378842771053314,attack,No
3607,0,0,0.02931223244728875,-3.915456533432007,-0.4154565930366516,attack,No
3608,0,1,0.7057850278370112,-0.7670645713806152,-1.6420645713806152,attack,Yes
3609,0,0,0.46879062662624377,-1.0376906394958496,-0.9126906394958496,attack,No
3610,0,0,0.1329642333263228,-2.239048480987549,-0.36404842138290405,attack,No
3611,0,0,0.29421497216298875,-1.5046356916427612,-0.6296356916427612,attack,No
3612,0,0,0.06754668363133542,-3.0383195877075195,-0.41331946849823,attack,No
3613,0,0,0.08509904268669496,-2.6883249282836914,-0.313324898481369,attack,No
3614,0,0,0.015906392644828796,-4.771583080291748,-0.6465831398963928,attack,No
3615,0,0,0.24508501313237172,-1.5982898473739624,-0.4732898473739624,attack,No
3616,0,0,0.04742587587030561,-3.392537832260132,-0.3925378918647766,attack,No
3617,0,0,0.03308598172565655,-3.6091766357421875,-0.23417674005031586,attack,No
3618,0,0,0.16451645470385742,-2.1798219680786133,-0.5548219084739685,attack,No
3619,0,0,0.007577239923211134,-5.575243949890137,-0.7002437710762024,attack,no
3620,0,0,0.32082130082460697,-1.6250373125076294,-0.8750373125076294,attack,No
3621,0,1,0.8175744673038221,-0.6991732716560364,-2.1991732120513916,attack,Yes
3622,0,0,0.16451647108926923,-2.104456901550293,-0.47945696115493774,attack,No
3623,0,0,0.053403325280175794,-3.1790425777435303,-0.3040424883365631,attack,No
3624,0,0,0.04742587856304458,-3.175827980041504,-0.17582809925079346,attack,No
3625,0,0,0.0474258704848281,-3.328200101852417,-0.3282000422477722,attack,No
3626,0,0,0.01798621259404007,-4.330844402313232,-0.33084455132484436,attack,No
3627,0,0,0.40733341443526055,-1.1119368076324463,-0.7369368672370911,attack,No
3628,0,0,0.09534946104307897,-2.4912075996398926,-0.241207554936409,attack,No
3629,0,0,0.05340333130637379,-3.1806509494781494,-0.3056509792804718,attack,No
3630,0,1,0.9525741227833249,-0.360050767660141,-3.360050678253174,attack,Yes
3631,0,1,0.6513548646660542,-0.6805070638656616,-1.3055070638656616,attack,Yes
3632,0,0,0.13296424706933604,-2.289412021636963,-0.41441208124160767,attack,No
3633,0,1,0.8670357735451834,-0.35404956340789795,-2.2290496826171875,attack,Yes
3634,0,1,0.8175744850834649,-0.6896747946739197,-2.1896748542785645,attack,Yes
3635,0,0,0.37754066879814546,-1.354858160018921,-0.8548581600189209,attack,No
3636,0,0,0.11920292515117029,-2.3502371311187744,-0.3502371609210968,attack,No
3637,0,0,0.09534947261117097,-2.6252949237823486,-0.3752950131893158,attack,No
3638,0,0,0.0675466911396291,-3.115039825439453,-0.4900398254394531,attack,No
3639,0,0,0.22270013882530884,-1.8300471305847168,-0.5800471305847168,attack,No
3640,0,0,0.025957359835079137,-3.831474781036377,-0.2064748853445053,attack,No
3641,0,0,0.13296424019782924,-2.3240668773651123,-0.4490668773651123,attack,No
3642,0,0,0.04208772431105632,-3.5528764724731445,-0.42787638306617737,attack,No
3643,0,0,0.06754668738548215,-3.0380477905273438,-0.413047730922699,attack,No
3644,0,0,0.06008664596619963,-2.990818500518799,-0.24081842601299286,attack,No
3645,0,0,0.20181322226037882,-1.7009668350219727,-0.32596683502197266,attack,No
3646,0,0,0.09534947518185825,-2.5726537704467773,-0.3226538896560669,attack,No
3647,0,1,0.8354835371034369,-0.5773108005523682,-2.202310800552368,attack,Yes
3648,0,0,0.13296425050508953,-2.3576371669769287,-0.4826372563838959,attack,No
3649,0,0,0.5,-1.0580806732177734,-1.0580806732177734,attack,No
3650,0,0,0.46879062662624377,-1.0298175811767578,-0.9048175811767578,attack,No
3651,0,0,0.014063628696182679,-4.6925578117370605,-0.4425579309463501,attack,No
3652,0,0,0.06008665017400762,-3.1534464359283447,-0.4034464359283447,attack,No
3653,0,0,0.0600866518571309,-3.0359671115875244,-0.2859671413898468,attack,No
3654,0,0,0.13296425050508953,-2.2615978717803955,-0.38659796118736267,attack,No
3655,0,0,0.03308597648187432,-3.633436441421509,-0.258436381816864,attack,No
3656,0,0,0.3486451217982255,-1.412449598312378,-0.7874495387077332,attack,No
3657,0,0,0.4378234991142019,-1.139571189880371,-0.8895711898803711,attack,No
3658,0,0,0.4073334000459302,-1.287056803703308,-0.9120568037033081,attack,No
3659,0,1,0.6224593312018546,-0.7552838325500488,-1.2552838325500488,attack,Yes
3660,0,0,0.08509903804604459,-2.7731940746307373,-0.39819398522377014,attack,No
3661,0,0,0.02033235096813516,-4.208740234375,-0.33374011516571045,attack,No
3662,0,1,0.6513548782017746,-0.7075833678245544,-1.3325834274291992,attack,Yes
3663,0,0,0.4378234991142019,-1.1881746053695679,-0.9381746053695679,attack,No
3664,0,0,0.03308598220236406,-3.9282236099243164,-0.553223729133606,attack,No
3665,0,0,0.01243164829198241,-4.821378707885742,-0.4463784992694855,attack,no
3666,0,0,0.02297737258620403,-4.1602654457092285,-0.41026556491851807,attack,No
3667,0,0,0.11920292515117029,-2.4080963134765625,-0.4080963432788849,attack,No
3668,0,0,0.02595736021183377,-3.8309807777404785,-0.20598089694976807,attack,No
3669,0,1,0.6513548646660542,-0.7961854934692383,-1.4211854934692383,attack,Yes
3670,0,0,0.04208773031866069,-3.417863130569458,-0.2928631901741028,attack,No
3671,0,0,0.037326887344129464,-3.539158821105957,-0.28915882110595703,attack,No
3672,0,0,0.4378234991142019,-1.1882469654083252,-0.9382469654083252,attack,No
3673,0,0,0.020332356310813628,-4.176270008087158,-0.30127015709877014,attack,No
3674,0,0,0.10669059962643358,-2.485780715942383,-0.3607807755470276,attack,No
3675,0,0,0.34864513533394575,-1.4393692016601562,-0.8143692016601562,attack,No
3676,0,0,0.32082130082460697,-1.3307671546936035,-0.5807671546936035,attack,No
3677,0,0,0.03308597505175204,-3.536076545715332,-0.16107644140720367,attack,No
3678,0,0,0.32082130082460697,-1.4964667558670044,-0.7464667558670044,attack,No
3679,0,1,0.7772998611746911,-0.6956748962402344,-1.9456748962402344,attack,Yes
3680,0,0,0.0953494648991095,-2.7693569660186768,-0.5193569660186768,attack,No
3681,0,0,0.04208772791561884,-3.4490251541137695,-0.32402515411376953,attack,No
3682,0,0,0.18242553269617778,-2.0043187141418457,-0.5043187737464905,attack,No
3683,0,0,0.22270014398423357,-1.694899320602417,-0.4448993504047394,attack,No
3684,0,1,0.6224593312018546,-0.8218567371368408,-1.3218567371368408,attack,Yes
3685,0,1,0.6224593312018546,-0.7870761156082153,-1.2870761156082153,attack,Yes
3686,0,0,0.07585818419975078,-2.8539011478424072,-0.353901207447052,attack,No
3687,0,0,0.09534945718704857,-2.6908628940582275,-0.4408628046512604,attack,No
3688,0,0,0.46879062662624377,-1.2753019332885742,-1.1503019332885742,attack,No
3689,0,0,0.1645164628965632,-1.9037798643112183,-0.27877986431121826,attack,No
3690,0,1,0.679178699175393,-0.7444674968719482,-1.4944674968719482,attack,Yes
3691,0,0,0.3208212878370535,-1.427703857421875,-0.6777037978172302,attack,No
3692,0,1,0.5312093733737563,-1.00881028175354,-1.13381028175354,attack,Yes
3693,0,0,0.11920290950590741,-2.5062508583068848,-0.5062507390975952,attack,No
3694,0,0,0.24508501313237172,-1.8959920406341553,-0.7709920406341553,attack,No
3695,0,0,0.11920293453832885,-2.402632713317871,-0.40263283252716064,attack,No
3696,0,0,0.1192029188930649,-2.4002604484558105,-0.40026041865348816,attack,No
3697,0,0,0.03308597981882656,-3.551633834838867,-0.17663387954235077,attack,No
3698,0,0,0.24508501313237172,-1.70515775680542,-0.5801577568054199,attack,No
3699,0,1,0.7310585786300049,-0.8727614879608154,-1.8727614879608154,attack,Yes
3700,0,0,0.060086656906500974,-3.090895175933838,-0.34089529514312744,attack,No
3701,0,0,0.32082130082460697,-1.4881047010421753,-0.7381047010421753,attack,No
3702,0,1,0.679178699175393,-0.5583270788192749,-1.308327078819275,attack,Yes
3703,0,0,0.2942149597859341,-1.4878268241882324,-0.6128267645835876,attack,No
3704,0,0,0.037326884131416216,-3.467803716659546,-0.21780362725257874,attack,No
3705,0,1,0.6513548646660542,-0.8291007280349731,-1.4541007280349731,attack,Yes
3706,0,0,0.06754668550840877,-2.896095037460327,-0.27109494805336,attack,No
3707,0,0,0.1329642436335826,-2.213040351867676,-0.33804038166999817,attack,No
3708,0,0,0.46879062662624377,-1.068906545639038,-0.9439065456390381,attack,No
3709,0,0,0.06754669301670263,-3.0379722118377686,-0.41297224164009094,attack,No
3710,0,1,0.8175744673038221,-0.46261101961135864,-1.9626109600067139,attack,Yes
3711,0,0,0.4378235137849365,-1.108879804611206,-0.8588798642158508,attack,No
3712,0,0,0.11920291576401235,-2.3737971782684326,-0.37379711866378784,attack,No
3713,0,1,0.679178699175393,-0.6191164255142212,-1.3691164255142212,attack,Yes
3714,0,0,0.07585818002124356,-3.042538642883301,-0.5425386428833008,attack,No
3715,0,0,0.24508501313237172,-1.7372404336929321,-0.6122404336929321,attack,No
3716,0,0,0.16451646699291617,-2.0009334087371826,-0.375933438539505,attack,No
3717,0,0,0.20181322226037882,-1.9348620176315308,-0.5598620176315308,attack,No
3718,0,0,0.008577487187766488,-4.938859462738037,-0.18885967135429382,attack,No
3719,0,0,0.08509903920620716,-2.589163303375244,-0.21416322886943817,attack,No
3720,0,1,0.7772998611746911,-0.5451693534851074,-1.7951693534851074,attack,Yes
3721,0,0,0.4378235137849365,-1.0783178806304932,-0.8283179402351379,attack,No
3722,0,0,0.18242552380635632,-2.1145780086517334,-0.6145780086517334,attack,No
3723,0,1,0.9046505376715775,-0.2628624141216278,-2.51286244392395,attack,Yes
3724,0,1,0.8519527944504226,-0.4764595627784729,-2.226459503173828,attack,Yes
3725,0,0,0.24508500210441886,-1.8492522239685059,-0.7242521643638611,attack,No
3726,0,0,0.11920292828022305,-2.284620523452759,-0.28462058305740356,attack,No
3727,0,0,0.06754668926255561,-2.8963370323181152,-0.27133700251579285,attack,No
3728,0,0,0.04208772671409796,-3.3925211429595947,-0.26752111315727234,attack,No
3729,0,0,0.0953494648991095,-2.9099955558776855,-0.6599955558776855,attack,No
3730,0,0,0.24508501313237172,-1.8876985311508179,-0.7626985311508179,attack,No
3731,0,0,0.006692851122412387,-5.259029865264893,-0.25902989506721497,attack,No
3732,0,0,0.07585817793199003,-2.887129783630371,-0.3871297538280487,attack,No
3733,0,0,0.24508501313237172,-1.6743770837783813,-0.5493770837783813,attack,No
3734,0,0,0.03732689109229525,-3.4896080493927,-0.23960815370082855,attack,No
3735,0,1,0.8670357701094303,-0.37495890259742737,-2.2499589920043945,attack,Yes
3736,0,0,0.06754668738548215,-3.1137120723724365,-0.48871201276779175,attack,No
3737,0,0,0.24508502416032488,-1.6728713512420654,-0.5478714108467102,attack,No
3738,0,0,0.04742587654349034,-3.228369951248169,-0.22837002575397491,attack,No
3739,0,0,0.4378234991142019,-1.1518068313598633,-0.9018068313598633,attack,No
3740,0,0,0.042087729717900216,-3.3682634830474854,-0.24326352775096893,attack,No
3741,0,0,0.11920292515117029,-2.399845600128174,-0.3998456299304962,attack,No
3742,0,0,0.24508500210441886,-1.7034413814544678,-0.578441321849823,attack,No
3743,0,0,0.03308597934211908,-3.659250020980835,-0.28425005078315735,attack,No
3744,0,0,0.5,-1.034896969795227,-1.034896969795227,attack,No
3745,0,0,0.022977371582637088,-3.900639772415161,-0.1506398469209671,attack,No
3746,0,0,0.01798621259404007,-4.270504951477051,-0.2705051004886627,attack,No
3747,0,0,0.5,-1.0353424549102783,-1.0353424549102783,attack,No
3748,0,0,0.18242550602671442,-2.037522792816162,-0.5375226736068726,attack,No
3749,0,0,0.029312229903390143,-3.8099143505096436,-0.30991432070732117,attack,No
3750,0,1,0.7549149868676283,-0.7534488439559937,-1.8784488439559937,attack,Yes
3751,0,1,0.9046505351008906,-0.3834800720214844,-2.6334800720214844,attack,Yes
3752,0,0,0.007577239923211134,-5.311417579650879,-0.4364174008369446,attack,No
3753,0,0,0.14804721306746543,-2.2127346992492676,-0.46273481845855713,attack,No
3754,0,0,0.2942149845400438,-1.4547226428985596,-0.5797227025032043,attack,No
3755,0,0,0.22270013366638422,-1.7139878273010254,-0.463987797498703,attack,No
3756,0,0,0.03732689109229525,-3.430450439453125,-0.18045054376125336,attack,No
3757,0,1,0.6513548782017746,-0.8541087508201599,-1.4791088104248047,attack,Yes
3758,0,1,0.6513548782017746,-0.6007351279258728,-1.2257351875305176,attack,Yes
3759,0,0,0.02931222820745785,-3.631070375442505,-0.13107028603553772,attack,No
3760,0,1,0.8519527869325346,-0.6456629037857056,-2.395662784576416,attack,Yes
3761,0,0,0.16451645470385742,-2.1420645713806152,-0.5170645117759705,attack,No
3762,0,0,0.004609572179374208,-6.012258052825928,-0.6372580528259277,attack,no
3763,0,0,0.1192029188930649,-2.37143874168396,-0.3714387118816376,attack,No
3764,0,1,0.8175744806385543,-0.4354110658168793,-1.9354110956192017,attack,Yes
3765,0,0,0.1480472055495773,-2.318842887878418,-0.5688429474830627,attack,No
3766,0,0,0.1480471829959148,-2.2495551109313965,-0.49955499172210693,attack,No
3767,0,1,0.7057850278370112,-0.8920437097549438,-1.7670437097549438,attack,Yes
3768,0,0,0.18242553269617778,-2.1473283767700195,-0.6473284363746643,attack,No
3769,0,0,0.08509904036636974,-2.622981548309326,-0.2479814887046814,attack,No
3770,0,1,0.6224593312018546,-0.8780859708786011,-1.378085970878601,attack,Yes
3771,0,1,0.7310585786300049,-0.6292657852172852,-1.6292657852172852,attack,Yes
3772,0,0,0.20181322226037882,-1.8204270601272583,-0.4454270601272583,attack,No
3773,0,1,0.6513548646660542,-0.6296782493591309,-1.2546782493591309,attack,Yes
3774,0,0,0.02033234889042724,-4.1208930015563965,-0.24589277803897858,attack,No
3775,0,0,0.34864513533394575,-1.2567241191864014,-0.6317241191864014,attack,No
3776,0,1,0.6224593312018546,-0.7868238687515259,-1.2868238687515259,attack,Yes
3777,0,0,0.4378234991142019,-1.1736162900924683,-0.9236162900924683,attack,No
3778,0,0,0.01406362952265135,-4.6502203941345215,-0.4002205729484558,attack,No
3779,0,0,0.060086656906500974,-3.0347557067871094,-0.2847558259963989,attack,No
3780,0,1,0.7057850278370112,-0.5383293628692627,-1.4133293628692627,attack,Yes
3781,0,0,0.3775406828054583,-1.240525722503662,-0.7405257821083069,attack,No
3782,0,1,0.5926666143433998,-0.892471969127655,-1.2674720287322998,attack,Yes
3783,0,0,0.4073334000459302,-1.2490270137786865,-0.8740270137786865,attack,No
3784,0,0,0.08509904500702024,-3.04213285446167,-0.6671328544616699,attack,no
3785,0,0,0.4378234991142019,-1.0980569124221802,-0.8480569124221802,attack,No
3786,0,0,0.46879062662624377,-1.1169981956481934,-0.9919981956481934,attack,No
3787,0,0,0.04208772671409796,-3.4197640419006348,-0.2947640120983124,attack,No
3788,0,0,0.04208773272170267,-3.281503200531006,-0.1565033197402954,attack,No
3789,0,0,0.2689414213699951,-1.550971508026123,-0.550971508026123,attack,No
3790,0,0,0.0373268852023206,-3.467247247695923,-0.21724718809127808,attack,No
3791,0,0,0.04742587587030561,-3.2288429737091064,-0.22884303331375122,attack,No
3792,0,0,0.042087731520181665,-3.328749418258667,-0.20374950766563416,attack,No
3793,0,1,0.5621765155565327,-0.9306136965751648,-1.1806137561798096,attack,Yes
3794,0,0,0.22270012850745968,-1.6940829753875732,-0.44408291578292847,attack,No
3795,0,0,0.32082130082460697,-1.7275125980377197,-0.9775125980377197,attack,No
3796,0,0,0.04742587788985982,-3.1632628440856934,-0.16326294839382172,attack,No
3797,0,0,0.06754669583231304,-2.8366458415985107,-0.2116459161043167,attack,No
3798,0,1,0.8519527869325346,-0.5246220827102661,-2.2746219635009766,attack,Yes
3799,0,0,0.025957352676742106,-4.122379302978516,-0.4973791241645813,attack,No
3800,0,1,0.9046505402422645,-0.24519747495651245,-2.4951975345611572,attack,Yes
3801,0,1,0.754914975839675,-0.6439338326454163,-1.7689337730407715,attack,Yes
3802,0,0,0.3486451488696663,-1.2567765712738037,-0.6317766308784485,attack,No
3803,0,0,0.047425867792089564,-3.2732949256896973,-0.2732948064804077,attack,No
3804,0,0,0.18242552380635632,-2.1589016914367676,-0.6589016914367676,attack,No
3805,0,0,0.18242550602671442,-2.1142468452453613,-0.6142467260360718,attack,No
3806,0,0,0.1329642264548166,-2.2921624183654785,-0.41716229915618896,attack,No
3807,0,0,0.3486451488696663,-1.2937018871307373,-0.6687019467353821,attack,No
3808,0,1,0.9324533135530545,-0.13284318149089813,-2.757843255996704,attack,Yes
3809,0,0,0.5,-0.954405665397644,-0.954405665397644,attack,No
3810,0,0,0.042087731520181665,-3.511716842651367,-0.38671693205833435,attack,No
3811,0,1,0.5621764862150634,-0.8938677906990051,-1.1438677310943604,attack,Yes
3812,0,0,0.03308598029553404,-3.6338300704956055,-0.25883013010025024,attack,No
3813,0,0,0.07585818628900447,-2.756582498550415,-0.2565825879573822,attack,No
3814,0,0,0.037326884131416216,-3.5400290489196777,-0.29002895951271057,attack,No
3815,0,0,0.4378234844434674,-1.2279798984527588,-0.977979838848114,attack,No
3816,0,0,0.4073334000459302,-1.287420392036438,-0.912420392036438,attack,No
3817,0,1,0.5926665999540697,-1.127198338508606,-1.502198338508606,attack,Yes
3818,0,0,0.04208773272170267,-3.638925552368164,-0.5139256715774536,attack,No
3819,0,0,0.5,-0.9695965647697449,-0.9695965647697449,attack,No
3820,0,0,0.16451645470385742,-1.9612412452697754,-0.3362411856651306,attack,No
3821,0,1,0.7310585669110203,-0.5580978989601135,-1.5580978393554688,attack,Yes
3822,0,0,0.16451646699291617,-1.9156018495559692,-0.2906018793582916,attack,No
3823,0,0,0.2689414330889798,-1.5575439929962158,-0.5575440526008606,attack,No
3824,0,0,0.007577241716077422,-5.196106910705566,-0.3211069703102112,attack,No
3825,0,1,0.7057850278370112,-0.6359127759933472,-1.5109127759933472,attack,Yes
3826,0,1,0.8670357460591569,-0.5450512170791626,-2.420051097869873,attack,Yes
3827,0,0,0.2689414213699951,-1.677448034286499,-0.677448034286499,attack,No
3828,0,0,0.20181324146316565,-2.1029739379882812,-0.7279740571975708,attack,No
3829,0,0,0.017986213120429816,-4.648271560668945,-0.6482717394828796,attack,No
3830,0,0,0.2689414213699951,-1.8470669984817505,-0.8470669984817505,attack,No
3831,0,1,0.893309411735131,-0.2749781012535095,-2.3999781608581543,attack,Yes
3832,0,0,0.07585817793199003,-2.826796531677246,-0.3267965018749237,attack,No
3833,0,0,0.2689414330889798,-1.4686996936798096,-0.46869975328445435,attack,No
3834,0,0,0.06754669489377622,-3.3153440952301025,-0.6903441548347473,attack,No
3835,0,1,0.9046505351008906,-0.28188490867614746,-2.5318849086761475,attack,Yes
3836,0,1,0.5621765008857981,-0.8604000806808472,-1.1104000806808472,attack,Yes
3837,0,0,0.07585818628900447,-2.7205657958984375,-0.22056588530540466,attack,No
3838,0,0,0.2942149845400438,-1.465876817703247,-0.5908768773078918,attack,No
3839,0,0,0.24508500210441886,-1.668402910232544,-0.5434028506278992,attack,No
3840,0,1,0.7772998714925403,-0.5769907832145691,-1.8269908428192139,attack,Yes
3841,0,0,0.2018132270610754,-1.8432321548461914,-0.4682321846485138,attack,No
3842,0,0,0.10669058826486906,-2.398017644882202,-0.2730175852775574,attack,No
3843,0,0,0.5,-0.8601731061935425,-0.8601731061935425,attack,No
3844,0,1,0.6224593312018546,-0.768729567527771,-1.268729567527771,attack,Yes
3845,0,0,0.4378234991142019,-1.1883726119995117,-0.9383726119995117,attack,No
3846,0,0,0.08509904036636974,-2.7751617431640625,-0.4001616835594177,attack,No
3847,0,1,0.7057850278370112,-0.9473273754119873,-1.8223273754119873,attack,Yes
3848,0,0,0.0059110692064883365,-5.383004188537598,-0.25800424814224243,attack,No
3849,0,0,0.0675466911396291,-2.893263339996338,-0.2682633399963379,attack,No
3850,0,0,0.09534945975773548,-2.6584315299987793,-0.4084314703941345,attack,No
3851,0,0,0.042087729117139754,-3.512629508972168,-0.38762953877449036,attack,No
3852,0,0,0.04742587721667508,-3.3000714778900146,-0.3000715672969818,attack,No
3853,0,0,0.060086648490884395,-2.971343994140625,-0.2213439643383026,attack,No
3854,0,0,0.37754066879814546,-1.2613880634307861,-0.7613880634307861,attack,No
3855,0,0,0.07585818419975078,-2.828312873840332,-0.3283129334449768,attack,No
3856,0,1,0.6224593452091672,-0.8595022559165955,-1.3595023155212402,attack,Yes
3857,0,1,0.7310585786300049,-0.5870925188064575,-1.5870925188064575,attack,Yes
3858,0,0,0.0758581737534831,-2.9226603507995605,-0.4226602613925934,attack,No
3859,0,0,0.20181323186177208,-2.012270927429199,-0.637270987033844,attack,No
3860,0,0,0.11920291263495983,-2.303194046020508,-0.30319395661354065,attack,No
3861,0,0,0.06754668363133542,-3.2078003883361816,-0.5828002691268921,attack,No
3862,0,0,0.34864513533394575,-1.3766629695892334,-0.7516629695892334,attack,No
3863,0,1,0.5621764862150634,-0.8185237050056458,-1.068523645401001,attack,Yes
3864,0,1,0.7981867873410141,-0.5589269995689392,-1.933927059173584,attack,Yes
3865,0,0,0.22270013882530884,-1.7699716091156006,-0.5199716091156006,attack,No
3866,0,0,0.08509904500702024,-2.845285177230835,-0.47028517723083496,attack,No
3867,0,1,0.7549149868676283,-0.8029245138168335,-1.9279245138168335,attack,Yes
3868,0,0,0.3775406547908327,-1.1216275691986084,-0.6216275095939636,attack,No
3869,0,0,0.03308597648187432,-3.634202003479004,-0.25920194387435913,attack,No
3870,0,0,0.10669059962643358,-2.3789615631103516,-0.25396162271499634,attack,No
3871,0,1,0.8175744761936437,-0.4688560962677002,-1.9688560962677002,attack,Yes
3872,0,0,0.3486451217982255,-1.202930212020874,-0.5779301524162292,attack,No
3873,0,0,0.24508500210441886,-1.727278709411621,-0.6022786498069763,attack,No
3874,0,0,0.22270013882530884,-1.8989908695220947,-0.6489908695220947,attack,No
3875,0,0,0.22270013882530884,-1.7709171772003174,-0.5209171772003174,attack,No
3876,0,0,0.18242553269617778,-2.033299446105957,-0.5332995057106018,attack,No
3877,0,0,0.3486451488696663,-1.4018843173980713,-0.7768843770027161,attack,No
3878,0,1,0.754914975839675,-0.6674123406410217,-1.792412281036377,attack,Yes
3879,0,0,0.1645164628965632,-2.1747636795043945,-0.5497636795043945,attack,No
3880,0,1,0.5312093882168609,-0.9351474642753601,-1.0601475238800049,attack,Yes
3881,0,0,0.014063629935885703,-4.545595645904541,-0.29559585452079773,attack,No
3882,0,1,0.6513548511303336,-0.6436317563056946,-1.2686316967010498,attack,Yes
3883,0,0,0.04208773272170267,-3.5156984329223633,-0.39069855213165283,attack,No
3884,0,1,0.5312093733737563,-0.969650387763977,-1.094650387763977,attack,Yes
3885,0,0,0.4073334000459302,-1.2140651941299438,-0.8390651941299438,attack,No
3886,0,0,0.1066905911052601,-2.6152451038360596,-0.4902450740337372,attack,No
3887,0,1,0.5621765008857981,-1.1295932531356812,-1.3795932531356812,attack,Yes
3888,0,1,0.5621765008857981,-0.7398958206176758,-0.9898958206176758,attack,Yes
3889,0,0,0.01590639217832175,-4.453949451446533,-0.3289494812488556,attack,No
3890,0,1,0.7772998714925403,-0.46357935667037964,-1.7135794162750244,attack,Yes
3891,0,0,0.11920293453832885,-2.745738983154297,-0.7457391023635864,attack,no
3892,0,1,0.7772998611746911,-0.5155817270278931,-1.765581727027893,attack,Yes
3893,0,0,0.02595735682104226,-3.793926954269409,-0.16892693936824799,attack,No
3894,0,1,0.7310585669110203,-0.6894641518592834,-1.6894640922546387,attack,Yes
3895,0,0,0.02297736991002561,-3.9989402294158936,-0.24894022941589355,attack,No
3896,0,0,0.07585818628900447,-2.7599730491638184,-0.2599731385707855,attack,No
3897,0,1,0.7310585903489892,-0.6661328673362732,-1.666132926940918,attack,Yes
3898,0,0,0.18242552380635632,-1.9163265228271484,-0.41632652282714844,attack,No
3899,0,0,0.13296425394084313,-2.3238730430603027,-0.4488731622695923,attack,No
3900,0,0,0.09534947004048376,-2.6931185722351074,-0.4431186318397522,attack,No
3901,0,0,0.3486451217982255,-1.4400253295898438,-0.815025269985199,attack,No
3902,0,1,0.6224593452091672,-0.6775404810905457,-1.1775405406951904,attack,Yes
3903,0,0,0.014063623737371644,-4.4071550369262695,-0.15715479850769043,attack,No
3904,0,0,0.1329642333263228,-2.3914542198181152,-0.5164541602134705,attack,No
3905,0,0,0.1645164628965632,-2.1456403732299805,-0.5206403732299805,attack,No
3906,0,0,0.1480471980316895,-2.208108425140381,-0.45810842514038086,attack,No
3907,0,0,0.2689414096510108,-1.5845081806182861,-0.5845081210136414,attack,No
3908,0,0,0.07585817584273653,-2.757211923599243,-0.2572118639945984,attack,No
3909,0,1,0.6791787121629466,-0.6372837424278259,-1.3872838020324707,attack,Yes
3910,0,0,0.08509904500702024,-2.773172378540039,-0.39817237854003906,attack,No
3911,0,1,0.9046505325302034,-0.4893801510334015,-2.739380121231079,attack,Yes
3912,0,0,0.01798620838292263,-4.365292549133301,-0.3652924597263336,attack,No
3913,0,0,0.005911068505999277,-5.706709384918213,-0.5817093253135681,attack,No
3914,0,1,0.7549149868676283,-0.6554714441299438,-1.7804714441299438,attack,Yes
3915,0,0,0.1480472055495773,-2.32004714012146,-0.5700471997261047,attack,No
3916,0,0,0.10669058826486906,-2.438716173171997,-0.3137161135673523,attack,No
3917,0,1,0.6224593312018546,-0.8062609434127808,-1.3062609434127808,attack,Yes
3918,0,1,0.6224593171945417,-0.687502920627594,-1.1875028610229492,attack,Yes
3919,0,1,0.6224593452091672,-0.6542970538139343,-1.154297113418579,attack,Yes
3920,0,1,0.8175744761936437,-0.46233975887298584,-1.9623397588729858,attack,Yes
3921,0,0,0.02595735945832451,-3.9030301570892334,-0.27803024649620056,attack,No
3922,0,1,0.6513548646660542,-0.7076144218444824,-1.3326144218444824,attack,Yes
3923,0,0,0.24508501313237172,-1.6517244577407837,-0.5267244577407837,attack,No
3924,0,0,0.20181323186177208,-1.8707642555236816,-0.4957643151283264,attack,No
3925,0,1,0.6224593452091672,-0.7136809229850769,-1.2136809825897217,attack,Yes
3926,0,0,0.07585817793199003,-2.778315305709839,-0.2783152759075165,attack,No
3927,0,0,0.04742587452393617,-3.3272383213043213,-0.3272383511066437,attack,No
3928,0,0,0.01590639031229368,-4.489047527313232,-0.36404743790626526,attack,No
3929,0,1,0.5621765155565327,-0.8933884501457214,-1.1433885097503662,attack,Yes
3930,0,0,0.40733341443526055,-1.2778737545013428,-0.9028738141059875,attack,No
3931,0,0,0.1645164628965632,-2.1049692630767822,-0.4799692630767822,attack,No
3932,0,1,0.6224593312018546,-0.9209336042404175,-1.4209336042404175,attack,Yes
3933,0,0,0.008577485413711986,-4.872016429901123,-0.12201642990112305,attack,No
3934,0,1,0.6224593171945417,-0.712738573551178,-1.2127385139465332,attack,Yes
3935,0,0,0.16451645880021026,-2.0001916885375977,-0.37519165873527527,attack,No
3936,0,0,0.08509904500702024,-2.924006223678589,-0.5490062236785889,attack,No
3937,0,0,0.24508501313237172,-1.6258008480072021,-0.5008008480072021,attack,No
3938,0,0,0.0850990519679964,-2.843745708465576,-0.46874579787254333,attack,No
3939,0,1,0.8354835289107309,-0.6201511025428772,-2.2451510429382324,attack,Yes
3940,0,1,0.7772998508568416,-0.5025144219398499,-1.752514362335205,attack,Yes
3941,0,0,0.29421497216298875,-1.4604555368423462,-0.5854555368423462,attack,No
3942,0,0,0.03308597648187432,-3.877673864364624,-0.5026738047599792,attack,No
3943,0,0,0.047425871831197425,-3.3602004051208496,-0.3602003753185272,attack,No
3944,0,1,0.7310585669110203,-0.5252602696418762,-1.5252602100372314,attack,Yes
3945,0,0,0.32082130082460697,-1.3051528930664062,-0.5551528930664062,attack,No
3946,0,1,0.7549149868676283,-0.8361914157867432,-1.9611914157867432,attack,Yes
3947,0,0,0.5,-0.913451075553894,-0.913451075553894,attack,No
3948,0,0,0.4378234991142019,-1.1402696371078491,-0.8902696371078491,attack,No
3949,0,0,0.005911067455265844,-5.823308944702148,-0.6983087062835693,attack,no
3950,0,0,0.04742587250438209,-3.191208600997925,-0.1912085860967636,attack,No
3951,0,0,0.022977370244547896,-3.933229446411133,-0.183229461312294,attack,No
3952,0,0,0.010986940201801838,-4.736854553222656,-0.23685432970523834,attack,No
3953,0,0,0.13296424019782924,-2.388125419616699,-0.5131254196166992,attack,No
3954,0,0,0.02033235452992065,-4.176574230194092,-0.3015742897987366,attack,No
3955,0,1,0.5621765008857981,-1.0529993772506714,-1.3029993772506714,attack,Yes
3956,0,0,0.5,-1.1134265661239624,-1.1134265661239624,attack,No
3957,0,0,0.1329642333263228,-2.5911288261413574,-0.7161287665367126,attack,no
3958,0,0,0.06008665522337757,-3.03433895111084,-0.284339040517807,attack,No
3959,0,0,0.1066905854244781,-2.464747667312622,-0.3397475779056549,attack,No
3960,0,1,0.7981867777396212,-0.5171260833740234,-1.8921260833740234,attack,Yes
3961,0,1,0.8670357666736773,-0.40194863080978394,-2.2769486904144287,attack,Yes
3962,0,1,0.5312093882168609,-0.9060236811637878,-1.0310237407684326,attack,Yes
3963,0,0,0.18242552825126704,-1.8939054012298584,-0.3939054310321808,attack,No
3964,0,0,0.09534947004048376,-2.527524709701538,-0.27752476930618286,attack,No
3965,0,0,0.5,-1.3105965852737427,-1.3105965852737427,attack,no
3966,0,0,0.029312233295254994,-3.810443639755249,-0.3104437291622162,attack,No
3967,0,0,0.16451647108926923,-2.0812320709228516,-0.45623213052749634,attack,No
3968,0,1,0.7772998714925403,-0.5879194140434265,-1.8379194736480713,attack,Yes
3969,0,1,0.7057850402140659,-0.726707398891449,-1.6017074584960938,attack,Yes
3970,0,0,0.01590638961253321,-4.284499645233154,-0.15949951112270355,attack,No
3971,0,0,0.2689414096510108,-1.6717355251312256,-0.6717354655265808,attack,No
3972,0,0,0.5,-1.2369996309280396,-1.2369996309280396,attack,No
3973,0,1,0.8175744850834649,-0.6888548731803894,-2.188854932785034,attack,Yes
3974,0,0,0.06008665017400762,-3.2775778770446777,-0.5275778770446777,attack,No
3975,0,1,0.89330940889474,-0.46394678950309753,-2.58894681930542,attack,Yes
3976,0,0,0.1480471829959148,-2.1119651794433594,-0.3619650602340698,attack,No
3977,0,0,0.025957356444287677,-3.812434434890747,-0.18743440508842468,attack,No
3978,0,1,0.8807970779778823,-0.5635015964508057,-2.5635015964508057,attack,Yes
3979,0,0,0.009708474762317362,-5.062840461730957,-0.4378402829170227,attack,No
3980,0,1,0.7772998611746911,-0.5693017244338989,-1.819301724433899,attack,Yes
3981,0,0,0.01798620785653302,-4.2194623947143555,-0.21946227550506592,attack,No
3982,0,0,0.02931222947940706,-3.691082000732422,-0.1910819560289383,attack,No
3983,0,0,0.29421497216298875,-1.6176193952560425,-0.7426193952560425,attack,No
3984,0,1,0.8807970873650403,-0.3584112226963043,-2.3584113121032715,attack,Yes
3985,0,1,0.798186768138228,-0.5951634049415588,-1.970163345336914,attack,Yes
3986,0,0,0.037326884666868405,-3.4680733680725098,-0.2180732935667038,attack,No
3987,0,0,0.06754668738548215,-3.0367445945739746,-0.41174453496932983,attack,No
3988,0,1,0.6513548782017746,-0.6788319945335388,-1.3038320541381836,attack,Yes
3989,0,1,0.6224593171945417,-0.8585780262947083,-1.3585779666900635,attack,Yes
3990,0,0,0.16451645880021026,-1.979529619216919,-0.35452958941459656,attack,No
3991,0,1,0.893309411735131,-0.639013946056366,-2.7640140056610107,attack,Yes
3992,0,0,0.16451645880021026,-2.0523810386657715,-0.4273810088634491,attack,No
3993,0,1,0.6791787121629466,-0.5770217776298523,-1.327021837234497,attack,Yes
3994,0,0,0.0179862133836247,-4.16121768951416,-0.16121788322925568,attack,No
3995,0,0,0.042087725512577126,-3.5914759635925293,-0.4664759039878845,attack,No
3996,0,0,0.18242551491653522,-2.0289955139160156,-0.5289954543113708,attack,No
3997,0,0,0.07585818628900447,-2.9977190494537354,-0.4977191388607025,attack,No
3998,0,0,0.14804719051380197,-2.4701526165008545,-0.7201525568962097,attack,No
3999,0,0,0.0953494648991095,-2.5474231243133545,-0.2974231243133545,attack,No
4000,0,0,0.16451647108926923,-1.9769494533538818,-0.3519495129585266,attack,No
4001,0,0,0.4378234991142019,-1.2825621366500854,-1.0325621366500854,attack,No
4002,0,0,0.1066905911052601,-2.5123143196105957,-0.3873142898082733,attack,No
4003,0,0,0.22270014914315833,-1.7648348808288574,-0.5148349404335022,attack,No
4004,0,0,0.46879062662624377,-1.1405653953552246,-1.0155653953552246,attack,No
4005,0,1,0.8354835289107309,-0.7695861458778381,-2.3945860862731934,attack,Yes
4006,0,0,0.13296425050508953,-2.1580371856689453,-0.2830372750759125,attack,No
4007,0,0,0.13296424706933604,-2.3236920833587646,-0.4486921429634094,attack,No
4008,0,0,0.22270013366638422,-1.613405466079712,-0.3634054362773895,attack,No
4009,0,1,0.8807970842359877,-0.2874831557273865,-2.2874832153320312,attack,Yes
4010,0,0,0.24508502416032488,-1.8952817916870117,-0.7702818512916565,attack,No
4011,0,0,0.1329642333263228,-2.392303943634033,-0.5173038840293884,attack,No
4012,0,0,0.13296424706933604,-2.5673763751983643,-0.692376434803009,attack,No
4013,0,0,0.24508502416032488,-1.7371671199798584,-0.6121671795845032,attack,No
4014,0,0,0.34864513533394575,-1.2799153327941895,-0.6549153327941895,attack,No
4015,0,0,0.02297736857193652,-3.99869704246521,-0.24869698286056519,attack,No
4016,0,0,0.20181321265898594,-2.0959935188293457,-0.7209934592247009,attack,No
4017,0,0,0.46879062662624377,-1.0256211757659912,-0.9006211757659912,attack,No
4018,0,0,0.3486451217982255,-1.3360567092895508,-0.711056649684906,attack,No
4019,0,1,0.8670357701094303,-0.43124309182167053,-2.3062431812286377,attack,Yes
4020,0,0,0.01798620890931226,-4.537838935852051,-0.537838876247406,attack,No
4021,0,1,0.6513548646660542,-0.9676821231842041,-1.592682123184204,attack,Yes
4022,0,1,0.5621765008857981,-1.0079081058502197,-1.2579081058502197,attack,Yes
4023,0,0,0.46879062662624377,-1.0670205354690552,-0.9420205354690552,attack,No
4024,0,0,0.037326887344129464,-3.634993553161621,-0.3849935531616211,attack,No
4025,0,0,0.053403333566198224,-3.043194055557251,-0.16819413006305695,attack,No
4026,0,1,0.6513548782017746,-0.7399093508720398,-1.3649094104766846,attack,Yes
4027,0,1,0.7981867729389246,-0.35561004281044006,-1.7306100130081177,attack,Yes
4028,0,0,0.0953494648991095,-2.7261953353881836,-0.4761953353881836,attack,No
4029,0,0,0.13296424706933604,-2.2638607025146484,-0.3888607621192932,attack,No
4030,0,1,0.679178699175393,-0.6531935930252075,-1.4031935930252075,attack,Yes
4031,0,0,0.015906388912772775,-4.488924503326416,-0.3639243245124817,attack,No
4032,0,0,0.2689414096510108,-1.5734014511108398,-0.5734013915061951,attack,No
4033,0,0,0.07585818733363135,-2.6931371688842773,-0.1931372731924057,attack,No
4034,0,0,0.3486451488696663,-1.3433735370635986,-0.7183735966682434,attack,No
4035,0,0,0.3208213138121609,-1.5261023044586182,-0.7761023640632629,attack,No
4036,0,0,0.11920293140927592,-2.4311141967773438,-0.4311142861843109,attack,No
4037,0,1,0.754914997895581,-0.5442373156547546,-1.6692373752593994,attack,Yes
4038,0,0,0.08509904964767095,-2.6409993171691895,-0.26599937677383423,attack,No
4039,0,0,0.4378234991142019,-0.9604477286338806,-0.7104477286338806,attack,No
4040,0,0,0.012431649206697853,-4.589416027069092,-0.21441589295864105,attack,No
4041,0,1,0.5312093733737563,-0.9694453477859497,-1.0944453477859497,attack,Yes
4042,0,0,0.08509904268669496,-2.6228034496307373,-0.24780341982841492,attack,No
4043,0,0,0.22270012850745968,-1.7174382209777832,-0.4674381613731384,attack,No
4044,0,0,0.05340333055309901,-3.1090433597564697,-0.23404337465763092,attack,No
4045,0,1,0.5312093733737563,-0.9217019081115723,-1.0467019081115723,attack,Yes
4046,0,0,0.07585817584273653,-2.757002592086792,-0.2570025324821472,attack,No
4047,0,0,0.07585817166422973,-3.000305652618408,-0.5003055334091187,attack,No
4048,0,0,0.24508501313237172,-1.7365211248397827,-0.6115211248397827,attack,No
4049,0,1,0.6224593452091672,-0.859904944896698,-1.3599050045013428,attack,Yes
4050,0,0,0.22270014398423357,-1.742794394493103,-0.4927944242954254,attack,No
4051,0,0,0.13296425394084313,-2.391721248626709,-0.5167213678359985,attack,No
4052,0,0,0.04208772491181671,-3.347829818725586,-0.22282974421977997,attack,No
4053,0,0,0.06754669020109236,-2.855210065841675,-0.2302100509405136,attack,No
4054,0,1,0.679178699175393,-0.5999773740768433,-1.3499773740768433,attack,Yes
4055,0,0,0.08509904036636974,-2.6451497077941895,-0.2701496481895447,attack,No
4056,0,1,0.7310585669110203,-0.6298814415931702,-1.6298813819885254,attack,Yes
4057,0,0,0.10669059678604234,-2.4590179920196533,-0.3340180218219757,attack,No
4058,0,0,0.11920293140927592,-2.286254405975342,-0.28625449538230896,attack,No
4059,0,0,0.04208772791561884,-3.5510523319244385,-0.4260523319244385,attack,No
4060,0,0,0.5,-0.8599950075149536,-0.8599950075149536,attack,No
4061,0,0,0.24508501313237172,-1.5426515340805054,-0.41765153408050537,attack,No
4062,0,0,0.01098694392594878,-4.9842352867126465,-0.48423540592193604,attack,No
4063,0,0,0.5,-0.8408240675926208,-0.8408240675926208,attack,No
4064,0,0,0.3775406828054583,-1.1875896453857422,-0.687589704990387,attack,No
4065,0,0,0.07585817584273653,-2.828599452972412,-0.32859939336776733,attack,No
4066,0,1,0.7310585786300049,-0.6510142087936401,-1.6510142087936401,attack,Yes
4067,0,0,0.13296424019782924,-2.1747000217437744,-0.2997000217437744,attack,No
4068,0,0,0.20181322226037882,-1.8928192853927612,-0.5178192853927612,attack,No
4069,0,0,0.24508501313237172,-1.6458903551101685,-0.5208903551101685,attack,No
4070,0,0,0.13296424706933604,-2.323552370071411,-0.4485524296760559,attack,No
4071,0,0,0.1480471980316895,-2.281559944152832,-0.531559944152832,attack,No
4072,0,0,0.4073334000459302,-1.182604193687439,-0.807604193687439,attack,No
4073,0,0,0.025957358704815272,-3.9028706550598145,-0.27787071466445923,attack,No
4074,0,0,0.13296423676207594,-2.2613131999969482,-0.38631317019462585,attack,No
4075,0,0,0.16451647108926923,-2.1043827533721924,-0.47938281297683716,attack,No
4076,0,1,0.9399133531922388,-0.31752675771713257,-3.0675268173217773,attack,Yes
4077,0,0,0.07585818419975078,-2.8041369915008545,-0.30413705110549927,attack,No
4078,0,0,0.22270013882530884,-1.7434815168380737,-0.49348151683807373,attack,No
4079,0,0,0.29421497216298875,-1.6261358261108398,-0.7511358261108398,attack,No
4080,0,0,0.5,-1.0721380710601807,-1.0721380710601807,attack,No
4081,0,0,0.5,-0.8902876973152161,-0.8902876973152161,attack,No
4082,0,0,0.32082130082460697,-1.526366114616394,-0.776366114616394,attack,No
4083,0,0,0.022977371248114782,-3.9533281326293945,-0.2033281922340393,attack,No
4084,0,0,0.5,-0.9015938639640808,-0.9015938639640808,attack,No
4085,0,0,0.5,-0.9691725969314575,-0.9691725969314575,attack,No
4086,0,0,0.14804720179063335,-2.1075210571289062,-0.35752108693122864,attack,No
4087,0,0,0.3208213138121609,-1.2711102962493896,-0.5211103558540344,attack,No
4088,0,1,0.5926665999540697,-0.7062928676605225,-1.0812928676605225,attack,Yes
4089,0,1,0.9399133531922388,-0.41211360692977905,-3.162113666534424,attack,Yes
4090,0,1,0.7310585786300049,-0.6889338493347168,-1.6889338493347168,attack,Yes
4091,0,0,0.060086646807761206,-3.281435012817383,-0.531434953212738,attack,No
4092,0,1,0.6513548782017746,-0.7213165163993835,-1.3463165760040283,attack,Yes
4093,0,0,0.46879062662624377,-0.8920153975486755,-0.7670153975486755,attack,No
4094,0,1,0.6513548782017746,-0.8533284068107605,-1.4783284664154053,attack,Yes
4095,0,0,0.22270014914315833,-1.7391481399536133,-0.48914819955825806,attack,No
4096,0,0,0.01406362497707424,-4.516242980957031,-0.2662428319454193,attack,No
4097,0,1,0.5926665999540697,-0.776897668838501,-1.151897668838501,attack,Yes
4098,0,1,0.679178699175393,-0.7442382574081421,-1.494238257408142,attack,Yes
4099,0,1,0.7772998611746911,-0.6536743640899658,-1.9036743640899658,attack,Yes
4100,0,0,0.32082130082460697,-1.3718088865280151,-0.6218088865280151,attack,No
4101,0,1,0.7549149868676283,-0.8022023439407349,-1.9272023439407349,attack,Yes
4102,0,0,0.02931222905542399,-3.956268787384033,-0.4562687277793884,attack,No
4103,0,0,0.16451645880021026,-1.8935271501541138,-0.2685271203517914,attack,No
4104,0,0,0.46879062662624377,-0.9001902937889099,-0.7751902937889099,attack,No
4105,0,0,0.008577486680893736,-5.010924816131592,-0.26092496514320374,attack,No
4106,0,0,0.4378234991142019,-1.0285813808441162,-0.7785813808441162,attack,No
4107,0,0,0.07585818419975078,-3.2002406120300293,-0.7002406716346741,attack,no
4108,0,0,0.08509904964767095,-2.8869259357452393,-0.511925995349884,attack,No
4109,0,0,0.11920290950590741,-2.3244681358337402,-0.3244680166244507,attack,No
4110,0,0,0.4073334000459302,-1.3590084314346313,-0.9840084314346313,attack,No
4111,0,0,0.020332352749027827,-4.038857460021973,-0.16385743021965027,attack,No
4112,0,0,0.033085981248949035,-3.6895992755889893,-0.3145993649959564,attack,No
4113,0,1,0.7057850278370112,-0.5068858861923218,-1.3818858861923218,attack,Yes
4114,0,1,0.867035752930664,-0.6264181733131409,-2.501418113708496,attack,Yes
4115,0,0,0.24508500210441886,-1.7738924026489258,-0.648892343044281,attack,No
4116,0,0,0.11920291576401235,-2.4019980430603027,-0.40199798345565796,attack,No
4117,0,0,0.34864513533394575,-1.4495213031768799,-0.8245213031768799,attack,No
4118,0,1,0.9149009596336303,-0.2510971426963806,-2.6260972023010254,attack,Yes
4119,0,0,0.07585818628900447,-2.7573156356811523,-0.2573157250881195,attack,No
4120,0,0,0.07585818837825822,-2.828277111053467,-0.32827723026275635,attack,No
4121,0,0,0.13296424706933604,-2.434628963470459,-0.5596290230751038,attack,No
4122,0,0,0.2689414330889798,-1.5314326286315918,-0.5314326882362366,attack,No
4123,0,1,0.6513548782017746,-0.7970454096794128,-1.4220454692840576,attack,Yes
4124,0,0,0.18242551491653522,-1.9453067779541016,-0.4453067183494568,attack,No
4125,0,0,0.03732688627322502,-3.5393388271331787,-0.2893387973308563,attack,No
4126,0,0,0.24508502416032488,-1.6463418006896973,-0.521341860294342,attack,No
4127,0,0,0.07585818211049715,-2.921143054962158,-0.4211430847644806,attack,No
4128,0,1,0.8354835207180245,-0.620158314704895,-2.2451581954956055,attack,Yes
4129,0,0,0.04208772791561884,-3.447995901107788,-0.3229959011077881,attack,No
4130,0,1,0.5926665999540697,-0.7923445701599121,-1.167344570159912,attack,Yes
4131,0,1,0.8519527869325346,-0.5999013185501099,-2.3499011993408203,attack,Yes
4132,0,1,0.7981867777396212,-0.4812570810317993,-1.8562570810317993,attack,Yes
4133,0,0,0.1329642333263228,-2.395246744155884,-0.520246684551239,attack,No
4134,0,0,0.017986210488481234,-4.269917964935303,-0.2699179947376251,attack,No
4135,0,0,0.5,-0.999627411365509,-0.999627411365509,attack,No
4136,0,1,0.7549149868676283,-0.5524705648422241,-1.6774705648422241,attack,Yes
4137,0,0,0.1480472055495773,-2.2820420265197754,-0.5320420861244202,attack,No
4138,0,1,0.7549149868676283,-0.517107367515564,-1.642107367515564,attack,Yes
4139,0,1,0.8519528019683106,-0.5926010608673096,-2.3426010608673096,attack,Yes
4140,0,0,0.37754066879814546,-1.1259232759475708,-0.6259232759475708,attack,No
4141,0,0,0.08509903804604459,-2.57597279548645,-0.20097270607948303,attack,No
4142,0,0,0.18242550602671442,-2.0334625244140625,-0.533462405204773,attack,No
4143,0,1,0.7549149868676283,-0.8545526266098022,-1.9795526266098022,attack,Yes
4144,0,0,0.0953494648991095,-2.550549030303955,-0.3005490303039551,attack,No
4145,0,0,0.46879062662624377,-1.126649260520935,-1.001649260520935,attack,No
4146,0,0,0.025957352676742106,-4.077603340148926,-0.45260316133499146,attack,No
4147,0,0,0.29421497216298875,-1.5184053182601929,-0.6434053182601929,attack,No
4148,0,0,0.3775406547908327,-1.2521114349365234,-0.7521113753318787,attack,No
4149,0,1,0.6791786861878392,-0.7543297410011292,-1.5043296813964844,attack,Yes
4150,0,0,0.20181322226037882,-1.8970732688903809,-0.5220732688903809,attack,No
4151,0,0,0.11920292828022305,-2.682204484939575,-0.68220454454422,attack,No
4152,0,1,0.7057850278370112,-0.7029933929443359,-1.577993392944336,attack,Yes
4153,0,0,0.08509904964767095,-2.8840291500091553,-0.5090292096138,attack,No
4154,0,1,0.5312093733737563,-1.0315625667572021,-1.1565625667572021,attack,Yes
4155,0,0,0.20181322226037882,-2.012077808380127,-0.637077808380127,attack,No
4156,0,0,0.32082130082460697,-1.461086392402649,-0.7110863924026489,attack,No
4157,0,0,0.4378234844434674,-1.0619945526123047,-0.8119944930076599,attack,No
4158,0,0,0.014063628696182679,-4.838534355163574,-0.5885344743728638,attack,No
4159,0,0,0.46879062662624377,-0.973331868648529,-0.848331868648529,attack,No
4160,0,0,0.3775406547908327,-1.139704704284668,-0.6397046446800232,attack,No
4161,0,1,0.8175744850834649,-0.6002878546714783,-2.100287914276123,attack,Yes
4162,0,0,0.5,-0.9821188449859619,-0.9821188449859619,attack,No
4163,0,0,0.18242552380635632,-1.9689126014709473,-0.46891260147094727,attack,No
4164,0,0,0.13296424706933604,-2.215545654296875,-0.3405457139015198,attack,No
4165,0,0,0.4073333856566001,-1.275296926498413,-0.9002968668937683,attack,No
4166,0,1,0.8175744761936437,-0.643143892288208,-2.143143892288208,attack,Yes
4167,0,0,0.4378234844434674,-1.1389238834381104,-0.8889238238334656,attack,No
4168,0,0,0.10669059962643358,-2.5408523082733154,-0.4158523678779602,attack,No
4169,0,0,0.07585817584273653,-2.8270623683929443,-0.32706230878829956,attack,No
4170,0,0,0.5,-1.1575978994369507,-1.1575978994369507,attack,No
4171,0,1,0.7549149868676283,-0.5180250406265259,-1.6430250406265259,attack,Yes
4172,0,0,0.02033235096813516,-4.176245212554932,-0.3012450933456421,attack,No
4173,0,0,0.07585818419975078,-2.8030056953430176,-0.30300575494766235,attack,No
4174,0,0,0.1645164628965632,-1.893641471862793,-0.26864147186279297,attack,No
4175,0,0,0.1329642333263228,-2.5237557888031006,-0.6487557291984558,attack,No
4176,0,0,0.11920292828022305,-2.6812500953674316,-0.6812501549720764,attack,No
4177,0,1,0.5312093733737563,-1.048349380493164,-1.173349380493164,attack,Yes
4178,0,0,0.4378234991142019,-1.0450910329818726,-0.7950910329818726,attack,No
4179,0,1,0.7772998508568416,-0.5372007489204407,-1.787200689315796,attack,Yes
4180,0,0,0.18242552825126704,-1.89860999584198,-0.39861002564430237,attack,No
4181,0,0,0.012431651584958318,-4.548318386077881,-0.17331844568252563,attack,No
4182,0,1,0.6513548646660542,-0.8352351188659668,-1.4602351188659668,attack,Yes
4183,0,1,0.5621765008857981,-0.8766939640045166,-1.1266939640045166,attack,Yes
4184,0,1,0.5312093733737563,-1.093786358833313,-1.218786358833313,attack,Yes
4185,0,1,0.7549149868676283,-0.5531234741210938,-1.6781234741210938,attack,Yes
4186,0,0,0.46879064146934857,-1.0079734325408936,-0.8829734921455383,attack,No
4187,0,0,0.2689414330889798,-1.7513463497161865,-0.7513464093208313,attack,No
4188,0,1,0.7310585786300049,-0.5507172346115112,-1.5507172346115112,attack,Yes
4189,0,0,0.18242551936144574,-1.8554270267486572,-0.35542699694633484,attack,No
4190,0,0,0.13296425394084313,-2.392064094543457,-0.5170642137527466,attack,No
4191,0,1,0.5312093585306514,-0.8947206139564514,-1.0197205543518066,attack,Yes
4192,0,0,0.1066905825840872,-2.4581031799316406,-0.3331030607223511,attack,No
4193,0,1,0.7549149868676283,-0.6435054540634155,-1.7685054540634155,attack,Yes
4194,0,0,0.01243164865786858,-5.07855224609375,-0.7035520672798157,attack,no
4195,0,0,0.08509904036636974,-2.7106094360351562,-0.3356093764305115,attack,No
4196,0,1,0.5621764862150634,-0.9869528412818909,-1.236952781677246,attack,Yes
4197,0,1,0.7310585786300049,-0.5574437379837036,-1.5574437379837036,attack,Yes
4198,0,0,0.1645164628965632,-2.2159433364868164,-0.5909433364868164,attack,No
4199,0,1,0.8175744850834649,-0.6525816321372986,-2.1525816917419434,attack,Yes
4200,0,0,0.08509904268669496,-2.5533485412597656,-0.17834851145744324,attack,No
4201,0,1,0.5312093733737563,-1.0074219703674316,-1.1324219703674316,attack,Yes
4202,0,0,0.29421497216298875,-1.5431524515151978,-0.6681524515151978,attack,No
4203,0,0,0.1480472055495773,-2.184227466583252,-0.43422752618789673,attack,No
4204,0,0,0.04742587317756679,-3.3938424587249756,-0.3938424587249756,attack,No
4205,0,0,0.0850990542883219,-2.685466766357422,-0.3104668855667114,attack,No
4206,0,0,0.20181323186177208,-1.8183045387268066,-0.4433045983314514,attack,No
4207,0,0,0.34864513533394575,-1.430582046508789,-0.8055820465087891,attack,No
4208,0,0,0.2689414213699951,-1.6431574821472168,-0.6431574821472168,attack,No
4209,0,1,0.5621765155565327,-0.8775720000267029,-1.1275720596313477,attack,Yes
4210,0,0,0.05340332829327471,-3.0735723972320557,-0.19857236742973328,attack,No
4211,0,0,0.10669059394565118,-2.543205738067627,-0.41820573806762695,attack,No
4212,0,0,0.2689414096510108,-1.5638177394866943,-0.5638176798820496,attack,No
4213,0,0,0.4378234991142019,-1.1074265241622925,-0.8574265241622925,attack,No
4214,0,0,0.34864513533394575,-1.3220864534378052,-0.6970864534378052,attack,No
4215,0,0,0.06754669489377622,-3.0049257278442383,-0.37992578744888306,attack,No
4216,0,1,0.8933094003735664,-0.7050173878669739,-2.830017328262329,attack,Yes
4217,0,1,0.8519527944504226,-0.4194706082344055,-2.1694705486297607,attack,Yes
4218,0,0,0.09534945975773548,-2.6906051635742188,-0.440605103969574,attack,No
4219,0,1,0.7549149868676283,-0.6944276094436646,-1.8194276094436646,attack,Yes
4220,0,0,0.03732688306051187,-3.6722264289855957,-0.42222630977630615,attack,No
4221,0,0,0.01590639357784294,-4.489130973815918,-0.3641310930252075,attack,No
4222,0,0,0.20181322226037882,-1.8973958492279053,-0.5223958492279053,attack,No
4223,0,0,0.16451647108926923,-1.9983947277069092,-0.37339478731155396,attack,No
4224,0,0,0.2942149597859341,-1.5862600803375244,-0.7112600207328796,attack,No
4225,0,0,0.015906391945068224,-4.342399597167969,-0.21739961206912994,attack,No
4226,0,0,0.2689414096510108,-1.5787808895111084,-0.5787808299064636,attack,No
4227,0,0,0.025957360965343058,-4.03725528717041,-0.4122554361820221,attack,No
4228,0,0,0.03732688573777281,-3.3589138984680176,-0.108913853764534,attack,No
4229,0,0,0.042087729717900216,-3.268933057785034,-0.14393310248851776,attack,No
4230,0,1,0.7057850278370112,-0.6810448169708252,-1.5560448169708252,attack,Yes
4231,0,0,0.04208772431105632,-3.478698253631592,-0.35369816422462463,attack,No
4232,0,0,0.40733341443526055,-1.0562183856964111,-0.6812184453010559,attack,No
4233,0,0,0.04208772671409796,-3.3691036701202393,-0.24410364031791687,attack,No
4234,0,0,0.012431651950844584,-4.589139461517334,-0.21413955092430115,attack,No
4235,0,0,0.1192029188930649,-2.284266948699951,-0.2842669188976288,attack,No
4236,0,0,0.029312230751356316,-3.6724071502685547,-0.1724071502685547,attack,No
4237,0,1,0.8519528170040853,-0.47189080715179443,-2.221890926361084,attack,Yes
4238,0,0,0.14804718675485834,-2.248807191848755,-0.4988071024417877,attack,No
4239,0,0,0.13296424706933604,-2.51556134223938,-0.6405614018440247,attack,No
4240,0,0,0.3775406547908327,-1.145310878753662,-0.6453108191490173,attack,No
4241,0,0,0.2689414096510108,-1.6359214782714844,-0.6359214186668396,attack,No
4242,0,1,0.7057850154599563,-0.5467663407325745,-1.4217662811279297,attack,Yes
4243,0,1,0.7772998611746911,-0.6640803813934326,-1.9140803813934326,attack,Yes
4244,0,0,0.46879062662624377,-1.154983401298523,-1.029983401298523,attack,No
4245,0,0,0.060086646807761206,-3.036210060119629,-0.28621000051498413,attack,No
4246,0,0,0.04742587654349034,-3.209070920944214,-0.20907099545001984,attack,No
4247,0,0,0.01243164829198241,-4.700726509094238,-0.32572630047798157,attack,No
4248,0,0,0.08509903804604459,-2.6878387928009033,-0.31283870339393616,attack,No
4249,0,0,0.2018132174596823,-1.8709195852279663,-0.4959195554256439,attack,No
4250,0,1,0.8175744761936437,-0.492828369140625,-1.992828369140625,attack,Yes
4251,0,0,0.3208213138121609,-1.461944341659546,-0.7119444012641907,attack,No
4252,0,0,0.34864513533394575,-1.3069720268249512,-0.6819720268249512,attack,No
4253,0,0,0.1066905825840872,-2.744091510772705,-0.6190913915634155,attack,No
4254,0,0,0.13296424706933604,-2.394862174987793,-0.5198622345924377,attack,No
4255,0,1,0.5621765008857981,-0.8788834810256958,-1.1288834810256958,attack,Yes
4256,0,0,0.06754669677084987,-2.944754123687744,-0.3197542130947113,attack,No
4257,0,1,0.8519527944504226,-0.4496527314186096,-2.199652671813965,attack,Yes
4258,0,0,0.4073334000459302,-1.2611044645309448,-0.8861044645309448,attack,No
4259,0,0,0.24508501313237172,-1.5634013414382935,-0.43840134143829346,attack,No
4260,0,0,0.13296424706933604,-2.240687131881714,-0.36568719148635864,attack,No
4261,0,1,0.7981867873410141,-0.7258188128471375,-2.1008188724517822,attack,Yes
4262,0,1,0.7310585669110203,-0.5423203110694885,-1.5423202514648438,attack,Yes
4263,0,1,0.7310585903489892,-0.6888079047203064,-1.6888079643249512,attack,Yes
4264,0,1,0.5926665855647394,-0.8065994381904602,-1.1815993785858154,attack,Yes
4265,0,0,0.3208212878370535,-1.3709068298339844,-0.6209067702293396,attack,No
4266,0,0,0.5,-0.9012139439582825,-0.9012139439582825,attack,No
4267,0,0,0.060086648490884395,-3.124579429626465,-0.37457939982414246,attack,No
4268,0,0,0.007577241491969114,-5.1637067794799805,-0.28870680928230286,attack,No
4269,0,0,0.1480472055495773,-2.03495454788208,-0.28495460748672485,attack,No
4270,0,0,0.4073333856566001,-1.0504271984100342,-0.6754271388053894,attack,No
4271,0,0,0.14804721306746543,-2.106816291809082,-0.3568164110183716,attack,No
4272,0,1,0.5312093882168609,-0.8775171637535095,-1.0025172233581543,attack,Yes
4273,0,1,0.7772998611746911,-0.5449995994567871,-1.794999599456787,attack,Yes
4274,0,0,0.02931223159932252,-3.877333879470825,-0.3773339092731476,attack,No
4275,0,1,0.5926665999540697,-0.9985722303390503,-1.3735722303390503,attack,Yes
4276,0,0,0.017986206277364275,-4.366002082824707,-0.3660018742084503,attack,No
4277,0,0,0.22270013366638422,-1.6743062734603882,-0.4243062436580658,attack,No
4278,0,0,0.0024726230831270705,-6.284148693084717,-0.2841486632823944,attack,No
4279,0,0,0.46879062662624377,-1.1019037961959839,-0.9769037961959839,attack,No
4280,0,1,0.5621765155565327,-0.8606080412864685,-1.1106081008911133,attack,Yes
4281,0,0,0.07585818002124356,-2.802487373352051,-0.3024873733520508,attack,No
4282,0,1,0.7310585669110203,-0.5778654217720032,-1.5778653621673584,attack,Yes
4283,0,0,0.0373268852023206,-3.6703319549560547,-0.4203318953514099,attack,No
4284,0,1,0.7057850154599563,-0.6882169842720032,-1.5632169246673584,attack,Yes
4285,0,1,0.6791786861878392,-0.7932644486427307,-1.543264389038086,attack,Yes
4286,0,0,0.5,-1.0142645835876465,-1.0142645835876465,attack,No
4287,0,1,0.8933094131553264,-0.2278541773557663,-2.3528542518615723,attack,Yes
4288,0,1,0.5621765008857981,-0.7710326910018921,-1.021032691001892,attack,Yes
4289,0,0,0.06008664512463808,-2.9714174270629883,-0.22141733765602112,attack,No
4290,0,0,0.37754066879814546,-1.3563004732131958,-0.8563004732131958,attack,No
4291,0,1,0.7310585786300049,-0.6899760961532593,-1.6899760961532593,attack,Yes
4292,0,0,0.14804721306746543,-2.088563919067383,-0.33856403827667236,attack,No
4293,0,0,0.16451646699291617,-1.8851832151412964,-0.2601832449436188,attack,No
4294,0,1,0.7549149868676283,-0.654409646987915,-1.779409646987915,attack,Yes
4295,0,0,0.0675466845698721,-2.8743860721588135,-0.24938596785068512,attack,No
4296,0,0,0.4378234991142019,-1.0618093013763428,-0.8118093013763428,attack,No
4297,0,0,0.4378234991142019,-1.2276045083999634,-0.9776045083999634,attack,No
4298,0,0,0.29421497216298875,-1.6167914867401123,-0.7417914867401123,attack,No
4299,0,0,0.37754066879814546,-1.0487895011901855,-0.5487895011901855,attack,No
4300,0,0,0.014063626630011202,-4.545476913452148,-0.29547688364982605,attack,No
4301,0,0,0.13296423676207594,-2.2150943279266357,-0.34009429812431335,attack,No
4302,0,0,0.012431652865560293,-4.548167705535889,-0.1731678694486618,attack,No
4303,0,1,0.914900950352329,-0.27082711458206177,-2.645827054977417,attack,Yes
4304,0,0,0.0758581737534831,-2.7784574031829834,-0.27845731377601624,attack,No
4305,0,0,0.4378234991142019,-1.199267029762268,-0.9492670297622681,attack,No
4306,0,1,0.6224593312018546,-0.8784482479095459,-1.378448247909546,attack,Yes
4307,0,0,0.4378234991142019,-1.1412853002548218,-0.8912853002548218,attack,No
4308,0,0,0.5,-0.9121540188789368,-0.9121540188789368,attack,No
4309,0,0,0.18242551491653522,-1.9417846202850342,-0.4417845606803894,attack,No
4310,0,0,0.24508501313237172,-1.7668201923370361,-0.6418201923370361,attack,No
4311,0,1,0.867035763237924,-0.32788679003715515,-2.2028868198394775,attack,Yes
4312,0,1,0.7772998714925403,-0.6230906844139099,-1.8730907440185547,attack,Yes
4313,0,0,0.07585818211049715,-2.8013525009155273,-0.30135253071784973,attack,No
4314,0,0,0.11920292202211755,-2.326280355453491,-0.3262803554534912,attack,No
4315,0,0,0.060086646807761206,-2.9245364665985107,-0.17453640699386597,attack,No
4316,0,0,0.29421497216298875,-1.465606451034546,-0.5906064510345459,attack,No
4317,0,0,0.007577240371427665,-5.234330177307129,-0.35933005809783936,attack,no
4318,0,0,0.32082130082460697,-1.3921598196029663,-0.6421598196029663,attack,No
4319,0,1,0.754914997895581,-0.7873679995536804,-1.9123680591583252,attack,Yes
4320,0,0,0.04742587317756679,-3.4728264808654785,-0.4728264808654785,attack,No
4321,0,0,0.18242551936144574,-1.8549402952194214,-0.354940265417099,attack,No
4322,0,1,0.7310585786300049,-0.729827880859375,-1.729827880859375,attack,Yes
4323,0,1,0.8519527944504226,-0.32357579469680786,-2.073575735092163,attack,Yes
4324,0,0,0.2942149845400438,-1.66060471534729,-0.7856047749519348,attack,No
4325,0,1,0.679178699175393,-0.9019687175750732,-1.6519687175750732,attack,Yes
4326,0,1,0.8175744939732856,-0.642959475517273,-2.1429595947265625,attack,Yes
4327,0,0,0.05340332603345051,-3.089324474334717,-0.21432439982891083,attack,No
4328,0,0,0.11920291263495983,-2.3715851306915283,-0.37158504128456116,attack,No
4329,0,0,0.09534947261117097,-2.6254475116729736,-0.3754476010799408,attack,No
4330,0,0,0.1645164506075047,-2.046013832092285,-0.421013742685318,attack,No
4331,0,0,0.02297736823741426,-3.933831214904785,-0.1838311403989792,attack,No
4332,0,0,0.46879062662624377,-1.3615957498550415,-1.2365957498550415,attack,no
4333,0,0,0.4073334000459302,-1.3489657640457153,-0.9739657640457153,attack,No
4334,0,0,0.06754668738548215,-3.003862142562866,-0.37886208295822144,attack,No
4335,0,0,0.18242552380635632,-2.0332796573638916,-0.5332796573638916,attack,No
4336,0,0,0.2689414096510108,-1.483642578125,-0.4836425185203552,attack,No
4337,0,0,0.18242551936144574,-1.9003663063049316,-0.40036627650260925,attack,No
4338,0,1,0.8175744761936437,-0.46301043033599854,-1.9630104303359985,attack,Yes
4339,0,0,0.22270014914315833,-1.912362813949585,-0.6623628735542297,attack,No
4340,0,1,0.6224593312018546,-0.883397102355957,-1.383397102355957,attack,Yes
4341,0,0,0.1329642333263228,-2.323209285736084,-0.4482092261314392,attack,No
4342,0,0,0.24508501313237172,-1.698269248008728,-0.573269248008728,attack,No
4343,0,0,0.24508500210441886,-1.7308478355407715,-0.6058477759361267,attack,No
4344,0,0,0.015906392644828796,-4.614041328430176,-0.48904138803482056,attack,No
4345,0,0,0.2689414330889798,-1.6101794242858887,-0.6101794838905334,attack,No
4346,0,1,0.6224593312018546,-0.8594309091567993,-1.3594309091567993,attack,Yes
4347,0,0,0.07585818628900447,-2.8257040977478027,-0.3257041871547699,attack,No
4348,0,1,0.7772998611746911,-0.38255953788757324,-1.6325595378875732,attack,Yes
4349,0,0,0.5,-0.9262574315071106,-0.9262574315071106,attack,No
4350,0,0,0.20181322226037882,-1.926063060760498,-0.551063060760498,attack,No
4351,0,1,0.6791786861878392,-0.6642833352088928,-1.414283275604248,attack,Yes
4352,0,0,0.022977370244547896,-3.9981184005737305,-0.24811841547489166,attack,No
4353,0,0,0.14804720179063335,-2.180969715118408,-0.4309697449207306,attack,No
4354,0,1,0.9324533051062237,-0.3850401043891907,-3.010040044784546,attack,Yes
4355,0,1,0.5621765008857981,-1.012426495552063,-1.262426495552063,attack,Yes
4356,0,1,0.7549149868676283,-0.5529154539108276,-1.6779154539108276,attack,Yes
4357,0,0,0.042087723109535534,-3.7380409240722656,-0.6130408048629761,attack,No
4358,0,0,0.022977371917159397,-3.9531073570251465,-0.20310744643211365,attack,No
4359,0,1,0.8807970842359877,-0.44315141439437866,-2.4431514739990234,attack,Yes
4360,0,0,0.04742587317756679,-3.517946243286133,-0.5179462432861328,attack,No
4361,0,1,0.8519528019683106,-0.5122473239898682,-2.262247323989868,attack,Yes
4362,0,0,0.01590639544387138,-4.714574813842773,-0.5895750522613525,attack,No
4363,0,1,0.7057850278370112,-0.6234276294708252,-1.4984276294708252,attack,Yes
4364,0,0,0.0035936021545687705,-6.059086322784424,-0.4340862035751343,attack,no
4365,0,0,0.11920292515117029,-2.4282195568084717,-0.42821958661079407,attack,No
4366,0,0,0.13296422989056964,-2.1916732788085938,-0.3166731894016266,attack,No
4367,0,0,0.16451645470385742,-2.0807313919067383,-0.4557313323020935,attack,No
4368,0,1,0.754914997895581,-0.7729069590568542,-1.897907018661499,attack,Yes
4369,0,0,0.2018132174596823,-1.7635525465011597,-0.3885525166988373,attack,No
4370,0,0,0.29421497216298875,-1.4935412406921387,-0.6185412406921387,attack,No
4371,0,0,0.5,-1.030381202697754,-1.030381202697754,attack,No
4372,0,0,0.08509904500702024,-2.6229350566864014,-0.24793505668640137,attack,No
4373,0,1,0.8354835289107309,-0.3802486062049866,-2.005248546600342,attack,Yes
4374,0,0,0.014063627869714051,-4.8379807472229,-0.5879808068275452,attack,No
4375,0,0,0.0675466845698721,-2.8725411891937256,-0.24754108488559723,attack,No
4376,0,0,0.46879062662624377,-1.0811612606048584,-0.9561612606048584,attack,No
4377,0,0,0.0373268852023206,-3.6355626583099365,-0.38556259870529175,attack,No
4378,0,0,0.18242552380635632,-1.8117767572402954,-0.3117767572402954,attack,No
4379,0,0,0.022977367902892003,-4.1205949783325195,-0.37059488892555237,attack,No
4380,0,0,0.46879062662624377,-0.9671121835708618,-0.8421121835708618,attack,No
4381,0,0,0.04742587452393617,-3.191190242767334,-0.19119027256965637,attack,No
4382,0,0,0.06754669677084987,-2.8952786922454834,-0.27027878165245056,attack,No
4383,0,0,0.1645164628965632,-2.1053709983825684,-0.48037099838256836,attack,No
4384,0,0,0.14804719051380197,-2.281722068786621,-0.5317220091819763,attack,No
4385,0,0,0.14804720930852133,-2.133146047592163,-0.38314613699913025,attack,No
4386,0,0,0.053403325280175794,-3.2423930168151855,-0.3673929274082184,attack,No
4387,0,0,0.18242552380635632,-1.896531343460083,-0.396531343460083,attack,No
4388,0,1,0.5926665999540697,-0.8206809759140015,-1.1956809759140015,attack,Yes
4389,0,0,0.22270013882530884,-1.9064109325408936,-0.6564109325408936,attack,No
4390,0,1,0.5926665999540697,-1.0203604698181152,-1.3953604698181152,attack,Yes
4391,0,1,0.8670357701094303,-0.3705345690250397,-2.245534658432007,attack,Yes
4392,0,0,0.11920290950590741,-2.6348319053649902,-0.6348317861557007,attack,No
4393,0,1,0.5312093733737563,-0.8525019884109497,-0.9775019884109497,attack,Yes
4394,0,1,0.7310585786300049,-0.4444178342819214,-1.4444178342819214,attack,Yes
4395,0,0,0.08509904268669496,-2.844970226287842,-0.4699701964855194,attack,No
4396,0,1,0.8354835207180245,-0.6199265718460083,-2.2449264526367188,attack,Yes
4397,0,1,0.5621765008857981,-0.9115368127822876,-1.1615368127822876,attack,Yes
4398,0,1,0.7310585669110203,-0.6409004330635071,-1.6409003734588623,attack,Yes
4399,0,0,0.32082130082460697,-1.5683233737945557,-0.8183233737945557,attack,No
4400,0,0,0.1066905911052601,-2.5105648040771484,-0.38556477427482605,attack,No
4401,0,0,0.2689414213699951,-1.7105923891067505,-0.7105923891067505,attack,No
4402,0,0,0.11920291576401235,-2.3715813159942627,-0.3715812563896179,attack,No
4403,0,1,0.6513548782017746,-0.6528622508049011,-1.277862310409546,attack,Yes
4404,0,0,0.07585817584273653,-2.802523374557495,-0.30252331495285034,attack,No
4405,0,1,0.5621765008857981,-1.0078600645065308,-1.2578600645065308,attack,Yes
4406,0,1,0.7772998560157665,-0.48811236023902893,-1.7381123304367065,attack,Yes
4407,0,0,0.2942149597859341,-1.4136099815368652,-0.5386099219322205,attack,No
4408,0,0,0.01098694441170717,-4.671586036682129,-0.17158620059490204,attack,No
4409,0,0,0.4378234991142019,-1.2838571071624756,-1.0338571071624756,attack,No
4410,0,0,0.08509904732734556,-2.710763931274414,-0.33576396107673645,attack,No
4411,0,1,0.5312093733737563,-0.8295063972473145,-0.9545063972473145,attack,Yes
4412,0,1,0.8519528170040853,-0.4450591802597046,-2.195059299468994,attack,Yes
4413,0,0,0.01243164902375476,-4.860547065734863,-0.48554691672325134,attack,No
4414,0,1,0.8354835289107309,-0.38825374841690063,-2.013253688812256,attack,Yes
4415,0,0,0.05340332377362639,-3.153824806213379,-0.27882468700408936,attack,No
4416,0,0,0.07585818837825822,-2.8555030822753906,-0.3555032014846802,attack,No
4417,0,0,0.29421497216298875,-1.488682508468628,-0.6136825084686279,attack,No
4418,0,0,0.012431651584958318,-4.96194314956665,-0.5869432091712952,attack,No
4419,0,0,0.06008665101556925,-2.991955518722534,-0.24195553362369537,attack,No
4420,0,0,0.05340332377362639,-3.3545446395874023,-0.4795445203781128,attack,No
4421,0,1,0.6224593312018546,-0.946108341217041,-1.446108341217041,attack,Yes
4422,0,0,0.32082130082460697,-1.3995829820632935,-0.6495829820632935,attack,No
4423,0,0,0.015906394627483913,-4.2306227684021,-0.10562295466661453,attack,No
4424,0,0,0.06754668550840877,-3.003222703933716,-0.37822261452674866,attack,No
4425,0,0,0.13296424706933604,-2.238069534301758,-0.3630695939064026,attack,No
4426,0,0,0.08509904500702024,-2.687203884124756,-0.31220388412475586,attack,No
4427,0,0,0.01590639031229368,-4.392340183258057,-0.2673400938510895,attack,No
4428,0,0,0.07585818211049715,-2.7571542263031006,-0.257154256105423,attack,No
4429,0,0,0.037326888415033926,-3.5392720699310303,-0.28927209973335266,attack,No
4430,0,0,0.4378234991142019,-1.1162145137786865,-0.8662145137786865,attack,No
4431,0,0,0.015906388096385633,-4.241716384887695,-0.11671615391969681,attack,No
4432,0,0,0.24508501313237172,-1.621087908744812,-0.496087908744812,attack,No
4433,0,0,0.0850990542883219,-2.8841609954833984,-0.509161114692688,attack,No
4434,0,0,0.03308598220236406,-3.8340935707092285,-0.45909368991851807,attack,No
4435,0,0,0.32082130082460697,-1.367099642753601,-0.6170996427536011,attack,No
4436,0,0,0.11920292828022305,-2.4021008014678955,-0.4021008610725403,attack,No
4437,0,0,0.18242552825126704,-1.857011079788208,-0.3570111095905304,attack,No
4438,0,0,0.37754066879814546,-1.3665201663970947,-0.8665201663970947,attack,No
4439,0,0,0.1329642333263228,-2.106189727783203,-0.23118966817855835,attack,No
4440,0,0,0.34864513533394575,-1.4106714725494385,-0.7856714725494385,attack,No
4441,0,0,0.24508501313237172,-1.5634578466415405,-0.4384578466415405,attack,No
4442,0,0,0.22270012850745968,-1.8712074756622314,-0.6212074160575867,attack,No
4443,0,0,0.10669059962643358,-2.6955995559692383,-0.5705996155738831,attack,No
4444,0,0,0.37754066879814546,-1.409377932548523,-0.909377932548523,attack,No
4445,0,1,0.5926665999540697,-0.7914663553237915,-1.1664663553237915,attack,Yes
4446,0,0,0.07585818524437762,-2.7206571102142334,-0.22065718472003937,attack,No
4447,0,0,0.24508500210441886,-1.6684319972991943,-0.5434319376945496,attack,No
4448,0,1,0.7772998714925403,-0.663623034954071,-1.9136230945587158,attack,Yes
4449,0,1,0.8175744584140004,-0.8044835329055786,-2.304483413696289,attack,Yes
4450,0,0,0.04742587587030561,-3.191197395324707,-0.1911974549293518,attack,No
4451,0,0,0.16451646699291617,-2.049222469329834,-0.42422249913215637,attack,No
4452,0,0,0.2689414330889798,-1.6776976585388184,-0.6776977181434631,attack,No
4453,0,0,0.10669058826486906,-2.6589999198913574,-0.5339998602867126,attack,No
4454,0,0,0.10669058826486906,-2.617525577545166,-0.49252551794052124,attack,No
4455,0,0,0.10669059678604234,-2.3804337978363037,-0.2554338276386261,attack,No
4456,0,1,0.7549149868676283,-0.5168310403823853,-1.6418310403823853,attack,Yes
4457,0,0,0.04208772791561884,-3.4188215732574463,-0.2938215732574463,attack,No
4458,0,1,0.6224593171945417,-0.9932573437690735,-1.4932572841644287,attack,Yes
4459,0,0,0.13296425050508953,-2.26149582862854,-0.3864959180355072,attack,No
4460,0,0,0.46879062662624377,-0.944202184677124,-0.819202184677124,attack,No
4461,0,1,0.914900950352329,-0.40426164865493774,-2.779261589050293,attack,Yes
4462,0,0,0.04742587452393617,-3.249109983444214,-0.24911001324653625,attack,No
4463,0,0,0.10669059394565118,-2.6171841621398926,-0.4921841621398926,attack,No
4464,0,1,0.5621765155565327,-0.8770427107810974,-1.1270427703857422,attack,Yes
4465,0,0,0.11920293453832885,-2.400571823120117,-0.40057194232940674,attack,No
4466,0,0,0.020332350374504305,-4.056663990020752,-0.18166384100914001,attack,No
4467,0,1,0.5926665999540697,-0.9527652263641357,-1.3277652263641357,attack,Yes
4468,0,1,0.5312093733737563,-0.9062232971191406,-1.0312232971191406,attack,Yes
4469,0,0,0.3775406547908327,-1.2050213813781738,-0.705021321773529,attack,No
4470,0,0,0.10669058826486906,-2.3273422718048096,-0.2023422122001648,attack,No
4471,0,1,0.5621765008857981,-0.8923909664154053,-1.1423909664154053,attack,Yes
4472,0,0,0.3208213138121609,-1.352109670639038,-0.6021097302436829,attack,No
4473,0,0,0.37754066879814546,-1.1961565017700195,-0.6961565017700195,attack,No
4474,0,0,0.10669060246682488,-2.461242198944092,-0.33624228835105896,attack,No
4475,0,0,0.01798621154126062,-4.299215793609619,-0.2992158830165863,attack,No
4476,0,1,0.8670357666736773,-0.37463659048080444,-2.249636650085449,attack,Yes
4477,0,0,0.005911068155754778,-5.447832107543945,-0.32283198833465576,attack,no
4478,0,1,0.8670357598021706,-0.43627429008483887,-2.311274290084839,attack,Yes
4479,0,0,0.5,-1.030452847480774,-1.030452847480774,attack,No
4480,0,1,0.679178699175393,-0.5725605487823486,-1.3225605487823486,attack,Yes
4481,0,0,0.24508500210441886,-1.6216042041778564,-0.49660414457321167,attack,No
4482,0,0,0.07585818419975078,-3.0905544757843018,-0.5905545353889465,attack,No
4483,0,0,0.3208212878370535,-1.497380256652832,-0.7473801970481873,attack,No
4484,0,1,0.6224593312018546,-0.9672021865844727,-1.4672021865844727,attack,Yes
4485,0,0,0.01798621364681958,-4.30912446975708,-0.3091246783733368,attack,no
4486,0,0,0.3486451488696663,-1.2937133312225342,-0.668713390827179,attack,No
4487,0,0,0.14804719051380197,-2.2819595336914062,-0.5319594740867615,attack,No
4488,0,0,0.2942149845400438,-1.5431561470031738,-0.6681562066078186,attack,No
4489,0,0,0.01798620785653302,-4.299184799194336,-0.2991846799850464,attack,No
4490,0,1,0.9241418220680101,-0.4751410186290741,-2.9751410484313965,attack,Yes
4491,0,0,0.3486451217982255,-1.2414493560791016,-0.6164492964744568,attack,No
4492,0,0,0.29421497216298875,-1.4311859607696533,-0.5561859607696533,attack,No
4493,0,0,0.08509904500702024,-2.7143328189849854,-0.33933281898498535,attack,No
4494,0,1,0.7310585903489892,-0.7908172011375427,-1.7908172607421875,attack,Yes
4495,0,0,0.34864513533394575,-1.4195181131362915,-0.7945181131362915,attack,No
4496,0,1,0.679178699175393,-0.6951639652252197,-1.4451639652252197,attack,Yes
4497,0,0,0.1645164628965632,-2.0205957889556885,-0.3955957889556885,attack,No
4498,0,0,0.06008665017400762,-3.0649449825286865,-0.3149449825286865,attack,No
4499,0,1,0.7057850278370112,-0.7139352560043335,-1.5889352560043335,attack,Yes
4500,0,1,0.6224593312018546,-0.7392140626907349,-1.2392140626907349,attack,Yes
4501,0,0,0.017986213120429816,-4.648881912231445,-0.6488820910453796,attack,no
4502,0,1,0.6224593312018546,-0.8593034744262695,-1.3593034744262695,attack,Yes
4503,0,0,0.20181322226037882,-1.8203884363174438,-0.44538843631744385,attack,No
4504,0,0,0.025957357951306048,-3.875946044921875,-0.2509460747241974,attack,No
4505,0,0,0.1480472055495773,-2.3225836753845215,-0.5725837349891663,attack,No
4506,0,1,0.7772998560157665,-0.42518380284309387,-1.6751837730407715,attack,Yes
4507,0,0,0.020332353936289693,-4.1759138107299805,-0.30091384053230286,attack,No
4508,0,0,0.02931222820745785,-3.809641122817993,-0.309641033411026,attack,No
4509,0,0,0.1480472055495773,-2.087221622467041,-0.3372216820716858,attack,No
4510,0,0,0.04742587317756679,-3.3587985038757324,-0.3587985038757324,attack,No
4511,0,0,0.11920292202211755,-2.434164047241211,-0.43416404724121094,attack,No
4512,0,1,0.7310585669110203,-0.5870309472084045,-1.5870308876037598,attack,Yes
4513,0,0,0.017986213120429816,-4.299332618713379,-0.29933279752731323,attack,No
4514,0,0,0.02595735945832451,-3.901804208755493,-0.2768042981624603,attack,No
4515,0,0,0.0600866518571309,-3.0361175537109375,-0.2861175835132599,attack,No
4516,0,0,0.4073334000459302,-1.1535035371780396,-0.7785035371780396,attack,No
4517,0,0,0.29421497216298875,-1.8313640356063843,-0.9563640356063843,attack,no
4518,0,1,0.5926666143433998,-0.8735007643699646,-1.2485008239746094,attack,Yes
4519,0,1,0.5926665999540697,-0.9734439849853516,-1.3484439849853516,attack,Yes
4520,0,1,0.7981867873410141,-0.5251612067222595,-1.9001612663269043,attack,Yes
4521,0,0,0.37754066879814546,-1.3288754224777222,-0.8288754224777222,attack,No
4522,0,0,0.020332356904444657,-4.038051128387451,-0.1630513072013855,attack,No
4523,0,1,0.7057850402140659,-0.8114945292472839,-1.6864945888519287,attack,Yes
4524,0,0,0.24508501313237172,-1.9979802370071411,-0.8729802370071411,attack,No
4525,0,1,0.5926665999540697,-0.9341037273406982,-1.3091037273406982,attack,Yes
4526,0,0,0.18242552380635632,-1.94098699092865,-0.4409869909286499,attack,No
4527,0,0,0.08509904500702024,-2.884335517883301,-0.5093355178833008,attack,No
4528,0,1,0.7772998611746911,-0.5774930715560913,-1.8274930715560913,attack,Yes
4529,0,0,0.02033235423310517,-4.022955417633057,-0.14795546233654022,attack,No
4530,0,0,0.24508502416032488,-1.9890644550323486,-0.8640645146369934,attack,No
4531,0,0,0.4073334000459302,-1.2500182390213013,-0.8750182390213013,attack,No
4532,0,1,0.6513548782017746,-0.6537505984306335,-1.2787506580352783,attack,Yes
4533,0,0,0.1329642333263228,-2.2143592834472656,-0.33935922384262085,attack,No
4534,0,0,0.32082130082460697,-1.4892208576202393,-0.7392208576202393,attack,No
4535,0,0,0.20181323186177208,-1.8207039833068848,-0.44570404291152954,attack,No
4536,0,0,0.04208772671409796,-3.369981527328491,-0.24498149752616882,attack,No
4537,0,0,0.32082130082460697,-1.578721523284912,-0.8287215232849121,attack,No
4538,0,1,0.7772998611746911,-0.6146063804626465,-1.8646063804626465,attack,Yes
4539,0,1,0.7981867777396212,-0.550508975982666,-1.925508975982666,attack,Yes
4540,0,0,0.37754066879814546,-1.3555930852890015,-0.8555930852890015,attack,No
4541,0,1,0.6513548646660542,-0.7540311813354492,-1.3790311813354492,attack,Yes
4542,0,1,0.5621765008857981,-0.9885214567184448,-1.2385214567184448,attack,Yes
4543,0,1,0.8175744584140004,-0.5538994073867798,-2.0538992881774902,attack,Yes
4544,0,0,0.37754066879814546,-1.2619409561157227,-0.7619409561157227,attack,No
4545,0,1,0.9465966641739773,-0.4071747064590454,-3.282174587249756,attack,Yes
4546,0,0,0.0850990519679964,-2.713759183883667,-0.33875927329063416,attack,No
4547,0,0,0.11920292202211755,-2.465013265609741,-0.4650132656097412,attack,No
4548,0,0,0.10669060246682488,-2.5407795906066895,-0.4157796800136566,attack,No
4549,0,0,0.1645164792819756,-2.138676166534424,-0.5136762857437134,attack,No
4550,0,0,0.46879061178313897,-1.0076367855072021,-0.8826367259025574,attack,No
4551,0,1,0.7981867777396212,-0.5586196184158325,-1.9336196184158325,attack,Yes
4552,0,0,0.1480472055495773,-2.4647998809814453,-0.7147999405860901,attack,No
4553,0,1,0.7772998611746911,-0.5441317558288574,-1.7941317558288574,attack,Yes
4554,0,0,0.04208772491181671,-3.368858814239502,-0.24385873973369598,attack,No
4555,0,1,0.5926665999540697,-0.821691632270813,-1.196691632270813,attack,Yes
4556,0,0,0.3775406547908327,-1.4886391162872314,-0.9886390566825867,attack,No
4557,0,1,0.6513548511303336,-0.7398274540901184,-1.3648273944854736,attack,Yes
4558,0,0,0.5,-0.8689582943916321,-0.8689582943916321,attack,No
4559,0,1,0.5926665999540697,-0.8899298906326294,-1.2649298906326294,attack,Yes
4560,0,0,0.2942149845400438,-1.4604673385620117,-0.5854673981666565,attack,No
4561,0,0,0.18242552825126704,-1.916150689125061,-0.4161507189273834,attack,No
4562,0,1,0.5926665999540697,-0.7934688329696655,-1.1684688329696655,attack,Yes
4563,0,0,0.07585818628900447,-2.756993293762207,-0.2569933831691742,attack,No
4564,0,0,0.2689414213699951,-1.5782794952392578,-0.5782794952392578,attack,No
4565,0,0,0.18242552380635632,-1.8992328643798828,-0.3992328643798828,attack,No
4566,0,0,0.06008664512463808,-3.0114738941192627,-0.26147380471229553,attack,No
4567,0,0,0.07585818628900447,-2.7800140380859375,-0.28001412749290466,attack,No
4568,0,0,0.2942149845400438,-1.6247732639312744,-0.7497733235359192,attack,No
4569,0,0,0.46879062662624377,-1.0914051532745361,-0.9664051532745361,attack,No
4570,0,1,0.8175744806385543,-0.43020913004875183,-1.9302091598510742,attack,Yes
4571,0,0,0.3486451217982255,-1.1446197032928467,-0.5196196436882019,attack,No
4572,0,0,0.1329642333263228,-2.3952698707580566,-0.5202698111534119,attack,No
4573,0,1,0.5312093733737563,-0.9382603168487549,-1.0632603168487549,attack,Yes
4574,0,0,0.04208773031866069,-3.4483699798583984,-0.3233700394630432,attack,No
4575,0,0,0.11920291263495983,-2.433804512023926,-0.4338044226169586,attack,No
4576,0,0,0.16451647108926923,-2.077620267868042,-0.45262032747268677,attack,No
4577,0,0,0.32082130082460697,-1.4968808889389038,-0.7468808889389038,attack,No
4578,0,0,0.20181321265898594,-2.0494604110717773,-0.6744603514671326,attack,No
4579,0,0,0.1192029188930649,-2.324951648712158,-0.3249516189098358,attack,No
4580,0,0,0.1066905911052601,-2.417886972427368,-0.2928869426250458,attack,No
4581,0,0,0.0850990542883219,-2.844780445098877,-0.4697805643081665,attack,No
4582,0,0,0.18242552380635632,-1.973082184791565,-0.47308218479156494,attack,No
4583,0,0,0.053403329799824234,-3.399738311767578,-0.5247383117675781,attack,No
4584,0,0,0.02595735569077852,-3.999006748199463,-0.3740066885948181,attack,No
4585,0,0,0.11920292828022305,-2.348210096359253,-0.3482101559638977,attack,No
4586,0,1,0.5312093733737563,-0.9373185634613037,-1.0623185634613037,attack,Yes
4587,0,0,0.06754669489377622,-2.873859405517578,-0.2488594651222229,attack,No
4588,0,0,0.32082130082460697,-1.6230554580688477,-0.8730554580688477,attack,No
4589,0,0,0.08509904036636974,-2.663222312927246,-0.2882222533226013,attack,No
4590,0,0,0.32082130082460697,-1.3473877906799316,-0.5973877906799316,attack,No
4591,0,0,0.4378235137849365,-1.037261724472046,-0.7872617840766907,attack,No
4592,0,0,0.29421497216298875,-1.4395548105239868,-0.5645548105239868,attack,No
4593,0,0,0.02033235452992065,-4.096559047698975,-0.22155910730361938,attack,No
4594,0,0,0.18242553269617778,-1.9689280986785889,-0.46892815828323364,attack,No
4595,0,0,0.025957357951306048,-3.9634218215942383,-0.33842185139656067,attack,No
4596,0,1,0.6224593312018546,-0.7260599136352539,-1.226059913635254,attack,Yes
4597,0,1,0.7310585786300049,-0.5500744581222534,-1.5500744581222534,attack,Yes
4598,0,0,0.24508502416032488,-1.762033224105835,-0.6370332837104797,attack,No
4599,0,0,0.07585818419975078,-2.7562012672424316,-0.2562013268470764,attack,No
4600,0,0,0.017986209962091555,-4.403927326202393,-0.4039273262023926,attack,No
4601,0,0,0.5,-0.9423653483390808,-0.9423653483390808,attack,No
4602,0,0,0.01798620838292263,-4.119002342224121,-0.11900225281715393,attack,No
4603,0,0,0.002800926967120973,-6.192907810211182,-0.31790781021118164,attack,no
4604,0,1,0.9465966709534505,-0.23615024983882904,-3.1111502647399902,attack,Yes
4605,0,0,0.09534945975773548,-2.6255719661712646,-0.3755719065666199,attack,No
4606,0,0,0.40733341443526055,-1.1270146369934082,-0.752014696598053,attack,No
4607,0,0,0.22270013882530884,-1.8647263050079346,-0.6147263050079346,attack,No
4608,0,0,0.46879062662624377,-1.2741931676864624,-1.1491931676864624,attack,No
4609,0,0,0.042087729717900216,-3.3278613090515137,-0.20286135375499725,attack,No
4610,0,0,0.042087729117139754,-3.446807861328125,-0.3218078911304474,attack,No
4611,0,0,0.053403329799824234,-3.446830987930298,-0.5718309879302979,attack,No
4612,0,0,0.022977373255248682,-4.200289249420166,-0.45028939843177795,attack,No
4613,0,0,0.16451645880021026,-1.9603981971740723,-0.3353981673717499,attack,No
4614,0,0,0.3208212878370535,-1.3704235553741455,-0.6204234957695007,attack,No
4615,0,0,0.09534945975773548,-2.733492136001587,-0.48349207639694214,attack,No
4616,0,0,0.10669059962643358,-2.6553874015808105,-0.5303874611854553,attack,No
4617,0,0,0.4073333856566001,-1.2884535789489746,-0.9134535193443298,attack,No
4618,0,0,0.4378234991142019,-1.3302943706512451,-1.0802943706512451,attack,No
4619,0,0,0.4073333856566001,-1.2884953022003174,-0.9134952425956726,attack,No
4620,0,1,0.679178699175393,-0.6734533309936523,-1.4234533309936523,attack,Yes
4621,0,0,0.46879062662624377,-1.036765456199646,-0.911765456199646,attack,No
4622,0,0,0.04208773031866069,-3.683884382247925,-0.5588844418525696,attack,No
4623,0,1,0.8670357598021706,-0.5877737998962402,-2.4627737998962402,attack,Yes
4624,0,0,0.14804718675485834,-2.2184205055236816,-0.4684204161167145,attack,No
4625,0,1,0.6224593312018546,-0.7544398307800293,-1.2544398307800293,attack,Yes
4626,0,0,0.2942149597859341,-1.4353985786437988,-0.560398519039154,attack,No
4627,0,0,0.11920291576401235,-2.400043249130249,-0.40004318952560425,attack,No
4628,0,1,0.5926665999540697,-0.715259313583374,-1.090259313583374,attack,Yes
4629,0,0,0.03732688680867724,-3.4675817489624023,-0.21758173406124115,attack,No
4630,0,0,0.02033235660762914,-4.038743019104004,-0.16374318301677704,attack,No
4631,0,0,0.025957358704815272,-4.2223358154296875,-0.5973358750343323,attack,No
4632,0,0,0.46879062662624377,-0.9454041719436646,-0.8204041719436646,attack,No
4633,0,1,0.880797068590724,-0.3850017488002777,-2.3850016593933105,attack,Yes
4634,0,0,0.03308598172565655,-3.5884883403778076,-0.21348844468593597,attack,No
4635,0,0,0.24508502416032488,-1.8956453800201416,-0.7706454396247864,attack,No
4636,0,0,0.04742587721667508,-3.272209882736206,-0.2722099721431732,attack,No
4637,0,0,0.3775406828054583,-1.2946257591247559,-0.7946258187294006,attack,No
4638,0,1,0.6224593312018546,-0.700100302696228,-1.200100302696228,attack,Yes
4639,0,1,0.7057850402140659,-0.5068392157554626,-1.3818392753601074,attack,Yes
4640,0,0,0.06008665354025422,-3.060187578201294,-0.3101876378059387,attack,No
4641,0,0,0.4378234991142019,-0.9881410598754883,-0.7381410598754883,attack,No
4642,0,0,0.3208212878370535,-1.3919987678527832,-0.6419987082481384,attack,No
4643,0,0,0.00857748414653042,-4.984310626983643,-0.23431047797203064,attack,No
4644,0,0,0.1329642436335826,-2.174018383026123,-0.29901841282844543,attack,No
4645,0,0,0.1480471829959148,-2.287109851837158,-0.5371097326278687,attack,No
4646,0,0,0.015906389379279733,-4.421583652496338,-0.29658350348472595,attack,No
4647,0,0,0.09534946232842245,-2.5307114124298096,-0.2807113826274872,attack,No
4648,0,1,0.7772998714925403,-0.5782422423362732,-1.828242301940918,attack,Yes
4649,0,0,0.20181322226037882,-1.9301892518997192,-0.5551892518997192,attack,No
4650,0,1,0.5621765008857981,-0.7596226930618286,-1.0096226930618286,attack,Yes
4651,0,0,0.02033235601399812,-4.008858680725098,-0.1338588148355484,attack,No
4652,0,0,0.46879062662624377,-1.0685315132141113,-0.9435315132141113,attack,No
4653,0,0,0.04742587317756679,-3.36037015914917,-0.3603701591491699,attack,No
4654,0,1,0.6513548646660542,-0.8289231061935425,-1.4539231061935425,attack,Yes
4655,0,1,0.817574471748733,-0.43540874123573303,-1.9354087114334106,attack,Yes
4656,0,0,0.26894141551050293,-1.4315966367721558,-0.4315966069698334,attack,No
4657,0,0,0.08509904500702024,-2.805607557296753,-0.43060755729675293,attack,No
4658,0,1,0.8354835452961425,-0.5018064379692078,-2.1268064975738525,attack,Yes
4659,0,0,0.014063627869714051,-4.737512588500977,-0.48751264810562134,attack,No
4660,0,0,0.29421497216298875,-1.6594657897949219,-0.7844657897949219,attack,No
4661,0,1,0.7310585786300049,-0.5784580707550049,-1.5784580707550049,attack,Yes
4662,0,1,0.7549149923816048,-0.44575557112693787,-1.5707556009292603,attack,Yes
4663,0,0,0.5,-1.1858406066894531,-1.1858406066894531,attack,No
4664,0,0,0.1066905911052601,-2.3653383255004883,-0.2403382956981659,attack,No
4665,0,0,0.11920292515117029,-2.430696725845337,-0.4306967556476593,attack,No
4666,0,0,0.04208772791561884,-3.6851892471313477,-0.5601892471313477,attack,No
4667,0,0,0.20181322226037882,-1.9249494075775146,-0.5499494075775146,attack,No
4668,0,0,0.04208772851637929,-3.348036050796509,-0.22303606569766998,attack,No
4669,0,1,0.754914975839675,-0.7861152291297913,-1.9111151695251465,attack,Yes
4670,0,1,0.5621765008857981,-0.8056293725967407,-1.0556293725967407,attack,Yes
4671,0,0,0.009708475908421797,-4.735609531402588,-0.11060947179794312,attack,No
4672,0,0,0.06754668926255561,-2.8546082973480225,-0.22960826754570007,attack,No
4673,0,0,0.2689414213699951,-1.6774747371673584,-0.6774747371673584,attack,No
4674,0,1,0.7057850278370112,-0.5463430881500244,-1.4213430881500244,attack,Yes
4675,0,0,0.01798620785653302,-4.592944622039795,-0.5929445028305054,attack,no
4676,0,0,0.37754066879814546,-1.4306563138961792,-0.9306563138961792,attack,No
4677,0,0,0.10669060246682488,-2.54559588432312,-0.4205959737300873,attack,No
4678,0,0,0.22270014914315833,-1.738309383392334,-0.48830944299697876,attack,No
4679,0,0,0.20181322226037882,-1.9655969142913818,-0.5905969142913818,attack,No
4680,0,0,0.3775406828054583,-1.2521092891693115,-0.7521093487739563,attack,No
4681,0,1,0.5312093733737563,-0.7979743480682373,-0.9229743480682373,attack,Yes
4682,0,1,0.6513548646660542,-0.9984174966812134,-1.6234174966812134,attack,Yes
4683,0,0,0.16451647518562237,-2.0771708488464355,-0.4521709382534027,attack,No
4684,0,1,0.8175744939732856,-0.6999186277389526,-2.199918746948242,attack,Yes
4685,0,1,0.5621765008857981,-0.8472200632095337,-1.0972200632095337,attack,Yes
4686,0,0,0.037326887344129464,-3.568378210067749,-0.318378210067749,attack,No
4687,0,0,0.03732688680867724,-3.4314727783203125,-0.1814727634191513,attack,No
4688,0,0,0.32082130082460697,-1.330001711845398,-0.580001711845398,attack,No
4689,0,1,0.679178699175393,-0.8370168209075928,-1.5870168209075928,attack,Yes
4690,0,0,0.01798620890931226,-4.330650806427002,-0.3306507468223572,attack,No
4691,0,0,0.010986941335237732,-4.939947128295898,-0.4399470090866089,attack,No
4692,0,0,0.09534947004048376,-2.6563620567321777,-0.4063621163368225,attack,No
4693,0,0,0.4378234991142019,-1.0362768173217773,-0.7862768173217773,attack,No
4694,0,0,0.46879062662624377,-0.9462142586708069,-0.8212142586708069,attack,No
4695,0,0,0.32082130082460697,-1.3917299509048462,-0.6417299509048462,attack,No
4696,0,0,0.16451647108926923,-2.21026873588562,-0.5852687954902649,attack,No
4697,0,0,0.4073333856566001,-1.287621021270752,-0.9126209616661072,attack,No
4698,0,0,0.46879062662624377,-1.117027997970581,-0.992027997970581,attack,No
4699,0,0,0.009708478200631072,-5.267441749572754,-0.6424419283866882,attack,no
4700,0,0,0.46879062662624377,-1.1407489776611328,-1.0157489776611328,attack,No
4701,0,0,0.20181322226037882,-1.8429903984069824,-0.4679903984069824,attack,No
4702,0,0,0.037326887344129464,-3.511470317840576,-0.26147031784057617,attack,No
4703,0,0,0.04742587250438209,-3.2083687782287598,-0.20836876332759857,attack,No
4704,0,0,0.46879061178313897,-1.0079855918884277,-0.882985532283783,attack,No
4705,0,0,0.18242552380635632,-2.199855327606201,-0.6998553276062012,attack,No
4706,0,0,0.5,-1.0141987800598145,-1.0141987800598145,attack,No
4707,0,1,0.754914975839675,-0.7865298390388489,-1.911529779434204,attack,Yes
4708,0,0,0.13296423676207594,-2.3231797218322754,-0.448179692029953,attack,No
4709,0,1,0.7310585786300049,-0.6640045642852783,-1.6640045642852783,attack,Yes
4710,0,0,0.22270012850745968,-1.9865596294403076,-0.7365595698356628,attack,No
4711,0,0,0.37754066879814546,-1.3283357620239258,-0.8283357620239258,attack,No
4712,0,0,0.4378235137849365,-1.015244483947754,-0.7652445435523987,attack,No
4713,0,0,0.02931223202330563,-3.709007501602173,-0.20900754630565643,attack,No
4714,0,0,0.07585818628900447,-2.8889594078063965,-0.38895949721336365,attack,No
4715,0,1,0.9241418220680101,-0.33581992983818054,-2.835819959640503,attack,Yes
4716,0,0,0.5,-0.8680259585380554,-0.8680259585380554,attack,No
4717,0,1,0.9241418220680101,-0.3329939544200897,-2.832993984222412,attack,Yes
4718,0,0,0.1480471829959148,-2.1802988052368164,-0.43029868602752686,attack,No
4719,0,0,0.32082130082460697,-1.429221749305725,-0.6792217493057251,attack,No
4720,0,0,0.1329642436335826,-2.235980272293091,-0.3609803020954132,attack,No
4721,0,0,0.4073334000459302,-1.2501587867736816,-0.8751587867736816,attack,No
4722,0,0,0.025957354937269386,-3.902060031890869,-0.277059942483902,attack,No
4723,0,0,0.4073333856566001,-1.15407395362854,-0.7790738940238953,attack,No
4724,0,0,0.32082130082460697,-1.4622297286987305,-0.7122297286987305,attack,No
4725,0,1,0.6513548646660542,-0.7737247943878174,-1.3987247943878174,attack,Yes
4726,0,1,0.7310585786300049,-0.617760181427002,-1.617760181427002,attack,Yes
4727,0,0,0.03308597743528921,-3.7199513912200928,-0.3449513614177704,attack,No
4728,0,0,0.34864513533394575,-1.3064582347869873,-0.6814582347869873,attack,No
4729,0,0,0.22270013882530884,-1.9043984413146973,-0.6543984413146973,attack,No
4730,0,0,0.0850990519679964,-2.7411224842071533,-0.3661225736141205,attack,No
4731,0,0,0.06754669020109236,-2.837338924407959,-0.2123389095067978,attack,No
4732,0,0,0.2689414096510108,-1.6783995628356934,-0.6783995032310486,attack,No
4733,0,1,0.867035752930664,-0.5386367440223694,-2.4136366844177246,attack,Yes
4734,0,0,0.22270012850745968,-1.9111292362213135,-0.6611291766166687,attack,No
4735,0,0,0.01243164938964095,-4.909140586853027,-0.5341404676437378,attack,No
4736,0,0,0.24508501313237172,-1.6452282667160034,-0.5202282667160034,attack,No
4737,0,1,0.7772998611746911,-0.586890697479248,-1.836890697479248,attack,Yes
4738,0,0,0.06754668738548215,-2.9444057941436768,-0.319405734539032,attack,No
4739,0,0,0.02931222905542399,-3.7545440196990967,-0.2545439600944519,attack,No
4740,0,0,0.042087725512577126,-3.4189565181732178,-0.293956458568573,attack,No
4741,0,1,0.7772998714925403,-0.6236199736595154,-1.8736200332641602,attack,Yes
4742,0,0,0.2018132174596823,-1.7981855869293213,-0.4231855571269989,attack,No
4743,0,1,0.679178699175393,-0.6952228546142578,-1.4452228546142578,attack,Yes
4744,0,0,0.1066905911052601,-2.512160062789917,-0.3871600329875946,attack,No
4745,0,1,0.939913343093499,-0.5383583307266235,-3.288358211517334,attack,Yes
4746,0,1,0.5621765008857981,-0.8764203786849976,-1.1264203786849976,attack,Yes
4747,0,0,0.029312233295254994,-3.840944290161133,-0.3409443795681,attack,No
4748,0,0,0.008577484399966718,-5.390453338623047,-0.6404532194137573,attack,No
4749,0,0,0.10669058826486906,-2.541022777557373,-0.41602271795272827,attack,No
4750,0,1,0.8175744673038221,-0.5250986218452454,-2.0250985622406006,attack,Yes
4751,0,0,0.37754066879814546,-1.3682185411453247,-0.8682185411453247,attack,No
4752,0,1,0.5926665999540697,-0.891440749168396,-1.266440749168396,attack,Yes
4753,0,0,0.033085981248949035,-3.792259693145752,-0.4172597825527191,attack,No
4754,0,0,0.09534947518185825,-2.550276756286621,-0.30027687549591064,attack,No
4755,0,0,0.08509904616718289,-2.624459981918335,-0.24945999681949615,attack,No
4756,0,0,0.46879062662624377,-0.9260035753250122,-0.8010035753250122,attack,No
4757,0,0,0.025957358328060655,-3.831782579421997,-0.20678262412548065,attack,No
4758,0,0,0.01798621101487092,-4.490573883056641,-0.4905739426612854,attack,No
4759,0,1,0.9149009480320036,-0.4400425851345062,-2.815042495727539,attack,Yes
4760,0,0,0.053403329799824234,-3.3521082401275635,-0.4771082401275635,attack,No
4761,0,1,0.7310585669110203,-0.6302681565284729,-1.6302680969238281,attack,Yes
4762,0,1,0.5312093733737563,-1.2729986906051636,-1.3979986906051636,attack,Yes
4763,0,0,0.0373268852023206,-3.5122017860412598,-0.262201726436615,attack,No
4764,0,1,0.5926665999540697,-0.9977174997329712,-1.3727174997329712,attack,Yes
4765,0,1,0.8519528170040853,-0.5572594404220581,-2.3072595596313477,attack,Yes
4766,0,0,0.01798621364681958,-4.49031400680542,-0.49031421542167664,attack,No
4767,0,0,0.037326890021390696,-3.4678258895874023,-0.2178259640932083,attack,No
4768,0,0,0.09534945975773548,-2.6907715797424316,-0.44077152013778687,attack,No
4769,0,0,0.2942149845400438,-1.74245023727417,-0.8674502968788147,attack,No
4770,0,1,0.7310585786300049,-0.6188957691192627,-1.6188957691192627,attack,Yes
4771,0,0,0.29421497216298875,-1.4865741729736328,-0.6115741729736328,attack,No
4772,0,1,0.7310585786300049,-0.8224446773529053,-1.8224446773529053,attack,Yes
4773,0,0,0.029312233295254994,-3.8410980701446533,-0.3410981595516205,attack,No
4774,0,0,0.24508501313237172,-1.6509279012680054,-0.5259279012680054,attack,No
4775,0,0,0.18242550602671442,-2.069573402404785,-0.5695732831954956,attack,No
4776,0,1,0.7057850154599563,-0.6769128441810608,-1.551912784576416,attack,Yes
4777,0,1,0.5926665999540697,-1.0468803644180298,-1.4218803644180298,attack,Yes
4778,0,0,0.2689414096510108,-1.5084567070007324,-0.5084566473960876,attack,No
4779,0,0,0.3208213138121609,-1.453796148300171,-0.7037962079048157,attack,No
4780,0,0,0.2689414213699951,-1.503082275390625,-0.503082275390625,attack,No
4781,0,0,0.0953494648991095,-2.508244514465332,-0.25824451446533203,attack,No
4782,0,0,0.1480472055495773,-2.156451463699341,-0.4064515233039856,attack,No
4783,0,1,0.8175744939732856,-0.6632589101791382,-2.1632590293884277,attack,Yes
4784,0,1,0.8519527944504226,-0.517799437046051,-2.2677993774414062,attack,Yes
4785,0,0,0.4378234991142019,-1.1740505695343018,-0.9240505695343018,attack,No
4786,0,1,0.8670357563664174,-0.3085677921772003,-2.183567762374878,attack,Yes
4787,0,0,0.029312233295254994,-3.781245231628418,-0.28124532103538513,attack,No
4788,0,0,0.46879062662624377,-1.3408843278884888,-1.2158843278884888,attack,no
4789,0,1,0.914900945711678,-0.48635923862457275,-2.861359119415283,attack,Yes
4790,0,1,0.8807970842359877,-0.6595799326896667,-2.6595799922943115,attack,Yes
4791,0,1,0.7981867777396212,-0.5778038501739502,-1.9528038501739502,attack,Yes
4792,0,0,0.3486451217982255,-1.4123470783233643,-0.7873470187187195,attack,No
4793,0,0,0.07585817793199003,-2.8560428619384766,-0.3560428321361542,attack,No
4794,0,0,0.1329642333263228,-2.143218994140625,-0.2682189345359802,attack,No
4795,0,1,0.7981867777396212,-0.4137991666793823,-1.7887991666793823,attack,Yes
4796,0,0,0.37754066879814546,-1.3958306312561035,-0.8958306312561035,attack,No
4797,0,1,0.6224593452091672,-0.8192889094352722,-1.319288969039917,attack,Yes
4798,0,0,0.4073334000459302,-1.1095834970474243,-0.7345834970474243,attack,No
4799,0,0,0.053403329799824234,-3.353649139404297,-0.4786491394042969,attack,No
4800,0,0,0.40733341443526055,-1.3158466815948486,-0.9408467411994934,attack,No
4801,0,0,0.0850990542883219,-2.976363182067871,-0.6013633012771606,attack,No
4802,0,1,0.8519527944504226,-0.48832350969314575,-2.238323450088501,attack,Yes
4803,0,1,0.8354835371034369,-0.43055152893066406,-2.055551528930664,attack,Yes
4804,0,0,0.20181323186177208,-1.9655718803405762,-0.590571939945221,attack,No
4805,0,0,0.4378235137849365,-1.0147593021392822,-0.764759361743927,attack,No
4806,0,0,0.3775406828054583,-1.270216703414917,-0.7702167630195618,attack,No
4807,0,0,0.014063626630011202,-4.737053871154785,-0.48705384135246277,attack,No
4808,0,0,0.042087731520181665,-3.3681607246398926,-0.24316081404685974,attack,No
4809,0,1,0.754914975839675,-0.6667645573616028,-1.791764497756958,attack,Yes
4810,0,0,0.2689414213699951,-1.6414190530776978,-0.6414190530776978,attack,No
4811,0,0,0.03308597552845946,-3.6593849658966064,-0.2843848764896393,attack,No
4812,0,1,0.7549149868676283,-0.7266721725463867,-1.8516721725463867,attack,Yes
4813,0,0,0.40733341443526055,-1.2996807098388672,-0.924680769443512,attack,No
4814,0,1,0.7310585903489892,-0.6520504355430603,-1.652050495147705,attack,Yes
4815,0,0,0.3775406828054583,-1.2840940952301025,-0.7840941548347473,attack,No
4816,0,0,0.042087731520181665,-3.4200596809387207,-0.29505977034568787,attack,No
4817,0,1,0.851952809486198,-0.6948689818382263,-2.444869041442871,attack,Yes
4818,0,0,0.060086648490884395,-3.121018648147583,-0.3710186183452606,attack,No
4819,0,0,0.29421496597446145,-1.3587530851364136,-0.4837530553340912,attack,No
4820,0,0,0.3775406547908327,-1.2122082710266113,-0.7122082114219666,attack,No
4821,0,0,0.0850990357257195,-2.5534839630126953,-0.17848384380340576,attack,No
4822,0,0,0.009708474762317362,-5.111208915710449,-0.4862087368965149,attack,no
4823,0,0,0.11920293453832885,-2.502735137939453,-0.5027352571487427,attack,No
4824,0,1,0.7772998611746911,-0.487247109413147,-1.737247109413147,attack,Yes
4825,0,0,0.32082130082460697,-1.2602654695510864,-0.5102654695510864,attack,No
4826,0,0,0.46879062662624377,-0.9818830490112305,-0.8568830490112305,attack,No
4827,0,0,0.2942149597859341,-1.4866151809692383,-0.6116151213645935,attack,No
4828,0,0,0.1480472055495773,-2.3222012519836426,-0.5722013115882874,attack,No
4829,0,0,0.053403325280175794,-3.0724802017211914,-0.19748011231422424,attack,No
4830,0,1,0.5312093733737563,-0.9922909736633301,-1.11729097366333,attack,Yes
4831,0,0,0.22270011818961086,-2.0451760292053223,-0.7951759099960327,attack,No
4832,0,0,0.060086648490884395,-3.2364909648895264,-0.486490935087204,attack,No
4833,0,0,0.033085976005166884,-3.569080114364624,-0.19408003985881805,attack,No
4834,0,1,0.5926665999540697,-0.7919862270355225,-1.1669862270355225,attack,Yes
4835,0,0,0.02033235601399812,-4.120602130889893,-0.24560226500034332,attack,No
4836,0,1,0.754914997895581,-0.6836943030357361,-1.8086943626403809,attack,Yes
4837,0,0,0.008577485033557495,-4.901703357696533,-0.15170331299304962,attack,No
4838,0,1,0.7981867729389246,-0.40201154351234436,-1.777011513710022,attack,Yes
4839,0,0,0.29421497216298875,-1.4817626476287842,-0.6067626476287842,attack,No
4840,0,1,0.7057850278370112,-0.5960962772369385,-1.4710962772369385,attack,Yes
4841,0,0,0.04742586913845881,-3.249293804168701,-0.249293714761734,attack,No
4842,0,0,0.18242552380635632,-1.8962578773498535,-0.3962578773498535,attack,No
4843,0,1,0.5312093733737563,-0.971047043800354,-1.096047043800354,attack,Yes
4844,0,0,0.08509904964767095,-2.7126238346099854,-0.3376238942146301,attack,No
4845,0,1,0.7310585786300049,-0.4888176918029785,-1.4888176918029785,attack,Yes
4846,0,0,0.14804721306746543,-2.286146640777588,-0.5361467599868774,attack,No
4847,0,0,0.32082130082460697,-1.5356762409210205,-0.7856762409210205,attack,No
4848,0,0,0.025957351169724027,-4.077985763549805,-0.4529855251312256,attack,No
4849,0,1,0.9046505402422645,-0.45161741971969604,-2.701617479324341,attack,Yes
4850,0,0,0.04742587587030561,-3.473045587539673,-0.4730456471443176,attack,No
4851,0,1,0.5926665855647394,-0.8066170811653137,-1.181617021560669,attack,Yes
4852,0,0,0.06008664933244599,-2.991663694381714,-0.24166367948055267,attack,No
4853,0,0,0.4378234991142019,-1.1501461267471313,-0.9001461267471313,attack,No
4854,0,0,0.020332352749027827,-4.177371978759766,-0.30237194895744324,attack,No
4855,0,0,0.4378234991142019,-1.200504183769226,-0.9505041837692261,attack,No
4856,0,0,0.11920291263495983,-2.4022490978240967,-0.4022490084171295,attack,No
4857,0,0,0.08509904036636974,-2.713153600692749,-0.33815354108810425,attack,No
4858,0,1,0.9046505428129514,-0.41934099793434143,-2.6693410873413086,attack,Yes
4859,0,1,0.7549149813536518,-0.4707243740558624,-1.59572434425354,attack,Yes
4860,0,0,0.34864513533394575,-1.4014803171157837,-0.7764803171157837,attack,No
4861,0,0,0.03308597934211908,-3.689344644546509,-0.3143446743488312,attack,No
4862,0,0,0.29421497216298875,-1.5175520181655884,-0.6425520181655884,attack,No
4863,0,0,0.007577240147319397,-5.084140777587891,-0.2091406285762787,attack,No
4864,0,0,0.11920293453832885,-2.5053248405456543,-0.5053249597549438,attack,No
4865,0,0,0.20181322226037882,-1.930201530456543,-0.555201530456543,attack,No
4866,0,0,0.11920291576401235,-2.3721580505371094,-0.3721579909324646,attack,No
4867,0,1,0.5621765155565327,-0.7810782790184021,-1.0310783386230469,attack,Yes
4868,0,0,0.3208212878370535,-1.6137285232543945,-0.8637284636497498,attack,No
4869,0,0,0.34864513533394575,-1.4806362390518188,-0.8556362390518188,attack,No
4870,0,0,0.29421497216298875,-1.4406706094741821,-0.5656706094741821,attack,No
4871,0,0,0.09534947518185825,-2.7280702590942383,-0.47807037830352783,attack,No
4872,0,0,0.014063628696182679,-4.577144622802734,-0.3271447420120239,attack,No
4873,0,0,0.05340332377362639,-3.0897083282470703,-0.21470820903778076,attack,No
4874,0,1,0.7057850154599563,-0.8776190876960754,-1.7526190280914307,attack,Yes
4875,0,1,0.5621764862150634,-0.9680326581001282,-1.2180325984954834,attack,Yes
4876,0,0,0.09534947518185825,-2.4514107704162598,-0.20141088962554932,attack,No
4877,0,0,0.03308597981882656,-3.609715223312378,-0.2347152680158615,attack,No
4878,0,0,0.033085981248949035,-3.6332545280456543,-0.25825461745262146,attack,No
4879,0,0,0.06754669677084987,-2.9184460639953613,-0.2934461534023285,attack,No
4880,0,0,0.1480471829959148,-2.108872413635254,-0.35887229442596436,attack,No
4881,0,1,0.6224593312018546,-0.7121104001998901,-1.2121104001998901,attack,Yes
4882,0,0,0.07585818106587033,-2.7388436794281006,-0.23884369432926178,attack,No
4883,0,0,0.5,-1.0147603750228882,-1.0147603750228882,attack,No
4884,0,0,0.053403325280175794,-3.2094430923461914,-0.33444300293922424,attack,No
4885,0,0,0.02595735945832451,-3.8531062602996826,-0.22810634970664978,attack,No
4886,0,1,0.8354835289107309,-0.5706673264503479,-2.195667266845703,attack,Yes
4887,0,0,0.1645164628965632,-1.9439338445663452,-0.3189338445663452,attack,No
4888,0,0,0.02297736991002561,-4.401483058929443,-0.6514830589294434,attack,No
4889,0,0,0.10669060246682488,-2.54217791557312,-0.4171780049800873,attack,No
4890,0,0,0.11920292828022305,-2.5055298805236816,-0.5055299401283264,attack,No
4891,0,0,0.22270013882530884,-2.036771297454834,-0.786771297454834,attack,No
4892,0,0,0.008577483386221569,-5.107224464416504,-0.3572242259979248,attack,No
4893,0,1,0.9046505325302034,-0.4589710533618927,-2.7089710235595703,attack,Yes
4894,0,0,0.32082130082460697,-1.4521077871322632,-0.7021077871322632,attack,No
4895,0,0,0.13296424706933604,-2.391308069229126,-0.5163081288337708,attack,No
4896,0,0,0.16451647108926923,-2.0803208351135254,-0.45532089471817017,attack,No
4897,0,1,0.7310585903489892,-0.7299413084983826,-1.7299413681030273,attack,Yes
4898,0,0,0.09534947004048376,-2.7667183876037598,-0.5167184472084045,attack,No
4899,0,0,0.01798620890931226,-4.298908233642578,-0.29890817403793335,attack,No
4900,0,0,0.4073334000459302,-1.1823890209197998,-0.8073890209197998,attack,No
4901,0,0,0.40733341443526055,-1.2384653091430664,-0.8634653687477112,attack,No
4902,0,1,0.8807970842359877,-0.5647305846214294,-2.564730644226074,attack,Yes
4903,0,0,0.08509904964767095,-2.663038969039917,-0.28803902864456177,attack,No
4904,0,0,0.03732688359596404,-3.489267110824585,-0.2392670065164566,attack,No
4905,0,0,0.2942149597859341,-1.5161409378051758,-0.641140878200531,attack,No
4906,0,0,0.042087731520181665,-3.3680944442749023,-0.2430945336818695,attack,No
4907,0,0,0.13296423676207594,-2.261000394821167,-0.3860003650188446,attack,No
4908,0,0,0.4378234991142019,-1.2396888732910156,-0.9896888732910156,attack,No
4909,0,0,0.18242551491653522,-2.1096150875091553,-0.6096150279045105,attack,No
4910,0,0,0.03732688359596404,-3.43157696723938,-0.18157686293125153,attack,No
4911,0,0,0.5,-0.941866397857666,-0.941866397857666,attack,No
4912,0,0,0.16451646699291617,-2.0737478733062744,-0.4487479031085968,attack,No
4913,0,1,0.5926665999540697,-0.7767064571380615,-1.1517064571380615,attack,Yes
4914,0,0,0.01798620838292263,-4.3310370445251465,-0.3310369551181793,attack,No
4915,0,0,0.18242551491653522,-2.007504940032959,-0.5075048804283142,attack,No
4916,0,1,0.5312093733737563,-0.9040842056274414,-1.0290842056274414,attack,Yes
4917,0,0,0.0675466911396291,-2.943359136581421,-0.3183591365814209,attack,No
4918,0,1,0.880797071719777,-0.521977961063385,-2.5219779014587402,attack,Yes
4919,0,0,0.009708476481474066,-4.735647678375244,-0.11064767837524414,attack,No
4920,0,0,0.02033235304584329,-4.055920124053955,-0.18092010915279388,attack,No
4921,0,1,0.5312093733737563,-0.8920773267745972,-1.0170773267745972,attack,Yes
4922,0,1,0.7549149868676283,-0.726692795753479,-1.851692795753479,attack,Yes
4923,0,0,0.03732689162774753,-3.537966251373291,-0.28796637058258057,attack,No
4924,0,1,0.7772998714925403,-0.6754524111747742,-1.925452470779419,attack,Yes
4925,0,0,0.1645164628965632,-2.1802706718444824,-0.5552706718444824,attack,No
4926,0,1,0.8175744584140004,-0.5997458696365356,-2.099745750427246,attack,Yes
4927,0,0,0.07585818524437762,-2.7223308086395264,-0.22233088314533234,attack,No
4928,0,0,0.1645164792819756,-2.2254772186279297,-0.6004773378372192,attack,No
4929,0,0,0.0040701384407312935,-6.080052375793457,-0.5800525546073914,attack,No
4930,0,0,0.3775406828054583,-1.3391797542572021,-0.8391798138618469,attack,No
4931,0,0,0.24508502416032488,-1.621072769165039,-0.49607282876968384,attack,No
4932,0,0,0.4378234991142019,-1.398289680480957,-1.148289680480957,attack,no
4933,0,0,0.1645164628965632,-2.052447557449341,-0.4274475574493408,attack,No
4934,0,0,0.1066905825840872,-2.6965694427490234,-0.5715693235397339,attack,No
4935,0,0,0.20181322226037882,-2.011941909790039,-0.6369419097900391,attack,No
4936,0,0,0.4073334000459302,-1.1040838956832886,-0.7290838956832886,attack,No
4937,0,0,0.1480471829959148,-2.3662819862365723,-0.6162818670272827,attack,No
4938,0,1,0.6791787121629466,-0.7302350401878357,-1.4802350997924805,attack,Yes
4939,0,1,0.5621765008857981,-0.8054413795471191,-1.0554413795471191,attack,Yes
4940,0,0,0.14804721306746543,-2.2795968055725098,-0.5295969247817993,attack,No
4941,0,0,0.10669059394565118,-2.546123743057251,-0.421123743057251,attack,No
4942,0,0,0.14804719427274565,-2.183964967727661,-0.43396493792533875,attack,No
4943,0,0,0.16451647108926923,-1.9793174266815186,-0.35431748628616333,attack,No
4944,0,0,0.46879064146934857,-1.0683579444885254,-0.9433580040931702,attack,No
4945,0,0,0.10669058826486906,-2.4848902225494385,-0.3598901629447937,attack,No
4946,0,0,0.2942149845400438,-1.5717763900756836,-0.6967764496803284,attack,No
4947,0,0,0.0758581737534831,-2.920276403427124,-0.42027631402015686,attack,No
4948,0,1,0.679178699175393,-0.8527649641036987,-1.6027649641036987,attack,Yes
4949,0,0,0.16451647108926923,-1.9453761577606201,-0.3203762173652649,attack,No
4950,0,0,0.46879062662624377,-1.1675713062286377,-1.0425713062286377,attack,No
4951,0,1,0.8519528170040853,-0.5643094778060913,-2.314309597015381,attack,Yes
4952,0,0,0.24508502416032488,-1.5977787971496582,-0.472778856754303,attack,No
4953,0,0,0.06008664512463808,-3.0893712043762207,-0.33937111496925354,attack,No
4954,0,1,0.7310585903489892,-0.7894489169120789,-1.7894489765167236,attack,Yes
4955,0,1,0.5926665999540697,-0.9532662630081177,-1.3282662630081177,attack,Yes
4956,0,0,0.1480471829959148,-2.187605857849121,-0.43760573863983154,attack,No
4957,0,1,0.5312093733737563,-0.9517636299133301,-1.07676362991333,attack,Yes
4958,0,0,0.0373268852023206,-3.489560842514038,-0.2395607829093933,attack,No
4959,0,0,0.03732689055684297,-3.5126678943634033,-0.2626679837703705,attack,No
4960,0,1,0.8933094145755219,-0.3742345869541168,-2.499234676361084,attack,Yes
4961,0,0,0.4073334000459302,-1.2388579845428467,-0.8638579845428467,attack,No
4962,0,1,0.5926665999540697,-0.8070573806762695,-1.1820573806762695,attack,Yes
4963,0,1,0.5312093733737563,-1.0480097532272339,-1.1730097532272339,attack,Yes
4964,0,0,0.07585817584273653,-3.090773344039917,-0.5907732844352722,attack,No
4965,0,1,0.5312093733737563,-0.9064289331436157,-1.0314289331436157,attack,Yes
4966,0,1,0.5621765008857981,-0.9479585886001587,-1.1979585886001587,attack,Yes
4967,0,0,0.3486451217982255,-1.3141930103302002,-0.6891929507255554,attack,No
4968,0,0,0.08509903804604459,-2.6661553382873535,-0.29115524888038635,attack,No
4969,0,0,0.14804719051380197,-2.1066691875457764,-0.3566691279411316,attack,No
4970,0,0,0.10669059394565118,-2.5746097564697266,-0.44960975646972656,attack,No
4971,0,0,0.0534033328129234,-3.3956236839294434,-0.5206237435340881,attack,No
4972,0,0,0.16451646699291617,-2.080850124359131,-0.45585015416145325,attack,No
4973,0,0,0.02931223159932252,-3.8774311542510986,-0.377431184053421,attack,No
4974,0,1,0.7772998611746911,-0.6637054681777954,-1.9137054681777954,attack,Yes
4975,0,0,0.02931222905542399,-4.1591620445251465,-0.6591619849205017,attack,no
4976,0,1,0.5312093733737563,-0.8091976046562195,-0.9341976046562195,attack,Yes
4977,0,0,0.020332353342658753,-4.323056697845459,-0.448056697845459,attack,No
4978,0,1,0.798186768138228,-0.4942353367805481,-1.8692352771759033,attack,Yes
4979,0,0,0.053403325280175794,-3.2746822834014893,-0.3996821939945221,attack,No
4980,0,1,0.7310585903489892,-0.891162097454071,-1.8911621570587158,attack,Yes
4981,0,0,0.11920292828022305,-2.3477225303649902,-0.347722589969635,attack,No
4982,0,0,0.46879062662624377,-1.0692806243896484,-0.9442806243896484,attack,No
4983,0,0,0.5,-1.2775588035583496,-1.2775588035583496,attack,no
4984,0,0,0.22270012850745968,-1.9949235916137695,-0.7449235320091248,attack,No
4985,0,0,0.22270013882530884,-1.7147729396820068,-0.46477293968200684,attack,No
4986,0,0,0.06754668738548215,-3.115377187728882,-0.49037712812423706,attack,No
4987,0,0,0.05340333431947304,-3.1314423084259033,-0.2564423978328705,attack,No
4988,0,0,0.01590639357784294,-4.254938125610352,-0.1299382448196411,attack,No
4989,0,1,0.6224593452091672,-0.8067025542259216,-1.3067026138305664,attack,Yes
4990,0,0,0.2942149597859341,-1.6678097248077393,-0.7928096652030945,attack,No
4991,0,1,0.7549149923816048,-0.49911341071128845,-1.6241134405136108,attack,Yes
4992,0,0,0.11920291263495983,-2.427732229232788,-0.4277321398258209,attack,No
4993,0,1,0.679178699175393,-0.7178571224212646,-1.4678571224212646,attack,Yes
4994,0,0,0.01098694327827096,-4.8242621421813965,-0.32426220178604126,attack,No
4995,0,0,0.1480472055495773,-2.3701894283294678,-0.6201894879341125,attack,No
4996,0,0,0.3775406547908327,-1.1588144302368164,-0.6588143706321716,attack,No
4997,0,1,0.5621765008857981,-0.8179192543029785,-1.0679192543029785,attack,Yes
4998,0,0,0.042087731520181665,-3.5518126487731934,-0.4268127381801605,attack,No
4999,0,0,0.5,-0.9416568279266357,-0.9416568279266357,attack,No
5000,0,1,0.7549149868676283,-0.6549093723297119,-1.779909372329712,attack,Yes
5001,0,0,0.34864513533394575,-1.4502838850021362,-0.8252838850021362,attack,No
5002,0,0,0.20181322226037882,-1.7556310892105103,-0.38063108921051025,attack,No
5003,0,0,0.20181322226037882,-1.8167973756790161,-0.4417973756790161,attack,No
5004,0,1,0.7772998714925403,-0.5139538645744324,-1.7639539241790771,attack,Yes
5005,0,0,0.18242552825126704,-1.9201343059539795,-0.4201343357563019,attack,No
5006,0,1,0.6513548646660542,-0.7258360385894775,-1.3508360385894775,attack,Yes
5007,0,0,0.37754066879814546,-1.20420503616333,-0.7042050361633301,attack,No
5008,0,0,0.08509903920620716,-2.5773556232452393,-0.2023555487394333,attack,No
5009,0,0,0.24508500210441886,-1.7035932540893555,-0.5785931944847107,attack,No
5010,0,1,0.5621765008857981,-0.9672384262084961,-1.217238426208496,attack,Yes
5011,0,1,0.798186768138228,-0.5773382782936096,-1.9523382186889648,attack,Yes
5012,0,0,0.03732688306051187,-3.5677285194396973,-0.3177284002304077,attack,No
5013,0,0,0.22270014914315833,-1.8985497951507568,-0.6485498547554016,attack,No
5014,0,0,0.03308598220236406,-3.8335866928100586,-0.45858681201934814,attack,No
5015,0,0,0.0675466911396291,-3.0386407375335693,-0.41364073753356934,attack,No
5016,0,1,0.7310585903489892,-0.7165717482566833,-1.7165718078613281,attack,Yes
5017,0,0,0.5,-0.9700499773025513,-0.9700499773025513,attack,No
5018,0,0,0.4378234991142019,-1.2981152534484863,-1.0481152534484863,attack,No
5019,0,0,0.24508502416032488,-1.8946998119354248,-0.7696998715400696,attack,No
5020,0,1,0.6224593312018546,-0.7874864339828491,-1.2874864339828491,attack,Yes
5021,0,1,0.6513548511303336,-0.9403029084205627,-1.565302848815918,attack,Yes
5022,0,0,0.4073334000459302,-1.4760950803756714,-1.1010950803756714,attack,No
5023,0,0,0.042087729117139754,-3.3935129642486572,-0.2685129940509796,attack,No
5024,0,1,0.5312093882168609,-0.8790547251701355,-1.0040547847747803,attack,Yes
5025,0,0,0.07585818628900447,-2.7379612922668457,-0.23796138167381287,attack,No
5026,0,0,0.01590639427760358,-4.2542805671691895,-0.12928073108196259,attack,No
5027,0,0,0.029312233295254994,-3.842212677001953,-0.3422127664089203,attack,No
5028,0,0,0.2689414213699951,-1.5509207248687744,-0.5509207248687744,attack,No
5029,0,0,0.24508501313237172,-1.6203025579452515,-0.49530255794525146,attack,No
5030,0,1,0.7772998714925403,-0.4355570673942566,-1.6855571269989014,attack,Yes
5031,0,0,0.1329642264548166,-2.3196120262145996,-0.44461190700531006,attack,No
5032,0,0,0.01243165231673086,-5.019484043121338,-0.6444841623306274,attack,no
5033,0,0,0.13296425050508953,-2.145803928375244,-0.2708040177822113,attack,No
5034,0,0,0.02033235452992065,-4.470201015472412,-0.5952010750770569,attack,No
5035,0,1,0.5926665855647394,-0.7508707642555237,-1.125870704650879,attack,Yes
5036,0,0,0.03308597552845946,-3.6884450912475586,-0.31344500184059143,attack,No
5037,0,1,0.6224593452091672,-0.7275795340538025,-1.2275795936584473,attack,Yes
5038,0,0,0.020332357498075698,-4.242658615112305,-0.3676588237285614,attack,No
5039,0,0,0.4073334000459302,-1.2143197059631348,-0.8393197059631348,attack,No
5040,0,1,0.5926665999540697,-0.8394304513931274,-1.2144304513931274,attack,Yes
5041,0,0,0.0019267349498801579,-6.477682590484619,-0.22768273949623108,attack,No
5042,0,0,0.1480472055495773,-2.2124195098876953,-0.4624195694923401,attack,No
5043,0,0,0.02595735569077852,-3.77873158454895,-0.15373152494430542,attack,No
5044,0,1,0.5926665999540697,-0.8211288452148438,-1.1961288452148438,attack,Yes
5045,0,0,0.02033235423310517,-4.075537204742432,-0.20053724944591522,attack,No
5046,0,0,0.18242552825126704,-1.8997623920440674,-0.39976242184638977,attack,No
5047,0,1,0.6224593312018546,-0.8593627214431763,-1.3593627214431763,attack,Yes
5048,0,1,0.8670357666736773,-0.40622133016586304,-2.281221389770508,attack,Yes
5049,0,0,0.4378234991142019,-1.1736750602722168,-0.9236750602722168,attack,No
5050,0,0,0.4073334000459302,-1.2618967294692993,-0.8868967294692993,attack,No
5051,0,0,0.2689414213699951,-1.4665993452072144,-0.46659934520721436,attack,No
5052,0,0,0.4378234991142019,-1.0891673564910889,-0.8391673564910889,attack,No
5053,0,1,0.5621765008857981,-1.0317726135253906,-1.2817726135253906,attack,Yes
5054,0,1,0.8175744850834649,-0.43560880422592163,-1.9356088638305664,attack,Yes
5055,0,0,0.017986210488481234,-4.445310115814209,-0.44531014561653137,attack,No
5056,0,0,0.20181324146316565,-2.0498414039611816,-0.6748415231704712,attack,No
5057,0,0,0.09534947004048376,-2.570282459259033,-0.320282518863678,attack,No
5058,0,0,0.2942149597859341,-1.6176555156707764,-0.7426554560661316,attack,No
5059,0,1,0.679178699175393,-0.6832773685455322,-1.4332773685455322,attack,Yes
5060,0,1,0.9046505299595163,-0.4940350651741028,-2.744035005569458,attack,Yes
5061,0,0,0.07585818628900447,-2.885281801223755,-0.38528189063072205,attack,No
5062,0,0,0.3775406547908327,-1.2046349048614502,-0.7046348452568054,attack,No
5063,0,0,0.01590639124530769,-4.5278167724609375,-0.4028167426586151,attack,No
5064,0,1,0.6224593312018546,-0.7694876194000244,-1.2694876194000244,attack,Yes
5065,0,0,0.18242553269617778,-2.2001054286956787,-0.7001054883003235,attack,No
5066,0,0,0.0953494648991095,-2.511141777038574,-0.2611417770385742,attack,No
5067,0,1,0.6224593452091672,-0.7872762084007263,-1.287276268005371,attack,Yes
5068,0,0,0.06754669489377622,-3.0774121284484863,-0.4524121880531311,attack,No
5069,0,1,0.5926665999540697,-1.0218417644500732,-1.3968417644500732,attack,Yes
5070,0,1,0.7772998818103892,-0.754719614982605,-2.0047197341918945,attack,Yes
5071,0,1,0.5926665855647394,-0.8384233117103577,-1.213423252105713,attack,Yes
5072,0,0,0.047425867792089564,-3.2730555534362793,-0.27305543422698975,attack,No
5073,0,0,0.14804721306746543,-2.249210834503174,-0.4992109537124634,attack,No
5074,0,0,0.004070138380328358,-5.7059783935546875,-0.20597855746746063,attack,No
5075,0,0,0.32082130082460697,-1.305956244468689,-0.555956244468689,attack,No
5076,0,0,0.07585818002124356,-3.0888757705688477,-0.5888757705688477,attack,No
5077,0,0,0.22270013882530884,-1.9046354293823242,-0.6546354293823242,attack,No
5078,0,0,0.09534945461636171,-2.810248374938965,-0.5602482557296753,attack,No
5079,0,0,0.11920292202211755,-2.681521415710449,-0.6815214157104492,attack,No
5080,0,0,0.06754668550840877,-2.853926181793213,-0.22892609238624573,attack,No
5081,0,0,0.060086648490884395,-3.062281370162964,-0.3122813403606415,attack,No
5082,0,0,0.2689414213699951,-1.6080844402313232,-0.6080844402313232,attack,No
5083,0,0,0.02297736522671412,-4.0537214279174805,-0.30372121930122375,attack,No
5084,0,0,0.0474258704848281,-3.6174190044403076,-0.6174189448356628,attack,No
5085,0,0,0.025957358704815272,-3.9322097301483154,-0.3072097897529602,attack,No
5086,0,1,0.5312093733737563,-0.9370294809341431,-1.062029480934143,attack,Yes
5087,0,1,0.7981867777396212,-0.45371782779693604,-1.828717827796936,attack,Yes
5088,0,1,0.6791786861878392,-0.6537886261940002,-1.4037885665893555,attack,Yes
5089,0,0,0.05340333507274787,-3.0563552379608154,-0.1813553422689438,attack,No
5090,0,0,0.047425871831197425,-3.250399351119995,-0.25039932131767273,attack,No
5091,0,0,0.29421497216298875,-1.6174495220184326,-0.7424495220184326,attack,No
5092,0,0,0.10669059820623795,-2.326219320297241,-0.2012193650007248,attack,No
5093,0,0,0.04208772791561884,-3.2814061641693115,-0.15640616416931152,attack,No
5094,0,0,0.09534946232842245,-2.4930508136749268,-0.24305078387260437,attack,No
5095,0,0,0.06008665017400762,-3.0896852016448975,-0.33968520164489746,attack,No
5096,0,1,0.6224593312018546,-0.7152425050735474,-1.2152425050735474,attack,Yes
5097,0,0,0.4073334000459302,-1.248674750328064,-0.873674750328064,attack,No
5098,0,0,0.2942149597859341,-1.435577392578125,-0.5605773329734802,attack,No
5099,0,1,0.8175744584140004,-0.7920609712600708,-2.2920608520507812,attack,Yes
5100,0,0,0.020332350077688886,-4.056124687194824,-0.1811245232820511,attack,No
5101,0,1,0.5312093733737563,-0.7884682416915894,-0.9134682416915894,attack,Yes
5102,0,0,0.5,-1.0006723403930664,-1.0006723403930664,attack,No
5103,0,0,0.014063628696182679,-4.465977668762207,-0.21597778797149658,attack,No
5104,0,0,0.042087729117139754,-3.4202897548675537,-0.2952897846698761,attack,No
5105,0,0,0.1066905911052601,-2.3974952697753906,-0.27249523997306824,attack,No
5106,0,1,0.7772998714925403,-0.43982023000717163,-1.6898202896118164,attack,Yes
5107,0,0,0.20181322226037882,-1.8429410457611084,-0.4679410457611084,attack,No
5108,0,0,0.3486451488696663,-1.2801613807678223,-0.655161440372467,attack,No
5109,0,1,0.7057850154599563,-0.6774385571479797,-1.552438497543335,attack,Yes
5110,0,1,0.6513548511303336,-0.6215448975563049,-1.2465448379516602,attack,Yes
5111,0,0,0.24508501313237172,-1.7308913469314575,-0.6058913469314575,attack,No
5112,0,0,0.37754066879814546,-1.3807601928710938,-0.8807601928710938,attack,No
5113,0,1,0.5621765008857981,-0.8940743207931519,-1.1440743207931519,attack,Yes
5114,0,0,0.5,-1.0012238025665283,-1.0012238025665283,attack,No
5115,0,0,0.24508500210441886,-1.8805303573608398,-0.7555302977561951,attack,No
5116,0,0,0.0850990542883219,-2.712667465209961,-0.3376675844192505,attack,No
5117,0,1,0.7310585786300049,-0.6891067028045654,-1.6891067028045654,attack,Yes
5118,0,0,0.09534945718704857,-2.490565776824951,-0.240565687417984,attack,No
5119,0,1,0.679178699175393,-0.5860229730606079,-1.336022973060608,attack,Yes
5120,0,0,0.5,-1.1139302253723145,-1.1139302253723145,attack,No
5121,0,1,0.7549149868676283,-0.6179457902908325,-1.7429457902908325,attack,Yes
5122,0,0,0.2689414213699951,-1.710434913635254,-0.7104349136352539,attack,No
5123,0,0,0.1329642264548166,-2.2169713973999023,-0.3419712781906128,attack,No
5124,0,0,0.10669058826486906,-2.4831700325012207,-0.3581699728965759,attack,No
5125,0,0,0.07585818628900447,-2.9250683784484863,-0.4250684678554535,attack,No
5126,0,0,0.2689414272294874,-1.4121054410934448,-0.4121054708957672,attack,No
5127,0,0,0.008577486427457372,-5.040383338928223,-0.2903834581375122,attack,No
5128,0,0,0.24508500210441886,-1.6468162536621094,-0.5218161940574646,attack,No
5129,0,0,0.13296424706933604,-2.1926791667938232,-0.317679226398468,attack,No
5130,0,0,0.20181322226037882,-1.821253776550293,-0.44625377655029297,attack,No
5131,0,0,0.2689414213699951,-1.4851700067520142,-0.48517000675201416,attack,No
5132,0,0,0.042087725512577126,-3.3687987327575684,-0.24379867315292358,attack,No
5133,0,0,0.08509904268669496,-2.840939998626709,-0.4659399688243866,attack,No
5134,0,0,0.09534945718704857,-2.5988335609436035,-0.34883347153663635,attack,No
5135,0,1,0.754914997895581,-0.6956574320793152,-1.82065749168396,attack,Yes
5136,0,0,0.37754066879814546,-1.3177390098571777,-0.8177390098571777,attack,No
5137,0,1,0.5621765155565327,-0.891429603099823,-1.1414296627044678,attack,Yes
5138,0,0,0.03308598029553404,-3.633681535720825,-0.25868159532546997,attack,No
5139,0,1,0.8175744673038221,-0.6889236569404602,-2.1889235973358154,attack,Yes
5140,0,0,0.017986206803753842,-4.4032769203186035,-0.4032767415046692,attack,No
5141,0,1,0.5312093733737563,-0.9192475080490112,-1.0442475080490112,attack,Yes
5142,0,0,0.29421497216298875,-1.4880095720291138,-0.6130095720291138,attack,No
5143,0,0,0.06754669301670263,-3.036538600921631,-0.41153863072395325,attack,No
5144,0,0,0.18242551936144574,-1.8995575904846191,-0.39955756068229675,attack,No
5145,0,0,0.3775406547908327,-1.2827603816986084,-0.7827603220939636,attack,No
5146,0,1,0.914900945711678,-0.31849491596221924,-2.6934947967529297,attack,Yes
5147,0,1,0.7057850402140659,-0.6549176573753357,-1.5299177169799805,attack,Yes
5148,0,0,0.09534947261117097,-2.6559689044952393,-0.4059689939022064,attack,No
5149,0,0,0.05340333130637379,-3.237738609313965,-0.36273863911628723,attack,No
5150,0,0,0.24508501313237172,-1.6210688352584839,-0.4960688352584839,attack,No
5151,0,1,0.6224593312018546,-0.667718768119812,-1.167718768119812,attack,Yes
5152,0,1,0.7549149868676283,-0.46985769271850586,-1.5948576927185059,attack,Yes
5153,0,0,0.14804720930852133,-2.183698892593384,-0.43369898200035095,attack,No
5154,0,0,0.22270012850745968,-1.6743228435516357,-0.42432278394699097,attack,No
5155,0,0,0.029312230751356316,-3.7819573879241943,-0.28195738792419434,attack,No
5156,0,0,0.042087730919421175,-3.3684701919555664,-0.24347026646137238,attack,No
5157,0,0,0.1645164792819756,-2.1383533477783203,-0.5133534669876099,attack,No
5158,0,0,0.4073334000459302,-1.1524765491485596,-0.7774765491485596,attack,No
5159,0,1,0.5621764862150634,-0.9110756516456604,-1.1610755920410156,attack,Yes
5160,0,0,0.5,-0.9412598609924316,-0.9412598609924316,attack,No
5161,0,1,0.7981867873410141,-0.7637600302696228,-2.1387600898742676,attack,Yes
5162,0,1,0.8354835248143776,-0.4973061978816986,-2.1223061084747314,attack,Yes
5163,0,0,0.01798621364681958,-4.298654556274414,-0.2986547648906708,attack,No
5164,0,0,0.020332355717182622,-4.4167375564575195,-0.5417376756668091,attack,No
5165,0,0,0.10669059394565118,-2.4346272945404053,-0.3096272945404053,attack,No
5166,0,1,0.8933094032139576,-0.2279236614704132,-2.352923631668091,attack,Yes
5167,0,1,0.754914997895581,-0.8547782301902771,-1.9797782897949219,attack,Yes
5168,0,0,0.1645164628965632,-1.9803268909454346,-0.35532689094543457,attack,No
5169,0,0,0.2942149845400438,-1.5115363597869873,-0.6365364193916321,attack,No
5170,0,0,0.34864513533394575,-1.2458652257919312,-0.6208652257919312,attack,No
5171,0,0,0.042087723109535534,-3.4469141960144043,-0.32191407680511475,attack,No
5172,0,0,0.029312230751356316,-3.7809720039367676,-0.2809720039367676,attack,No
5173,0,0,0.34864513533394575,-1.3439419269561768,-0.7189419269561768,attack,No
5174,0,1,0.7772998714925403,-0.6648215651512146,-1.9148216247558594,attack,Yes
5175,0,0,0.13296424706933604,-2.292128562927246,-0.41712862253189087,attack,No
5176,0,0,0.4378234991142019,-1.3999123573303223,-1.1499123573303223,attack,No
5177,0,1,0.7057850402140659,-0.6778175234794617,-1.5528175830841064,attack,Yes
5178,0,1,0.817574471748733,-0.3477851450443268,-1.8477851152420044,attack,Yes
5179,0,1,0.7310585669110203,-0.5506976246833801,-1.5506975650787354,attack,Yes
5180,0,0,0.09534947004048376,-2.598228931427002,-0.34822899103164673,attack,No
5181,0,1,0.7981867873410141,-0.5947560667991638,-1.9697561264038086,attack,Yes
5182,0,0,0.46879062662624377,-1.0809059143066406,-0.9559059143066406,attack,No
5183,0,0,0.11920292202211755,-2.3733174800872803,-0.3733174800872803,attack,No
5184,0,0,0.08509904964767095,-2.771212100982666,-0.3962121605873108,attack,No
5185,0,1,0.7310585669110203,-0.6177845597267151,-1.6177845001220703,attack,Yes
5186,0,1,0.7310585669110203,-0.5869722962379456,-1.5869722366333008,attack,Yes
5187,0,0,0.1480471980316895,-2.3624229431152344,-0.6124229431152344,attack,No
5188,0,0,0.09534945975773548,-2.7281007766723633,-0.4781007170677185,attack,No
5189,0,0,0.46879062662624377,-0.9817258715629578,-0.8567258715629578,attack,No
5190,0,0,0.29421496597446145,-1.3620320558547974,-0.487032026052475,attack,No
5191,0,0,0.029312229903390143,-3.8097548484802246,-0.3097548186779022,attack,No
5192,0,1,0.7549149868676283,-0.5945559740066528,-1.7195559740066528,attack,Yes
5193,0,0,0.07585817793199003,-2.7373454570770264,-0.23734542727470398,attack,No
5194,0,0,0.34864513533394575,-1.2944374084472656,-0.6694374084472656,attack,No
5195,0,1,0.6513548646660542,-0.8543002605438232,-1.4793002605438232,attack,Yes
5196,0,1,0.798186768138228,-0.5330851674079895,-1.9080851078033447,attack,Yes
5197,0,0,0.09534945975773548,-2.6290805339813232,-0.37908047437667847,attack,No
5198,0,0,0.06008664344151498,-3.1926021575927734,-0.4426020383834839,attack,No
5199,0,0,0.06754668363133542,-3.1582865715026855,-0.533286452293396,attack,No
5200,0,0,0.017986210488481234,-4.330605506896973,-0.33060553669929504,attack,No
5201,0,0,0.13296424019782924,-2.2343909740448,-0.3593909740447998,attack,No
5202,0,1,0.679178699175393,-0.8526105880737305,-1.6026105880737305,attack,Yes
5203,0,0,0.11920292202211755,-2.628188371658325,-0.6281883716583252,attack,No
5204,0,0,0.020332356904444657,-4.417098045349121,-0.5420982241630554,attack,No
5205,0,0,0.24508500210441886,-1.6985726356506348,-0.57357257604599,attack,No
5206,0,0,0.34864513533394575,-1.538354754447937,-0.913354754447937,attack,No
5207,0,0,0.34864513533394575,-1.4216443300247192,-0.7966443300247192,attack,No
5208,0,1,0.8519527944504226,-0.5177801251411438,-2.267780065536499,attack,Yes
5209,0,0,0.1329642333263228,-2.5193519592285156,-0.6443518996238708,attack,No
5210,0,0,0.014063625390308462,-4.377508640289307,-0.1275085210800171,attack,No
5211,0,0,0.07585817793199003,-2.8024368286132812,-0.30243679881095886,attack,No
5212,0,0,0.2942149845400438,-1.4816367626190186,-0.6066368222236633,attack,No
5213,0,0,0.04742587317756679,-3.395357370376587,-0.3953573703765869,attack,No
5214,0,1,0.5926665999540697,-0.8062492609024048,-1.1812492609024048,attack,Yes
5215,0,1,0.7981867873410141,-0.7254437804222107,-2.1004438400268555,attack,Yes
5216,0,0,0.34864513533394575,-1.3763933181762695,-0.7513933181762695,attack,No
5217,0,0,0.4073333856566001,-1.1626100540161133,-0.7876099944114685,attack,No
5218,0,0,0.24508501313237172,-1.7027080059051514,-0.5777080059051514,attack,No
5219,0,1,0.9046505376715775,-0.45142289996147156,-2.701422929763794,attack,Yes
5220,0,1,0.5621765008857981,-0.8613786697387695,-1.1113786697387695,attack,Yes
5221,0,1,0.5312093733737563,-0.8641883134841919,-0.9891883134841919,attack,Yes
5222,0,0,0.20181323186177208,-2.005742073059082,-0.6307421326637268,attack,No
5223,0,0,0.22270014914315833,-1.8288614749908447,-0.5788615345954895,attack,No
5224,0,1,0.754914997895581,-0.5846571326255798,-1.7096571922302246,attack,Yes
5225,0,0,0.29421497216298875,-1.4364227056503296,-0.5614227056503296,attack,No
5226,0,0,0.16451645470385742,-2.048292636871338,-0.4232925772666931,attack,No
5227,0,0,0.029312237535086605,-4.100744247436523,-0.6007444858551025,attack,No
5228,0,0,0.009708474762317362,-4.836619853973389,-0.21161967515945435,attack,No
5229,0,0,0.24508502416032488,-1.8485918045043945,-0.7235918641090393,attack,No
5230,0,1,0.7057850278370112,-0.7275311946868896,-1.6025311946868896,attack,Yes
5231,0,0,0.20181320305759334,-2.0556888580322266,-0.680688738822937,attack,No
5232,0,0,0.06008665017400762,-3.429755687713623,-0.679755687713623,attack,no
5233,0,0,0.02033235423310517,-4.075967788696289,-0.20096783339977264,attack,No
5234,0,0,0.01798620759333822,-4.1785359382629395,-0.1785358041524887,attack,No
5235,0,1,0.5621765008857981,-0.8619301319122314,-1.1119301319122314,attack,Yes
5236,0,0,0.2942149845400438,-1.5170691013336182,-0.6420691609382629,attack,No
5237,0,0,0.3486451217982255,-1.430962324142456,-0.8059622645378113,attack,No
5238,0,0,0.0534033328129234,-3.1828887462615967,-0.30788880586624146,attack,No
5239,0,0,0.08509904732734556,-2.641522169113159,-0.26652219891548157,attack,No
5240,0,0,0.1480471980316895,-2.414116382598877,-0.664116382598877,attack,No
5241,0,0,0.4378235137849365,-1.1398017406463623,-0.8898018002510071,attack,No
5242,0,0,0.03308597648187432,-3.5515072345733643,-0.17650717496871948,attack,No
5243,0,0,0.5,-1.0725922584533691,-1.0725922584533691,attack,No
5244,0,0,0.015906394044350028,-4.488832950592041,-0.36383309960365295,attack,No
5245,0,0,0.3486451488696663,-1.4496982097625732,-0.824698269367218,attack,No
5246,0,0,0.07585818628900447,-2.800783157348633,-0.3007832467556,attack,No
5247,0,0,0.3486451488696663,-1.4399864673614502,-0.814986526966095,attack,No
5248,0,1,0.679178699175393,-0.7678525447845459,-1.517852544784546,attack,Yes
5249,0,0,0.053403325280175794,-3.0201940536499023,-0.14519396424293518,attack,No
5250,0,0,0.07585817166422973,-2.9982218742370605,-0.498221755027771,attack,No
5251,0,0,0.24508501313237172,-1.6457115411758423,-0.5207115411758423,attack,No
5252,0,0,0.06754668738548215,-3.0382938385009766,-0.4132937788963318,attack,No
5253,0,1,0.5621765008857981,-0.7699271440505981,-1.0199271440505981,attack,Yes
5254,0,0,0.08509904964767095,-2.884246349334717,-0.5092464089393616,attack,No
5255,0,0,0.10669058826486906,-2.5774331092834473,-0.4524330496788025,attack,No
5256,0,0,0.05340333431947304,-3.131765842437744,-0.2567659318447113,attack,No
5257,0,0,0.46879062662624377,-1.0823029279708862,-0.9573029279708862,attack,No
5258,0,0,0.07585818002124356,-2.8287057876586914,-0.3287057876586914,attack,No
5259,0,0,0.2942149845400438,-1.5509097576141357,-0.6759098172187805,attack,No
5260,0,0,0.24508501313237172,-1.7311736345291138,-0.6061736345291138,attack,No
5261,0,0,0.09534945975773548,-2.5984301567077637,-0.3484300971031189,attack,No
5262,0,0,0.014063629935885703,-4.692909240722656,-0.44290944933891296,attack,No
5263,0,1,0.5621765155565327,-0.8954846262931824,-1.1454846858978271,attack,Yes
5264,0,0,0.4378234844434674,-1.0154163837432861,-0.7654163241386414,attack,No
5265,0,0,0.11920290950590741,-2.3271870613098145,-0.3271869421005249,attack,No
5266,0,0,0.06754668738548215,-3.317594051361084,-0.6925939917564392,attack,No
5267,0,0,0.1645164792819756,-2.1383047103881836,-0.5133048295974731,attack,No
5268,0,0,0.04742587250438209,-3.1603970527648926,-0.16039703786373138,attack,No
5269,0,0,0.1645164628965632,-2.1798198223114014,-0.5548198223114014,attack,No
5270,0,0,0.14804719427274565,-2.1808700561523438,-0.43087002635002136,attack,No
5271,0,0,0.13296424019782924,-2.5793044567108154,-0.7043044567108154,attack,No
5272,0,0,0.1329642333263228,-2.624296188354492,-0.7492961287498474,attack,No
5273,0,0,0.09534945718704857,-2.656248092651367,-0.4062480032444,attack,No
5274,0,0,0.13296423676207594,-2.1939523220062256,-0.3189522922039032,attack,No
5275,0,0,0.08509904732734556,-2.710310935974121,-0.3353109657764435,attack,No
5276,0,1,0.6513548511303336,-0.6915693879127502,-1.3165693283081055,attack,Yes
5277,0,0,0.13296424019782924,-2.4317963123321533,-0.5567963123321533,attack,No
5278,0,0,0.02595736171885236,-4.171473026275635,-0.5464732050895691,attack,No
5279,0,1,0.5312093733737563,-0.9363540410995483,-1.0613540410995483,attack,Yes
5280,0,0,0.053403329799824234,-3.353436231613159,-0.4784362316131592,attack,No
5281,0,0,0.4073334000459302,-1.0197980403900146,-0.6447980403900146,attack,No
5282,0,0,0.09534946232842245,-2.729461431503296,-0.4794614017009735,attack,No
5283,0,1,0.7981867777396212,-0.5500349998474121,-1.925034999847412,attack,Yes
5284,0,1,0.8519527869325346,-0.4822045564651489,-2.2322044372558594,attack,Yes
5285,0,0,0.10669060530721626,-2.7950477600097656,-0.6700478792190552,attack,No
5286,0,1,0.5926665999540697,-0.727482795715332,-1.102482795715332,attack,Yes
5287,0,0,0.0675466911396291,-2.9447684288024902,-0.31976842880249023,attack,No
5288,0,0,0.4073334000459302,-1.1361018419265747,-0.7611018419265747,attack,No
5289,0,0,0.06754669301670263,-3.04002046585083,-0.41502049565315247,attack,No
5290,0,1,0.6224593171945417,-0.6898220181465149,-1.1898219585418701,attack,Yes
5291,0,1,0.8354835371034369,-0.5377664566040039,-2.162766456604004,attack,Yes
5292,0,1,0.8354835493924953,-0.46989455819129944,-2.0948946475982666,attack,Yes
5293,0,0,0.4073334000459302,-1.1832776069641113,-0.8082776069641113,attack,No
5294,0,1,0.5621765008857981,-0.7492387890815735,-0.9992387890815735,attack,Yes
5295,0,1,0.6224593312018546,-1.0712335109710693,-1.5712335109710693,attack,Yes
5296,0,1,0.7057850278370112,-0.6237895488739014,-1.4987895488739014,attack,Yes
5297,0,1,0.7057850278370112,-0.6893556118011475,-1.5643556118011475,attack,Yes
5298,0,0,0.4073334000459302,-1.2497904300689697,-0.8747904300689697,attack,No
5299,0,1,0.8933094145755219,-0.27746930718421936,-2.4024693965911865,attack,Yes
5300,0,1,0.5621764862150634,-0.9118743538856506,-1.1618742942810059,attack,Yes
5301,0,0,0.46879062662624377,-1.2095422744750977,-1.0845422744750977,attack,No
5302,0,0,0.04742587317756679,-3.3302018642425537,-0.3302018642425537,attack,No
5303,0,1,0.8175744673038221,-0.5696864724159241,-2.0696864128112793,attack,Yes
5304,0,0,0.37754066879814546,-1.3279709815979004,-0.8279709815979004,attack,No
5305,0,0,0.18242550602671442,-2.0335922241210938,-0.5335921049118042,attack,No
5306,0,1,0.5926666143433998,-0.7644504904747009,-1.1394505500793457,attack,Yes
5307,0,0,0.18242552825126704,-1.9198755025863647,-0.41987553238868713,attack,No
5308,0,0,0.07585817688736327,-2.739074468612671,-0.23907442390918732,attack,No
5309,0,0,0.3486451217982255,-1.4392383098602295,-0.8142382502555847,attack,No
5310,0,0,0.1066905911052601,-2.544915199279785,-0.41991516947746277,attack,No
5311,0,0,0.020332353342658753,-4.1758198738098145,-0.30081987380981445,attack,No
5312,0,0,0.08509904964767095,-2.8074443340301514,-0.43244439363479614,attack,No
5313,0,0,0.03732688573777281,-3.468252658843994,-0.21825261414051056,attack,No
5314,0,1,0.9324533088603709,-0.3528416156768799,-2.97784161567688,attack,Yes
5315,0,0,0.24508502416032488,-1.6450164318084717,-0.5200164914131165,attack,No
5316,0,0,0.2942149845400438,-1.62687087059021,-0.7518709301948547,attack,No
5317,0,0,0.01798620890931226,-4.4529948234558105,-0.45299476385116577,attack,no
5318,0,0,0.13296424706933604,-2.4283995628356934,-0.5533996224403381,attack,No
5319,0,0,0.16451646699291617,-1.9793293476104736,-0.354329377412796,attack,No
5320,0,1,0.9324533088603709,-0.4982891082763672,-3.123289108276367,attack,Yes
5321,0,1,0.679178699175393,-0.7171410322189331,-1.467141032218933,attack,Yes
5322,0,0,0.5,-1.139567255973816,-1.139567255973816,attack,No
5323,0,0,0.022977371582637088,-3.9984941482543945,-0.2484942227602005,attack,No
5324,0,0,0.29421497216298875,-1.550828218460083,-0.675828218460083,attack,No
5325,0,0,0.14804718675485834,-2.021770477294922,-0.2717703878879547,attack,No
5326,0,1,0.7310585786300049,-0.510798454284668,-1.510798454284668,attack,Yes
5327,0,0,0.029312229903390143,-3.7546634674072266,-0.2546634376049042,attack,No
5328,0,0,0.07585817166422973,-2.959123134613037,-0.45912301540374756,attack,No
5329,0,0,0.0850990542883219,-3.143259048461914,-0.7682591676712036,attack,no
5330,0,0,0.1480471829959148,-2.1555962562561035,-0.40559613704681396,attack,No
5331,0,0,0.060086646807761206,-3.0897605419158936,-0.3397604823112488,attack,No
5332,0,0,0.04742587317756679,-3.3282198905944824,-0.3282198905944824,attack,No
5333,0,0,0.29421497216298875,-1.459387183189392,-0.5843871831893921,attack,No
5334,0,1,0.7057850278370112,-0.7834006547927856,-1.6584006547927856,attack,Yes
5335,0,1,0.5621765008857981,-0.877570629119873,-1.127570629119873,attack,Yes
5336,0,1,0.8354835207180245,-0.6285864114761353,-2.2535862922668457,attack,Yes
5337,0,0,0.20181322226037882,-1.9010754823684692,-0.5260754823684692,attack,No
5338,0,0,0.16451647518562237,-2.0255846977233887,-0.40058478713035583,attack,No
5339,0,1,0.8354835207180245,-0.5027076005935669,-2.1277074813842773,attack,Yes
5340,0,1,0.5312093733737563,-0.9375290870666504,-1.0625290870666504,attack,Yes
5341,0,0,0.033085981248949035,-3.551486015319824,-0.17648610472679138,attack,No
5342,0,1,0.7549149868676283,-0.7394435405731201,-1.8644435405731201,attack,Yes
5343,0,1,0.7310585669110203,-0.8211825489997864,-1.8211824893951416,attack,Yes
5344,0,0,0.029312234143221275,-4.158723831176758,-0.6587239503860474,attack,No
5345,0,1,0.5312093733737563,-0.9209513664245605,-1.0459513664245605,attack,Yes
5346,0,0,0.3208213138121609,-1.6526274681091309,-0.9026275277137756,attack,No
5347,0,0,0.3775406547908327,-1.2704057693481445,-0.7704057097434998,attack,No
5348,0,1,0.6224593171945417,-0.8596859574317932,-1.3596858978271484,attack,Yes
5349,0,0,0.08509905080783367,-2.589980363845825,-0.21498043835163116,attack,No
5350,0,1,0.8175744939732856,-0.6335233449935913,-2.133523464202881,attack,Yes
5351,0,0,0.0059110695567328965,-5.823512554168701,-0.6985126733779907,attack,no
5352,0,0,0.10669059678604234,-2.4583890438079834,-0.3333890736103058,attack,No
5353,0,0,0.29421497216298875,-1.6589865684509277,-0.7839865684509277,attack,No
5354,0,0,0.10669059962643358,-2.5748579502105713,-0.44985800981521606,attack,No
5355,0,0,0.02033235482673614,-4.12059211730957,-0.24559219181537628,attack,No
5356,0,0,0.20181324146316565,-2.006605625152588,-0.6316057443618774,attack,No
5357,0,0,0.13296425050508953,-2.292118787765503,-0.4171188771724701,attack,No
5358,0,1,0.7310585786300049,-0.5776532888412476,-1.5776532888412476,attack,Yes
5359,0,0,0.02931222863144092,-3.7104671001434326,-0.21046702563762665,attack,No
5360,0,0,0.24508501313237172,-1.849595308303833,-0.724595308303833,attack,No
5361,0,0,0.5,-0.9161363840103149,-0.9161363840103149,attack,No
5362,0,1,0.7772998714925403,-0.5223707556724548,-1.7723708152770996,attack,Yes
5363,0,0,0.10669059962643358,-2.695899486541748,-0.5708995461463928,attack,No
5364,0,0,0.037326884131416216,-3.5138020515441895,-0.2638019621372223,attack,No
5365,0,0,0.46879062662624377,-1.1669178009033203,-1.0419178009033203,attack,No
5366,0,0,0.16451645470385742,-2.1378490924835205,-0.5128490328788757,attack,No
5367,0,1,0.8933094003735664,-0.3936675190925598,-2.518667459487915,attack,Yes
5368,0,0,0.37754066879814546,-1.4083316326141357,-0.9083316326141357,attack,No
5369,0,0,0.020332349780873466,-4.146952152252197,-0.27195197343826294,attack,No
5370,0,0,0.10669059678604234,-2.617802619934082,-0.4928026497364044,attack,No
5371,0,0,0.02297737258620403,-4.294027328491211,-0.5440274477005005,attack,No
5372,0,1,0.8519528019683106,-0.3463754653930664,-2.0963754653930664,attack,Yes
5373,0,1,0.7057850402140659,-0.6669625639915466,-1.5419626235961914,attack,Yes
5374,0,1,0.679178699175393,-0.8719831705093384,-1.6219831705093384,attack,Yes
5375,0,0,0.010986945059385054,-4.736625671386719,-0.23662589490413666,attack,No
5376,0,0,0.34864513533394575,-1.439681887626648,-0.814681887626648,attack,No
5377,0,0,0.017986212067650338,-4.131343364715576,-0.13134348392486572,attack,No
5378,0,0,0.24508501313237172,-1.6359541416168213,-0.5109541416168213,attack,No
5379,0,0,0.04742587587030561,-3.19115948677063,-0.19115954637527466,attack,No
5380,0,1,0.7549149868676283,-0.6173901557922363,-1.7423901557922363,attack,Yes
5381,0,0,0.1066905911052601,-2.54328989982605,-0.4182898700237274,attack,No
5382,0,1,0.8670357735451834,-0.37064969539642334,-2.245649814605713,attack,Yes
5383,0,0,0.4378235137849365,-1.0893220901489258,-0.8393221497535706,attack,No
5384,0,0,0.1645164506075047,-2.0057036876678467,-0.3807035982608795,attack,No
5385,0,0,0.0675466911396291,-2.895876407623291,-0.270876407623291,attack,No
5386,0,0,0.18242552380635632,-1.827163815498352,-0.32716381549835205,attack,No
5387,0,1,0.5312093733737563,-1.0487921237945557,-1.1737921237945557,attack,Yes
5388,0,0,0.4073333856566001,-1.2403740882873535,-0.8653740286827087,attack,No
5389,0,0,0.16451647108926923,-2.0463547706604004,-0.42135483026504517,attack,No
5390,0,0,0.1329642264548166,-2.354487419128418,-0.4794872999191284,attack,No
5391,0,1,0.7057850154599563,-0.595565140247345,-1.4705650806427002,attack,Yes
5392,0,1,0.7057850278370112,-0.5196372270584106,-1.3946372270584106,attack,Yes
5393,0,0,0.07585817584273653,-3.000262975692749,-0.5002629160881042,attack,No
5394,0,0,0.1329642333263228,-2.3233425617218018,-0.448342502117157,attack,No
5395,0,0,0.14804721306746543,-2.1531596183776855,-0.4031597375869751,attack,No
5396,0,0,0.020332353342658753,-4.075926780700684,-0.2009267807006836,attack,No
5397,0,0,0.025957354183760273,-3.998563766479492,-0.37356364727020264,attack,No
5398,0,0,0.09534945718704857,-2.5527801513671875,-0.30278006196022034,attack,No
5399,0,0,0.07585817793199003,-2.958815813064575,-0.4588157832622528,attack,No
5400,0,1,0.5926665999540697,-0.8726963996887207,-1.2476963996887207,attack,Yes
5401,0,0,0.020332354381512912,-3.974815845489502,-0.09981589764356613,attack,No
5402,0,0,0.01243164902375476,-4.668285846710205,-0.29328569769859314,attack,No
5403,0,1,0.7310585786300049,-0.618229866027832,-1.618229866027832,attack,Yes
5404,0,0,0.4378234991142019,-1.0365467071533203,-0.7865467071533203,attack,No
5405,0,1,0.7772998714925403,-0.5152375102043152,-1.76523756980896,attack,Yes
5406,0,0,0.029312237535086605,-4.00974178314209,-0.509742021560669,attack,no
5407,0,0,0.02931223244728875,-3.7099685668945312,-0.20996862649917603,attack,No
5408,0,1,0.7981867969424066,-0.8171499967575073,-2.192150115966797,attack,Yes
5409,0,0,0.04208772791561884,-3.6898910999298096,-0.5648910999298096,attack,no
5410,0,0,0.1645164792819756,-2.210211753845215,-0.5852118730545044,attack,No
5411,0,1,0.8519527944504226,-0.6071441769599915,-2.3571441173553467,attack,Yes
5412,0,1,0.6224593312018546,-1.0166219472885132,-1.5166219472885132,attack,Yes
5413,0,0,0.4073334000459302,-1.074601173400879,-0.6996011734008789,attack,No
5414,0,0,0.34864513533394575,-1.439318060874939,-0.814318060874939,attack,No
5415,0,0,0.22270012850745968,-1.8337790966033936,-0.5837790369987488,attack,No
5416,0,0,0.09534945461636171,-2.690551280975342,-0.44055116176605225,attack,No
5417,0,0,0.047425867792089564,-3.516190528869629,-0.5161904096603394,attack,No
5418,0,0,0.16451647108926923,-2.3511404991149902,-0.726140558719635,attack,No
5419,0,1,0.5926666143433998,-0.8758754134178162,-1.250875473022461,attack,Yes
5420,0,0,0.03732688680867724,-3.4888901710510254,-0.2388901561498642,attack,No
5421,0,0,0.04742587721667508,-3.299403667449951,-0.29940375685691833,attack,No
5422,0,0,0.008577484653403024,-5.040064811706543,-0.2900647222995758,attack,No
5423,0,1,0.754914997895581,-0.7389811873435974,-1.8639812469482422,attack,Yes
5424,0,0,0.06754669301670263,-3.0379910469055176,-0.41299107670783997,attack,No
5425,0,0,0.24508501313237172,-1.9979315996170044,-0.8729315996170044,attack,No
5426,0,0,0.03732688948593843,-3.7580039501190186,-0.5080040097236633,attack,No
5427,0,0,0.29421497216298875,-1.4666720628738403,-0.5916720628738403,attack,No
5428,0,0,0.4378234991142019,-1.2536776065826416,-1.0036776065826416,attack,No
5429,0,0,0.1066905854244781,-2.5429887771606445,-0.41798868775367737,attack,No
5430,0,0,0.3208212878370535,-1.5189366340637207,-0.7689365744590759,attack,No
5431,0,1,0.7772998714925403,-0.3709525465965271,-1.6209526062011719,attack,Yes
5432,0,1,0.8519528132451416,-0.3644033968448639,-2.114403486251831,attack,Yes
5433,0,0,0.1480472055495773,-2.2857823371887207,-0.5357823967933655,attack,No
5434,0,0,0.053403329799824234,-3.2747974395751953,-0.3997974395751953,attack,No
5435,0,0,0.06008665354025422,-2.9902563095092773,-0.24025636911392212,attack,No
5436,0,0,0.5,-0.8919401168823242,-0.8919401168823242,attack,No
5437,0,0,0.2942149845400438,-1.4543309211730957,-0.5793309807777405,attack,No
5438,0,0,0.2689414213699951,-1.551829218864441,-0.5518292188644409,attack,No
5439,0,1,0.7310585669110203,-0.607950747013092,-1.6079506874084473,attack,Yes
5440,0,0,0.13296424706933604,-2.240671396255493,-0.36567145586013794,attack,No
5441,0,1,0.6791786861878392,-0.7671557068824768,-1.517155647277832,attack,Yes
5442,0,1,0.8175744584140004,-0.5257278680801392,-2.0257277488708496,attack,Yes
5443,0,0,0.03732688895048618,-3.401409149169922,-0.15140919387340546,attack,No
5444,0,0,0.020332355717182622,-4.281533241271973,-0.4065333604812622,attack,No
5445,0,0,0.04208772791561884,-3.447688341140747,-0.32268834114074707,attack,No
5446,0,0,0.03308597743528921,-3.6325619220733643,-0.25756189227104187,attack,No
5447,0,0,0.14804719427274565,-2.2422187328338623,-0.4922187030315399,attack,No
5448,0,0,0.0675466911396291,-3.038275957107544,-0.41327595710754395,attack,No
5449,0,0,0.2689414213699951,-1.551187515258789,-0.5511875152587891,attack,No
5450,0,0,0.03308597457504463,-3.7184929847717285,-0.34349286556243896,attack,No
5451,0,0,0.03732689162774753,-3.513579845428467,-0.26357996463775635,attack,No
5452,0,1,0.7981867873410141,-0.2661213278770447,-1.6411213874816895,attack,Yes
5453,0,0,0.3208213138121609,-1.393364667892456,-0.6433647274971008,attack,No
5454,0,0,0.025957359081569886,-3.8311305046081543,-0.20613057911396027,attack,No
5455,0,1,0.8175744850834649,-0.5694195628166199,-2.0694196224212646,attack,Yes
5456,0,1,0.5926665855647394,-0.8217876553535461,-1.1967875957489014,attack,Yes
5457,0,0,0.0758581737534831,-2.737483263015747,-0.2374831736087799,attack,No
5458,0,0,0.037326884934594504,-3.3676745891571045,-0.11767452210187912,attack,No
5459,0,0,0.03732688306051187,-3.914461135864258,-0.6644610166549683,attack,No
5460,0,0,0.07585817584273653,-3.260031223297119,-0.7600311636924744,attack,no
5461,0,0,0.09534947518185825,-2.5990777015686035,-0.34907782077789307,attack,No
5462,0,0,0.3775406547908327,-1.1751923561096191,-0.6751922965049744,attack,No
5463,0,0,0.025957354937269386,-3.877135753631592,-0.25213566422462463,attack,No
5464,0,1,0.7981867777396212,-0.5581475496292114,-1.9331475496292114,attack,Yes
5465,0,0,0.03308597648187432,-3.720261573791504,-0.34526151418685913,attack,No
5466,0,0,0.2689414213699951,-1.678628921508789,-0.6786289215087891,attack,No
5467,0,0,0.3486451488696663,-1.4103434085845947,-0.7853434681892395,attack,No
5468,0,0,0.37754066879814546,-1.259736180305481,-0.759736180305481,attack,No
5469,0,0,0.18242552380635632,-2.1985740661621094,-0.6985740661621094,attack,No
5470,0,0,0.4378234991142019,-1.0895640850067139,-0.8395640850067139,attack,No
5471,0,0,0.1480472055495773,-2.221820116043091,-0.4718201756477356,attack,No
5472,0,0,0.006692850329902297,-5.258923530578613,-0.2589234411716461,attack,No
5473,0,0,0.18242551491653522,-2.0694684982299805,-0.5694684386253357,attack,No
5474,0,0,0.07585817166422973,-2.7584075927734375,-0.25840747356414795,attack,No
5475,0,1,0.5926665999540697,-0.9322822093963623,-1.3072822093963623,attack,Yes
5476,0,0,0.0059110693816106135,-5.291787624359131,-0.16678771376609802,attack,No
5477,0,0,0.3486451488696663,-1.4930307865142822,-0.868030846118927,attack,No
5478,0,1,0.5621765008857981,-1.185542345046997,-1.435542345046997,attack,Yes
5479,0,0,0.017986206277364275,-4.330792427062988,-0.33079221844673157,attack,No
5480,0,0,0.32082130082460697,-1.4358962774276733,-0.6858962774276733,attack,No
5481,0,0,0.012431649755527152,-4.668499946594238,-0.2934998571872711,attack,No
5482,0,0,0.3486451488696663,-1.3672361373901367,-0.7422361969947815,attack,No
5483,0,1,0.5621764862150634,-0.8196597695350647,-1.06965970993042,attack,Yes
5484,0,0,0.24508501313237172,-1.7735809087753296,-0.6485809087753296,attack,No
5485,0,1,0.7310585786300049,-0.5584317445755005,-1.5584317445755005,attack,Yes
5486,0,1,0.7310585786300049,-0.7748640775680542,-1.7748640775680542,attack,Yes
5487,0,0,0.02297737526238275,-4.024456977844238,-0.2744572162628174,attack,No
5488,0,1,0.7772998611746911,-0.5224974155426025,-1.7724974155426025,attack,Yes
5489,0,0,0.37754066879814546,-1.3193538188934326,-0.8193538188934326,attack,No
5490,0,0,0.01590639171181471,-4.422030925750732,-0.2970309257507324,attack,No
5491,0,0,0.34864513533394575,-1.3059808015823364,-0.6809808015823364,attack,No
5492,0,0,0.29421497216298875,-1.76460862159729,-0.88960862159729,attack,No
5493,0,0,0.01590639031229368,-4.453587532043457,-0.32858744263648987,attack,No
5494,0,0,0.37754066879814546,-1.5962475538253784,-1.0962475538253784,attack,no
5495,0,0,0.40733341443526055,-1.182607889175415,-0.8076079487800598,attack,No
5496,0,0,0.18242551936144574,-1.9419909715652466,-0.4419909417629242,attack,No
5497,0,1,0.6513548511303336,-0.7899945378303528,-1.414994478225708,attack,Yes
5498,0,0,0.20181323186177208,-1.9715304374694824,-0.5965304970741272,attack,No
5499,0,1,0.5621765008857981,-0.7014002203941345,-0.9514002203941345,attack,Yes
5500,0,0,0.37754066879814546,-1.2849432229995728,-0.7849432229995728,attack,No
5501,0,1,0.5926666143433998,-0.8395363688468933,-1.214536428451538,attack,Yes
5502,0,0,0.3208212878370535,-1.4977765083312988,-0.747776448726654,attack,No
5503,0,1,0.8807970779778823,-0.7060482501983643,-2.7060482501983643,attack,Yes
5504,0,0,0.07585818315512395,-2.738964557647705,-0.23896460235118866,attack,No
5505,0,0,0.0850990519679964,-2.7127020359039307,-0.3377021253108978,attack,No
5506,0,1,0.9046505376715775,-0.4232952296733856,-2.673295259475708,attack,Yes
5507,0,0,0.029312229903390143,-3.7546026706695557,-0.2546026408672333,attack,No
5508,0,0,0.06008665017400762,-3.0373752117156982,-0.28737521171569824,attack,No
5509,0,1,0.7057850278370112,-0.6551427841186523,-1.5301427841186523,attack,Yes
5510,0,0,0.042087731520181665,-3.3689582347869873,-0.24395832419395447,attack,No
5511,0,1,0.6513548646660542,-0.7954776287078857,-1.4204776287078857,attack,Yes
5512,0,0,0.05340333507274787,-3.090864896774292,-0.21586500108242035,attack,No
5513,0,0,0.017986209435701905,-4.330845355987549,-0.33084532618522644,attack,No
5514,0,0,0.0373268852023206,-3.7570786476135254,-0.5070785880088806,attack,No
5515,0,0,0.22270013882530884,-1.9105116128921509,-0.6605116128921509,attack,No
5516,0,0,0.01798621154126062,-4.36641788482666,-0.3664179742336273,attack,No
5517,0,0,0.029312230751356316,-3.6430673599243164,-0.1430673599243164,attack,No
5518,0,0,0.008577485920584663,-5.3344197273254395,-0.5844197869300842,attack,no
5519,0,0,0.07585818837825822,-2.8277926445007324,-0.327792763710022,attack,No
5520,0,1,0.7310585786300049,-0.7739561796188354,-1.7739561796188354,attack,Yes
5521,0,0,0.1480471980316895,-2.2867016792297363,-0.5367016792297363,attack,No
5522,0,0,0.3775406547908327,-1.2411186695098877,-0.7411186099052429,attack,No
5523,0,0,0.29421497216298875,-1.3967965841293335,-0.5217965841293335,attack,No
5524,0,1,0.8519527944504226,-0.48141080141067505,-2.2314107418060303,attack,Yes
5525,0,0,0.02595735719779685,-3.931079149246216,-0.3060791492462158,attack,No
5526,0,0,0.1480472055495773,-2.215252637863159,-0.46525269746780396,attack,No
5527,0,1,0.5312093882168609,-0.8943187594413757,-1.0193188190460205,attack,Yes
5528,0,0,0.004070137232672753,-5.817551612854004,-0.31755149364471436,attack,No
5529,0,0,0.014063629109417006,-4.489841938018799,-0.23984208703041077,attack,No
5530,0,1,0.6791787121629466,-0.7164391875267029,-1.4664392471313477,attack,Yes
5531,0,1,0.9046505402422645,-0.6314412951469421,-2.881441354751587,attack,Yes
5532,0,1,0.6513548782017746,-0.7074350714683533,-1.332435131072998,attack,Yes
5533,0,0,0.2689414213699951,-1.8309224843978882,-0.8309224843978882,attack,No
5534,0,0,0.3775406547908327,-1.2053828239440918,-0.705382764339447,attack,No
5535,0,0,0.5,-1.0146764516830444,-1.0146764516830444,attack,No
5536,0,1,0.5312093733737563,-1.2164613008499146,-1.3414613008499146,attack,Yes
5537,0,0,0.24508501313237172,-1.6464816331863403,-0.5214816331863403,attack,No
5538,0,0,0.29421496597446145,-1.333460807800293,-0.4584607779979706,attack,No
5539,0,1,0.5312093733737563,-0.8175821900367737,-0.9425821900367737,attack,Yes
5540,0,0,0.0850990357257195,-2.883913993835449,-0.5089138746261597,attack,No
5541,0,0,0.01406362497707424,-4.515669822692871,-0.26566967368125916,attack,No
5542,0,1,0.7057850278370112,-0.6242893934249878,-1.4992893934249878,attack,Yes
5543,0,1,0.754914975839675,-0.544910728931427,-1.6699106693267822,attack,Yes
5544,0,0,0.02297736522671412,-4.024688243865967,-0.2746880352497101,attack,No
5545,0,0,0.10669059394565118,-2.545354127883911,-0.42035412788391113,attack,No
5546,0,1,0.7772998714925403,-0.6133415102958679,-1.8633415699005127,attack,Yes
5547,0,0,0.06754668738548215,-3.0056073665618896,-0.3806073069572449,attack,No
5548,0,1,0.7981867777396212,-0.6457915306091309,-2.020791530609131,attack,Yes
5549,0,0,0.05340332377362639,-3.1542000770568848,-0.2791999578475952,attack,No
5550,0,0,0.053403325280175794,-3.1305277347564697,-0.25552764534950256,attack,No
5551,0,0,0.24508500210441886,-1.599229097366333,-0.47422903776168823,attack,No
5552,0,0,0.46879062662624377,-1.0375243425369263,-0.9125243425369263,attack,No
5553,0,1,0.9324533107374443,-0.46185919642448425,-3.0868592262268066,attack,Yes
5554,0,1,0.7772998611746911,-0.5146670341491699,-1.76466703414917,attack,Yes
5555,0,0,0.20181321265898594,-1.8210515975952148,-0.44605153799057007,attack,No
5556,0,1,0.8354835248143776,-0.43513259291648865,-2.0601325035095215,attack,Yes
5557,0,0,0.34864513533394575,-1.2464649677276611,-0.6214649677276611,attack,No
5558,0,1,0.7549149868676283,-0.6542704105377197,-1.7792704105377197,attack,Yes
5559,0,0,0.24508501313237172,-1.6464265584945679,-0.5214265584945679,attack,No
5560,0,0,0.5,-0.9531592130661011,-0.9531592130661011,attack,No
5561,0,0,0.042087725512577126,-3.3927807807922363,-0.26778072118759155,attack,No
5562,0,0,0.08509904964767095,-2.712995767593384,-0.33799582719802856,attack,No
5563,0,1,0.7772998560157665,-0.4952884018421173,-1.745288372039795,attack,Yes
5564,0,0,0.46879062662624377,-0.9370347857475281,-0.8120347857475281,attack,No
5565,0,0,0.04208772791561884,-3.5143423080444336,-0.3893423080444336,attack,No
5566,0,0,0.02297736857193652,-4.347735404968262,-0.5977353453636169,attack,no
5567,0,1,0.6224593452091672,-0.6894945502281189,-1.1894946098327637,attack,Yes
5568,0,0,0.008577484653403024,-5.072027683258057,-0.3220275938510895,attack,No
5569,0,0,0.20181322226037882,-1.9254179000854492,-0.5504179000854492,attack,No
5570,0,1,0.7310585669110203,-0.7294793725013733,-1.7294793128967285,attack,Yes
5571,0,0,0.3775406828054583,-1.2928767204284668,-0.7928767800331116,attack,No
5572,0,1,0.6791786861878392,-0.8084402680397034,-1.5584402084350586,attack,Yes
5573,0,0,0.14804718675485834,-2.15551495552063,-0.4055148661136627,attack,No
5574,0,0,0.13296425394084313,-2.391416072845459,-0.5164161920547485,attack,No
5575,0,0,0.16451644651115205,-2.135662078857422,-0.5106619596481323,attack,No
5576,0,0,0.017986209962091555,-4.445291042327881,-0.44529104232788086,attack,No
5577,0,0,0.4378234991142019,-1.2268180847167969,-0.9768180847167969,attack,No
5578,0,1,0.893309411735131,-0.5071887373924255,-2.6321887969970703,attack,Yes
5579,0,1,0.6224593312018546,-0.9011993408203125,-1.4011993408203125,attack,Yes
5580,0,0,0.0850990519679964,-2.805572748184204,-0.43057283759117126,attack,No
5581,0,0,0.005220124610240159,-5.6037445068359375,-0.3537442982196808,attack,No
5582,0,0,0.01798620838292263,-4.445734977722168,-0.4457348883152008,attack,No
5583,0,1,0.5926665855647394,-0.7056801915168762,-1.0806801319122314,attack,Yes
5584,0,0,0.06754669489377622,-2.8957765102386475,-0.27077656984329224,attack,No
5585,0,0,0.1192029188930649,-2.430823564529419,-0.43082353472709656,attack,No
5586,0,0,0.3775406547908327,-1.2521328926086426,-0.7521328330039978,attack,No
5587,0,0,0.20181322226037882,-1.89669930934906,-0.5216993093490601,attack,No
5588,0,1,0.6513548511303336,-0.8363791108131409,-1.461379051208496,attack,Yes
5589,0,0,0.22270013882530884,-1.8349604606628418,-0.5849604606628418,attack,No
5590,0,0,0.11920291263495983,-2.2863943576812744,-0.28639426827430725,attack,No
5591,0,0,0.06754668738548215,-3.259723663330078,-0.6347236037254333,attack,No
5592,0,0,0.2689414330889798,-1.5728120803833008,-0.5728121399879456,attack,No
5593,0,0,0.042087731520181665,-3.4797756671905518,-0.3547757565975189,attack,No
5594,0,0,0.4378234991142019,-1.21285080909729,-0.96285080909729,attack,No
5595,0,0,0.10669059962643358,-2.699387550354004,-0.5743876099586487,attack,No
5596,0,0,0.34864513533394575,-1.2949048280715942,-0.6699048280715942,attack,No
5597,0,0,0.4378234991142019,-1.2402987480163574,-0.9902987480163574,attack,No
5598,0,0,0.14804720179063335,-2.084637403488159,-0.33463743329048157,attack,No
5599,0,1,0.6224593312018546,-0.8023141622543335,-1.3023141622543335,attack,Yes
5600,0,1,0.89330940889474,-0.3165111243724823,-2.4415111541748047,attack,Yes
5601,0,1,0.9241418262465169,-0.3625425398349762,-2.8625426292419434,attack,Yes
5602,0,0,0.09534947004048376,-2.688641309738159,-0.43864136934280396,attack,No
5603,0,1,0.7057850154599563,-0.5466096997261047,-1.42160964012146,attack,Yes
5604,0,0,0.18242550602671442,-2.07496976852417,-0.5749696493148804,attack,No
5605,0,0,0.3775406547908327,-1.3283138275146484,-0.8283137679100037,attack,No
5606,0,0,0.008577485413711986,-5.10705041885376,-0.35705041885375977,attack,No
5607,0,0,0.04208773272170267,-3.4787678718566895,-0.353767991065979,attack,No
5608,0,0,0.06754669677084987,-2.972111463546753,-0.3471115529537201,attack,No
5609,0,0,0.24508501313237172,-1.7673137187957764,-0.6423137187957764,attack,No
5610,0,0,0.4073334000459302,-1.2382413148880005,-0.8632413148880005,attack,No
5611,0,0,0.4073334000459302,-1.2880699634552002,-0.9130699634552002,attack,No
5612,0,0,0.09534947518185825,-2.624997138977051,-0.37499725818634033,attack,No
5613,0,1,0.5621765008857981,-0.7395151853561401,-0.9895151853561401,attack,Yes
5614,0,0,0.04742587721667508,-3.299180269241333,-0.29918035864830017,attack,No
5615,0,0,0.025957357951306048,-3.8766748905181885,-0.25167492032051086,attack,No
5616,0,1,0.6513548511303336,-0.8114829659461975,-1.4364829063415527,attack,Yes
5617,0,0,0.29421497216298875,-1.83070707321167,-0.9557070732116699,attack,no
5618,0,0,0.2942149845400438,-1.5508787631988525,-0.6758788228034973,attack,No
5619,0,0,0.014063626630011202,-4.576823711395264,-0.3268236815929413,attack,No
5620,0,0,0.08509904500702024,-2.6431772708892822,-0.2681772708892822,attack,No
5621,0,0,0.32082130082460697,-1.3469438552856445,-0.5969438552856445,attack,No
5622,0,1,0.7310585786300049,-0.5776759386062622,-1.5776759386062622,attack,Yes
5623,0,1,0.7057850402140659,-0.7536796927452087,-1.6286797523498535,attack,Yes
5624,0,1,0.5312093733737563,-1.030687689781189,-1.155687689781189,attack,Yes
5625,0,0,0.2942149845400438,-1.4599535465240479,-0.5849536061286926,attack,No
5626,0,0,0.025957355314023947,-3.832242965698242,-0.20724289119243622,attack,No
5627,0,0,0.18242553269617778,-1.942223310470581,-0.44222337007522583,attack,No
5628,0,0,0.06754668550840877,-2.9196557998657227,-0.2946557104587555,attack,No
5629,0,0,0.40733341443526055,-1.2753558158874512,-0.900355875492096,attack,No
5630,0,1,0.6513548511303336,-0.7402847409248352,-1.3652846813201904,attack,Yes
5631,0,0,0.11920293140927592,-2.408071517944336,-0.4080716073513031,attack,No
5632,0,0,0.37754066879814546,-1.1814968585968018,-0.6814968585968018,attack,No
5633,0,1,0.8933094003735664,-0.3406859040260315,-2.4656858444213867,attack,Yes
5634,0,0,0.18242553269617778,-2.3041257858276367,-0.8041258454322815,attack,No
5635,0,0,0.02931222820745785,-3.877580165863037,-0.37758007645606995,attack,No
5636,0,0,0.017986210488481234,-4.365913391113281,-0.36591342091560364,attack,No
5637,0,0,0.3208212878370535,-1.3657305240631104,-0.6157304644584656,attack,No
5638,0,0,0.16451647108926923,-2.351644992828369,-0.7266450524330139,attack,No
5639,0,1,0.6791787121629466,-0.8522936701774597,-1.6022937297821045,attack,Yes
5640,0,0,0.020332356310813628,-4.175825119018555,-0.3008252680301666,attack,No
5641,0,0,0.34864513533394575,-1.2859982252120972,-0.6609982252120972,attack,No
5642,0,0,0.09534947004048376,-2.598422050476074,-0.348422110080719,attack,No
5643,0,1,0.9046505453836383,-0.3873094320297241,-2.6373095512390137,attack,Yes
5644,0,0,0.02595735945832451,-3.876671314239502,-0.2516714036464691,attack,No
5645,0,0,0.06008665354025422,-3.0123133659362793,-0.2623134255409241,attack,No
5646,0,0,0.07585817584273653,-2.799394369125366,-0.29939430952072144,attack,No
5647,0,0,0.01798620890931226,-4.490401744842529,-0.4904016852378845,attack,No
5648,0,0,0.015906393111335862,-4.454122066497803,-0.3291221559047699,attack,No
5649,0,0,0.1480472055495773,-2.066535711288452,-0.3165357708930969,attack,No
5650,0,0,0.02595736021183377,-3.852384090423584,-0.22738420963287354,attack,No
5651,0,0,0.46879062662624377,-1.0689011812210083,-0.9439011812210083,attack,No
5652,0,0,0.13296424706933604,-2.4720966815948486,-0.5970967411994934,attack,No
5653,0,0,0.01798621022528639,-4.243721961975098,-0.24372197687625885,attack,No
5654,0,1,0.8354835371034369,-0.6289598941802979,-2.253959894180298,attack,Yes
5655,0,0,0.02931223202330563,-3.709872245788574,-0.2098722904920578,attack,No
5656,0,1,0.5621765008857981,-1.031644344329834,-1.281644344329834,attack,Yes
5657,0,1,0.7772998714925403,-0.46254056692123413,-1.712540626525879,attack,Yes
5658,0,1,0.7057850402140659,-0.6897215247154236,-1.5647215843200684,attack,Yes
5659,0,0,0.2689414096510108,-1.9004018306732178,-0.900401771068573,attack,No
5660,0,0,0.2689414213699951,-1.5466234683990479,-0.5466234683990479,attack,No
5661,0,0,0.09534947518185825,-2.689026355743408,-0.43902647495269775,attack,No
5662,0,0,0.06008665438181589,-2.991755247116089,-0.24175532162189484,attack,No
5663,0,1,0.7310585903489892,-0.7024194598197937,-1.7024195194244385,attack,Yes
5664,0,0,0.2689414213699951,-1.5856722593307495,-0.5856722593307495,attack,No
5665,0,1,0.8807970779778823,-0.41962194442749023,-2.4196219444274902,attack,Yes
5666,0,1,0.7057850402140659,-0.43397992849349976,-1.3089799880981445,attack,Yes
5667,0,1,0.7772998611746911,-0.5449317693710327,-1.7949317693710327,attack,Yes
5668,0,0,0.06008665522337757,-2.9126358032226562,-0.1626358926296234,attack,No
5669,0,0,0.37754066879814546,-1.2234580516815186,-0.7234580516815186,attack,No
5670,0,1,0.6513548782017746,-0.5667199492454529,-1.1917200088500977,attack,Yes
5671,0,0,0.13296424019782924,-2.3914284706115723,-0.5164284706115723,attack,No
5672,0,1,0.7772998508568416,-0.4874194264411926,-1.7374193668365479,attack,Yes
5673,0,0,0.02033235096813516,-4.322485446929932,-0.4474853277206421,attack,No
5674,0,0,0.042087731520181665,-3.369072914123535,-0.24407300353050232,attack,No
5675,0,1,0.9324533144915912,-0.2515675127506256,-2.8765676021575928,attack,Yes
5676,0,0,0.4073334000459302,-1.3171730041503906,-0.9421730041503906,attack,No
5677,0,0,0.3486451217982255,-1.225513219833374,-0.6005131602287292,attack,No
5678,0,0,0.34864513533394575,-1.2569538354873657,-0.6319538354873657,attack,No
5679,0,0,0.09534945975773548,-2.7259507179260254,-0.4759506583213806,attack,No
5680,0,0,0.20181322226037882,-1.8178049325942993,-0.4428049325942993,attack,No
5681,0,1,0.5621765008857981,-0.8185117244720459,-1.068511724472046,attack,Yes
5682,0,1,0.9149009642742806,-0.40769946575164795,-2.7826995849609375,attack,Yes
5683,0,0,0.0850990542883219,-2.6607160568237305,-0.28571617603302,attack,No
5684,0,0,0.025957353430251177,-4.036655902862549,-0.4116557538509369,attack,No
5685,0,0,0.14804719051380197,-2.4089608192443848,-0.65896075963974,attack,No
5686,0,0,0.07585818628900447,-2.88870906829834,-0.388709157705307,attack,No
5687,0,0,0.22270013882530884,-1.955580472946167,-0.705580472946167,attack,No
5688,0,0,0.033085978388704126,-4.034865379333496,-0.6598653793334961,attack,No
5689,0,0,0.46879062662624377,-0.9874725341796875,-0.8624725341796875,attack,No
5690,0,0,0.46879062662624377,-0.9587217569351196,-0.8337217569351196,attack,No
5691,0,1,0.867035752930664,-0.545060932636261,-2.420060873031616,attack,Yes
5692,0,0,0.06008664344151498,-3.090174674987793,-0.3401745557785034,attack,No
5693,0,0,0.4073334000459302,-1.3274431228637695,-0.9524431228637695,attack,No
5694,0,0,0.4378234844434674,-1.1981878280639648,-0.9481877684593201,attack,No
5695,0,1,0.7772998508568416,-0.6236568093299866,-1.8736567497253418,attack,Yes
5696,0,0,0.04742587115801275,-3.228801727294922,-0.2288016825914383,attack,No
5697,0,0,0.0675466911396291,-3.0366077423095703,-0.4116077423095703,attack,No
5698,0,0,0.03308598220236406,-3.7917776107788086,-0.41677772998809814,attack,No
5699,0,1,0.8175744761936437,-0.45688164234161377,-1.9568816423416138,attack,Yes
5700,0,0,0.09534946618445303,-2.4123363494873047,-0.16233636438846588,attack,No
5701,0,1,0.7772998508568416,-0.5778360962867737,-1.827836036682129,attack,Yes
5702,0,0,0.3208213138121609,-1.4205231666564941,-0.6705232262611389,attack,No
5703,0,1,0.8354835371034369,-0.4400773048400879,-2.065077304840088,attack,Yes
5704,0,1,0.5312093733737563,-1.025139331817627,-1.150139331817627,attack,Yes
5705,0,0,0.08509904036636974,-2.803722620010376,-0.4287225604057312,attack,No
5706,0,0,0.14804719051380197,-2.183441400527954,-0.4334413409233093,attack,No
5707,0,0,0.029312233295254994,-3.7804923057556152,-0.2804923951625824,attack,No
5708,0,0,0.03308597910376534,-3.4982824325561523,-0.12328245490789413,attack,No
5709,0,0,0.029312227359491745,-3.8772940635681152,-0.3772939443588257,attack,No
5710,0,1,0.6791786861878392,-0.6964369416236877,-1.446436882019043,attack,Yes
5711,0,0,0.5,-1.015653371810913,-1.015653371810913,attack,No
5712,0,0,0.07585818002124356,-2.800798177719116,-0.3007981777191162,attack,No
5713,0,1,0.6513548511303336,-0.8285885453224182,-1.4535884857177734,attack,Yes
5714,0,0,0.10669059394565118,-2.743806838989258,-0.6188068389892578,attack,No
5715,0,0,0.0373268852023206,-3.53935170173645,-0.2893516421318054,attack,No
5716,0,0,0.2689414213699951,-1.573197603225708,-0.573197603225708,attack,No
5717,0,1,0.679178699175393,-0.6467090845108032,-1.3967090845108032,attack,Yes
5718,0,0,0.020332353342658753,-4.524032115936279,-0.6490321159362793,attack,No
5719,0,0,0.10669059962643358,-2.617753267288208,-0.4927533268928528,attack,No
5720,0,0,0.29421497216298875,-1.5435115098953247,-0.6685115098953247,attack,No
5721,0,0,0.18242552825126704,-1.9494985342025757,-0.44949856400489807,attack,No
5722,0,1,0.6224593452091672,-0.7551977038383484,-1.2551977634429932,attack,Yes
5723,0,0,0.0850990542883219,-2.840285301208496,-0.46528542041778564,attack,No
5724,0,0,0.2689414213699951,-1.5252481698989868,-0.5252481698989868,attack,No
5725,0,1,0.5621765008857981,-0.846622109413147,-1.096622109413147,attack,Yes
5726,0,0,0.01406362415060583,-4.545253276824951,-0.29525306820869446,attack,No
5727,0,0,0.04742587587030561,-3.208070755004883,-0.2080708146095276,attack,No
5728,0,1,0.5621765008857981,-0.9666652679443359,-1.216665267944336,attack,Yes
5729,0,0,0.4378234991142019,-1.1076923608779907,-0.8576923608779907,attack,No
5730,0,1,0.5621765008857981,-0.7152642011642456,-0.9652642011642456,attack,Yes
5731,0,0,0.11920290950590741,-2.2678775787353516,-0.267877459526062,attack,No
5732,0,0,0.5,-1.1561038494110107,-1.1561038494110107,attack,No
5733,0,0,0.11920293453832885,-2.3735203742980957,-0.37352049350738525,attack,No
5734,0,0,0.2018132270610754,-1.8707576990127563,-0.49575772881507874,attack,No
5735,0,0,0.18242553269617778,-2.320277690887451,-0.820277750492096,attack,no
5736,0,1,0.679178699175393,-0.7451777458190918,-1.4951777458190918,attack,Yes
5737,0,1,0.8670357460591569,-0.4364882707595825,-2.311488151550293,attack,Yes
5738,0,1,0.8807970748488297,-0.28969648480415344,-2.289696455001831,attack,Yes
5739,0,0,0.4378234991142019,-1.1081782579421997,-0.8581782579421997,attack,No
5740,0,0,0.010986942306754304,-4.76318883895874,-0.26318880915641785,attack,No
5741,0,0,0.060086656906500974,-3.0120840072631836,-0.26208412647247314,attack,No
5742,0,0,0.04208772851637929,-3.327990770339966,-0.20299078524112701,attack,No
5743,0,1,0.6224593312018546,-0.7430223226547241,-1.2430223226547241,attack,Yes
5744,0,1,0.7310585786300049,-0.5254560708999634,-1.5254560708999634,attack,Yes
5745,0,0,0.3486451488696663,-1.1769804954528809,-0.5519805550575256,attack,No
5746,0,1,0.7310585669110203,-0.7457357048988342,-1.7457356452941895,attack,Yes
5747,0,0,0.34864513533394575,-1.6459262371063232,-1.0209262371063232,attack,no
5748,0,0,0.4378234991142019,-1.0529141426086426,-0.8029141426086426,attack,No
5749,0,1,0.7310585669110203,-0.7899747490882874,-1.7899746894836426,attack,Yes
5750,0,0,0.2689414330889798,-1.465773582458496,-0.46577364206314087,attack,No
5751,0,0,0.22270012850745968,-1.7968330383300781,-0.5468329787254333,attack,No
5752,0,0,0.015906388446265834,-4.422109603881836,-0.2971093952655792,attack,No
5753,0,0,0.20181321265898594,-1.838433027267456,-0.4634329676628113,attack,No
5754,0,0,0.020332349780873466,-4.056214809417725,-0.18121463060379028,attack,No
5755,0,0,0.10669059394565118,-2.4836974143981934,-0.35869741439819336,attack,No
5756,0,0,0.13296424706933604,-2.177354097366333,-0.3023541569709778,attack,No
5757,0,1,0.5621765008857981,-0.6999452710151672,-0.9499452710151672,attack,Yes
5758,0,0,0.22270013882530884,-1.8715479373931885,-0.6215479373931885,attack,No
5759,0,0,0.14804721306746543,-2.370638370513916,-0.6206384897232056,attack,No
5760,0,0,0.08509904500702024,-2.6420934200286865,-0.2670934200286865,attack,No
5761,0,0,0.22270012850745968,-1.7218172550201416,-0.4718171954154968,attack,No
5762,0,0,0.14804718675485834,-2.1093766689300537,-0.35937657952308655,attack,No
5763,0,0,0.05340332678672523,-3.1310017108917236,-0.25600165128707886,attack,No
5764,0,0,0.20181323186177208,-2.0494863986968994,-0.6744864583015442,attack,No
5765,0,0,0.24508501313237172,-1.7312474250793457,-0.6062474250793457,attack,No
5766,0,0,0.07585818419975078,-2.828444242477417,-0.32844430208206177,attack,No
5767,0,0,0.29421497216298875,-1.549445629119873,-0.674445629119873,attack,No
5768,0,0,0.08509904500702024,-2.8431713581085205,-0.4681713581085205,attack,No
5769,0,0,0.34864513533394575,-1.3232126235961914,-0.6982126235961914,attack,No
5770,0,0,0.042087723109535534,-3.6843247413635254,-0.5593246221542358,attack,No
5771,0,0,0.22270013882530884,-1.834404706954956,-0.584404706954956,attack,No
5772,0,1,0.8807970779778823,-0.4833059310913086,-2.4833059310913086,attack,Yes
5773,0,0,0.09534947261117097,-2.5509376525878906,-0.3009377419948578,attack,No
5774,0,0,0.03308598220236406,-3.927165985107422,-0.5521661043167114,attack,No
5775,0,0,0.4073334000459302,-1.2147974967956543,-0.8397974967956543,attack,No
5776,0,0,0.037326884131416216,-3.5985589027404785,-0.34855881333351135,attack,No
5777,0,1,0.5312093733737563,-0.9206333160400391,-1.045633316040039,attack,Yes
5778,0,0,0.1480471980316895,-2.3621785640716553,-0.6121785640716553,attack,No
5779,0,1,0.5926665999540697,-0.8548707962036133,-1.2298707962036133,attack,Yes
5780,0,0,0.042087725512577126,-3.6853415966033936,-0.5603415369987488,attack,No
5781,0,1,0.8519528132451416,-0.4196609556674957,-2.169661045074463,attack,Yes
5782,0,1,0.7981867777396212,-0.5961668491363525,-1.9711668491363525,attack,Yes
5783,0,0,0.37754066879814546,-1.3986308574676514,-0.8986308574676514,attack,No
5784,0,1,0.5926665999540697,-0.7279709577560425,-1.1029709577560425,attack,Yes
5785,0,0,0.20181322226037882,-2.020641565322876,-0.645641565322876,attack,no
5786,0,0,0.4378234991142019,-1.1190440654754639,-0.8690440654754639,attack,No
5787,0,0,0.09534945718704857,-2.625230073928833,-0.37522998452186584,attack,No
5788,0,1,0.8933093946927838,-0.549195408821106,-2.6741952896118164,attack,Yes
5789,0,0,0.3208212878370535,-1.398606777191162,-0.6486067175865173,attack,No
5790,0,0,0.010986944249787705,-4.792578220367432,-0.2925783693790436,attack,No
5791,0,0,0.01798621022528639,-4.145700454711914,-0.14570046961307526,attack,No
5792,0,0,0.1480472055495773,-2.1274325847625732,-0.377432644367218,attack,No
5793,0,0,0.04208772431105632,-3.594090700149536,-0.46909061074256897,attack,No
5794,0,1,0.7057850402140659,-0.7673742175102234,-1.6423742771148682,attack,Yes
5795,0,0,0.20181323186177208,-1.929656744003296,-0.5546568036079407,attack,No
5796,0,1,0.9149009480320036,-0.3746984899044037,-2.7496984004974365,attack,Yes
5797,0,0,0.010986941335237732,-4.791913032531738,-0.29191291332244873,attack,No
5798,0,0,0.025957359081569886,-3.8307557106018066,-0.2057557851076126,attack,No
5799,0,0,0.09534945461636171,-2.656198024749756,-0.4061979055404663,attack,No
5800,0,0,0.017986209962091555,-4.2432637214660645,-0.24326372146606445,attack,No
5801,0,0,0.46879061178313897,-1.0178542137145996,-0.8928541541099548,attack,No
5802,0,1,0.5926665999540697,-0.777895450592041,-1.152895450592041,attack,Yes
5803,0,0,0.46879064146934857,-1.1027123928070068,-0.9777124524116516,attack,No
5804,0,0,0.1645164506075047,-2.0266213417053223,-0.4016212522983551,attack,No
5805,0,0,0.46879062662624377,-1.1389899253845215,-1.0139899253845215,attack,No
5806,0,0,0.13296424706933604,-2.175358295440674,-0.3003583550453186,attack,No
5807,0,0,0.2689414330889798,-1.6783273220062256,-0.6783273816108704,attack,No
5808,0,0,0.0373268852023206,-3.5392568111419678,-0.289256751537323,attack,No
5809,0,0,0.07585817166422973,-3.0927348136901855,-0.592734694480896,attack,No
5810,0,0,0.14804719051380197,-2.0881147384643555,-0.3381146788597107,attack,No
5811,0,0,0.20181323186177208,-1.8168628215789795,-0.44186288118362427,attack,No
5812,0,0,0.5,-0.9041628837585449,-0.9041628837585449,attack,No
5813,0,0,0.05340332829327471,-3.3124170303344727,-0.43741700053215027,attack,No
5814,0,0,0.0850990357257195,-2.9291300773620605,-0.554129958152771,attack,No
5815,0,0,0.06754668738548215,-2.9431216716766357,-0.31812161207199097,attack,No
5816,0,0,0.1480472055495773,-2.246074914932251,-0.49607497453689575,attack,No
5817,0,0,0.022977371582637088,-3.9339230060577393,-0.18392308056354523,attack,No
5818,0,0,0.04208773031866069,-3.793839454650879,-0.6688395142555237,attack,No
5819,0,0,0.24508501313237172,-1.7734178304672241,-0.6484178304672241,attack,No
5820,0,0,0.2942149597859341,-1.558854579925537,-0.6838545203208923,attack,No
5821,0,0,0.01406362890279984,-4.465503215789795,-0.21550334990024567,attack,No
5822,0,1,0.5926666143433998,-0.7763966917991638,-1.1513967514038086,attack,Yes
5823,0,0,0.04742587452393617,-3.3934853076934814,-0.39348533749580383,attack,No
5824,0,1,0.8519527944504226,-0.8480539917945862,-2.5980539321899414,attack,Yes
5825,0,0,0.29421497216298875,-1.6177573204040527,-0.7427573204040527,attack,No
5826,0,1,0.5312093585306514,-0.9569268822669983,-1.0819268226623535,attack,Yes
5827,0,1,0.7310585786300049,-0.558911919593811,-1.558911919593811,attack,Yes
5828,0,0,0.11920292515117029,-2.465285301208496,-0.4652853310108185,attack,No
5829,0,1,0.798186768138228,-0.7138178944587708,-2.088817834854126,attack,Yes
5830,0,0,0.4378234991142019,-1.0522997379302979,-0.8022997379302979,attack,No
5831,0,0,0.37754066879814546,-1.2941319942474365,-0.7941319942474365,attack,No
5832,0,0,0.5,-0.9684940576553345,-0.9684940576553345,attack,No
5833,0,0,0.10669059962643358,-2.612107992172241,-0.487108051776886,attack,No
5834,0,0,0.13296425050508953,-2.3177995681762695,-0.4427996575832367,attack,No
5835,0,1,0.5312093733737563,-0.9061087369918823,-1.0311087369918823,attack,Yes
5836,0,0,0.010986942954432066,-4.939279556274414,-0.43927958607673645,attack,No
5837,0,0,0.04208772371029592,-3.3694353103637695,-0.24443520605564117,attack,No
5838,0,1,0.5312093733737563,-1.139923095703125,-1.264923095703125,attack,Yes
5839,0,1,0.6224593452091672,-0.6285790801048279,-1.1285791397094727,attack,Yes
5840,0,1,0.851952809486198,-0.32579153776168823,-2.075791597366333,attack,Yes
5841,0,1,0.7772998714925403,-0.8610338568687439,-2.1110339164733887,attack,Yes
5842,0,0,0.03732689055684297,-3.4669878482818604,-0.21698793768882751,attack,No
5843,0,0,0.015906394977364253,-4.268467426300049,-0.14346763491630554,attack,No
5844,0,0,0.1066905825840872,-2.5770907402038574,-0.45209062099456787,attack,No
5845,0,0,0.4378234844434674,-1.0379798412322998,-0.787979781627655,attack,No
5846,0,0,0.20181321265898594,-2.0422933101654053,-0.6672932505607605,attack,No
5847,0,0,0.13296424706933604,-2.214827299118042,-0.33982735872268677,attack,No
5848,0,0,0.053403329799824234,-3.274362564086914,-0.39936256408691406,attack,No
5849,0,0,0.037326888415033926,-3.53881573677063,-0.28881576657295227,attack,No
5850,0,0,0.37754066879814546,-1.2939590215682983,-0.7939590215682983,attack,No
5851,0,0,0.37754066879814546,-1.5041691064834595,-1.0041691064834595,attack,No
5852,0,0,0.09534947518185825,-2.813365936279297,-0.5633660554885864,attack,No
5853,0,0,0.1480472055495773,-2.2152328491210938,-0.4652329087257385,attack,No
5854,0,0,0.08509903804604459,-2.6422619819641113,-0.26726189255714417,attack,No
5855,0,0,0.06008665017400762,-3.1935999393463135,-0.4435999393463135,attack,No
5856,0,1,0.7981867873410141,-0.4939410090446472,-1.868941068649292,attack,Yes
5857,0,0,0.06008665522337757,-3.035780668258667,-0.28578075766563416,attack,No
5858,0,1,0.5926666143433998,-0.8374602198600769,-1.2124602794647217,attack,Yes
5859,0,0,0.029312234143221275,-3.755119800567627,-0.2551199197769165,attack,No
5860,0,1,0.7310585786300049,-0.7581614255905151,-1.7581614255905151,attack,Yes
5861,0,0,0.06008664933244599,-2.9256296157836914,-0.1756296008825302,attack,No
5862,0,0,0.047425867792089564,-3.272613525390625,-0.27261340618133545,attack,No
5863,0,1,0.8175744761936437,-0.5995452404022217,-2.0995452404022217,attack,Yes
5864,0,0,0.05340333582602272,-3.153986930847168,-0.2789870500564575,attack,No
5865,0,1,0.8519527944504226,-0.5991151928901672,-2.3491151332855225,attack,Yes
5866,0,0,0.015906388679519302,-4.284224033355713,-0.15922383964061737,attack,No
5867,0,0,0.01798621101487092,-4.366297245025635,-0.36629730463027954,attack,No
5868,0,0,0.24508500210441886,-1.6256959438323975,-0.5006958842277527,attack,No
5869,0,0,0.29421497216298875,-1.5573056936264038,-0.6823056936264038,attack,No
5870,0,0,0.13296425050508953,-2.1583685874938965,-0.28336867690086365,attack,No
5871,0,0,0.24508501313237172,-1.645721435546875,-0.520721435546875,attack,No
5872,0,0,0.4073334000459302,-1.1825287342071533,-0.8075287342071533,attack,No
5873,0,0,0.08509904964767095,-2.8430545330047607,-0.4680545926094055,attack,No
5874,0,0,0.03732689055684297,-3.538440704345703,-0.2884407937526703,attack,No
5875,0,0,0.11920293140927592,-2.4337542057037354,-0.4337542951107025,attack,No
5876,0,0,0.01798621154126062,-4.403327465057373,-0.4033275544643402,attack,No
5877,0,0,0.32082130082460697,-1.663812518119812,-0.913812518119812,attack,No
5878,0,1,0.6791787121629466,-0.5782846808433533,-1.328284740447998,attack,Yes
5879,0,0,0.5,-1.0367999076843262,-1.0367999076843262,attack,No
5880,0,0,0.29421496597446145,-1.374836802482605,-0.4998367726802826,attack,No
5881,0,0,0.3486451217982255,-1.3061487674713135,-0.6811487078666687,attack,No
5882,0,0,0.10669059962643358,-2.436918258666992,-0.31191831827163696,attack,No
5883,0,1,0.8519527944504226,-0.45027095079421997,-2.200270891189575,attack,Yes
5884,0,0,0.029312230751356316,-3.6730639934539795,-0.1730639934539795,attack,No
5885,0,0,0.1192029188930649,-2.4022481441497803,-0.4022481143474579,attack,No
5886,0,1,0.6224593171945417,-0.7865143418312073,-1.2865142822265625,attack,Yes
5887,0,0,0.012431650487299585,-4.735398292541504,-0.3603982627391815,attack,No
5888,0,0,0.3775406828054583,-1.1886038780212402,-0.688603937625885,attack,No
5889,0,0,0.4378234991142019,-1.212205410003662,-0.9622054100036621,attack,No
5890,0,0,0.14804720930852133,-2.129835605621338,-0.37983569502830505,attack,No
5891,0,0,0.34864513533394575,-1.4908891916275024,-0.8658891916275024,attack,No
5892,0,0,0.46879062662624377,-1.1177353858947754,-0.9927353858947754,attack,No
5893,0,0,0.0373268852023206,-3.5132246017456055,-0.2632245421409607,attack,No
5894,0,0,0.46879062662624377,-1.1407129764556885,-1.0157129764556885,attack,No
5895,0,1,0.7772998611746911,-0.8053574562072754,-2.0553574562072754,attack,Yes
5896,0,0,0.5,-1.0001933574676514,-1.0001933574676514,attack,No
5897,0,0,0.5,-0.9888534545898438,-0.9888534545898438,attack,No
5898,0,0,0.22270013882530884,-1.8010993003845215,-0.5510993003845215,attack,No
5899,0,0,0.11920293453832885,-2.682450771331787,-0.6824508905410767,attack,No
5900,0,0,0.24508501313237172,-1.7037328481674194,-0.5787328481674194,attack,No
5901,0,0,0.015906394510857135,-4.71804666519165,-0.5930468440055847,attack,no
5902,0,0,0.18242553269617778,-1.9183988571166992,-0.418398916721344,attack,No
5903,0,0,0.29421497216298875,-1.3109699487686157,-0.4359699487686157,attack,No
5904,0,0,0.32082130082460697,-1.3991694450378418,-0.6491694450378418,attack,No
5905,0,0,0.07585817166422973,-2.958491802215576,-0.4584916830062866,attack,No
5906,0,0,0.020332356310813628,-4.281361103057861,-0.40636125206947327,attack,No
5907,0,0,0.29421497216298875,-1.460114598274231,-0.585114598274231,attack,No
5908,0,0,0.09534947518185825,-2.9126925468444824,-0.662692666053772,attack,No
5909,0,0,0.20181322226037882,-1.9713938236236572,-0.5963938236236572,attack,No
5910,0,0,0.02931223202330563,-3.6899220943450928,-0.18992213904857635,attack,No
5911,0,1,0.6513548782017746,-0.7522391676902771,-1.3772392272949219,attack,Yes
5912,0,1,0.914900950352329,-0.43993550539016724,-2.8149354457855225,attack,Yes
5913,0,0,0.09534947132582737,-2.4624271392822266,-0.21242721378803253,attack,No
5914,0,1,0.7310585903489892,-0.5586382746696472,-1.558638334274292,attack,Yes
5915,0,0,0.1329642333263228,-2.3204703330993652,-0.44547027349472046,attack,No
5916,0,0,0.022977371248114782,-4.085925102233887,-0.3359251618385315,attack,No
5917,0,0,0.10669059962643358,-2.6177499294281006,-0.49274998903274536,attack,No
5918,0,1,0.8175744761936437,-0.49259841442108154,-1.9925984144210815,attack,Yes
5919,0,0,0.22270012850745968,-1.8019022941589355,-0.5519022345542908,attack,No
5920,0,0,0.2689414096510108,-1.8921630382537842,-0.8921629786491394,attack,No
5921,0,0,0.03732689055684297,-3.569101572036743,-0.3191016614437103,attack,No
5922,0,0,0.020332356904444657,-4.243301868438721,-0.36830204725265503,attack,No
5923,0,0,0.022977370913592487,-3.9744038581848145,-0.22440390288829803,attack,No
5924,0,1,0.8933094145755219,-0.4044887125492096,-2.5294888019561768,attack,Yes
5925,0,1,0.7310585786300049,-0.7893402576446533,-1.7893402576446533,attack,Yes
5926,0,0,0.22270013882530884,-1.7705687284469604,-0.5205687284469604,attack,No
5927,0,0,0.04208772431105632,-3.447843551635742,-0.322843462228775,attack,No
5928,0,0,0.16451644651115205,-2.0459351539611816,-0.4209350347518921,attack,No
5929,0,0,0.09534945975773548,-2.5965158939361572,-0.34651583433151245,attack,No
5930,0,0,0.22270014914315833,-1.865135908126831,-0.6151359677314758,attack,No
5931,0,0,0.0373268852023206,-3.806140899658203,-0.5561408400535583,attack,No
5932,0,0,0.0953494648991095,-2.693430185317993,-0.44343018531799316,attack,No
5933,0,0,0.18242551491653522,-2.1943981647491455,-0.6943981051445007,attack,No
5934,0,0,0.14804720179063335,-2.212369441986084,-0.46236947178840637,attack,No
5935,0,0,0.18242551936144574,-1.9413039684295654,-0.44130393862724304,attack,No
5936,0,1,0.5312093733737563,-0.9710636138916016,-1.0960636138916016,attack,Yes
5937,0,0,0.3775406828054583,-1.380134105682373,-0.8801341652870178,attack,No
5938,0,0,0.2689414213699951,-1.5793085098266602,-0.5793085098266602,attack,No
5939,0,1,0.5926665855647394,-0.7778666615486145,-1.1528666019439697,attack,Yes
5940,0,0,0.14804720179063335,-2.1589930057525635,-0.40899303555488586,attack,No
5941,0,0,0.060086646807761206,-3.0130321979522705,-0.26303213834762573,attack,No
5942,0,1,0.8807970779778823,-0.5220718383789062,-2.5220718383789062,attack,Yes
5943,0,0,0.5,-0.912994921207428,-0.912994921207428,attack,No
5944,0,0,0.26894141551050293,-1.4349263906478882,-0.4349263608455658,attack,No
5945,0,1,0.6791787121629466,-0.7833749651908875,-1.5333750247955322,attack,Yes
5946,0,0,0.047425875197120895,-3.2289199829101562,-0.22892002761363983,attack,No
5947,0,0,0.06754669489377622,-3.075514793395996,-0.45051485300064087,attack,No
5948,0,0,0.18242553269617778,-1.8935739994049072,-0.393574059009552,attack,No
5949,0,0,0.08509904964767095,-2.714590311050415,-0.3395903706550598,attack,No
5950,0,0,0.007577242612510723,-5.4586639404296875,-0.5836641192436218,attack,No
5951,0,0,0.08509904964767095,-3.0280914306640625,-0.6530914902687073,attack,No
5952,0,0,0.32082130082460697,-1.3984713554382324,-0.6484713554382324,attack,No
5953,0,1,0.6224593452091672,-0.7867366671562195,-1.2867367267608643,attack,Yes
5954,0,0,0.009708475908421797,-4.916101932525635,-0.29110187292099,attack,No
5955,0,0,0.3775406547908327,-1.2844164371490479,-0.7844163775444031,attack,No
5956,0,0,0.4378234991142019,-1.3813886642456055,-1.1313886642456055,attack,No
5957,0,0,0.11920290950590741,-2.5063090324401855,-0.506308913230896,attack,No
5958,0,0,0.060086648490884395,-2.9390969276428223,-0.18909689784049988,attack,No
5959,0,0,0.0953494674697966,-2.6543004512786865,-0.4043004810810089,attack,No
5960,0,0,0.07585818211049715,-2.826723575592041,-0.3267236053943634,attack,No
5961,0,1,0.6224593171945417,-0.837628185749054,-1.3376281261444092,attack,Yes
5962,0,0,0.04742587856304458,-3.2984938621520996,-0.29849398136138916,attack,No
5963,0,0,0.3486451217982255,-1.3669605255126953,-0.7419604659080505,attack,No
5964,0,0,0.20181321265898594,-2.0495047569274902,-0.6745046973228455,attack,No
5965,0,1,0.880797071719777,-0.713316023349762,-2.713315963745117,attack,Yes
5966,0,1,0.6791787121629466,-0.7171868681907654,-1.4671869277954102,attack,Yes
5967,0,0,0.46879062662624377,-1.066919207572937,-0.941919207572937,attack,No
5968,0,0,0.13296425050508953,-2.1936941146850586,-0.31869420409202576,attack,No
5969,0,1,0.7057850278370112,-0.689899206161499,-1.564899206161499,attack,Yes
5970,0,0,0.042087723109535534,-3.6857128143310547,-0.5607126951217651,attack,No
5971,0,0,0.010986943764029325,-4.654577255249023,-0.1545773595571518,attack,No
5972,0,1,0.9465966747198243,-0.28331246972084045,-3.1583125591278076,attack,Yes
5973,0,0,0.06008665522337757,-3.011986255645752,-0.2619863450527191,attack,No
5974,0,0,0.06008665017400762,-3.3818628787994385,-0.6318628787994385,attack,no
5975,0,0,0.2942149845400438,-1.6167504787445068,-0.7417505383491516,attack,No
5976,0,0,0.03732689055684297,-3.5120325088500977,-0.2620325982570648,attack,No
5977,0,0,0.4073334000459302,-1.127247929573059,-0.7522479295730591,attack,No
5978,0,0,0.29421497216298875,-1.517920970916748,-0.642920970916748,attack,No
5979,0,0,0.1066905911052601,-2.4587619304656982,-0.33376190066337585,attack,No
5980,0,1,0.8933094145755219,-0.4685021936893463,-2.5935022830963135,attack,Yes
5981,0,1,0.7772998611746911,-0.5149015188217163,-1.7649015188217163,attack,Yes
5982,0,0,0.32082130082460697,-1.3725136518478394,-0.6225136518478394,attack,No
5983,0,0,0.22270013882530884,-1.98690927028656,-0.7369092702865601,attack,No
5984,0,0,0.07585817584273653,-2.8315558433532715,-0.3315557837486267,attack,No
5985,0,0,0.14804719427274565,-2.103179931640625,-0.3531799018383026,attack,No
5986,0,0,0.06008664512463808,-3.119985818862915,-0.3699857294559479,attack,No
5987,0,0,0.09534947518185825,-2.4622888565063477,-0.2122889757156372,attack,No
5988,0,1,0.6224593312018546,-0.9002904891967773,-1.4002904891967773,attack,Yes
5989,0,0,0.46879062662624377,-0.9450650215148926,-0.8200650215148926,attack,No
5990,0,0,0.07585818419975078,-2.777538776397705,-0.27753883600234985,attack,No
5991,0,1,0.7310585903489892,-0.6407515406608582,-1.640751600265503,attack,Yes
5992,0,0,0.5,-0.9256273508071899,-0.9256273508071899,attack,No
5993,0,0,0.015906389379279733,-4.527188301086426,-0.40218815207481384,attack,No
5994,0,1,0.6224593312018546,-0.8222187757492065,-1.3222187757492065,attack,Yes
5995,0,1,0.7057850154599563,-0.6891670823097229,-1.5641670227050781,attack,Yes
5996,0,0,0.22270013882530884,-1.7473968267440796,-0.4973968267440796,attack,No
5997,0,0,0.06754669677084987,-2.9736952781677246,-0.3486953675746918,attack,No
5998,0,0,0.18242553269617778,-1.9455647468566895,-0.44556480646133423,attack,No
5999,0,0,0.037326887344129464,-3.3779635429382324,-0.12796354293823242,attack,No
