idx,y_true,y_pred,p_yes,lp_yes,lp_no,mode,raw_text
0,1,0,0.02033235141335831,-3.964245319366455,-0.08924522250890732,attack,No
1,1,0,0.04208772791561884,-3.2871956825256348,-0.16219568252563477,attack,No
2,1,0,0.08509903920620716,-2.567756175994873,-0.19275610148906708,attack,No
3,1,0,0.06754669583231304,-2.8213372230529785,-0.19633729755878448,attack,No
4,1,0,0.007577240147319397,-4.9574103355407715,-0.08241018652915955,attack,No
5,1,0,0.00970847827226262,-4.716307640075684,-0.09130782634019852,attack,No
6,1,0,0.03308597981882656,-3.531043529510498,-0.15604357421398163,attack,No
7,1,0,0.01798620877771485,-4.103394031524658,-0.10339396446943283,attack,No
8,1,1,0.8354835248143776,-0.3982301652431488,-2.0232300758361816,attack,Yes
9,1,0,0.014063623943988737,-4.352383613586426,-0.10238339006900787,attack,No
10,1,0,0.047425869811643456,-3.1646697521209717,-0.1646696776151657,attack,No
11,1,0,0.060086652698692546,-2.8859410285949707,-0.13594107329845428,attack,No
12,1,0,0.015906392761455564,-4.187355041503906,-0.06235510855913162,attack,No
13,1,0,0.005220125209934157,-5.307608127593994,-0.05760803446173668,attack,No
14,1,0,0.2018132174596823,-1.7406282424926758,-0.3656282126903534,attack,No
15,1,0,0.033085981248949035,-3.625493049621582,-0.2504931390285492,attack,No
16,1,0,0.05340332377362639,-3.2527213096618652,-0.3777211904525757,attack,No
17,1,0,0.08509904268669496,-2.579681873321533,-0.20468184351921082,attack,No
18,1,0,0.10669059962643358,-2.439680337905884,-0.31468039751052856,attack,No
19,1,0,0.010986942792512623,-4.629657745361328,-0.12965776026248932,attack,No
20,1,0,0.00857748598394375,-4.840118885040283,-0.09011895209550858,attack,No
21,1,0,0.11920293140927592,-2.3051416873931885,-0.30514177680015564,attack,No
22,1,0,0.4073333856566001,-1.0845906734466553,-0.7095906138420105,attack,No
23,1,0,0.0028009266341596987,-5.977848052978516,-0.10284793376922607,attack,No
24,1,1,0.6513548646660542,-0.5665820837020874,-1.1915820837020874,attack,Yes
25,1,0,0.0758581737534831,-2.6538493633270264,-0.1538492739200592,attack,No
26,1,0,0.020332351858581475,-3.9644339084625244,-0.08943383395671844,attack,No
27,1,0,0.010986940039882433,-4.625231742858887,-0.12523150444030762,attack,No
28,1,0,0.012431653597332908,-4.510473728179932,-0.13547395169734955,attack,No
29,1,1,0.6513548646660542,-0.6943420171737671,-1.319342017173767,attack,Yes
30,1,0,0.04742587587030561,-3.2517201900482178,-0.25172024965286255,attack,No
31,1,0,0.017986209172507078,-4.097105979919434,-0.09710593521595001,attack,No
32,1,0,0.04208772941751998,-3.24652361869812,-0.1215236559510231,attack,No
33,1,0,0.2018132270610754,-1.732590675354004,-0.3575907051563263,attack,No
34,1,0,0.017986210093688976,-4.119010925292969,-0.11901093274354935,attack,No
35,1,0,0.009708475693527207,-4.680897235870361,-0.05589715391397476,attack,No
36,1,0,0.008577486237380102,-4.825699329376221,-0.07569942623376846,attack,No
37,1,1,0.8519527982093668,-0.3174636662006378,-2.0674636363983154,attack,Yes
38,1,0,0.14804719427274565,-2.100550651550293,-0.3505506217479706,attack,No
39,1,0,0.0031726825832885442,-5.846529483795166,-0.09652940183877945,attack,No
40,1,0,0.060086652698692546,-2.891620635986328,-0.1416206806898117,attack,No
41,1,0,0.0046095725554166815,-5.482932090759277,-0.10793217271566391,attack,No
42,1,0,0.012431651127600503,-4.467487335205078,-0.09248735755681992,attack,No
43,1,0,0.008577486047302837,-4.836738109588623,-0.08673818409442902,attack,No
44,1,0,0.006692850676625449,-5.119536399841309,-0.11953636258840561,attack,No
45,1,0,0.20181323186177208,-1.7151083946228027,-0.3401084542274475,attack,No
46,1,0,0.008577483576298776,-4.8185319900512695,-0.06853177398443222,attack,No
47,1,0,0.008577487314484681,-4.8364410400390625,-0.08644126355648041,attack,No
48,1,0,0.010986942954432066,-4.648281097412109,-0.14828112721443176,attack,No
49,1,0,0.04742587452393617,-3.1971089839935303,-0.19710901379585266,attack,No
50,1,0,0.06754668644694548,-2.7533111572265625,-0.12831108272075653,attack,No
51,1,1,0.8175744761936437,-0.3600754737854004,-1.8600754737854004,attack,Yes
52,1,0,0.025957359835079137,-3.755154609680176,-0.13015471398830414,attack,No
53,1,0,0.10669059394565118,-2.433412790298462,-0.3084127902984619,attack,No
54,1,1,0.9525741288419872,-0.21374984085559845,-3.213749885559082,attack,Yes
55,1,0,0.06008664596619963,-2.8991665840148926,-0.1491665095090866,attack,No
56,1,0,0.005911069731855184,-5.2131266593933105,-0.08812680840492249,attack,No
57,1,0,0.006692849636456047,-5.121180057525635,-0.12117986381053925,attack,No
58,1,0,0.015906391128680933,-4.1980061531066895,-0.07300611585378647,attack,No
59,1,0,0.006692850057476976,-5.0603346824646,-0.06033455207943916,attack,No
60,1,0,0.014063628696182679,-4.428857326507568,-0.1788574457168579,attack,No
61,1,0,0.01098694400690851,-4.584602355957031,-0.0846024826169014,attack,No
62,1,0,0.0052201254614187564,-5.395310401916504,-0.14531035721302032,attack,No
63,1,0,0.18242551936144574,-1.851603627204895,-0.35160359740257263,attack,No
64,1,0,0.010986941780516148,-4.554485321044922,-0.05448524281382561,attack,No
65,1,0,0.05340333055309901,-3.048924684524536,-0.17392469942569733,attack,No
66,1,0,0.014063624770457132,-4.387620449066162,-0.13762028515338898,attack,No
67,1,0,0.005911069994538625,-5.1831512451171875,-0.05815143883228302,attack,No
68,1,0,0.2942149783515162,-1.3196088075637817,-0.4446088373661041,attack,No
69,1,0,0.18242551491653522,-1.9065628051757812,-0.4065627455711365,attack,No
70,1,0,0.00522012669949696,-5.336790561676025,-0.08679075539112091,attack,No
71,1,0,0.007577239923211134,-4.98766565322876,-0.11266547441482544,attack,No
72,1,1,0.8354835330070839,-0.27292540669441223,-1.8979253768920898,attack,Yes
73,1,0,0.02931223371923813,-3.618088483810425,-0.11808858811855316,attack,No
74,1,0,0.009708474475791274,-4.72020149230957,-0.0952012836933136,attack,No
75,1,0,0.0019267343839386509,-6.286386966705322,-0.036386821419000626,attack,No
76,1,0,0.005911069250268905,-5.209134578704834,-0.08413464576005936,attack,No
77,1,0,0.01590639182844147,-4.2461042404174805,-0.12110424786806107,attack,No
78,1,0,0.2018132270610754,-1.772788166999817,-0.3977881968021393,attack,No
79,1,0,0.0474258704848281,-3.137699604034424,-0.13769954442977905,attack,No
80,1,0,0.37754066879814546,-1.1212025880813599,-0.6212025880813599,attack,No
81,1,0,0.09534947261117097,-2.5413076877593994,-0.2913077771663666,attack,No
82,1,0,0.01798620667215645,-4.0897417068481445,-0.08974152058362961,attack,No
83,1,0,0.02931223159932252,-3.6325652599334717,-0.13256528973579407,attack,No
84,1,0,0.0075772399792382,-4.95612907409668,-0.08112890273332596,attack,No
85,1,0,0.009708477484315619,-4.7502851486206055,-0.12528525292873383,attack,No
86,1,0,0.020332354678328394,-3.965668201446533,-0.09066826850175858,attack,No
87,1,0,0.014063629212725592,-4.3673906326293945,-0.11739078909158707,attack,No
88,1,0,0.042087725512577126,-3.276571035385132,-0.15157097578048706,attack,No
89,1,1,0.5621765008857981,-0.7292044162750244,-0.9792044162750244,attack,Yes
90,1,0,0.09534947132582737,-2.4860894680023193,-0.2360895425081253,attack,No
91,1,0,0.033085978388704126,-3.582808017730713,-0.2078080177307129,attack,No
92,1,0,0.02931222905542399,-3.6811065673828125,-0.18110650777816772,attack,No
93,1,0,0.014063626733319769,-4.370422840118408,-0.12042281776666641,attack,No
94,1,0,0.1329642333263228,-2.168353319168091,-0.29335325956344604,attack,No
95,1,0,0.06008665522337757,-3.0881524085998535,-0.3381524980068207,attack,No
96,1,0,0.03308597457504463,-3.8333539962768555,-0.4583538770675659,attack,No
97,1,0,0.3775406547908327,-1.260744333267212,-0.7607442736625671,attack,No
98,1,0,0.029312230751356316,-3.660876512527466,-0.16087651252746582,attack,No
99,1,0,0.13296425394084313,-2.183018684387207,-0.3080188035964966,attack,No
100,1,0,0.008577487314484681,-4.816148281097412,-0.06614850461483002,attack,No
101,1,0,0.017986213910014467,-4.117672920227051,-0.11767314374446869,attack,No
102,1,0,0.01243164865786858,-4.4578728675842285,-0.08287268877029419,attack,No
103,1,0,0.01098694214483487,-4.59892463684082,-0.09892459213733673,attack,No
104,1,0,0.009708475263738038,-4.743900775909424,-0.11890064924955368,attack,No
105,1,0,0.015906388562892566,-4.216710090637207,-0.09170988947153091,attack,No
106,1,0,0.009708476982894829,-4.718481540679932,-0.09348159283399582,attack,No
107,1,0,0.0035936024213508388,-5.719365119934082,-0.09436507523059845,attack,No
108,1,0,0.46879062662624377,-1.0483185052871704,-0.9233185052871704,attack,No
109,1,0,0.017986206014169497,-4.146036148071289,-0.14603592455387115,attack,No
110,1,0,0.13296424706933604,-2.140407085418701,-0.26540714502334595,attack,No
111,1,0,0.004609571803331766,-5.436800956726074,-0.06180087476968765,attack,No
112,1,0,0.03308597791199666,-3.5988917350769043,-0.2238917201757431,attack,No
113,1,0,0.037326884666868405,-3.416933059692383,-0.16693298518657684,attack,No
114,1,0,0.005220124900414666,-5.310722827911377,-0.060722675174474716,attack,No
115,1,0,0.014063626423394072,-4.354465961456299,-0.10446591675281525,attack,No
116,1,1,0.8354835452961425,-0.3520969748497009,-1.9770970344543457,attack,Yes
117,1,0,0.06008665522337757,-2.9341883659362793,-0.18418845534324646,attack,No
118,1,0,0.014063626526702639,-4.336894512176514,-0.08689447492361069,attack,No
119,1,0,0.24508501313237172,-1.5890257358551025,-0.46402573585510254,attack,No
120,1,0,0.0035936022879598023,-5.69700813293457,-0.07200805097818375,attack,No
121,1,0,0.002800926821450411,-5.938102722167969,-0.06310267001390457,attack,No
122,1,0,0.01590639182844147,-4.228094100952148,-0.10309410840272903,attack,No
123,1,0,0.00591106822142562,-5.183032989501953,-0.05803288146853447,attack,No
124,1,0,0.04742587654349034,-3.141798973083496,-0.14179904758930206,attack,No
125,1,1,0.9465966686936261,-0.2717635929584503,-3.146763563156128,attack,Yes
126,1,0,0.007577240427454735,-4.9806952476501465,-0.10569513589143753,attack,No
127,1,0,0.012431651859373016,-4.4723801612854,-0.09738024324178696,attack,No
128,1,0,0.02931222863144092,-3.6259803771972656,-0.12598030269145966,attack,No
129,1,0,0.015906392644828796,-4.308313369750977,-0.18331342935562134,attack,No
130,1,0,0.025957359835079137,-3.750412702560425,-0.12541280686855316,attack,No
131,1,0,0.2018132174596823,-1.7636160850524902,-0.38861605525016785,attack,No
132,1,0,0.2689414213699951,-1.5715010166168213,-0.5715010166168213,attack,No
133,1,0,0.11920293453832885,-2.2710137367248535,-0.27101385593414307,attack,No
134,1,1,0.8519528019683106,-0.4559767246246338,-2.205976724624634,attack,Yes
135,1,0,0.08509904964767095,-2.5771703720092773,-0.20217043161392212,attack,No
136,1,0,0.017986208646117444,-4.132351398468018,-0.1323513239622116,attack,No
137,1,0,0.46879062662624377,-1.1073484420776367,-0.9823484420776367,attack,No
138,1,0,0.01590639427760358,-4.245839595794678,-0.12083975970745087,attack,No
139,1,0,0.004070137655493202,-5.583066463470459,-0.08306644856929779,attack,No
140,1,0,0.006692849735519792,-5.071896076202393,-0.07189589738845825,attack,No
141,1,0,0.053403333566198224,-3.104767084121704,-0.22976715862751007,attack,No
142,1,0,0.01243164938964095,-4.42767333984375,-0.05267322063446045,attack,No
143,1,0,0.02297736991002561,-3.8755054473876953,-0.1255054473876953,attack,No
144,1,0,0.0031726824890352242,-5.799793243408203,-0.04979313164949417,attack,No
145,1,1,0.798186768138228,-0.42467600107192993,-1.7996759414672852,attack,Yes
146,1,0,0.0420877273148584,-3.27868390083313,-0.1536838859319687,attack,No
147,1,0,0.017986209830494145,-4.114550590515137,-0.11455058306455612,attack,No
148,1,0,0.05340332678672523,-3.1255712509155273,-0.25057119131088257,attack,No
149,1,0,0.014063627663096904,-4.354337215423584,-0.10433726012706757,attack,No
150,1,0,0.0024726227890962764,-6.126046657562256,-0.12604650855064392,attack,No
151,1,0,0.025957359081569886,-3.7652745246887207,-0.14027459919452667,attack,No
152,1,0,0.0850990438468576,-2.5520944595336914,-0.1770944446325302,attack,No
153,1,0,0.11920290950590741,-2.237788677215576,-0.23778855800628662,attack,No
154,1,0,0.02297737057907019,-3.8648288249969482,-0.11482885479927063,attack,No
155,1,1,0.5312093733737563,-0.8567430973052979,-0.9817430973052979,attack,Yes
156,1,0,0.0024726236436233688,-6.047847270965576,-0.04784746840596199,attack,No
157,1,0,0.005911069906977476,-5.187985420227051,-0.06298559904098511,attack,No
158,1,0,0.0534033328129234,-3.111903190612793,-0.23690325021743774,attack,No
159,1,0,0.01243164957258405,-4.539494037628174,-0.16449393332004547,attack,No
160,1,1,0.679178699175393,-0.5326642990112305,-1.2826642990112305,attack,Yes
161,1,0,0.3486451217982255,-1.2160627841949463,-0.5910627245903015,attack,No
162,1,0,0.08509905312815914,-2.6071665287017822,-0.23216663300991058,attack,No
163,1,0,0.008577483893094128,-4.818423748016357,-0.0684235692024231,attack,No
164,1,0,0.24508500210441886,-1.5722019672393799,-0.4472019076347351,attack,No
165,1,0,0.008577485540430151,-4.838229179382324,-0.08822919428348541,attack,No
166,1,0,0.004609572281931243,-5.4610066413879395,-0.08600666373968124,attack,No
167,1,0,0.004070138576637903,-5.559558868408203,-0.05955908074975014,attack,No
168,1,0,0.01243164829198241,-4.470306396484375,-0.09530618786811829,attack,No
169,1,0,0.3486451217982255,-1.2352759838104248,-0.61027592420578,attack,No
170,1,0,0.4073334000459302,-1.0996133089065552,-0.7246133089065552,attack,No
171,1,0,0.012431650212884917,-4.481507301330566,-0.10650724917650223,attack,No
172,1,0,0.015906394627483913,-4.2407026290893555,-0.11570281535387039,attack,No
173,1,0,0.3208213138121609,-1.3190853595733643,-0.569085419178009,attack,No
174,1,0,0.01590639427760358,-4.216707229614258,-0.09170739352703094,attack,No
175,1,0,0.010986945180824664,-4.554638862609863,-0.054639097303152084,attack,No
176,1,0,0.1480471980316895,-2.1074748039245605,-0.35747480392456055,attack,No
177,1,1,0.9046505376715775,-0.2642609775066376,-2.51426100730896,attack,Yes
178,1,0,0.015906392061694984,-4.2295355796813965,-0.10453560203313828,attack,No
179,1,1,0.7772998560157665,-0.4221729338169098,-1.6721729040145874,attack,Yes
180,1,0,0.03308598077224154,-3.516162872314453,-0.1411629468202591,attack,No
181,1,0,0.2689414213699951,-1.4709813594818115,-0.4709813594818115,attack,No
182,1,0,0.05340333055309901,-3.089378833770752,-0.21437884867191315,attack,No
183,1,1,0.5312093733737563,-0.7883339524269104,-0.9133339524269104,attack,Yes
184,1,0,0.004070137293075673,-5.566788196563721,-0.06678809225559235,attack,No
185,1,0,0.06008664344151498,-2.951653480529785,-0.2016533613204956,attack,No
186,1,0,0.009708476839631754,-4.702032566070557,-0.07703260332345963,attack,No
187,1,0,0.009708475478632619,-4.736640453338623,-0.11164034903049469,attack,No
188,1,0,0.022977367902892003,-3.925682783126831,-0.1756826937198639,attack,No
189,1,0,0.014063628282948357,-4.350221157073975,-0.10022124648094177,attack,No
190,1,0,0.0159063898457867,-4.198308944702148,-0.07330882549285889,attack,No
191,1,0,0.0028009267798302516,-5.948355197906494,-0.07335513085126877,attack,No
192,1,0,0.014063626113468383,-4.3642659187316895,-0.11426585167646408,attack,No
193,1,0,0.0046095723503026004,-5.441810131072998,-0.06681016832590103,attack,No
194,1,0,0.012431649664055602,-4.463080406188965,-0.08808030933141708,attack,No
195,1,0,0.0035936028748804008,-5.688808441162109,-0.06380852311849594,attack,No
196,1,0,0.11920292515117029,-2.285273313522339,-0.28527334332466125,attack,No
197,1,0,0.009708475263738038,-4.694433689117432,-0.06943356245756149,attack,No
198,1,0,0.01590638879614604,-4.223647117614746,-0.09864693135023117,attack,No
199,1,0,0.2689414272294874,-1.4708133935928345,-0.47081342339515686,attack,No
200,1,0,0.22270012850745968,-1.6946234703063965,-0.4446234107017517,attack,No
201,1,0,0.009708474189265195,-4.723278999328613,-0.09827876091003418,attack,No
202,1,0,0.02033235423310517,-3.9803123474121094,-0.10531239211559296,attack,No
203,1,0,0.09534946232842245,-2.4401042461395264,-0.19010421633720398,attack,No
204,1,0,0.18242551491653522,-1.8453609943389893,-0.3453609347343445,attack,No
205,1,0,0.18242552825126704,-1.858912706375122,-0.35891273617744446,attack,No
206,1,0,0.02931222757148327,-3.591826915740967,-0.09182680398225784,attack,No
207,1,0,0.025957356444287677,-3.750199556350708,-0.12519952654838562,attack,No
208,1,0,0.2689414213699951,-1.764577031135559,-0.7645770311355591,attack,No
209,1,0,0.014063627353171185,-4.348399639129639,-0.09839966148138046,attack,No
210,1,0,0.012431650304356473,-4.564621925354004,-0.18962188065052032,attack,No
211,1,1,0.5926666143433998,-0.6710972189903259,-1.0460972785949707,attack,Yes
212,1,0,0.004609571427289355,-5.4702582359313965,-0.09525807201862335,attack,No
213,1,0,0.010986945059385054,-4.583668231964111,-0.08366845548152924,attack,No
214,1,0,0.1066905911052601,-2.37247633934021,-0.24747630953788757,attack,No
215,1,0,0.06008664428307651,-2.903942584991455,-0.15394248068332672,attack,No
216,1,1,0.5926665855647394,-0.7827220559120178,-1.157721996307373,attack,Yes
217,1,1,0.9324533107374443,-0.3786010444164276,-3.00360107421875,attack,Yes
218,1,0,0.006692849438328558,-5.0490922927856445,-0.049092069268226624,attack,No
219,1,0,0.007577241099779587,-4.9785685539245605,-0.10356853157281876,attack,No
220,1,0,0.24508501864634827,-1.5426949262619019,-0.41769495606422424,attack,No
221,1,0,0.014063626630011202,-4.322166919708252,-0.07216688990592957,attack,No
222,1,0,0.10669058826486906,-2.410165309906006,-0.2851652503013611,attack,No
223,1,0,0.5,-0.8496643304824829,-0.8496643304824829,attack,No
224,1,0,0.008577483386221569,-4.82407283782959,-0.07407259941101074,attack,No
225,1,0,0.007577242556483638,-4.981708526611328,-0.10670869797468185,attack,No
226,1,0,0.017986206803753842,-4.0995988845825195,-0.0995987057685852,attack,No
227,1,0,0.06008665438181589,-2.893503189086914,-0.14350326359272003,attack,No
228,1,0,0.007577242668537808,-4.954133987426758,-0.07913417369127274,attack,No
229,1,0,0.10669059536584675,-2.36269211769104,-0.23769213259220123,attack,No
230,1,0,0.0474258704848281,-3.141390085220337,-0.14139002561569214,attack,No
231,1,0,0.022977368070153135,-3.871403694152832,-0.12140361219644547,attack,No
232,1,0,0.009708476911263291,-4.727973937988281,-0.10297398269176483,attack,No
233,1,0,0.10669059252545564,-2.3454339504241943,-0.22043393552303314,attack,No
234,1,0,0.02595735682104226,-3.781670093536377,-0.15667007863521576,attack,No
235,1,0,0.3208212878370535,-1.2278132438659668,-0.477813184261322,attack,No
236,1,0,0.01243164938964095,-4.430074691772461,-0.05507457256317139,attack,No
237,1,0,0.005220126312597491,-5.374047756195068,-0.12404787540435791,attack,No
238,1,0,0.00591107012588035,-5.220579147338867,-0.0955793634057045,attack,No
239,1,0,0.015906388096385633,-4.222161769866943,-0.09716153889894485,attack,No
240,1,0,0.006692852459773374,-5.068567276000977,-0.06856750696897507,attack,No
241,1,0,0.022977371248114782,-3.8754122257232666,-0.12541228532791138,attack,No
242,1,0,0.006692849586924174,-5.0556416511535645,-0.055641449987888336,attack,No
243,1,1,0.7981867873410141,-0.4363195300102234,-1.8113195896148682,attack,Yes
244,1,0,0.02033235304584329,-3.9715452194213867,-0.09654520452022552,attack,No
245,1,0,0.03308597791199666,-3.529430389404297,-0.15443037450313568,attack,No
246,1,0,0.007577240483481804,-4.977304935455322,-0.10230483114719391,attack,No
247,1,0,0.02297737057907019,-3.8983631134033203,-0.1483631432056427,attack,No
248,1,1,0.6224593171945417,-0.6711776852607727,-1.171177625656128,attack,Yes
249,1,0,0.1329642333263228,-2.1783692836761475,-0.3033692240715027,attack,No
250,1,0,0.015906391361934443,-4.236035346984863,-0.11103532463312149,attack,No
251,1,0,0.0075772399792382,-4.9726691246032715,-0.09766895323991776,attack,No
252,1,0,0.2018132174596823,-1.7261168956756592,-0.3511168658733368,attack,No
253,1,0,0.010986943359230686,-4.619792461395264,-0.11979252845048904,attack,No
254,1,0,0.006692850627093569,-5.108823776245117,-0.1088237315416336,attack,No
255,1,0,0.012431649664055602,-4.469207763671875,-0.09420766681432724,attack,No
256,1,0,0.02297736756836975,-3.8500919342041016,-0.1000918298959732,attack,No
257,1,0,0.22270013882530884,-1.6280392408370972,-0.37803924083709717,attack,No
258,1,0,0.14804718675485834,-2.0155248641967773,-0.2655247747898102,attack,No
259,1,0,0.014063627869714051,-4.3403096199035645,-0.09030967950820923,attack,No
260,1,0,0.04742587250438209,-3.153494358062744,-0.15349434316158295,attack,No
261,1,0,0.022977371582637088,-3.924558162689209,-0.17455823719501495,attack,No
262,1,0,0.0031726831016818556,-5.819685459136963,-0.06968554109334946,attack,No
263,1,0,0.09534946232842245,-2.4518496990203857,-0.20184966921806335,attack,No
264,1,1,0.8670357735451834,-0.34127748012542725,-2.216277599334717,attack,Yes
265,1,0,0.3775406828054583,-1.1342887878417969,-0.6342888474464417,attack,No
266,1,0,0.010986945059385054,-4.592347145080566,-0.09234736859798431,attack,No
267,1,0,0.00970847719778945,-4.773781776428223,-0.14878185093402863,attack,No
268,1,0,0.007577240595535943,-4.978878974914551,-0.10387888550758362,attack,No
269,1,0,0.02297736823741426,-3.867950201034546,-0.11795012652873993,attack,No
270,1,0,0.02595735569077852,-3.7543790340423584,-0.12937897443771362,attack,No
271,1,1,0.5621765008857981,-0.7099429368972778,-0.9599429368972778,attack,Yes
272,1,0,0.015906390079040187,-4.310089588165283,-0.18508948385715485,attack,No
273,1,1,0.5312093733737563,-0.7914326190948486,-0.9164326190948486,attack,Yes
274,1,0,0.015906388912772775,-4.254487037658691,-0.12948685884475708,attack,No
275,1,0,0.2018132270610754,-1.7985458374023438,-0.42354586720466614,attack,No
276,1,0,0.02595735456051482,-3.7676186561584473,-0.1426185518503189,attack,No
277,1,1,0.835483553488848,-0.5028814077377319,-2.1278815269470215,attack,Yes
278,1,0,0.006692851716795015,-5.087661266326904,-0.08766138553619385,attack,No
279,1,1,0.6224593452091672,-0.6785799860954285,-1.1785800457000732,attack,Yes
280,1,0,0.01590639357784294,-4.2391252517700195,-0.11412537097930908,attack,No
281,1,0,0.01243164902375476,-4.480288505554199,-0.10528835654258728,attack,No
282,1,0,0.014063625390308462,-4.403105735778809,-0.15310561656951904,attack,No
283,1,0,0.004070137927306371,-5.562245845794678,-0.06224589794874191,attack,No
284,1,0,0.3775406547908327,-1.1746976375579834,-0.6746975779533386,attack,No
285,1,0,0.02595735569077852,-3.7160232067108154,-0.09102314710617065,attack,No
286,1,0,0.009708474762317362,-4.7355637550354,-0.11056357622146606,attack,No
287,1,0,0.017986211278065763,-4.111507415771484,-0.11150749027729034,attack,No
288,1,0,0.025957359081569886,-3.7802376747131348,-0.15523774921894073,attack,No
289,1,0,0.007577239643075814,-4.960543632507324,-0.08554341644048691,attack,No
290,1,0,0.13296424706933604,-2.3422460556030273,-0.4672461152076721,attack,No
291,1,0,0.005911069775635757,-5.196620464324951,-0.07162062078714371,attack,No
292,1,0,0.007577242892646153,-4.949167251586914,-0.07416746765375137,attack,No
293,1,0,0.09534946232842245,-2.4899044036865234,-0.23990437388420105,attack,No
294,1,0,0.07585818211049715,-2.7089757919311523,-0.20897582173347473,attack,No
295,1,0,0.02297736991002561,-3.941056251525879,-0.1910562515258789,attack,No
296,1,0,0.0031726833137518703,-5.795367240905762,-0.04536738991737366,attack,No
297,1,0,0.005220125693558397,-5.3321638107299805,-0.08216381072998047,attack,No
298,1,1,0.5926666143433998,-0.6598145365715027,-1.0348145961761475,attack,Yes
299,1,0,0.025957354183760273,-3.988424777984619,-0.3634246587753296,attack,No
300,1,0,0.010986944492666904,-4.6075119972229,-0.10751216858625412,attack,No
301,1,0,0.02595735569077852,-3.7449405193328857,-0.11994045972824097,attack,No
302,1,1,0.6513548646660542,-0.6698921918869019,-1.2948921918869019,attack,Yes
303,1,0,0.0028009265717294646,-5.951527118682861,-0.07652697712182999,attack,No
304,1,1,0.5312093585306514,-0.8943834900856018,-1.019383430480957,attack,Yes
305,1,0,0.012431653231446594,-4.472914695739746,-0.09791488945484161,attack,No
306,1,0,0.01590639427760358,-4.25142765045166,-0.1264278143644333,attack,No
307,1,0,0.01406362497707424,-4.455987930297852,-0.20598778128623962,attack,No
308,1,0,0.005220124881069698,-5.332062721252441,-0.08206256479024887,attack,No
309,1,0,0.047425869811643456,-3.159620523452759,-0.15962044894695282,attack,No
310,1,0,0.010986941740036291,-4.588568210601807,-0.08856812864542007,attack,No
311,1,1,0.7772998611746911,-0.4011540412902832,-1.6511540412902832,attack,Yes
312,1,0,0.05340332753999997,-3.028864860534668,-0.1538648158311844,attack,No
313,1,0,0.29421497216298875,-1.3605972528457642,-0.48559725284576416,attack,No
314,1,0,0.01590639357784294,-4.255263328552246,-0.13026344776153564,attack,No
315,1,0,0.07585818106587033,-2.732781410217285,-0.23278142511844635,attack,No
316,1,0,0.010986942387714022,-4.584347248077393,-0.08434722572565079,attack,No
317,1,0,0.005220126738186909,-5.292507648468018,-0.042507849633693695,attack,No
318,1,0,0.02033235423310517,-3.983283281326294,-0.10828332602977753,attack,No
319,1,0,0.01243165213378772,-4.447783470153809,-0.07278357446193695,attack,No
320,1,0,0.00669285161773124,-5.08992862701416,-0.08992873132228851,attack,No
321,1,0,0.01098694392594878,-4.602668285369873,-0.1026684045791626,attack,No
322,1,0,0.005911069863196903,-5.194121837615967,-0.06912200897932053,attack,No
323,1,0,0.008577486554175553,-4.825112819671631,-0.0751129537820816,attack,No
324,1,1,0.6791786861878392,-0.6003380417823792,-1.3503379821777344,attack,Yes
325,1,1,0.9525741281688026,-0.2301907241344452,-3.2301907539367676,attack,Yes
326,1,0,0.03308598029553404,-3.5094072818756104,-0.13440734148025513,attack,No
327,1,0,0.05340332452690107,-3.1077842712402344,-0.23278416693210602,attack,No
328,1,0,0.020332355271959375,-3.989281177520752,-0.11428127437829971,attack,No
329,1,0,0.025957359081569886,-3.7561821937561035,-0.13118226826190948,attack,No
330,1,0,0.042087723109535534,-3.285177707672119,-0.1601775884628296,attack,No
331,1,0,0.04208772611333754,-3.326155662536621,-0.2011556178331375,attack,No
332,1,0,0.13296425050508953,-2.182473659515381,-0.307473748922348,attack,No
333,1,0,0.006692849537392301,-5.10040283203125,-0.10040262341499329,attack,No
334,1,0,0.01098694400690851,-4.56903076171875,-0.06903088837862015,attack,No
335,1,0,0.033085976005166884,-3.5024828910827637,-0.1274828165769577,attack,No
336,1,0,0.017986209304104488,-4.123264789581299,-0.12326475232839584,attack,No
337,1,0,0.010986945059385054,-4.609999656677246,-0.109999880194664,attack,No
338,1,0,0.014063629935885703,-4.387243747711182,-0.13724395632743835,attack,No
339,1,0,0.22270014398423357,-1.6930850744247437,-0.44308510422706604,attack,No
340,1,1,0.8933094145755219,-0.29753175377845764,-2.422531843185425,attack,Yes
341,1,0,0.010986942711552901,-4.582780838012695,-0.08278084546327591,attack,No
342,1,0,0.007577242388402388,-4.960151195526123,-0.08515134453773499,attack,No
343,1,0,0.18242552825126704,-1.8285025358200073,-0.3285025656223297,attack,No
344,1,0,0.005220124958449569,-5.2975592613220215,-0.04755911976099014,attack,No
345,1,0,0.004070136840053805,-5.58278226852417,-0.08278205245733261,attack,No
346,1,0,0.03308597457504463,-3.5314273834228516,-0.156427264213562,attack,No
347,1,0,0.005220125693558397,-5.315145015716553,-0.06514501571655273,attack,No
348,1,1,0.9579122714836206,-0.20843245089054108,-3.33343243598938,attack,Yes
349,1,1,0.7772998611746911,-0.3974950313568115,-1.6474950313568115,attack,Yes
350,1,0,0.06754669677084987,-2.8070552349090576,-0.18205532431602478,attack,No
351,1,0,0.04742587385075148,-3.133418560028076,-0.13341857492923737,attack,No
352,1,0,0.004609572247745565,-5.454189777374268,-0.07918979227542877,attack,No
353,1,0,0.029312227783474795,-3.6896286010742188,-0.1896284967660904,attack,No
354,1,0,0.042087723109535534,-3.2683191299438477,-0.1433190107345581,attack,No
355,1,1,0.8670357701094303,-0.2864517271518707,-2.161451816558838,attack,Yes
356,1,0,0.00407013709676619,-5.551591396331787,-0.05159124359488487,attack,No
357,1,0,0.008577485350352902,-4.8399577140808105,-0.08995770663022995,attack,No
358,1,0,0.009708476768000214,-4.715973377227783,-0.09097340703010559,attack,No
359,1,0,0.0420877273148584,-3.2935612201690674,-0.1685612052679062,attack,No
360,1,0,0.24508500761839525,-1.4784040451049805,-0.3534040153026581,attack,No
361,1,1,0.5621764862150634,-0.7825692296028137,-1.032569169998169,attack,Yes
362,1,0,0.010986941011398892,-4.601930618286133,-0.10193046927452087,attack,No
363,1,0,0.005911067805510302,-5.221187591552734,-0.09618741273880005,attack,No
364,1,0,0.16451645880021026,-1.8966431617736816,-0.27164313197135925,attack,No
365,1,0,0.5,-0.8970547914505005,-0.8970547914505005,attack,No
366,1,0,0.08509903804604459,-2.6315791606903076,-0.25657907128334045,attack,No
367,1,0,0.3208213138121609,-1.250291109085083,-0.5002911686897278,attack,No
368,1,0,0.012431649938470258,-4.537196159362793,-0.162196084856987,attack,No
369,1,0,0.02297737141537594,-3.857645273208618,-0.10764534026384354,attack,No
370,1,0,0.0035936021012123592,-5.696892261505127,-0.07189212739467621,attack,No
371,1,0,0.32082130082460697,-1.25979745388031,-0.5097974538803101,attack,No
372,1,0,0.017986206540559057,-4.101650714874268,-0.10165052115917206,attack,No
373,1,0,0.005911067761729742,-5.206561088562012,-0.0815609022974968,attack,No
374,1,0,0.014063626630011202,-4.336898326873779,-0.08689829707145691,attack,No
375,1,0,0.033085976958581766,-3.52402400970459,-0.14902396500110626,attack,No
376,1,0,0.008577484083171345,-4.814009189605713,-0.06400903314352036,attack,No
377,1,0,0.00669285072615733,-5.08332633972168,-0.0833263099193573,attack,No
378,1,0,0.004609571222175325,-5.444267272949219,-0.06926706433296204,attack,No
379,1,0,0.0373268852023206,-3.4410877227783203,-0.19108766317367554,attack,No
380,1,0,0.0040701385313356995,-5.568775653839111,-0.06877585500478745,attack,No
381,1,0,0.13296424019782924,-2.2151589393615723,-0.34015893936157227,attack,No
382,1,0,0.008577487061048297,-4.835283279418945,-0.08528347313404083,attack,No
383,1,0,0.003172683148808524,-5.818934440612793,-0.06893453747034073,attack,No
384,1,0,0.01098694190195572,-4.602649211883545,-0.10264914482831955,attack,No
385,1,0,0.02595735757455145,-3.778397798538208,-0.1533978134393692,attack,No
386,1,0,0.01406362456384003,-4.358633041381836,-0.10863286256790161,attack,No
387,1,0,0.012431650487299585,-4.585458755493164,-0.21045872569084167,attack,No
388,1,0,0.0850990438468576,-2.61950421333313,-0.2445041984319687,attack,No
389,1,0,0.009708474977211935,-4.695682525634766,-0.07068236917257309,attack,No
390,1,0,0.003172682312310257,-5.793827056884766,-0.043826889246702194,attack,No
391,1,0,0.0035936019678213344,-5.660849571228027,-0.035849399864673615,attack,No
392,1,0,0.06754669583231304,-2.8135933876037598,-0.18859346210956573,attack,No
393,1,1,0.7981867825403176,-0.45382627844810486,-1.8288263082504272,attack,Yes
394,1,0,0.02297736991002561,-3.875985860824585,-0.12598586082458496,attack,No
395,1,0,0.025957359269947192,-3.7496674060821533,-0.12466748803853989,attack,No
396,1,0,0.010986942306754304,-4.6869683265686035,-0.18696829676628113,attack,No
397,1,0,0.022977371582637088,-3.8909661769866943,-0.1409662514925003,attack,No
398,1,0,0.0052201247263099606,-5.329846382141113,-0.07984619587659836,attack,No
399,1,0,0.014063629419342763,-4.330391883850098,-0.08039205521345139,attack,No
400,1,0,0.03308597791199666,-3.523221731185913,-0.1482217162847519,attack,No
401,1,0,0.014063625390308462,-4.351101398468018,-0.10110127925872803,attack,No
402,1,0,0.005911069075146632,-5.218780517578125,-0.09378055483102798,attack,No
403,1,0,0.012431650853185818,-4.456236839294434,-0.0812368392944336,attack,No
404,1,0,0.01798620772493562,-4.118056297302246,-0.11805617064237595,attack,No
405,1,0,0.006692849438328558,-5.14630126953125,-0.1463010460138321,attack,No
406,1,0,0.00591106981941633,-5.1993889808654785,-0.07438914477825165,attack,No
407,1,0,0.24508501313237172,-1.6005069017410278,-0.47550690174102783,attack,No
408,1,0,0.014063627456479755,-4.3423333168029785,-0.0923333466053009,attack,No
409,1,0,0.02297736773563088,-3.8643174171447754,-0.11431732028722763,attack,No
410,1,0,0.014063627146554044,-4.3708038330078125,-0.1208038404583931,attack,No
411,1,0,0.24508500210441886,-1.6237564086914062,-0.4987563490867615,attack,No
412,1,0,0.2018132174596823,-1.7940034866333008,-0.4190034568309784,attack,No
413,1,0,0.003593602674793823,-5.667454242706299,-0.04245426878333092,attack,No
414,1,0,0.06754669395523943,-2.8223538398742676,-0.19735388457775116,attack,No
415,1,0,0.02595735719779685,-3.76608943939209,-0.14108943939208984,attack,No
416,1,0,0.008577483417901103,-4.810550689697266,-0.06055045500397682,attack,No
417,1,0,0.03732688654095113,-3.3683736324310303,-0.11837361007928848,attack,No
418,1,0,0.05340332603345051,-3.034147262573242,-0.15914718806743622,attack,No
419,1,0,0.2942149597859341,-1.5876781940460205,-0.7126781344413757,attack,No
420,1,0,0.012431652499674001,-4.488213062286377,-0.1132131963968277,attack,No
421,1,0,0.010986940363721243,-4.592275619506836,-0.09227541089057922,attack,No
422,1,0,0.0075772417721044994,-4.989997863769531,-0.11499793082475662,attack,No
423,1,0,0.0259573558791558,-3.7454333305358887,-0.1204332783818245,attack,No
424,1,0,0.005220124764999895,-5.398555278778076,-0.14855509996414185,attack,No
425,1,0,0.008577486427457372,-4.841841697692871,-0.09184181690216064,attack,No
426,1,0,0.004070137866903443,-5.567840576171875,-0.06784061342477798,attack,No
427,1,0,0.2018132174596823,-1.7636160850524902,-0.38861605525016785,attack,No
428,1,0,0.03308597743528921,-3.532423734664917,-0.1574237048625946,attack,No
429,1,0,0.010986940930439183,-4.588512420654297,-0.08851226419210434,attack,No
430,1,0,0.029312233083263427,-3.6241374015808105,-0.12413748353719711,attack,No
431,1,0,0.02931222905542399,-3.6733896732330322,-0.17338961362838745,attack,No
432,1,1,0.893309411735131,-0.21879643201828003,-2.343796491622925,attack,Yes
433,1,0,0.025957357951306048,-3.7634453773498535,-0.1384454071521759,attack,No
434,1,0,0.10669058400428263,-2.2959611415863037,-0.17096103727817535,attack,No
435,1,1,0.9706877692486436,-0.2876403331756592,-3.787640333175659,attack,Yes
436,1,0,0.10669058826486906,-2.3688290119171143,-0.24382895231246948,attack,No
437,1,0,0.08509903688588204,-2.605895519256592,-0.23089541494846344,attack,No
438,1,0,0.008577486617534644,-4.83591890335083,-0.08591904491186142,attack,No
439,1,0,0.020332352749027827,-3.9556872844696045,-0.0806872546672821,attack,No
440,1,0,0.01590639427760358,-4.255255222320557,-0.13025538623332977,attack,No
441,1,0,0.20181322226037882,-1.7837849855422974,-0.40878498554229736,attack,No
442,1,0,0.017986208119727825,-4.139688014984131,-0.1396879106760025,attack,No
443,1,0,0.14804720930852133,-2.010241985321045,-0.2602420747280121,attack,No
444,1,0,0.014063626733319769,-4.347804546356201,-0.09780452400445938,attack,No
445,1,1,0.7981867777396212,-0.6225494146347046,-1.9975494146347046,attack,Yes
446,1,0,0.017986209435701905,-4.152634620666504,-0.15263459086418152,attack,No
447,1,0,0.08509904964767095,-2.627127170562744,-0.2521272301673889,attack,No
448,1,0,0.0024726233404040437,-6.06350564956665,-0.06350572407245636,attack,No
449,1,0,0.00037998459399269806,-7.9175705909729,-0.042570799589157104,attack,No
450,1,0,0.008577487377843779,-4.862273216247559,-0.1122734472155571,attack,No
451,1,0,0.01590639066217393,-4.233523845672607,-0.10852377861738205,attack,No
452,1,0,0.009708476051684862,-4.768402099609375,-0.14340205490589142,attack,No
453,1,0,0.020332353491066484,-3.9697515964508057,-0.09475160390138626,attack,No
454,1,0,0.10669058400428263,-2.334455966949463,-0.20945586264133453,attack,No
455,1,0,0.02595735606753309,-3.7534475326538086,-0.128447487950325,attack,No
456,1,0,0.004609571222175325,-5.418976783752441,-0.04397657513618469,attack,No
457,1,0,0.006692850651859509,-5.060497760772705,-0.060497719794511795,attack,No
458,1,0,0.029312231175339414,-3.6648941040039062,-0.16489411890506744,attack,No
459,1,1,0.8670357666736773,-0.4542638659477234,-2.329263925552368,attack,Yes
460,1,0,0.3208212878370535,-1.4485440254211426,-0.6985439658164978,attack,No
461,1,0,0.09534947261117097,-2.48820424079895,-0.23820433020591736,attack,No
462,1,0,0.004609573239130345,-5.478189468383789,-0.10318969935178757,attack,No
463,1,0,0.08509904268669496,-2.64324951171875,-0.2682494819164276,attack,No
464,1,0,0.11920291576401235,-2.310927391052246,-0.3109273314476013,attack,No
465,1,0,0.020332352155396922,-4.005826473236084,-0.1308264136314392,attack,No
466,1,0,0.015906391478561197,-4.254958152770996,-0.1299581378698349,attack,No
467,1,0,0.02931223287127187,-3.6839962005615234,-0.1839962750673294,attack,No
468,1,0,0.006692851320539924,-5.073040962219238,-0.07304102182388306,attack,No
469,1,0,0.0052201245328602945,-5.341298580169678,-0.09129835665225983,attack,No
470,1,0,0.022977370746331334,-3.8729119300842285,-0.1229119673371315,attack,No
471,1,0,0.004070138350126891,-5.611780166625977,-0.1117803230881691,attack,No
472,1,0,0.060086652698692546,-2.9383981227874756,-0.18839816749095917,attack,No
473,1,0,0.025957358704815272,-3.776312828063965,-0.15131288766860962,attack,No
474,1,0,0.11920292515117029,-2.277428150177002,-0.27742817997932434,attack,No
475,1,0,0.46879062662624377,-0.9215739369392395,-0.7965739369392395,attack,No
476,1,0,0.008577484906839334,-4.8535284996032715,-0.10352843999862671,attack,No
477,1,0,0.025957358704815272,-3.746690273284912,-0.12169033288955688,attack,No
478,1,0,0.006692849586924174,-5.108944416046143,-0.10894421488046646,attack,No
479,1,0,0.005911068549779841,-5.207460403442383,-0.08246035128831863,attack,No
480,1,1,0.9399133473013074,-0.19051723182201385,-2.9405171871185303,attack,Yes
481,1,0,0.2018132174596823,-1.7636160850524902,-0.38861605525016785,attack,No
482,1,0,0.014063624357222927,-4.340907096862793,-0.09090690314769745,attack,No
483,1,0,0.04208772431105632,-3.269944429397583,-0.14494433999061584,attack,No
484,1,0,0.08509904500702024,-2.6301047801971436,-0.25510478019714355,attack,No
485,1,0,0.00669285161773124,-5.078006267547607,-0.07800637185573578,attack,No
486,1,0,0.10669060530721626,-2.4249391555786133,-0.29993927478790283,attack,No
487,1,0,0.0028009270919814614,-5.947861671447754,-0.07286171615123749,attack,No
488,1,0,0.29421497216298875,-1.42282235622406,-0.5478223562240601,attack,No
489,1,0,0.11920292984474948,-2.206421375274658,-0.20642144978046417,attack,No
490,1,0,0.042087725512577126,-3.2519352436065674,-0.1269351840019226,attack,No
491,1,0,0.010986940525640651,-4.611944675445557,-0.11194448173046112,attack,No
492,1,0,0.26894141551050293,-1.4415793418884277,-0.44157931208610535,attack,No
493,1,0,0.06754669301670263,-2.792963743209839,-0.16796377301216125,attack,No
494,1,1,0.5312093733737563,-0.7982123494148254,-0.9232123494148254,attack,Yes
495,1,0,0.2942149845400438,-1.4003126621246338,-0.5253127217292786,attack,No
496,1,0,0.017986210883273495,-4.0988054275512695,-0.09880547970533371,attack,No
497,1,0,0.13296423676207594,-2.1857683658599854,-0.31076833605766296,attack,No
498,1,1,0.8933094060543487,-0.49799537658691406,-2.622995376586914,attack,Yes
499,1,0,0.24508500210441886,-1.5375158786773682,-0.4125158190727234,attack,No
500,1,0,0.029312234143221275,-3.8380441665649414,-0.33804428577423096,attack,No
501,1,0,0.0040701381085151605,-5.546769142150879,-0.046769239008426666,attack,No
502,1,0,0.07585817793199003,-2.679610013961792,-0.1796099841594696,attack,No
503,1,0,0.00970847719778945,-4.717219352722168,-0.09221942722797394,attack,No
504,1,0,0.05340332603345051,-3.029827833175659,-0.1548277586698532,attack,No
505,1,0,0.34864513533394575,-1.2378253936767578,-0.6128253936767578,attack,No
506,1,0,0.008577485096916576,-4.82208251953125,-0.07208248227834702,attack,No
507,1,0,0.01798621193605291,-4.108153343200684,-0.10815345495939255,attack,No
508,1,0,0.04208772671409796,-3.2840044498443604,-0.15900442004203796,attack,No
509,1,0,0.015906391128680933,-4.228403568267822,-0.10340353101491928,attack,No
510,1,0,0.037326884131416216,-3.391631841659546,-0.14163175225257874,attack,No
511,1,0,0.037326884131416216,-3.4554667472839355,-0.20546665787696838,attack,No
512,1,0,0.004609571478567864,-5.4247660636901855,-0.04976591095328331,attack,No
513,1,0,0.0028009264676790765,-5.987696647644043,-0.11269646883010864,attack,No
514,1,0,0.01098694303539179,-4.594172477722168,-0.09417251497507095,attack,No
515,1,0,0.060086652698692546,-2.9497339725494385,-0.19973401725292206,attack,No
516,1,0,0.004609572213559887,-5.475255966186523,-0.10025597363710403,attack,No
517,1,0,0.22270013882530884,-1.6308834552764893,-0.38088345527648926,attack,No
518,1,0,0.01243164829198241,-4.520841121673584,-0.14584091305732727,attack,No
519,1,0,0.010986942954432066,-4.655081748962402,-0.15508177876472473,attack,No
520,1,0,0.0040701384407312935,-5.571130275726318,-0.07113045454025269,attack,No
521,1,0,0.007577241884158658,-4.9613423347473145,-0.08634241670370102,attack,No
522,1,0,0.017986213910014467,-4.135370254516602,-0.13537047803401947,attack,No
523,1,1,0.5312093733737563,-0.8364979028701782,-0.9614979028701782,attack,Yes
524,1,0,0.022977369240981062,-3.9450528621673584,-0.195052832365036,attack,No
525,1,0,0.009708477054526368,-4.720574855804443,-0.09557491540908813,attack,No
526,1,1,0.7310585669110203,-0.4713326096534729,-1.4713325500488281,attack,Yes
527,1,0,0.3208212878370535,-1.2957348823547363,-0.5457348227500916,attack,No
528,1,1,0.5621764862150634,-0.8192721009254456,-1.0692720413208008,attack,Yes
529,1,0,0.007577242668537808,-4.962432384490967,-0.08743257075548172,attack,No
530,1,0,0.2689414213699951,-1.470605492591858,-0.4706054925918579,attack,No
531,1,0,0.24508500210441886,-1.5313324928283691,-0.40633243322372437,attack,No
532,1,0,0.033085978388704126,-3.5221400260925293,-0.1471400260925293,attack,No
533,1,0,0.37754066879814546,-1.152580976486206,-0.652580976486206,attack,No
534,1,0,0.0066928493887966865,-5.096071243286133,-0.09607101231813431,attack,No
535,1,0,0.06008665354025422,-3.128990411758423,-0.3789904713630676,attack,No
536,1,0,0.02595735945832451,-3.7692887783050537,-0.14428886771202087,attack,No
537,1,0,0.11920292828022305,-2.2513225078582764,-0.25132256746292114,attack,No
538,1,0,0.020332349187242645,-4.025668144226074,-0.1506679356098175,attack,No
539,1,0,0.02033235601399812,-4.024370193481445,-0.14937032759189606,attack,No
540,1,0,0.022977368070153135,-3.850433111190796,-0.10043302923440933,attack,No
541,1,0,0.015906391595187953,-4.228969573974609,-0.10396956652402878,attack,No
542,1,0,0.2689414213699951,-1.4470643997192383,-0.4470643997192383,attack,No
543,1,0,0.033085976005166884,-3.515251874923706,-0.14025180041790009,attack,No
544,1,0,0.46879062662624377,-0.9432308077812195,-0.8182308077812195,attack,No
545,1,0,0.46879062662624377,-0.9543267488479614,-0.8293267488479614,attack,No
546,1,0,0.22270013366638422,-1.6527115106582642,-0.4027114808559418,attack,No
547,1,0,0.34864513533394575,-1.182129979133606,-0.557129979133606,attack,No
548,1,0,0.02297736991002561,-3.88582181930542,-0.13582181930541992,attack,No
549,1,0,0.18242552825126704,-1.888932228088379,-0.3889322578907013,attack,No
550,1,0,0.0019267347278018251,-6.293558120727539,-0.04355815425515175,attack,No
551,1,0,0.005220124958449569,-5.324439525604248,-0.0744393840432167,attack,No
552,1,1,0.7057850278370112,-0.5044822692871094,-1.3794822692871094,attack,Yes
553,1,0,0.005220125848318164,-5.38408899307251,-0.13408902287483215,attack,No
554,1,0,0.32082130082460697,-1.367128610610962,-0.6171286106109619,attack,No
555,1,0,0.4378234991142019,-1.0016447305679321,-0.7516447305679321,attack,No
556,1,0,0.10669060530721626,-2.3684444427490234,-0.243444561958313,attack,No
557,1,0,0.006692850825221093,-5.077419281005859,-0.07741926610469818,attack,No
558,1,0,0.022977370411809046,-3.855738878250122,-0.10573890060186386,attack,No
559,1,0,0.012431650761714258,-4.495628356933594,-0.12062834948301315,attack,No
560,1,0,0.015906391361934443,-4.244155406951904,-0.1191553846001625,attack,No
561,1,0,0.010986944330747438,-4.598774433135986,-0.09877458959817886,attack,No
562,1,0,0.015906388679519302,-4.274540424346924,-0.1495402306318283,attack,No
563,1,0,0.02595735945832451,-3.7222890853881836,-0.09728917479515076,attack,No
564,1,0,0.0850990519679964,-2.5520944595336914,-0.17709454894065857,attack,No
565,1,0,0.34864513533394575,-1.285084843635559,-0.6600848436355591,attack,No
566,1,0,0.007577240987725441,-4.9397993087768555,-0.06479927152395248,attack,No
567,1,0,0.029312227783474795,-3.632140874862671,-0.13214077055454254,attack,No
568,1,0,0.0159063953272446,-4.2469611167907715,-0.12196134775876999,attack,No
569,1,0,0.02931222820745785,-3.643059492111206,-0.1430594027042389,attack,No
570,1,0,0.02033235556877487,-3.995549201965332,-0.12054931372404099,attack,No
571,1,0,0.2018132270610754,-1.7430428266525269,-0.36804285645484924,attack,No
572,1,0,0.010986940606600357,-4.599743366241455,-0.09974317997694016,attack,No
573,1,0,0.2689414213699951,-1.4700639247894287,-0.4700639247894287,attack,No
574,1,0,0.005911069469171754,-5.203783988952637,-0.07878409326076508,attack,No
575,1,0,0.16451646699291617,-1.9850810766220093,-0.36008110642433167,attack,No
576,1,0,0.015906392878082327,-4.241861820220947,-0.11686189472675323,attack,No
577,1,0,0.02033235304584329,-3.9986329078674316,-0.12363289296627045,attack,No
578,1,0,0.10669059962643358,-2.3757903575897217,-0.25079041719436646,attack,No
579,1,0,0.047425871831197425,-3.159777879714966,-0.15977784991264343,attack,No
580,1,0,0.07585817584273653,-2.696068525314331,-0.19606846570968628,attack,No
581,1,0,0.06008665522337757,-2.9145753383636475,-0.16457542777061462,attack,No
582,1,0,0.10669059820623795,-2.347360610961914,-0.22236065566539764,attack,No
583,1,0,0.13296423676207594,-2.147475481033325,-0.2724754512310028,attack,No
584,1,0,0.46879062662624377,-0.9322961568832397,-0.8072961568832397,attack,No
585,1,0,0.1480472055495773,-2.03067946434021,-0.28067952394485474,attack,No
586,1,0,0.22270013882530884,-1.6976993083953857,-0.44769930839538574,attack,No
587,1,0,0.025957355314023947,-3.7236320972442627,-0.09863202273845673,attack,No
588,1,0,0.015906389146026254,-4.203749656677246,-0.07874949276447296,attack,No
589,1,0,0.009708478200631072,-4.759480953216553,-0.13448113203048706,attack,No
590,1,0,0.04742587788985982,-3.2052690982818604,-0.2052692025899887,attack,No
591,1,0,0.0031726826539785367,-5.833280086517334,-0.08328002691268921,attack,No
592,1,0,0.34864513533394575,-1.1583327054977417,-0.5333327054977417,attack,No
593,1,0,0.0203323520069892,-3.97658371925354,-0.10158365219831467,attack,No
594,1,0,0.32082130082460697,-1.2695075273513794,-0.5195075273513794,attack,No
595,1,0,0.01406362952265135,-4.359872817993164,-0.10987299680709839,attack,No
596,1,1,0.7549149923816048,-0.434740275144577,-1.5597403049468994,attack,Yes
597,1,1,0.7310585903489892,-0.5275554060935974,-1.5275554656982422,attack,Yes
598,1,0,0.007577242164294059,-4.975350856781006,-0.10035097599029541,attack,No
599,1,0,0.0015011819328682409,-6.567512512207031,-0.06751229614019394,attack,No
600,1,0,0.06754669395523943,-2.8193447589874268,-0.19434480369091034,attack,No
601,1,0,0.4378234991142019,-1.1606723070144653,-0.9106723070144653,attack,No
602,1,0,0.004609573239130345,-5.437852382659912,-0.06285261362791061,attack,No
603,1,0,0.005911068155754778,-5.186685562133789,-0.06168544292449951,attack,No
604,1,0,0.005220125306659001,-5.329257488250732,-0.07925741374492645,attack,No
605,1,0,0.004070138319925425,-5.573887348175049,-0.07388749718666077,attack,No
606,1,0,0.11920291263495983,-2.2616007328033447,-0.26160064339637756,attack,No
607,1,0,0.012431651219072064,-4.469090461730957,-0.09409049153327942,attack,No
608,1,0,0.012431650761714258,-4.486204624176025,-0.1112046167254448,attack,No
609,1,0,0.18242552825126704,-1.883028507232666,-0.3830285370349884,attack,No
610,1,0,0.08509904848750824,-2.6217257976531982,-0.24672584235668182,attack,No
611,1,0,0.0075772397551299425,-4.979319095611572,-0.10431889444589615,attack,No
612,1,0,0.012431648017567791,-4.488628387451172,-0.11362815648317337,attack,No
613,1,0,0.010986940363721243,-4.602601051330566,-0.10260084271430969,attack,No
614,1,0,0.009708476338210996,-4.74512243270874,-0.12012241780757904,attack,No
615,1,0,0.015906394977364253,-4.259012699127197,-0.13401290774345398,attack,No
616,1,0,0.010986941173318311,-4.584122180938721,-0.08412204682826996,attack,No
617,1,0,0.037326884934594504,-3.373723030090332,-0.12372296303510666,attack,No
618,1,0,0.04742587250438209,-3.1865909099578857,-0.18659089505672455,attack,No
619,1,0,0.010986941659076578,-4.584602355957031,-0.08460226655006409,attack,No
620,1,0,0.00359360194114313,-5.714812755584717,-0.08981257677078247,attack,No
621,1,0,0.06754668832401889,-2.791175127029419,-0.16617508232593536,attack,No
622,1,1,0.5621765008857981,-0.721964955329895,-0.971964955329895,attack,Yes
623,1,0,0.4378234991142019,-0.9880055785179138,-0.7380055785179138,attack,No
624,1,0,0.017986210356883813,-4.1206374168396,-0.1206374391913414,attack,No
625,1,0,0.02033235408469743,-3.9837565422058105,-0.10875657945871353,attack,No
626,1,0,0.037326884666868405,-3.423358917236328,-0.17335884273052216,attack,No
627,1,0,0.09534946875514017,-2.478311061859131,-0.22831110656261444,attack,No
628,1,0,0.01243164810903933,-4.4693803787231445,-0.09438015520572662,attack,No
629,1,0,0.04742586913845881,-3.1383442878723145,-0.1383441984653473,attack,No
630,1,0,0.006692849983179163,-5.079177379608154,-0.07917723804712296,attack,No
631,1,0,0.00857748528699382,-4.872952461242676,-0.12295244634151459,attack,No
632,1,0,0.02297737057907019,-3.8786702156066895,-0.12867024540901184,attack,No
633,1,0,0.04742587385075148,-3.1825826168060303,-0.18258263170719147,attack,No
634,1,1,0.5621765008857981,-0.714809238910675,-0.964809238910675,attack,Yes
635,1,0,0.003593602181246977,-5.703571319580078,-0.07857120782136917,attack,No
636,1,0,0.006692851221476155,-5.099380016326904,-0.09938006103038788,attack,No
637,1,0,0.04742587721667508,-3.2257566452026367,-0.22575673460960388,attack,No
638,1,0,0.06754668926255561,-2.7683393955230713,-0.1433393657207489,attack,No
639,1,0,0.022977369742764476,-3.873875379562378,-0.12387537211179733,attack,No
640,1,0,0.24508500210441886,-1.644639492034912,-0.5196394324302673,attack,No
641,1,0,0.00970847848715727,-4.703021049499512,-0.07802125811576843,attack,No
642,1,1,0.5926666143433998,-0.800430953502655,-1.1754310131072998,attack,Yes
643,1,0,0.1645164628965632,-1.9477468729019165,-0.3227468729019165,attack,No
644,1,0,0.20181323186177208,-1.773740530014038,-0.39874058961868286,attack,No
645,1,0,0.006692851667263128,-5.068078517913818,-0.06807862967252731,attack,No
646,1,1,0.7772998611746911,-0.4427521228790283,-1.6927521228790283,attack,Yes
647,1,0,0.22270013882530884,-1.659704327583313,-0.409704327583313,attack,No
648,1,0,0.2689414213699951,-1.5135083198547363,-0.5135083198547363,attack,No
649,1,0,0.042087725512577126,-3.2479300498962402,-0.12292999029159546,attack,No
650,1,0,0.008577487124407394,-4.827124118804932,-0.07712431997060776,attack,No
651,1,0,0.4378234991142019,-0.9924696087837219,-0.7424696087837219,attack,No
652,1,0,0.06754669395523943,-2.8506202697753906,-0.2256203144788742,attack,No
653,1,0,0.005220125151899251,-5.330349922180176,-0.08034981787204742,attack,No
654,1,0,0.017986211804455476,-4.101698875427246,-0.10169897973537445,attack,No
655,1,0,0.0031726831016818556,-5.825215816497803,-0.0752158984541893,attack,No
656,1,0,0.2018132270610754,-1.781133770942688,-0.4061338007450104,attack,No
657,1,0,0.00669285248453932,-5.057105541229248,-0.05710577592253685,attack,No
658,1,0,0.03732688948593843,-3.3862712383270264,-0.13627129793167114,attack,No
659,1,0,0.009708478773683474,-4.70842170715332,-0.08342194557189941,attack,No
660,1,0,0.24508501864634827,-1.524317741394043,-0.39931777119636536,attack,No
661,1,0,0.0066928493887966865,-5.110183238983154,-0.11018300801515579,attack,No
662,1,0,0.14804719051380197,-2.0769896507263184,-0.3269895911216736,attack,No
663,1,0,0.005220125267969063,-5.318871974945068,-0.0688718929886818,attack,No
664,1,0,0.00970847855878882,-4.729043483734131,-0.10404369980096817,attack,No
665,1,0,0.010986942387714022,-4.580418586730957,-0.08041856437921524,attack,No
666,1,0,0.002472623266896334,-6.063931941986084,-0.06393198668956757,attack,No
667,1,0,0.2018132270610754,-1.7975058555603027,-0.4225058853626251,attack,No
668,1,0,0.3775406547908327,-1.1799919605255127,-0.6799919009208679,attack,No
669,1,0,0.0675466977093867,-2.824747085571289,-0.19974718987941742,attack,No
670,1,0,0.14804719427274565,-2.0732169151306152,-0.32321688532829285,attack,No
671,1,0,0.37754066879814546,-1.3521465063095093,-0.8521465063095093,attack,No
672,1,0,0.015906391945068224,-4.253845691680908,-0.1288457065820694,attack,No
673,1,0,0.00970847841552572,-4.709554195404053,-0.08455439656972885,attack,No
674,1,0,0.012431650212884917,-4.480326175689697,-0.10532612353563309,attack,No
675,1,0,0.05340333130637379,-3.042613983154297,-0.16761401295661926,attack,No
676,1,1,0.5621765008857981,-0.8007514476776123,-1.0507514476776123,attack,Yes
677,1,0,0.03732689055684297,-3.410243511199951,-0.16024360060691833,attack,No
678,1,0,0.1329642264548166,-2.32466459274292,-0.44966447353363037,attack,No
679,1,0,0.5,-0.994168758392334,-0.994168758392334,attack,No
680,1,0,0.0024726228809808957,-6.076056003570557,-0.07605589181184769,attack,No
681,1,0,0.029312227783474795,-3.6671955585479736,-0.16719545423984528,attack,No
682,1,0,0.042087729117139754,-3.266753911972046,-0.1417539417743683,attack,No
683,1,0,0.08509903920620716,-2.582416296005249,-0.20741622149944305,attack,No
684,1,0,0.015906394160976806,-4.227442741394043,-0.1024428978562355,attack,No
685,1,0,0.0075772397551299425,-4.9890522956848145,-0.11405209451913834,attack,No
686,1,0,0.07585817584273653,-2.724292516708374,-0.22429245710372925,attack,No
687,1,0,0.07585817688736327,-2.699603319168091,-0.19960327446460724,attack,No
688,1,0,0.007577240679576549,-4.9359211921691895,-0.060921113938093185,attack,No
689,1,0,0.015906389262652993,-4.239827632904053,-0.1148274764418602,attack,No
690,1,0,0.01590639124530769,-4.228238105773926,-0.1032380759716034,attack,No
691,1,0,0.02595736021183377,-3.7448678016662598,-0.11986792087554932,attack,No
692,1,0,0.29421497216298875,-1.4416029453277588,-0.5666029453277588,attack,No
693,1,0,0.0850990438468576,-2.5520944595336914,-0.1770944446325302,attack,No
694,1,0,0.025957357951306048,-3.7586562633514404,-0.13365629315376282,attack,No
695,1,0,0.017986207330143424,-4.085855960845947,-0.08585581183433533,attack,No
696,1,0,0.16451646699291617,-1.9545300006866455,-0.3295300304889679,attack,No
697,1,0,0.017986211278065763,-4.1114983558654785,-0.11149843037128448,attack,No
698,1,0,0.015906393111335862,-4.235608100891113,-0.11060819029808044,attack,No
699,1,0,0.014063624253914378,-4.369598865509033,-0.11959866434335709,attack,No
700,1,0,0.015906391478561197,-4.231711387634277,-0.10671137273311615,attack,No
701,1,1,0.8519527906914787,-0.427036851644516,-2.177036762237549,attack,Yes
702,1,0,0.18242552380635632,-1.8492438793182373,-0.3492438793182373,attack,No
703,1,0,0.2689414213699951,-1.4714685678482056,-0.47146856784820557,attack,No
704,1,0,0.02931223244728875,-3.6453988552093506,-0.14539891481399536,attack,No
705,1,0,0.004609572589602362,-5.431584358215332,-0.056584447622299194,attack,No
706,1,1,0.8670357701094303,-0.33659234642982483,-2.211592435836792,attack,Yes
707,1,0,0.022977368070153135,-3.868389368057251,-0.11838928610086441,attack,No
708,1,0,0.03308597648187432,-3.517908811569214,-0.1429087519645691,attack,No
709,1,0,0.14804719051380197,-2.178088665008545,-0.42808860540390015,attack,No
710,1,0,0.002182716494026206,-6.171229839324951,-0.04622986167669296,attack,No
711,1,0,0.16451647108926923,-2.1859946250915527,-0.5609946846961975,attack,No
712,1,0,0.010986944735546109,-4.589000225067139,-0.08900041878223419,attack,No
713,1,0,0.11920292202211755,-2.2727344036102295,-0.2727344036102295,attack,No
714,1,1,0.7549149813536518,-0.4814446270465851,-1.6064445972442627,attack,Yes
715,1,0,0.08509904964767095,-2.5910046100616455,-0.21600466966629028,attack,No
716,1,0,0.014063626320085508,-4.348659515380859,-0.0986594632267952,attack,No
717,1,0,0.2018132174596823,-1.7644468545913696,-0.38944682478904724,attack,No
718,1,0,0.02931223159932252,-3.6356945037841797,-0.13569453358650208,attack,No
719,1,0,0.5,-0.839946985244751,-0.839946985244751,attack,No
720,1,0,0.0758581737534831,-2.6628353595733643,-0.1628352701663971,attack,No
721,1,0,0.025957354372137545,-3.7218503952026367,-0.09685028344392776,attack,No
722,1,0,0.015906391945068224,-4.253362655639648,-0.12836267054080963,attack,No
723,1,0,0.00407013711186692,-5.599144458770752,-0.09914430975914001,attack,No
724,1,0,0.004609571393103682,-5.4716997146606445,-0.0966995432972908,attack,No
725,1,1,0.9525741241296944,-0.21224886178970337,-3.2122488021850586,attack,Yes
726,1,0,0.06754669395523943,-2.8508777618408203,-0.2258778065443039,attack,No
727,1,0,0.0046095727605307705,-5.439746856689453,-0.06474698334932327,attack,No
728,1,0,0.14804720179063335,-2.074565887451172,-0.32456591725349426,attack,No
729,1,0,0.008577487187766488,-4.837571620941162,-0.08757182955741882,attack,No
730,1,0,0.008577484019812273,-4.876646041870117,-0.12664587795734406,attack,No
731,1,0,0.04742587788985982,-3.1681911945343018,-0.16819129884243011,attack,No
732,1,0,0.04208772431105632,-3.3115599155426025,-0.18655982613563538,attack,No
733,1,0,0.012431653231446594,-4.448235511779785,-0.07323570549488068,attack,No
734,1,0,0.0035936028482021903,-5.68673849105835,-0.06173856556415558,attack,No
735,1,0,0.017986207988130422,-4.098395347595215,-0.09839523583650589,attack,No
736,1,0,0.4378234991142019,-1.0059409141540527,-0.7559409141540527,attack,No
737,1,0,0.0675466845698721,-2.7825193405151367,-0.15751923620700836,attack,No
738,1,0,0.00407013711186692,-5.5743207931518555,-0.07432064414024353,attack,No
739,1,0,0.0028009265509193865,-5.927262306213379,-0.05226215720176697,attack,No
740,1,0,0.02595735851643796,-3.746764898300171,-0.12176495045423508,attack,No
741,1,0,0.4073334000459302,-1.2112314701080322,-0.8362314701080322,attack,No
742,1,1,0.5926665999540697,-0.7213380336761475,-1.0963380336761475,attack,Yes
743,1,0,0.005220124958449569,-5.338711738586426,-0.08871159702539444,attack,No
744,1,0,0.02595735682104226,-3.8064098358154297,-0.1814098209142685,attack,No
745,1,0,0.04208773212094217,-3.2601044178009033,-0.13510452210903168,attack,No
746,1,1,0.7310585903489892,-0.5001499056816101,-1.5001499652862549,attack,Yes
747,1,0,0.1480471980316895,-2.0779616832733154,-0.32796168327331543,attack,No
748,1,0,0.015906389379279733,-4.253683090209961,-0.128682941198349,attack,No
749,1,0,0.05340332678672523,-3.3032820224761963,-0.4282819628715515,attack,No
750,1,0,0.012431649938470258,-4.4787917137146,-0.10379163920879364,attack,No
751,1,0,0.5,-0.9015100598335266,-0.9015100598335266,attack,No
752,1,0,0.002182716201940069,-6.199477672576904,-0.07447756081819534,attack,No
753,1,0,0.007577242164294059,-4.993249893188477,-0.11825001239776611,attack,No
754,1,0,0.01243164938964095,-4.456912994384766,-0.08191287517547607,attack,No
755,1,0,0.07585818733363135,-2.723862648010254,-0.22386275231838226,attack,No
756,1,0,0.007577241828131579,-4.947897434234619,-0.07289750874042511,attack,No
757,1,0,0.0675466911396291,-2.9338924884796143,-0.30889248847961426,attack,No
758,1,0,0.04742586913845881,-3.1509265899658203,-0.15092650055885315,attack,No
759,1,0,0.002800927341702454,-5.974701404571533,-0.09970153868198395,attack,No
760,1,0,0.20181321265898594,-1.7975060939788818,-0.42250603437423706,attack,No
761,1,0,0.004070136749449438,-5.554588317871094,-0.05458807945251465,attack,No
762,1,0,0.1329642264548166,-2.1717095375061035,-0.29670941829681396,attack,No
763,1,0,0.37754066879814546,-1.1779612302780151,-0.6779612302780151,attack,No
764,1,0,0.01243165240820243,-4.462446212768555,-0.08744633942842484,attack,No
765,1,0,0.005220126351287435,-5.367224216461182,-0.11722434312105179,attack,No
766,1,0,0.015906393927723257,-4.239804267883301,-0.11480440944433212,attack,No
767,1,0,0.017986213120429816,-4.094579219818115,-0.09457939863204956,attack,No
768,1,0,0.025957360023456458,-3.74483323097229,-0.11983334273099899,attack,No
769,1,0,0.2689414213699951,-1.5077242851257324,-0.5077242851257324,attack,No
770,1,0,0.1329642333263228,-2.1459765434265137,-0.2709764838218689,attack,No
771,1,1,0.8670357735451834,-0.36453568935394287,-2.2395358085632324,attack,Yes
772,1,0,0.04208773212094217,-3.2963359355926514,-0.17133603990077972,attack,No
773,1,0,0.0013250224172131609,-6.679071426391602,-0.05407142639160156,attack,No
774,1,1,0.7310585669110203,-0.4591701626777649,-1.4591701030731201,attack,Yes
775,1,0,0.22270014914315833,-1.7273247241973877,-0.47732478380203247,attack,No
776,1,1,0.9796676502191265,-0.2770565152168274,-4.152056694030762,attack,Yes
777,1,0,0.025957356444287677,-3.7645936012268066,-0.13959357142448425,attack,No
778,1,0,0.009708478128999526,-4.732870578765869,-0.10787075012922287,attack,No
779,1,0,0.06008665101556925,-2.9088761806488037,-0.1588761955499649,attack,No
780,1,0,0.004609571153803984,-5.528241157531738,-0.15324093401432037,attack,No
781,1,0,0.025957355125646668,-3.7473015785217285,-0.12230149656534195,attack,No
782,1,0,0.04208772491181671,-3.246328830718994,-0.12132875621318817,attack,No
783,1,0,0.004609571393103682,-5.45078182220459,-0.07578165084123611,attack,No
784,1,0,0.005911069600513468,-5.224460124969482,-0.09946025162935257,attack,No
785,1,0,0.007577242836619065,-4.949428558349609,-0.07442876696586609,attack,No
786,1,0,0.06008664512463808,-2.891021728515625,-0.14102163910865784,attack,No
787,1,0,0.010986944330747438,-4.57382345199585,-0.07382360845804214,attack,No
788,1,0,0.0035936033817664495,-5.707230567932129,-0.08223079144954681,attack,No
789,1,0,0.02297737225168171,-3.850986957550049,-0.10098706185817719,attack,No
790,1,0,0.004070138682343046,-5.589929580688477,-0.08992981910705566,attack,No
791,1,0,0.037326887076403345,-3.360793352127075,-0.1107933446764946,attack,No
792,1,0,0.003593602274620699,-5.67787504196167,-0.05287495627999306,attack,No
793,1,0,0.06008664512463808,-2.891021728515625,-0.14102163910865784,attack,No
794,1,0,0.010986943116351513,-4.601140022277832,-0.10114006698131561,attack,No
795,1,1,0.9046505325302034,-0.2263651192188263,-2.476365089416504,attack,Yes
796,1,0,0.00970847490558041,-4.7311577796936035,-0.10615761578083038,attack,No
797,1,0,0.11920291576401235,-2.2728307247161865,-0.27283066511154175,attack,No
798,1,0,0.24508500210441886,-1.644639492034912,-0.5196394324302673,attack,No
799,1,0,0.012431650304356473,-4.4582648277282715,-0.0832647830247879,attack,No
800,1,0,0.13296422989056964,-2.1341803073883057,-0.2591802179813385,attack,No
801,1,0,0.010986941659076578,-4.598176956176758,-0.09817686676979065,attack,No
802,1,0,0.004070137927306371,-5.582723617553711,-0.08272366970777512,attack,No
803,1,0,0.05340332829327471,-3.013021230697632,-0.13802120089530945,attack,No
804,1,0,0.008577486332418735,-4.812458038330078,-0.06245814636349678,attack,No
805,1,0,0.0028009275914234687,-5.956781387329102,-0.08178161084651947,attack,No
806,1,0,0.09534946232842245,-2.4726011753082275,-0.22260114550590515,attack,No
807,1,0,0.008577484590043946,-4.829958438873291,-0.07995834201574326,attack,No
808,1,0,0.09534947132582737,-2.4860894680023193,-0.2360895425081253,attack,No
809,1,0,0.012431652499674001,-4.489712238311768,-0.11471237242221832,attack,No
810,1,0,0.13296424019782924,-2.1542303562164307,-0.27923035621643066,attack,No
811,1,0,0.0013250227080568034,-6.673135280609131,-0.04813550040125847,attack,No
812,1,0,0.015906394160976806,-4.21440315246582,-0.08940330892801285,attack,No
813,1,0,0.022977371917159397,-3.8456220626831055,-0.09562215209007263,attack,No
814,1,0,0.05340332829327471,-3.121554374694824,-0.24655434489250183,attack,No
815,1,0,0.04742587721667508,-3.1715426445007324,-0.17154273390769958,attack,No
816,1,0,0.0373268852023206,-3.6016900539398193,-0.35168999433517456,attack,No
817,1,0,0.007577239474994629,-4.947853088378906,-0.07285284996032715,attack,No
818,1,0,0.01243164938964095,-4.513906478881836,-0.1389063596725464,attack,No
819,1,0,0.04208772671409796,-3.343284845352173,-0.21828481554985046,attack,No
820,1,1,0.9740426405416754,-0.17260298132896423,-3.797602891921997,attack,Yes
821,1,0,0.010986943602109868,-4.587460994720459,-0.08746108412742615,attack,No
822,1,0,0.010986941011398892,-4.627208709716797,-0.12720856070518494,attack,No
823,1,0,0.06008665017400762,-3.007704496383667,-0.257704496383667,attack,No
824,1,0,0.014063626939936907,-4.310959815979004,-0.06095980852842331,attack,No
825,1,0,0.009708478057367978,-4.697888374328613,-0.07288853824138641,attack,No
826,1,0,0.006692852212113911,-5.178918361663818,-0.17891855537891388,attack,No
827,1,0,0.01798620706694863,-4.123229503631592,-0.12322933971881866,attack,No
828,1,0,0.060086646807761206,-2.94819712638855,-0.19819706678390503,attack,No
829,1,0,0.020332354678328394,-3.981658697128296,-0.10665876418352127,attack,No
830,1,1,0.6224593312018546,-0.699547290802002,-1.199547290802002,attack,Yes
831,1,0,0.0085774839564532,-4.834373474121094,-0.08437330275774002,attack,No
832,1,0,0.029312231175339414,-3.6448886394500732,-0.14488865435123444,attack,No
833,1,0,0.0019267350716650608,-6.291014671325684,-0.041014883667230606,attack,No
834,1,0,0.02595735813968335,-3.74519944190979,-0.12019947916269302,attack,No
835,1,0,0.03308597981882656,-3.5937652587890625,-0.21876530349254608,attack,No
836,1,0,0.20181322226037882,-1.7729685306549072,-0.3979685306549072,attack,No
837,1,0,0.009708474977211935,-4.701805591583252,-0.07680543512105942,attack,No
838,1,0,0.003593603061627884,-5.7544965744018555,-0.1294967085123062,attack,No
839,1,0,0.042087729717900216,-3.2546377182006836,-0.12963776290416718,attack,No
840,1,0,0.0085774839564532,-4.81293249130249,-0.0629323199391365,attack,No
841,1,0,0.00857748680761192,-4.822686195373535,-0.07268635928630829,attack,No
842,1,0,0.003593603248375377,-5.706559181213379,-0.08155936747789383,attack,No
843,1,0,0.01798620772493562,-4.1032938957214355,-0.1032937690615654,attack,No
844,1,0,0.029312229903390143,-3.654461145401001,-0.1544611155986786,attack,No
845,1,0,0.006692849735519792,-5.078505039215088,-0.07850486040115356,attack,No
846,1,0,0.0066928520635182375,-5.108463287353516,-0.10846345871686935,attack,No
847,1,0,0.02033234889042724,-4.012016773223877,-0.13701654970645905,attack,No
848,1,0,0.02595735945832451,-3.7755017280578613,-0.1505018174648285,attack,No
849,1,0,0.008577484463325792,-4.84625768661499,-0.09625757485628128,attack,No
850,1,0,0.0031726833255335384,-5.80549955368042,-0.05549970641732216,attack,No
851,1,0,0.029312234143221275,-3.666555404663086,-0.1665555238723755,attack,No
852,1,1,0.9740426428022031,-0.2643578052520752,-3.889357805252075,attack,Yes
853,1,0,0.017986209435701905,-4.0872063636779785,-0.08720633387565613,attack,No
854,1,0,0.05340332829327471,-3.0823099613189697,-0.20730993151664734,attack,No
855,1,1,0.7549149868676283,-0.4300496578216553,-1.5550496578216553,attack,Yes
856,1,0,0.0013250222890447963,-6.672692775726318,-0.0476926788687706,attack,No
857,1,0,0.04208773031866069,-3.2751646041870117,-0.1501646637916565,attack,No
858,1,0,0.02595736021183377,-3.9995222091674805,-0.37452232837677,attack,No
859,1,0,0.03308597767364294,-3.4794116020202637,-0.10441157966852188,attack,No
860,1,0,0.012431653505861328,-4.496259689331055,-0.121259905397892,attack,No
861,1,0,0.02297736857193652,-3.8522214889526367,-0.10222142934799194,attack,No
862,1,1,0.5621765008857981,-0.7355635166168213,-0.9855635166168213,attack,Yes
863,1,0,0.033085978388704126,-3.524060010910034,-0.14906001091003418,attack,No
864,1,0,0.006692851667263128,-5.095792770385742,-0.09579288214445114,attack,No
865,1,1,0.7981867873410141,-0.4687287211418152,-1.84372878074646,attack,Yes
866,1,0,0.18242553269617778,-1.8139307498931885,-0.31393080949783325,attack,No
867,1,0,0.01798621351522214,-4.08001184463501,-0.08001204580068588,attack,No
868,1,0,0.03308597743528921,-3.506101369857788,-0.1311013400554657,attack,No
869,1,0,0.03308597457504463,-3.5720276832580566,-0.1970275640487671,attack,No
870,1,0,0.010986941335237732,-4.606648921966553,-0.10664880275726318,attack,No
871,1,0,0.4073334000459302,-1.036635160446167,-0.661635160446167,attack,No
872,1,0,0.004609571358918011,-5.465861797332764,-0.09086161851882935,attack,No
873,1,0,0.0046095724528596406,-5.459190368652344,-0.08419042825698853,attack,No
874,1,0,0.007577241043752515,-5.019865989685059,-0.1448659598827362,attack,No
875,1,0,0.46879062662624377,-0.9283180236816406,-0.8033180236816406,attack,No
876,1,0,0.11920293140927592,-2.256222724914551,-0.25622281432151794,attack,No
877,1,0,0.020332355123551627,-4.284214973449707,-0.4092150628566742,attack,No
878,1,0,0.022977370244547896,-3.896777629852295,-0.14677764475345612,attack,No
879,1,0,0.11920290950590741,-2.2540135383605957,-0.25401341915130615,attack,No
880,1,0,0.022977369240981062,-3.8525583744049072,-0.10255834460258484,attack,No
881,1,0,0.010986943683069595,-4.586761474609375,-0.08676157146692276,attack,No
882,1,0,0.16451647108926923,-1.8836750984191895,-0.25867515802383423,attack,No
883,1,0,0.0600866476493228,-2.9294888973236084,-0.17948885262012482,attack,No
884,1,0,0.008577486744252828,-4.827709674835205,-0.07770983129739761,attack,No
885,1,0,0.4073333856566001,-1.1535887718200684,-0.7785887122154236,attack,No
886,1,0,0.022977367233847502,-3.902355194091797,-0.15235507488250732,attack,No
887,1,0,0.01098694400690851,-4.595701217651367,-0.09570134431123734,attack,No
888,1,0,0.4378234991142019,-0.9860101938247681,-0.7360101938247681,attack,No
889,1,0,0.03732688573777281,-3.3991589546203613,-0.14915890991687775,attack,No
890,1,0,0.06008664596619963,-2.894382953643799,-0.14438287913799286,attack,No
891,1,0,0.22270012850745968,-1.7269248962402344,-0.4769248366355896,attack,No
892,1,0,0.02931223244728875,-3.6481032371520996,-0.14810329675674438,attack,No
893,1,0,0.09534946618445303,-2.4758543968200684,-0.22585441172122955,attack,No
894,1,0,0.02033235156176603,-4.016430377960205,-0.14143028855323792,attack,No
895,1,0,0.04742587250438209,-3.1865909099578857,-0.18659089505672455,attack,No
896,1,0,0.047425875197120895,-3.1633036136627197,-0.1633036583662033,attack,No
897,1,0,0.008577484019812273,-4.878385066986084,-0.12838490307331085,attack,No
898,1,0,0.015906390079040187,-4.212550640106201,-0.08755053579807281,attack,No
899,1,0,0.004070138380328358,-5.570074558258057,-0.07007472217082977,attack,No
900,1,0,0.22270013366638422,-1.6695892810821533,-0.41958925127983093,attack,No
901,1,0,0.025957357951306048,-3.7717089653015137,-0.14670899510383606,attack,No
902,1,0,0.017986210751676075,-4.14162540435791,-0.14162544906139374,attack,No
903,1,1,0.9626731169394882,-0.130273699760437,-3.3802738189697266,attack,Yes
904,1,0,0.02931223202330563,-3.634201765060425,-0.1342018097639084,attack,No
905,1,0,0.047425867792089564,-3.3518505096435547,-0.35185039043426514,attack,No
906,1,1,0.9046505338155469,-0.2227945476770401,-2.472794532775879,attack,Yes
907,1,0,0.03308597457504463,-3.4941506385803223,-0.11915051937103271,attack,No
908,1,0,0.37754066879814546,-1.2176417112350464,-0.7176417112350464,attack,No
909,1,1,0.6224593312018546,-0.6921498775482178,-1.1921498775482178,attack,Yes
910,1,1,0.6224593312018546,-0.6391494274139404,-1.1391494274139404,attack,Yes
911,1,0,0.3208212878370535,-1.3573665618896484,-0.6073665022850037,attack,No
912,1,0,0.0028009270919814614,-5.938863277435303,-0.06386332213878632,attack,No
913,1,0,0.015906392644828796,-4.216302871704102,-0.09130293130874634,attack,No
914,1,0,0.0035936022612815957,-5.6798272132873535,-0.05482712388038635,attack,No
915,1,0,0.015906389262652993,-4.2169599533081055,-0.09195979684591293,attack,No
916,1,0,0.0035936020745341545,-5.6990156173706055,-0.07401547580957413,attack,No
917,1,0,0.037326884131416216,-3.4129316806793213,-0.16293159127235413,attack,No
918,1,1,0.5312093733737563,-0.9988629817962646,-1.1238629817962646,attack,Yes
919,1,0,0.025957355125646668,-3.7359049320220947,-0.11090485006570816,attack,No
920,1,0,0.2018132174596823,-1.7636160850524902,-0.38861605525016785,attack,No
921,1,0,0.0031726826539785367,-5.817697525024414,-0.06769746541976929,attack,No
922,1,0,0.5,-0.9129984974861145,-0.9129984974861145,attack,No
923,1,0,0.0420877273148584,-3.258455514907837,-0.13345550000667572,attack,No
924,1,0,0.014063627146554044,-4.3217620849609375,-0.0717620924115181,attack,No
925,1,0,0.0031726821591486257,-5.813865661621094,-0.06386544555425644,attack,No
926,1,0,0.22270013366638422,-1.6884585618972778,-0.43845853209495544,attack,No
927,1,0,0.015906388446265834,-4.193671226501465,-0.06867101788520813,attack,No
928,1,0,0.5,-0.9170422554016113,-0.9170422554016113,attack,No
929,1,0,0.08509903804604459,-2.6694114208221436,-0.2944113314151764,attack,No
930,1,0,0.0028009274041327055,-5.99033784866333,-0.11533800512552261,attack,No
931,1,0,0.0031726831016818556,-5.803884983062744,-0.05388506501913071,attack,No
932,1,0,0.012431649206697853,-4.473281383514404,-0.09828124940395355,attack,No
933,1,0,0.06008665522337757,-2.982283353805542,-0.23228344321250916,attack,No
934,1,0,0.3486451488696663,-1.2233858108520508,-0.5983858704566956,attack,No
935,1,0,0.015906393344589397,-4.227418899536133,-0.10241900384426117,attack,No
936,1,1,0.6224593312018546,-0.7666451930999756,-1.2666451930999756,attack,Yes
937,1,0,0.01590639101205418,-4.214513778686523,-0.08951373398303986,attack,No
938,1,0,0.017986212857234944,-4.126487731933594,-0.12648789584636688,attack,No
939,1,0,0.006692849735519792,-5.100184440612793,-0.10018426179885864,attack,No
940,1,0,0.004609571632403393,-5.47503662109375,-0.10003650188446045,attack,No
941,1,0,0.20181322226037882,-1.813713550567627,-0.43871355056762695,attack,No
942,1,0,0.0758581737534831,-2.678924322128296,-0.17892423272132874,attack,No
943,1,0,0.0066928520635182375,-5.089354515075684,-0.08935468643903732,attack,No
944,1,0,0.014063626113468383,-4.32224702835083,-0.0722469612956047,attack,No
945,1,1,0.9399133464597458,-0.28991228342056274,-3.039912223815918,attack,Yes
946,1,0,0.04208772371029592,-3.2723886966705322,-0.14738859236240387,attack,No
947,1,0,0.025957355314023947,-3.7889928817749023,-0.16399280726909637,attack,No
948,1,0,0.04208772431105632,-3.2592384815216064,-0.13423839211463928,attack,No
949,1,0,0.4073333856566001,-1.0811138153076172,-0.7061137557029724,attack,No
950,1,1,0.8175744761936437,-0.37355780601501465,-1.8735578060150146,attack,Yes
951,1,0,0.03732689162774753,-3.3895263671875,-0.13952648639678955,attack,No
952,1,1,0.9465966762263737,-0.2199634313583374,-3.094963550567627,attack,Yes
953,1,0,0.26894141551050293,-1.4691580533981323,-0.46915802359580994,attack,No
954,1,0,0.10669060388702058,-2.3523669242858887,-0.22736702859401703,attack,No
955,1,0,0.004070137685694665,-5.581767559051514,-0.08176755160093307,attack,No
956,1,0,0.02595735606753309,-3.7625670433044434,-0.13756699860095978,attack,No
957,1,0,0.005220124494170363,-5.347845077514648,-0.09784484654664993,attack,No
958,1,0,0.01590638961253321,-4.201477527618408,-0.07647739350795746,attack,No
959,1,0,0.08509903688588204,-2.5736677646636963,-0.19866766035556793,attack,No
960,1,0,0.0031726831723718585,-5.813940048217773,-0.0639401525259018,attack,No
961,1,0,0.11920292515117029,-2.2621357440948486,-0.262135773897171,attack,No
962,1,0,0.01590639217832175,-4.216529846191406,-0.09152987599372864,attack,No
963,1,0,0.01798621351522214,-4.097639560699463,-0.09763976186513901,attack,No
964,1,0,0.014063629419342763,-4.336322784423828,-0.08632295578718185,attack,No
965,1,1,0.6224593312018546,-0.6536301374435425,-1.1536301374435425,attack,Yes
966,1,1,0.7057850278370112,-0.5225026607513428,-1.3975026607513428,attack,Yes
967,1,0,0.32082130082460697,-1.3429181575775146,-0.5929181575775146,attack,No
968,1,0,0.005911068681121534,-5.195547103881836,-0.07054707407951355,attack,No
969,1,0,0.01243164865786858,-4.501070022583008,-0.1260698437690735,attack,No
970,1,0,0.03308597934211908,-3.5631415843963623,-0.1881416141986847,attack,No
971,1,1,0.7057850340255386,-0.47693905234336853,-1.351939082145691,attack,Yes
972,1,0,0.10669060246682488,-2.5045101642608643,-0.3795102536678314,attack,No
973,1,0,0.0024726232301424803,-6.068233489990234,-0.06823351979255676,attack,No
974,1,0,0.008577484970198416,-4.84767484664917,-0.09767479449510574,attack,No
975,1,0,0.16451645880021026,-1.9318783283233643,-0.30687829852104187,attack,No
976,1,0,0.02931222863144092,-3.6291234493255615,-0.12912337481975555,attack,No
977,1,0,0.009708478773683474,-4.724358558654785,-0.09935879707336426,attack,No
978,1,0,0.0052201265253921944,-5.293194770812988,-0.043194931000471115,attack,No
979,1,0,0.010986941416197443,-4.599444389343262,-0.09944427758455276,attack,No
980,1,0,0.02033235319425102,-3.9731853008270264,-0.09818529337644577,attack,No
981,1,0,0.020332358091706755,-4.026527404785156,-0.15152764320373535,attack,No
982,1,0,0.012431653231446594,-4.491824150085449,-0.11682434380054474,attack,No
983,1,0,0.02297737225168171,-3.8690619468688965,-0.11906205117702484,attack,No
984,1,0,0.014063629832577114,-4.337029457092285,-0.08702965825796127,attack,No
985,1,0,0.007577241491969114,-4.95060920715332,-0.0756092369556427,attack,No
986,1,0,0.13296423504419938,-2.1129508018493652,-0.23795075714588165,attack,No
987,1,1,0.9046505248181417,-0.30078184604644775,-2.550781726837158,attack,Yes
988,1,0,0.009708478128999526,-4.703111171722412,-0.07811134308576584,attack,No
989,1,0,0.04208772941751998,-3.213667154312134,-0.08866719156503677,attack,No
990,1,0,0.017986209830494145,-4.122677803039551,-0.12267779558897018,attack,No
991,1,0,0.014063628076331205,-4.317992687225342,-0.06799276173114777,attack,No
992,1,0,0.02595736021183377,-3.756619930267334,-0.13162004947662354,attack,No
993,1,0,0.029312230751356316,-3.6639890670776367,-0.16398906707763672,attack,No
994,1,0,0.0046095727605307705,-5.466396808624268,-0.09139693528413773,attack,No
995,1,0,0.007577239699102878,-4.951529502868652,-0.07652929425239563,attack,No
996,1,0,0.005911068900024362,-5.216912269592285,-0.09191227704286575,attack,No
997,1,0,0.00857748424156903,-4.8088555335998535,-0.05885539576411247,attack,No
998,1,0,0.014063624667148581,-4.373468399047852,-0.12346822768449783,attack,No
999,1,0,0.008577487061048297,-4.885012149810791,-0.13501234352588654,attack,No
1000,1,0,0.18242552380635632,-1.8950186967849731,-0.39501869678497314,attack,No
1001,1,1,0.5926665999540697,-0.8749083280563354,-1.2499083280563354,attack,Yes
1002,1,0,0.02297737225168171,-3.95037579536438,-0.20037589967250824,attack,No
1003,1,0,0.007577239474994629,-4.982654571533203,-0.10765433311462402,attack,No
1004,1,1,0.5621765008857981,-0.7452901005744934,-0.9952901005744934,attack,Yes
1005,1,0,0.04742587721667508,-3.1259264945983887,-0.12592658400535583,attack,No
1006,1,0,0.025957354183760273,-3.7605199813842773,-0.1355198621749878,attack,No
1007,1,0,0.004609571153803984,-5.441438674926758,-0.0664384514093399,attack,No
1008,1,0,0.4378234991142019,-1.008169412612915,-0.758169412612915,attack,No
1009,1,1,0.7981867825403176,-0.3907493054866791,-1.7657493352890015,attack,Yes
1010,1,0,0.04208772851637929,-3.2440457344055176,-0.11904574930667877,attack,No
1011,1,0,0.033085981248949035,-3.5250282287597656,-0.1500283181667328,attack,No
1012,1,1,0.6224593452091672,-0.6301371455192566,-1.1301372051239014,attack,Yes
1013,1,0,0.007577240259373531,-4.966470718383789,-0.09147058427333832,attack,No
1014,1,0,0.01798621022528639,-4.127762317657471,-0.1277623325586319,attack,No
1015,1,1,0.6224593312018546,-0.7368769645690918,-1.2368769645690918,attack,Yes
1016,1,0,0.0600866476493228,-2.934995412826538,-0.1849953681230545,attack,No
1017,1,0,0.10669059962643358,-2.3549861907958984,-0.2299862504005432,attack,No
1018,1,0,0.025957357951306048,-3.9260787963867188,-0.30107882618904114,attack,No
1019,1,0,0.13296424878721277,-2.112765073776245,-0.2377651482820511,attack,No
1020,1,0,0.0179862133836247,-4.091562747955322,-0.09156294167041779,attack,No
1021,1,1,0.8519528057272543,-0.40920373797416687,-2.1592037677764893,attack,Yes
1022,1,1,0.5926665855647394,-0.7287450432777405,-1.1037449836730957,attack,Yes
1023,1,0,0.022977369575503337,-3.8796606063842773,-0.12966059148311615,attack,No
1024,1,0,0.02595735813968335,-3.7459890842437744,-0.1209891214966774,attack,No
1025,1,1,0.6224593312018546,-0.6544041633605957,-1.1544041633605957,attack,Yes
1026,1,1,0.7981867873410141,-0.4627470374107361,-1.8377470970153809,attack,Yes
1027,1,0,0.01798621140966319,-4.100244998931885,-0.10024508088827133,attack,No
1028,1,0,0.02033235363947422,-4.016703128814697,-0.14170314371585846,attack,No
1029,1,0,0.0052201249197596335,-5.352931976318359,-0.10293182730674744,attack,No
1030,1,0,0.02297736823741426,-3.893481969833374,-0.14348189532756805,attack,No
1031,1,0,0.002472622632892431,-6.038220405578613,-0.03822019323706627,attack,No
1032,1,0,0.007577240875671297,-4.954443454742432,-0.07944340258836746,attack,No
1033,1,0,0.02595735606753309,-3.7392263412475586,-0.11422629654407501,attack,No
1034,1,0,0.01590639427760358,-4.297260284423828,-0.17226044833660126,attack,No
1035,1,0,0.01798621140966319,-4.092230319976807,-0.0922304019331932,attack,No
1036,1,0,0.020332354381512912,-3.989755153656006,-0.11475520581007004,attack,No
1037,1,1,0.9579122678790578,-0.1737145036458969,-3.2987143993377686,attack,Yes
1038,1,0,0.13296424706933604,-2.1678884029388428,-0.29288846254348755,attack,No
1039,1,1,0.7310585786300049,-0.5049513578414917,-1.5049513578414917,attack,Yes
1040,1,0,0.005220126467357275,-5.305886745452881,-0.0558868944644928,attack,No
1041,1,0,0.025957360965343058,-4.056924343109131,-0.4319244921207428,attack,No
1042,1,0,0.02595735606753309,-3.727104902267456,-0.10210485756397247,attack,No
1043,1,1,0.8519528019683106,-0.3233158588409424,-2.0733158588409424,attack,Yes
1044,1,0,0.0534033328129234,-3.061222791671753,-0.1862228512763977,attack,No
1045,1,0,0.0028009273625125377,-5.922019004821777,-0.047019146382808685,attack,No
1046,1,0,0.00757723953102169,-4.973549842834473,-0.09854961186647415,attack,No
1047,1,0,0.0028009274041327055,-5.943900108337402,-0.06890026479959488,attack,No
1048,1,0,0.2942149597859341,-1.364131212234497,-0.4891311526298523,attack,No
1049,1,0,0.0019267348710781658,-6.308506011962891,-0.05850611999630928,attack,No
1050,1,1,0.6513548646660542,-0.6908533573150635,-1.3158533573150635,attack,Yes
1051,1,0,0.006692850131774789,-5.091653347015381,-0.09165322780609131,attack,No
1052,1,0,0.009708475621895678,-4.783716201782227,-0.1587161123752594,attack,No
1053,1,0,0.02033235363947422,-4.088817119598389,-0.21381713449954987,attack,No
1054,1,1,0.754914975839675,-0.44360023736953735,-1.5686001777648926,attack,Yes
1055,1,0,0.0031726833608785423,-5.797813892364502,-0.047814056277275085,attack,No
1056,1,0,0.0024726230923155334,-6.048104286193848,-0.04810426011681557,attack,No
1057,1,0,0.11920293140927592,-2.298257350921631,-0.298257440328598,attack,No
1058,1,0,0.010986943764029325,-4.598099708557129,-0.09809981286525726,attack,No
1059,1,0,0.022977371582637088,-3.8792355060577393,-0.12923558056354523,attack,No
1060,1,0,0.07585818211049715,-2.708146095275879,-0.2081461250782013,attack,No
1061,1,0,0.00970847848715727,-4.785140514373779,-0.160140722990036,attack,No
1062,1,0,0.022977371917159397,-3.9394383430480957,-0.18943843245506287,attack,No
1063,1,0,0.005220125964387991,-5.365274429321289,-0.11527448147535324,attack,No
1064,1,1,0.5621765155565327,-0.7771407961845398,-1.0271408557891846,attack,Yes
1065,1,0,0.02931223371923813,-3.688774585723877,-0.1887746900320053,attack,No
1066,1,0,0.1329642333263228,-2.154197931289673,-0.2791978716850281,attack,No
1067,1,0,0.0031726821238036353,-5.808291912078857,-0.058291684836149216,attack,No
1068,1,0,0.014063630039194294,-4.358371257781982,-0.10837147384881973,attack,No
1069,1,0,0.022977370913592487,-3.892890214920044,-0.14289025962352753,attack,No
1070,1,0,0.02595735719779685,-3.721423864364624,-0.09642386436462402,attack,No
1071,1,0,0.000804085842844848,-7.162700176239014,-0.03770006075501442,attack,No
1072,1,0,0.03732688895048618,-3.410421371459961,-0.16042141616344452,attack,No
1073,1,0,0.01590639124530769,-4.224598407745361,-0.09959837794303894,attack,No
1074,1,0,0.13296423676207594,-2.2044410705566406,-0.32944104075431824,attack,No
1075,1,0,0.01243165002994181,-4.487124443054199,-0.11212437599897385,attack,No
1076,1,0,0.014063627663096904,-4.371612071990967,-0.12161211669445038,attack,No
1077,1,0,0.09534946232842245,-2.4920928478240967,-0.2420928180217743,attack,No
1078,1,0,0.0040701381085151605,-5.581953525543213,-0.08195362240076065,attack,No
1079,1,0,0.009708475478632619,-4.812141418457031,-0.1871413141489029,attack,No
1080,1,0,0.006692852261645802,-5.107058048248291,-0.10705824941396713,attack,No
1081,1,0,0.007577239587048752,-4.955786228179932,-0.08078600466251373,attack,No
1082,1,0,0.002472623478231005,-6.039160251617432,-0.03916038200259209,attack,No
1083,1,0,0.025957356444287677,-3.8024706840515137,-0.17747065424919128,attack,No
1084,1,0,0.025957354937269386,-3.7236828804016113,-0.09868279099464417,attack,No
1085,1,0,0.010986945221304533,-4.56723690032959,-0.06723713874816895,attack,No
1086,1,0,0.14804720930852133,-2.0065572261810303,-0.25655731558799744,attack,No
1087,1,0,0.02297736857193652,-4.025731086730957,-0.27573102712631226,attack,No
1088,1,0,0.0373268852023206,-3.386784791946411,-0.13678473234176636,attack,No
1089,1,0,0.005911068549779841,-5.203131675720215,-0.07813162356615067,attack,No
1090,1,0,0.01798621101487092,-4.098901748657227,-0.09890180826187134,attack,No
1091,1,0,0.015906389146026254,-4.260531902313232,-0.1355317384004593,attack,No
1092,1,0,0.03732688895048618,-3.4968514442443848,-0.24685148894786835,attack,No
1093,1,0,0.010986940849479477,-4.592916488647461,-0.0929163247346878,attack,No
1094,1,0,0.010986941092358602,-4.598568439483643,-0.09856829792261124,attack,No
1095,1,0,0.0015011822567369915,-6.563599586486816,-0.0635995864868164,attack,No
1096,1,0,0.005911067893071419,-5.179038047790527,-0.05403788387775421,attack,No
1097,1,0,0.010986942711552901,-4.612137794494629,-0.1121378019452095,attack,No
1098,1,0,0.020332353936289693,-3.991335868835449,-0.1163358986377716,attack,No
1099,1,0,0.012431651310543626,-4.4687113761901855,-0.09371141344308853,attack,No
1100,1,0,0.0075772408196442265,-4.947149753570557,-0.07214969396591187,attack,No
1101,1,0,0.07585817584273653,-2.7535176277160645,-0.2535175681114197,attack,No
1102,1,0,0.10669059678604234,-2.41023325920105,-0.2852332890033722,attack,No
1103,1,1,0.7310585727705126,-0.4863488972187042,-1.4863488674163818,attack,Yes
1104,1,0,0.004070137595090279,-5.5925469398498535,-0.09254691004753113,attack,No
1105,1,0,0.22270014398423357,-1.6152732372283936,-0.36527326703071594,attack,No
1106,1,0,0.24508500210441886,-1.6205530166625977,-0.4955529570579529,attack,No
1107,1,0,0.22270014398423357,-1.6910496950149536,-0.441049724817276,attack,No
1108,1,0,0.01098694076851977,-4.564306259155273,-0.06430608779191971,attack,No
1109,1,0,0.008577486490816461,-4.859115123748779,-0.10911525040864944,attack,No
1110,1,0,0.025957359081569886,-3.733436107635498,-0.10843618214130402,attack,No
1111,1,0,0.24508501313237172,-1.5687764883041382,-0.4437764883041382,attack,No
1112,1,0,0.00857748452668487,-4.831347942352295,-0.08134783804416656,attack,No
1113,1,1,0.8933094032139576,-0.2620590031147003,-2.387058973312378,attack,Yes
1114,1,0,0.0019267348925696179,-6.29921293258667,-0.04921305179595947,attack,No
1115,1,0,0.015906393344589397,-4.207098484039307,-0.082098588347435,attack,No
1116,1,0,0.07585817479810981,-2.7467050552368164,-0.24670498073101044,attack,No
1117,1,1,0.5312093733737563,-0.8338180780410767,-0.9588180780410767,attack,Yes
1118,1,1,0.5621764862150634,-0.7588940262794495,-1.0088939666748047,attack,Yes
1119,1,0,0.1192029188930649,-2.2540390491485596,-0.2540390193462372,attack,No
1120,1,0,0.01243165231673086,-4.575252056121826,-0.20025217533111572,attack,No
1121,1,0,0.02297737057907019,-3.8913424015045166,-0.141342431306839,attack,No
1122,1,0,0.037326887344129464,-3.376739978790283,-0.1267399787902832,attack,No
1123,1,0,0.06754669020109236,-2.871624231338501,-0.24662421643733978,attack,No
1124,1,0,0.007577241604023266,-4.939270496368408,-0.06427054107189178,attack,No
1125,1,0,0.03308597552845946,-3.505406379699707,-0.13040629029273987,attack,No
1126,1,0,0.1480471980316895,-2.0372462272644043,-0.2872462272644043,attack,No
1127,1,0,0.005911069906977476,-5.201673984527588,-0.07667416334152222,attack,No
1128,1,0,0.022977368070153135,-3.841705083847046,-0.09170500189065933,attack,No
1129,1,0,0.015906393111335862,-4.219020843505859,-0.09402093291282654,attack,No
1130,1,0,0.14804720179063335,-2.052945137023926,-0.30294516682624817,attack,No
1131,1,0,0.047425867792089564,-3.132498264312744,-0.1324981451034546,attack,No
1132,1,0,0.010986940201801838,-4.580830097198486,-0.08082987368106842,attack,No
1133,1,0,0.007577241828131579,-4.958667278289795,-0.08366735279560089,attack,No
1134,1,0,0.02033235660762914,-4.013917922973633,-0.13891808688640594,attack,No
1135,1,0,0.02931222863144092,-3.6605899333953857,-0.16058985888957977,attack,No
1136,1,0,0.008577485413711986,-4.850788116455078,-0.10078811645507812,attack,No
1137,1,0,0.022977367233847502,-3.913963794708252,-0.1639636754989624,attack,No
1138,1,0,0.01406362559692558,-4.386021614074707,-0.13602150976657867,attack,No
1139,1,0,0.02931223202330563,-3.727437734603882,-0.22743777930736542,attack,No
1140,1,0,0.04208772641371775,-3.242680072784424,-0.11768003553152084,attack,No
1141,1,0,0.05340333055309901,-3.010788917541504,-0.1357889324426651,attack,No
1142,1,0,0.053403325280175794,-3.0462217330932617,-0.17122164368629456,attack,No
1143,1,0,0.0675466911396291,-2.782953977584839,-0.15795397758483887,attack,No
1144,1,1,0.9241418126663687,-0.2329474538564682,-2.73294734954834,attack,Yes
1145,1,0,0.06008665017400762,-2.945652723312378,-0.19565272331237793,attack,No
1146,1,1,0.8519527944504226,-0.273273766040802,-2.0232737064361572,attack,Yes
1147,1,0,0.005911069337830043,-5.199955940246582,-0.0749560222029686,attack,No
1148,1,0,0.05340333205964859,-3.061180353164673,-0.18618039786815643,attack,No
1149,1,0,0.015906388329639098,-4.219141483306885,-0.09414126724004745,attack,No
1150,1,1,0.9399133515091156,-0.22567197680473328,-2.9756720066070557,attack,Yes
1151,1,0,0.006692850230838542,-5.1162800788879395,-0.1162799745798111,attack,No
1152,1,0,0.16451645880021026,-1.9784696102142334,-0.353469580411911,attack,No
1153,1,1,0.867035752930664,-0.303056538105011,-2.178056478500366,attack,Yes
1154,1,0,0.014063628799491258,-4.341011047363281,-0.0910111740231514,attack,No
1155,1,0,0.22270012850745968,-1.6565616130828857,-0.40656155347824097,attack,No
1156,1,0,0.037326884131416216,-3.360631227493286,-0.11063113808631897,attack,No
1157,1,1,0.9820137935910384,-0.09114960581064224,-4.091149806976318,attack,Yes
1158,1,0,0.05340333055309901,-3.014254570007324,-0.1392545849084854,attack,No
1159,1,0,0.16451647108926923,-1.946056842803955,-0.32105690240859985,attack,No
1160,1,0,0.012431653231446594,-4.541340351104736,-0.16634054481983185,attack,No
1161,1,0,0.13296425050508953,-2.109816789627075,-0.23481687903404236,attack,No
1162,1,0,0.24508500761839525,-1.6048592329025269,-0.47985920310020447,attack,No
1163,1,0,0.008577486110661925,-4.850686073303223,-0.10068615525960922,attack,No
1164,1,0,0.005220126583427116,-5.371949672698975,-0.12194984406232834,attack,No
1165,1,0,0.012431653505861328,-4.4770989418029785,-0.10209915786981583,attack,No
1166,1,0,0.06754669677084987,-2.8167660236358643,-0.19176611304283142,attack,No
1167,1,0,0.29421497216298875,-1.410425066947937,-0.535425066947937,attack,No
1168,1,0,0.06754668926255561,-2.795491933822632,-0.17049190402030945,attack,No
1169,1,0,0.3775406828054583,-1.148749828338623,-0.6487498879432678,attack,No
1170,1,0,0.022977368906458788,-3.8960530757904053,-0.1460530310869217,attack,No
1171,1,0,0.0953494738965146,-2.4381422996520996,-0.18814240396022797,attack,No
1172,1,0,0.0017007224620345643,-6.415667533874512,-0.040667563676834106,attack,No
1173,1,0,0.020332351710173755,-3.9985029697418213,-0.12350288778543472,attack,No
1174,1,0,0.5,-0.8547511696815491,-0.8547511696815491,attack,No
1175,1,0,0.004609573239130345,-5.460367202758789,-0.08536743372678757,attack,No
1176,1,0,0.007577242948673238,-4.944314002990723,-0.06931422650814056,attack,No
1177,1,0,0.0024726231566347748,-6.120046615600586,-0.12004661560058594,attack,No
1178,1,0,0.004609572914366343,-5.423732280731201,-0.048732440918684006,attack,No
1179,1,0,0.015906389146026254,-4.236841678619385,-0.11184151470661163,attack,No
1180,1,1,0.9579122708828604,-0.20739558339118958,-3.332395553588867,attack,Yes
1181,1,0,0.007577239671089346,-4.936930179595947,-0.06192996725440025,attack,No
1182,1,0,0.020332352452212373,-3.9772379398345947,-0.10223789513111115,attack,No
1183,1,0,0.010986944978425318,-4.596203327178955,-0.09620354324579239,attack,No
1184,1,1,0.7310585786300049,-0.4610689878463745,-1.4610689878463745,attack,Yes
1185,1,0,0.04208772671409796,-3.2661526203155518,-0.14115259051322937,attack,No
1186,1,0,0.006692852360709588,-5.0959882736206055,-0.09598848968744278,attack,No
1187,1,0,0.007577241435942037,-4.973204612731934,-0.09820463508367538,attack,No
1188,1,0,0.007577241267860811,-4.932079315185547,-0.057079315185546875,attack,No
1189,1,0,0.008577486205700558,-4.797492980957031,-0.04749307408928871,attack,No
1190,1,0,0.18242552825126704,-1.8065446615219116,-0.306544691324234,attack,No
1191,1,0,0.037326884131416216,-3.365260124206543,-0.1152600347995758,attack,No
1192,1,0,0.01243165213378772,-4.432943344116211,-0.057943448424339294,attack,No
1193,1,0,0.02931222905542399,-3.6055984497070312,-0.10559839010238647,attack,No
1194,1,0,0.007577242164294059,-5.003039360046387,-0.12803947925567627,attack,No
1195,1,0,0.16451647108926923,-1.9670352935791016,-0.34203535318374634,attack,No
1196,1,0,0.008577483512939705,-4.834765911102295,-0.08476568758487701,attack,No
1197,1,0,0.0059110681119742174,-5.227840423583984,-0.10284029692411423,attack,No
1198,1,1,0.7772998611746911,-0.49545371532440186,-1.7454537153244019,attack,Yes
1199,1,0,0.008577486174021013,-4.863797664642334,-0.11379775404930115,attack,No
1200,1,0,0.2689414213699951,-1.483519196510315,-0.48351919651031494,attack,No
1201,1,0,0.11920292828022305,-2.3772835731506348,-0.37728363275527954,attack,No
1202,1,0,0.04742586913845881,-3.397662878036499,-0.39766278862953186,attack,No
1203,1,0,0.4378234991142019,-1.072890281677246,-0.8228902816772461,attack,No
1204,1,0,0.04742587721667508,-3.151459217071533,-0.15145930647850037,attack,No
1205,1,0,0.022977371917159397,-3.903501510620117,-0.15350160002708435,attack,No
1206,1,0,0.0046095719400744695,-5.450388431549072,-0.07538837939500809,attack,No
1207,1,0,0.037326884666868405,-3.4265005588531494,-0.17650048434734344,attack,No
1208,1,0,0.04208772371029592,-3.255686044692993,-0.1306859403848648,attack,No
1209,1,0,0.0031726822416202724,-5.81044864654541,-0.060448456555604935,attack,No
1210,1,0,0.07585818211049715,-2.748042106628418,-0.24804213643074036,attack,No
1211,1,0,0.22270013366638422,-1.6995468139648438,-0.44954678416252136,attack,No
1212,1,0,0.033085978388704126,-3.5268056392669678,-0.15180563926696777,attack,No
1213,1,1,0.9796676454700793,-0.23740917444229126,-4.1124091148376465,attack,Yes
1214,1,0,0.017986207330143424,-4.094470977783203,-0.09447082877159119,attack,No
1215,1,0,0.0075772417721044994,-4.965169429779053,-0.0901694968342781,attack,No
1216,1,1,0.5312093882168609,-0.8804115653038025,-1.0054116249084473,attack,Yes
1217,1,0,0.40733341443526055,-1.092397689819336,-0.7173977494239807,attack,No
1218,1,0,0.0420877273148584,-3.3192338943481445,-0.19423387944698334,attack,No
1219,1,0,0.009708478200631072,-4.76024055480957,-0.13524073362350464,attack,No
1220,1,0,0.060086648490884395,-2.8962302207946777,-0.14623019099235535,attack,No
1221,1,0,0.03732688895048618,-3.394951820373535,-0.14495186507701874,attack,No
1222,1,0,0.002472622688023199,-6.054072856903076,-0.05407266691327095,attack,No
1223,1,0,0.13296423676207594,-2.217007875442505,-0.3420078456401825,attack,No
1224,1,0,0.0035936018077521114,-5.695894718170166,-0.0708945021033287,attack,No
1225,1,0,0.02033235423310517,-4.029007434844971,-0.15400747954845428,attack,No
1226,1,0,0.02297737225168171,-3.8758740425109863,-0.12587414681911469,attack,No
1227,1,0,0.26894141551050293,-1.4613174200057983,-0.46131739020347595,attack,No
1228,1,0,0.0024726234414771476,-6.04150390625,-0.04150402173399925,attack,No
1229,1,1,0.9465966717067252,-0.17125126719474792,-3.0462512969970703,attack,Yes
1230,1,0,0.03308598029553404,-3.492626667022705,-0.11762672662734985,attack,No
1231,1,0,0.03308598172565655,-3.528334617614746,-0.15333472192287445,attack,No
1232,1,0,0.2689414272294874,-1.4811989068984985,-0.4811989367008209,attack,No
1233,1,0,0.0035936033017318052,-5.679512023925781,-0.05451222509145737,attack,No
1234,1,1,0.7549149868676283,-0.509966254234314,-1.634966254234314,attack,Yes
1235,1,1,0.8933094174159129,-0.29476916790008545,-2.419769287109375,attack,Yes
1236,1,1,0.5926666143433998,-0.7393917441368103,-1.114391803741455,attack,Yes
1237,1,0,0.01243164829198241,-4.450721740722656,-0.07572153210639954,attack,No
1238,1,0,0.009708475263738038,-4.693934440612793,-0.06893431395292282,attack,No
1239,1,1,0.9046505351008906,-0.26484107971191406,-2.514841079711914,attack,Yes
1240,1,0,0.00669285052802981,-5.070462703704834,-0.07046264410018921,attack,No
1241,1,0,0.053403329046549465,-3.041309356689453,-0.16630934178829193,attack,No
1242,1,0,0.02931223287127187,-3.627450942993164,-0.12745101749897003,attack,No
1243,1,0,0.060086646807761206,-2.9973902702331543,-0.24739021062850952,attack,No
1244,1,0,0.006692849983179163,-5.050988674163818,-0.05098853260278702,attack,No
1245,1,0,0.00857748680761192,-4.841473579406738,-0.09147374331951141,attack,No
1246,1,0,0.29421497216298875,-1.3784509897232056,-0.5034509897232056,attack,No
1247,1,0,0.06008665438181589,-2.891416549682617,-0.14141662418842316,attack,No
1248,1,0,0.010986940525640651,-4.626413822174072,-0.12641362845897675,attack,No
1249,1,1,0.8175744806385543,-0.37797364592552185,-1.8779736757278442,attack,Yes
1250,1,0,0.5,-0.8783349990844727,-0.8783349990844727,attack,No
1251,1,0,0.001501182145058104,-6.546392917633057,-0.04639284312725067,attack,No
1252,1,0,0.10669058826486906,-2.35502552986145,-0.23002547025680542,attack,No
1253,1,0,0.02931222905542399,-3.6112375259399414,-0.11123746633529663,attack,No
1254,1,0,0.16451646699291617,-1.94679594039917,-0.3217959702014923,attack,No
1255,1,0,0.008577486997689203,-4.861865520477295,-0.11186570674180984,attack,No
1256,1,0,0.006692850874752974,-5.0660576820373535,-0.06605767458677292,attack,No
1257,1,0,0.24508501313237172,-1.5444210767745972,-0.41942107677459717,attack,No
1258,1,0,0.014063628282948357,-4.313510894775391,-0.06351098418235779,attack,No
1259,1,0,0.005911068330877026,-5.269623756408691,-0.14462366700172424,attack,No
1260,1,0,0.012431653139975017,-4.476309776306152,-0.10130996257066727,attack,No
1261,1,0,0.003593602207925183,-5.716872692108154,-0.09187258780002594,attack,No
1262,1,0,0.017986210751676075,-4.140233516693115,-0.14023356139659882,attack,No
1263,1,0,0.34864513533394575,-1.2390459775924683,-0.6140459775924683,attack,No
1264,1,1,0.6791786861878392,-0.6935632824897766,-1.4435632228851318,attack,Yes
1265,1,0,0.1329642281726931,-2.1014201641082764,-0.226420059800148,attack,No
1266,1,0,0.007577240987725441,-4.9604105949401855,-0.08541055768728256,attack,No
1267,1,0,0.0373268852023206,-3.4779207706451416,-0.22792071104049683,attack,No
1268,1,0,0.0758581737534831,-2.7337615489959717,-0.23376145958900452,attack,No
1269,1,1,0.5621765008857981,-0.8405443429946899,-1.09054434299469,attack,Yes
1270,1,0,0.020332351710173755,-3.988090753555298,-0.11309067159891129,attack,No
1271,1,0,0.00522012577093828,-5.33337926864624,-0.08337928354740143,attack,No
1272,1,0,0.08509904732734556,-2.5698342323303223,-0.19483426213264465,attack,No
1273,1,0,0.03732688573777281,-3.443636417388916,-0.19363637268543243,attack,No
1274,1,0,0.008577485096916576,-4.872220516204834,-0.122220478951931,attack,No
1275,1,0,0.0035936028081848736,-5.6774067878723145,-0.05240685120224953,attack,No
1276,1,0,0.22270014398423357,-1.7423336505889893,-0.49233368039131165,attack,No
1277,1,0,0.002472623349592508,-6.044384479522705,-0.044384557753801346,attack,No
1278,1,0,0.11920290950590741,-2.272430896759033,-0.27243077754974365,attack,No
1279,1,0,0.0075772428086055225,-4.920010089874268,-0.045010294765233994,attack,No
1280,1,0,0.0373268852023206,-3.3742287158966064,-0.12422865629196167,attack,No
1281,1,0,0.010986940849479477,-4.585453510284424,-0.0854533463716507,attack,No
1282,1,0,0.07585817793199003,-2.6987361907958984,-0.19873616099357605,attack,No
1283,1,0,0.0035936030349496715,-5.696303844451904,-0.07130397111177444,attack,No
1284,1,0,0.11920292515117029,-2.2960455417633057,-0.29604557156562805,attack,No
1285,1,0,0.017986208646117444,-4.130404472351074,-0.13040439784526825,attack,No
1286,1,0,0.37754066879814546,-1.2091349363327026,-0.7091349363327026,attack,No
1287,1,0,0.2942149845400438,-1.711719274520874,-0.8367193341255188,attack,No
1288,1,0,0.010986941416197443,-4.575643062591553,-0.07564295083284378,attack,No
1289,1,0,0.03308598029553404,-3.5035927295684814,-0.12859278917312622,attack,No
1290,1,1,0.7057850278370112,-0.5537482500076294,-1.4287482500076294,attack,Yes
1291,1,0,0.37754066879814546,-1.0780436992645264,-0.5780436992645264,attack,No
1292,1,0,0.4073333856566001,-1.0579991340637207,-0.6829990744590759,attack,No
1293,1,0,0.007577241379914961,-4.9643168449401855,-0.08931685984134674,attack,No
1294,1,0,0.01590639182844147,-4.231517314910889,-0.10651732236146927,attack,No
1295,1,1,0.7310585903489892,-0.4631912112236023,-1.463191270828247,attack,Yes
1296,1,1,0.8933094174159129,-0.25569474697113037,-2.38069486618042,attack,Yes
1297,1,0,0.015906395210617815,-4.2908406257629395,-0.16584084928035736,attack,No
1298,1,0,0.04742587856304458,-3.1392250061035156,-0.13922512531280518,attack,No
1299,1,0,0.004070137021262546,-5.590127944946289,-0.09012777358293533,attack,No
1300,1,0,0.03308597981882656,-3.504037618637085,-0.12903766334056854,attack,No
1301,1,0,0.09534945718704857,-2.4773099422454834,-0.22730985283851624,attack,No
1302,1,0,0.02595735606753309,-3.7459583282470703,-0.12095828354358673,attack,No
1303,1,0,0.005220124648930093,-5.315089702606201,-0.06508950144052505,attack,No
1304,1,0,0.0052201263319424625,-5.304776668548584,-0.054776791483163834,attack,No
1305,1,0,0.009708474475791274,-4.713655948638916,-0.0886557400226593,attack,No
1306,1,0,0.01590639217832175,-4.222161293029785,-0.09716132283210754,attack,No
1307,1,1,0.7057850278370112,-0.5117074251174927,-1.3867074251174927,attack,Yes
1308,1,0,0.020332353787881955,-3.9637045860290527,-0.08870460838079453,attack,No
1309,1,0,0.01098694190195572,-4.6170148849487305,-0.1170148178935051,attack,No
1310,1,0,0.00970847827226262,-4.707684516906738,-0.0826847031712532,attack,No
1311,1,0,0.0474258704848281,-3.1383440494537354,-0.13834398984909058,attack,No
1312,1,0,0.015906388213012365,-4.229000091552734,-0.10399986803531647,attack,No
1313,1,0,0.012431651310543626,-4.481553077697754,-0.10655311495065689,attack,No
1314,1,0,0.01406362570023414,-4.343541622161865,-0.09354152530431747,attack,No
1315,1,0,0.006692849685987919,-5.064406871795654,-0.06440668553113937,attack,No
1316,1,1,0.7772998560157665,-0.47333720326423645,-1.723337173461914,attack,Yes
1317,1,0,0.18242552380635632,-1.817407250404358,-0.3174072504043579,attack,No
1318,1,0,0.017986210883273495,-4.067047595977783,-0.06704764813184738,attack,No
1319,1,0,0.13296422989056964,-2.1374125480651855,-0.2624124586582184,attack,No
1320,1,0,0.009708477699210249,-4.693012237548828,-0.06801236420869827,attack,No
1321,1,0,0.005911069031366064,-5.203316688537598,-0.07831671833992004,attack,No
1322,1,0,0.020332353787881955,-3.999748706817627,-0.12474872916936874,attack,No
1323,1,0,0.014063628076331205,-4.347561836242676,-0.09756191074848175,attack,No
1324,1,0,0.01243165140201519,-4.468071937561035,-0.09307198226451874,attack,No
1325,1,0,0.02033235497514388,-3.9717204570770264,-0.09672053903341293,attack,No
1326,1,0,0.012431649481112502,-4.4632487297058105,-0.08824861794710159,attack,No
1327,1,0,0.047425875197120895,-3.149367094039917,-0.14936713874340057,attack,No
1328,1,0,0.015906395210617815,-4.202260494232178,-0.07726071774959564,attack,No
1329,1,0,0.03732689109229525,-3.4448177814483643,-0.19481788575649261,attack,No
1330,1,0,0.03308597505175204,-3.55194354057312,-0.17694343626499176,attack,No
1331,1,0,0.0035936020478559492,-5.695553779602051,-0.07055363059043884,attack,No
1332,1,0,0.02297736991002561,-3.889143705368042,-0.139143705368042,attack,No
1333,1,0,0.004609572606695202,-5.421454429626465,-0.046454522758722305,attack,No
1334,1,1,0.7057850278370112,-0.539238452911377,-1.414238452911377,attack,Yes
1335,1,0,0.01243164810903933,-4.468178749084473,-0.09317852556705475,attack,No
1336,1,1,0.7310585903489892,-0.5378708243370056,-1.5378708839416504,attack,Yes
1337,1,0,0.020332352303804646,-3.974619150161743,-0.09961909800767899,attack,No
1338,1,0,0.00970847855878882,-4.738349437713623,-0.11334965378046036,attack,No
1339,1,0,0.010986940849479477,-4.608942031860352,-0.10894186794757843,attack,No
1340,1,0,0.00669285216258202,-5.092227935791016,-0.09222812205553055,attack,No
1341,1,0,0.014063624770457132,-4.364772796630859,-0.11477263271808624,attack,No
1342,1,0,0.009708477054526368,-4.716856002807617,-0.09185606241226196,attack,No
1343,1,0,0.03308597886541159,-3.5184550285339355,-0.14345504343509674,attack,No
1344,1,0,0.0031726833373152056,-5.836177349090576,-0.08617750555276871,attack,No
1345,1,0,0.0028009269255008114,-5.9246134757995605,-0.04961346089839935,attack,No
1346,1,0,0.24508501313237172,-1.5785510540008545,-0.4535510540008545,attack,No
1347,1,0,0.02595735945832451,-3.7955591678619385,-0.17055925726890564,attack,No
1348,1,0,0.02033235363947422,-4.0190110206604,-0.14401103556156158,attack,No
1349,1,0,0.01798621101487092,-4.274997234344482,-0.2749972939491272,attack,No
1350,1,0,0.042087730919421175,-3.315016508102417,-0.19001658260822296,attack,No
1351,1,0,0.04742586913845881,-3.2010252475738525,-0.20102515816688538,attack,No
1352,1,0,0.14804719427274565,-2.023322343826294,-0.27332231402397156,attack,No
1353,1,0,0.017986213910014467,-4.147341251373291,-0.14734147489070892,attack,No
1354,1,0,0.012431651676429884,-4.472585201263428,-0.0975852683186531,attack,No
1355,1,0,0.0052201245908951935,-5.297290802001953,-0.04729058966040611,attack,No
1356,1,0,0.16451647108926923,-1.9037339687347412,-0.278734028339386,attack,No
1357,1,0,0.004070136840053805,-5.557708740234375,-0.05770852416753769,attack,No
1358,1,0,0.0075772422763482235,-4.971122741699219,-0.0961228758096695,attack,No
1359,1,0,0.01590639124530769,-4.2094502449035645,-0.08445021510124207,attack,No
1360,1,0,0.24508500210441886,-1.6205530166625977,-0.4955529570579529,attack,No
1361,1,0,0.033085976005166884,-3.5127127170562744,-0.13771264255046844,attack,No
1362,1,1,0.754914997895581,-0.6728371977806091,-1.797837257385254,attack,Yes
1363,1,0,0.01590639077880068,-4.256734848022461,-0.13173478841781616,attack,No
1364,1,0,0.014063628592874095,-4.329866886138916,-0.07986699789762497,attack,No
1365,1,0,0.017986209698896728,-4.147497653961182,-0.14749763906002045,attack,No
1366,1,0,0.037326887344129464,-3.424058437347412,-0.1740584373474121,attack,No
1367,1,0,0.029312229903390143,-3.6422653198242188,-0.14226529002189636,attack,No
1368,1,0,0.2018132270610754,-1.7522064447402954,-0.3772064745426178,attack,No
1369,1,1,0.8354835371034369,-0.34050941467285156,-1.9655094146728516,attack,Yes
1370,1,1,0.9626731137267751,-0.26747605204582214,-3.5174760818481445,attack,Yes
1371,1,0,0.001501182228817269,-6.54592227935791,-0.045922260731458664,attack,No
1372,1,1,0.8354835248143776,-0.4199133813381195,-2.0449132919311523,attack,Yes
1373,1,0,0.005220125577488575,-5.357713222503662,-0.10771320015192032,attack,No
1374,1,0,0.014063627456479755,-4.3691558837890625,-0.11915591359138489,attack,No
1375,1,0,0.01243165304850344,-4.544921398162842,-0.16992157697677612,attack,No
1376,1,0,0.009708478057367978,-4.726416110992432,-0.10141627490520477,attack,No
1377,1,0,0.06754668550840877,-2.8299386501312256,-0.20493856072425842,attack,No
1378,1,0,0.09534947004048376,-2.504260301589966,-0.2542603611946106,attack,No
1379,1,0,0.033085976005166884,-3.5171353816986084,-0.14213530719280243,attack,No
1380,1,0,0.017986213252027258,-4.1144328117370605,-0.11443299800157547,attack,No
1381,1,0,0.010986940444680947,-4.5702996253967285,-0.0702994242310524,attack,No
1382,1,0,0.060086648490884395,-2.9091172218322754,-0.159117192029953,attack,No
1383,1,0,0.1329642333263228,-2.1337482929229736,-0.25874823331832886,attack,No
1384,1,1,0.5926666143433998,-0.6778227686882019,-1.0528228282928467,attack,Yes
1385,1,0,0.004070138350126891,-5.565901279449463,-0.06590143591165543,attack,No
1386,1,1,0.6791787056691698,-0.4859912097454071,-1.2359912395477295,attack,Yes
1387,1,0,0.02297737174989824,-3.8362603187561035,-0.08626040071249008,attack,No
1388,1,0,0.005220124571550228,-5.3403544425964355,-0.09035422652959824,attack,No
1389,1,0,0.029312230751356316,-3.6180760860443115,-0.11807608604431152,attack,No
1390,1,0,0.006692852459773374,-5.085304260253906,-0.08530449122190475,attack,No
1391,1,0,0.008577487377843779,-4.864675045013428,-0.11467527598142624,attack,No
1392,1,1,0.9324533088603709,-0.23301196098327637,-2.8580119609832764,attack,Yes
1393,1,0,0.13296425394084313,-2.168667793273926,-0.29366791248321533,attack,No
1394,1,0,0.037326884666868405,-3.481837749481201,-0.2318376749753952,attack,No
1395,1,0,0.0059110681119742174,-5.194299221038818,-0.06929909437894821,attack,No
1396,1,0,0.00970847662473714,-4.7051215171813965,-0.08012153208255768,attack,No
1397,1,0,0.009708477412684076,-4.693727016448975,-0.06872711330652237,attack,No
1398,1,0,0.29421497216298875,-1.3750606775283813,-0.5000606775283813,attack,No
1399,1,0,0.03732688895048618,-3.3677804470062256,-0.11778049170970917,attack,No
1400,1,0,0.008577486680893736,-4.913698196411133,-0.16369834542274475,attack,No
1401,1,0,0.029312230115381685,-3.5908148288726807,-0.09081480652093887,attack,No
1402,1,1,0.9324533032291502,-0.189337819814682,-2.814337730407715,attack,Yes
1403,1,1,0.7310585786300049,-0.5262823104858398,-1.5262823104858398,attack,Yes
1404,1,0,0.01406362601015982,-4.319705963134766,-0.06970588862895966,attack,No
1405,1,0,0.03732688948593843,-3.4063796997070312,-0.15637975931167603,attack,No
1406,1,1,0.880797068590724,-0.3086114823818207,-2.3086113929748535,attack,Yes
1407,1,0,0.012431653505861328,-4.475173473358154,-0.10017368942499161,attack,No
1408,1,0,0.02931223202330563,-3.643059253692627,-0.14305929839611053,attack,No
1409,1,0,0.017986212330845203,-4.090561866760254,-0.09056200087070465,attack,No
1410,1,0,0.008577485603789237,-4.819648265838623,-0.06964828819036484,attack,No
1411,1,0,0.014063625803542697,-4.334414482116699,-0.08441439270973206,attack,No
1412,1,0,0.06008665101556925,-2.903681516647339,-0.15368153154850006,attack,No
1413,1,0,0.004609572384488282,-5.462550163269043,-0.08755020797252655,attack,No
1414,1,0,0.0293122296913986,-3.61891508102417,-0.11891504377126694,attack,No
1415,1,0,0.0052201262352176,-5.343636512756348,-0.09363661706447601,attack,No
1416,1,0,0.03732688600549891,-3.3552401065826416,-0.10524006932973862,attack,No
1417,1,0,0.2942149783515162,-1.3650766611099243,-0.4900766909122467,attack,No
1418,1,1,0.7057850278370112,-0.5495061874389648,-1.4245061874389648,attack,Yes
1419,1,0,0.13296424019782924,-2.175906181335449,-0.3009061813354492,attack,No
1420,1,0,0.037326887344129464,-3.3651695251464844,-0.11516952514648438,attack,No
1421,1,0,0.02033235319425102,-3.984163999557495,-0.10916399210691452,attack,No
1422,1,0,0.009708478702051923,-4.747313499450684,-0.1223137304186821,attack,No
1423,1,0,0.006692851716795015,-5.149777412414551,-0.14977753162384033,attack,No
1424,1,1,0.754914975839675,-0.6041799187660217,-1.729179859161377,attack,Yes
1425,1,1,0.6224593312018546,-0.650100588798523,-1.150100588798523,attack,Yes
1426,1,0,0.0028009273625125377,-5.955557346343994,-0.08055748790502548,attack,No
1427,1,0,0.005911068374657587,-5.214116096496582,-0.08911601454019547,attack,No
1428,1,0,0.46879062662624377,-0.999161958694458,-0.874161958694458,attack,No
1429,1,0,0.007577241211833736,-4.968178749084473,-0.09317874163389206,attack,No
1430,1,0,0.06008665606493926,-2.92815899848938,-0.17815910279750824,attack,No
1431,1,0,0.020332348593611837,-4.166403770446777,-0.29140353202819824,attack,No
1432,1,0,0.32082130082460697,-1.316514015197754,-0.5665140151977539,attack,No
1433,1,0,0.01243164865786858,-4.501070022583008,-0.1260698437690735,attack,No
1434,1,0,0.02931222905542399,-3.70927095413208,-0.2092708945274353,attack,No
1435,1,0,0.033085976958581766,-3.4948954582214355,-0.11989541351795197,attack,No
1436,1,0,0.014063628282948357,-4.359315872192383,-0.10931596159934998,attack,No
1437,1,0,0.02033235482673614,-4.040868759155273,-0.1658688336610794,attack,No
1438,1,0,0.00970847798573643,-4.691583633422852,-0.0665837898850441,attack,No
1439,1,0,0.0021827162506210893,-6.205848217010498,-0.08084812760353088,attack,No
1440,1,0,0.005911068374657587,-5.194987773895264,-0.0699876919388771,attack,No
1441,1,0,0.014063625183691352,-4.4538397789001465,-0.20383964478969574,attack,No
1442,1,0,0.24508500210441886,-1.6268270015716553,-0.5018269419670105,attack,No
1443,1,0,0.04208773212094217,-3.2584078311920166,-0.13340793550014496,attack,No
1444,1,0,0.00970847834389417,-4.673328876495361,-0.04832907021045685,attack,No
1445,1,0,0.03308597457504463,-3.5080909729003906,-0.13309085369110107,attack,No
1446,1,0,0.02595735719779685,-3.7417874336242676,-0.11678743362426758,attack,No
1447,1,0,0.020332352155396922,-4.004485130310059,-0.12948507070541382,attack,No
1448,1,0,0.025957356444287677,-3.761523962020874,-0.13652393221855164,attack,No
1449,1,1,0.8354835289107309,-0.5457213521003723,-2.1707212924957275,attack,Yes
1450,1,0,0.033085978388704126,-3.5493359565734863,-0.17433595657348633,attack,No
1451,1,0,0.020332349780873466,-4.0199198722839355,-0.14491969347000122,attack,No
1452,1,0,0.04742587721667508,-3.158484697341919,-0.1584847867488861,attack,No
1453,1,0,0.18242552825126704,-1.881607174873352,-0.38160720467567444,attack,No
1454,1,0,0.02595735606753309,-3.796983003616333,-0.17198295891284943,attack,No
1455,1,0,0.3486451217982255,-1.251283884048462,-0.6262838244438171,attack,No
1456,1,0,0.015906394977364253,-4.277365207672119,-0.15236541628837585,attack,No
1457,1,0,0.2942149783515162,-1.3702824115753174,-0.49528244137763977,attack,No
1458,1,0,0.004609571974260146,-5.480110168457031,-0.10511012375354767,attack,No
1459,1,0,0.32082130082460697,-1.2827208042144775,-0.5327208042144775,attack,No
1460,1,0,0.02033235156176603,-3.9881017208099365,-0.11310163140296936,attack,No
1461,1,0,0.008577487061048297,-4.818153381347656,-0.06815357506275177,attack,No
1462,1,0,0.008577487061048297,-4.817768573760986,-0.06776876747608185,attack,No
1463,1,0,0.13296425394084313,-2.1555261611938477,-0.2805262804031372,attack,No
1464,1,0,0.13296423676207594,-2.126990795135498,-0.25199076533317566,attack,No
1465,1,0,0.03732688332823794,-3.3551409244537354,-0.1051408126950264,attack,No
1466,1,0,0.005220125306659001,-5.329867839813232,-0.07986776530742645,attack,No
1467,1,0,0.029312234143221275,-3.6366963386535645,-0.136696457862854,attack,No
1468,1,0,0.00970847719778945,-4.713371753692627,-0.08837182819843292,attack,No
1469,1,0,0.01406362817963978,-4.357602119445801,-0.10760220140218735,attack,No
1470,1,0,0.07585817688736327,-2.704665184020996,-0.2046651393175125,attack,No
1471,1,0,0.3486451217982255,-1.2757151126861572,-0.6507150530815125,attack,No
1472,1,1,0.5621765155565327,-0.7752534747123718,-1.0252535343170166,attack,Yes
1473,1,0,0.025957358893192575,-3.7437894344329834,-0.11878950148820877,attack,No
1474,1,0,0.0075772399792382,-4.955322265625,-0.08032209426164627,attack,No
1475,1,0,0.012431649206697853,-4.451457977294922,-0.07645784318447113,attack,No
1476,1,0,0.20181322226037882,-1.7519475221633911,-0.3769475221633911,attack,No
1477,1,0,0.05340333205964859,-3.116698741912842,-0.24169878661632538,attack,No
1478,1,0,0.46879062662624377,-0.9496923089027405,-0.8246923089027405,attack,No
1479,1,1,0.7549149813536518,-0.41282692551612854,-1.5378268957138062,attack,Yes
1480,1,0,0.02033235363947422,-3.9819447994232178,-0.10694481432437897,attack,No
1481,1,0,0.03308598077224154,-3.5487077236175537,-0.17370779812335968,attack,No
1482,1,0,0.004070138350126891,-5.581371307373047,-0.08137146383523941,attack,No
1483,1,0,0.2942149845400438,-1.3627517223358154,-0.4877517819404602,attack,No
1484,1,0,0.3208213138121609,-1.323514461517334,-0.5735145211219788,attack,No
1485,1,0,0.015906389262652993,-4.222972869873047,-0.09797271341085434,attack,No
1486,1,0,0.2689414213699951,-1.4343968629837036,-0.4343968629837036,attack,No
1487,1,0,0.00522012503582944,-5.346269607543945,-0.09626948088407516,attack,No
1488,1,0,0.014063625286999904,-4.364513397216797,-0.11451327055692673,attack,No
1489,1,0,0.03732688627322502,-3.420109272003174,-0.17010924220085144,attack,No
1490,1,0,0.003593603408444664,-5.676671504974365,-0.05167173594236374,attack,No
1491,1,0,0.0031726833137518703,-5.795367240905762,-0.04536738991737366,attack,No
1492,1,0,0.3775406547908327,-1.0897903442382812,-0.5897902846336365,attack,No
1493,1,0,0.020332352155396922,-3.9852306842803955,-0.11023062467575073,attack,No
1494,1,1,0.817574471748733,-0.4246434271335602,-1.9246433973312378,attack,Yes
1495,1,0,0.015906391128680933,-4.211059093475342,-0.08605905622243881,attack,No
1496,1,0,0.24508500761839525,-1.5612373352050781,-0.43623730540275574,attack,No
1497,1,1,0.7981867873410141,-0.43727558851242065,-1.8122756481170654,attack,Yes
1498,1,0,0.017986207330143424,-4.090719699859619,-0.0907195508480072,attack,No
1499,1,0,0.04208772851637929,-3.260251760482788,-0.13525177538394928,attack,No
1500,1,0,0.03308597648187432,-3.636394739151001,-0.2613946795463562,attack,No
1501,1,0,0.07585818733363135,-2.7472939491271973,-0.24729405343532562,attack,No
1502,1,0,0.07585817584273653,-2.7522003650665283,-0.25220030546188354,attack,No
1503,1,0,0.0008040860044692719,-7.15658712387085,-0.031587209552526474,attack,No
1504,1,0,0.022977371582637088,-3.861950159072876,-0.11195023357868195,attack,No
1505,1,0,0.005911068243315901,-5.1963701248168945,-0.07137002050876617,attack,No
1506,1,0,0.009708474332528234,-4.71789026260376,-0.09289003908634186,attack,No
1507,1,0,0.017986210356883813,-4.123752117156982,-0.12375213950872421,attack,No
1508,1,0,0.005911069644294039,-5.203190803527832,-0.07819093763828278,attack,No
1509,1,0,0.00970847469068584,-4.711113929748535,-0.08611374348402023,attack,No
1510,1,0,0.0474258704848281,-3.2143588066101074,-0.21435874700546265,attack,No
1511,1,0,0.015906390895427426,-4.230373382568359,-0.1053733304142952,attack,No
1512,1,0,0.04742587317756679,-3.1787965297698975,-0.17879652976989746,attack,No
1513,1,0,0.2689414272294874,-1.4661763906478882,-0.46617642045021057,attack,No
1514,1,0,0.029312230327373224,-3.6466617584228516,-0.14666174352169037,attack,No
1515,1,0,0.06754668363133542,-2.7935781478881836,-0.16857802867889404,attack,No
1516,1,0,0.015906394860737468,-4.246218204498291,-0.12121840566396713,attack,No
1517,1,0,0.014063627146554044,-4.352753162384033,-0.1027531698346138,attack,No
1518,1,0,0.014063629935885703,-4.345520973205566,-0.09552118182182312,attack,No
1519,1,0,0.004070137564888817,-5.584969520568848,-0.08496948331594467,attack,No
1520,1,0,0.22270014914315833,-1.5648372173309326,-0.3148372769355774,attack,No
1521,1,0,0.4073334000459302,-1.090034008026123,-0.715034008026123,attack,No
1522,1,0,0.5,-0.9789168238639832,-0.9789168238639832,attack,No
1523,1,0,0.34864513533394575,-1.242963433265686,-0.617963433265686,attack,No
1524,1,0,0.0040701374742844335,-5.611092567443848,-0.11109250783920288,attack,No
1525,1,0,0.047425869811643456,-3.1666553020477295,-0.16665522754192352,attack,No
1526,1,0,0.005911069863196903,-5.212449550628662,-0.08744972199201584,attack,No
1527,1,0,0.012431652682617146,-4.495702266693115,-0.12070241570472717,attack,No
1528,1,0,0.09534947004048376,-2.4818170070648193,-0.2318170666694641,attack,No
1529,1,0,0.0953494648991095,-2.4574856758117676,-0.20748567581176758,attack,No
1530,1,0,0.08509903804604459,-2.692744731903076,-0.317744642496109,attack,No
1531,1,0,0.004609572623788044,-5.466944694519043,-0.09194479137659073,attack,No
1532,1,0,0.01098694441170717,-4.634694576263428,-0.13469474017620087,attack,No
1533,1,0,0.13296424706933604,-2.174866199493408,-0.299866259098053,attack,No
1534,1,0,0.008577484463325792,-4.838554382324219,-0.0885542705655098,attack,No
1535,1,0,0.06008665522337757,-2.9780681133270264,-0.22806820273399353,attack,No
1536,1,0,0.3486451488696663,-1.2233858108520508,-0.5983858704566956,attack,No
1537,1,0,0.0330859819640103,-3.49159574508667,-0.11659585684537888,attack,No
1538,1,0,0.042087729117139754,-3.2921900749206543,-0.16719010472297668,attack,No
1539,1,0,0.05340333130637379,-3.002427577972412,-0.1274276077747345,attack,No
1540,1,0,0.008577486110661925,-4.852241039276123,-0.10224112123250961,attack,No
1541,1,0,0.02033235067131973,-4.000138759613037,-0.12513862550258636,attack,No
1542,1,0,0.03732689109229525,-3.3860559463500977,-0.136056050658226,attack,No
1543,1,0,0.40733341443526055,-1.0436065196990967,-0.6686065793037415,attack,No
1544,1,0,0.06008665438181589,-2.982666492462158,-0.23266656696796417,attack,No
1545,1,0,0.025957359835079137,-3.7553062438964844,-0.13030634820461273,attack,No
1546,1,0,0.03732688306051187,-3.420004367828369,-0.1700042486190796,attack,No
1547,1,0,0.017986209435701905,-4.108034610748291,-0.10803458094596863,attack,No
1548,1,0,0.09534947004048376,-2.504260301589966,-0.2542603611946106,attack,No
1549,1,0,0.24508500210441886,-1.5830183029174805,-0.4580182433128357,attack,No
1550,1,0,0.0675466911396291,-2.813458204269409,-0.18845820426940918,attack,No
1551,1,0,0.033085976958581766,-3.5342941284179688,-0.15929408371448517,attack,No
1552,1,0,0.03308598220236406,-3.698660373687744,-0.3236604928970337,attack,No
1553,1,1,0.8354835330070839,-0.3622876703739166,-1.9872876405715942,attack,Yes
1554,1,0,0.007577241435942037,-4.995082855224609,-0.12008287757635117,attack,No
1555,1,0,0.008577484653403024,-4.855288982391357,-0.10528889298439026,attack,No
1556,1,0,0.008577487061048297,-4.898644924163818,-0.14864511787891388,attack,No
1557,1,1,0.5926665999540697,-0.7467676401138306,-1.1217676401138306,attack,Yes
1558,1,0,0.008577486554175553,-4.8266072273254395,-0.0766073614358902,attack,No
1559,1,0,0.005220125500108696,-5.346040725708008,-0.09604068845510483,attack,No
1560,1,1,0.9706877658567789,-0.1762634515762329,-3.6762633323669434,attack,Yes
1561,1,0,0.009708474547422796,-4.718315124511719,-0.09331492334604263,attack,No
1562,1,0,0.015906391128680933,-4.1964592933654785,-0.07145925611257553,attack,No
1563,1,1,0.89330940889474,-0.29426905512809753,-2.41926908493042,attack,Yes
1564,1,0,0.012431648932283214,-4.467105865478516,-0.09210570901632309,attack,No
1565,1,0,0.02595735945832451,-3.7663607597351074,-0.14136084914207458,attack,No
1566,1,0,0.1066905911052601,-2.4704129695892334,-0.345412939786911,attack,No
1567,1,0,0.012431650487299585,-4.509933948516846,-0.13493391871452332,attack,No
1568,1,0,0.02297736773563088,-3.871251344680786,-0.12125124782323837,attack,No
1569,1,0,0.00757724009129233,-4.981297016143799,-0.10629685968160629,attack,No
1570,1,0,0.01590639509399103,-4.220709800720215,-0.09571001678705215,attack,No
1571,1,0,0.29421497216298875,-1.4134856462478638,-0.5384856462478638,attack,No
1572,1,0,0.004070137293075673,-5.5769734382629395,-0.0769733339548111,attack,No
1573,1,0,0.008577484590043946,-4.839637756347656,-0.08963765949010849,attack,No
1574,1,0,0.3486451217982255,-1.1620495319366455,-0.5370494723320007,attack,No
1575,1,0,0.017986207330143424,-4.079838752746582,-0.07983860373497009,attack,No
1576,1,0,0.014063629212725592,-4.374743938446045,-0.12474409490823746,attack,No
1577,1,0,0.008577484209889493,-4.821877956390381,-0.07187781482934952,attack,No
1578,1,0,0.008577483766375987,-4.8196234703063965,-0.06962327659130096,attack,No
1579,1,0,0.0124316492981694,-4.477056980133057,-0.10205685347318649,attack,No
1580,1,0,0.0046095718375174415,-5.447871208190918,-0.072871133685112,attack,No
1581,1,1,0.9046505402422645,-0.24607771635055542,-2.4960777759552,attack,Yes
1582,1,1,0.6224593171945417,-0.6384652256965637,-1.138465166091919,attack,Yes
1583,1,0,0.029312227783474795,-3.6500391960144043,-0.15003909170627594,attack,No
1584,1,0,0.02595735456051482,-3.765563726425171,-0.14056362211704254,attack,No
1585,1,0,0.02033235096813516,-3.9834036827087402,-0.10840356349945068,attack,No
1586,1,0,0.3486451217982255,-1.1916773319244385,-0.5666772723197937,attack,No
1587,1,1,0.7772998663336157,-0.41739901900291443,-1.6673990488052368,attack,Yes
1588,1,0,0.004070136870255261,-5.578686237335205,-0.07868602871894836,attack,No
1589,1,0,0.06754668832401889,-2.8017780780792236,-0.17677803337574005,attack,No
1590,1,0,0.0019267349212248879,-6.319230556488037,-0.06923069059848785,attack,No
1591,1,1,0.9706877692486436,-0.2554330825805664,-3.7554330825805664,attack,Yes
1592,1,0,0.004609571803331766,-5.485703468322754,-0.11070338636636734,attack,No
1593,1,0,0.01406362415060583,-4.338053226470947,-0.08805301785469055,attack,No
1594,1,0,0.012431650304356473,-4.502408027648926,-0.1274079829454422,attack,No
1595,1,0,0.10669059394565118,-2.36983060836792,-0.24483060836791992,attack,No
1596,1,0,0.10669059678604234,-2.399615526199341,-0.2746155560016632,attack,No
1597,1,0,0.012431651584958318,-4.509891986846924,-0.1348920464515686,attack,No
1598,1,0,0.022977371582637088,-3.8647637367248535,-0.11476381123065948,attack,No
1599,1,0,0.0046095718375174415,-5.444610118865967,-0.06961004436016083,attack,No
1600,1,0,0.00317268344335022,-5.799083709716797,-0.0490838997066021,attack,No
1601,1,0,0.042087730919421175,-3.332563877105713,-0.20756395161151886,attack,No
1602,1,0,0.005911068243315901,-5.198942184448242,-0.07394208014011383,attack,No
1603,1,0,0.008577484906839334,-4.841312885284424,-0.09131282567977905,attack,No
1604,1,0,0.3486451217982255,-1.32436203956604,-0.6993619799613953,attack,No
1605,1,0,0.03308597624352061,-3.4884235858917236,-0.11342351883649826,attack,No
1606,1,0,0.00522012503582944,-5.331217288970947,-0.08121716231107712,attack,No
1607,1,0,0.002182716842906922,-6.166236877441406,-0.041237059980630875,attack,No
1608,1,1,0.8175744761936437,-0.42493653297424316,-1.9249365329742432,attack,Yes
1609,1,0,0.22270013366638422,-1.6556589603424072,-0.40565893054008484,attack,No
1610,1,0,0.004609573273316032,-5.450783729553223,-0.07578396797180176,attack,No
1611,1,0,0.34864513533394575,-1.2129415273666382,-0.5879415273666382,attack,No
1612,1,0,0.3208213138121609,-1.3141472339630127,-0.5641472935676575,attack,No
1613,1,0,0.006692851122412387,-5.10371208190918,-0.10371211171150208,attack,No
1614,1,0,0.004070137655493202,-5.546769142150879,-0.04676912724971771,attack,No
1615,1,0,0.007577241267860811,-4.950821876525879,-0.0758218765258789,attack,No
1616,1,0,0.09534945975773548,-2.4333081245422363,-0.18330806493759155,attack,No
1617,1,0,0.006692850230838542,-5.102360248565674,-0.10236014425754547,attack,No
1618,1,0,0.015906394510857135,-4.2004218101501465,-0.07542198896408081,attack,No
1619,1,1,0.7772998611746911,-0.46468305587768555,-1.7146830558776855,attack,Yes
1620,1,0,0.033085976958581766,-3.5312204360961914,-0.15622039139270782,attack,No
1621,1,0,0.0031726826539785367,-5.8478617668151855,-0.09786170721054077,attack,No
1622,1,0,0.0675466977093867,-2.794475793838501,-0.16947589814662933,attack,No
1623,1,0,0.009708478522973046,-4.677994251251221,-0.052994463592767715,attack,No
1624,1,0,0.03308598029553404,-3.6136834621429443,-0.2386835217475891,attack,No
1625,1,0,0.004609571769146091,-5.442558288574219,-0.06755819916725159,attack,No
1626,1,0,0.03732688948593843,-3.404071807861328,-0.1540718674659729,attack,No
1627,1,0,0.01590639217832175,-4.222161293029785,-0.09716132283210754,attack,No
1628,1,0,0.4073333856566001,-1.0813794136047363,-0.7063793540000916,attack,No
1629,1,0,0.4073333856566001,-1.0602283477783203,-0.6852282881736755,attack,No
1630,1,0,0.06008665354025422,-2.904777765274048,-0.15477782487869263,attack,No
1631,1,0,0.004609572179374208,-5.469698905944824,-0.09469890594482422,attack,No
1632,1,0,0.006692850379434174,-5.094612121582031,-0.09461203962564468,attack,No
1633,1,0,0.006692852187347965,-5.0606465339660645,-0.060646723955869675,attack,No
1634,1,0,0.04742587587030561,-3.17561674118042,-0.1756168007850647,attack,No
1635,1,1,0.7772998560157665,-0.4399905502796173,-1.689990520477295,attack,Yes
1636,1,0,0.01406362570023414,-4.35118293762207,-0.10118284076452255,attack,No
1637,1,0,0.22270013882530884,-1.6075977087020874,-0.3575977087020874,attack,No
1638,1,1,0.5926666143433998,-0.6582252383232117,-1.0332252979278564,attack,Yes
1639,1,0,0.00359360219458608,-5.681632995605469,-0.056632887572050095,attack,No
1640,1,0,0.0028009270503612984,-5.96749210357666,-0.09249213337898254,attack,No
1641,1,0,0.06008664596619963,-2.916891098022461,-0.16689102351665497,attack,No
1642,1,0,0.0035936030349496715,-5.696910858154297,-0.07191098481416702,attack,No
1643,1,0,0.001501181999875563,-6.5509185791015625,-0.05091840773820877,attack,No
1644,1,0,0.16451646699291617,-2.0013372898101807,-0.37633731961250305,attack,No
1645,1,0,0.02297736773563088,-3.862095594406128,-0.11209549754858017,attack,No
1646,1,0,0.0046095727947164525,-5.490531921386719,-0.1155320554971695,attack,No
1647,1,0,0.0850990519679964,-2.6582510471343994,-0.2832511365413666,attack,No
1648,1,0,0.014063625906851259,-4.338998317718506,-0.0889982357621193,attack,No
1649,1,0,0.03308598029553404,-3.6075778007507324,-0.2325778603553772,attack,No
1650,1,0,0.029312232235297192,-3.6165895462036133,-0.11658959835767746,attack,No
1651,1,0,0.06754668550840877,-2.7899093627929688,-0.1649092733860016,attack,No
1652,1,0,0.08509904848750824,-2.5765671730041504,-0.20156721770763397,attack,No
1653,1,0,0.033085981248949035,-3.5147969722747803,-0.13979706168174744,attack,No
1654,1,0,0.11920292828022305,-2.297670602798462,-0.2976706624031067,attack,No
1655,1,1,0.5621765008857981,-0.7797099351882935,-1.0297099351882935,attack,Yes
1656,1,0,0.008577485033557495,-4.906453609466553,-0.15645356476306915,attack,No
1657,1,0,0.007577240147319397,-4.985626697540283,-0.11062654852867126,attack,No
1658,1,0,0.003172683219498529,-5.8341217041015625,-0.08412182331085205,attack,No
1659,1,0,0.05340332377362639,-3.008913040161133,-0.13391292095184326,attack,No
1660,1,0,0.0075772408196442265,-5.004175186157227,-0.1291751265525818,attack,No
1661,1,1,0.9399133531922388,-0.20886796712875366,-2.9588680267333984,attack,Yes
1662,1,1,0.9669140235181256,-0.17045491933822632,-3.545454978942871,attack,Yes
1663,1,0,0.014063628076331205,-4.317992687225342,-0.06799276173114777,attack,No
1664,1,0,0.042087725512577126,-3.3094937801361084,-0.18449372053146362,attack,No
1665,1,0,0.02595735606753309,-3.7742714881896973,-0.14927144348621368,attack,No
1666,1,0,0.2689414330889798,-1.488874912261963,-0.48887497186660767,attack,No
1667,1,0,0.24508501313237172,-1.6205530166625977,-0.49555301666259766,attack,No
1668,1,0,0.004609571427289355,-5.4802703857421875,-0.10527022182941437,attack,No
1669,1,0,0.06754668644694548,-2.869316816329956,-0.24431674182415009,attack,No
1670,1,0,0.00591106995075805,-5.230866432189941,-0.10586661845445633,attack,No
1671,1,0,0.00970847490558041,-4.721374988555908,-0.09637482464313507,attack,No
1672,1,0,0.0024726233863463635,-6.033591270446777,-0.033591363579034805,attack,No
1673,1,0,0.0040701381085151605,-5.602091312408447,-0.10209140926599503,attack,No
1674,1,0,0.11920293453832885,-2.260286331176758,-0.26028645038604736,attack,No
1675,1,0,0.0031726829603018532,-5.8302226066589355,-0.08022264391183853,attack,No
1676,1,1,0.5926665999540697,-0.7305831909179688,-1.1055831909179688,attack,Yes
1677,1,0,0.04208773031866069,-3.381373405456543,-0.25637346506118774,attack,No
1678,1,0,0.18242552825126704,-1.8295608758926392,-0.32956090569496155,attack,No
1679,1,0,0.007577239923211134,-4.9562602043151855,-0.08126002550125122,attack,No
1680,1,0,0.006692849834583539,-5.11013650894165,-0.11013634502887726,attack,No
1681,1,0,0.02595735757455145,-3.8187637329101562,-0.19376374781131744,attack,No
1682,1,0,0.09534946232842245,-2.56770396232605,-0.3177039325237274,attack,No
1683,1,0,0.01243165231673086,-4.547369003295898,-0.172369122505188,attack,No
1684,1,0,0.11920292828022305,-2.260806083679199,-0.260806143283844,attack,No
1685,1,0,0.015906392761455564,-4.221011161804199,-0.09601122885942459,attack,No
1686,1,0,0.24508500761839525,-1.5686392784118652,-0.44363924860954285,attack,No
1687,1,0,0.5,-0.8819512724876404,-0.8819512724876404,attack,No
1688,1,1,0.7981867729389246,-0.4420100748538971,-1.8170100450515747,attack,Yes
1689,1,0,0.0031726823476552492,-5.832799434661865,-0.0827992781996727,attack,No
1690,1,0,0.005911067674168627,-5.2338128089904785,-0.1088126078248024,attack,No
1691,1,0,0.02931223159932252,-3.5877416133880615,-0.08774164319038391,attack,No
1692,1,1,0.7057850154599563,-0.559566080570221,-1.4345660209655762,attack,Yes
1693,1,0,0.06008664596619963,-2.949723243713379,-0.19972316920757294,attack,No
1694,1,0,0.002472622761530891,-6.049029350280762,-0.049029190093278885,attack,No
1695,1,0,0.006692852311177695,-5.085418224334717,-0.08541843295097351,attack,No
1696,1,0,0.029312227783474795,-3.6381449699401855,-0.1381448656320572,attack,No
1697,1,1,0.7772998611746911,-0.5086959600448608,-1.7586959600448608,attack,Yes
1698,1,0,0.047425871831197425,-3.1781702041625977,-0.17817017436027527,attack,No
1699,1,0,0.009708474619054318,-4.752678394317627,-0.12767820060253143,attack,No
1700,1,0,0.0474258704848281,-3.1684296131134033,-0.16842955350875854,attack,No
1701,1,0,0.11920292828022305,-2.2312862873077393,-0.23128634691238403,attack,No
1702,1,0,0.012431653414389749,-4.504114151000977,-0.12911435961723328,attack,No
1703,1,0,0.24508500210441886,-1.6091179847717285,-0.48411792516708374,attack,No
1704,1,0,0.0040701384407312935,-5.578971862792969,-0.07897204160690308,attack,No
1705,1,0,0.06754669301670263,-2.7569987773895264,-0.13199880719184875,attack,No
1706,1,0,0.1645164628965632,-1.943162202835083,-0.318162202835083,attack,No
1707,1,0,0.029312230327373224,-3.6711318492889404,-0.17113183438777924,attack,No
1708,1,0,0.0031726828424851893,-5.815291881561279,-0.0652918815612793,attack,No
1709,1,0,0.008577486490816461,-4.827727794647217,-0.07772792130708694,attack,No
1710,1,0,0.001501182145058104,-6.571361541748047,-0.0713614672422409,attack,No
1711,1,0,0.18242552825126704,-1.8431438207626343,-0.34314385056495667,attack,No
1712,1,0,0.0075772417721044994,-4.929690837860107,-0.054690904915332794,attack,No
1713,1,0,0.18242550602671442,-2.050283432006836,-0.5502833127975464,attack,No
1714,1,0,0.03732689162774753,-3.4074625968933105,-0.1574627161026001,attack,No
1715,1,0,0.015906389379279733,-4.219219207763672,-0.09421905875205994,attack,No
1716,1,0,0.007577242332375306,-4.943252086639404,-0.06825222820043564,attack,No
1717,1,0,0.0031726831016818556,-5.826879978179932,-0.0768800601363182,attack,No
1718,1,0,0.0028009266341596987,-5.932077407836914,-0.05707728862762451,attack,No
1719,1,0,0.34864513533394575,-1.1830241680145264,-0.5580241680145264,attack,No
1720,1,0,0.009708478057367978,-4.710126876831055,-0.08512704074382782,attack,No
1721,1,0,0.05340333507274787,-3.0841548442840576,-0.20915494859218597,attack,No
1722,1,0,0.18242552825126704,-1.9033045768737793,-0.4033046066761017,attack,No
1723,1,0,0.010986943602109868,-4.605769157409668,-0.10576924681663513,attack,No
1724,1,0,0.006692851865390681,-5.07680606842041,-0.0768062099814415,attack,No
1725,1,1,0.7310585786300049,-0.5035423040390015,-1.5035423040390015,attack,Yes
1726,1,0,0.005911067761729742,-5.2067461013793945,-0.08174591511487961,attack,No
1727,1,0,0.13296425050508953,-2.17218279838562,-0.2971828877925873,attack,No
1728,1,0,0.002182716818566405,-6.194891929626465,-0.06989210098981857,attack,No
1729,1,1,0.7981867825403176,-0.46794554591178894,-1.8429455757141113,attack,Yes
1730,1,0,0.03732688895048618,-3.4968514442443848,-0.24685148894786835,attack,No
1731,1,0,0.033085981248949035,-3.525866746902466,-0.15086683630943298,attack,No
1732,1,0,0.008577483576298776,-4.8185319900512695,-0.06853177398443222,attack,No
1733,1,0,0.24508500210441886,-1.6180341243743896,-0.4930340647697449,attack,No
1734,1,0,0.0015011821618099368,-6.560633659362793,-0.060633596032857895,attack,No
1735,1,0,0.04208772431105632,-3.371952533721924,-0.24695244431495667,attack,No
1736,1,0,0.010986943764029325,-4.578336238861084,-0.07833634316921234,attack,No
1737,1,0,0.012431653597332908,-4.461082458496094,-0.08608268201351166,attack,No
1738,1,0,0.010986944573626636,-4.611184597015381,-0.11118477582931519,attack,No
1739,1,0,0.014063626630011202,-4.37851095199585,-0.12851092219352722,attack,No
1740,1,0,0.003172682748231862,-5.8259477615356445,-0.07594773173332214,attack,No
1741,1,0,0.002472623285273262,-6.1000494956970215,-0.10004954785108566,attack,No
1742,1,0,0.0052201246876200265,-5.316394805908203,-0.0663946121931076,attack,No
1743,1,0,0.06754669864792355,-2.825901985168457,-0.20090210437774658,attack,No
1744,1,0,0.006692851964454458,-5.103611469268799,-0.10361162573099136,attack,No
1745,1,0,0.24508501313237172,-1.552564263343811,-0.42756426334381104,attack,No
1746,1,0,0.005911069118927199,-5.202756881713867,-0.07775692641735077,attack,No
1747,1,0,0.020332355717182622,-3.9809865951538086,-0.10598671436309814,attack,No
1748,1,1,0.7310585786300049,-0.4897582530975342,-1.4897582530975342,attack,Yes
1749,1,0,0.009708474547422796,-4.7007927894592285,-0.0757925882935524,attack,No
1750,1,0,0.02033235482673614,-4.072550296783447,-0.19755037128925323,attack,No
1751,1,0,0.053403329046549465,-2.9949448108673096,-0.11994479596614838,attack,No
1752,1,0,0.04208772641371775,-3.249126672744751,-0.12412663549184799,attack,No
1753,1,0,0.029312234143221275,-3.622098922729492,-0.12209904193878174,attack,No
1754,1,0,0.001501182066882888,-6.539098262786865,-0.03909813612699509,attack,No
1755,1,0,0.060086646807761206,-2.936105251312256,-0.18610519170761108,attack,No
1756,1,1,0.7057850402140659,-0.5495261549949646,-1.4245262145996094,attack,Yes
1757,1,0,0.10669058400428263,-2.3167028427124023,-0.191702738404274,attack,No
1758,1,0,0.008577484590043946,-4.8589019775390625,-0.10890188068151474,attack,No
1759,1,1,0.5926665999540697,-0.7603967189788818,-1.1353967189788818,attack,Yes
1760,1,0,0.04208773212094217,-3.30991530418396,-0.18491540849208832,attack,No
1761,1,0,0.01798621101487092,-4.127331733703613,-0.12733179330825806,attack,No
1762,1,0,0.02297736857193652,-3.868908643722534,-0.1189085841178894,attack,No
1763,1,1,0.7772998508568416,-0.48003655672073364,-1.7300364971160889,attack,Yes
1764,1,0,0.005911069688074611,-5.188451766967773,-0.06345190852880478,attack,No
1765,1,0,0.020332351858581475,-3.974728584289551,-0.09972850978374481,attack,No
1766,1,0,0.020332357794891228,-4.015233039855957,-0.14023326337337494,attack,No
1767,1,0,0.005220125751593309,-5.310022830963135,-0.06002284213900566,attack,No
1768,1,0,0.025957354183760273,-3.731389045715332,-0.10638892650604248,attack,No
1769,1,0,0.00970847855878882,-4.72180700302124,-0.09680721908807755,attack,No
1770,1,0,0.015906392644828796,-4.216302871704102,-0.09130293130874634,attack,No
1771,1,0,0.020332354678328394,-3.9628567695617676,-0.08785683661699295,attack,No
1772,1,0,0.00757724278059198,-4.983196258544922,-0.10819645971059799,attack,No
1773,1,1,0.8670357598021706,-0.3069021701812744,-2.1819021701812744,attack,Yes
1774,1,0,0.010986944330747438,-4.5860209465026855,-0.08602110296487808,attack,No
1775,1,1,0.893309411735131,-0.39192289113998413,-2.516922950744629,attack,Yes
1776,1,0,0.022977368404675395,-3.872413158416748,-0.12241309136152267,attack,No
1777,1,0,0.001501182061298944,-6.546724319458008,-0.046724189072847366,attack,No
1778,1,0,0.020332355123551627,-3.9497103691101074,-0.07471045851707458,attack,No
1779,1,0,0.37754066879814546,-1.1522868871688843,-0.6522868871688843,attack,No
1780,1,0,0.07585818002124356,-2.699504852294922,-0.19950485229492188,attack,No
1781,1,0,0.005911067783620022,-5.185197353363037,-0.060197170823812485,attack,No
1782,1,0,0.0028009271023865024,-5.925155162811279,-0.05015521124005318,attack,No
1783,1,0,0.06754669301670263,-2.8038597106933594,-0.17885974049568176,attack,No
1784,1,0,0.005220125848318164,-5.315379619598389,-0.06537964940071106,attack,No
1785,1,0,0.5,-0.8456408381462097,-0.8456408381462097,attack,No
1786,1,0,0.4378234991142019,-0.9829614162445068,-0.7329614162445068,attack,No
1787,1,0,0.0028009263116035017,-5.926676273345947,-0.05167603865265846,attack,No
1788,1,1,0.7981867777396212,-0.4547901153564453,-1.8297901153564453,attack,Yes
1789,1,0,0.07585818315512395,-2.671583652496338,-0.17158369719982147,attack,No
1790,1,0,0.014063629212725592,-4.355493545532227,-0.1054937019944191,attack,No
1791,1,0,0.007577242948673238,-4.990408420562744,-0.11540864408016205,attack,No
1792,1,1,0.8354835411997897,-0.36246785521507263,-1.987467885017395,attack,Yes
1793,1,0,0.017986209435701905,-4.146538734436035,-0.14653870463371277,attack,No
1794,1,0,0.09534947261117097,-2.5317182540893555,-0.28171834349632263,attack,No
1795,1,0,0.29421497216298875,-1.395984172821045,-0.5209841728210449,attack,No
1796,1,0,0.02595735719779685,-3.9189698696136475,-0.29396986961364746,attack,No
1797,1,0,0.0066928523854755334,-5.055708885192871,-0.0557091049849987,attack,No
1798,1,0,0.0052201245328602945,-5.325761318206787,-0.0757610946893692,attack,No
1799,1,0,0.1329642436335826,-2.167299270629883,-0.2922993004322052,attack,No
1800,1,0,0.03308598220236406,-3.6470375061035156,-0.2720376253128052,attack,No
1801,1,0,0.012431649846998705,-4.474096775054932,-0.09909669309854507,attack,No
1802,1,0,0.010986940849479477,-4.657556056976318,-0.15755589306354523,attack,No
1803,1,0,0.09534947004048376,-2.469283103942871,-0.21928316354751587,attack,No
1804,1,1,0.8933093975331751,-0.35707125067710876,-2.4820711612701416,attack,Yes
1805,1,1,0.939913354875362,-0.2518061697483063,-3.0018062591552734,attack,Yes
1806,1,0,0.03732688948593843,-3.386564016342163,-0.13656407594680786,attack,No
1807,1,0,0.24508501313237172,-1.5729933977127075,-0.4479933977127075,attack,No
1808,1,0,0.0031726821591486257,-5.8048930168151855,-0.054892800748348236,attack,No
1809,1,0,0.004070138350126891,-5.566411972045898,-0.06641212850809097,attack,No
1810,1,1,0.8354835493924953,-0.3815259039402008,-2.006525993347168,attack,Yes
1811,1,0,0.007577240651563013,-4.969672203063965,-0.09467212110757828,attack,No
1812,1,0,0.009708474475791274,-4.707390308380127,-0.08239009976387024,attack,No
1813,1,0,0.015906390895427426,-4.203749656677246,-0.07874960452318192,attack,No
1814,1,0,0.02595735945832451,-3.7609472274780273,-0.1359473168849945,attack,No
1815,1,0,0.02297737225168171,-3.8940634727478027,-0.1440635770559311,attack,No
1816,1,0,0.0066928515681993535,-5.102303981781006,-0.10230407863855362,attack,No
1817,1,0,0.01243165213378772,-4.499166011810303,-0.12416611611843109,attack,No
1818,1,0,0.037326887344129464,-3.528250217437744,-0.27825021743774414,attack,No
1819,1,0,0.18242552380635632,-1.828704833984375,-0.328704833984375,attack,No
1820,1,0,0.037326887879581695,-3.432868003845215,-0.18286801874637604,attack,No
1821,1,0,0.047425869811643456,-3.1404781341552734,-0.14047805964946747,attack,No
1822,1,0,0.24508501864634827,-1.542940616607666,-0.4179406464099884,attack,No
1823,1,0,0.022977368404675395,-3.83524227142334,-0.08524220436811447,attack,No
1824,1,0,0.020332357201260174,-4.061072826385498,-0.18607302010059357,attack,No
1825,1,0,0.005911067783620022,-5.182605743408203,-0.0576055608689785,attack,No
1826,1,0,0.03732689162774753,-3.4067373275756836,-0.15673744678497314,attack,No
1827,1,0,0.020332351264950595,-3.989424705505371,-0.11442460119724274,attack,No
1828,1,0,0.01590639322796263,-4.222014427185059,-0.09701452404260635,attack,No
1829,1,0,0.014063630039194294,-4.321917533874512,-0.07191774994134903,attack,No
1830,1,0,0.00591106784929086,-5.212008953094482,-0.08700878173112869,attack,No
1831,1,0,0.029312227359491745,-3.6310067176818848,-0.13100659847259521,attack,No
1832,1,0,0.10669059394565118,-2.696314811706543,-0.571314811706543,attack,No
1833,1,0,0.0028009269879310543,-5.945562839508057,-0.07056284695863724,attack,No
1834,1,0,0.022977368906458788,-3.8457565307617188,-0.09575648605823517,attack,No
1835,1,0,0.006692850874752974,-5.0876054763793945,-0.08760546892881393,attack,No
1836,1,0,0.004609571478567864,-5.42515230178833,-0.05015214905142784,attack,No
1837,1,0,0.02931222947940706,-3.6400725841522217,-0.1400725394487381,attack,No
1838,1,0,0.006692851122412387,-5.061322212219238,-0.06132224202156067,attack,No
1839,1,0,0.29421497216298875,-1.4239550828933716,-0.5489550828933716,attack,No
1840,1,0,0.0031726834786952253,-5.822720527648926,-0.0727207288146019,attack,No
1841,1,0,0.08509905312815914,-2.5465896129608154,-0.1715897172689438,attack,No
1842,1,1,0.6513548511303336,-0.6169164776802063,-1.2419164180755615,attack,Yes
1843,1,0,0.07585817270885642,-2.723369836807251,-0.22336973249912262,attack,No
1844,1,0,0.13296422989056964,-2.147581100463867,-0.2725810110569,attack,No
1845,1,0,0.18242552825126704,-1.827610969543457,-0.3276109993457794,attack,No
1846,1,0,0.06008664596619963,-2.9687092304229736,-0.21870915591716766,attack,No
1847,1,0,0.037326888415033926,-3.4336585998535156,-0.183658629655838,attack,No
1848,1,0,0.015906388446265834,-4.280673503875732,-0.1556732952594757,attack,No
1849,1,0,0.020332355123551627,-3.9836013317108154,-0.10860142111778259,attack,No
1850,1,0,0.01798620706694863,-4.151285171508789,-0.15128500759601593,attack,No
1851,1,0,0.22270012850745968,-1.6571247577667236,-0.40712469816207886,attack,No
1852,1,0,0.00247262262370397,-6.066226482391357,-0.06622626632452011,attack,No
1853,1,0,0.005220125190589188,-5.360671043395996,-0.11067094653844833,attack,No
1854,1,0,0.04208772431105632,-3.2581894397735596,-0.1331893503665924,attack,No
1855,1,0,0.004070137579989548,-5.555943965911865,-0.05594393238425255,attack,No
1856,1,0,0.033085981248949035,-3.7308921813964844,-0.35589227080345154,attack,No
1857,1,0,0.0124316492981694,-4.479380130767822,-0.10438000410795212,attack,No
1858,1,0,0.014063629006108426,-4.351601600646973,-0.101601742208004,attack,No
1859,1,1,0.7057850402140659,-0.48183244466781616,-1.356832504272461,attack,Yes
1860,1,0,0.3208212878370535,-1.2894034385681152,-0.5394033789634705,attack,No
1861,1,0,0.0021827164453451808,-6.195878505706787,-0.07087850570678711,attack,No
1862,1,1,0.8175744806385543,-0.36887118220329285,-1.8688712120056152,attack,Yes
1863,1,0,0.015906394044350028,-4.27608060836792,-0.15108075737953186,attack,No
1864,1,0,0.04742587452393617,-3.1955273151397705,-0.1955273449420929,attack,No
1865,1,0,0.060086652698692546,-2.928515911102295,-0.1785159558057785,attack,No
1866,1,0,0.012431650395828029,-4.465107440948486,-0.09010740369558334,attack,No
1867,1,0,0.029312230751356316,-3.63362979888916,-0.13362979888916016,attack,No
1868,1,0,0.00591107012588035,-5.219629287719727,-0.09462950378656387,attack,No
1869,1,0,0.029312233295254994,-3.596421718597412,-0.09642180800437927,attack,No
1870,1,0,0.0534033328129234,-3.210216522216797,-0.33521658182144165,attack,No
1871,1,0,0.022977371917159397,-3.8692080974578857,-0.1192081868648529,attack,No
1872,1,0,0.004609571564032047,-5.4644575119018555,-0.08945737779140472,attack,No
1873,1,0,0.03732689055684297,-3.4068491458892822,-0.1568492352962494,attack,No
1874,1,0,0.06754668644694548,-2.80385422706604,-0.17885415256023407,attack,No
1875,1,0,0.037326890021390696,-3.3667550086975098,-0.11675508320331573,attack,No
1876,1,0,0.06008664428307651,-2.92049241065979,-0.17049230635166168,attack,No
1877,1,0,0.020332357201260174,-4.043644905090332,-0.16864509880542755,attack,No
1878,1,0,0.11920292828022305,-2.1952099800109863,-0.1952100396156311,attack,No
1879,1,0,0.010986943116351513,-4.608851909637451,-0.10885195434093475,attack,No
1880,1,1,0.5926665999540697,-0.7542963027954102,-1.1292963027954102,attack,Yes
1881,1,0,0.017986209698896728,-4.1478047370910645,-0.14780472218990326,attack,No
1882,1,1,0.8519527906914787,-0.4278732240200043,-2.177873134613037,attack,Yes
1883,1,0,0.2942149597859341,-1.3590600490570068,-0.48405998945236206,attack,No
1884,1,0,0.008577485857225578,-4.844091415405273,-0.09409146755933762,attack,No
1885,1,0,0.06754669489377622,-2.88881516456604,-0.2638152241706848,attack,No
1886,1,1,0.6513548511303336,-0.5659337639808655,-1.1909337043762207,attack,Yes
1887,1,1,0.5621764862150634,-0.7571044564247131,-1.0071043968200684,attack,Yes
1888,1,0,0.01590638961253321,-4.268868923187256,-0.14386878907680511,attack,No
1889,1,0,0.1066905854244781,-2.429987668991089,-0.3049875795841217,attack,No
1890,1,0,0.01798621140966319,-4.101404666900635,-0.10140474885702133,attack,No
1891,1,0,0.004070137866903443,-5.5832624435424805,-0.08326248079538345,attack,No
1892,1,0,0.18242551491653522,-1.8442013263702393,-0.3442012667655945,attack,No
1893,1,0,0.04208773031866069,-3.3259880542755127,-0.20098811388015747,attack,No
1894,1,0,0.5,-0.8345238566398621,-0.8345238566398621,attack,No
1895,1,0,0.07585818419975078,-2.666701078414917,-0.16670113801956177,attack,No
1896,1,0,0.1329642436335826,-2.151501417160034,-0.27650144696235657,attack,No
1897,1,0,0.037326884666868405,-3.421802043914795,-0.17180196940898895,attack,No
1898,1,0,0.014063626113468383,-4.351457595825195,-0.10145752876996994,attack,No
1899,1,0,0.01590639357784294,-4.239319324493408,-0.11431944370269775,attack,No
1900,1,0,0.01406362497707424,-4.352240085601807,-0.1022399365901947,attack,No
1901,1,0,0.0035936019678213344,-5.7186760902404785,-0.09367591887712479,attack,No
1902,1,0,0.3486451488696663,-1.2570421695709229,-0.6320422291755676,attack,No
1903,1,0,0.2689414272294874,-1.4424582719802856,-0.44245830178260803,attack,No
1904,1,0,0.02033235542036712,-4.016028881072998,-0.1410289853811264,attack,No
1905,1,1,0.5621764862150634,-0.7788236737251282,-1.0288236141204834,attack,Yes
1906,1,0,0.029312229903390143,-3.6251888275146484,-0.12518879771232605,attack,No
1907,1,0,0.01798620772493562,-4.085379600524902,-0.0853794738650322,attack,No
1908,1,0,0.0031726831252451896,-5.834039211273193,-0.08403930068016052,attack,No
1909,1,0,0.2689414213699951,-1.519950270652771,-0.519950270652771,attack,No
1910,1,0,0.22270013882530884,-1.7888683080673218,-0.5388683080673218,attack,No
1911,1,0,0.06008664512463808,-2.891021728515625,-0.14102163910865784,attack,No
1912,1,0,0.09534947518185825,-2.4660868644714355,-0.2160869836807251,attack,No
1913,1,0,0.010986944897465581,-4.574024677276611,-0.07402488589286804,attack,No
1914,1,0,0.012431648474925493,-4.497371196746826,-0.12237100303173065,attack,No
1915,1,0,0.008577483512939705,-4.8223795890808105,-0.07237936556339264,attack,No
1916,1,0,0.18242551936144574,-1.7776979207992554,-0.277697890996933,attack,No
1917,1,1,0.924141816844876,-0.24335269629955292,-2.7433526515960693,attack,Yes
1918,1,0,0.18242552825126704,-1.8713372945785522,-0.37133732438087463,attack,No
1919,1,0,0.014063624047297284,-4.3137335777282715,-0.06373336166143417,attack,No
1920,1,0,0.02931222947940706,-3.6478641033172607,-0.14786405861377716,attack,No
1921,1,0,0.03308597791199666,-3.5377795696258545,-0.1627795547246933,attack,No
1922,1,0,0.01098694303539179,-4.601641654968262,-0.1016416922211647,attack,No
1923,1,0,0.02297736773563088,-3.861999034881592,-0.11199893802404404,attack,No
1924,1,0,0.007577240651563013,-4.9602532386779785,-0.08525315672159195,attack,No
1925,1,0,0.005220126080457822,-5.32072639465332,-0.07072646915912628,attack,No
1926,1,0,0.0040701381085151605,-5.546769142150879,-0.046769239008426666,attack,No
1927,1,0,0.06008665101556925,-2.895386219024658,-0.1453862339258194,attack,No
1928,1,0,0.005911068768682665,-5.194884777069092,-0.0698847621679306,attack,No
1929,1,0,0.06008664428307651,-2.939836263656616,-0.18983615934848785,attack,No
1930,1,0,0.033085978388704126,-3.509251117706299,-0.13425111770629883,attack,No
1931,1,0,0.46879061178313897,-1.0494043827056885,-0.9244043231010437,attack,No
1932,1,0,0.02033235423310517,-4.010608196258545,-0.1356082409620285,attack,No
1933,1,1,0.9840936057223965,-0.18331877887248993,-4.308318614959717,attack,Yes
1934,1,0,0.04208773212094217,-3.2859981060028076,-0.16099821031093597,attack,No
1935,1,0,0.0035936018877867223,-5.692406177520752,-0.06740598380565643,attack,No
1936,1,0,0.03308598029553404,-3.503121852874756,-0.12812191247940063,attack,No
1937,1,0,0.00522012503582944,-5.336735248565674,-0.08673512190580368,attack,No
1938,1,0,0.0035936023146380092,-5.686121940612793,-0.061121866106987,attack,No
1939,1,0,0.0066928498841154135,-5.06405782699585,-0.06405767053365707,attack,No
1940,1,0,0.11920291263495983,-2.313777446746826,-0.313777357339859,attack,No
1941,1,0,0.06008665606493926,-2.941026210784912,-0.19102631509304047,attack,No
1942,1,0,0.005911068637340969,-5.190906047821045,-0.06590601056814194,attack,No
1943,1,0,0.005911069075146632,-5.203477382659912,-0.0784774199128151,attack,No
1944,1,0,0.13296424706933604,-2.1497561931610107,-0.2747562527656555,attack,No
1945,1,0,0.03308598077224154,-3.5056939125061035,-0.13069398701190948,attack,No
1946,1,0,0.004609572743437929,-5.436864852905273,-0.06186497583985329,attack,No
1947,1,0,0.042087729117139754,-3.2767035961151123,-0.1517036259174347,attack,No
1948,1,0,0.00591106949106204,-5.184773921966553,-0.05977402999997139,attack,No
1949,1,0,0.012431649481112502,-4.485594749450684,-0.11059463769197464,attack,No
1950,1,1,0.7057850278370112,-0.5967831611633301,-1.47178316116333,attack,Yes
1951,1,0,0.014063630039194294,-4.332234859466553,-0.08223507553339005,attack,No
1952,1,0,0.46879062662624377,-1.02639901638031,-0.9013990163803101,attack,No
1953,1,0,0.01590639544387138,-4.218918800354004,-0.09391903877258301,attack,No
1954,1,0,0.005220125732248338,-5.342164516448975,-0.0921645238995552,attack,No
1955,1,0,0.14804720930852133,-2.038719654083252,-0.2887197434902191,attack,No
1956,1,0,0.009708476696368677,-4.739462852478027,-0.11446287482976913,attack,No
1957,1,0,0.008577484463325792,-4.838059902191162,-0.08805979043245316,attack,No
1958,1,0,0.005220125151899251,-5.365091323852539,-0.1150912195444107,attack,No
1959,1,0,0.017986206277364275,-4.135631561279297,-0.13563135266304016,attack,No
1960,1,0,0.029312234143221275,-3.6316232681274414,-0.13162338733673096,attack,No
1961,1,0,0.012431649664055602,-4.449737548828125,-0.07473745197057724,attack,No
1962,1,1,0.9579122750881832,-0.17387501895427704,-3.298875093460083,attack,Yes
1963,1,0,0.015906392644828796,-4.216302871704102,-0.09130293130874634,attack,No
1964,1,0,0.020332351264950595,-3.9941561222076416,-0.11915601789951324,attack,No
1965,1,0,0.0075772399792382,-4.939885139465332,-0.0648849681019783,attack,No
1966,1,0,0.012431649938470258,-4.531330585479736,-0.15633051097393036,attack,No
1967,1,0,0.006692850131774789,-5.080397129058838,-0.08039700984954834,attack,No
1968,1,0,0.037326890021390696,-3.433255195617676,-0.18325527012348175,attack,No
1969,1,0,0.009708476409842532,-4.735346794128418,-0.11034678667783737,attack,No
1970,1,0,0.01243164902375476,-4.504034996032715,-0.1290348470211029,attack,No
1971,1,0,0.01798620706694863,-4.139404296875,-0.13940413296222687,attack,No
1972,1,0,0.008577486554175553,-4.889551639556885,-0.1395517736673355,attack,No
1973,1,0,0.007577242948673238,-4.951686859130859,-0.07668708264827728,attack,No
1974,1,0,0.005911068330877026,-5.194162368774414,-0.0691622793674469,attack,No
1975,1,0,0.18242552380635632,-2.155751943588257,-0.6557519435882568,attack,No
1976,1,0,0.20181323186177208,-1.7676365375518799,-0.39263659715652466,attack,No
1977,1,0,0.4073334000459302,-1.065040946006775,-0.6900409460067749,attack,No
1978,1,0,0.006692851171944271,-5.082937717437744,-0.08293775469064713,attack,No
1979,1,0,0.34864513533394575,-1.1934187412261963,-0.5684187412261963,attack,No
1980,1,1,0.9525741254760638,-0.3385372459888458,-3.3385372161865234,attack,Yes
1981,1,0,0.05340332829327471,-3.0397326946258545,-0.1647326648235321,attack,No
1982,1,0,0.060086652698692546,-2.968777894973755,-0.21877793967723846,attack,No
1983,1,0,0.09534946361376598,-2.4663503170013428,-0.21635030210018158,attack,No
1984,1,0,0.003172682818921857,-5.870791912078857,-0.12079190462827682,attack,No
1985,1,0,0.008577485603789237,-4.851180553436279,-0.10118057578802109,attack,No
1986,1,0,0.005220124881069698,-5.355364799499512,-0.10536464303731918,attack,No
1987,1,0,0.012431650304356473,-4.501046657562256,-0.12604661285877228,attack,No
1988,1,0,0.0052201246876200265,-5.371820449829102,-0.12182025611400604,attack,No
1989,1,0,0.005911067674168627,-5.219408988952637,-0.0944087877869606,attack,No
1990,1,0,0.0600866476493228,-2.880901336669922,-0.1309012919664383,attack,No
1991,1,0,0.0035936027414893473,-5.691822052001953,-0.0668220967054367,attack,No
1992,1,0,0.0031726825125985543,-5.812481880187988,-0.062481775879859924,attack,No
1993,1,0,0.014063629935885703,-4.376804351806641,-0.12680456042289734,attack,No
1994,1,0,0.14804721306746543,-2.039541244506836,-0.2895413637161255,attack,No
1995,1,0,0.005911069031366064,-5.1947340965271,-0.069734126329422,attack,No
1996,1,0,0.007577242556483638,-4.94300651550293,-0.06800668686628342,attack,No
1997,1,0,0.015906388329639098,-4.24452018737793,-0.11951997131109238,attack,No
1998,1,0,0.004070138365227625,-5.5492262840271,-0.04922644421458244,attack,No
1999,1,0,0.01798620785653302,-4.146205902099609,-0.14620578289031982,attack,No
2000,1,0,0.0046095724528596406,-5.528243541717529,-0.15324360132217407,attack,No
2001,1,0,0.015906388446265834,-4.257248878479004,-0.1322486698627472,attack,No
2002,1,0,0.015906389146026254,-4.203749656677246,-0.07874949276447296,attack,No
2003,1,0,0.46879062662624377,-0.9516680836677551,-0.8266680836677551,attack,No
2004,1,1,0.5312093733737563,-0.8452702760696411,-0.9702702760696411,attack,Yes
2005,1,0,0.20181323186177208,-1.764641284942627,-0.38964134454727173,attack,No
2006,1,0,0.014063627973022628,-4.373518943786621,-0.12351901084184647,attack,No
2007,1,0,0.0059110693816106135,-5.249283313751221,-0.12428340315818787,attack,No
2008,1,0,0.3208212878370535,-1.300846815109253,-0.5508467555046082,attack,No
2009,1,0,0.02033235156176603,-4.000054359436035,-0.125054270029068,attack,No
2010,1,0,0.003172682983865187,-5.852047443389893,-0.10204748809337616,attack,No
2011,1,0,0.02931222820745785,-3.8577144145965576,-0.35771432518959045,attack,No
2012,1,0,0.004070137247773484,-5.555188179016113,-0.05518806353211403,attack,No
2013,1,0,0.0017007226138324027,-6.4462103843688965,-0.07121050357818604,attack,No
2014,1,0,0.24508500761839525,-1.6047354936599731,-0.47973546385765076,attack,No
2015,1,0,0.03732688948593843,-3.3791422843933105,-0.12914234399795532,attack,No
2016,1,0,0.008577485793866491,-4.848020553588867,-0.09802059829235077,attack,No
2017,1,1,0.8175744673038221,-0.34773117303848267,-1.847731113433838,attack,Yes
2018,1,0,0.2689414213699951,-1.5064599514007568,-0.5064599514007568,attack,No
2019,1,0,0.012431651219072064,-4.511949062347412,-0.1369490921497345,attack,No
2020,1,0,0.13296423676207594,-2.1412456035614014,-0.266245573759079,attack,No
2021,1,0,0.00857748680761192,-4.868139266967773,-0.11813943088054657,attack,No
2022,1,0,0.06008664596619963,-2.9014625549316406,-0.15146248042583466,attack,No
2023,1,0,0.01590639054554718,-4.252596855163574,-0.12759678065776825,attack,No
2024,1,0,0.0850990438468576,-2.5520944595336914,-0.1770944446325302,attack,No
2025,1,0,0.006692850428966053,-5.132390975952148,-0.13239090144634247,attack,No
2026,1,0,0.029312230751356316,-3.628917694091797,-0.12891769409179688,attack,No
2027,1,0,0.001501182318160383,-6.543275833129883,-0.043275874108076096,attack,No
2028,1,0,0.009708474189265195,-4.697751998901367,-0.07275176048278809,attack,No
2029,1,1,0.679178699175393,-0.5646228790283203,-1.3146228790283203,attack,Yes
2030,1,0,0.004609572213559887,-5.454909801483154,-0.0799098089337349,attack,No
2031,1,0,0.009708478773683474,-4.726371765136719,-0.10137200355529785,attack,No
2032,1,1,0.9525741288419872,-0.22997374832630157,-3.229973793029785,attack,Yes
2033,1,0,0.020332351264950595,-3.9665238857269287,-0.09152378141880035,attack,No
2034,1,0,0.10669060388702058,-2.367560863494873,-0.2425609678030014,attack,No
2035,1,0,0.3208212878370535,-1.2791497707366943,-0.5291497111320496,attack,No
2036,1,0,0.004070138078313694,-5.582982540130615,-0.0829826295375824,attack,No
2037,1,0,0.0019267343337919433,-6.31352424621582,-0.06352407485246658,attack,No
2038,1,0,0.0046095718375174415,-5.445842266082764,-0.0708421915769577,attack,No
2039,1,0,0.13296422989056964,-2.1468701362609863,-0.27187004685401917,attack,No
2040,1,0,0.009708475693527207,-4.700031757354736,-0.07503167539834976,attack,No
2041,1,0,0.1329642436335826,-2.217790365219116,-0.3427903950214386,attack,No
2042,1,0,0.06008665438181589,-2.9262282848358154,-0.1762283593416214,attack,No
2043,1,0,0.24508502416032488,-1.6626856327056885,-0.5376856923103333,attack,No
2044,1,0,0.0046095724528596406,-5.441187381744385,-0.06618744134902954,attack,No
2045,1,1,0.8519527906914787,-0.3907223641872406,-2.1407222747802734,attack,Yes
2046,1,0,0.02931223244728875,-3.643494129180908,-0.14349418878555298,attack,No
2047,1,0,0.02595736021183377,-3.790034294128418,-0.16503441333770752,attack,No
2048,1,0,0.29421497216298875,-1.4191237688064575,-0.5441237688064575,attack,No
2049,1,0,0.11920292202211755,-2.274014472961426,-0.2740144729614258,attack,No
2050,1,0,0.3208212878370535,-1.3361279964447021,-0.5861279368400574,attack,No
2051,1,0,0.01406362456384003,-4.382275581359863,-0.13227540254592896,attack,No
2052,1,0,0.007577240203346464,-4.971642971038818,-0.09664282947778702,attack,No
2053,1,1,0.679178699175393,-0.5671167373657227,-1.3171167373657227,attack,Yes
2054,1,0,0.012431653231446594,-4.516667366027832,-0.14166755974292755,attack,No
2055,1,0,0.0040701384709327625,-5.556227207183838,-0.056227393448352814,attack,No
2056,1,0,0.005911067893071419,-5.2238054275512695,-0.0988052636384964,attack,No
2057,1,1,0.5926665999540697,-0.722164511680603,-1.097164511680603,attack,Yes
2058,1,0,0.060086656906500974,-2.919888973236084,-0.16988909244537354,attack,No
2059,1,0,0.0474258704848281,-3.1670773029327393,-0.16707724332809448,attack,No
2060,1,0,0.014063627249862615,-4.341011047363281,-0.09101106226444244,attack,No
2061,1,0,0.029312227783474795,-3.6079485416412354,-0.107948437333107,attack,No
2062,1,0,0.00970847834389417,-4.7627081871032715,-0.137708380818367,attack,No
2063,1,0,0.00857748452668487,-4.814123630523682,-0.06412352621555328,attack,No
2064,1,0,0.04742587452393617,-3.245680093765259,-0.24568012356758118,attack,No
2065,1,0,0.06008665017400762,-3.226794481277466,-0.4767944812774658,attack,No
2066,1,0,0.11920292828022305,-2.2538750171661377,-0.25387507677078247,attack,No
2067,1,0,0.004609572487045321,-5.440939426422119,-0.06593949347734451,attack,No
2068,1,0,0.014063627353171185,-4.373600006103516,-0.12360002845525742,attack,No
2069,1,0,0.01590639171181471,-4.200830936431885,-0.07583093643188477,attack,No
2070,1,0,0.02931222820745785,-3.643059492111206,-0.1430594027042389,attack,No
2071,1,0,0.005220126757531883,-5.311953067779541,-0.06195327267050743,attack,No
2072,1,0,0.0675466977093867,-2.808927536010742,-0.18392764031887054,attack,No
2073,1,1,0.9669140235181256,-0.26501935720443726,-3.640019416809082,attack,Yes
2074,1,0,0.00970847469068584,-4.712638854980469,-0.08763866871595383,attack,No
2075,1,0,0.008577484209889493,-4.867758274078369,-0.1177581325173378,attack,No
2076,1,0,0.014063627766405476,-4.348729610443115,-0.09872966259717941,attack,No
2077,1,0,0.1066905854244781,-2.3370776176452637,-0.2120775282382965,attack,No
2078,1,0,0.008577486300739193,-4.868292808532715,-0.1182929128408432,attack,No
2079,1,0,0.10669058968506456,-2.3493924140930176,-0.224392369389534,attack,No
2080,1,0,0.012431649115226305,-4.469249248504639,-0.09424910694360733,attack,No
2081,1,0,0.015906393811096483,-4.220793724060059,-0.09579385817050934,attack,No
2082,1,0,0.04208772611333754,-3.2732346057891846,-0.148234561085701,attack,No
2083,1,0,0.02033235363947422,-3.9830310344696045,-0.10803104937076569,attack,No
2084,1,0,0.04742586846527418,-3.1283340454101562,-0.1283339411020279,attack,No
2085,1,0,0.2689414213699951,-1.5313364267349243,-0.5313364267349243,attack,No
2086,1,1,0.9859363760560114,-0.12005020678043365,-4.370050430297852,attack,Yes
2087,1,0,0.1066905911052601,-2.3293404579162598,-0.20434042811393738,attack,No
2088,1,0,0.07585817897661679,-2.678511381149292,-0.1785113662481308,attack,No
2089,1,0,0.0028009276122335546,-5.951508522033691,-0.07650875300168991,attack,No
2090,1,0,0.32082130082460697,-1.319002389907837,-0.5690023899078369,attack,No
2091,1,1,0.7057850278370112,-0.5024062395095825,-1.3774062395095825,attack,Yes
2092,1,0,0.06008664344151498,-2.9438347816467285,-0.19383466243743896,attack,No
2093,1,0,0.01243164865786858,-4.512821674346924,-0.1378214955329895,attack,No
2094,1,0,0.24508500761839525,-1.5477555990219116,-0.42275556921958923,attack,No
2095,1,0,0.005220125267969063,-5.3166184425354,-0.06661836057901382,attack,No
2096,1,0,0.008577486680893736,-4.833214282989502,-0.08321443200111389,attack,No
2097,1,0,0.005911069294049474,-5.276368141174316,-0.15136821568012238,attack,No
2098,1,0,0.4073334000459302,-1.025192141532898,-0.650192141532898,attack,No
2099,1,0,0.08509903804604459,-2.609586477279663,-0.23458638787269592,attack,No
2100,1,0,0.053403329046549465,-3.037069797515869,-0.16206978261470795,attack,No
2101,1,0,0.2689414213699951,-1.5313364267349243,-0.5313364267349243,attack,No
2102,1,0,0.13296424535145931,-2.122126340866089,-0.24712638556957245,attack,No
2103,1,0,0.010986944897465581,-4.5772576332092285,-0.07725784182548523,attack,No
2104,1,0,0.02931222905542399,-3.618473529815674,-0.11847347021102905,attack,No
2105,1,0,0.007577241996212817,-4.970221996307373,-0.0952220931649208,attack,No
2106,1,0,0.042087729717900216,-3.3226513862609863,-0.1976514309644699,attack,No
2107,1,1,0.7772998611746911,-0.5128540992736816,-1.7628540992736816,attack,Yes
2108,1,0,0.06754669395523943,-2.7993438243865967,-0.17434386909008026,attack,No
2109,1,0,0.037326884131416216,-3.4099783897399902,-0.15997830033302307,attack,No
2110,1,0,0.46879062662624377,-0.9426218271255493,-0.8176218271255493,attack,No
2111,1,0,0.02595735851643796,-3.7240278720855713,-0.09902792423963547,attack,No
2112,1,0,0.04208772371029592,-3.258167028427124,-0.13316692411899567,attack,No
2113,1,0,0.09534946361376598,-2.4719114303588867,-0.22191141545772552,attack,No
2114,1,0,0.005220125809628221,-5.315650939941406,-0.06565096229314804,attack,No
2115,1,0,0.4073334000459302,-1.0619218349456787,-0.6869218349456787,attack,No
2116,1,0,0.0059110689875854945,-5.229363441467285,-0.10436346381902695,attack,No
2117,1,0,0.017986211804455476,-4.139308929443359,-0.13930903375148773,attack,No
2118,1,0,0.008577484843480258,-4.850951671600342,-0.10095160454511642,attack,No
2119,1,0,0.029312227359491745,-3.7811036109924316,-0.2811034917831421,attack,No
2120,1,0,0.1329642333263228,-2.168600082397461,-0.29360002279281616,attack,No
2121,1,0,0.03308597648187432,-3.735028028488159,-0.3600279688835144,attack,No
2122,1,0,0.004609571222175325,-5.434903144836426,-0.05990293622016907,attack,No
2123,1,0,0.04742587587030561,-3.153564214706421,-0.15356427431106567,attack,No
2124,1,0,0.010986941335237732,-4.5992960929870605,-0.099295973777771,attack,No
2125,1,0,0.047425875197120895,-3.1919641494750977,-0.19196419417858124,attack,No
2126,1,0,0.037326884131416216,-3.391634225845337,-0.14163413643836975,attack,No
2127,1,0,0.042087731520181665,-3.279623031616211,-0.1546231210231781,attack,No
2128,1,1,0.8175744806385543,-0.3600122630596161,-1.8600122928619385,attack,Yes
2129,1,0,0.0085774839564532,-4.847937107086182,-0.09793693572282791,attack,No
2130,1,1,0.979667648438234,-0.183434396982193,-4.05843448638916,attack,Yes
2131,1,0,0.05340333055309901,-3.1088502407073975,-0.23385025560855865,attack,No
2132,1,1,0.6224593452091672,-0.6766645312309265,-1.1766645908355713,attack,Yes
2133,1,1,0.5621765008857981,-0.7480289340019226,-0.9980289340019226,attack,Yes
2134,1,0,0.2018132270610754,-1.7522659301757812,-0.37726595997810364,attack,No
2135,1,0,0.04208773212094217,-3.289963960647583,-0.16496406495571136,attack,No
2136,1,0,0.16451645880021026,-1.9495943784713745,-0.3245943486690521,attack,No
2137,1,0,0.16451645880021026,-1.9723237752914429,-0.3473237454891205,attack,No
2138,1,0,0.017986206540559057,-4.137056350708008,-0.1370561569929123,attack,No
2139,1,1,0.9706877675527112,-0.38592344522476196,-3.885923385620117,attack,Yes
2140,1,0,0.0031726833137518703,-5.795367240905762,-0.04536738991737366,attack,No
2141,1,0,0.46879062662624377,-1.0178375244140625,-0.8928375244140625,attack,No
2142,1,0,0.037326884131416216,-3.394115686416626,-0.1441155970096588,attack,No
2143,1,1,0.5926665855647394,-0.7395899891853333,-1.1145899295806885,attack,Yes
2144,1,0,0.053403325280175794,-3.0029869079589844,-0.1279868185520172,attack,No
2145,1,0,0.02595735569077852,-3.7481658458709717,-0.1231657862663269,attack,No
2146,1,0,0.017986213778417023,-4.108203411102295,-0.10820362716913223,attack,No
2147,1,0,0.0600866518571309,-2.9480769634246826,-0.198076993227005,attack,No
2148,1,0,0.32082130082460697,-1.274583339691162,-0.5245833396911621,attack,No
2149,1,0,0.006692849586924174,-5.088134765625,-0.08813456445932388,attack,No
2150,1,0,0.2018132270610754,-1.7831107378005981,-0.40811076760292053,attack,No
2151,1,0,0.06754669864792355,-2.808183193206787,-0.18318331241607666,attack,No
2152,1,0,0.006692849933647288,-5.0683913230896,-0.06839117407798767,attack,No
2153,1,0,0.11920292828022305,-2.2786972522735596,-0.27869731187820435,attack,No
2154,1,0,0.11920292984474948,-2.1865241527557373,-0.18652422726154327,attack,No
2155,1,0,0.5,-0.8590142726898193,-0.8590142726898193,attack,No
2156,1,0,0.003593603088306097,-5.715674877166748,-0.09067501872777939,attack,No
2157,1,0,0.0021827160558970152,-6.225856304168701,-0.10085612535476685,attack,No
2158,1,0,0.00857748636409828,-4.851795673370361,-0.10179578512907028,attack,No
2159,1,0,0.020332354678328394,-3.978586196899414,-0.10358626395463943,attack,No
2160,1,0,0.012431652591145573,-4.4930548667907715,-0.11805500835180283,attack,No
2161,1,0,0.02033235304584329,-3.9738175868988037,-0.09881757199764252,attack,No
2162,1,0,0.007577240763617155,-4.974587440490723,-0.09958737343549728,attack,No
2163,1,0,0.18242552825126704,-1.8117473125457764,-0.31174734234809875,attack,No
2164,1,1,0.5621765008857981,-0.7704432010650635,-1.0204432010650635,attack,Yes
2165,1,0,0.009708476338210996,-4.732922554016113,-0.10792253911495209,attack,No
2166,1,0,0.02297736756836975,-3.9064245223999023,-0.156424418091774,attack,No
2167,1,0,0.0035936020478559492,-5.730018615722656,-0.10501846671104431,attack,No
2168,1,0,0.5,-0.856635570526123,-0.856635570526123,attack,No
2169,1,0,0.04208772851637929,-3.259608030319214,-0.13460804522037506,attack,No
2170,1,0,0.2942149597859341,-1.3771960735321045,-0.5021960139274597,attack,No
2171,1,0,0.008577484906839334,-4.8291401863098145,-0.07914012670516968,attack,No
2172,1,0,0.005220126892946706,-5.318850517272949,-0.06885074824094772,attack,No
2173,1,0,0.00522012594504302,-5.304293155670166,-0.054293204098939896,attack,No
2174,1,0,0.002800926384438769,-5.959498405456543,-0.08449819684028625,attack,No
2175,1,0,0.06008665101556925,-2.9145078659057617,-0.1645078808069229,attack,No
2176,1,0,0.004609571991352984,-5.431175708770752,-0.05617566779255867,attack,No
2177,1,0,0.00857748478012118,-4.84355354309082,-0.09355346858501434,attack,No
2178,1,0,0.03308597981882656,-3.5212130546569824,-0.146213099360466,attack,No
2179,1,0,0.0028009263011984638,-5.922271728515625,-0.0472714900970459,attack,No
2180,1,1,0.7549149868676283,-0.5508331060409546,-1.6758331060409546,attack,Yes
2181,1,0,0.022977371248114782,-3.8754122257232666,-0.12541228532791138,attack,No
2182,1,0,0.005220125384038879,-5.339803695678711,-0.08980363607406616,attack,No
2183,1,0,0.007577240539508873,-4.945740222930908,-0.07074012607336044,attack,No
2184,1,0,0.005911069250268905,-5.18782377243042,-0.0628238394856453,attack,No
2185,1,0,0.009708476338210996,-4.727822780609131,-0.10282276570796967,attack,No
2186,1,0,0.0028009275498032983,-5.968250751495361,-0.09325096011161804,attack,No
2187,1,0,0.005911069294049474,-5.198448657989502,-0.07344873249530792,attack,No
2188,1,0,0.01098694263059318,-4.595702648162842,-0.0957026481628418,attack,No
2189,1,0,0.022977367233847502,-3.9220666885375977,-0.1720665693283081,attack,No
2190,1,1,0.7057850278370112,-0.5273668766021729,-1.4023668766021729,attack,Yes
2191,1,1,0.7981867873410141,-0.41878169775009155,-1.7937817573547363,attack,Yes
2192,1,0,0.006692851023348621,-5.076928615570068,-0.07692863047122955,attack,No
2193,1,0,0.007577242164294059,-4.935334205627441,-0.06033432483673096,attack,No
2194,1,0,0.22270014914315833,-1.6403343677520752,-0.39033442735671997,attack,No
2195,1,0,0.01798621259404007,-4.129331588745117,-0.12933173775672913,attack,No
2196,1,0,0.007577239699102878,-4.977597713470459,-0.10259750485420227,attack,No
2197,1,1,0.9525741254760638,-0.2302098572254181,-3.2302098274230957,attack,Yes
2198,1,0,0.033085976958581766,-3.5228805541992188,-0.14788050949573517,attack,No
2199,1,0,0.1329642419157059,-2.1218881607055664,-0.2468881756067276,attack,No
2200,1,0,0.20181321265898594,-1.7383201122283936,-0.3633200526237488,attack,No
2201,1,0,0.007577241940185738,-4.942787170410156,-0.06778725981712341,attack,No
2202,1,0,0.017986206803753842,-4.128381729125977,-0.12838155031204224,attack,No
2203,1,0,0.006692851964454458,-5.115294933319092,-0.11529508978128433,attack,No
2204,1,0,0.015906394160976806,-4.210085391998291,-0.08508554846048355,attack,No
2205,1,0,0.012431651767901451,-4.562992095947266,-0.1879921704530716,attack,No
2206,1,0,0.022977370077286757,-3.8260347843170166,-0.0760347917675972,attack,No
2207,1,0,0.2689414213699951,-1.4502332210540771,-0.45023322105407715,attack,No
2208,1,0,0.13296424019782924,-2.1660537719726562,-0.29105377197265625,attack,No
2209,1,0,0.008577486300739193,-4.898649215698242,-0.14864932000637054,attack,No
2210,1,0,0.0420877273148584,-3.279949188232422,-0.15494917333126068,attack,No
2211,1,0,0.09534947004048376,-2.5944135189056396,-0.3444135785102844,attack,No
2212,1,0,0.029312234143221275,-3.6316232681274414,-0.13162338733673096,attack,No
2213,1,0,0.012431651310543626,-4.469027519226074,-0.0940275564789772,attack,No
2214,1,1,0.9046505440982949,-0.21762479841709137,-2.4676249027252197,attack,Yes
2215,1,0,0.008577486997689203,-4.814950466156006,-0.06495065242052078,attack,No
2216,1,0,0.02595735606753309,-3.7353317737579346,-0.11033172905445099,attack,No
2217,1,0,0.004070138244421757,-5.551790237426758,-0.05179036781191826,attack,No
2218,1,0,0.009708476696368677,-4.69904899597168,-0.07404901832342148,attack,No
2219,1,0,0.37754066879814546,-1.3597222566604614,-0.8597222566604614,attack,No
2220,1,0,0.008577484336607643,-4.84234619140625,-0.09234606474637985,attack,No
2221,1,0,0.01798621364681958,-4.126225471496582,-0.12622568011283875,attack,No
2222,1,0,0.07585817270885642,-2.7234113216400146,-0.2234112173318863,attack,No
2223,1,0,0.017986213778417023,-4.093072414398193,-0.09307263046503067,attack,No
2224,1,0,0.0040701381085151605,-5.546769142150879,-0.046769239008426666,attack,No
2225,1,0,0.020332352897435558,-3.983877420425415,-0.10887739807367325,attack,No
2226,1,0,0.08509904732734556,-2.5860595703125,-0.2110596001148224,attack,No
2227,1,0,0.0075772417721044994,-4.991288185119629,-0.11628825217485428,attack,No
2228,1,0,0.1066905825840872,-2.417405605316162,-0.29240548610687256,attack,No
2229,1,0,0.02931223371923813,-3.613107919692993,-0.11310802400112152,attack,No
2230,1,1,0.817574471748733,-0.3622272312641144,-1.862227201461792,attack,Yes
2231,1,0,0.37754066879814546,-1.2454707622528076,-0.7454707622528076,attack,No
2232,1,0,0.017986209698896728,-4.139419078826904,-0.1394190639257431,attack,No
2233,1,0,0.04742587721667508,-3.1310126781463623,-0.13101276755332947,attack,No
2234,1,0,0.03732688573777281,-3.397104263305664,-0.14710421860218048,attack,No
2235,1,0,0.042087730919421175,-3.265169143676758,-0.14016921818256378,attack,No
2236,1,0,0.02595735945832451,-3.742370128631592,-0.11737021803855896,attack,No
2237,1,0,0.3208212878370535,-1.2771458625793457,-0.5271458029747009,attack,No
2238,1,0,0.005220126622117065,-5.310907363891602,-0.06090754270553589,attack,No
2239,1,0,0.34864513533394575,-1.2364648580551147,-0.6114648580551147,attack,No
2240,1,0,0.014063628076331205,-4.317992687225342,-0.06799276173114777,attack,No
2241,1,0,0.03308598220236406,-3.555325508117676,-0.18032562732696533,attack,No
2242,1,1,0.9324533088603709,-0.23850321769714355,-2.8635032176971436,attack,Yes
2243,1,0,0.004609571222175325,-5.438417434692383,-0.0634172260761261,attack,No
2244,1,0,0.004070137625291741,-5.571478366851807,-0.07147834450006485,attack,No
2245,1,0,0.025957358328060655,-3.784721612930298,-0.15972165763378143,attack,No
2246,1,0,0.06008664933244599,-2.9712207317352295,-0.2212207168340683,attack,No
2247,1,0,0.009708478630420372,-4.776538372039795,-0.15153859555721283,attack,No
2248,1,0,0.02033235423310517,-3.9747114181518555,-0.09971146285533905,attack,No
2249,1,0,0.005911070169660925,-5.201465129852295,-0.07646535336971283,attack,No
2250,1,0,0.0031726834786952253,-5.821521759033203,-0.07152196019887924,attack,No
2251,1,0,0.009708475263738038,-4.723516464233398,-0.09851633757352829,attack,No
2252,1,0,0.009708476194947928,-4.702887535095215,-0.07788750529289246,attack,No
2253,1,0,0.02033235423310517,-4.0160112380981445,-0.1410112828016281,attack,No
2254,1,0,0.029312233295254994,-3.6242635250091553,-0.12426361441612244,attack,No
2255,1,0,0.042087728215999064,-3.24898099899292,-0.12398100644350052,attack,No
2256,1,0,0.022977371248114782,-3.869832754135132,-0.11983281373977661,attack,No
2257,1,0,0.005911068900024362,-5.218958854675293,-0.09395886212587357,attack,No
2258,1,0,0.015906388446265834,-4.250326156616211,-0.12532594799995422,attack,No
2259,1,0,0.007577240483481804,-4.985936641693115,-0.11093653738498688,attack,No
2260,1,0,0.03308597457504463,-3.659207820892334,-0.28420770168304443,attack,No
2261,1,0,0.017986208251325228,-4.120110988616943,-0.1201108917593956,attack,No
2262,1,0,0.4073334000459302,-1.1540580987930298,-0.7790580987930298,attack,No
2263,1,0,0.020332349780873466,-4.009337902069092,-0.13433772325515747,attack,No
2264,1,1,0.8933094032139576,-0.4592423737049103,-2.584242343902588,attack,Yes
2265,1,0,0.16451644651115205,-2.1273179054260254,-0.5023177862167358,attack,No
2266,1,0,0.06008664512463808,-2.891021728515625,-0.14102163910865784,attack,No
2267,1,0,0.10669059536584675,-2.359936475753784,-0.23493649065494537,attack,No
2268,1,0,0.003172682194493617,-5.795259475708008,-0.0452592708170414,attack,No
2269,1,0,0.003172682206275281,-5.827698230743408,-0.07769802957773209,attack,No
2270,1,0,0.01590639077880068,-4.235073089599609,-0.1100730299949646,attack,No
2271,1,0,0.004609573204944661,-5.456170558929443,-0.08117078244686127,attack,No
2272,1,0,0.02595735945832451,-3.734609603881836,-0.1096096932888031,attack,No
2273,1,0,0.01406362497707424,-4.450686931610107,-0.20068678259849548,attack,No
2274,1,1,0.9706877658567789,-0.20175468921661377,-3.701754570007324,attack,Yes
2275,1,0,0.1066905825840872,-2.421642303466797,-0.2966421842575073,attack,No
2276,1,0,0.010986940363721243,-4.646019458770752,-0.14601925015449524,attack,No
2277,1,0,0.006692851122412387,-5.131724834442139,-0.13172486424446106,attack,No
2278,1,0,0.03308597886541159,-3.526811361312866,-0.1518113762140274,attack,No
2279,1,1,0.5312093733737563,-0.8253186941146851,-0.9503186941146851,attack,Yes
2280,1,0,0.0031726826775418677,-5.824801445007324,-0.07480139285326004,attack,No
2281,1,0,0.020332357201260174,-4.081047058105469,-0.20604725182056427,attack,No
2282,1,0,0.007577241604023266,-4.992268085479736,-0.11726813018321991,attack,No
2283,1,0,0.047425869811643456,-3.1592729091644287,-0.15927283465862274,attack,No
2284,1,0,0.4073333856566001,-1.0569720268249512,-0.6819719672203064,attack,No
2285,1,0,0.18242551936144574,-1.857431411743164,-0.3574313819408417,attack,No
2286,1,0,0.022977369742764476,-3.852489709854126,-0.10248970240354538,attack,No
2287,1,1,0.6513548646660542,-0.6243008375167847,-1.2493008375167847,attack,Yes
2288,1,0,0.014063623943988737,-4.45478630065918,-0.20478607714176178,attack,No
2289,1,0,0.4378234844434674,-1.0057003498077393,-0.7557002902030945,attack,No
2290,1,1,0.7549149923816048,-0.43884822726249695,-1.5638482570648193,attack,Yes
2291,1,0,0.29421497216298875,-1.352842092514038,-0.4778420925140381,attack,No
2292,1,1,0.5621765008857981,-0.7268747687339783,-0.9768747687339783,attack,Yes
2293,1,1,0.9046505402422645,-0.26054471731185913,-2.510544776916504,attack,Yes
2294,1,0,0.02931222947940706,-3.629847526550293,-0.1298474818468094,attack,No
2295,1,1,0.9890130575313263,-0.21713493764400482,-4.717134952545166,attack,Yes
2296,1,0,0.010986940930439183,-4.615543365478516,-0.11554320901632309,attack,No
2297,1,0,0.005220125422728816,-5.318655490875244,-0.06865543872117996,attack,No
2298,1,0,0.025957359081569886,-3.8602375984191895,-0.23523767292499542,attack,No
2299,1,0,0.04742587317756679,-3.173279047012329,-0.1732790470123291,attack,No
2300,1,0,0.020332356904444657,-4.001929759979248,-0.12692993879318237,attack,No
2301,1,0,0.07585817479810981,-2.6534595489501953,-0.15345947444438934,attack,No
2302,1,1,0.5312093733737563,-0.8041286468505859,-0.9291286468505859,attack,Yes
2303,1,0,0.0052201248036898296,-5.339261531829834,-0.08926136046648026,attack,No
2304,1,0,0.022977372084420553,-3.8708531856536865,-0.12085328251123428,attack,No
2305,1,0,0.16451647108926923,-1.9325294494628906,-0.3075295090675354,attack,No
2306,1,1,0.9324533097989077,-0.23012207448482513,-2.8551220893859863,attack,Yes
2307,1,0,0.005911069425391183,-5.213028907775879,-0.08802900463342667,attack,No
2308,1,1,0.5926665999540697,-0.7765538692474365,-1.1515538692474365,attack,Yes
2309,1,0,0.012431648200510868,-4.456508159637451,-0.08150794357061386,attack,No
2310,1,0,0.11920293140927592,-2.251281976699829,-0.25128206610679626,attack,No
2311,1,0,0.01798620838292263,-4.127538204193115,-0.12753811478614807,attack,No
2312,1,0,0.017986210488481234,-4.11983585357666,-0.11983588337898254,attack,No
2313,1,0,0.5,-1.0667541027069092,-1.0667541027069092,attack,No
2314,1,0,0.009708477412684076,-4.721722602844238,-0.09672269970178604,attack,No
2315,1,0,0.004609571187989654,-5.451742172241211,-0.07674195617437363,attack,No
2316,1,0,0.4378234991142019,-1.1052218675613403,-0.8552218675613403,attack,No
2317,1,0,0.022977369240981062,-3.952881336212158,-0.20288130640983582,attack,No
2318,1,0,0.014063629212725592,-4.342245578765869,-0.09224573522806168,attack,No
2319,1,0,0.006692850181306666,-5.0539231300354,-0.05392301827669144,attack,No
2320,1,0,0.012431653597332908,-4.471710681915283,-0.09671090543270111,attack,No
2321,1,0,0.017986207988130422,-4.105155944824219,-0.1051558330655098,attack,No
2322,1,0,0.24508500210441886,-1.644639492034912,-0.5196394324302673,attack,No
2323,1,1,0.9399133439350607,-0.20739470422267914,-2.957394599914551,attack,Yes
2324,1,0,0.0052201245908951935,-5.306920528411865,-0.05692031607031822,attack,No
2325,1,0,0.037326884131416216,-3.3948373794555664,-0.14483729004859924,attack,No
2326,1,0,0.01406362890279984,-4.495301723480225,-0.24530185759067535,attack,No
2327,1,0,0.010986944249787705,-4.582572937011719,-0.08257308602333069,attack,No
2328,1,0,0.1480472055495773,-2.0573201179504395,-0.30732017755508423,attack,No
2329,1,0,0.03308598077224154,-3.5236620903015137,-0.14866216480731964,attack,No
2330,1,0,0.022977371917159397,-3.8263468742370605,-0.07634696364402771,attack,No
2331,1,0,0.4073334000459302,-1.1057662963867188,-0.7307662963867188,attack,No
2332,1,1,0.7981867729389246,-0.36674705147743225,-1.7417470216751099,attack,Yes
2333,1,0,0.07585818733363135,-2.6590471267700195,-0.1590472310781479,attack,No
2334,1,0,0.01406363034912007,-4.466744422912598,-0.21674466133117676,attack,No
2335,1,0,0.0159063898457867,-4.349891185760498,-0.2248910665512085,attack,No
2336,1,0,0.0031726821827119532,-5.830018520355225,-0.0800183117389679,attack,No
2337,1,0,0.01406362456384003,-4.325619697570801,-0.07561951875686646,attack,No
2338,1,0,0.033085978627057866,-3.4778082370758057,-0.10280824452638626,attack,No
2339,1,0,0.22270014398423357,-1.6549882888793945,-0.4049883186817169,attack,No
2340,1,1,0.8354835289107309,-0.3569965958595276,-1.9819965362548828,attack,Yes
2341,1,0,0.015906388562892566,-4.2195353507995605,-0.09453514963388443,attack,No
2342,1,0,0.02033235482673614,-3.9998092651367188,-0.12480933964252472,attack,No
2343,1,0,0.24508500210441886,-1.571460247039795,-0.44646018743515015,attack,No
2344,1,0,0.015906388912772775,-4.202224254608154,-0.07722407579421997,attack,No
2345,1,1,0.7772998508568416,-0.4330165982246399,-1.6830165386199951,attack,Yes
2346,1,0,0.007577242220321141,-4.941755294799805,-0.06675542145967484,attack,No
2347,1,0,0.02595735569077852,-3.76869797706604,-0.14369791746139526,attack,No
2348,1,0,0.09534947261117097,-2.499311923980713,-0.24931201338768005,attack,No
2349,1,0,0.005911068243315901,-5.197515964508057,-0.07251586019992828,attack,No
2350,1,0,0.01590639229494851,-4.237834453582764,-0.11283449083566666,attack,No
2351,1,0,0.01098694028276154,-4.600712776184082,-0.10071256011724472,attack,No
2352,1,0,0.020332351858581475,-3.9802985191345215,-0.10529844462871552,attack,No
2353,1,0,0.004609571324732338,-5.463754653930664,-0.08875446766614914,attack,No
2354,1,0,0.0024726234690425402,-6.080580234527588,-0.08058036118745804,attack,No
2355,1,0,0.014063627249862615,-4.341011047363281,-0.09101106226444244,attack,No
2356,1,1,0.5312093733737563,-0.8773560523986816,-1.0023560523986816,attack,Yes
2357,1,1,0.9706877669167365,-0.1225336417555809,-3.6225335597991943,attack,Yes
2358,1,0,0.04742587452393617,-3.1129860877990723,-0.11298611760139465,attack,No
2359,1,1,0.7057850154599563,-0.5517945885658264,-1.4267945289611816,attack,Yes
2360,1,0,0.03732688948593843,-3.3985416889190674,-0.14854174852371216,attack,No
2361,1,0,0.11920293140927592,-2.254992723464966,-0.254992812871933,attack,No
2362,1,0,0.015906391945068224,-4.240996360778809,-0.11599637567996979,attack,No
2363,1,0,0.015906389146026254,-4.203749656677246,-0.07874949276447296,attack,No
2364,1,0,0.033085976958581766,-3.5338294506073,-0.15882940590381622,attack,No
2365,1,0,0.00757724278059198,-4.952807903289795,-0.07780810445547104,attack,No
2366,1,0,0.00522012654473717,-5.352884769439697,-0.1028849333524704,attack,No
2367,1,0,0.010986941173318311,-4.61250114440918,-0.11250101029872894,attack,No
2368,1,0,0.01590639171181471,-4.253913402557373,-0.12891340255737305,attack,No
2369,1,0,0.02297736857193652,-3.8922085762023926,-0.1422085165977478,attack,No
2370,1,0,0.002800927560208341,-5.921003341674805,-0.0460035540163517,attack,No
2371,1,0,0.01098694441170717,-4.630398273468018,-0.1303984373807907,attack,No
2372,1,0,0.042087729117139754,-3.2655413150787354,-0.14054134488105774,attack,No
2373,1,0,0.05340332829327471,-3.059332847595215,-0.18433281779289246,attack,No
2374,1,0,0.3775406547908327,-1.1448566913604736,-0.6448566317558289,attack,No
2375,1,0,0.0052201265253921944,-5.293194770812988,-0.043194931000471115,attack,No
2376,1,0,0.007577242444429472,-4.960543155670166,-0.08554331213235855,attack,No
2377,1,1,0.9046505376715775,-0.2844249904155731,-2.5344250202178955,attack,Yes
2378,1,1,0.8933094003735664,-0.22108560800552368,-2.346085548400879,attack,Yes
2379,1,0,0.015906391478561197,-4.235926628112793,-0.11092661321163177,attack,No
2380,1,0,0.007577241660050344,-4.953265190124512,-0.0782652422785759,attack,No
2381,1,0,0.16451645880021026,-1.9710415601730347,-0.3460415303707123,attack,No
2382,1,0,0.009708477699210249,-4.744041919708252,-0.1190420463681221,attack,No
2383,1,0,0.18242552825126704,-1.8301880359649658,-0.3301880657672882,attack,No
2384,1,0,0.029312234143221275,-3.6316232681274414,-0.13162338733673096,attack,No
2385,1,0,0.017986206540559057,-4.185970783233643,-0.18597058951854706,attack,No
2386,1,0,0.01590639474411069,-4.18990421295166,-0.06490440666675568,attack,No
2387,1,0,0.042087730919421175,-3.272658109664917,-0.14765818417072296,attack,No
2388,1,0,0.02931223202330563,-3.643059253692627,-0.14305929839611053,attack,No
2389,1,0,0.03732688627322502,-3.4037177562713623,-0.15371772646903992,attack,No
2390,1,1,0.8519527982093668,-0.29519394040107727,-2.045193910598755,attack,Yes
2391,1,0,0.02595735569077852,-3.9954426288604736,-0.37044256925582886,attack,No
2392,1,0,0.2942149845400438,-1.3967170715332031,-0.5217171311378479,attack,No
2393,1,0,0.03308598172565655,-3.576948642730713,-0.20194874703884125,attack,No
2394,1,0,0.04208773001828046,-3.2406747341156006,-0.11567478626966476,attack,No
2395,1,0,0.01243165103612894,-4.490321636199951,-0.11532165110111237,attack,No
2396,1,1,0.6224593312018546,-0.6401431560516357,-1.1401431560516357,attack,Yes
2397,1,0,0.005911067717949184,-5.196411609649658,-0.07141141593456268,attack,No
2398,1,0,0.0953494648991095,-2.503247022628784,-0.2532470226287842,attack,No
2399,1,0,0.06754669489377622,-2.8145339488983154,-0.1895340085029602,attack,No
2400,1,0,0.0024726233587809717,-6.045831203460693,-0.045831285417079926,attack,No
2401,1,0,0.0009110510757213185,-7.031937599182129,-0.03193746879696846,attack,No
2402,1,0,0.006692850825221093,-5.082257270812988,-0.08225725591182709,attack,No
2403,1,0,0.20181323186177208,-1.7794876098632812,-0.404487669467926,attack,No
2404,1,0,0.012431651676429884,-4.499824523925781,-0.12482459098100662,attack,No
2405,1,0,0.09534945975773548,-2.536200761795044,-0.28620070219039917,attack,No
2406,1,0,0.02297736857193652,-3.8852555751800537,-0.13525551557540894,attack,No
2407,1,1,0.5926665855647394,-0.7120469212532043,-1.0870468616485596,attack,Yes
2408,1,1,0.8354835493924953,-0.4078575670719147,-2.032857656478882,attack,Yes
2409,1,0,0.40733341443526055,-1.1097931861877441,-0.7347932457923889,attack,No
2410,1,0,0.00669285052802981,-5.09897518157959,-0.09897512197494507,attack,No
2411,1,0,0.037326884131416216,-3.4060218334198,-0.15602174401283264,attack,No
2412,1,0,0.14804718675485834,-2.028931140899658,-0.27893105149269104,attack,No
2413,1,0,0.04208772791561884,-3.2798750400543213,-0.1548750400543213,attack,No
2414,1,0,0.01098694400690851,-4.584602355957031,-0.0846024826169014,attack,No
2415,1,0,0.017986206408961668,-4.119208812713623,-0.11920861154794693,attack,No
2416,1,0,0.010986943683069595,-4.598519802093506,-0.09851989895105362,attack,No
2417,1,0,0.10669060530721626,-2.559053421020508,-0.43405354022979736,attack,No
2418,1,0,0.0028009269255008114,-5.975683689117432,-0.10068367421627045,attack,No
2419,1,0,0.002472623119880922,-6.062354564666748,-0.06235454976558685,attack,No
2420,1,0,0.015906391478561197,-4.290367603302002,-0.16536758840084076,attack,No
2421,1,0,0.029312230327373224,-3.6467907428741455,-0.14679072797298431,attack,No
2422,1,0,0.20181322226037882,-1.7097218036651611,-0.33472180366516113,attack,No
2423,1,0,0.32082130082460697,-1.3129335641860962,-0.5629335641860962,attack,No
2424,1,0,0.3208213138121609,-1.3282153606414795,-0.5782154202461243,attack,No
2425,1,0,0.042087725512577126,-3.257542371749878,-0.13254231214523315,attack,No
2426,1,0,0.14804718675485834,-2.041595458984375,-0.29159536957740784,attack,No
2427,1,0,0.4378235137849365,-1.1085216999053955,-0.8585217595100403,attack,No
2428,1,0,0.00591107012588035,-5.211578369140625,-0.08657858520746231,attack,No
2429,1,0,0.007577241211833736,-4.949657917022705,-0.07465790957212448,attack,No
2430,1,0,0.022977371248114782,-3.8754122257232666,-0.12541228532791138,attack,No
2431,1,0,0.015906395210617815,-4.210739612579346,-0.08573983609676361,attack,No
2432,1,1,0.8670357494949105,-0.3648088872432709,-2.2398087978363037,attack,Yes
2433,1,1,0.5621764862150634,-0.7708814740180969,-1.0208814144134521,attack,Yes
2434,1,0,0.03732688680867724,-3.394144296646118,-0.14414428174495697,attack,No
2435,1,0,0.009708476051684862,-4.704197883605957,-0.07919783890247345,attack,No
2436,1,0,0.0013250224566495835,-6.699489593505859,-0.07448962330818176,attack,No
2437,1,1,0.9149009619539553,-0.29499736428260803,-2.669997453689575,attack,Yes
2438,1,0,0.004609571564032047,-5.457792282104492,-0.08279214799404144,attack,No
2439,1,0,0.017986208646117444,-4.1352128982543945,-0.13521282374858856,attack,No
2440,1,0,0.014063626733319769,-4.365285873413086,-0.11528585106134415,attack,No
2441,1,0,0.0675466845698721,-2.8038227558135986,-0.17882265150547028,attack,No
2442,1,0,0.24508501313237172,-1.5486069917678833,-0.4236069917678833,attack,No
2443,1,1,0.7549149813536518,-0.4221079647541046,-1.5471079349517822,attack,Yes
2444,1,0,0.0953494738965146,-2.433441638946533,-0.18344174325466156,attack,No
2445,1,1,0.6513548782017746,-0.5503293871879578,-1.1753294467926025,attack,Yes
2446,1,0,0.008577486300739193,-4.832849979400635,-0.08285008370876312,attack,No
2447,1,0,0.010986944735546109,-4.692485809326172,-0.1924860030412674,attack,No
2448,1,0,0.04208773272170267,-3.3316264152526855,-0.2066265344619751,attack,No
2449,1,0,0.08509905080783367,-2.6112849712371826,-0.2362850457429886,attack,No
2450,1,0,0.02595735719779685,-3.75988507270813,-0.13488507270812988,attack,No
2451,1,0,0.008577487061048297,-4.832895755767822,-0.08289594948291779,attack,No
2452,1,0,0.004609571769146091,-5.436410903930664,-0.0614108145236969,attack,No
2453,1,0,0.005220126583427116,-5.350997447967529,-0.10099761933088303,attack,No
2454,1,0,0.02297736823741426,-3.892327308654785,-0.1423272341489792,attack,No
2455,1,0,0.06754668550840877,-2.8023948669433594,-0.1773947775363922,attack,No
2456,1,0,0.014063627249862615,-4.341011047363281,-0.09101106226444244,attack,No
2457,1,1,0.9149009549929797,-0.22643089294433594,-2.601430892944336,attack,Yes
2458,1,0,0.01798620693535124,-4.088544845581055,-0.08854467421770096,attack,No
2459,1,1,0.6224593171945417,-0.7464070916175842,-1.2464070320129395,attack,Yes
2460,1,0,0.22270014398423357,-1.6776885986328125,-0.4276886284351349,attack,No
2461,1,0,0.014063628799491258,-4.329577922821045,-0.07957804948091507,attack,No
2462,1,0,0.00857748452668487,-4.841916084289551,-0.09191597998142242,attack,No
2463,1,0,0.07585818315512395,-2.6864917278289795,-0.18649177253246307,attack,No
2464,1,0,0.3775406547908327,-1.1880366802215576,-0.6880366206169128,attack,No
2465,1,0,0.012431648566397039,-4.497841835021973,-0.12284164875745773,attack,No
2466,1,0,0.014063626113468383,-4.335278511047363,-0.08527844399213791,attack,No
2467,1,0,0.00857748566714832,-4.837522983551025,-0.08752301335334778,attack,No
2468,1,0,0.1480472055495773,-2.0930027961730957,-0.3430028557777405,attack,No
2469,1,0,0.05340333507274787,-2.9990036487579346,-0.12400375306606293,attack,No
2470,1,0,0.004609572572509522,-5.431366920471191,-0.05636700615286827,attack,No
2471,1,0,0.2689414213699951,-1.5804604291915894,-0.5804604291915894,attack,No
2472,1,0,0.07585818211049715,-2.701586961746216,-0.2015869915485382,attack,No
2473,1,0,0.020332353342658753,-3.989536762237549,-0.11453676223754883,attack,No
2474,1,0,0.11920292515117029,-2.2833564281463623,-0.2833564579486847,attack,No
2475,1,0,0.0015011819161164111,-6.541170597076416,-0.04117036983370781,attack,No
2476,1,0,0.005220126467357275,-5.320762634277344,-0.07076278328895569,attack,No
2477,1,0,0.022977365895758564,-4.085026264190674,-0.3350260853767395,attack,No
2478,1,0,0.09534946232842245,-2.504260301589966,-0.25426027178764343,attack,No
2479,1,0,0.007577242052239898,-4.924413681030273,-0.049413785338401794,attack,No
2480,1,0,0.4073334000459302,-1.0582228899002075,-0.6832228899002075,attack,No
2481,1,0,0.01590639299470909,-4.215871334075928,-0.0908714160323143,attack,No
2482,1,0,0.005911068681121534,-5.1943840980529785,-0.06938406825065613,attack,No
2483,1,0,0.015906390895427426,-4.242100238800049,-0.11710018664598465,attack,No
2484,1,0,0.00970847519210651,-4.70937442779541,-0.08437429368495941,attack,No
2485,1,0,0.03308597576681317,-3.4983251094818115,-0.12332502752542496,attack,No
2486,1,0,0.34864513533394575,-1.2233858108520508,-0.5983858108520508,attack,No
2487,1,0,0.017986209172507078,-4.1005635261535645,-0.10056348145008087,attack,No
2488,1,0,0.02931222863144092,-3.636291027069092,-0.13629095256328583,attack,No
2489,1,0,0.10669059820623795,-2.3489887714385986,-0.22398881614208221,attack,No
2490,1,0,0.2942149597859341,-1.3604991436004639,-0.4854990839958191,attack,No
2491,1,0,0.007577240707590084,-4.9883551597595215,-0.11335508525371552,attack,No
2492,1,0,0.007577241940185738,-4.98475456237793,-0.10975465178489685,attack,No
2493,1,0,0.3208212878370535,-1.2907824516296387,-0.5407823920249939,attack,No
2494,1,0,0.008577483893094128,-4.8584885597229,-0.10848838090896606,attack,No
2495,1,0,0.008577485445391525,-4.806971549987793,-0.05697155371308327,attack,No
2496,1,1,0.817574471748733,-0.49468889832496643,-1.994688868522644,attack,Yes
2497,1,0,0.01243164902375476,-4.465878963470459,-0.09087881445884705,attack,No
2498,1,0,0.34864513533394575,-1.2233858108520508,-0.5983858108520508,attack,No
2499,1,0,0.29421497216298875,-1.395285725593567,-0.5202857255935669,attack,No
2500,1,0,0.01590639066217393,-4.20762825012207,-0.08262818306684494,attack,No
2501,1,1,0.9706877692486436,-0.17806482315063477,-3.6780648231506348,attack,Yes
2502,1,0,0.022977369575503337,-3.875089406967163,-0.1250893920660019,attack,No
2503,1,0,0.1480471980316895,-2.048369884490967,-0.2983698844909668,attack,No
2504,1,0,0.2689414096510108,-1.4526770114898682,-0.4526769518852234,attack,No
2505,1,0,0.08509904848750824,-2.5603458881378174,-0.18534593284130096,attack,No
2506,1,0,0.02297736991002561,-3.906045913696289,-0.15604591369628906,attack,No
2507,1,1,0.5926665999540697,-0.6072971224784851,-0.9822971224784851,attack,Yes
2508,1,0,0.025957356444287677,-3.7081780433654785,-0.08317801356315613,attack,No
2509,1,0,0.09534946232842245,-2.478224515914917,-0.2282244861125946,attack,No
2510,1,0,0.014063626836628337,-4.36464786529541,-0.11464785039424896,attack,No
2511,1,0,0.008577487187766488,-4.8121466636657715,-0.0621468722820282,attack,No
2512,1,0,0.005220124997139505,-5.34188175201416,-0.09188161790370941,attack,No
2513,1,0,0.004609572692159406,-5.43931245803833,-0.06431256979703903,attack,No
2514,1,0,0.04742587250438209,-3.1865909099578857,-0.18659089505672455,attack,No
2515,1,1,0.9626731094431571,-0.20173296332359314,-3.451732873916626,attack,Yes
2516,1,0,0.015906390195666933,-4.220292091369629,-0.09529199451208115,attack,No
2517,1,0,0.03308598029553404,-3.6451611518859863,-0.2701612114906311,attack,No
2518,1,0,0.0534033354493853,-2.9920027256011963,-0.11700283735990524,attack,No
2519,1,0,0.010986940687560063,-4.603678226470947,-0.10367804765701294,attack,No
2520,1,0,0.04208772431105632,-3.2772607803344727,-0.1522606909275055,attack,No
2521,1,0,0.007577240371427665,-5.000272750854492,-0.12527263164520264,attack,No
2522,1,0,0.07585817688736327,-2.691154956817627,-0.19115491211414337,attack,No
2523,1,0,0.015906392528202036,-4.238722801208496,-0.11372285336256027,attack,No
2524,1,0,0.005220125577488575,-5.349601745605469,-0.09960172325372696,attack,No
2525,1,0,0.017986210883273495,-4.121889114379883,-0.12188916653394699,attack,No
2526,1,0,0.02297736756836975,-3.84478759765625,-0.09478749334812164,attack,No
2527,1,0,0.16451646699291617,-1.9968376159667969,-0.37183764576911926,attack,No
2528,1,0,0.13296424019782924,-2.1339271068573,-0.2589271068572998,attack,No
2529,1,1,0.8354835371034369,-0.46874475479125977,-2.0937447547912598,attack,Yes
2530,1,0,0.017986212330845203,-4.106967926025391,-0.10696806013584137,attack,No
2531,1,0,0.009708476553105604,-4.7323832511901855,-0.10738325864076614,attack,No
2532,1,0,0.1066905854244781,-2.4668805599212646,-0.3418804705142975,attack,No
2533,1,0,0.11920292202211755,-2.268819808959961,-0.26881980895996094,attack,No
2534,1,0,0.005911068308986744,-5.178888320922852,-0.0538882277905941,attack,No
2535,1,0,0.007577240259373531,-4.9569411277771,-0.08194099366664886,attack,No
2536,1,0,0.015906393344589397,-4.2621870040893555,-0.13718710839748383,attack,No
2537,1,0,0.053403333566198224,-3.117154598236084,-0.24215467274188995,attack,No
2538,1,0,0.04742587721667508,-3.138368606567383,-0.13836869597434998,attack,No
2539,1,0,0.0021827164777991977,-6.217820167541504,-0.0928201824426651,attack,No
2540,1,0,0.007577241043752515,-4.971688747406006,-0.09668871760368347,attack,No
2541,1,0,0.009708477269420993,-4.729874134063721,-0.10487421602010727,attack,No
2542,1,0,0.010986942225794586,-4.6011834144592285,-0.10118337720632553,attack,No
2543,1,0,0.02931223265928031,-3.612394094467163,-0.11239416152238846,attack,No
2544,1,0,0.09534946875514017,-2.46360182762146,-0.21360187232494354,attack,No
2545,1,0,0.006692852187347965,-5.053459167480469,-0.05345935747027397,attack,No
2546,1,0,0.004609573119480448,-5.436388969421387,-0.061389174312353134,attack,No
2547,1,0,0.09534945975773548,-2.502448320388794,-0.25244826078414917,attack,No
2548,1,0,0.004070138380328358,-5.62841272354126,-0.1284128874540329,attack,No
2549,1,0,0.04742587654349034,-3.165405511856079,-0.16540558636188507,attack,No
2550,1,0,0.09534947261117097,-2.5090577602386475,-0.2590578496456146,attack,No
2551,1,0,0.012431651493486755,-4.446203231811523,-0.07120328396558762,attack,No
2552,1,1,0.7310585903489892,-0.503879725933075,-1.5038797855377197,attack,Yes
2553,1,1,0.6224593452091672,-0.6295625567436218,-1.1295626163482666,attack,Yes
2554,1,0,0.015906389379279733,-4.4734344482421875,-0.34843429923057556,attack,No
2555,1,0,0.014063626630011202,-4.351611137390137,-0.10161110758781433,attack,No
2556,1,0,0.04742587250438209,-3.1867332458496094,-0.18673323094844818,attack,No
2557,1,0,0.02595736021183377,-4.007188320159912,-0.38218843936920166,attack,No
2558,1,0,0.014063627973022628,-4.323554992675781,-0.07355505973100662,attack,No
2559,1,0,0.00591107012588035,-5.1900458335876465,-0.0650460496544838,attack,No
2560,1,1,0.880797081106935,-0.3109991252422333,-2.3109991550445557,attack,Yes
2561,1,0,0.04208772671409796,-3.3555469512939453,-0.23054692149162292,attack,No
2562,1,0,0.03308597624352061,-3.47658371925354,-0.10158365219831467,attack,No
2563,1,0,0.010986941740036291,-4.589514255523682,-0.08951417356729507,attack,No
2564,1,0,0.007577239474994629,-4.982654571533203,-0.10765433311462402,attack,No
2565,1,0,0.0046095714956607,-5.445457458496094,-0.07045730948448181,attack,No
2566,1,0,0.16451646699291617,-1.969436526298523,-0.34443655610084534,attack,No
2567,1,0,0.0085774847167621,-4.835710048675537,-0.08570996671915054,attack,No
2568,1,0,0.03308597886541159,-3.5161712169647217,-0.14117123186588287,attack,No
2569,1,0,0.002182716088351026,-6.177724838256836,-0.052724674344062805,attack,No
2570,1,0,0.00857748525531428,-4.808298110961914,-0.05829809233546257,attack,No
2571,1,0,0.04208772431105632,-3.266782283782959,-0.14178219437599182,attack,No
2572,1,0,0.007577239867184069,-4.953497886657715,-0.07849770039319992,attack,No
2573,1,0,0.033085978388704126,-3.4852383136749268,-0.11023831367492676,attack,No
2574,1,1,0.8354835411997897,-0.4386133849620819,-2.0636134147644043,attack,Yes
2575,1,1,0.5926665855647394,-0.7129600644111633,-1.0879600048065186,attack,Yes
2576,1,0,0.009708476696368677,-4.714537143707275,-0.08953716605901718,attack,No
2577,1,0,0.08509904500702024,-2.8968026638031006,-0.5218026638031006,attack,No
2578,1,1,0.5621765008857981,-0.7339816093444824,-0.9839816093444824,attack,Yes
2579,1,0,0.004070137534687356,-5.599144458770752,-0.09914441406726837,attack,No
2580,1,0,0.00970847490558041,-4.716750621795654,-0.09175045788288116,attack,No
2581,1,0,0.004609573239130345,-5.4715895652771,-0.09658979624509811,attack,No
2582,1,0,0.02033235452992065,-3.9629321098327637,-0.08793216943740845,attack,No
2583,1,0,0.08509905312815914,-2.5466978549957275,-0.1716979593038559,attack,No
2584,1,0,0.04742587250438209,-3.1865909099578857,-0.18659089505672455,attack,No
2585,1,0,0.5,-0.8508790135383606,-0.8508790135383606,attack,No
2586,1,0,0.11920293453832885,-2.3444576263427734,-0.344457745552063,attack,No
2587,1,0,0.012431653505861328,-4.467189311981201,-0.09218952804803848,attack,No
2588,1,1,0.5312093733737563,-0.8590697050094604,-0.9840697050094604,attack,Yes
2589,1,0,0.015906392644828796,-4.216302871704102,-0.09130293130874634,attack,No
2590,1,0,0.04742587385075148,-3.141108989715576,-0.14110900461673737,attack,No
2591,1,0,0.14804718675485834,-2.0535197257995605,-0.3035196363925934,attack,No
2592,1,0,0.015906392878082327,-4.1966681480407715,-0.07166822254657745,attack,No
2593,1,0,0.10669060388702058,-2.3548965454101562,-0.2298966497182846,attack,No
2594,1,0,0.5,-0.9302279949188232,-0.9302279949188232,attack,No
2595,1,0,0.07585817688736327,-2.7225773334503174,-0.2225772887468338,attack,No
2596,1,0,0.32082130082460697,-1.356406807899475,-0.6064068078994751,attack,No
2597,1,0,0.14804718675485834,-2.1056265830993652,-0.35562649369239807,attack,No
2598,1,0,0.004070137202471295,-5.5823211669921875,-0.08232104033231735,attack,No
2599,1,0,0.007577239923211134,-5.0118279457092285,-0.1368277668952942,attack,No
2600,1,0,0.008577486490816461,-4.836762428283691,-0.08676255494356155,attack,No
2601,1,0,0.01798620838292263,-4.129178047180176,-0.12917795777320862,attack,No
2602,1,0,0.025957360023456458,-3.7498672008514404,-0.12486731261014938,attack,No
2603,1,0,0.006692850082242913,-5.107954025268555,-0.10795389860868454,attack,No
2604,1,0,0.0534033328129234,-3.0233800411224365,-0.1483801007270813,attack,No
2605,1,0,0.05340332452690107,-3.0789644718170166,-0.20396436750888824,attack,No
2606,1,0,0.014063628592874095,-4.334946155548096,-0.08494626730680466,attack,No
2607,1,0,0.22270013882530884,-1.6464591026306152,-0.39645910263061523,attack,No
2608,1,0,0.003172682642196871,-5.800296306610107,-0.05029624328017235,attack,No
2609,1,1,0.9465966702001757,-0.19978809356689453,-3.0747880935668945,attack,Yes
2610,1,0,0.002800927279272204,-5.94035005569458,-0.06535016745328903,attack,No
2611,1,0,0.08509904036636974,-2.6058952808380127,-0.23089522123336792,attack,No
2612,1,0,0.0675466911396291,-2.8004393577575684,-0.17543935775756836,attack,No
2613,1,1,0.6513548646660542,-0.5770105123519897,-1.2020105123519897,attack,Yes
2614,1,0,0.01406362570023414,-4.345118999481201,-0.09511890262365341,attack,No
2615,1,0,0.012431650487299585,-4.499993801116943,-0.12499377131462097,attack,No
2616,1,0,0.0035936019678213344,-5.688194274902344,-0.06319410353899002,attack,No
2617,1,0,0.00669285191492257,-5.083306312561035,-0.0833064615726471,attack,No
2618,1,0,0.16451646699291617,-1.9491088390350342,-0.32410886883735657,attack,No
2619,1,0,0.04742586913845881,-3.1773605346679688,-0.1773604452610016,attack,No
2620,1,0,0.020332354381512912,-3.977597236633301,-0.10259728878736496,attack,No
2621,1,0,0.02033235482673614,-4.019807815551758,-0.14480789005756378,attack,No
2622,1,0,0.004070136840053805,-5.547288417816162,-0.0472882017493248,attack,No
2623,1,0,0.3486451217982255,-1.2490284442901611,-0.6240283846855164,attack,No
2624,1,0,0.0259573558791558,-3.7371926307678223,-0.11219257861375809,attack,No
2625,1,0,0.01590639101205418,-4.211561679840088,-0.08656163513660431,attack,No
2626,1,1,0.5926665999540697,-0.9293200969696045,-1.3043200969696045,attack,Yes
2627,1,0,0.012431652682617146,-4.503932952880859,-0.1289331018924713,attack,No
2628,1,0,0.11920292984474948,-2.2209153175354004,-0.22091539204120636,attack,No
2629,1,0,0.029312229903390143,-3.752512216567993,-0.2525121867656708,attack,No
2630,1,0,0.01406362559692558,-4.340041160583496,-0.09004105627536774,attack,No
2631,1,1,0.7772998611746911,-0.44284796714782715,-1.6928479671478271,attack,Yes
2632,1,0,0.10669059394565118,-2.3464343547821045,-0.2214343547821045,attack,No
2633,1,0,0.004070138652141575,-5.562614917755127,-0.06261514872312546,attack,No
2634,1,0,0.03308597505175204,-3.5548641681671143,-0.1798640638589859,attack,No
2635,1,0,0.1329642333263228,-2.2669835090637207,-0.3919834494590759,attack,No
2636,1,0,0.05340333431947304,-3.0455052852630615,-0.1705053746700287,attack,No
2637,1,0,0.042087729117139754,-3.3015005588531494,-0.1765005886554718,attack,No
2638,1,0,0.01098694125427802,-4.598240852355957,-0.09824072569608688,attack,No
2639,1,0,0.09534947261117097,-2.4554355144500732,-0.2054356038570404,attack,No
2640,1,1,0.5312093733737563,-1.042929768562317,-1.167929768562317,attack,Yes
2641,1,0,0.014063625183691352,-4.343001842498779,-0.09300170838832855,attack,No
2642,1,0,0.40733341443526055,-1.1416022777557373,-0.7666023373603821,attack,No
2643,1,0,0.029312231175339414,-3.6196954250335693,-0.11969543993473053,attack,No
2644,1,0,0.13296423676207594,-2.1411306858062744,-0.266130656003952,attack,No
2645,1,0,0.004070138410529827,-5.576369762420654,-0.07636993378400803,attack,No
2646,1,0,0.46879062662624377,-0.9672927260398865,-0.8422927260398865,attack,No
2647,1,0,0.0035936018611085183,-5.687546253204346,-0.06254605203866959,attack,No
2648,1,0,0.025957359081569886,-3.7709505558013916,-0.14595063030719757,attack,No
2649,1,0,0.0019267346919827415,-6.313854694366455,-0.06385470926761627,attack,No
2650,1,0,0.014063625390308462,-4.3799848556518555,-0.12998473644256592,attack,No
2651,1,0,0.07585818524437762,-2.6664109230041504,-0.16641099750995636,attack,No
2652,1,0,0.01098694441170717,-4.638293266296387,-0.13829343020915985,attack,No
2653,1,0,0.009708474332528234,-4.762019157409668,-0.13701893389225006,attack,No
2654,1,0,0.24508501313237172,-1.595330834388733,-0.4703308343887329,attack,No
2655,1,0,0.01098694352115014,-4.584442138671875,-0.08444222062826157,attack,No
2656,1,0,0.012431653139975017,-4.4846415519714355,-0.10964173823595047,attack,No
2657,1,0,0.02033235156176603,-4.023613452911377,-0.1486133635044098,attack,No
2658,1,0,0.2018132174596823,-1.7481776475906372,-0.3731776177883148,attack,No
2659,1,0,0.009708474833948886,-4.6903581619262695,-0.0653579905629158,attack,No
2660,1,0,0.014063627043245474,-4.389262676239014,-0.13926267623901367,attack,No
2661,1,0,0.03308598077224154,-3.534860372543335,-0.15986044704914093,attack,No
2662,1,0,0.06008664933244599,-2.939439535140991,-0.18943952023983002,attack,No
2663,1,0,0.03308597934211908,-3.524245023727417,-0.14924505352973938,attack,No
2664,1,1,0.9820137910906878,-0.15335220098495483,-4.1533522605896,attack,Yes
2665,1,0,0.020332352897435558,-3.988710641860962,-0.11371061950922012,attack,No
2666,1,0,0.0059110695567328965,-5.2456207275390625,-0.12062084674835205,attack,No
2667,1,0,0.40733341443526055,-1.0442941188812256,-0.6692941784858704,attack,No
2668,1,0,0.13296424019782924,-2.2004899978637695,-0.32548999786376953,attack,No
2669,1,0,0.022977371080853633,-3.8655171394348145,-0.11551719158887863,attack,No
2670,1,0,0.16451645470385742,-1.9605565071105957,-0.3355564475059509,attack,No
2671,1,0,0.03308597552845946,-3.502225875854492,-0.12722578644752502,attack,No
2672,1,0,0.1066905911052601,-2.446040153503418,-0.3210401237010956,attack,No
2673,1,0,0.042087725512577126,-3.267341136932373,-0.14234107732772827,attack,No
2674,1,0,0.06754668550840877,-2.82804799079895,-0.20304790139198303,attack,No
2675,1,0,0.0010322308216369478,-6.938154697418213,-0.06315448880195618,attack,No
2676,1,0,0.006692851815858792,-5.109524726867676,-0.10952486097812653,attack,No
2677,1,0,0.0028009263324135785,-5.930837631225586,-0.05583740398287773,attack,No
2678,1,0,0.04742586913845881,-3.155543088912964,-0.1555429995059967,attack,No
2679,1,0,0.01798621154126062,-4.1111226081848145,-0.11112269759178162,attack,No
2680,1,0,0.0075772399792382,-4.987316131591797,-0.11231596022844315,attack,No
2681,1,0,0.29421497216298875,-1.471259593963623,-0.596259593963623,attack,No
2682,1,0,0.004070138078313694,-5.564595699310303,-0.0645957887172699,attack,No
2683,1,0,0.01098694400690851,-4.584602355957031,-0.0846024826169014,attack,No
2684,1,0,0.005911068571670123,-5.187466144561768,-0.0624660961329937,attack,No
2685,1,0,0.22270013366638422,-1.6896920204162598,-0.4396919906139374,attack,No
2686,1,0,0.006692850676625449,-5.109772205352783,-0.10977216809988022,attack,No
2687,1,0,0.010986943359230686,-4.58124303817749,-0.0812431052327156,attack,No
2688,1,0,0.01590639101205418,-4.252684116363525,-0.1276840716600418,attack,No
2689,1,0,0.025957355125646668,-3.739677906036377,-0.11467782407999039,attack,No
2690,1,0,0.3486451217982255,-1.4626755714416504,-0.8376755118370056,attack,No
2691,1,0,0.020332353491066484,-3.999380350112915,-0.12438035756349564,attack,No
2692,1,1,0.8354835330070839,-0.351728230714798,-1.9767282009124756,attack,Yes
2693,1,0,0.009708474260896714,-4.713688373565674,-0.08868814259767532,attack,No
2694,1,0,0.0031726822534019366,-5.810776710510254,-0.06077652424573898,attack,No
2695,1,0,0.007577241211833736,-4.981497287750244,-0.10649728029966354,attack,No
2696,1,0,0.0124316492981694,-4.446526527404785,-0.07152640074491501,attack,No
2697,1,0,0.025957357951306048,-3.771385669708252,-0.14638569951057434,attack,No
2698,1,0,0.010986943440190413,-4.565370082855225,-0.06537015736103058,attack,No
2699,1,0,0.01798621417320936,-4.123900413513184,-0.1239006519317627,attack,No
2700,1,0,0.05340332603345051,-3.062844753265381,-0.1878446787595749,attack,No
2701,1,1,0.8354835411997897,-0.35033854842185974,-1.9753385782241821,attack,Yes
2702,1,0,0.022977369240981062,-3.853569746017456,-0.10356971621513367,attack,No
2703,1,0,0.03732688359596404,-3.405447483062744,-0.15544737875461578,attack,No
2704,1,0,0.037326890021390696,-3.3626482486724854,-0.11264832317829132,attack,No
2705,1,0,0.0850990542883219,-2.5635581016540527,-0.18855822086334229,attack,No
2706,1,0,0.03308597576681317,-3.4777309894561768,-0.10273090749979019,attack,No
2707,1,0,0.004609571734960417,-5.490937232971191,-0.11593713611364365,attack,No
2708,1,0,0.4378234991142019,-0.9709649085998535,-0.7209649085998535,attack,No
2709,1,0,0.020332351264950595,-3.9675920009613037,-0.09259189665317535,attack,No
2710,1,0,0.012431648932283214,-4.478672504425049,-0.10367234796285629,attack,No
2711,1,0,0.005220125964387991,-5.322334289550781,-0.07233434170484543,attack,No
2712,1,0,0.006692850949050797,-5.053940296173096,-0.053940299898386,attack,No
2713,1,1,0.8807970779778823,-0.2788851261138916,-2.2788851261138916,attack,Yes
2714,1,0,0.02931223244728875,-3.6441237926483154,-0.1441238522529602,attack,No
2715,1,0,0.014063627353171185,-4.371034622192383,-0.1210346445441246,attack,No
2716,1,0,0.022977370244547896,-3.841249704360962,-0.09124971926212311,attack,No
2717,1,0,0.0031726835258219,-5.820698261260986,-0.07069847732782364,attack,No
2718,1,0,0.34864513533394575,-1.2098780870437622,-0.5848780870437622,attack,No
2719,1,0,0.03308597791199666,-3.534135103225708,-0.15913508832454681,attack,No
2720,1,0,0.2018132270610754,-1.7975058555603027,-0.4225058853626251,attack,No
2721,1,0,0.020332353491066484,-3.97654390335083,-0.10154391080141068,attack,No
2722,1,0,0.017986214041611912,-4.103332996368408,-0.10333322733640671,attack,No
2723,1,0,0.02931222947940706,-3.6251702308654785,-0.12517018616199493,attack,No
2724,1,0,0.04742587317756679,-3.163270950317383,-0.1632709503173828,attack,No
2725,1,0,0.07585818315512395,-2.6968510150909424,-0.19685105979442596,attack,No
2726,1,0,0.015906393111335862,-4.274240970611572,-0.14924106001853943,attack,No
2727,1,0,0.4073334000459302,-1.1132806539535522,-0.7382806539535522,attack,No
2728,1,0,0.09534946361376598,-2.4331092834472656,-0.18310926854610443,attack,No
2729,1,0,0.4073334000459302,-1.110445261001587,-0.7354452610015869,attack,No
2730,1,0,0.02931223053936477,-3.6223018169403076,-0.12230180948972702,attack,No
2731,1,0,0.05340332829327471,-3.0917930603027344,-0.216793030500412,attack,No
2732,1,0,0.007577239699102878,-4.999048709869385,-0.12404850125312805,attack,No
2733,1,0,0.010986941335237732,-4.630337238311768,-0.13033711910247803,attack,No
2734,1,0,0.07585818002124356,-2.703735113143921,-0.2037351131439209,attack,No
2735,1,0,0.015906390079040187,-4.234237194061279,-0.10923708975315094,attack,No
2736,1,0,0.020332352897435558,-3.9598617553710938,-0.08486173301935196,attack,No
2737,1,0,0.02297737225168171,-3.897435188293457,-0.1474352926015854,attack,No
2738,1,0,0.10669059678604234,-2.376542806625366,-0.2515428364276886,attack,No
2739,1,0,0.11920292202211755,-2.5851776599884033,-0.5851776599884033,attack,No
2740,1,0,0.014063625080382796,-4.3281989097595215,-0.07819876819849014,attack,No
2741,1,0,0.04742587788985982,-3.1581809520721436,-0.1581810563802719,attack,No
2742,1,1,0.6513548646660542,-0.6137909889221191,-1.2387909889221191,attack,Yes
2743,1,0,0.015906388679519302,-4.251768112182617,-0.12676791846752167,attack,No
2744,1,0,0.0059110693816106135,-5.249776840209961,-0.1247769296169281,attack,No
2745,1,0,0.06008665017400762,-2.901088237762451,-0.15108823776245117,attack,No
2746,1,1,0.754914997895581,-0.535420835018158,-1.6604208946228027,attack,Yes
2747,1,0,0.012431650578771143,-4.48875617980957,-0.11375615745782852,attack,No
2748,1,0,0.006692851122412387,-5.129968166351318,-0.12996819615364075,attack,No
2749,1,0,0.029312229903390143,-3.649745225906372,-0.14974519610404968,attack,No
2750,1,0,0.006692849438328558,-5.119258880615234,-0.11925865709781647,attack,No
2751,1,0,0.01590639229494851,-4.2093505859375,-0.08435062319040298,attack,No
2752,1,0,0.020332349187242645,-4.037863731384277,-0.16286352276802063,attack,No
2753,1,0,0.005220125074519377,-5.329690456390381,-0.07969033718109131,attack,No
2754,1,0,0.00317268257150688,-5.809168338775635,-0.0591682530939579,attack,No
2755,1,0,0.04208773272170267,-3.302927017211914,-0.1779271364212036,attack,No
2756,1,0,0.24508500761839525,-1.5046706199645996,-0.3796705901622772,attack,No
2757,1,0,0.06008664512463808,-2.913020610809326,-0.163020521402359,attack,No
2758,1,0,0.37754066879814546,-1.2100014686584473,-0.7100014686584473,attack,No
2759,1,0,0.009708474833948886,-4.696525573730469,-0.07152540236711502,attack,No
2760,1,0,0.015906390195666933,-4.207032680511475,-0.08203258365392685,attack,No
2761,1,0,0.012431648840811669,-4.478562355041504,-0.10356219112873077,attack,No
2762,1,0,0.0035936024480290474,-5.713315010070801,-0.0883149728178978,attack,No
2763,1,0,0.02033235452992065,-3.9776148796081543,-0.10261493921279907,attack,No
2764,1,0,0.04208772671409796,-3.285609483718872,-0.16060945391654968,attack,No
2765,1,0,0.0019267344842320703,-6.311209201812744,-0.06120910868048668,attack,No
2766,1,0,0.24508501313237172,-1.63588547706604,-0.51088547706604,attack,No
2767,1,0,0.006692850280370419,-5.0884318351745605,-0.08843173831701279,attack,No
2768,1,0,0.004609571700774742,-5.464090824127197,-0.08909071981906891,attack,No
2769,1,0,0.005911068549779841,-5.21358585357666,-0.08858580142259598,attack,No
2770,1,0,0.007577242444429472,-4.9666290283203125,-0.09162918478250504,attack,No
2771,1,0,0.3486451217982255,-1.1929094791412354,-0.5679094195365906,attack,No
2772,1,0,0.017986213120429816,-4.119439601898193,-0.11943978071212769,attack,No
2773,1,0,0.0031726833137518703,-5.795367240905762,-0.04536738991737366,attack,No
2774,1,0,0.005220126622117065,-5.349367141723633,-0.09936732053756714,attack,No
2775,1,0,0.025957354937269386,-3.713120460510254,-0.08812037110328674,attack,No
2776,1,0,0.010986944978425318,-4.600106716156006,-0.10010693222284317,attack,No
2777,1,0,0.2689414096510108,-1.470876693725586,-0.47087663412094116,attack,No
2778,1,0,0.1329642333263228,-2.140799045562744,-0.26579898595809937,attack,No
2779,1,0,0.3486451488696663,-1.206498622894287,-0.5814986824989319,attack,No
2780,1,0,0.005220126080457822,-5.3184990882873535,-0.06849916279315948,attack,No
2781,1,0,0.008577484970198416,-4.854039669036865,-0.10403961688280106,attack,No
2782,1,0,0.017986213778417023,-4.099155426025391,-0.09915564209222794,attack,No
2783,1,0,0.07585818733363135,-2.6712849140167236,-0.171285018324852,attack,No
2784,1,0,0.005911067542826956,-5.215442657470703,-0.09044243395328522,attack,No
2785,1,0,0.042087731520181665,-3.2575907707214355,-0.1325908601284027,attack,No
2786,1,0,0.007577241884158658,-4.980052947998047,-0.10505302995443344,attack,No
2787,1,0,0.012431653597332908,-4.488447666168213,-0.1134478896856308,attack,No
2788,1,0,0.033085981248949035,-3.7563464641571045,-0.38134655356407166,attack,No
2789,1,0,0.1066905854244781,-2.4054923057556152,-0.28049221634864807,attack,No
2790,1,0,0.006692850082242913,-5.071732044219971,-0.07173191756010056,attack,No
2791,1,1,0.7310585786300049,-0.6812028884887695,-1.6812028884887695,attack,Yes
2792,1,0,0.02595735719779685,-3.763986349105835,-0.13898634910583496,attack,No
2793,1,0,0.20181322226037882,-1.7781604528427124,-0.4031604528427124,attack,No
2794,1,0,0.02931222905542399,-3.6241719722747803,-0.1241719126701355,attack,No
2795,1,0,0.3486451488696663,-1.3091228008270264,-0.6841228604316711,attack,No
2796,1,0,0.2689414096510108,-1.5003442764282227,-0.5003442168235779,attack,No
2797,1,0,0.017986206803753842,-4.105037212371826,-0.10503703355789185,attack,No
2798,1,0,0.37754066879814546,-1.1046175956726074,-0.6046175956726074,attack,No
2799,1,0,0.06754668644694548,-2.829744577407837,-0.20474450290203094,attack,No
2800,1,0,0.0040701385313356995,-5.562375068664551,-0.0623752698302269,attack,No
2801,1,0,0.14804720179063335,-2.116083860397339,-0.36608389019966125,attack,No
2802,1,0,0.09534947518185825,-2.5050735473632812,-0.2550736665725708,attack,No
2803,1,0,0.004609573102387605,-5.456815242767334,-0.0818154439330101,attack,No
2804,1,0,0.015906393344589397,-4.237880706787109,-0.11288081109523773,attack,No
2805,1,0,0.006692851964454458,-5.106226921081543,-0.1062270775437355,attack,No
2806,1,1,0.932453315430128,-0.21829785406589508,-2.8432979583740234,attack,Yes
2807,1,0,0.005220126080457822,-5.308425426483154,-0.058425500988960266,attack,No
2808,1,0,0.015906388912772775,-4.27592134475708,-0.15092116594314575,attack,No
2809,1,0,0.025957359835079137,-3.7625303268432617,-0.13753043115139008,attack,No
2810,1,0,0.24508501864634827,-1.5419878959655762,-0.41698792576789856,attack,No
2811,1,0,0.29421497216298875,-1.432297706604004,-0.5572977066040039,attack,No
2812,1,0,0.007577241379914961,-4.947075366973877,-0.07207538187503815,attack,No
2813,1,0,0.020332357794891228,-4.0097808837890625,-0.1347811073064804,attack,No
2814,1,0,0.014063627146554044,-4.32353401184082,-0.07353401929140091,attack,No
2815,1,0,0.07585817897661679,-2.7081716060638428,-0.20817159116268158,attack,No
2816,1,0,0.07585818733363135,-2.7367708683013916,-0.23677097260951996,attack,No
2817,1,0,0.18242552380635632,-1.9972271919250488,-0.49722719192504883,attack,No
2818,1,0,0.02033235423310517,-4.06856107711792,-0.1935611218214035,attack,No
2819,1,0,0.004070136960859632,-5.5614237785339355,-0.061423592269420624,attack,No
2820,1,0,0.012431648840811669,-4.466988563537598,-0.09198839962482452,attack,No
2821,1,0,0.06754669301670263,-2.8234634399414062,-0.19846346974372864,attack,No
2822,1,0,0.014063629625959938,-4.373865604400635,-0.12386579066514969,attack,No
2823,1,0,0.006692850825221093,-5.082446098327637,-0.08244608342647552,attack,No
2824,1,0,0.0085774839564532,-4.839919090270996,-0.08991891890764236,attack,No
2825,1,0,0.01406362570023414,-4.358315944671631,-0.1083158478140831,attack,No
2826,1,0,0.015906393927723257,-4.212551593780518,-0.08755173534154892,attack,No
2827,1,0,0.006692850230838542,-5.119900703430176,-0.11990059912204742,attack,No
2828,1,0,0.03308597576681317,-3.499983549118042,-0.12498346716165543,attack,No
2829,1,0,0.11920291732853862,-2.236123561859131,-0.23612351715564728,attack,No
2830,1,0,0.02033235096813516,-4.006399631500244,-0.1313995122909546,attack,No
2831,1,0,0.06754669489377622,-2.808286666870117,-0.18328672647476196,attack,No
2832,1,0,0.26894141551050293,-1.4863256216049194,-0.48632559180259705,attack,No
2833,1,0,0.01098694327827096,-4.739435195922852,-0.23943525552749634,attack,No
2834,1,0,0.025957359081569886,-3.7922513484954834,-0.16725142300128937,attack,No
2835,1,0,0.03308597743528921,-3.546449661254883,-0.17144963145256042,attack,No
2836,1,0,0.015906394160976806,-4.217340469360352,-0.0923406258225441,attack,No
2837,1,0,0.02595735569077852,-3.9661879539489746,-0.34118789434432983,attack,No
2838,1,0,0.16451647518562237,-2.004162311553955,-0.37916240096092224,attack,No
2839,1,0,0.005911068155754778,-5.2230939865112305,-0.09809386730194092,attack,No
2840,1,0,0.01590639357784294,-4.2514448165893555,-0.12644493579864502,attack,No
2841,1,0,0.01590639042892043,-4.244438171386719,-0.11943808943033218,attack,No
2842,1,0,0.20181323186177208,-1.75956130027771,-0.38456135988235474,attack,No
2843,1,0,0.020332353787881955,-3.9985084533691406,-0.12350847572088242,attack,No
2844,1,0,0.04742587385075148,-3.1825599670410156,-0.18255998194217682,attack,No
2845,1,0,0.06754668926255561,-2.8119683265686035,-0.18696829676628113,attack,No
2846,1,0,0.001169510325978896,-6.808493137359619,-0.05849318951368332,attack,No
2847,1,0,0.0019267345415425984,-6.304419040679932,-0.05441897734999657,attack,No
2848,1,0,0.003172682606851875,-5.815892696380615,-0.06589262187480927,attack,No
2849,1,0,0.009708475478632619,-4.710570335388184,-0.08557023108005524,attack,No
2850,1,0,0.020332351858581475,-3.9877705574035645,-0.11277048289775848,attack,No
2851,1,0,0.06754668832401889,-2.8079402446746826,-0.18294019997119904,attack,No
2852,1,0,0.00757723953102169,-4.958464622497559,-0.08346439152956009,attack,No
2853,1,0,0.2689414330889798,-1.5332612991333008,-0.5332613587379456,attack,No
2854,1,0,0.09534947004048376,-2.4669978618621826,-0.2169979214668274,attack,No
2855,1,0,0.033085981248949035,-3.547724962234497,-0.17272505164146423,attack,No
2856,1,0,0.04208772491181671,-3.2578206062316895,-0.13282053172588348,attack,No
2857,1,0,0.022977370746331334,-3.8540539741516113,-0.10405401140451431,attack,No
2858,1,0,0.07585817584273653,-2.7283761501312256,-0.2283760905265808,attack,No
2859,1,0,0.14804720179063335,-2.0121703147888184,-0.26217034459114075,attack,No
2860,1,0,0.007577242836619065,-4.957334995269775,-0.0823352038860321,attack,No
2861,1,1,0.8519528019683106,-0.28771042823791504,-2.037710428237915,attack,Yes
2862,1,0,0.060086646807761206,-2.980907678604126,-0.2309076189994812,attack,No
2863,1,0,0.020332351264950595,-4.060451507568359,-0.18545140326023102,attack,No
2864,1,0,0.005911069512952324,-5.202770709991455,-0.07777082175016403,attack,No
2865,1,0,0.22270012850745968,-1.646148920059204,-0.3961488604545593,attack,No
2866,1,0,0.06008664596619963,-2.9421803951263428,-0.1921803206205368,attack,No
2867,1,0,0.020332354381512912,-3.976374864578247,-0.10137491673231125,attack,No
2868,1,0,0.06008665606493926,-2.934769630432129,-0.18476973474025726,attack,No
2869,1,0,0.10669059678604234,-2.3663880825042725,-0.24138811230659485,attack,No
2870,1,0,0.40733341443526055,-1.1007835865020752,-0.72578364610672,attack,No
2871,1,0,0.07585817897661679,-2.7023978233337402,-0.20239780843257904,attack,No
2872,1,0,0.00970847855878882,-4.704843997955322,-0.07984421402215958,attack,No
2873,1,0,0.13296425394084313,-2.4057626724243164,-0.530762791633606,attack,No
2874,1,0,0.012431649938470258,-4.501070022583008,-0.12606994807720184,attack,No
2875,1,0,0.007577243004700326,-4.992319107055664,-0.11731933802366257,attack,No
2876,1,0,0.3208212878370535,-1.2620656490325928,-0.512065589427948,attack,No
2877,1,0,0.11920292828022305,-2.3220629692077637,-0.32206302881240845,attack,No
2878,1,0,0.24508502416032488,-1.5695934295654297,-0.44459348917007446,attack,No
2879,1,0,0.004070137172269837,-5.565093994140625,-0.06509386003017426,attack,No
2880,1,0,0.0046095710854326425,-5.425082206726074,-0.05008196830749512,attack,No
2881,1,0,0.025957358328060655,-3.7306969165802,-0.10569696128368378,attack,No
2882,1,0,0.32082130082460697,-1.3653651475906372,-0.6153651475906372,attack,No
2883,1,0,0.4073333856566001,-1.12135648727417,-0.7463564276695251,attack,No
2884,1,0,0.009708475765158738,-4.7273688316345215,-0.10236875712871552,attack,No
2885,1,0,0.07585818628900447,-2.6814050674438477,-0.18140515685081482,attack,No
2886,1,0,0.008577487061048297,-4.819937705993652,-0.06993789970874786,attack,No
2887,1,0,0.007577240763617155,-4.940969467163086,-0.06596940010786057,attack,No
2888,1,0,0.022977370411809046,-3.841914653778076,-0.09191467612981796,attack,No
2889,1,1,0.754914975839675,-0.49254852533340454,-1.6175484657287598,attack,Yes
2890,1,0,0.008577484083171345,-4.824410438537598,-0.07441028207540512,attack,No
2891,1,1,0.6224593452091672,-0.600801408290863,-1.1008014678955078,attack,Yes
2892,1,0,0.2689414213699951,-1.46146559715271,-0.46146559715270996,attack,No
2893,1,0,0.0373268852023206,-3.409466028213501,-0.1594659686088562,attack,No
2894,1,0,0.015906388446265834,-4.234898090362549,-0.10989788174629211,attack,No
2895,1,0,0.40733341443526055,-1.054614782333374,-0.6796148419380188,attack,No
2896,1,0,0.09534947261117097,-2.4867379665374756,-0.23673805594444275,attack,No
2897,1,0,0.042087731520181665,-3.3339662551879883,-0.20896634459495544,attack,No
2898,1,0,0.012431651310543626,-4.463528156280518,-0.08852819353342056,attack,No
2899,1,0,0.009708477770841793,-4.710445880889893,-0.08544601500034332,attack,No
2900,1,0,0.0600866476493228,-2.9097931385040283,-0.15979309380054474,attack,No
2901,1,1,0.5621765008857981,-0.7281673550605774,-0.9781673550605774,attack,Yes
2902,1,0,0.01406362601015982,-4.377949237823486,-0.12794916331768036,attack,No
2903,1,0,0.01098694392594878,-4.573912620544434,-0.07391273975372314,attack,No
2904,1,0,0.3486451488696663,-1.2855217456817627,-0.6605218052864075,attack,No
2905,1,0,0.10669059536584675,-2.372145175933838,-0.24714519083499908,attack,No
2906,1,0,0.015906388213012365,-4.224391937255859,-0.09939171373844147,attack,No
2907,1,0,0.007577240595535943,-4.959242343902588,-0.08424225449562073,attack,No
2908,1,0,0.033085976958581766,-3.5370354652404785,-0.16203542053699493,attack,No
2909,1,0,0.01098694400690851,-4.614660263061523,-0.11466038972139359,attack,No
2910,1,0,0.007577242388402388,-4.95239782333374,-0.07739797234535217,attack,No
2911,1,0,0.06008665354025422,-2.9371039867401123,-0.18710404634475708,attack,No
2912,1,0,0.015906390079040187,-4.257770538330078,-0.13277043402194977,attack,No
2913,1,0,0.012431651676429884,-4.469216823577881,-0.09421689063310623,attack,No
2914,1,0,0.0028009275706133837,-5.9409685134887695,-0.06596872955560684,attack,No
2915,1,0,0.015906390079040187,-4.252519130706787,-0.12751902639865875,attack,No
2916,1,0,0.08509904036636974,-2.632725477218628,-0.25772541761398315,attack,No
2917,1,0,0.0031726825125985543,-5.7949652671813965,-0.04496516287326813,attack,No
2918,1,0,0.010986944492666904,-4.622575759887695,-0.12257593125104904,attack,No
2919,1,0,0.025957355314023947,-3.745652198791504,-0.12065212428569794,attack,No
2920,1,0,0.025957354183760273,-3.7310657501220703,-0.10606563091278076,attack,No
2921,1,1,0.893309401793762,-0.23837952315807343,-2.36337947845459,attack,Yes
2922,1,0,0.4378234991142019,-1.01087486743927,-0.76087486743927,attack,No
2923,1,0,0.04208772431105632,-3.2949745655059814,-0.16997447609901428,attack,No
2924,1,0,0.01243165103612894,-4.499238014221191,-0.1242380291223526,attack,No
2925,1,1,0.9241418220680101,-0.2805480659008026,-2.780548095703125,attack,Yes
2926,1,0,0.02033235096813516,-4.189190864562988,-0.31419074535369873,attack,No
2927,1,1,0.9525741241296944,-0.2139464020729065,-3.2139463424682617,attack,Yes
2928,1,0,0.2942149845400438,-1.3816022872924805,-0.5066023468971252,attack,No
2929,1,0,0.5,-0.8579844832420349,-0.8579844832420349,attack,No
2930,1,0,0.05340333507274787,-3.0577516555786133,-0.18275175988674164,attack,No
2931,1,0,0.11920292515117029,-2.2964303493499756,-0.296430379152298,attack,No
2932,1,0,0.02297736740110863,-3.8665475845336914,-0.11654747277498245,attack,No
2933,1,0,0.009708475335369565,-4.7226104736328125,-0.09761035442352295,attack,No
2934,1,0,0.017986213120429816,-4.1323089599609375,-0.13230913877487183,attack,No
2935,1,0,0.004070137655493202,-5.606662750244141,-0.10666273534297943,attack,No
2936,1,0,0.014063628076331205,-4.331888198852539,-0.08188827335834503,attack,No
2937,1,0,0.007577242444429472,-4.978491306304932,-0.10349146276712418,attack,No
2938,1,0,0.003593602688132928,-5.697637557983398,-0.07263758778572083,attack,No
2939,1,0,0.3775406828054583,-1.2600171566009521,-0.7600172162055969,attack,No
2940,1,0,0.010986941578116865,-4.553577423095703,-0.053577326238155365,attack,No
2941,1,0,0.01098694441170717,-4.570186138153076,-0.0701863020658493,attack,No
2942,1,0,0.03308597743528921,-3.497741937637329,-0.12274190783500671,attack,No
2943,1,0,0.0675466911396291,-2.8441789150238037,-0.2191789150238037,attack,No
2944,1,0,0.34864513533394575,-1.2026780843734741,-0.5776780843734741,attack,No
2945,1,0,0.24508501864634827,-1.607552170753479,-0.4825522005558014,attack,No
2946,1,0,0.07585818419975078,-2.695909261703491,-0.195909321308136,attack,No
2947,1,0,0.00970847598005333,-4.697178363800049,-0.07217831164598465,attack,No
2948,1,0,0.0953494674697966,-2.5828211307525635,-0.33282116055488586,attack,No
2949,1,0,0.007577242836619065,-5.00560998916626,-0.13061019778251648,attack,No
2950,1,0,0.007577240203346464,-4.97764778137207,-0.10264763981103897,attack,No
2951,1,0,0.05340332678672523,-3.0142383575439453,-0.13923829793930054,attack,No
2952,1,0,0.022977371917159397,-3.862661123275757,-0.112661212682724,attack,No
2953,1,0,0.0953494648991095,-2.7004895210266113,-0.45048952102661133,attack,No
2954,1,0,0.007577240651563013,-4.95180606842041,-0.07680598646402359,attack,No
2955,1,0,0.02595735719779685,-3.7665724754333496,-0.1415724754333496,attack,No
2956,1,1,0.979667647844603,-0.25056785345077515,-4.12556791305542,attack,Yes
2957,1,0,0.01243165213378772,-4.500958442687988,-0.12595854699611664,attack,No
2958,1,0,0.01590639124530769,-4.219947338104248,-0.09494730830192566,attack,No
2959,1,0,0.006692850379434174,-5.0839338302612305,-0.0839337483048439,attack,No
2960,1,0,0.009708478057367978,-4.714572429656982,-0.08957259356975555,attack,No
2961,1,0,0.025957357386174145,-3.7203898429870605,-0.09538985043764114,attack,No
2962,1,0,0.008577484399966718,-4.846027374267578,-0.09602725505828857,attack,No
2963,1,0,0.01406362817963978,-4.344117641448975,-0.09411772340536118,attack,No
2964,1,0,0.2018132174596823,-1.769568681716919,-0.39456865191459656,attack,No
2965,1,0,0.09534945718704857,-2.6365325450897217,-0.3865324556827545,attack,No
2966,1,0,0.0085774847167621,-4.855128765106201,-0.1051286831498146,attack,No
2967,1,1,0.9525741301883566,-0.1693994253873825,-3.1693994998931885,attack,Yes
2968,1,0,0.06754668550840877,-2.8540072441101074,-0.22900715470314026,attack,No
2969,1,0,0.07585817584273653,-2.6966493129730225,-0.19664925336837769,attack,No
2970,1,0,0.012431653322918172,-4.4613118171691895,-0.08631201833486557,attack,No
2971,1,0,0.017986206540559057,-4.123970985412598,-0.12397079169750214,attack,No
2972,1,0,0.04742586913845881,-3.1574647426605225,-0.1574646532535553,attack,No
2973,1,0,0.24508501864634827,-1.5611757040023804,-0.43617573380470276,attack,No
2974,1,0,0.007577239474994629,-4.982654571533203,-0.10765433311462402,attack,No
2975,1,0,0.0046095727947164525,-5.446137428283691,-0.07113756239414215,attack,No
2976,1,0,0.1645164628965632,-2.012909412384033,-0.3879094123840332,attack,No
2977,1,0,0.029312230327373224,-3.634117603302002,-0.13411758840084076,attack,No
2978,1,0,0.01243165002994181,-4.474847793579102,-0.09984772652387619,attack,No
2979,1,0,0.025957355314023947,-3.7310950756073,-0.10609500110149384,attack,No
2980,1,1,0.851952809486198,-0.3667580485343933,-2.116758108139038,attack,Yes
2981,1,0,0.00970847490558041,-4.734476089477539,-0.10947592556476593,attack,No
2982,1,0,0.001169510360792258,-6.7940521240234375,-0.044052205979824066,attack,No
2983,1,0,0.014063628386256938,-4.34566593170166,-0.09566602855920792,attack,No
2984,1,0,0.08509904732734556,-2.5297160148620605,-0.15471604466438293,attack,No
2985,1,0,0.042087731520181665,-3.264892339706421,-0.13989242911338806,attack,No
2986,1,0,0.01243165140201519,-4.457108974456787,-0.08210901916027069,attack,No
2987,1,0,0.00857748474844164,-4.8122406005859375,-0.06224052235484123,attack,No
2988,1,0,0.02297736823741426,-3.8671915531158447,-0.11719147861003876,attack,No
2989,1,1,0.6224593452091672,-0.7138699889183044,-1.2138700485229492,attack,Yes
2990,1,0,0.017986212330845203,-4.164938449859619,-0.16493858397006989,attack,No
2991,1,0,0.0017007222216880143,-6.434965133666992,-0.059965021908283234,attack,No
2992,1,0,0.02931222863144092,-3.60837721824646,-0.10837714374065399,attack,No
2993,1,0,0.11920292515117029,-2.3917882442474365,-0.3917882740497589,attack,No
2994,1,0,0.4378235137849365,-1.1362659931182861,-0.8862660527229309,attack,No
2995,1,0,0.006692849636456047,-5.077016353607178,-0.07701615989208221,attack,No
2996,1,0,0.017986206540559057,-4.136503219604492,-0.13650302588939667,attack,No
2997,1,0,0.03308598172565655,-3.512586832046509,-0.13758693635463715,attack,No
2998,1,0,0.012431648932283214,-4.471536159515381,-0.09653600305318832,attack,No
2999,1,0,0.02297736823741426,-3.8884172439575195,-0.13841716945171356,attack,No
3000,0,0,0.0017007224240851069,-6.441247463226318,-0.06624747067689896,attack,No
3001,0,0,0.01798621154126062,-4.105188369750977,-0.10518845915794373,attack,No
3002,0,0,0.004070137353478592,-5.539177894592285,-0.03917780518531799,attack,No
3003,0,0,0.003593602954915036,-5.703296661376953,-0.07829676568508148,attack,No
3004,0,0,0.18242551936144574,-1.8096234798431396,-0.30962345004081726,attack,No
3005,0,0,0.006692851865390681,-5.062588691711426,-0.06258883327245712,attack,No
3006,0,0,0.005220126583427116,-5.338521480560303,-0.08852165192365646,attack,No
3007,0,0,0.02931222905542399,-3.607659101486206,-0.10765904188156128,attack,No
3008,0,0,0.0066928512710080395,-5.090062141418457,-0.09006219357252121,attack,No
3009,0,0,0.007577241660050344,-4.944284915924072,-0.06928496807813644,attack,No
3010,0,0,0.3775406547908327,-1.0905258655548096,-0.5905258059501648,attack,No
3011,0,0,0.003593602688132928,-5.681386470794678,-0.05638650059700012,attack,No
3012,0,0,0.0009110510214679171,-7.041629314422607,-0.0416291244328022,attack,No
3013,0,0,0.008577485033557495,-4.883908271789551,-0.1339082270860672,attack,No
3014,0,0,0.0052201248036898296,-5.32470178604126,-0.07470161467790604,attack,No
3015,0,0,0.01798620890931226,-4.200417518615723,-0.20041745901107788,attack,No
3016,0,0,0.01098694125427802,-4.596600532531738,-0.09660040587186813,attack,No
3017,0,0,0.004609571529846373,-5.444607734680176,-0.06960759311914444,attack,No
3018,0,0,0.002182716185713063,-6.179253578186035,-0.054253458976745605,attack,No
3019,0,0,0.0019267343624472047,-6.311351776123047,-0.06135161966085434,attack,No
3020,0,0,0.22270013882530884,-1.5916672945022583,-0.3416672945022583,attack,No
3021,0,0,0.005911069294049474,-5.218175411224365,-0.0931754857301712,attack,No
3022,0,0,0.005220125500108696,-5.3006205558776855,-0.05062051862478256,attack,No
3023,0,0,0.010986941942435578,-4.559511184692383,-0.05951112136244774,attack,No
3024,0,0,0.0017007221837385621,-6.431549549102783,-0.05654941499233246,attack,No
3025,0,0,0.008577487377843779,-4.822323799133301,-0.07232403010129929,attack,No
3026,0,0,0.009708477914104884,-4.696442127227783,-0.07144227623939514,attack,No
3027,0,0,0.08509904964767095,-2.56654953956604,-0.19154959917068481,attack,No
3028,0,0,0.0011695103129238853,-6.7989349365234375,-0.04893497750163078,attack,No
3029,0,0,0.1329642264548166,-2.1455812454223633,-0.27058112621307373,attack,No
3030,0,0,0.002182716761771867,-6.159984111785889,-0.03498425707221031,attack,No
3031,0,0,0.0024726237446964848,-6.050516128540039,-0.050516366958618164,attack,No
3032,0,0,0.01406362456384003,-4.345143795013428,-0.09514361619949341,attack,No
3033,0,0,0.007577241576009728,-4.933461666107178,-0.05846170708537102,attack,No
3034,0,0,0.0019267342191709017,-6.326661586761475,-0.0766613557934761,attack,No
3035,0,0,0.010986940039882433,-4.572993278503418,-0.07299304008483887,attack,No
3036,0,0,0.017986209830494145,-4.087585926055908,-0.0875859186053276,attack,No
3037,0,0,0.0024726228350385854,-6.039187908172607,-0.039187777787446976,attack,No
3038,0,0,0.002472623285273262,-6.063196182250977,-0.06319623440504074,attack,No
3039,0,0,0.01798621101487092,-4.108187198638916,-0.10818725824356079,attack,No
3040,0,0,0.015906388679519302,-4.196768283843994,-0.07176809012889862,attack,No
3041,0,0,0.025957359081569886,-3.773956298828125,-0.14895637333393097,attack,No
3042,0,0,0.00857748566714832,-4.836894989013672,-0.08689501881599426,attack,No
3043,0,0,0.014063626939936907,-4.312795639038086,-0.06279563158750534,attack,No
3044,0,0,0.0017007222469876495,-6.4166998863220215,-0.041699789464473724,attack,No
3045,0,0,0.005220125848318164,-5.345016002655029,-0.09501603245735168,attack,No
3046,0,0,0.022977368404675395,-3.8443846702575684,-0.09438460320234299,attack,No
3047,0,0,0.022977369742764476,-3.831197500228882,-0.08119749277830124,attack,No
3048,0,0,0.0019267347779485435,-6.306556224822998,-0.05655628442764282,attack,No
3049,0,0,0.0019267346919827415,-6.286198616027832,-0.036198630928993225,attack,No
3050,0,0,0.001169510421715644,-6.834897518157959,-0.08489765226840973,attack,No
3051,0,1,0.7549149923816048,-0.40752848982810974,-1.5325285196304321,attack,Yes
3052,0,1,0.7772998560157665,-0.36652711033821106,-1.6165270805358887,attack,Yes
3053,0,0,0.002800927518588171,-5.918250560760498,-0.043250758200883865,attack,No
3054,0,0,0.0008040860343997244,-7.18489933013916,-0.059899453073740005,attack,No
3055,0,0,0.03732689109229525,-3.3795320987701416,-0.12953220307826996,attack,No
3056,0,0,0.008577483639657844,-4.835428714752197,-0.08542850613594055,attack,No
3057,0,0,0.0021827165183667197,-6.1763529777526855,-0.05135301128029823,attack,No
3058,0,0,0.008577486617534644,-4.838100910186768,-0.08810105174779892,attack,No
3059,0,0,0.003593602461368151,-5.6711554527282715,-0.0461554192006588,attack,No
3060,0,0,0.002472622632892431,-6.042448997497559,-0.04244878515601158,attack,No
3061,0,0,0.06754668644694548,-2.7683002948760986,-0.14330022037029266,attack,No
3062,0,0,0.0024726231382578485,-6.0539469718933105,-0.05394696444272995,attack,No
3063,0,0,0.04742587721667508,-3.192422389984131,-0.19242247939109802,attack,No
3064,0,0,0.32082130082460697,-1.373573899269104,-0.623573899269104,attack,No
3065,0,0,0.0031726826304152057,-5.810704231262207,-0.06070416420698166,attack,No
3066,0,0,0.00407013783670198,-5.540283679962158,-0.04028370976448059,attack,No
3067,0,0,0.03732688573777281,-3.373643159866333,-0.12364311516284943,attack,No
3068,0,0,0.0010322311212654243,-6.912455081939697,-0.03745516389608383,attack,No
3069,0,0,0.03732689055684297,-3.3630831241607666,-0.11308321356773376,attack,No
3070,0,0,0.025957360023456458,-3.713178873062134,-0.08817898482084274,attack,No
3071,0,0,0.0028009269983360944,-5.924063682556152,-0.04906369373202324,attack,No
3072,0,0,0.0024726228717924337,-6.060297966003418,-0.060297850519418716,attack,No
3073,0,0,0.0017007225379334816,-6.446681022644043,-0.07168109714984894,attack,No
3074,0,0,0.0024726235884925795,-6.036074161529541,-0.03607433661818504,attack,No
3075,0,0,0.004609572213559887,-5.437570571899414,-0.06257057934999466,attack,No
3076,0,0,0.006692851667263128,-5.065357208251953,-0.06535732001066208,attack,No
3077,0,0,0.006692849537392301,-5.051578998565674,-0.051578789949417114,attack,No
3078,0,0,0.0035936032350362703,-5.674534320831299,-0.04953450337052345,attack,No
3079,0,0,0.009708474833948886,-4.699065685272217,-0.07406551390886307,attack,No
3080,0,0,0.006692851469135581,-5.077095985412598,-0.07709606736898422,attack,No
3081,0,0,0.0028009268110453715,-5.916375637054443,-0.04137558117508888,attack,No
3082,0,0,0.1329642436335826,-2.137129068374634,-0.2621290981769562,attack,No
3083,0,0,0.0015011823516640525,-6.529083728790283,-0.029083792120218277,attack,No
3084,0,0,0.022977368404675395,-3.8270905017852783,-0.07709043473005295,attack,No
3085,0,0,0.012431651767901451,-4.586641311645508,-0.21164138615131378,attack,No
3086,0,0,0.0007096704228772573,-7.280407428741455,-0.030407462269067764,attack,No
3087,0,0,0.007577239923211134,-4.968753814697266,-0.0937536358833313,attack,No
3088,0,0,0.0015011821003865517,-6.552739143371582,-0.052739039063453674,attack,No
3089,0,0,0.07585817270885642,-2.6872925758361816,-0.18729247152805328,attack,No
3090,0,0,0.0019267347564570928,-6.290981769561768,-0.04098181799054146,attack,No
3091,0,0,0.0005527785093200144,-7.5376877784729,-0.037687547504901886,attack,No
3092,0,0,0.08509905312815914,-2.5660006999969482,-0.1910008043050766,attack,No
3093,0,0,0.07585817688736327,-2.6674091815948486,-0.16740913689136505,attack,No
3094,0,0,0.001700722518958752,-6.4254045486450195,-0.050404611974954605,attack,No
3095,0,0,0.0035936019678213344,-5.7098541259765625,-0.08485395461320877,attack,No
3096,0,0,0.004070137866903443,-5.549483299255371,-0.04948333650827408,attack,No
3097,0,0,0.0015011822232333244,-6.521589756011963,-0.0215897336602211,attack,No
3098,0,0,0.32082130082460697,-1.2587580680847168,-0.5087580680847168,attack,No
3099,0,0,0.09534947518185825,-2.4253578186035156,-0.17535793781280518,attack,No
3100,0,0,0.14804719427274565,-2.0081491470336914,-0.258149117231369,attack,No
3101,0,0,0.08509904268669496,-2.534903049468994,-0.15990301966667175,attack,No
3102,0,0,0.01406362890279984,-4.447963714599609,-0.19796384871006012,attack,No
3103,0,0,0.022977369742764476,-3.863748073577881,-0.11374806612730026,attack,No
3104,0,0,0.03308597743528921,-3.4975125789642334,-0.12251254916191101,attack,No
3105,0,0,0.0021827162506210893,-6.185385704040527,-0.06038561463356018,attack,No
3106,0,0,0.002472623487419469,-6.102299213409424,-0.10229934751987457,attack,No
3107,0,0,0.015906393811096483,-4.22525691986084,-0.10025705397129059,attack,No
3108,0,0,0.010986944249787705,-4.570671558380127,-0.07067170739173889,attack,No
3109,0,0,0.0028009263636286927,-5.940049171447754,-0.0650489553809166,attack,No
3110,0,0,0.005220126080457822,-5.31521463394165,-0.06521470844745636,attack,No
3111,0,0,0.01098694303539179,-4.581583499908447,-0.08158353716135025,attack,No
3112,0,0,0.0028009266757798557,-5.921781063079834,-0.04678095877170563,attack,No
3113,0,0,0.004070137625291741,-5.563056468963623,-0.06305644661188126,attack,No
3114,0,0,0.0024726236160579735,-6.065165042877197,-0.06516522914171219,attack,No
3115,0,0,0.00970847490558041,-4.714940547943115,-0.0899403840303421,attack,No
3116,0,0,0.009708477269420993,-4.723344802856445,-0.09834488481283188,attack,No
3117,0,0,0.005220126738186909,-5.338793754577637,-0.08879395574331284,attack,No
3118,0,0,0.015906394160976806,-4.21883487701416,-0.09383503347635269,attack,No
3119,0,0,0.007577239474994629,-4.992478370666504,-0.1174781322479248,attack,No
3120,0,0,0.0007096703198450303,-7.288229942321777,-0.03822983056306839,attack,No
3121,0,0,0.009708475514448384,-4.684100151062012,-0.05910005047917366,attack,No
3122,0,0,0.014063630142502889,-4.322115421295166,-0.07211564481258392,attack,No
3123,0,0,0.002472623266896334,-6.066274642944336,-0.06627468764781952,attack,No
3124,0,0,0.00522012606111285,-5.298564434051514,-0.04856450483202934,attack,No
3125,0,0,0.0031726835493852378,-5.809492588043213,-0.0594928115606308,attack,No
3126,0,0,0.0015011819440361278,-6.539823055267334,-0.03982284665107727,attack,No
3127,0,0,0.24508501313237172,-1.5431697368621826,-0.4181697368621826,attack,No
3128,0,0,0.06008665522337757,-2.943484306335449,-0.19348439574241638,attack,No
3129,0,1,0.9046505415276079,-0.22067277133464813,-2.470672845840454,attack,Yes
3130,0,0,0.0040701376101910085,-5.554775238037109,-0.054775211960077286,attack,No
3131,0,0,0.0019267350000268819,-6.296460151672363,-0.04646032676100731,attack,No
3132,0,0,0.005911068287096462,-5.203923225402832,-0.07892312854528427,attack,No
3133,0,0,0.0021827165589342425,-6.188404083251953,-0.0634041354060173,attack,No
3134,0,0,0.002472623652811833,-6.089735984802246,-0.08973618596792221,attack,No
3135,0,0,0.015906392411575272,-4.243976593017578,-0.1189766377210617,attack,No
3136,0,0,0.16451647108926923,-1.9086065292358398,-0.2836065888404846,attack,No
3137,0,0,0.0031726831959351938,-5.807628631591797,-0.05762874335050583,attack,No
3138,0,0,0.0028009269983360944,-5.920644283294678,-0.04564429447054863,attack,No
3139,0,0,0.0035936032083580564,-5.686357498168945,-0.06135767325758934,attack,No
3140,0,0,0.00522012669949696,-5.344122409820557,-0.09412260353565216,attack,No
3141,0,0,0.00669285154343341,-5.059690952301025,-0.05969104543328285,attack,No
3142,0,0,0.00460957159821772,-5.423976421356201,-0.048976294696331024,attack,No
3143,0,0,0.0019267344985597022,-6.292277812957764,-0.04227772727608681,attack,No
3144,0,0,0.0015011822902406594,-6.55538272857666,-0.05538275092840195,attack,No
3145,0,0,0.0009110510265541732,-7.024055004119873,-0.024054819718003273,attack,No
3146,0,0,0.002472622954488594,-6.050027847290039,-0.050027765333652496,attack,No
3147,0,0,0.003172683408005215,-5.84173059463501,-0.09173077344894409,attack,No
3148,0,0,0.0011695102802863598,-6.7795939445495605,-0.02959395758807659,attack,No
3149,0,0,0.002182716761771867,-6.184970378875732,-0.05997052416205406,attack,No
3150,0,0,0.002800927341702454,-5.91486120223999,-0.03986133635044098,attack,No
3151,0,0,0.004609572008445822,-5.440196990966797,-0.06519695371389389,attack,No
3152,0,0,0.1329642333263228,-2.2977449893951416,-0.4227449297904968,attack,No
3153,0,0,0.01243164810903933,-4.521634578704834,-0.14663435518741608,attack,No
3154,0,0,0.03308598053388778,-3.4937052726745605,-0.11870533972978592,attack,No
3155,0,0,0.005220124571550228,-5.298093795776367,-0.04809357970952988,attack,No
3156,0,0,0.014063627353171185,-4.340893268585205,-0.09089329093694687,attack,No
3157,0,0,0.015906393344589397,-4.20920467376709,-0.0842047780752182,attack,No
3158,0,0,0.004609572281931243,-5.424816131591797,-0.049816153943538666,attack,No
3159,0,0,0.00522012615783771,-5.318545818328857,-0.06854590773582458,attack,No
3160,0,0,0.0052201264286673285,-5.316673755645752,-0.0666738972067833,attack,No
3161,0,0,0.015906394627483913,-4.198745250701904,-0.07374543696641922,attack,No
3162,0,0,0.004609571957167308,-5.429535865783691,-0.054535817354917526,attack,No
3163,0,0,0.003172683184153526,-5.802487850189209,-0.05248795822262764,attack,No
3164,0,0,0.0021827165670477468,-6.167459011077881,-0.042459066957235336,attack,No
3165,0,0,0.0006263340158687121,-7.417372226715088,-0.042371999472379684,attack,No
3166,0,0,0.004070136900456717,-5.557070732116699,-0.0570705309510231,attack,No
3167,0,0,0.05340332753999997,-3.013855457305908,-0.13885541260242462,attack,No
3168,0,0,0.004070136960859632,-5.566156387329102,-0.06615620106458664,attack,No
3169,0,0,0.00460957306820192,-5.4471540451049805,-0.07215423882007599,attack,No
3170,0,0,0.001325022570029304,-6.66896390914917,-0.043964024633169174,attack,No
3171,0,0,0.01798621219924777,-4.099597930908203,-0.09959805756807327,attack,No
3172,0,0,0.005220124474825396,-5.303690433502197,-0.05369019880890846,attack,No
3173,0,0,0.002800926852665531,-5.901516437530518,-0.026516396552324295,attack,No
3174,0,0,0.004070138667242311,-5.551940441131592,-0.0519406758248806,attack,No
3175,0,0,0.00669285080045515,-5.051891803741455,-0.051891785115003586,attack,No
3176,0,0,0.01798621101487092,-4.079516887664795,-0.0795169472694397,attack,No
3177,0,0,0.042087725512577126,-3.372173547744751,-0.2471734881401062,attack,No
3178,0,0,0.022977369240981062,-3.871490955352783,-0.12149092555046082,attack,No
3179,0,0,0.002182716818566405,-6.200412750244141,-0.07541292160749435,attack,No
3180,0,0,0.015906392061694984,-4.213654518127441,-0.0886545404791832,attack,No
3181,0,0,0.008577484843480258,-4.833696365356445,-0.08369629830121994,attack,No
3182,0,0,0.0017007221647638367,-6.426100254058838,-0.05110010877251625,attack,No
3183,0,0,0.004609571290546667,-5.510324954986572,-0.13532476127147675,attack,No
3184,0,0,0.005220125113209313,-5.362762928009033,-0.11276281625032425,attack,No
3185,0,0,0.007577240231359997,-4.934057712554932,-0.0590575747191906,attack,No
3186,0,1,0.5621765008857981,-0.7177646160125732,-0.9677646160125732,attack,Yes
3187,0,0,0.05340333507274787,-3.023362636566162,-0.14836274087429047,attack,No
3188,0,0,0.0028009270503612984,-5.935420036315918,-0.060420066118240356,attack,No
3189,0,0,0.03308597457504463,-3.5064029693603516,-0.131402850151062,attack,No
3190,0,0,0.00669284961169011,-5.055443286895752,-0.055443089455366135,attack,No
3191,0,0,0.008577483703016914,-4.8253326416015625,-0.07533244043588638,attack,No
3192,0,0,0.004070137262874213,-5.53928279876709,-0.03928268700838089,attack,No
3193,0,0,0.02931222820745785,-3.6227433681488037,-0.12274327874183655,attack,No
3194,0,0,0.0019267344913958867,-6.315526008605957,-0.06552591919898987,attack,No
3195,0,0,0.02033235096813516,-3.9602603912353516,-0.08526027202606201,attack,No
3196,0,0,0.0052201262352176,-5.328938007354736,-0.07893811166286469,attack,No
3197,0,0,0.00280092662375466,-5.9266133308410645,-0.051613207906484604,attack,No
3198,0,0,0.004609571427289355,-5.4221343994140625,-0.04713423550128937,attack,No
3199,0,0,0.01243164810903933,-4.464730739593506,-0.08973051607608795,attack,No
3200,0,0,0.008577485160275657,-4.818748950958252,-0.06874892115592957,attack,No
3201,0,0,0.007577242108266978,-4.941558361053467,-0.06655847281217575,attack,No
3202,0,0,0.006692852038752292,-5.051548957824707,-0.05154912546277046,attack,No
3203,0,0,0.0011695102215388158,-6.803714752197266,-0.05371471494436264,attack,No
3204,0,0,0.002800926759020172,-5.9324951171875,-0.05749504268169403,attack,No
3205,0,0,0.005911068068193657,-5.221299171447754,-0.09629903733730316,attack,No
3206,0,0,0.005911068177645059,-5.17091178894043,-0.045911673456430435,attack,No
3207,0,0,0.01798621298883238,-4.10302209854126,-0.1030222699046135,attack,No
3208,0,0,0.007577242752578437,-4.930131912231445,-0.05513210967183113,attack,No
3209,0,1,0.9579122678790578,-0.20673929154872894,-3.3317391872406006,attack,Yes
3210,0,0,0.0031726823005285925,-5.807126998901367,-0.05712682753801346,attack,No
3211,0,0,0.008577486237380102,-4.812784671783447,-0.06278476864099503,attack,No
3212,0,0,0.020332352303804646,-3.9648759365081787,-0.08987588435411453,attack,No
3213,0,0,0.0017007226201573129,-6.414543628692627,-0.0395437516272068,attack,No
3214,0,0,0.01098694327827096,-4.596958637237549,-0.0969586968421936,attack,No
3215,0,0,0.004070137428982242,-5.558895587921143,-0.05889551714062691,attack,No
3216,0,0,0.03732688680867724,-3.3703482151031494,-0.12034820020198822,attack,No
3217,0,0,0.05340333507274787,-3.062753677368164,-0.18775378167629242,attack,No
3218,0,0,0.006692851171944271,-5.0560503005981445,-0.056050337851047516,attack,No
3219,0,0,0.007577242332375306,-4.967626094818115,-0.09262623637914658,attack,No
3220,0,0,0.32082130082460697,-1.3334283828735352,-0.5834283828735352,attack,No
3221,0,0,0.009708477627578704,-4.681501865386963,-0.05650198459625244,attack,No
3222,0,0,0.03308598029553404,-3.538193941116333,-0.16319400072097778,attack,No
3223,0,1,0.5621765008857981,-0.7296676635742188,-0.9796676635742188,attack,Yes
3224,0,0,0.0052201264286673285,-5.338559150695801,-0.08855929225683212,attack,No
3225,0,0,0.001700722803579719,-6.442144393920898,-0.06714462488889694,attack,No
3226,0,0,0.0015011820724668318,-6.541518211364746,-0.041518088430166245,attack,No
3227,0,0,0.0017007225505833018,-6.43323278427124,-0.0582328662276268,attack,No
3228,0,0,0.005220125654868455,-5.307383060455322,-0.05738305300474167,attack,No
3229,0,0,0.006692849809817602,-5.059444904327393,-0.05944473668932915,attack,No
3230,0,0,0.009708477126157909,-4.692318439483643,-0.06731850653886795,attack,No
3231,0,0,0.015906394860737468,-4.206857204437256,-0.08185740560293198,attack,No
3232,0,0,0.004609572469952481,-5.412998199462891,-0.0379982627928257,attack,No
3233,0,0,0.004070138652141575,-5.563246250152588,-0.0632464811205864,attack,No
3234,0,0,0.006692852459773374,-5.065395832061768,-0.06539606302976608,attack,No
3235,0,0,0.008577483576298776,-4.815036773681641,-0.06503655761480331,attack,No
3236,0,0,0.005220126351287435,-5.348649501800537,-0.09864962846040726,attack,No
3237,0,0,0.0035936021545687705,-5.69454288482666,-0.0695427656173706,attack,No
3238,0,0,0.005220125500108696,-5.323138236999512,-0.07313819974660873,attack,No
3239,0,0,0.010986940444680947,-4.603909492492676,-0.10390929132699966,attack,No
3240,0,0,0.014063628696182679,-4.330593109130859,-0.08059322834014893,attack,No
3241,0,0,0.04742587250438209,-3.1308491230010986,-0.13084910809993744,attack,No
3242,0,0,0.00280092717522179,-5.943473815917969,-0.06847389042377472,attack,No
3243,0,0,0.007577240371427665,-4.9705281257629395,-0.0955280065536499,attack,No
3244,0,0,0.05340333130637379,-3.035215139389038,-0.16021516919136047,attack,No
3245,0,0,0.0035936023146380092,-5.688114166259766,-0.06311409175395966,attack,No
3246,0,0,0.002472622669646276,-6.061142921447754,-0.06114272400736809,attack,No
3247,0,0,0.006692849487860429,-5.076169013977051,-0.07616879791021347,attack,No
3248,0,0,0.0031726833373152056,-5.807390213012695,-0.05739036947488785,attack,No
3249,0,0,0.0040701368098523495,-5.559354305267334,-0.05935408174991608,attack,No
3250,0,1,0.5926665999540697,-0.6246416568756104,-0.9996416568756104,attack,Yes
3251,0,0,0.015906392878082327,-4.197545051574707,-0.072545126080513,attack,No
3252,0,0,0.00591106981941633,-5.214441299438477,-0.0894414633512497,attack,No
3253,0,0,0.0031726828896118543,-5.847217559814453,-0.09721757471561432,attack,No
3254,0,0,0.0013250226636908199,-6.671565055847168,-0.04656524211168289,attack,No
3255,0,0,0.0028009274041327055,-5.915303707122803,-0.04030386358499527,attack,No
3256,0,0,0.042087729117139754,-3.2452144622802734,-0.12021449208259583,attack,No
3257,0,0,0.005220124958449569,-5.356137275695801,-0.10613713413476944,attack,No
3258,0,0,0.005911068462218714,-5.168648719787598,-0.043648652732372284,attack,No
3259,0,0,0.00591106819953534,-5.200488090515137,-0.07548797875642776,attack,No
3260,0,0,0.003172683572948575,-5.790535926818848,-0.04053615778684616,attack,No
3261,0,0,0.0035936028215239795,-5.689115524291992,-0.06411559134721756,attack,No
3262,0,0,0.004070138486033497,-5.540113925933838,-0.04011411592364311,attack,No
3263,0,0,0.0031726834551318883,-5.8006181716918945,-0.05061836540699005,attack,No
3264,0,0,0.002182716761771867,-6.1844258308410645,-0.05942597612738609,attack,No
3265,0,0,0.0024726234414771476,-6.0372443199157715,-0.03724443539977074,attack,No
3266,0,0,0.0024726233587809717,-6.062685489654541,-0.06268557161092758,attack,No
3267,0,0,0.005911068681121534,-5.195074081420898,-0.07007405161857605,attack,No
3268,0,0,0.005911068681121534,-5.212656497955322,-0.08765646815299988,attack,No
3269,0,0,0.0052201262739075445,-5.3242506980896,-0.07425080984830856,attack,No
3270,0,0,0.0015011822064814912,-6.541335582733154,-0.04133554920554161,attack,No
3271,0,0,0.001325022284115244,-6.671651363372803,-0.046651262789964676,attack,No
3272,0,0,0.00970847848715727,-4.693819046020508,-0.06881925463676453,attack,No
3273,0,0,0.004070137444082972,-5.5523362159729,-0.05233614891767502,attack,No
3274,0,0,0.03732688975366457,-3.3639273643493652,-0.1139274314045906,attack,No
3275,0,0,0.05340332753999997,-3.0179622173309326,-0.14296217262744904,attack,No
3276,0,0,0.014063624357222927,-4.337601184844971,-0.08760099112987518,attack,No
3277,0,0,0.0007096704704305978,-7.2963337898254395,-0.04633389040827751,attack,No
3278,0,0,0.014063629935885703,-4.540650367736816,-0.2906505763530731,attack,No
3279,0,0,0.004609572521231,-5.454171657562256,-0.07917173206806183,attack,No
3280,0,0,0.0019267345487064141,-6.303760528564453,-0.05376046895980835,attack,No
3281,0,0,0.0013250223827062924,-6.6582794189453125,-0.03327939286828041,attack,No
3282,0,0,0.02931223371923813,-3.6849751472473145,-0.1849752515554428,attack,No
3283,0,0,0.08509904848750824,-2.5526769161224365,-0.1776769608259201,attack,No
3284,0,0,0.005911069425391183,-5.185131072998047,-0.060131169855594635,attack,No
3285,0,0,0.007577240679576549,-4.923519611358643,-0.04851953312754631,attack,No
3286,0,0,0.0028009270815764205,-5.928314208984375,-0.05331424996256828,attack,No
3287,0,0,0.006692852187347965,-5.0617852210998535,-0.06178541108965874,attack,No
3288,0,0,0.02595736021183377,-3.7153215408325195,-0.09032166004180908,attack,No
3289,0,0,0.017986210751676075,-4.111639022827148,-0.11163906753063202,attack,No
3290,0,0,0.029312227783474795,-3.5938451290130615,-0.09384502470493317,attack,No
3291,0,0,0.017986210356883813,-4.1058478355407715,-0.10584785789251328,attack,No
3292,0,0,0.0159063898457867,-4.398058891296387,-0.27305877208709717,attack,No
3293,0,0,0.0031726828542668556,-5.802853584289551,-0.05285358801484108,attack,No
3294,0,0,0.0015011826029415949,-6.528045177459717,-0.0280454084277153,attack,No
3295,0,0,0.005911068352767307,-5.173770904541016,-0.04877081885933876,attack,No
3296,0,0,0.010986944816505844,-4.571042537689209,-0.0710427388548851,attack,No
3297,0,0,0.0019267349785354285,-6.318568229675293,-0.0685683935880661,attack,No
3298,0,0,0.003172682194493617,-5.787224769592285,-0.03722456470131874,attack,No
3299,0,0,0.01798621022528639,-4.087826251983643,-0.08782626688480377,attack,No
3300,0,0,0.03308597886541159,-3.4894354343414307,-0.11443544924259186,attack,No
3301,0,0,0.02297737174989824,-3.872281789779663,-0.12228187173604965,attack,No
3302,0,0,0.0330859819640103,-3.499284029006958,-0.12428414076566696,attack,No
3303,0,0,0.005220126815566807,-5.356727123260498,-0.10672733932733536,attack,No
3304,0,0,0.005220125538798635,-5.306680679321289,-0.056680649518966675,attack,No
3305,0,0,0.0011695102389454955,-6.797961235046387,-0.04796121269464493,attack,No
3306,0,0,0.0035936017677348064,-5.670357704162598,-0.04535747691988945,attack,No
3307,0,0,0.004070137700795395,-5.547827243804932,-0.04782724007964134,attack,No
3308,0,0,0.002472622761530891,-6.045576572418213,-0.04557641223073006,attack,No
3309,0,0,0.004609572726345088,-5.43098258972168,-0.05598270893096924,attack,No
3310,0,0,0.0052201253453489395,-5.332180023193359,-0.082179956138134,attack,No
3311,0,0,0.04742587216778976,-3.1054556369781494,-0.10545561462640762,attack,No
3312,0,0,0.004070136900456717,-5.583927154541016,-0.08392695337533951,attack,No
3313,0,0,0.1329642436335826,-2.136176347732544,-0.26117637753486633,attack,No
3314,0,0,0.010986944371227304,-4.553892135620117,-0.05389229580760002,attack,No
3315,0,0,0.01406362601015982,-4.330999374389648,-0.08099929988384247,attack,No
3316,0,0,0.01243165002994181,-4.443910121917725,-0.06891005486249924,attack,No
3317,0,0,0.02931223287127187,-3.728029489517212,-0.22802956402301788,attack,No
3318,0,0,0.0010322309944995197,-6.914897918701172,-0.03989787772297859,attack,No
3319,0,0,0.02297736756836975,-3.8426878452301025,-0.09268774092197418,attack,No
3320,0,0,0.015906388446265834,-4.261873722076416,-0.1368735134601593,attack,No
3321,0,0,0.0059110687030118165,-5.1743268966674805,-0.04932687059044838,attack,No
3322,0,0,0.0019267347492932755,-6.298404216766357,-0.048404261469841,attack,No
3323,0,0,0.00669285191492257,-5.0623555183410645,-0.06235566735267639,attack,No
3324,0,0,0.3208213138121609,-1.2102954387664795,-0.46029549837112427,attack,No
3325,0,0,0.005220126467357275,-5.340332508087158,-0.09033265709877014,attack,No
3326,0,0,0.004609571529846373,-5.445955276489258,-0.07095513492822647,attack,No
3327,0,0,0.004070136870255261,-5.582158088684082,-0.08215788006782532,attack,No
3328,0,0,0.0035936031950189497,-5.679352760314941,-0.054352931678295135,attack,No
3329,0,0,0.0046095724528596406,-5.483187198638916,-0.10818725824356079,attack,No
3330,0,0,0.02297736857193652,-3.8642077445983887,-0.1142076849937439,attack,No
3331,0,0,0.0024726229177347444,-6.0518059730529785,-0.051805876195430756,attack,No
3332,0,0,0.0031726828307035233,-5.801126956939697,-0.05112695321440697,attack,No
3333,0,0,0.00407013842563056,-5.5521135330200195,-0.05211370810866356,attack,No
3334,0,0,0.0028009265613244253,-5.937083721160889,-0.06208357587456703,attack,No
3335,0,0,0.001700722645456954,-6.430618762969971,-0.055618900805711746,attack,No
3336,0,0,0.0019267351218117874,-6.288812637329102,-0.038812875747680664,attack,No
3337,0,0,0.015906389262652993,-4.22463846206665,-0.09963830560445786,attack,No
3338,0,0,0.002182716088351026,-6.177649974822998,-0.052649810910224915,attack,No
3339,0,0,0.04742587115801275,-3.155012607574463,-0.1550125628709793,attack,No
3340,0,0,0.0046095710854326425,-5.446162223815918,-0.07116198539733887,attack,No
3341,0,0,0.00970847555026415,-4.702025413513184,-0.07702531665563583,attack,No
3342,0,0,0.0040701385162349646,-5.555199146270752,-0.05519934371113777,attack,No
3343,0,0,0.0031726834315685517,-5.801710605621338,-0.051710791885852814,attack,No
3344,0,0,0.0008040859700492528,-7.1548261642456055,-0.0298262070864439,attack,No
3345,0,0,0.006692851171944271,-5.064340591430664,-0.06434062868356705,attack,No
3346,0,0,0.007577242136280519,-4.934447765350342,-0.05944788083434105,attack,No
3347,0,0,0.0028009272896772452,-5.913036823272705,-0.03803693875670433,attack,No
3348,0,0,0.012431650944657377,-4.442503929138184,-0.06750393658876419,attack,No
3349,0,0,0.0017007227023811478,-6.424890041351318,-0.04989021271467209,attack,No
3350,0,0,0.010986944371227304,-4.551641464233398,-0.05164162442088127,attack,No
3351,0,0,0.008577486680893736,-4.8197455406188965,-0.06974568963050842,attack,No
3352,0,0,0.002182716218167076,-6.191833019256592,-0.06683291494846344,attack,No
3353,0,0,0.029312231387330967,-3.6139228343963623,-0.1139228567481041,attack,No
3354,0,0,0.004070137247773484,-5.557945251464844,-0.0579451359808445,attack,No
3355,0,0,0.004609572281931243,-5.446957111358643,-0.07195713371038437,attack,No
3356,0,0,0.0028009272272469963,-5.933156967163086,-0.0581570602953434,attack,No
3357,0,0,0.006692849834583539,-5.065454959869385,-0.06545479595661163,attack,No
3358,0,0,0.005220124610240159,-5.3034234046936035,-0.0534231960773468,attack,No
3359,0,0,0.0009110514012417947,-7.0261712074279785,-0.026171434670686722,attack,No
3360,0,0,0.14804718675485834,-2.0531833171844482,-0.3031832277774811,attack,No
3361,0,0,0.007577240875671297,-4.927133560180664,-0.052133508026599884,attack,No
3362,0,0,0.004609571324732338,-5.436065196990967,-0.061065010726451874,attack,No
3363,0,0,0.015906388679519302,-4.371992588043213,-0.24699239432811737,attack,No
3364,0,0,0.14804718675485834,-2.02093768119812,-0.27093759179115295,attack,No
3365,0,0,0.01590639042892043,-4.204596519470215,-0.07959643751382828,attack,No
3366,0,0,0.017986206145766886,-4.110170841217041,-0.1101706251502037,attack,No
3367,0,0,0.005220125577488575,-5.324278831481934,-0.0742788091301918,attack,No
3368,0,0,0.004609571153803984,-5.438512325286865,-0.06351210176944733,attack,No
3369,0,0,0.0028009265301093093,-5.9429521560668945,-0.067951999604702,attack,No
3370,0,0,0.033085978627057866,-3.4759228229522705,-0.1009228304028511,attack,No
3371,0,0,0.005220125074519377,-5.292015552520752,-0.0420154333114624,attack,No
3372,0,0,0.000626334104477674,-7.406447410583496,-0.03144732490181923,attack,No
3373,0,0,0.0028009274457528746,-5.951638221740723,-0.07663839310407639,attack,No
3374,0,0,0.0028009274769680015,-5.936717987060547,-0.0617181695997715,attack,No
3375,0,0,0.010986942225794586,-4.562808990478516,-0.06280895322561264,attack,No
3376,0,0,0.02297737141537594,-3.855738401412964,-0.10573846846818924,attack,No
3377,0,0,0.0035936031950189497,-5.698270320892334,-0.07327049225568771,attack,No
3378,0,0,0.09534945718704857,-2.454179286956787,-0.20417919754981995,attack,No
3379,0,0,0.0019267344555768072,-6.286874771118164,-0.03687466308474541,attack,No
3380,0,0,0.00522012594504302,-5.303622245788574,-0.0536222942173481,attack,No
3381,0,0,0.03308597624352061,-3.4807183742523193,-0.10571830719709396,attack,No
3382,0,0,0.015906391478561197,-4.261502742767334,-0.1365027278661728,attack,No
3383,0,0,0.003172682818921857,-5.814764976501465,-0.06476496905088425,attack,No
3384,0,0,0.037326884934594504,-3.3536388874053955,-0.10363882035017014,attack,No
3385,0,0,0.0013250223087630053,-6.685826301574707,-0.060826219618320465,attack,No
3386,0,0,0.16451645880021026,-1.9277876615524292,-0.3027876317501068,attack,No
3387,0,0,0.004070138561537168,-5.567347049713135,-0.06734725832939148,attack,No
3388,0,0,0.005911067761729742,-5.16621208190918,-0.041211895644664764,attack,No
3389,0,0,0.006692851890156625,-5.048197269439697,-0.048197414726018906,attack,No
3390,0,0,0.003593601954482232,-5.681215286254883,-0.056215111166238785,attack,No
3391,0,0,0.004609571666589067,-5.428401947021484,-0.05340183526277542,attack,No
3392,0,0,0.01406362456384003,-4.323483467102051,-0.07348328828811646,attack,No
3393,0,0,0.006692851320539924,-5.129384994506836,-0.1293850541114807,attack,No
3394,0,0,0.001501182145058104,-6.535876274108887,-0.03587619960308075,attack,No
3395,0,0,0.053403333566198224,-3.0131452083587646,-0.13814528286457062,attack,No
3396,0,0,0.0675466911396291,-3.0044026374816895,-0.37940263748168945,attack,No
3397,0,0,0.004609571427289355,-5.4461870193481445,-0.0711868554353714,attack,No
3398,0,0,0.005220125113209313,-5.31343412399292,-0.06343401223421097,attack,No
3399,0,0,0.01406362952265135,-4.463265895843506,-0.21326607465744019,attack,No
3400,0,0,0.05340333205964859,-3.0027096271514893,-0.12770967185497284,attack,No
3401,0,0,0.009708477126157909,-4.692743301391602,-0.06774336844682693,attack,No
3402,0,0,0.2942149597859341,-1.4146065711975098,-0.539606511592865,attack,No
3403,0,0,0.012431648200510868,-4.472996711730957,-0.09799649566411972,attack,No
3404,0,0,0.007577241828131579,-5.108643054962158,-0.23364312946796417,attack,No
3405,0,0,0.0031726825832885442,-5.822869777679443,-0.0728696957230568,attack,No
3406,0,0,0.24508500761839525,-1.5304162502288818,-0.40541622042655945,attack,No
3407,0,0,0.004609571256360996,-5.478244304656982,-0.1032441034913063,attack,No
3408,0,0,0.0019267342263347164,-6.284550189971924,-0.03454996272921562,attack,No
3409,0,0,0.009708475478632619,-4.691141128540039,-0.0661410242319107,attack,No
3410,0,0,0.0017007225379334816,-6.410871982574463,-0.03587205708026886,attack,No
3411,0,0,0.18242551491653522,-1.7912511825561523,-0.29125112295150757,attack,No
3412,0,0,0.004070137730996858,-5.5413007736206055,-0.04130077734589577,attack,No
3413,0,0,0.0015011822232333244,-6.533647060394287,-0.03364703804254532,attack,No
3414,0,0,0.008577484273248568,-4.8233561515808105,-0.0733560174703598,attack,No
3415,0,0,0.004070137126967649,-5.561734676361084,-0.061734531074762344,attack,No
3416,0,0,0.00591106822142562,-5.16768217086792,-0.042682062834501266,attack,No
3417,0,0,0.008577485033557495,-4.790006160736084,-0.0400061160326004,attack,No
3418,0,0,0.020332353342658753,-3.966012477874756,-0.09101247787475586,attack,No
3419,0,0,0.008577485540430151,-4.844961166381836,-0.09496118128299713,attack,No
3420,0,0,0.002182716031556507,-6.154656410217285,-0.029656220227479935,attack,No
3421,0,0,0.017986206277364275,-4.1670966148376465,-0.16709640622138977,attack,No
3422,0,0,0.015906389729159958,-4.247263431549072,-0.12226330488920212,attack,No
3423,0,0,0.0035936028215239795,-5.736599445343018,-0.11159951239824295,attack,No
3424,0,0,0.0024726229728655185,-6.045847415924072,-0.045847341418266296,attack,No
3425,0,0,0.004070138637040841,-5.5535993576049805,-0.053599584847688675,attack,No
3426,0,0,0.005911069709964897,-5.18356466293335,-0.05856480821967125,attack,No
3427,0,0,0.0024726235609271855,-6.074786186218262,-0.07478635013103485,attack,No
3428,0,0,0.001032231271079695,-6.923565864562988,-0.04856609180569649,attack,No
3429,0,0,0.03308597505175204,-3.516265630722046,-0.14126552641391754,attack,No
3430,0,0,0.0005527785484243358,-7.542680740356445,-0.04268058016896248,attack,No
3431,0,0,0.09534946875514017,-2.4722414016723633,-0.22224144637584686,attack,No
3432,0,0,0.025957354372137545,-3.7316997051239014,-0.10669959336519241,attack,No
3433,0,0,0.005911067608497791,-5.170032501220703,-0.04503228887915611,attack,No
3434,0,0,0.0019267351074841515,-6.317166805267334,-0.06716703623533249,attack,No
3435,0,0,0.053403329799824234,-3.020911693572998,-0.14591169357299805,attack,No
3436,0,0,0.005911069315939758,-5.184183120727539,-0.05918319895863533,attack,No
3437,0,0,0.0040701374742844335,-5.5687360763549805,-0.0687360167503357,attack,No
3438,0,0,0.10669059252545564,-2.349336862564087,-0.22433684766292572,attack,No
3439,0,0,0.006692850899518915,-5.055366516113281,-0.05536651238799095,attack,No
3440,0,0,0.06754669677084987,-2.8416249752044678,-0.21662506461143494,attack,No
3441,0,0,0.004070136960859632,-5.542923927307129,-0.04292374104261398,attack,No
3442,0,0,0.047425867792089564,-3.140634059906006,-0.1406339406967163,attack,No
3443,0,0,0.004609571461475027,-5.434277057647705,-0.05927690118551254,attack,No
3444,0,0,0.0019267344913958867,-6.288094520568848,-0.03809443116188049,attack,No
3445,0,0,0.00591106784929086,-5.181681156158447,-0.056680984795093536,attack,No
3446,0,0,0.029312228843432455,-3.618621349334717,-0.11862128227949142,attack,No
3447,0,0,0.004070137338377862,-5.5475239753723145,-0.04752388224005699,attack,No
3448,0,0,0.007577239587048752,-4.942565441131592,-0.06756521761417389,attack,No
3449,0,0,0.005220126389977382,-5.296845436096191,-0.04684557020664215,attack,No
3450,0,0,0.0028009275706133837,-5.917071342468262,-0.04207155853509903,attack,No
3451,0,0,0.0035936022346033897,-5.6720662117004395,-0.04706611484289169,attack,No
3452,0,0,0.006692852509305267,-5.064580917358398,-0.06458115577697754,attack,No
3453,0,0,0.025957357762928745,-3.7093114852905273,-0.08431150764226913,attack,No
3454,0,0,0.03732688573777281,-3.3699581623077393,-0.11995811760425568,attack,No
3455,0,0,0.009708478451341495,-4.686668872833252,-0.06166907772421837,attack,No
3456,0,0,0.017986206803753842,-4.075377941131592,-0.07537776231765747,attack,No
3457,0,0,0.0008040860463719055,-7.165816783905029,-0.04081692174077034,attack,No
3458,0,0,0.002182716218167076,-6.195886611938477,-0.0708865076303482,attack,No
3459,0,0,0.004070138033011497,-5.556365013122559,-0.05636509135365486,attack,No
3460,0,0,0.02931222947940706,-3.5885794162750244,-0.08857937157154083,attack,No
3461,0,0,0.025957355125646668,-3.706514835357666,-0.08151475340127945,attack,No
3462,0,0,0.00970847555026415,-4.662974834442139,-0.03797473758459091,attack,No
3463,0,0,0.009708477735026021,-4.685366630554199,-0.060366760939359665,attack,No
3464,0,0,0.006692852261645802,-5.0623250007629395,-0.06232520192861557,attack,No
3465,0,0,0.0017007223292114665,-6.41253662109375,-0.03753657266497612,attack,No
3466,0,0,0.004070137912205639,-5.542659282684326,-0.04265933111310005,attack,No
3467,0,0,0.009708474189265195,-4.715853691101074,-0.09085345268249512,attack,No
3468,0,0,0.006692849933647288,-5.064859867095947,-0.06485971808433533,attack,No
3469,0,0,0.0035936021012123592,-5.6945414543151855,-0.0695413202047348,attack,No
3470,0,0,0.0028009269463108925,-5.944207668304443,-0.06920766085386276,attack,No
3471,0,0,0.09534945975773548,-2.541288137435913,-0.2912880778312683,attack,No
3472,0,0,0.0035936027681675578,-5.733087062835693,-0.10808711498975754,attack,No
3473,0,0,0.017986206014169497,-4.085961818695068,-0.08596159517765045,attack,No
3474,0,0,0.09534947261117097,-2.4765186309814453,-0.22651872038841248,attack,No
3475,0,0,0.000804085883250951,-7.153322696685791,-0.028322631493210793,attack,No
3476,0,0,0.0024726230739386076,-6.041715145111084,-0.0417151115834713,attack,No
3477,0,0,0.01590639077880068,-4.232735633850098,-0.10773557424545288,attack,No
3478,0,0,0.007577242864632608,-4.93122673034668,-0.0562269426882267,attack,No
3479,0,0,0.002182716591388261,-6.184099197387695,-0.059099264442920685,attack,No
3480,0,0,0.10669059820623795,-2.3470492362976074,-0.222049281001091,attack,No
3481,0,0,0.0035936027548284528,-5.682125091552734,-0.057125139981508255,attack,No
3482,0,0,0.01098694392594878,-4.581060409545898,-0.08106052875518799,attack,No
3483,0,0,0.007577241267860811,-4.956907272338867,-0.08190727233886719,attack,No
3484,0,0,0.01590639217832175,-4.311260223388672,-0.18626025319099426,attack,No
3485,0,0,0.009708478702051923,-4.734163761138916,-0.10916399210691452,attack,No
3486,0,0,0.004070136779650893,-5.546903133392334,-0.04690290242433548,attack,No
3487,0,0,0.005911067761729742,-5.195002555847168,-0.07000236958265305,attack,No
3488,0,0,0.012431651127600503,-4.4730658531188965,-0.09806587547063828,attack,No
3489,0,0,0.0040701379877092995,-5.552975177764893,-0.05297524482011795,attack,No
3490,0,0,0.005220125074519377,-5.327798843383789,-0.07779872417449951,attack,No
3491,0,0,0.042087731520181665,-3.2740719318389893,-0.14907202124595642,attack,No
3492,0,0,0.010986941740036291,-4.562656879425049,-0.06265679746866226,attack,No
3493,0,0,0.004070138017910765,-5.586101531982422,-0.08610160648822784,attack,No
3494,0,0,0.07585817584273653,-2.697641611099243,-0.1976415514945984,attack,No
3495,0,0,0.009708474475791274,-4.715769290924072,-0.09076908230781555,attack,No
3496,0,0,0.0024726227707193528,-6.070897102355957,-0.0708969458937645,attack,No
3497,0,0,0.0019267348710781658,-6.300332069396973,-0.05033217743039131,attack,No
3498,0,0,0.0040701381085151605,-5.573999881744385,-0.07399997860193253,attack,No
3499,0,0,0.004070137021262546,-5.567718029022217,-0.06771785765886307,attack,No
3500,0,0,0.004609571324732338,-5.450085163116455,-0.07508497685194016,attack,No
3501,0,0,0.006692851221476155,-5.1092729568481445,-0.10927300155162811,attack,No
3502,0,0,0.003172683466913557,-5.799190044403076,-0.04919024184346199,attack,No
3503,0,0,0.01590639229494851,-4.202770233154297,-0.07777027040719986,attack,No
3504,0,0,0.0019267346275083932,-6.306516647338867,-0.056516628712415695,attack,No
3505,0,0,0.29421497216298875,-1.3775142431259155,-0.5025142431259155,attack,No
3506,0,0,0.0015011823684158874,-6.5552077293396,-0.05520780384540558,attack,No
3507,0,0,0.004070137685694665,-5.566047191619873,-0.06604718416929245,attack,No
3508,0,0,0.22270012850745968,-1.6309261322021484,-0.38092607259750366,attack,No
3509,0,0,0.00857748528699382,-4.8275628089904785,-0.07756279408931732,attack,No
3510,0,0,0.015906393111335862,-4.1974005699157715,-0.07240065932273865,attack,No
3511,0,0,0.0017007227846049867,-6.423938274383545,-0.04893849417567253,attack,No
3512,0,0,0.014063625803542697,-4.32794713973999,-0.07794705033302307,attack,No
3513,0,0,0.02297736991002561,-3.929213762283325,-0.1792137622833252,attack,No
3514,0,0,0.0031726822180569445,-5.789228439331055,-0.03922824189066887,attack,No
3515,0,0,0.042087728215999064,-3.2397947311401367,-0.11479473859071732,attack,No
3516,0,0,0.015906388562892566,-4.21879768371582,-0.0937974825501442,attack,No
3517,0,0,0.0013250226636908199,-6.67678689956665,-0.051787085831165314,attack,No
3518,0,0,0.00669285052802981,-5.061291694641113,-0.061291635036468506,attack,No
3519,0,0,0.0010322310156271695,-6.8987226486206055,-0.023722628131508827,attack,No
3520,0,0,0.0021827163479831327,-6.201450824737549,-0.07645078003406525,attack,No
3521,0,0,0.014063627353171185,-4.343860626220703,-0.09386064857244492,attack,No
3522,0,0,0.0015011821841457139,-6.535019874572754,-0.035019826143980026,attack,No
3523,0,0,0.006692850428966053,-5.063839912414551,-0.06383983790874481,attack,No
3524,0,0,0.0011695103303305662,-6.802229404449463,-0.05222946032881737,attack,No
3525,0,0,0.015906391128680933,-4.1925950050354,-0.0675949677824974,attack,No
3526,0,0,0.004609571871703117,-5.444596767425537,-0.06959670037031174,attack,No
3527,0,0,0.002472623119880922,-6.06384801864624,-0.06384800374507904,attack,No
3528,0,1,0.7981867729389246,-0.36552873253822327,-1.7405287027359009,attack,Yes
3529,0,0,0.006692851518667466,-5.049279689788818,-0.04927977919578552,attack,No
3530,0,0,0.004609572316116922,-5.440736770629883,-0.0657368004322052,attack,No
3531,0,0,0.004609572897273501,-5.4177141189575195,-0.04271427541971207,attack,No
3532,0,0,0.02297736823741426,-3.874770164489746,-0.12477008998394012,attack,No
3533,0,0,0.004609572948552026,-5.435008525848389,-0.0600086934864521,attack,No
3534,0,0,0.005911068549779841,-5.187543869018555,-0.06254381686449051,attack,No
3535,0,0,0.03308598029553404,-3.516164541244507,-0.1411646008491516,attack,No
3536,0,0,0.005911069512952324,-5.16438102722168,-0.03938113898038864,attack,No
3537,0,0,0.005911069359720328,-5.186592102050781,-0.061592187732458115,attack,No
3538,0,0,0.007577241716077422,-4.93452262878418,-0.05952268838882446,attack,No
3539,0,0,0.0015011822455691024,-6.551588535308838,-0.051588527858257294,attack,No
3540,0,1,0.8354835330070839,-0.3469677269458771,-1.9719676971435547,attack,Yes
3541,0,0,0.01243165231673086,-4.445891380310059,-0.07089149951934814,attack,No
3542,0,0,0.014063627869714051,-4.31505012512207,-0.06505018472671509,attack,No
3543,0,0,0.0013250224320018192,-6.659813404083252,-0.03481341525912285,attack,No
3544,0,0,0.007577242164294059,-4.924429893493652,-0.049430012702941895,attack,No
3545,0,0,0.04208772371029592,-3.23773193359375,-0.11273182928562164,attack,No
3546,0,0,0.014063626939936907,-4.355641841888428,-0.10564183443784714,attack,No
3547,0,0,0.3208212878370535,-1.333036184310913,-0.5830361247062683,attack,No
3548,0,0,0.005220126738186909,-5.3354411125183105,-0.08544131368398666,attack,No
3549,0,0,0.0015011824773028186,-6.5304460525512695,-0.03044619970023632,attack,No
3550,0,0,0.003593603288392698,-5.676088809967041,-0.051089007407426834,attack,No
3551,0,0,0.006692852212113911,-5.062345504760742,-0.06234569847583771,attack,No
3552,0,0,0.012431651676429884,-4.479216575622559,-0.10421664267778397,attack,No
3553,0,0,0.008577487251125584,-4.829866886138916,-0.07986710220575333,attack,No
3554,0,0,0.0035936025814200896,-5.706142425537109,-0.08114242553710938,attack,No
3555,0,0,0.0024726229912424434,-6.072280406951904,-0.07228033989667892,attack,No
3556,0,0,0.008577483639657844,-4.813973903656006,-0.06397369503974915,attack,No
3557,0,0,0.012431651127600503,-4.453808307647705,-0.07880832999944687,attack,No
3558,0,0,0.004609571170896819,-5.435318946838379,-0.0603187270462513,attack,No
3559,0,0,0.01798621154126062,-4.213324069976807,-0.2133241593837738,attack,No
3560,0,0,0.22270013882530884,-1.770406723022461,-0.5204067230224609,attack,No
3561,0,0,0.0031726822651836004,-5.807355880737305,-0.05735569819808006,attack,No
3562,0,0,0.008577487251125584,-4.8353352546691895,-0.08533547073602676,attack,No
3563,0,0,0.0046095728118092935,-5.424015998840332,-0.049016136676073074,attack,No
3564,0,0,0.006692849735519792,-5.104548454284668,-0.10454827547073364,attack,No
3565,0,0,0.06754669489377622,-2.769244432449341,-0.1442444920539856,attack,No
3566,0,0,0.06008664428307651,-2.880718469619751,-0.13071836531162262,attack,No
3567,0,0,0.0017007227909298973,-6.4221062660217285,-0.04710648953914642,attack,No
3568,0,0,0.0052201254614187564,-5.318280220031738,-0.0682801753282547,attack,No
3569,0,0,0.01590639182844147,-4.214309215545654,-0.0893092229962349,attack,No
3570,0,0,0.009708474977211935,-4.699753761291504,-0.07475360482931137,attack,No
3571,0,0,0.0009110511740556168,-7.032793045043945,-0.03279302269220352,attack,No
3572,0,0,0.0017007220572403947,-6.4297871589660645,-0.05478695034980774,attack,No
3573,0,0,0.00669284961169011,-5.057714462280273,-0.05771426483988762,attack,No
3574,0,0,0.0009110512656082488,-7.032004356384277,-0.03200443461537361,attack,No
3575,0,0,0.0011695102607038447,-6.795787334442139,-0.04578733071684837,attack,No
3576,0,0,0.0031726821238036353,-5.790266990661621,-0.04026676341891289,attack,No
3577,0,0,0.060086656906500974,-2.9088234901428223,-0.15882360935211182,attack,No
3578,0,0,0.012431652499674001,-4.484006404876709,-0.10900653898715973,attack,No
3579,0,0,0.0046095725383238405,-5.4320149421691895,-0.05701502040028572,attack,No
3580,0,0,0.0046095725554166815,-5.423205852508545,-0.04820593446493149,attack,No
3581,0,0,0.01406362384068019,-4.337080478668213,-0.08708024770021439,attack,No
3582,0,0,0.012431648520661262,-4.434273719787598,-0.059273529797792435,attack,No
3583,0,0,0.014063625080382796,-4.347075462341309,-0.09707532078027725,attack,No
3584,0,0,0.001032230971451175,-6.9110517501831055,-0.036051686853170395,attack,No
3585,0,0,0.007577241267860811,-4.968283653259277,-0.09328365325927734,attack,No
3586,0,1,0.9579122726851417,-0.23326538503170013,-3.3582653999328613,attack,Yes
3587,0,0,0.0035936029682541414,-5.671751499176025,-0.046751607209444046,attack,No
3588,0,0,0.0035936027414893473,-5.660823822021484,-0.03582386672496796,attack,No
3589,0,0,0.005911067586607513,-5.2159223556518555,-0.09092213958501816,attack,No
3590,0,0,0.008577487061048297,-4.9151506423950195,-0.16515083611011505,attack,No
3591,0,0,0.0021827167212043405,-6.1653594970703125,-0.04035962373018265,attack,No
3592,0,0,0.002472623542550256,-6.062994956970215,-0.06299511343240738,attack,No
3593,0,0,0.0035936023679944244,-5.762966632843018,-0.1379665732383728,attack,No
3594,0,0,0.009708474439975514,-4.6787590980529785,-0.0537588857114315,attack,No
3595,0,0,0.004070137700795395,-5.547190189361572,-0.04719018563628197,attack,No
3596,0,0,0.0013250223432698723,-6.679357051849365,-0.05435699597001076,attack,No
3597,0,0,0.004609571358918011,-5.439492702484131,-0.06449252367019653,attack,No
3598,0,0,0.014063624873765687,-4.366145133972168,-0.11614497750997543,attack,No
3599,0,0,0.004609571170896819,-5.436777114868164,-0.06177689507603645,attack,No
3600,0,0,0.003593603221697163,-5.692275524139404,-0.06727570295333862,attack,No
3601,0,0,0.015906389379279733,-4.216455936431885,-0.09145578742027283,attack,No
3602,0,0,0.01243164865786858,-4.598695755004883,-0.2236955761909485,attack,No
3603,0,0,0.005911070082099775,-5.29507303237915,-0.1700732409954071,attack,No
3604,0,0,0.06008664596619963,-2.9162979125976562,-0.16629783809185028,attack,No
3605,0,0,0.04208772431105632,-3.2502894401550293,-0.12528935074806213,attack,No
3606,0,0,0.004070138637040841,-5.5414137840271,-0.041414011269807816,attack,No
3607,0,0,0.0028009274249427897,-5.917929172515869,-0.04292933642864227,attack,No
3608,0,0,0.09534947004048376,-2.454073190689087,-0.2040732502937317,attack,No
3609,0,0,0.012431648200510868,-4.447709083557129,-0.0727088674902916,attack,No
3610,0,0,0.004070137564888817,-5.558326244354248,-0.05832620710134506,attack,No
3611,0,0,0.007577242052239898,-4.939143657684326,-0.06414376199245453,attack,No
3612,0,0,0.004609571769146091,-5.426511287689209,-0.05151119828224182,attack,No
3613,0,0,0.0013250222200310669,-6.6949591636657715,-0.06995901465415955,attack,No
3614,0,0,0.004609571410196518,-5.4185895919799805,-0.04358942434191704,attack,No
3615,0,0,0.017986209040909668,-4.062855243682861,-0.06285519152879715,attack,No
3616,0,0,0.005220124610240159,-5.338466644287109,-0.08846643567085266,attack,No
3617,0,0,0.00669285057756169,-5.0707526206970215,-0.0707525685429573,attack,No
3618,0,0,0.0066928515681993535,-5.114719390869141,-0.11471948772668839,attack,No
3619,0,0,0.002800926852665531,-5.929234981536865,-0.05423494055867195,attack,No
3620,0,0,0.0040701384407312935,-5.571926116943359,-0.0719262957572937,attack,No
3621,0,0,0.014063626320085508,-4.348208904266357,-0.09820885211229324,attack,No
3622,0,0,0.01406362890279984,-4.338240623474121,-0.08824075758457184,attack,No
3623,0,0,0.003593602954915036,-5.712926387786865,-0.08792649209499359,attack,No
3624,0,0,0.004070138123615894,-5.54832124710083,-0.04832134768366814,attack,No
3625,0,0,0.009708477269420993,-4.699465751647949,-0.07446583360433578,attack,No
3626,0,0,0.0019267343337919433,-6.297796726226807,-0.04779655486345291,attack,No
3627,0,0,0.1480471980316895,-2.021531105041504,-0.2715311050415039,attack,No
3628,0,0,0.004070138078313694,-5.557209491729736,-0.05720958113670349,attack,No
3629,0,0,0.0021827163642101403,-6.200779914855957,-0.07577987760305405,attack,No
3630,0,0,0.07585817270885642,-2.7360446453094482,-0.23604454100131989,attack,No
3631,0,0,0.029312233295254994,-3.6120214462280273,-0.1120215356349945,attack,No
3632,0,0,0.006692852113050128,-5.072682857513428,-0.07268303632736206,attack,No
3633,0,0,0.18242552825126704,-1.8437178134918213,-0.3437178432941437,attack,No
3634,0,0,0.014063624253914378,-4.3518266677856445,-0.10182646661996841,attack,No
3635,0,0,0.0021827161045780323,-6.1537909507751465,-0.02879079431295395,attack,No
3636,0,0,0.0017007224999840227,-6.456619739532471,-0.08161979168653488,attack,No
3637,0,0,0.0028009266757798557,-5.935251712799072,-0.06025160849094391,attack,No
3638,0,0,0.03732689109229525,-3.3861663341522217,-0.13616643846035004,attack,No
3639,0,0,0.04208773031866069,-3.242109775543213,-0.11710983514785767,attack,No
3640,0,0,0.00970847662473714,-4.71931266784668,-0.09431268274784088,attack,No
3641,0,0,0.00669285191492257,-5.048517227172852,-0.0485173761844635,attack,No
3642,0,0,0.004070137625291741,-5.576894760131836,-0.07689473778009415,attack,No
3643,0,0,0.0009110512452632187,-7.047589302062988,-0.04758935794234276,attack,No
3644,0,0,0.001501182189729658,-6.544450283050537,-0.04445023834705353,attack,No
3645,0,0,0.05340333507274787,-3.000990390777588,-0.12599049508571625,attack,No
3646,0,0,0.029312230751356316,-3.6783556938171387,-0.17835569381713867,attack,No
3647,0,0,0.22270014914315833,-1.618072748184204,-0.3680728077888489,attack,No
3648,0,0,0.001926734584525495,-6.288347244262695,-0.03834720328450203,attack,No
3649,0,0,0.014063625390308462,-4.479063034057617,-0.22906291484832764,attack,No
3650,0,0,0.0035936023012989055,-5.675197124481201,-0.050197046250104904,attack,No
3651,0,0,0.0009110512588265721,-7.043733596801758,-0.04373366758227348,attack,No
3652,0,0,0.004070137444082972,-5.5749993324279785,-0.07499926537275314,attack,No
3653,0,0,0.0028009271648167487,-5.9192609786987305,-0.04426104947924614,attack,No
3654,0,0,0.009708476338210996,-4.68912935256958,-0.06412933766841888,attack,No
3655,0,0,0.0017007226707565954,-6.4348273277282715,-0.05982748046517372,attack,No
3656,0,0,0.0052201249197596335,-5.330728530883789,-0.08072838187217712,attack,No
3657,0,0,0.047425875197120895,-3.1427783966064453,-0.1427784413099289,attack,No
3658,0,0,0.008577484590043946,-4.836647987365723,-0.0866478905081749,attack,No
3659,0,0,0.06008664596619963,-2.900688409805298,-0.15068833529949188,attack,No
3660,0,0,0.014063626526702639,-4.314683437347412,-0.06468340009450912,attack,No
3661,0,0,0.012431651767901451,-4.486900806427002,-0.11190088093280792,attack,No
3662,0,0,0.02595735606753309,-3.7523369789123535,-0.12733693420886993,attack,No
3663,0,0,0.007577241351901423,-4.934607028961182,-0.059607040137052536,attack,No
3664,0,0,0.0017007224430598356,-6.416582107543945,-0.041582126170396805,attack,No
3665,0,0,0.04208772431105632,-3.4229605197906494,-0.29796043038368225,attack,No
3666,0,0,0.015906391945068224,-4.235985279083252,-0.11098529398441315,attack,No
3667,0,0,0.022977370244547896,-3.849937677383423,-0.09993769228458405,attack,No
3668,0,0,0.004609572384488282,-5.423880100250244,-0.04888014495372772,attack,No
3669,0,0,0.0024726232760847976,-6.049010753631592,-0.04901080206036568,attack,No
3670,0,0,0.0052201254614187564,-5.307163238525391,-0.05716319382190704,attack,No
3671,0,0,0.004609571871703117,-5.44511079788208,-0.0701107308268547,attack,No
3672,0,0,0.025957354937269386,-3.7401068210601807,-0.1151067316532135,attack,No
3673,0,0,0.01243165140201519,-4.463600158691406,-0.08860020339488983,attack,No
3674,0,0,0.0017007222280129232,-6.414190292358398,-0.03919018432497978,attack,No
3675,0,0,0.001501182424255338,-6.561980724334717,-0.06198083609342575,attack,No
3676,0,0,0.0035936027414893473,-5.699257850646973,-0.07425789535045624,attack,No
3677,0,0,0.0066928517663269035,-5.112102508544922,-0.11210263520479202,attack,No
3678,0,0,0.04742587385075148,-3.117312431335449,-0.11731244623661041,attack,No
3679,0,0,0.2018132174596823,-1.7123761177062988,-0.33737608790397644,attack,No
3680,0,0,0.005220125635523485,-5.306483745574951,-0.056483734399080276,attack,No
3681,0,0,0.0005527785422499691,-7.575284957885742,-0.07528478652238846,attack,No
3682,0,0,0.00757724180011804,-4.935981273651123,-0.06098134443163872,attack,No
3683,0,0,0.0031726822298386082,-5.8396782875061035,-0.089678093791008,attack,No
3684,0,0,0.022977371917159397,-3.8596558570861816,-0.1096559464931488,attack,No
3685,0,0,0.1480471980316895,-2.09192156791687,-0.3419215679168701,attack,No
3686,0,0,0.002472623542550256,-6.046385288238525,-0.046385444700717926,attack,No
3687,0,0,0.004070137640392471,-5.55532693862915,-0.0553269200026989,attack,No
3688,0,0,0.09534946361376598,-2.4423892498016357,-0.19238923490047455,attack,No
3689,0,0,0.20181321265898594,-1.7213358879089355,-0.34633582830429077,attack,No
3690,0,0,0.001169510413012303,-6.789852619171143,-0.039852745831012726,attack,No
3691,0,0,0.0059110674990464,-5.191158771514893,-0.06615854054689407,attack,No
3692,0,0,0.002800927331297412,-5.927793979644775,-0.05279411002993584,attack,No
3693,0,0,0.00757724180011804,-4.931389808654785,-0.05638987943530083,attack,No
3694,0,0,0.008577487187766488,-4.813793659210205,-0.06379386782646179,attack,No
3695,0,0,0.0035936018344303144,-5.689643383026123,-0.06464317440986633,attack,No
3696,0,0,0.0035936030216105657,-5.671771049499512,-0.04677117243409157,attack,No
3697,0,0,0.005220125132554282,-5.304317474365234,-0.05431736633181572,attack,No
3698,0,0,0.06008665354025422,-2.906500816345215,-0.15650087594985962,attack,No
3699,0,1,0.7549149813536518,-0.44679585099220276,-1.5717958211898804,attack,Yes
3700,0,0,0.0035936025814200896,-5.671116828918457,-0.04611682891845703,attack,No
3701,0,0,0.009708478630420372,-4.834346294403076,-0.20934651792049408,attack,No
3702,0,0,0.29421496597446145,-1.3445218801498413,-0.4695218503475189,attack,No
3703,0,0,0.0028009276122335546,-5.916652679443359,-0.04165291041135788,attack,No
3704,0,0,0.002182716201940069,-6.177021026611328,-0.05202091485261917,attack,No
3705,0,0,0.0035936026080982987,-5.674830436706543,-0.049830444157123566,attack,No
3706,0,0,0.0035936017677348064,-5.679388046264648,-0.05438781902194023,attack,No
3707,0,0,0.005220126854256756,-5.3207502365112305,-0.07075046002864838,attack,No
3708,0,0,0.012431650304356473,-4.4632673263549805,-0.08826728165149689,attack,No
3709,0,0,0.0075772397551299425,-4.96876859664917,-0.0937683954834938,attack,No
3710,0,0,0.009708478057367978,-4.714576244354248,-0.08957640826702118,attack,No
3711,0,1,0.7981867729389246,-0.38352110981941223,-1.7585210800170898,attack,Yes
3712,0,0,0.003172683514040231,-5.806082248687744,-0.05608246102929115,attack,No
3713,0,0,0.005911068856243796,-5.190765380859375,-0.065765380859375,attack,No
3714,0,0,0.004609573170758976,-5.450258255004883,-0.07525847107172012,attack,No
3715,0,0,0.01243165222525929,-4.477078914642334,-0.10207902640104294,attack,No
3716,0,0,0.008577485413711986,-4.818134307861328,-0.06813430786132812,attack,No
3717,0,0,0.0024726226145155086,-6.036934852600098,-0.03693463280797005,attack,No
3718,0,0,0.0010322312211416022,-6.9137749671936035,-0.03877514600753784,attack,No
3719,0,0,0.01243165277408872,-4.440578460693359,-0.06557861715555191,attack,No
3720,0,0,0.012431651767901451,-4.440382480621338,-0.06538255512714386,attack,No
3721,0,0,0.001501182318160383,-6.540813446044922,-0.04081348702311516,attack,No
3722,0,0,0.00857748636409828,-4.820411205291748,-0.070411317050457,attack,No
3723,0,0,0.08509903804604459,-2.558561086654663,-0.18356099724769592,attack,No
3724,0,0,0.07585817897661679,-2.701087474822998,-0.20108745992183685,attack,No
3725,0,0,0.005220125809628221,-5.320788860321045,-0.07078888267278671,attack,No
3726,0,0,0.07585818524437762,-2.6676554679870605,-0.16765554249286652,attack,No
3727,0,0,0.015906394510857135,-4.209275722503662,-0.08427590131759644,attack,No
3728,0,0,0.001926735043009789,-6.2919745445251465,-0.0419747419655323,attack,No
3729,0,0,0.03732688654095113,-3.35988712310791,-0.10988710075616837,attack,No
3730,0,0,0.010986944735546109,-4.584408283233643,-0.0844084769487381,attack,No
3731,0,0,0.003172683078118521,-5.865777492523193,-0.11577756702899933,attack,No
3732,0,0,0.0052201259256980485,-5.320140361785889,-0.07014040648937225,attack,No
3733,0,0,0.01098694392594878,-4.619243621826172,-0.11924374103546143,attack,No
3734,0,0,0.003593603168340736,-5.697047710418701,-0.0720478743314743,attack,No
3735,0,0,0.008577483703016914,-4.828398704528809,-0.07839850336313248,attack,No
3736,0,0,0.012431650944657377,-4.461009502410889,-0.08600950986146927,attack,No
3737,0,0,0.0021827159747619894,-6.183202266693115,-0.058202050626277924,attack,No
3738,0,0,0.0035936023679944244,-5.6616058349609375,-0.036605775356292725,attack,No
3739,0,0,0.11920291576401235,-2.251242160797119,-0.25124210119247437,attack,No
3740,0,0,0.0046095731536661315,-5.425645351409912,-0.05064556375145912,attack,No
3741,0,0,0.00033535015169705866,-8.040992736816406,-0.040992800146341324,attack,No
3742,0,0,0.010986943764029325,-4.711948394775391,-0.21194849908351898,attack,No
3743,0,0,0.005911068571670123,-5.180717945098877,-0.05571789667010307,attack,No
3744,0,0,0.0124316506702427,-4.460678577423096,-0.08567856252193451,attack,No
3745,0,0,0.005220125732248338,-5.3184967041015625,-0.0684967115521431,attack,No
3746,0,0,0.0035936023413162166,-5.710853576660156,-0.08585350960493088,attack,No
3747,0,0,0.09534945718704857,-2.4797756671905518,-0.2297755777835846,attack,No
3748,0,0,0.008577485730507404,-4.8133697509765625,-0.06336978822946548,attack,No
3749,0,0,0.012431653505861328,-4.435539245605469,-0.06053946167230606,attack,No
3750,0,0,0.004070137444082972,-5.565305233001709,-0.06530516594648361,attack,No
3751,0,0,0.03308597743528921,-3.464637041091919,-0.08963701128959656,attack,No
3752,0,0,0.003593603155001629,-5.671553134918213,-0.046553295105695724,attack,No
3753,0,0,0.008577484590043946,-4.815010070800781,-0.06500997394323349,attack,No
3754,0,0,0.002182716583274756,-6.166083812713623,-0.04108387604355812,attack,No
3755,0,0,0.012431647926096252,-4.529362678527832,-0.15436244010925293,attack,No
3756,0,0,0.01590638879614604,-4.199692726135254,-0.07469253987073898,attack,No
3757,0,0,0.00591106784929086,-5.200080394744873,-0.07508022338151932,attack,No
3758,0,0,0.022977370077286757,-3.833271026611328,-0.08327103406190872,attack,No
3759,0,0,0.0006263341371230841,-7.411238670349121,-0.03623863682150841,attack,No
3760,0,1,0.939913350667554,-0.16811321675777435,-2.9181132316589355,attack,Yes
3761,0,0,0.008577485413711986,-4.809545040130615,-0.059545040130615234,attack,No
3762,0,0,0.0035936024480290474,-5.694445610046387,-0.06944557279348373,attack,No
3763,0,0,0.0011695105000457165,-6.832721710205078,-0.08272191137075424,attack,No
3764,0,0,0.03308597743528921,-3.4854705333709717,-0.11047050356864929,attack,No
3765,0,0,0.0010322310252306468,-6.92727518081665,-0.052275169640779495,attack,No
3766,0,0,0.0021827165670477468,-6.1814188957214355,-0.056418951600790024,attack,No
3767,0,0,0.007577242304361764,-4.937211036682129,-0.06221117451786995,attack,No
3768,0,0,0.0035936017277175022,-5.737790107727051,-0.11278986930847168,attack,No
3769,0,0,0.02931222820745785,-3.771373987197876,-0.2713738977909088,attack,No
3770,0,0,0.0046095727947164525,-5.437084674835205,-0.06208480894565582,attack,No
3771,0,0,0.0159063898457867,-4.199371337890625,-0.07437121868133545,attack,No
3772,0,0,0.0035936017810739075,-5.694390296936035,-0.06939007341861725,attack,No
3773,0,0,0.003172682147366963,-5.787965774536133,-0.0379655547440052,attack,No
3774,0,0,0.007577240539508873,-4.93421745300293,-0.05921735614538193,attack,No
3775,0,0,0.008577487251125584,-4.820285320281982,-0.07028553634881973,attack,No
3776,0,0,0.0046095728630878175,-5.434823513031006,-0.0598236620426178,attack,No
3777,0,0,0.033085981248949035,-3.5999350547790527,-0.2249351441860199,attack,No
3778,0,0,0.0031726823947819073,-5.837851524353027,-0.087851382791996,attack,No
3779,0,0,0.0019267350788288787,-6.30380916595459,-0.053809382021427155,attack,No
3780,0,0,0.014063627146554044,-4.320531845092773,-0.07053185254335403,attack,No
3781,0,0,0.11920292515117029,-2.2879977226257324,-0.2879977524280548,attack,No
3782,0,0,0.006692851716795015,-5.050102710723877,-0.050102829933166504,attack,No
3783,0,0,0.0005527787562947218,-7.524847507476807,-0.02484772354364395,attack,No
3784,0,0,0.1480472055495773,-2.0341672897338867,-0.2841673493385315,attack,No
3785,0,0,0.3775406547908327,-1.1605989933013916,-0.6605989336967468,attack,No
3786,0,0,0.004609571529846373,-5.455190658569336,-0.0801905170083046,attack,No
3787,0,0,0.014063629006108426,-4.342658042907715,-0.09265818446874619,attack,No
3788,0,0,0.01798621417320936,-4.141861915588379,-0.141862154006958,attack,No
3789,0,0,0.0017007220572403947,-6.425093173980713,-0.05009296536445618,attack,No
3790,0,0,0.015906393111335862,-4.38826322555542,-0.2632633149623871,attack,No
3791,0,0,0.01590639229494851,-4.1991496086120605,-0.07414964586496353,attack,No
3792,0,0,0.015906392644828796,-4.204814434051514,-0.07981449365615845,attack,No
3793,0,0,0.014063629212725592,-4.3265814781188965,-0.07658163458108902,attack,No
3794,0,0,0.001926735093156515,-6.280666351318359,-0.030666574835777283,attack,No
3795,0,0,0.01590639217832175,-4.226509094238281,-0.10150912404060364,attack,No
3796,0,0,0.003593602181246977,-5.6899285316467285,-0.06492841988801956,attack,No
3797,0,0,0.007577242500456555,-4.930568218231201,-0.055568382143974304,attack,No
3798,0,0,0.009708478773683474,-4.687594413757324,-0.06259465217590332,attack,No
3799,0,0,0.005220126718841935,-5.2999267578125,-0.04992695525288582,attack,No
3800,0,1,0.6224593312018546,-0.6072444915771484,-1.1072444915771484,attack,Yes
3801,0,0,0.10669059820623795,-2.3373970985412598,-0.21239714324474335,attack,No
3802,0,0,0.00857748566714832,-4.81562614440918,-0.06562617421150208,attack,No
3803,0,0,0.017986210093688976,-4.079649925231934,-0.07964993268251419,attack,No
3804,0,0,0.0028009264676790765,-5.951179027557373,-0.07617884874343872,attack,No
3805,0,0,0.005911067805510302,-5.191934108734131,-0.06693392992019653,attack,No
3806,0,0,0.006692850701391389,-5.060577869415283,-0.06057783588767052,attack,No
3807,0,0,0.0011695099909003392,-6.78890323638916,-0.03890300169587135,attack,No
3808,0,1,0.8807970842359877,-0.31978338956832886,-2.3197834491729736,attack,Yes
3809,0,0,0.008577485540430151,-4.8393168449401855,-0.08931685984134674,attack,No
3810,0,0,0.009708474977211935,-4.718391418457031,-0.09339126199483871,attack,No
3811,0,0,0.0159063898457867,-4.25229024887085,-0.12729012966156006,attack,No
3812,0,0,0.005911067783620022,-5.1782073974609375,-0.053207214921712875,attack,No
3813,0,0,0.009708474260896714,-4.7275261878967285,-0.10252595692873001,attack,No
3814,0,0,0.0028009273625125377,-5.940314292907715,-0.06531443446874619,attack,No
3815,0,0,0.022977371582637088,-3.8257148265838623,-0.07571490108966827,attack,No
3816,0,0,0.015906394977364253,-4.212954998016357,-0.08795520663261414,attack,No
3817,0,0,0.05340333431947304,-3.027630090713501,-0.15263018012046814,attack,No
3818,0,0,0.0011695101475604319,-6.7914557456970215,-0.041455645114183426,attack,No
3819,0,0,0.033085976958581766,-3.5750043392181396,-0.20000429451465607,attack,No
3820,0,0,0.0009110512113548363,-7.05274772644043,-0.05274774506688118,attack,No
3821,0,0,0.0021827169564960034,-6.170914173126221,-0.045914407819509506,attack,No
3822,0,0,0.020332353936289693,-3.953975200653076,-0.07897523045539856,attack,No
3823,0,0,0.007577239615062284,-4.930278301239014,-0.05527808144688606,attack,No
3824,0,0,0.006692852212113911,-5.092645168304443,-0.09264536201953888,attack,No
3825,0,0,0.010986943561630004,-4.560111999511719,-0.060112085193395615,attack,No
3826,0,0,0.4073334000459302,-1.0507965087890625,-0.6757965087890625,attack,No
3827,0,0,0.029312230115381685,-3.6009130477905273,-0.10091302543878555,attack,No
3828,0,0,0.005220125732248338,-5.321231365203857,-0.07123137265443802,attack,No
3829,0,0,0.003593603275053591,-5.665866851806641,-0.040867045521736145,attack,No
3830,0,0,0.003172682866048522,-5.807293891906738,-0.05729389935731888,attack,No
3831,0,0,0.09534947004048376,-2.458448648452759,-0.20844870805740356,attack,No
3832,0,0,0.015906389729159958,-4.2091383934021,-0.08413826674222946,attack,No
3833,0,0,0.004070137595090279,-5.784074306488037,-0.2840742766857147,attack,No
3834,0,0,0.00970847598005333,-4.696262836456299,-0.07126278430223465,attack,No
3835,0,0,0.03308597934211908,-3.4751131534576416,-0.10011318325996399,attack,No
3836,0,0,0.0040701374742844335,-5.541172027587891,-0.04117196798324585,attack,No
3837,0,0,0.0024726225777616647,-6.044283866882324,-0.044283632189035416,attack,No
3838,0,0,0.004070138455832028,-5.552042007446289,-0.05204218998551369,attack,No
3839,0,0,0.004609573204944661,-5.414608955383301,-0.03960917890071869,attack,No
3840,0,0,0.005911070016428912,-5.186194896697998,-0.061195094138383865,attack,No
3841,0,0,0.010986941578116865,-4.562088489532471,-0.06208839267492294,attack,No
3842,0,0,0.015906389729159958,-4.200435161590576,-0.07543503493070602,attack,No
3843,0,0,0.0066928517663269035,-5.0683417320251465,-0.06834185868501663,attack,No
3844,0,0,0.02297737174989824,-3.8319411277770996,-0.08194120973348618,attack,No
3845,0,0,0.014063624770457132,-4.338818550109863,-0.08881838619709015,attack,No
3846,0,0,0.0015011820054595065,-6.5371294021606445,-0.0371292345225811,attack,No
3847,0,0,0.006692850503263871,-5.062283039093018,-0.062282975763082504,attack,No
3848,0,0,0.0015011823739998322,-6.551723957061768,-0.051724035292863846,attack,No
3849,0,0,0.012431651127600503,-4.462533473968506,-0.08753349632024765,attack,No
3850,0,0,0.0019267344555768072,-6.277868270874023,-0.027868162840604782,attack,No
3851,0,0,0.0031726831252451896,-5.8192644119262695,-0.0692645013332367,attack,No
3852,0,0,0.01243165140201519,-4.47944450378418,-0.10444454848766327,attack,No
3853,0,0,0.004609572640880884,-5.422514915466309,-0.04751501604914665,attack,No
3854,0,0,0.005911069994538625,-5.217119216918945,-0.09211941063404083,attack,No
3855,0,0,0.0059110695567328965,-5.194782257080078,-0.06978237628936768,attack,No
3856,0,0,0.01798620890931226,-4.1503705978393555,-0.1503705382347107,attack,No
3857,0,0,0.004070137957507836,-5.5704216957092285,-0.07042175531387329,attack,No
3858,0,0,0.003172683243061864,-5.799250602722168,-0.049250729382038116,attack,No
3859,0,0,0.006692849735519792,-5.091005802154541,-0.09100562334060669,attack,No
3860,0,0,0.012431649435376724,-4.436851978302002,-0.0618518628180027,attack,No
3861,0,0,0.002472623009619369,-6.0417633056640625,-0.041763246059417725,attack,No
3862,0,0,0.003593602207925183,-5.678371429443359,-0.05337132513523102,attack,No
3863,0,0,0.0373268852023206,-3.353705406188965,-0.10370534658432007,attack,No
3864,0,1,0.8807970748488297,-0.2616129219532013,-2.261612892150879,attack,Yes
3865,0,0,0.020332351710173755,-3.969578504562378,-0.09457842260599136,attack,No
3866,0,0,0.006692849685987919,-5.077523708343506,-0.07752352207899094,attack,No
3867,0,0,0.020332352749027827,-3.9492557048797607,-0.07425567507743835,attack,No
3868,0,0,0.007577240203346464,-4.921489715576172,-0.04648957401514053,attack,No
3869,0,0,0.0019267348209314455,-6.317625522613525,-0.06762560456991196,attack,No
3870,0,0,0.020332351116542875,-3.987473964691162,-0.11247385293245316,attack,No
3871,0,0,0.04742586913845881,-3.125483989715576,-0.125483900308609,attack,No
3872,0,0,0.0017007226138324027,-6.422683238983154,-0.04768335819244385,attack,No
3873,0,0,0.005220125151899251,-5.3125834465026855,-0.06258334219455719,attack,No
3874,0,0,0.005220125616178516,-5.303746700286865,-0.05374668538570404,attack,No
3875,0,0,0.004609572418673961,-5.446775913238525,-0.07177596539258957,attack,No
3876,0,0,0.00460957306820192,-5.441716194152832,-0.06671638786792755,attack,No
3877,0,0,0.005911067893071419,-5.291405200958252,-0.16640503704547882,attack,No
3878,0,0,0.020332353342658753,-3.9530444145202637,-0.07804441452026367,attack,No
3879,0,0,0.00757724009129233,-4.922178745269775,-0.047178588807582855,attack,No
3880,0,0,0.017986210488481234,-4.112362384796143,-0.11236241459846497,attack,No
3881,0,0,0.001501182189729658,-6.588809490203857,-0.08880944550037384,attack,No
3882,0,0,0.2018132270610754,-1.728442668914795,-0.3534426987171173,attack,No
3883,0,0,0.0028009264468689997,-5.914951324462891,-0.0399511381983757,attack,No
3884,0,0,0.01798620890931226,-4.072700500488281,-0.07270044088363647,attack,No
3885,0,0,0.006692851419603695,-5.075070858001709,-0.07507093250751495,attack,No
3886,0,0,0.0021827167212043405,-6.202429294586182,-0.07742942124605179,attack,No
3887,0,0,0.009708475299553801,-4.684560775756836,-0.05956065282225609,attack,No
3888,0,0,0.22270013882530884,-1.7594667673110962,-0.5094667673110962,attack,No
3889,0,0,0.001700722348186194,-6.425657272338867,-0.0506572350859642,attack,No
3890,0,1,0.7057850278370112,-0.5654481649398804,-1.4404481649398804,attack,Yes
3891,0,0,0.010986944897465581,-4.572797775268555,-0.0727979838848114,attack,No
3892,0,0,0.017986212330845203,-4.115286350250244,-0.11528648436069489,attack,No
3893,0,0,0.005911068287096462,-5.193456172943115,-0.06845607608556747,attack,No
3894,0,0,0.007577241884158658,-4.960866451263428,-0.0858665332198143,attack,No
3895,0,0,0.008577487187766488,-4.8229570388793945,-0.07295724749565125,attack,No
3896,0,0,0.005911068637340969,-5.205465793609619,-0.08046575635671616,attack,No
3897,0,0,0.0046095710854326425,-5.418233871459961,-0.043233633041381836,attack,No
3898,0,0,0.006692850899518915,-5.049120903015137,-0.04912089928984642,attack,No
3899,0,0,0.004609572042631499,-5.442780494689941,-0.06778046488761902,attack,No
3900,0,0,0.0019267351218117874,-6.317337989807129,-0.06733822822570801,attack,No
3901,0,0,0.002472622642080892,-6.049441337585449,-0.049441128969192505,attack,No
3902,0,0,0.37754066879814546,-1.154899001121521,-0.654899001121521,attack,No
3903,0,0,0.0013250223703824106,-6.653096675872803,-0.0280966404825449,attack,No
3904,0,0,0.007577241323887885,-4.947699546813965,-0.07269955426454544,attack,No
3905,0,0,0.014063626939936907,-4.349060535430908,-0.0990605279803276,attack,No
3906,0,0,0.009708474619054318,-4.692435264587402,-0.06743507087230682,attack,No
3907,0,0,0.012431648566397039,-4.475527763366699,-0.1005275771021843,attack,No
3908,0,0,0.005911067455265844,-5.210366249084473,-0.08536601066589355,attack,No
3909,0,0,0.008577483766375987,-4.815824508666992,-0.06582431495189667,attack,No
3910,0,0,0.0017007220825400275,-6.428410053253174,-0.05340985953807831,attack,No
3911,0,0,0.006692850973816738,-5.10347318649292,-0.10347319394350052,attack,No
3912,0,0,0.0035936021012123592,-5.712961673736572,-0.08796153962612152,attack,No
3913,0,0,0.0019267347636209094,-6.311201095581055,-0.061201147735118866,attack,No
3914,0,0,0.04742587115801275,-3.1291136741638184,-0.12911362946033478,attack,No
3915,0,0,0.005220125190589188,-5.321397304534912,-0.07139720767736435,attack,No
3916,0,0,0.020332353936289693,-4.083760738372803,-0.20876076817512512,attack,No
3917,0,0,0.022977367233847502,-3.8602118492126465,-0.11021173000335693,attack,No
3918,0,0,0.01798620759333822,-4.066075325012207,-0.06607519090175629,attack,No
3919,0,0,0.01243165204231615,-4.438067436218262,-0.06306753307580948,attack,No
3920,0,0,0.0028009273521074963,-5.929841995239258,-0.054842133074998856,attack,No
3921,0,0,0.003172682430126901,-5.80580472946167,-0.055804599076509476,attack,No
3922,0,0,0.014063629625959938,-4.330206394195557,-0.08020658046007156,attack,No
3923,0,0,0.007577242892646153,-4.919483661651611,-0.04448387771844864,attack,No
3924,0,0,0.008577487377843779,-4.844858169555664,-0.09485840052366257,attack,No
3925,0,0,0.003593603395105557,-5.662811756134033,-0.03781198337674141,attack,No
3926,0,0,0.042087725812957326,-3.2370288372039795,-0.11202878504991531,attack,No
3927,0,0,0.004609571734960417,-5.454965591430664,-0.0799654945731163,attack,No
3928,0,0,0.0040701384407312935,-5.577989101409912,-0.07798928022384644,attack,No
3929,0,0,0.007577241211833736,-4.949403762817383,-0.07440375536680222,attack,No
3930,0,0,0.010986944168827973,-4.558086395263672,-0.05808653682470322,attack,No
3931,0,0,0.004070138365227625,-5.548863410949707,-0.048863571137189865,attack,No
3932,0,0,0.004609572230652725,-5.420223712921143,-0.045223724097013474,attack,No
3933,0,0,0.0017007220319407623,-6.423828601837158,-0.048828378319740295,attack,No
3934,0,0,0.11920291107043361,-2.2032227516174316,-0.20322264730930328,attack,No
3935,0,0,0.008577485603789237,-4.813591957092285,-0.06359197944402695,attack,No
3936,0,0,0.0008040859056987868,-7.176272869110107,-0.05127283185720444,attack,No
3937,0,0,0.005911069753745469,-5.18598747253418,-0.060987625271081924,attack,No
3938,0,0,0.002472623432288684,-6.04443359375,-0.044433705508708954,attack,No
3939,0,0,0.03308597743528921,-3.462390661239624,-0.08739063143730164,attack,No
3940,0,0,0.014063627663096904,-4.352293491363525,-0.10229353606700897,attack,No
3941,0,0,0.06008664512463808,-2.928663730621338,-0.17866364121437073,attack,No
3942,0,0,0.05340332829327471,-3.2367916107177734,-0.36179158091545105,attack,No
3943,0,0,0.008577486997689203,-4.809731960296631,-0.05973214656114578,attack,No
3944,0,0,0.012431652591145573,-4.443418979644775,-0.06841912120580673,attack,No
3945,0,0,0.0017007223798107408,-6.410887718200684,-0.0358876995742321,attack,No
3946,0,0,0.09534946104307897,-2.4824776649475098,-0.23247762024402618,attack,No
3947,0,0,0.0035936033817664495,-5.668929576873779,-0.043929800391197205,attack,No
3948,0,0,0.042087725812957326,-3.231583595275879,-0.10658354312181473,attack,No
3949,0,0,0.00026119036919263866,-8.271132469177246,-0.021132661029696465,attack,No
3950,0,0,0.004609571683681904,-5.4319024085998535,-0.05690230056643486,attack,No
3951,0,0,0.012431648566397039,-4.481662273406982,-0.1066620871424675,attack,No
3952,0,0,0.020332355123551627,-3.9811158180236816,-0.1061159074306488,attack,No
3953,0,0,0.0013250223235516626,-6.668832778930664,-0.04383270815014839,attack,No
3954,0,0,0.00970847519210651,-4.766773223876953,-0.14177308976650238,attack,No
3955,0,0,0.10669059820623795,-2.3201541900634766,-0.19515423476696014,attack,No
3956,0,0,0.017986214041611912,-4.081254959106445,-0.08125519007444382,attack,No
3957,0,0,0.006692849636456047,-5.127662658691406,-0.12766246497631073,attack,No
3958,0,0,0.002182716615728775,-6.173374652862549,-0.048374731093645096,attack,No
3959,0,0,0.033085976005166884,-3.50919771194458,-0.1341976374387741,attack,No
3960,0,0,0.01406362456384003,-4.32553768157959,-0.07553750276565552,attack,No
3961,0,0,0.06754668785475053,-2.7499160766601562,-0.12491602450609207,attack,No
3962,0,0,0.007577241884158658,-4.960996627807617,-0.08599670976400375,attack,No
3963,0,0,0.0031726834315685517,-5.797603607177734,-0.0476037934422493,attack,No
3964,0,0,0.005220124977794536,-5.3091888427734375,-0.05918870493769646,attack,No
3965,0,0,0.002800926873475611,-5.927162170410156,-0.052162136882543564,attack,No
3966,0,0,0.08509904964767095,-2.6049654483795166,-0.22996550798416138,attack,No
3967,0,0,0.0009110513232525035,-7.0744171142578125,-0.07441725581884384,attack,No
3968,0,0,0.09534946232842245,-2.4637863636016846,-0.21378633379936218,attack,No
3969,0,0,0.01798620667215645,-4.098095893859863,-0.09809570759534836,attack,No
3970,0,0,0.0008040859206640109,-7.166840553283691,-0.041840534657239914,attack,No
3971,0,0,0.012431652179523503,-4.429140090942383,-0.05414019897580147,attack,No
3972,0,0,0.005220125151899251,-5.323449611663818,-0.07344950735569,attack,No
3973,0,0,0.009708478057367978,-4.7135910987854,-0.08859126269817352,attack,No
3974,0,0,0.0017007225063089325,-6.41371488571167,-0.0387149415910244,attack,No
3975,0,0,0.02931222799546632,-3.5883028507232666,-0.08830275386571884,attack,No
3976,0,0,0.001501182558270029,-6.550175189971924,-0.050175391137599945,attack,No
3977,0,0,0.014063629832577114,-4.314334392547607,-0.06433459371328354,attack,No
3978,0,0,0.037326884666868405,-3.394521713256836,-0.14452163875102997,attack,No
3979,0,0,0.001501182301408549,-6.573309898376465,-0.07330992817878723,attack,No
3980,0,0,0.3486451488696663,-1.1877281665802002,-0.562728226184845,attack,No
3981,0,0,0.0019267345988531277,-6.28084659576416,-0.03084656223654747,attack,No
3982,0,0,0.0013250225108746658,-6.6870317459106445,-0.0620318166911602,attack,No
3983,0,0,0.14804719051380197,-2.0055980682373047,-0.2555980086326599,attack,No
3984,0,0,0.2942149597859341,-1.3900055885314941,-0.5150055289268494,attack,No
3985,0,0,0.26894141551050293,-1.4589844942092896,-0.45898446440696716,attack,No
3986,0,0,0.0024726232025770903,-6.060376167297363,-0.060376185923814774,attack,No
3987,0,0,0.008577486110661925,-4.810407638549805,-0.060407720506191254,attack,No
3988,0,0,0.02931223371923813,-3.5964980125427246,-0.09649811685085297,attack,No
3989,0,0,0.005911069469171754,-5.176902770996094,-0.05190287530422211,attack,No
3990,0,0,0.005220125113209313,-5.311018466949463,-0.06101835519075394,attack,No
3991,0,0,0.5,-0.8374642133712769,-0.8374642133712769,attack,No
3992,0,0,0.017986213910014467,-4.146707534790039,-0.14670775830745697,attack,No
3993,0,0,0.34864513533394575,-1.1843148469924927,-0.5593148469924927,attack,No
3994,0,0,0.0019267344699044388,-6.3013691902160645,-0.051369089633226395,attack,No
3995,0,0,0.002800926738210093,-5.920166492462158,-0.04516641050577164,attack,No
3996,0,0,0.2018132270610754,-1.7341972589492798,-0.3591972887516022,attack,No
3997,0,0,0.015906393694469712,-4.188639163970947,-0.06363929063081741,attack,No
3998,0,0,0.00970847841552572,-4.713548183441162,-0.08854838460683823,attack,No
3999,0,0,0.004070137081665462,-5.582518577575684,-0.08251842111349106,attack,No
4000,0,0,0.00757723953102169,-4.934955596923828,-0.05995536595582962,attack,No
4001,0,0,0.025957359269947192,-3.719736337661743,-0.09473641961812973,attack,No
4002,0,0,0.0011695100083070151,-6.7957234382629395,-0.045723218470811844,attack,No
4003,0,0,0.007577242164294059,-4.947051525115967,-0.07205164432525635,attack,No
4004,0,0,0.06754668550840877,-2.8020918369293213,-0.17709174752235413,attack,No
4005,0,0,0.007577242668537808,-4.968493461608887,-0.09349364787340164,attack,No
4006,0,0,0.0011695099865486702,-6.792292594909668,-0.04229235649108887,attack,No
4007,0,0,0.0021827167698853724,-6.186495304107666,-0.061495453119277954,attack,No
4008,0,0,0.0179862133836247,-4.094414234161377,-0.09441442787647247,attack,No
4009,0,0,0.3208212878370535,-1.2973084449768066,-0.5473083853721619,attack,No
4010,0,1,0.8175744806385543,-0.33502277731895447,-1.8350228071212769,attack,Yes
4011,0,0,0.004609571529846373,-5.451187610626221,-0.07618746906518936,attack,No
4012,0,0,0.006692851964454458,-5.089352130889893,-0.08935228735208511,attack,No
4013,0,0,0.025957358704815272,-3.722805976867676,-0.09780603647232056,attack,No
4014,0,0,0.03732688975366457,-3.363785982131958,-0.11378604918718338,attack,No
4015,0,0,0.010986945059385054,-4.608865737915039,-0.10886596143245697,attack,No
4016,0,0,0.009708474762317362,-4.780691623687744,-0.15569144487380981,attack,No
4017,0,0,0.007577240175332931,-4.927350997924805,-0.05235085263848305,attack,No
4018,0,0,0.010986943197311236,-4.567147254943848,-0.06714730709791183,attack,No
4019,0,0,0.008577485540430151,-4.819360256195068,-0.06936027109622955,attack,No
4020,0,0,0.00522012654473717,-5.381343841552734,-0.1313440054655075,attack,No
4021,0,0,0.04742586846527418,-3.164707899093628,-0.16470779478549957,attack,No
4022,0,0,0.022977370244547896,-3.8781466484069824,-0.12814666330814362,attack,No
4023,0,0,0.004070137519586624,-5.5543718338012695,-0.05437178537249565,attack,No
4024,0,0,0.003593602661454718,-5.693198204040527,-0.06819822639226913,attack,No
4025,0,0,0.0015011823125764385,-6.567503452301025,-0.06750348955392838,attack,No
4026,0,0,0.017986210751676075,-4.081782341003418,-0.08178238570690155,attack,No
4027,0,0,0.08509903920620716,-2.5981876850128174,-0.2231876105070114,attack,No
4028,0,0,0.004070137021262546,-5.56352424621582,-0.06352407485246658,attack,No
4029,0,0,0.004609571222175325,-5.440098762512207,-0.06509855389595032,attack,No
4030,0,0,0.022977372418942873,-3.8438632488250732,-0.0938633605837822,attack,No
4031,0,0,0.004070137262874213,-5.583668231964111,-0.08366812020540237,attack,No
4032,0,0,0.0024726229085462823,-6.054657936096191,-0.05465783551335335,attack,No
4033,0,0,0.003593602954915036,-5.70985746383667,-0.08485756814479828,attack,No
4034,0,0,0.005911069512952324,-5.193014144897461,-0.06801425665616989,attack,No
4035,0,0,0.012431651493486755,-4.471240520477295,-0.0962405726313591,attack,No
4036,0,0,0.0035936024213508388,-5.6964287757873535,-0.07142873108386993,attack,No
4037,0,0,0.042087725512577126,-3.2529945373535156,-0.12799447774887085,attack,No
4038,0,0,0.0017007221204894773,-6.420400142669678,-0.045399971306324005,attack,No
4039,0,0,0.10669058826486906,-2.3447508811950684,-0.21975082159042358,attack,No
4040,0,0,0.0019267344340853601,-6.311685562133789,-0.06168544292449951,attack,No
4041,0,0,0.1645164628965632,-1.882644534111023,-0.25764453411102295,attack,No
4042,0,0,0.0017007227593053436,-6.41713809967041,-0.04213830456137657,attack,No
4043,0,0,0.0028009274353478324,-5.921597957611084,-0.046598125249147415,attack,No
4044,0,0,0.005911067936851978,-5.1760663986206055,-0.05106624215841293,attack,No
4045,0,0,0.006692851865390681,-5.064915657043457,-0.06491579860448837,attack,No
4046,0,0,0.0035936032083580564,-5.679068088531494,-0.05406826362013817,attack,No
4047,0,0,0.0046095718375174415,-5.435124397277832,-0.06012432277202606,attack,No
4048,0,0,0.0675466845698721,-2.785203695297241,-0.16020359098911285,attack,No
4049,0,0,0.006692850949050797,-5.060819149017334,-0.06081915274262428,attack,No
4050,0,0,0.0052201248423797645,-5.46028995513916,-0.21028979122638702,attack,No
4051,0,0,0.0035936023279771133,-5.67105770111084,-0.04605763033032417,attack,No
4052,0,0,0.0028009268942856915,-5.929084777832031,-0.05408475175499916,attack,No
4053,0,0,0.00280092717522179,-5.927968502044678,-0.052968576550483704,attack,No
4054,0,0,0.005911068768682665,-5.198216438293457,-0.07321642339229584,attack,No
4055,0,0,0.37754066879814546,-1.057278037071228,-0.557278037071228,attack,No
4056,0,0,0.01798620877771485,-4.09360933303833,-0.0936092659831047,attack,No
4057,0,0,0.0010322310905342945,-6.910343170166016,-0.0353432223200798,attack,No
4058,0,0,0.005220126177182683,-5.296594619750977,-0.046594712883234024,attack,No
4059,0,0,0.014063629109417006,-4.549626350402832,-0.29962649941444397,attack,No
4060,0,0,0.001501181899364581,-6.535381317138672,-0.03538107872009277,attack,No
4061,0,0,0.006692849933647288,-5.096584320068359,-0.09658417105674744,attack,No
4062,0,0,0.004070138063212962,-5.539703845977783,-0.03970393165946007,attack,No
4063,0,0,0.06754669489377622,-2.7640466690063477,-0.13904672861099243,attack,No
4064,0,0,0.00757724278059198,-4.925638675689697,-0.05063887685537338,attack,No
4065,0,0,0.03732688814730781,-3.3748016357421875,-0.12480165809392929,attack,No
4066,0,0,0.004070138229321024,-5.571384429931641,-0.07138455659151077,attack,No
4067,0,0,0.000552778571063681,-7.563972473144531,-0.0639723539352417,attack,No
4068,0,0,0.0019267344699044388,-6.288385391235352,-0.038385290652513504,attack,No
4069,0,0,0.0031726823005285925,-5.786232948303223,-0.03623277693986893,attack,No
4070,0,0,0.017986209435701905,-4.296733379364014,-0.2967333495616913,attack,No
4071,0,0,0.0017007225505833018,-6.444029808044434,-0.06902989000082016,attack,No
4072,0,0,0.006692851221476155,-5.0718512535095215,-0.07185129821300507,attack,No
4073,0,0,0.004609573239130345,-5.420866012573242,-0.04586624354124069,attack,No
4074,0,0,0.004609572521231,-5.446340084075928,-0.0713401585817337,attack,No
4075,0,0,0.0035936030749669904,-5.687227725982666,-0.06222786381840706,attack,No
4076,0,0,0.10669060530721626,-2.4248080253601074,-0.299808144569397,attack,No
4077,0,0,0.012431648474925493,-4.456635475158691,-0.08163528144359589,attack,No
4078,0,0,0.005911069031366064,-5.265425205230713,-0.14042523503303528,attack,No
4079,0,0,0.007577240147319397,-4.960979461669922,-0.08597931265830994,attack,No
4080,0,0,0.014063626320085508,-4.329672336578369,-0.07967228442430496,attack,No
4081,0,0,0.18242552380635632,-1.8259389400482178,-0.3259389400482178,attack,No
4082,0,0,0.006692849834583539,-5.082385540008545,-0.08238537609577179,attack,No
4083,0,0,0.0019267348854058006,-6.294572353363037,-0.04457246884703636,attack,No
4084,0,0,0.014063626836628337,-4.32167911529541,-0.07167910039424896,attack,No
4085,0,0,0.004609572059724338,-5.428437232971191,-0.05343720689415932,attack,No
4086,0,0,0.0035936021012123592,-5.662087440490723,-0.03708730638027191,attack,No
4087,0,0,0.037326884131416216,-3.355664014816284,-0.10566392540931702,attack,No
4088,0,0,0.009708476481474066,-4.725725173950195,-0.10072517395019531,attack,No
4089,0,1,0.9875683495127003,-0.14452216029167175,-4.519522190093994,attack,Yes
4090,0,0,0.14804720179063335,-2.025800943374634,-0.2758009731769562,attack,No
4091,0,0,0.01098694263059318,-4.8087544441223145,-0.30875444412231445,attack,No
4092,0,0,0.012431649664055602,-4.445779323577881,-0.0707792267203331,attack,No
4093,0,0,0.0031726821827119532,-5.8117170333862305,-0.061716824769973755,attack,No
4094,0,0,0.07585817897661679,-2.6777992248535156,-0.17779920995235443,attack,No
4095,0,0,0.0017007225126338423,-6.439548015594482,-0.0645480751991272,attack,No
4096,0,0,0.007577241155806661,-4.997993469238281,-0.12299345433712006,attack,No
4097,0,0,0.03308597505175204,-3.4867241382598877,-0.11172403395175934,attack,No
4098,0,0,0.02033235304584329,-3.96907639503479,-0.09407638013362885,attack,No
4099,0,0,0.22270012850745968,-1.6428093910217285,-0.39280933141708374,attack,No
4100,0,0,0.006692851072880504,-5.066219329833984,-0.06621935218572617,attack,No
4101,0,0,0.06008664428307651,-2.8886148929595947,-0.13861478865146637,attack,No
4102,0,0,0.0013250226143952844,-6.688349723815918,-0.06334987282752991,attack,No
4103,0,0,0.002800926384438769,-5.9241228103637695,-0.04912260174751282,attack,No
4104,0,0,0.020332353936289693,-3.9597115516662598,-0.08471158146858215,attack,No
4105,0,0,0.0040701381085151605,-5.55213737487793,-0.05213747173547745,attack,No
4106,0,0,0.01590639427760358,-4.185400485992432,-0.06040064990520477,attack,No
4107,0,0,0.025957359835079137,-3.7819437980651855,-0.1569439023733139,attack,No
4108,0,0,0.022977369073719923,-3.8589024543762207,-0.10890241712331772,attack,No
4109,0,0,0.0015011820054595065,-6.539260387420654,-0.039260219782590866,attack,No
4110,0,0,0.0017007223355363758,-6.411332607269287,-0.03633256256580353,attack,No
4111,0,0,0.0011695102694071848,-6.801407814025879,-0.051407817751169205,attack,No
4112,0,0,0.008577487187766488,-4.950630187988281,-0.20063039660453796,attack,No
4113,0,0,0.007577240483481804,-4.965229511260986,-0.09022940695285797,attack,No
4114,0,0,0.0040701385162349646,-5.544919490814209,-0.0449196882545948,attack,No
4115,0,0,0.008577484653403024,-4.8167948722839355,-0.06679478287696838,attack,No
4116,0,0,0.017986206540559057,-4.149387359619141,-0.1493871659040451,attack,No
4117,0,0,0.005220126312597491,-5.281800746917725,-0.03180086612701416,attack,No
4118,0,0,0.3486451217982255,-1.1695291996002197,-0.544529139995575,attack,No
4119,0,0,0.008577484463325792,-4.81685733795166,-0.0668572261929512,attack,No
4120,0,0,0.0011695104043089619,-6.79396915435791,-0.04396927356719971,attack,No
4121,0,0,0.0031726828307035233,-5.796591758728027,-0.046591755002737045,attack,No
4122,0,0,0.000552778739829738,-7.523216724395752,-0.023216910660266876,attack,No
4123,0,0,0.007577242668537808,-4.9419474601745605,-0.06694764643907547,attack,No
4124,0,0,0.00857748566714832,-4.810164928436279,-0.060164958238601685,attack,No
4125,0,0,0.007577240147319397,-5.054176330566406,-0.1791761815547943,attack,No
4126,0,0,0.03308597576681317,-3.4984993934631348,-0.1234993115067482,attack,No
4127,0,0,0.0019267343194643127,-6.325712203979492,-0.07571202516555786,attack,No
4128,0,1,0.8354835371034369,-0.35510945320129395,-1.980109453201294,attack,Yes
4129,0,0,0.0028009268942856915,-5.934378147125244,-0.05937812104821205,attack,No
4130,0,0,0.005220126389977382,-5.3202128410339355,-0.07021297514438629,attack,No
4131,0,0,0.010986945140344795,-4.568538665771484,-0.06853889673948288,attack,No
4132,0,1,0.6224593312018546,-0.6464388370513916,-1.1464388370513916,attack,Yes
4133,0,0,0.004609572401581121,-5.421700477600098,-0.046700526028871536,attack,No
4134,0,0,0.0035936027281502424,-5.684728622436523,-0.05972866341471672,attack,No
4135,0,0,0.001501182295824604,-6.547359466552734,-0.047359492629766464,attack,No
4136,0,0,0.29421496597446145,-1.356529951095581,-0.48152992129325867,attack,No
4137,0,0,0.009708478630420372,-4.704625606536865,-0.07962583005428314,attack,No
4138,0,0,0.047425871831197425,-3.1738007068634033,-0.17380067706108093,attack,No
4139,0,0,0.07585818106587033,-2.671147584915161,-0.17114759981632233,attack,No
4140,0,0,0.02297736991002561,-3.8351690769195557,-0.08516907691955566,attack,No
4141,0,0,0.010986942792512623,-4.582192897796631,-0.08219291269779205,attack,No
4142,0,0,0.0009110513435975354,-7.083043575286865,-0.08304373919963837,attack,No
4143,0,0,0.3486451488696663,-1.2187259197235107,-0.5937259793281555,attack,No
4144,0,0,0.008577485540430151,-4.786166191101074,-0.03616620600223541,attack,No
4145,0,0,0.02033235482673614,-3.963909387588501,-0.08890946209430695,attack,No
4146,0,0,0.010986941740036291,-4.610322952270508,-0.11032287031412125,attack,No
4147,0,0,0.004070137715896127,-5.554375171661377,-0.05437517166137695,attack,No
4148,0,0,0.014063627663096904,-4.322289943695068,-0.07228998839855194,attack,No
4149,0,0,0.005220124610240159,-5.308361053466797,-0.05836084485054016,attack,No
4150,0,0,0.0019267343481195736,-6.298070907592773,-0.048070743680000305,attack,No
4151,0,0,0.003172683561166906,-5.810420513153076,-0.06042074039578438,attack,No
4152,0,0,0.006692851815858792,-5.0541181564331055,-0.05411829054355621,attack,No
4153,0,0,0.0024726226145155086,-6.0544304847717285,-0.054430264979600906,attack,No
4154,0,0,0.005911067739839463,-5.17655611038208,-0.05155592039227486,attack,No
4155,0,0,0.0109869404851608,-4.5623779296875,-0.06237773224711418,attack,No
4156,0,0,0.002182716218167076,-6.1994452476501465,-0.07444514334201813,attack,No
4157,0,0,0.003593603008271459,-5.698568344116211,-0.07356846332550049,attack,No
4158,0,0,0.0019267344484129915,-6.300599098205566,-0.05059898644685745,attack,No
4159,0,0,0.0075772422763482235,-4.937212944030762,-0.06221307814121246,attack,No
4160,0,0,0.020332353936289693,-3.9442055225372314,-0.06920555233955383,attack,No
4161,0,0,0.01590639357784294,-4.218018531799316,-0.09301865100860596,attack,No
4162,0,0,0.0021827160477835123,-6.168949604034424,-0.043949421495199203,attack,No
4163,0,0,0.0031726822298386082,-5.81434965133667,-0.0643494576215744,attack,No
4164,0,0,0.005911069644294039,-5.189306735992432,-0.06430687010288239,attack,No
4165,0,0,0.0015011820780507757,-6.539981842041016,-0.039981722831726074,attack,No
4166,0,0,0.04208772671409796,-3.2779386043548584,-0.152938574552536,attack,No
4167,0,0,0.010986940201801838,-4.578845024108887,-0.07884480059146881,attack,No
4168,0,0,0.04208772671409796,-3.2645442485809326,-0.13954421877861023,attack,No
4169,0,0,0.0028009272272469963,-5.9131693840026855,-0.03816947713494301,attack,No
4170,0,0,0.007577241491969114,-4.942020416259766,-0.06702044606208801,attack,No
4171,0,0,0.009708476051684862,-4.693802833557129,-0.06880278885364532,attack,No
4172,0,0,0.015906392411575272,-4.2199883460998535,-0.0949883908033371,attack,No
4173,0,0,0.0035936028081848736,-5.672828197479248,-0.04782826080918312,attack,No
4174,0,0,0.04208772611333754,-3.2510998249053955,-0.12609978020191193,attack,No
4175,0,0,0.01098694190195572,-4.567181587219238,-0.06718152016401291,attack,No
4176,0,0,0.025957354183760273,-3.8392333984375,-0.21423327922821045,attack,No
4177,0,0,0.009708477770841793,-4.705288410186768,-0.08028854429721832,attack,No
4178,0,0,0.07585818211049715,-2.6669907569885254,-0.16699078679084778,attack,No
4179,0,0,0.007577239474994629,-4.967656135559082,-0.09265589714050293,attack,No
4180,0,0,0.02931223244728875,-3.589409351348877,-0.08940941095352173,attack,No
4181,0,0,0.0028009274457528746,-5.924710273742676,-0.04971044510602951,attack,No
4182,0,0,0.01798620838292263,-4.0744218826293945,-0.07442179322242737,attack,No
4183,0,0,0.012431651813637232,-4.434243679046631,-0.05924375727772713,attack,No
4184,0,0,0.053403329046549465,-3.0356128215789795,-0.1606128066778183,attack,No
4185,0,0,0.005220126389977382,-5.321063041687012,-0.07106317579746246,attack,No
4186,0,0,0.004609571632403393,-5.429954528808594,-0.0549544095993042,attack,No
4187,0,0,0.0019267346633274755,-6.295485973358154,-0.0454859733581543,attack,No
4188,0,0,0.0159063898457867,-4.219793796539307,-0.09479367733001709,attack,No
4189,0,0,0.004070137293075673,-5.556401252746582,-0.056401148438453674,attack,No
4190,0,0,0.0024726227523424295,-6.051059722900391,-0.05105955898761749,attack,No
4191,0,0,0.06008665522337757,-2.8972761631011963,-0.14727625250816345,attack,No
4192,0,0,0.003593602207925183,-5.665985584259033,-0.040985479950904846,attack,No
4193,0,0,0.005911068549779841,-5.20747709274292,-0.08247704058885574,attack,No
4194,0,0,0.0004878571000757319,-7.64793586730957,-0.02293582074344158,attack,No
4195,0,0,0.0009110513300341806,-7.031562805175781,-0.03156295418739319,attack,No
4196,0,0,0.0028009275393982556,-5.92039680480957,-0.04539700970053673,attack,No
4197,0,0,0.017986210291085103,-4.061040878295898,-0.06104089692234993,attack,No
4198,0,0,0.00970847598005333,-4.713491916656494,-0.08849186450242996,attack,No
4199,0,0,0.05340333130637379,-3.0136218070983887,-0.13862183690071106,attack,No
4200,0,0,0.004609572640880884,-5.426507472991943,-0.05150757357478142,attack,No
4201,0,0,0.06754668738548215,-2.843369960784912,-0.21836990118026733,attack,No
4202,0,0,0.10669058968506456,-2.3657920360565186,-0.24079199135303497,attack,No
4203,0,0,0.00757724278059198,-4.963925838470459,-0.0889260396361351,attack,No
4204,0,0,0.006692849735519792,-5.062162399291992,-0.06216222047805786,attack,No
4205,0,0,0.008577485603789237,-4.804391860961914,-0.05439188331365585,attack,No
4206,0,0,0.01406362890279984,-4.334814071655273,-0.08481420576572418,attack,No
4207,0,0,0.0028009266757798557,-5.939074993133545,-0.06407488882541656,attack,No
4208,0,0,0.003593602661454718,-5.691067695617676,-0.06606771796941757,attack,No
4209,0,0,0.015906393752783098,-4.182569980621338,-0.05757011100649834,attack,No
4210,0,0,0.008577487314484681,-4.831803798675537,-0.08180402219295502,attack,No
4211,0,0,0.000626334298018345,-7.42339563369751,-0.04839585721492767,attack,No
4212,0,0,0.02931222757148327,-3.5896849632263184,-0.0896848514676094,attack,No
4213,0,0,0.01243165002994181,-4.447477340698242,-0.07247727364301682,attack,No
4214,0,0,0.012431653505861328,-4.480481147766113,-0.10548136383295059,attack,No
4215,0,0,0.010986940930439183,-4.62053108215332,-0.12053092569112778,attack,No
4216,0,1,0.6791786861878392,-0.5755253434181213,-1.3255252838134766,attack,Yes
4217,0,0,0.02033235423310517,-3.9826695919036865,-0.1076696366071701,attack,No
4218,0,0,0.012431651950844584,-4.448054790496826,-0.07305487990379333,attack,No
4219,0,0,0.18242551936144574,-1.8506591320037842,-0.3506591022014618,attack,No
4220,0,0,0.007577240035265265,-4.97861909866333,-0.10361893475055695,attack,No
4221,0,0,0.004070137715896127,-5.554990291595459,-0.054990291595458984,attack,No
4222,0,0,0.009708477305236761,-4.683674335479736,-0.05867442116141319,attack,No
4223,0,0,0.00247262289935782,-6.069164276123047,-0.06916417181491852,attack,No
4224,0,0,0.007577242052239898,-4.956464767456055,-0.08146487176418304,attack,No
4225,0,0,0.005911068440328432,-5.184013366699219,-0.05901329591870308,attack,No
4226,0,0,0.002800927185626831,-5.915746688842773,-0.040746767073869705,attack,No
4227,0,0,0.0028009276122335546,-5.931577682495117,-0.05657791346311569,attack,No
4228,0,0,0.0008040859056987868,-7.180634498596191,-0.05563446134328842,attack,No
4229,0,0,0.0046095725383238405,-5.418802738189697,-0.04380281642079353,attack,No
4230,0,0,0.04742587149460509,-3.1035752296447754,-0.1035751923918724,attack,No
4231,0,0,0.001700722145789111,-6.454342365264893,-0.07934220880270004,attack,No
4232,0,0,0.0013250223334107674,-6.652629375457764,-0.027629312127828598,attack,No
4233,0,0,0.004609572042631499,-5.444952487945557,-0.06995245814323425,attack,No
4234,0,0,0.004609571615310557,-5.436379432678223,-0.06137930974364281,attack,No
4235,0,0,0.022977368404675395,-3.871258497238159,-0.12125843018293381,attack,No
4236,0,0,0.009708474762317362,-4.675845623016357,-0.050845444202423096,attack,No
4237,0,0,0.020332353936289693,-3.9822146892547607,-0.10721471905708313,attack,No
4238,0,0,0.005220126003077935,-5.305915355682373,-0.05591541528701782,attack,No
4239,0,0,0.0031726823476552492,-5.803222179412842,-0.05322202295064926,attack,No
4240,0,0,0.008577486237380102,-4.843267917633057,-0.0932680144906044,attack,No
4241,0,0,0.0474258704848281,-3.1438660621643066,-0.14386600255966187,attack,No
4242,0,0,0.18242551936144574,-1.830367922782898,-0.33036789298057556,attack,No
4243,0,0,0.060086653961035054,-2.867908000946045,-0.1179080680012703,attack,No
4244,0,0,0.01406362570023414,-4.365545749664307,-0.11554565280675888,attack,No
4245,0,0,0.00591106995075805,-5.18331241607666,-0.05831260234117508,attack,No
4246,0,0,0.0007096703119194749,-7.280662536621094,-0.0306624136865139,attack,No
4247,0,0,0.0021827164291181723,-6.163431644439697,-0.03843163698911667,attack,No
4248,0,0,0.001032230802429997,-6.93678092956543,-0.06178070232272148,attack,No
4249,0,0,0.005911069600513468,-5.1698431968688965,-0.04484332352876663,attack,No
4250,0,0,0.017986210751676075,-4.102991580963135,-0.10299162566661835,attack,No
4251,0,0,0.008577486300739193,-4.815485954284668,-0.06548605859279633,attack,No
4252,0,0,0.03308597743528921,-3.5113298892974854,-0.13632985949516296,attack,No
4253,0,0,0.005220126738186909,-5.303910732269287,-0.053910933434963226,attack,No
4254,0,0,0.00522012669949696,-5.285006046295166,-0.035006240010261536,attack,No
4255,0,0,0.007577239895197602,-4.933568477630615,-0.05856829509139061,attack,No
4256,0,0,0.005911068068193657,-5.1893792152404785,-0.06437908113002777,attack,No
4257,0,0,0.2689414272294874,-1.4233369827270508,-0.42333701252937317,attack,No
4258,0,0,0.0008040859685527304,-7.183637619018555,-0.05863765999674797,attack,No
4259,0,0,0.005220125113209313,-5.336798191070557,-0.08679807931184769,attack,No
4260,0,0,0.029312229903390143,-3.743961811065674,-0.24396178126335144,attack,No
4261,0,0,0.015906389262652993,-4.183526515960693,-0.058526359498500824,attack,No
4262,0,0,0.0011695105174523996,-6.842032432556152,-0.09203264862298965,attack,No
4263,0,0,0.04208773001828046,-3.237135410308838,-0.11213546246290207,attack,No
4264,0,0,0.02931222799546632,-3.6081020832061768,-0.108101986348629,attack,No
4265,0,0,0.006692849933647288,-5.059535980224609,-0.059535831212997437,attack,No
4266,0,0,0.007577242444429472,-4.952059268951416,-0.07705942541360855,attack,No
4267,0,0,0.0019267350071906994,-6.310474872589111,-0.060475051403045654,attack,No
4268,0,0,0.017986206145766886,-4.105034351348877,-0.10503413528203964,attack,No
4269,0,0,0.004609572247745565,-5.438713550567627,-0.06371356546878815,attack,No
4270,0,0,0.012431651310543626,-4.468520641326904,-0.09352067857980728,attack,No
4271,0,0,0.04208773121980142,-3.2450897693634033,-0.12008985131978989,attack,No
4272,0,0,0.010986942711552901,-4.595946788787842,-0.0959467962384224,attack,No
4273,0,0,0.07585817688736327,-2.677264928817749,-0.17726488411426544,attack,No
4274,0,0,0.0031726831959351938,-5.802412509918213,-0.052412621676921844,attack,No
4275,0,0,0.2942149845400438,-1.6528031826019287,-0.7778032422065735,attack,No
4276,0,0,0.0028009265509193865,-5.94190788269043,-0.06690773367881775,attack,No
4277,0,0,0.00359360311498431,-5.6983160972595215,-0.07331624627113342,attack,No
4278,0,0,0.0008040860433788604,-7.167492866516113,-0.042493000626564026,attack,No
4279,0,0,0.010986941659076578,-4.579796314239502,-0.07979622483253479,attack,No
4280,0,0,0.004609572247745565,-5.435272693634033,-0.0602727085351944,attack,No
4281,0,0,0.037326888415033926,-3.3598639965057373,-0.10986402630805969,attack,No
4282,0,0,0.02931223287127187,-3.601656913757324,-0.10165698826313019,attack,No
4283,0,0,0.00359360311498431,-5.690068244934082,-0.06506839394569397,attack,No
4284,0,0,0.022977370746331334,-3.847672700881958,-0.09767273813486099,attack,No
4285,0,0,0.16451645880021026,-1.923801064491272,-0.2988010346889496,attack,No
4286,0,0,0.005220124552205261,-5.303022384643555,-0.05302216485142708,attack,No
4287,0,0,0.4073334000459302,-1.093092441558838,-0.7180924415588379,attack,No
4288,0,0,0.014063628282948357,-4.317372798919678,-0.0673728883266449,attack,No
4289,0,0,0.0028009275498032983,-5.937012672424316,-0.06201288104057312,attack,No
4290,0,0,0.005911068243315901,-5.167451858520508,-0.042451754212379456,attack,No
4291,0,0,0.00407013711186692,-5.542822360992432,-0.0428222119808197,attack,No
4292,0,0,0.004070137353478592,-5.5808892250061035,-0.08088913559913635,attack,No
4293,0,0,0.00407013783670198,-5.540566921234131,-0.04056695103645325,attack,No
4294,0,0,0.14804720179063335,-2.0240578651428223,-0.27405789494514465,attack,No
4295,0,0,0.00522012577093828,-5.312107086181641,-0.06210710108280182,attack,No
4296,0,0,0.017986206803753842,-4.084096908569336,-0.08409672975540161,attack,No
4297,0,0,0.05340333431947304,-3.0651872158050537,-0.19018730521202087,attack,No
4298,0,0,0.005911068637340969,-5.1943278312683105,-0.06932779401540756,attack,No
4299,0,0,0.001501182142266132,-6.530155181884766,-0.030155105516314507,attack,No
4300,0,0,0.0015011820892186637,-6.548709392547607,-0.04870928078889847,attack,No
4301,0,0,0.014063623943988737,-4.341026306152344,-0.09102608263492584,attack,No
4302,0,0,0.0011695100083070151,-6.782866954803467,-0.03286673501133919,attack,No
4303,0,1,0.9770226347732859,-0.2571571171283722,-4.007157325744629,attack,Yes
4304,0,0,0.0031726830074285195,-5.82411527633667,-0.0741153284907341,attack,No
4305,0,0,0.08509905080783367,-2.5521652698516846,-0.17716534435749054,attack,No
4306,0,0,0.01590639054554718,-4.218807220458984,-0.0938071459531784,attack,No
4307,0,0,0.004609572709252247,-5.4262471199035645,-0.051247235387563705,attack,No
4308,0,0,0.0330859781503504,-3.4654691219329834,-0.0904691144824028,attack,No
4309,0,0,0.0052201266027720895,-5.309403896331787,-0.05940407142043114,attack,No
4310,0,0,0.014063629935885703,-4.346558094024658,-0.09655830264091492,attack,No
4311,0,0,0.04208773212094217,-3.302457571029663,-0.17745767533779144,attack,No
4312,0,0,0.05340333055309901,-3.021477222442627,-0.14647723734378815,attack,No
4313,0,0,0.0028009270919814614,-5.94138240814209,-0.06638245284557343,attack,No
4314,0,0,0.00132502237777674,-6.703103542327881,-0.07810351252555847,attack,No
4315,0,0,0.0006263341604412355,-7.426441669464111,-0.05144167318940163,attack,No
4316,0,0,0.004070136900456717,-5.5627546310424805,-0.06275442987680435,attack,No
4317,0,0,0.005220124881069698,-5.316873550415039,-0.06687339395284653,attack,No
4318,0,0,0.03308597552845946,-3.490563154220581,-0.11556306481361389,attack,No
4319,0,0,0.01243165222525929,-4.45156717300415,-0.07656728476285934,attack,No
4320,0,0,0.0021827163966641563,-6.235779285430908,-0.11077926307916641,attack,No
4321,0,0,0.008577487251125584,-4.864316463470459,-0.1143166795372963,attack,No
4322,0,0,0.004070137398780782,-5.554457664489746,-0.054457586258649826,attack,No
4323,0,0,0.04208772611333754,-3.2508602142333984,-0.12586016952991486,attack,No
4324,0,0,0.0028009275081831283,-5.947551250457764,-0.07255144417285919,attack,No
4325,0,0,0.46879062662624377,-0.9253364205360413,-0.8003364205360413,attack,No
4326,0,0,0.05340333130637379,-3.0329482555389404,-0.15794828534126282,attack,No
4327,0,0,0.008577486554175553,-4.821763515472412,-0.07176364958286285,attack,No
4328,0,0,0.000804086049364951,-7.158228397369385,-0.03322853893041611,attack,No
4329,0,0,0.008577485540430151,-4.814718246459961,-0.06471826136112213,attack,No
4330,0,0,0.0059110693816106135,-5.206223011016846,-0.08122310042381287,attack,No
4331,0,0,0.004070137715896127,-5.582809925079346,-0.0828099250793457,attack,No
4332,0,0,0.033085981248949035,-3.4919395446777344,-0.11693963408470154,attack,No
4333,0,0,0.003172682913175187,-5.808279514312744,-0.05827953666448593,attack,No
4334,0,0,0.007577242332375306,-4.955618381500244,-0.08061852306127548,attack,No
4335,0,0,0.015906393927723257,-4.200280666351318,-0.0752808079123497,attack,No
4336,0,0,0.005911070169660925,-5.207808494567871,-0.082808718085289,attack,No
4337,0,0,0.0017007227877674422,-6.404551029205322,-0.029551250860095024,attack,No
4338,0,0,0.0675466977093867,-2.802996873855591,-0.17799697816371918,attack,No
4339,0,0,0.010986943116351513,-4.5677266120910645,-0.06772665679454803,attack,No
4340,0,0,0.00857748636409828,-4.8302001953125,-0.08020030707120895,attack,No
4341,0,0,0.005911068593560405,-5.296821594238281,-0.17182154953479767,attack,No
4342,0,0,0.005220124997139505,-5.319739818572998,-0.0697396844625473,attack,No
4343,0,0,0.008577486744252828,-4.812180995941162,-0.062181152403354645,attack,No
4344,0,0,0.012431647926096252,-4.505779266357422,-0.13077902793884277,attack,No
4345,0,0,0.002472622669646276,-6.050898551940918,-0.05089835450053215,attack,No
4346,0,0,0.004070137957507836,-5.56123685836792,-0.0612369179725647,attack,No
4347,0,0,0.015906389379279733,-4.221230983734131,-0.09623083472251892,attack,No
4348,0,0,0.14804720930852133,-2.008241653442383,-0.25824174284935,attack,No
4349,0,0,0.004070138063212962,-5.558904647827148,-0.0589047335088253,attack,No
4350,0,0,0.009708477770841793,-4.760285377502441,-0.13528551161289215,attack,No
4351,0,0,0.06008665101556925,-2.9268300533294678,-0.17683006823062897,attack,No
4352,0,0,0.0013250225650997508,-6.663846015930176,-0.038846127688884735,attack,No
4353,0,0,0.009708476194947928,-4.705658912658691,-0.08065888285636902,attack,No
4354,0,0,0.008577487377843779,-4.821181297302246,-0.0711815282702446,attack,No
4355,0,0,0.03308597505175204,-3.5568742752075195,-0.18187417089939117,attack,No
4356,0,0,0.005911068856243796,-5.19030237197876,-0.06530237197875977,attack,No
4357,0,0,0.00669285077568921,-5.067463397979736,-0.06746337562799454,attack,No
4358,0,0,0.007577239923211134,-4.957698822021484,-0.08269864320755005,attack,No
4359,0,0,0.07585817793199003,-2.662452220916748,-0.16245219111442566,attack,No
4360,0,0,0.005911068549779841,-5.192692279815674,-0.06769222766160965,attack,No
4361,0,0,0.0758581737534831,-2.693986654281616,-0.19398656487464905,attack,No
4362,0,0,0.006692851221476155,-5.104325294494629,-0.10432533919811249,attack,No
4363,0,0,0.005911069031366064,-5.1840057373046875,-0.05900576710700989,attack,No
4364,0,0,0.0010322308715750212,-6.9196648597717285,-0.04466469958424568,attack,No
4365,0,0,0.005220126583427116,-5.298519134521484,-0.048519305884838104,attack,No
4366,0,0,0.005220126080457822,-5.334630012512207,-0.084630087018013,attack,No
4367,0,0,0.010986942711552901,-4.580904960632324,-0.08090496808290482,attack,No
4368,0,0,0.010986941416197443,-4.566082000732422,-0.06608188897371292,attack,No
4369,0,0,0.0035936033017318052,-5.699914455413818,-0.07491465657949448,attack,No
4370,0,0,0.015906390079040187,-4.220693111419678,-0.09569300711154938,attack,No
4371,0,0,0.002182716680636815,-6.17816686630249,-0.05316697433590889,attack,No
4372,0,0,0.004609571700774742,-5.489671230316162,-0.11467112600803375,attack,No
4373,0,0,0.008577484843480258,-4.862208843231201,-0.1122087761759758,attack,No
4374,0,0,0.002472623027996294,-6.070425033569336,-0.07042498141527176,attack,No
4375,0,0,0.012431649755527152,-4.499188423156738,-0.12418833374977112,attack,No
4376,0,0,0.02931223159932252,-3.5869619846343994,-0.0869620144367218,attack,No
4377,0,0,0.0028009265509193865,-5.919831275939941,-0.04483112692832947,attack,No
4378,0,0,0.004070136779650893,-5.570553302764893,-0.07055307179689407,attack,No
4379,0,0,0.003172683384441879,-5.7989630699157715,-0.048963241279125214,attack,No
4380,0,0,0.006692850602327629,-5.06024694442749,-0.060246895998716354,attack,No
4381,0,0,0.042087725512577126,-3.267625331878662,-0.14262527227401733,attack,No
4382,0,0,0.015906388213012365,-4.308041095733643,-0.18304087221622467,attack,No
4383,0,0,0.005220125616178516,-5.352944850921631,-0.10294483602046967,attack,No
4384,0,0,0.00970847834389417,-4.709408283233643,-0.0844084769487381,attack,No
4385,0,0,0.008577486237380102,-4.8571085929870605,-0.1071086898446083,attack,No
4386,0,0,0.0008040861002467237,-7.171472072601318,-0.046472277492284775,attack,No
4387,0,0,0.05340332829327471,-3.014719247817993,-0.13971921801567078,attack,No
4388,0,0,0.0059110695567328965,-5.166207313537598,-0.04120743274688721,attack,No
4389,0,0,0.060086652698692546,-2.9017791748046875,-0.15177921950817108,attack,No
4390,0,0,0.22270013366638422,-1.6351035833358765,-0.3851035535335541,attack,No
4391,0,0,0.0850990357257195,-2.547853946685791,-0.17285382747650146,attack,No
4392,0,0,0.007577240259373531,-5.002118110656738,-0.12711797654628754,attack,No
4393,0,0,0.042087730919421175,-3.2919609546661377,-0.16696102917194366,attack,No
4394,0,0,0.09534946104307897,-2.4483938217163086,-0.198393777012825,attack,No
4395,0,0,0.015906388446265834,-4.193516731262207,-0.06851652264595032,attack,No
4396,0,0,0.012431653734540277,-4.436769485473633,-0.061769720166921616,attack,No
4397,0,0,0.02033235141335831,-3.9913370609283447,-0.11633696407079697,attack,No
4398,0,0,0.010986945059385054,-4.580671310424805,-0.0806715339422226,attack,No
4399,0,0,0.022977370913592487,-3.9486658573150635,-0.19866590201854706,attack,No
4400,0,0,0.014063627353171185,-4.3559064865112305,-0.10590650886297226,attack,No
4401,0,0,0.004609572487045321,-5.444723606109619,-0.06972367316484451,attack,No
4402,0,0,0.0040701374742844335,-5.564870834350586,-0.06487077474594116,attack,No
4403,0,0,0.02033235497514388,-3.973470449447632,-0.0984705314040184,attack,No
4404,0,0,0.001501182318160383,-6.540827751159668,-0.04082779213786125,attack,No
4405,0,0,0.0031726829013935206,-5.808060646057129,-0.0580606646835804,attack,No
4406,0,0,0.02595735606753309,-3.7386929988861084,-0.11369295418262482,attack,No
4407,0,0,0.002472622605327048,-6.035394191741943,-0.03539396822452545,attack,No
4408,0,0,0.0040701381085151605,-5.5394673347473145,-0.03946743160486221,attack,No
4409,0,0,0.014063628076331205,-4.3280816078186035,-0.07808168232440948,attack,No
4410,0,0,0.003593602207925183,-5.711492538452148,-0.08649243414402008,attack,No
4411,0,0,0.10669058400428263,-2.3207178115844727,-0.1957177072763443,attack,No
4412,0,0,0.014063628076331205,-4.314160346984863,-0.06416042149066925,attack,No
4413,0,0,0.03732688359596404,-3.377551555633545,-0.12755145132541656,attack,No
4414,0,0,0.0850990438468576,-2.5798134803771973,-0.20481346547603607,attack,No
4415,0,0,0.012431650395828029,-4.446361064910889,-0.07136102765798569,attack,No
4416,0,0,0.0600866518571309,-2.9089086055755615,-0.1589086353778839,attack,No
4417,0,0,0.004609571256360996,-5.43405294418335,-0.05905274301767349,attack,No
4418,0,0,0.03308598029553404,-3.4717183113098145,-0.09671837091445923,attack,No
4419,0,0,0.0052201245328602945,-5.311803340911865,-0.06180311739444733,attack,No
4420,0,0,0.015906389379279733,-4.316840171813965,-0.1918400228023529,attack,No
4421,0,0,0.006692850082242913,-5.058103084564209,-0.05810295790433884,attack,No
4422,0,0,0.03732688573777281,-3.363105297088623,-0.11310525238513947,attack,No
4423,0,0,0.004070137685694665,-5.563004970550537,-0.06300496309995651,attack,No
4424,0,0,0.005911068287096462,-5.205111503601074,-0.08011140674352646,attack,No
4425,0,0,0.0031726822416202724,-5.803015232086182,-0.05301504209637642,attack,No
4426,0,0,0.0017007225758829418,-6.442893981933594,-0.06789407879114151,attack,No
4427,0,0,0.0007096702432313328,-7.294970512390137,-0.04497029259800911,attack,No
4428,0,0,0.003172682418345236,-5.800413131713867,-0.05041299760341644,attack,No
4429,0,0,0.0028009269463108925,-5.937565326690674,-0.06256531924009323,attack,No
4430,0,0,0.007577241043752515,-4.921336650848389,-0.046336621046066284,attack,No
4431,0,0,0.029312233295254994,-3.632784843444824,-0.13278493285179138,attack,No
4432,0,0,0.01798621022528639,-4.075706481933594,-0.07570649683475494,attack,No
4433,0,0,0.007577239643075814,-4.929738521575928,-0.054738305509090424,attack,No
4434,0,0,0.010986944168827973,-4.6019721031188965,-0.10197224467992783,attack,No
4435,0,0,0.010986944816505844,-4.574662685394287,-0.07466288655996323,attack,No
4436,0,0,0.0031726833726602103,-5.788943767547607,-0.03894393518567085,attack,No
4437,0,0,0.00970847855878882,-4.749901294708252,-0.12490151077508926,attack,No
4438,0,0,0.014063624770457132,-4.3401594161987305,-0.09015925228595734,attack,No
4439,0,0,0.002472622945300131,-6.044600486755371,-0.04460040107369423,attack,No
4440,0,0,0.00132502250101556,-6.666154861450195,-0.041154924780130386,attack,No
4441,0,0,0.03732689028911683,-3.3627800941467285,-0.11278017610311508,attack,No
4442,0,0,0.01590639171181471,-4.233220100402832,-0.10822010040283203,attack,No
4443,0,0,0.014063626526702639,-4.340099811553955,-0.0900997743010521,attack,No
4444,0,0,0.015906389962413444,-4.226885795593262,-0.10188568383455276,attack,No
4445,0,0,0.020332352749027827,-4.065385818481445,-0.19038578867912292,attack,No
4446,0,0,0.002800926405248846,-5.943405628204346,-0.06840542703866959,attack,No
4447,0,0,0.00669285077568921,-5.073866367340088,-0.0738663449883461,attack,No
4448,0,0,0.006692852261645802,-5.063432693481445,-0.06343289464712143,attack,No
4449,0,0,0.07585817584273653,-2.675050735473633,-0.17505067586898804,attack,No
4450,0,0,0.0008040861062328148,-7.169705867767334,-0.044706080108881,attack,No
4451,0,0,0.004070137897104907,-5.576789379119873,-0.07678942382335663,attack,No
4452,0,0,0.005911067893071419,-5.212189674377441,-0.08718951046466827,attack,No
4453,0,0,0.008577484590043946,-4.838802337646484,-0.08880224078893661,attack,No
4454,0,0,0.017986212857234944,-4.09760046005249,-0.09760062396526337,attack,No
4455,0,0,0.017986210751676075,-4.131153583526611,-0.1311536282300949,attack,No
4456,0,0,0.0017007224810092934,-6.417643070220947,-0.04264311119914055,attack,No
4457,0,0,0.005220125229279126,-5.307030200958252,-0.05703011155128479,attack,No
4458,0,0,0.012431653139975017,-4.429014205932617,-0.05401439219713211,attack,No
4459,0,0,0.00591106881246323,-5.188912868499756,-0.06391286104917526,attack,No
4460,0,0,0.008577483639657844,-4.822877883911133,-0.0728776752948761,attack,No
4461,0,0,0.06754668550840877,-2.7685060501098633,-0.14350596070289612,attack,No
4462,0,0,0.01406362384068019,-4.331991195678711,-0.08199096471071243,attack,No
4463,0,0,0.00359360332841002,-5.692478656768799,-0.06747886538505554,attack,No
4464,0,0,0.00460957192298163,-5.419516086578369,-0.044516030699014664,attack,No
4465,0,0,0.005220124764999895,-5.362086296081543,-0.11208611726760864,attack,No
4466,0,0,0.006692852360709588,-5.060585021972656,-0.06058523803949356,attack,No
4467,0,0,0.1066905911052601,-2.398798942565918,-0.2737989127635956,attack,No
4468,0,0,0.042087729717900216,-3.264967203140259,-0.13996724784374237,attack,No
4469,0,0,0.006692850082242913,-5.065832138061523,-0.06583201140165329,attack,No
4470,0,0,0.006692850181306666,-5.0527238845825195,-0.05272377282381058,attack,No
4471,0,0,0.004609573136573289,-5.461965084075928,-0.08696529269218445,attack,No
4472,0,0,0.007577242444429472,-4.9458112716674805,-0.070811428129673,attack,No
4473,0,0,0.00970847555026415,-4.710234642028809,-0.08523454517126083,attack,No
4474,0,0,0.0031726825832885442,-5.830390930175781,-0.08039084821939468,attack,No
4475,0,0,0.0010322311097412504,-6.914562702178955,-0.03956277295947075,attack,No
4476,0,0,0.24508501864634827,-1.5284713506698608,-0.4034713804721832,attack,No
4477,0,0,0.025957356444287677,-3.754880905151367,-0.1298808753490448,attack,No
4478,0,0,0.06008665522337757,-2.897613763809204,-0.14761385321617126,attack,No
4479,0,0,0.0052201245328602945,-5.318059921264648,-0.06805969774723053,attack,No
4480,0,0,0.06008664428307651,-2.8984951972961426,-0.14849509298801422,attack,No
4481,0,0,0.007577240707590084,-4.929854393005371,-0.054854318499565125,attack,No
4482,0,0,0.10669058826486906,-2.361302614212036,-0.23630255460739136,attack,No
4483,0,0,0.0028009273000822866,-5.917023658752441,-0.04202377796173096,attack,No
4484,0,0,0.025957355314023947,-3.7450780868530273,-0.12007801234722137,attack,No
4485,0,0,0.0024726231015039964,-6.091603755950928,-0.09160373359918594,attack,No
4486,0,0,0.0011695104652323502,-6.788575649261475,-0.03857582062482834,attack,No
4487,0,0,0.0031726824654718946,-5.80396842956543,-0.05396831035614014,attack,No
4488,0,0,0.00669285077568921,-5.066705703735352,-0.06670568138360977,attack,No
4489,0,0,0.0024726227707193528,-6.048048973083496,-0.04804881662130356,attack,No
4490,0,1,0.5926665999540697,-0.6321671009063721,-1.007167100906372,attack,Yes
4491,0,0,0.02033235542036712,-3.9547622203826904,-0.07976232469081879,attack,No
4492,0,0,0.010986942711552901,-4.591829299926758,-0.09182930737733841,attack,No
4493,0,0,0.0013250226784794808,-6.671901226043701,-0.04690142348408699,attack,No
4494,0,0,0.015906388679519302,-4.241701602935791,-0.1167014092206955,attack,No
4495,0,0,0.012431648840811669,-4.439157009124756,-0.06415684521198273,attack,No
4496,0,0,0.00970847555026415,-4.7055888175964355,-0.08058872073888779,attack,No
4497,0,0,0.00522012579028325,-5.3046875,-0.05468751862645149,attack,No
4498,0,0,0.007577240875671297,-4.958344459533691,-0.08334440737962723,attack,No
4499,0,0,0.0019267343552833893,-6.294460773468018,-0.044460613280534744,attack,No
4500,0,0,0.004609573051109078,-5.435384750366211,-0.06038494035601616,attack,No
4501,0,0,0.003172682983865187,-5.877110481262207,-0.1271105259656906,attack,No
4502,0,0,0.02931223371923813,-3.6427383422851562,-0.1427384465932846,attack,No
4503,0,0,0.004609572743437929,-5.432277679443359,-0.057277802377939224,attack,No
4504,0,0,0.0066928493887966865,-5.087157726287842,-0.08715749531984329,attack,No
4505,0,0,0.017986207461740823,-4.089691638946533,-0.08969149738550186,attack,No
4506,0,0,0.008577486744252828,-4.816911697387695,-0.06691185384988785,attack,No
4507,0,0,0.0017007227403306115,-6.4286346435546875,-0.05363483726978302,attack,No
4508,0,0,0.0015011825415181918,-6.540294170379639,-0.04029436036944389,attack,No
4509,0,0,0.00970847490558041,-4.698598861694336,-0.0735986977815628,attack,No
4510,0,0,0.007577241435942037,-4.948385238647461,-0.07338526099920273,attack,No
4511,0,0,0.007577241155806661,-4.941176414489746,-0.0661763995885849,attack,No
4512,0,0,0.24508500761839525,-1.5170108079910278,-0.39201077818870544,attack,No
4513,0,0,0.002800926873475611,-5.934913635253906,-0.059913601726293564,attack,No
4514,0,0,0.005220124958449569,-5.306313514709473,-0.056313373148441315,attack,No
4515,0,0,0.01243164902375476,-4.538625717163086,-0.163625568151474,attack,No
4516,0,0,0.002472623349592508,-6.058613300323486,-0.058613378554582596,attack,No
4517,0,0,0.04742587721667508,-3.124143600463867,-0.12414368987083435,attack,No
4518,0,1,0.817574471748733,-0.34762004017829895,-1.8476200103759766,attack,Yes
4519,0,0,0.014063626836628337,-4.476551055908203,-0.22655104100704193,attack,No
4520,0,0,0.007577240651563013,-4.933142185211182,-0.058142103254795074,attack,No
4521,0,0,0.004609572418673961,-5.416805267333984,-0.04180531948804855,attack,No
4522,0,0,0.22270013882530884,-1.6448289155960083,-0.3948289155960083,attack,No
4523,0,0,0.01798621062007865,-4.074840068817139,-0.07484010607004166,attack,No
4524,0,0,0.025957356632664963,-3.7438790798187256,-0.1188790574669838,attack,No
4525,0,0,0.07585818106587033,-2.6648647785186768,-0.16486479341983795,attack,No
4526,0,0,0.0028009267486151326,-5.9290900230407715,-0.05408994480967522,attack,No
4527,0,0,0.0028009269046907316,-5.966182708740234,-0.09118268638849258,attack,No
4528,0,0,0.010986940606600357,-4.553379535675049,-0.053379349410533905,attack,No
4529,0,0,0.0024726228350385854,-6.057122230529785,-0.05712210014462471,attack,No
4530,0,0,0.04742586947505113,-3.11443829536438,-0.11443821340799332,attack,No
4531,0,0,0.005220126815566807,-5.301799774169922,-0.051799990236759186,attack,No
4532,0,0,0.037326887611855576,-3.3553802967071533,-0.10538030415773392,attack,No
4533,0,0,0.02931223287127187,-3.6039676666259766,-0.10396774113178253,attack,No
4534,0,0,0.008577485128596116,-4.799826622009277,-0.04982658848166466,attack,No
4535,0,0,0.02033235408469743,-3.9478917121887207,-0.07289174944162369,attack,No
4536,0,0,0.001325022328481215,-6.676957607269287,-0.05195754021406174,attack,No
4537,0,0,0.003172683349096874,-5.781972408294678,-0.03197256848216057,attack,No
4538,0,0,0.37754066879814546,-1.1366640329360962,-0.6366640329360962,attack,No
4539,0,0,0.007577241716077422,-4.943720817565918,-0.06872087717056274,attack,No
4540,0,0,0.005911068418438151,-5.289255619049072,-0.1642555445432663,attack,No
4541,0,0,0.2942149597859341,-1.4229998588562012,-0.5479997992515564,attack,No
4542,0,0,0.01406362570023414,-4.345335006713867,-0.09533490985631943,attack,No
4543,0,0,0.11920290950590741,-2.2545647621154785,-0.25456464290618896,attack,No
4544,0,0,0.0028009266445647384,-5.924437046051025,-0.04943693056702614,attack,No
4545,0,1,0.7549149923816048,-0.4083589017391205,-1.5333589315414429,attack,Yes
4546,0,0,0.010986941820996006,-4.567229747772217,-0.06722967326641083,attack,No
4547,0,0,0.010986945140344795,-4.58033561706543,-0.08033584803342819,attack,No
4548,0,0,0.0013250225305928786,-6.685430526733398,-0.0604306124150753,attack,No
4549,0,0,0.007577239699102878,-4.9393391609191895,-0.06433895230293274,attack,No
4550,0,0,0.012431650395828029,-4.469374656677246,-0.09437461942434311,attack,No
4551,0,0,0.1329642333263228,-2.1377086639404297,-0.2627086043357849,attack,No
4552,0,0,0.015906392411575272,-4.253149032592773,-0.12814907729625702,attack,No
4553,0,0,0.009708476839631754,-4.681277275085449,-0.0562773123383522,attack,No
4554,0,0,0.003593602568080985,-5.683614730834961,-0.05861472710967064,attack,No
4555,0,0,0.0052201262352176,-5.346999168395996,-0.09699927270412445,attack,No
4556,0,0,0.003172683390332713,-5.778909683227539,-0.02890985645353794,attack,No
4557,0,0,0.34864513533394575,-1.1727137565612793,-0.5477137565612793,attack,No
4558,0,0,0.005220125732248338,-5.316186428070068,-0.06618643552064896,attack,No
4559,0,0,0.01406362456384003,-4.377284526824951,-0.12728434801101685,attack,No
4560,0,0,0.004070137866903443,-5.578624725341797,-0.07862476259469986,attack,No
4561,0,0,0.009708475621895678,-4.720157146453857,-0.09515705704689026,attack,No
4562,0,0,0.008577484843480258,-4.816333770751953,-0.06633370369672775,attack,No
4563,0,0,0.0015011820277952813,-6.53440523147583,-0.03440507873892784,attack,No
4564,0,0,0.03732688627322502,-3.3773157596588135,-0.1273157298564911,attack,No
4565,0,0,0.02931223287127187,-3.6125152111053467,-0.11251528561115265,attack,No
4566,0,0,0.009708478702051923,-4.668596267700195,-0.04359649866819382,attack,No
4567,0,0,0.002800927133601626,-5.954690933227539,-0.07969099283218384,attack,No
4568,0,0,0.00669285137007181,-5.077204704284668,-0.07720477133989334,attack,No
4569,0,0,0.014063626216776943,-4.305100917816162,-0.055100858211517334,attack,No
4570,0,0,0.020332351858581475,-3.9774749279022217,-0.10247485339641571,attack,No
4571,0,0,0.0075772397551299425,-4.9389214515686035,-0.0639212504029274,attack,No
4572,0,0,0.007577242444429472,-4.9561333656311035,-0.08113352209329605,attack,No
4573,0,0,0.07585818628900447,-2.686152696609497,-0.18615278601646423,attack,No
4574,0,0,0.005220126389977382,-5.4448137283325195,-0.19481386244297028,attack,No
4575,0,0,0.010986942387714022,-4.59385871887207,-0.09385869652032852,attack,No
4576,0,0,0.01243165103612894,-4.432738780975342,-0.05773879587650299,attack,No
4577,0,0,0.0024726233587809717,-6.045566082000732,-0.04556616395711899,attack,No
4578,0,0,0.000709670396458736,-7.301980972290039,-0.051980968564748764,attack,No
4579,0,0,0.004609571256360996,-5.449508190155029,-0.07450798898935318,attack,No
4580,0,0,0.0013250226489021591,-6.666372776031494,-0.04137295112013817,attack,No
4581,0,0,0.005911067936851978,-5.210887908935547,-0.08588775247335434,attack,No
4582,0,0,0.0028009265092992313,-5.943167209625244,-0.06816704571247101,attack,No
4583,0,0,0.008577487187766488,-4.847549915313721,-0.09755012392997742,attack,No
4584,0,0,0.001032230959927003,-6.926341533660889,-0.0513414591550827,attack,No
4585,0,0,0.0031726831252451896,-5.795519828796387,-0.04551991820335388,attack,No
4586,0,0,0.02033235497514388,-3.9639246463775635,-0.08892472833395004,attack,No
4587,0,0,0.00522012615783771,-5.316385269165039,-0.06638535857200623,attack,No
4588,0,0,0.005220124474825396,-5.304315567016602,-0.05431533232331276,attack,No
4589,0,0,0.0031726823005285925,-5.797867298126221,-0.047867126762866974,attack,No
4590,0,0,0.007577242724564895,-4.953530788421631,-0.07853098213672638,attack,No
4591,0,0,0.003172682748231862,-5.8775482177734375,-0.1275481879711151,attack,No
4592,0,0,0.01590639299470909,-4.184710502624512,-0.059710584580898285,attack,No
4593,0,0,0.0019267348209314455,-6.31109094619751,-0.06109102815389633,attack,No
4594,0,0,0.04208772671409796,-3.3161838054656982,-0.19118377566337585,attack,No
4595,0,0,0.0035936024747072553,-5.695362567901611,-0.07036253809928894,attack,No
4596,0,0,0.29421497216298875,-1.400949239730835,-0.525949239730835,attack,No
4597,0,0,0.22270013366638422,-1.642295002937317,-0.3922949731349945,attack,No
4598,0,0,0.02033235452992065,-3.9823544025421143,-0.10735446214675903,attack,No
4599,0,0,0.004070137277974943,-5.539635181427002,-0.0396350733935833,attack,No
4600,0,0,0.004609571769146091,-5.442312240600586,-0.06731215119361877,attack,No
4601,0,0,0.005911067586607513,-5.226778984069824,-0.10177876800298691,attack,No
4602,0,0,0.005911068768682665,-5.219607830047607,-0.09460781514644623,attack,No
4603,0,0,0.0013250226784794808,-6.682258129119873,-0.057258326560258865,attack,No
4604,0,1,0.5312093733737563,-0.7950315475463867,-0.9200315475463867,attack,Yes
4605,0,0,0.005220125964387991,-5.327824592590332,-0.07782464474439621,attack,No
4606,0,0,0.009708478057367978,-4.723260879516602,-0.0982610434293747,attack,No
4607,0,0,0.01098694441170717,-4.568818092346191,-0.06881825625896454,attack,No
4608,0,0,0.005220125616178516,-5.322751998901367,-0.072751984000206,attack,No
4609,0,0,0.0052201248036898296,-5.294808387756348,-0.04480821639299393,attack,No
4610,0,0,0.0028009269879310543,-5.969939708709717,-0.0949397161602974,attack,No
4611,0,0,0.0046095722990240826,-5.428719997406006,-0.05372002348303795,attack,No
4612,0,0,0.0015011822734888253,-6.538941860198975,-0.038941871374845505,attack,No
4613,0,0,0.004070137504485895,-5.552247047424316,-0.05224699527025223,attack,No
4614,0,0,0.042087723109535534,-3.2609071731567383,-0.13590705394744873,attack,No
4615,0,0,0.0031726824419085657,-5.815154075622559,-0.06515394896268845,attack,No
4616,0,0,0.0019267348925696179,-6.296215057373047,-0.046215176582336426,attack,No
4617,0,0,0.0028009275081831283,-5.931053638458252,-0.05605383217334747,attack,No
4618,0,0,0.004070138017910765,-5.555371284484863,-0.05537135899066925,attack,No
4619,0,0,0.10669059536584675,-2.3686165809631348,-0.24361659586429596,attack,No
4620,0,1,0.5621765155565327,-0.8069073557853699,-1.0569074153900146,attack,Yes
4621,0,0,0.008577486522496009,-4.809391021728516,-0.05939115211367607,attack,No
4622,0,0,0.00970847662473714,-4.721823215484619,-0.09682323038578033,attack,No
4623,0,0,0.012431653139975017,-4.47684383392334,-0.10184402018785477,attack,No
4624,0,0,0.006692850973816738,-5.080532073974609,-0.08053208142518997,attack,No
4625,0,0,0.0009110510401175234,-7.026307582855225,-0.02630741335451603,attack,No
4626,0,0,0.003593603088306097,-5.6918792724609375,-0.06687941402196884,attack,No
4627,0,0,0.008577485413711986,-4.813910961151123,-0.06391096115112305,attack,No
4628,0,0,0.029312230327373224,-3.580827474594116,-0.08082745969295502,attack,No
4629,0,0,0.002472623248519407,-6.044124603271484,-0.04412464052438736,attack,No
4630,0,0,0.010986940363721243,-4.5730133056640625,-0.07301309704780579,attack,No
4631,0,0,0.002182716380437148,-6.270907402038574,-0.14590737223625183,attack,No
4632,0,0,0.02595735719779685,-3.7579307556152344,-0.13293075561523438,attack,No
4633,0,1,0.7772998611746911,-0.4816032648086548,-1.7316032648086548,attack,Yes
4634,0,0,0.0066928520635182375,-5.0661420822143555,-0.0661422535777092,attack,No
4635,0,0,0.0013250226784794808,-6.676437854766846,-0.05143805220723152,attack,No
4636,0,0,0.014063627249862615,-4.334011554718018,-0.08401156961917877,attack,No
4637,0,0,0.06008665522337757,-2.8940012454986572,-0.1440013349056244,attack,No
4638,0,0,0.10669059678604234,-2.5259459018707275,-0.4009459316730499,attack,No
4639,0,0,0.004609571324732338,-5.439748287200928,-0.06474810093641281,attack,No
4640,0,0,0.009708476911263291,-4.72896146774292,-0.1039615124464035,attack,No
4641,0,0,0.015906388912772775,-4.205444812774658,-0.08044463396072388,attack,No
4642,0,0,0.01098694441170717,-4.609737396240234,-0.10973756015300751,attack,No
4643,0,0,0.006692849487860429,-5.077343463897705,-0.07734324783086777,attack,No
4644,0,0,0.01406362497707424,-4.431619167327881,-0.18161901831626892,attack,No
4645,0,0,0.0013250222496083792,-6.668139457702637,-0.04313933104276657,attack,No
4646,0,0,0.001700722398785469,-6.453543663024902,-0.07854365557432175,attack,No
4647,0,0,0.004070138652141575,-5.573070049285889,-0.07307028025388718,attack,No
4648,0,0,0.04208772431105632,-3.278240919113159,-0.15324082970619202,attack,No
4649,0,0,0.010986941335237732,-4.576339244842529,-0.07633912563323975,attack,No
4650,0,0,0.005911069031366064,-5.226571559906006,-0.10157158970832825,attack,No
4651,0,0,0.001169510421715644,-6.802029609680176,-0.052029743790626526,attack,No
4652,0,0,0.0203323526006201,-3.9481163024902344,-0.07311626523733139,attack,No
4653,0,0,0.020332353936289693,-3.9427947998046875,-0.06779482960700989,attack,No
4654,0,0,0.012431649481112502,-4.466249942779541,-0.09124983102083206,attack,No
4655,0,0,0.0017007226328071333,-6.436516284942627,-0.0615164153277874,attack,No
4656,0,0,0.0035936028748804008,-5.688248634338379,-0.06324871629476547,attack,No
4657,0,0,0.0015011823684158874,-6.561633586883545,-0.06163366138935089,attack,No
4658,0,0,0.010986942954432066,-4.622381210327148,-0.12238124012947083,attack,No
4659,0,0,0.0013250226094657313,-6.665970802307129,-0.040970947593450546,attack,No
4660,0,0,0.004609571871703117,-5.457127094268799,-0.08212702721357346,attack,No
4661,0,0,0.02595735945832451,-3.8673341274261475,-0.24233421683311462,attack,No
4662,0,0,0.1329642333263228,-2.1165404319763184,-0.24154037237167358,attack,No
4663,0,0,0.04742587250438209,-3.1711790561676025,-0.17117904126644135,attack,No
4664,0,0,0.015906393694469712,-4.188497543334961,-0.06349766999483109,attack,No
4665,0,0,0.006692851939688515,-5.062418460845947,-0.0624186135828495,attack,No
4666,0,0,0.002472622715588583,-6.048708438873291,-0.04870826005935669,attack,No
4667,0,0,0.0028009266965899346,-5.950466632843018,-0.07546653598546982,attack,No
4668,0,0,0.0015011824689269003,-6.551558494567871,-0.051558636128902435,attack,No
4669,0,0,0.07585818002124356,-2.674431085586548,-0.17443108558654785,attack,No
4670,0,0,0.0028009274457528746,-5.939526557922363,-0.06452672928571701,attack,No
4671,0,0,0.0024726230831270705,-6.067601680755615,-0.06760165095329285,attack,No
4672,0,0,0.015906392644828796,-4.210994243621826,-0.08599430322647095,attack,No
4673,0,0,0.005220125384038879,-5.30614709854126,-0.05614703893661499,attack,No
4674,0,0,0.017986207330143424,-4.084526062011719,-0.08452591300010681,attack,No
4675,0,0,0.0017007224240851069,-6.420529365539551,-0.04552937299013138,attack,No
4676,0,0,0.0019267343481195736,-6.290314674377441,-0.040314510464668274,attack,No
4677,0,0,0.004609571290546667,-5.43287467956543,-0.05787448585033417,attack,No
4678,0,0,0.0035936023679944244,-5.690920352935791,-0.06592029333114624,attack,No
4679,0,0,0.0035936021545687705,-5.670231819152832,-0.04523169994354248,attack,No
4680,0,0,0.0028009265249067895,-5.904500484466553,-0.02950032614171505,attack,No
4681,0,0,0.2942149597859341,-1.6055467128753662,-0.7305466532707214,attack,No
4682,0,0,0.022977369240981062,-3.844153881072998,-0.09415385127067566,attack,No
4683,0,0,0.0019267343767748358,-6.315953254699707,-0.06595310568809509,attack,No
4684,0,0,0.01798620890931226,-4.11627197265625,-0.11627191305160522,attack,No
4685,0,0,0.014063628592874095,-4.344001293182373,-0.094001404941082,attack,No
4686,0,0,0.004609571871703117,-5.4360480308532715,-0.06104796379804611,attack,No
4687,0,0,0.004609571666589067,-5.4493727684021,-0.07437265664339066,attack,No
4688,0,0,0.01243164957258405,-4.430190086364746,-0.05518998205661774,attack,No
4689,0,0,0.004609572589602362,-5.443871021270752,-0.06887111067771912,attack,No
4690,0,0,0.004070138199119559,-5.664987087249756,-0.1649872064590454,attack,No
4691,0,0,0.0028009269463108925,-5.940028190612793,-0.06502818316221237,attack,No
4692,0,0,0.004609571256360996,-5.4104695320129395,-0.035469330847263336,attack,No
4693,0,0,0.06754668926255561,-2.910705804824829,-0.2857057750225067,attack,No
4694,0,0,0.053403329046549465,-3.0927743911743164,-0.2177743762731552,attack,No
4695,0,0,0.025957360023456458,-3.7167177200317383,-0.09171783179044724,attack,No
4696,0,0,0.012431650212884917,-4.472431659698486,-0.09743160754442215,attack,No
4697,0,0,0.06754669301670263,-2.8298656940460205,-0.2048657238483429,attack,No
4698,0,0,0.004609571700774742,-5.432235240936279,-0.05723513662815094,attack,No
4699,0,0,0.004070138002810032,-5.560511112213135,-0.060511182993650436,attack,No
4700,0,0,0.002182716696863825,-6.178860664367676,-0.053860779851675034,attack,No
4701,0,0,0.0019267348782419833,-6.2996506690979,-0.049650780856609344,attack,No
4702,0,0,0.00150118221764938,-6.543473720550537,-0.04347369447350502,attack,No
4703,0,0,0.0015011819496200715,-6.556108474731445,-0.0561082698404789,attack,No
4704,0,0,0.012431653277182382,-4.433367729187012,-0.05836792662739754,attack,No
4705,0,0,0.020332352303804646,-3.9738593101501465,-0.0988592579960823,attack,No
4706,0,0,0.0009110511537105887,-7.051025390625,-0.05102534592151642,attack,No
4707,0,0,0.014063628799491258,-4.358277320861816,-0.10827744752168655,attack,No
4708,0,0,0.014063628386256938,-4.323884963989258,-0.07388506084680557,attack,No
4709,0,0,0.010986944978425318,-4.564375400543213,-0.0643756166100502,attack,No
4710,0,0,0.009708477770841793,-4.705285549163818,-0.0802856832742691,attack,No
4711,0,0,0.0035936033017318052,-5.691847324371338,-0.06684752553701401,attack,No
4712,0,0,0.00857748478012118,-4.817400932312012,-0.06740085780620575,attack,No
4713,0,0,0.005911069031366064,-5.164705276489258,-0.0397053062915802,attack,No
4714,0,0,0.014063629729268525,-4.338897705078125,-0.08889789879322052,attack,No
4715,0,0,0.2689414213699951,-1.4291009902954102,-0.42910099029541016,attack,No
4716,0,0,0.010986945059385054,-4.580910682678223,-0.08091090619564056,attack,No
4717,0,0,0.02595735945832451,-3.7144358158111572,-0.08943590521812439,attack,No
4718,0,0,0.009708477054526368,-4.695989608764648,-0.07098966836929321,attack,No
4719,0,0,0.007577242220321141,-4.962331295013428,-0.08733142167329788,attack,No
4720,0,0,0.006692850874752974,-5.061900615692139,-0.061900608241558075,attack,No
4721,0,0,0.03732689109229525,-3.3814537525177,-0.13145385682582855,attack,No
4722,0,0,0.0028009273625125377,-5.95223331451416,-0.0772334560751915,attack,No
4723,0,0,0.01590639322796263,-4.194004535675049,-0.06900463253259659,attack,No
4724,0,0,0.0015011822232333244,-6.543309688568115,-0.043309666216373444,attack,No
4725,0,0,0.037326887344129464,-3.5546715259552,-0.3046715259552002,attack,No
4726,0,0,0.004070137564888817,-5.545420169830322,-0.04542013257741928,attack,No
4727,0,0,0.005911069294049474,-5.270966529846191,-0.14596660435199738,attack,No
4728,0,0,0.0075772422763482235,-4.932974815368652,-0.05797494947910309,attack,No
4729,0,0,0.010986940120842136,-4.585944652557373,-0.08594442158937454,attack,No
4730,0,0,0.004070136764550166,-5.5616350173950195,-0.06163478270173073,attack,No
4731,0,0,0.015906392411575272,-4.269636631011963,-0.14463667571544647,attack,No
4732,0,0,0.0019267345343787824,-6.287095069885254,-0.037095002830028534,attack,No
4733,0,0,0.008577486934330109,-4.922183513641357,-0.17218369245529175,attack,No
4734,0,0,0.001926734505723518,-6.296408176422119,-0.046408094465732574,attack,No
4735,0,0,0.0035936021012123592,-5.675189018249512,-0.050188884139060974,attack,No
4736,0,0,0.003593603341749127,-5.6829514503479,-0.0579516626894474,attack,No
4737,0,0,0.010986941982915435,-4.5821213722229,-0.08212131261825562,attack,No
4738,0,0,0.008577485730507404,-4.835491180419922,-0.08549121767282486,attack,No
4739,0,0,0.004609571153803984,-5.443014144897461,-0.06801392138004303,attack,No
4740,0,0,0.00218271615325905,-6.166821002960205,-0.041820868849754333,attack,No
4741,0,0,0.007577241660050344,-4.950827121734619,-0.07582717388868332,attack,No
4742,0,0,0.04208772791561884,-3.317863941192627,-0.19286394119262695,attack,No
4743,0,0,0.014063625183691352,-4.330117702484131,-0.08011756837368011,attack,No
4744,0,0,0.0028009270815764205,-5.915767669677734,-0.04076771065592766,attack,No
4745,0,0,0.5,-0.8074517250061035,-0.8074517250061035,attack,No
4746,0,0,0.014063626423394072,-4.316354274749756,-0.06635423004627228,attack,No
4747,0,0,0.014063626423394072,-4.3617730140686035,-0.11177296936511993,attack,No
4748,0,0,0.004070137353478592,-5.551551818847656,-0.05155172944068909,attack,No
4749,0,0,0.002472623220954017,-6.06029748916626,-0.060297515243291855,attack,No
4750,0,0,0.037326887076403345,-3.3599977493286133,-0.10999774187803268,attack,No
4751,0,0,0.012431648749340125,-4.463685035705566,-0.08868486434221268,attack,No
4752,0,0,0.014063627353171185,-4.349469184875488,-0.09946920722723007,attack,No
4753,0,0,0.017986209304104488,-4.0951828956604,-0.0951828584074974,attack,No
4754,0,0,0.01098694125427802,-4.594106674194336,-0.09410654753446579,attack,No
4755,0,0,0.0019267343481195736,-6.332338333129883,-0.08233816921710968,attack,No
4756,0,0,0.009708475227922274,-4.684296131134033,-0.05929600074887276,attack,No
4757,0,0,0.002472622954488594,-6.066321849822998,-0.06632176786661148,attack,No
4758,0,0,0.0028009273000822866,-5.91892671585083,-0.04392683506011963,attack,No
4759,0,0,0.1329642264548166,-2.131640911102295,-0.25664079189300537,attack,No
4760,0,0,0.0017007221710887452,-6.425565242767334,-0.05056510120630264,attack,No
4761,0,0,0.017986209567299315,-4.083634376525879,-0.08363435417413712,attack,No
4762,0,0,0.24508501313237172,-1.5355700254440308,-0.41057002544403076,attack,No
4763,0,0,0.004609571683681904,-5.422644138336182,-0.047644030302762985,attack,No
4764,0,0,0.16451645470385742,-1.9411687850952148,-0.31616872549057007,attack,No
4765,0,1,0.5926666143433998,-0.6918696761131287,-1.0668697357177734,attack,Yes
4766,0,0,0.0024726231474463114,-6.042206764221191,-0.04220676049590111,attack,No
4767,0,0,0.0040701379424071035,-5.556217193603516,-0.0562172494828701,attack,No
4768,0,0,0.047425875197120895,-3.149090051651001,-0.14909009635448456,attack,No
4769,0,0,0.006692849834583539,-5.119424819946289,-0.11942465603351593,attack,No
4770,0,0,0.14804718675485834,-2.0104708671569824,-0.26047077775001526,attack,No
4771,0,0,0.03732689109229525,-3.3865816593170166,-0.13658176362514496,attack,No
4772,0,0,0.010986941820996006,-4.577479362487793,-0.077479287981987,attack,No
4773,0,0,0.001926734992863064,-6.314610481262207,-0.06461065262556076,attack,No
4774,0,0,0.004070137806500516,-5.5720624923706055,-0.07206251472234726,attack,No
4775,0,0,0.010986940849479477,-4.5524067878723145,-0.05240662395954132,attack,No
4776,0,0,0.02595735945832451,-3.7031078338623047,-0.07810792326927185,attack,No
4777,0,0,0.008577485603789237,-4.798677921295166,-0.048677943646907806,attack,No
4778,0,0,0.02931222863144092,-3.6916422843933105,-0.19164220988750458,attack,No
4779,0,0,0.0031726824890352242,-5.806017875671387,-0.056017763912677765,attack,No
4780,0,0,0.009708476517289835,-4.683661937713623,-0.058661941438913345,attack,No
4781,0,0,0.003172682983865187,-5.805306911468506,-0.05530695617198944,attack,No
4782,0,0,0.033085981248949035,-3.502816915512085,-0.12781700491905212,attack,No
4783,0,0,0.025957358893192575,-3.7329249382019043,-0.10792500525712967,attack,No
4784,0,1,0.6513548782017746,-0.5887226462364197,-1.2137227058410645,attack,Yes
4785,0,0,0.03308597552845946,-3.4927778244018555,-0.1177777349948883,attack,No
4786,0,0,0.007577242668537808,-4.9477996826171875,-0.07279986888170242,attack,No
4787,0,0,0.0031726831959351938,-5.7979559898376465,-0.04795610159635544,attack,No
4788,0,0,0.009708477341052534,-4.735926628112793,-0.11092671751976013,attack,No
4789,0,0,0.022977370244547896,-3.8479652404785156,-0.09796525537967682,attack,No
4790,0,1,0.5312093733737563,-0.760899543762207,-0.885899543762207,attack,Yes
4791,0,0,0.02033235067131973,-4.003372669219971,-0.12837253510951996,attack,No
4792,0,0,0.24508501864634827,-1.5622687339782715,-0.43726876378059387,attack,No
4793,0,0,0.002182716096464529,-6.181130409240723,-0.05613024905323982,attack,No
4794,0,0,0.003593601914464926,-5.683078289031982,-0.0580781027674675,attack,No
4795,0,0,0.06754668644694548,-2.798516273498535,-0.1735161989927292,attack,No
4796,0,0,0.0028009269879310543,-5.958938121795654,-0.0839381292462349,attack,No
4797,0,0,0.009708475765158738,-4.7302093505859375,-0.10520927608013153,attack,No
4798,0,0,0.0013250221707355476,-6.7084832191467285,-0.08348303288221359,attack,No
4799,0,0,0.005911067805510302,-5.19459342956543,-0.06959325075149536,attack,No
4800,0,0,0.002800926738210093,-5.944316864013672,-0.06931678205728531,attack,No
4801,0,0,0.017986210488481234,-4.2954583168029785,-0.2954583466053009,attack,No
4802,0,1,0.5621765008857981,-0.7105876207351685,-0.9605876207351685,attack,Yes
4803,0,0,0.003172682712886864,-5.809048175811768,-0.059048134833574295,attack,No
4804,0,0,0.008577484304928105,-4.810336589813232,-0.060336459428071976,attack,No
4805,0,0,0.010986943440190413,-4.576878547668457,-0.076878622174263,attack,No
4806,0,0,0.014063626630011202,-4.33712911605835,-0.08712908625602722,attack,No
4807,0,0,0.005220126776876857,-5.363206386566162,-0.11320659518241882,attack,No
4808,0,0,0.0017007222216880143,-6.439093112945557,-0.06409300118684769,attack,No
4809,0,0,0.022977370411809046,-3.829744577407837,-0.0797445997595787,attack,No
4810,0,0,0.008577484621723485,-4.808626174926758,-0.05862608179450035,attack,No
4811,0,0,0.004609571700774742,-5.4493279457092285,-0.07432784140110016,attack,No
4812,0,1,0.7981867873410141,-0.3683413863182068,-1.7433414459228516,attack,Yes
4813,0,0,0.009708476015869095,-4.681018829345703,-0.056018780916929245,attack,No
4814,0,0,0.020332352452212373,-4.001415252685547,-0.1264152079820633,attack,No
4815,0,0,0.012431648840811669,-4.45399808883667,-0.07899792492389679,attack,No
4816,0,0,0.0203323526006201,-3.9734199047088623,-0.09841986745595932,attack,No
4817,0,0,0.002472622954488594,-6.045923709869385,-0.0459236279129982,attack,No
4818,0,0,0.0024726228166616617,-6.036141395568848,-0.03614125773310661,attack,No
4819,0,0,0.004609571769146091,-5.454580783843994,-0.07958069443702698,attack,No
4820,0,0,0.0019267343194643127,-6.314485549926758,-0.06448537111282349,attack,No
4821,0,0,0.0031726825008168893,-5.801142692565918,-0.05114258453249931,attack,No
4822,0,0,0.00359360194114313,-5.7227888107299805,-0.09778863191604614,attack,No
4823,0,0,0.007577242724564895,-4.948712348937988,-0.0737125426530838,attack,No
4824,0,1,0.5312093733737563,-0.8260195255279541,-0.9510195255279541,attack,Yes
4825,0,0,0.015906393694469712,-4.242468357086182,-0.11746848374605179,attack,No
4826,0,0,0.007577241884158658,-4.926270484924316,-0.05127056688070297,attack,No
4827,0,0,0.004070137232672753,-5.574482440948486,-0.07448232173919678,attack,No
4828,0,0,0.008577485635468778,-4.809624195098877,-0.05962422117590904,attack,No
4829,0,0,0.007577240259373531,-4.9246978759765625,-0.049697741866111755,attack,No
4830,0,0,0.005911069775635757,-5.180451393127441,-0.05545154958963394,attack,No
4831,0,0,0.004609571153803984,-5.443637847900391,-0.06863762438297272,attack,No
4832,0,0,0.0019267349642077933,-6.313029766082764,-0.06302992254495621,attack,No
4833,0,0,0.0031726826304152057,-5.82463264465332,-0.07463257759809494,attack,No
4834,0,0,0.00970847490558041,-4.692373275756836,-0.0673731118440628,attack,No
4835,0,0,0.003172683408005215,-5.83443546295166,-0.08443564176559448,attack,No
4836,0,0,0.053403329046549465,-3.0154895782470703,-0.14048956334590912,attack,No
4837,0,0,0.003593602901558612,-5.712655067443848,-0.08765515685081482,attack,No
4838,0,0,0.004609572418673961,-5.452293872833252,-0.07729392498731613,attack,No
4839,0,0,0.003593602594759194,-5.678869247436523,-0.053869251161813736,attack,No
4840,0,0,0.18242552825126704,-1.7642122507095337,-0.2642122805118561,attack,No
4841,0,0,0.0031726824536902304,-5.810887813568115,-0.060887690633535385,attack,No
4842,0,0,0.0010322312211416022,-6.915560245513916,-0.04056042432785034,attack,No
4843,0,0,0.03308597981882656,-3.4928014278411865,-0.1178014725446701,attack,No
4844,0,0,0.001700722689731327,-6.428622245788574,-0.05362240970134735,attack,No
4845,0,0,0.06754668926255561,-2.7514495849609375,-0.1264495551586151,attack,No
4846,0,0,0.009708477448499847,-4.686164379119873,-0.061164479702711105,attack,No
4847,0,0,0.029312233295254994,-3.7681548595428467,-0.26815494894981384,attack,No
4848,0,0,0.003172682135585299,-5.816834926605225,-0.0668347030878067,attack,No
4849,0,0,0.003172683148808524,-5.787775039672852,-0.03777513653039932,attack,No
4850,0,0,0.0010322312019346441,-6.911746501922607,-0.036746662110090256,attack,No
4851,0,0,0.0035936023546553203,-5.6719441413879395,-0.04694407805800438,attack,No
4852,0,0,0.004070138017910765,-5.565804481506348,-0.06580455601215363,attack,No
4853,0,0,0.004070138395429092,-5.537698745727539,-0.03769891336560249,attack,No
4854,0,0,0.007577240651563013,-4.940791130065918,-0.0657910481095314,attack,No
4855,0,0,0.02033235482673614,-3.948434591293335,-0.07343466579914093,attack,No
4856,0,0,0.001325022584817964,-6.656227111816406,-0.031227238476276398,attack,No
4857,0,0,0.004070137021262546,-5.565285682678223,-0.06528551131486893,attack,No
4858,0,0,0.04742587385075148,-3.139075756072998,-0.13907577097415924,attack,No
4859,0,0,0.1066905854244781,-2.4089701175689697,-0.28397002816200256,attack,No
4860,0,0,0.00460957159821772,-5.442832946777344,-0.0678328201174736,attack,No
4861,0,0,0.009708475765158738,-4.6960320472717285,-0.07103197276592255,attack,No
4862,0,0,0.0010322310482789923,-6.917355537414551,-0.04235554859042168,attack,No
4863,0,0,0.0059110692064883365,-5.229696273803711,-0.10469633340835571,attack,No
4864,0,0,0.010986941820996006,-4.690515041351318,-0.1905149668455124,attack,No
4865,0,0,0.002800927185626831,-5.907509803771973,-0.032509882003068924,attack,No
4866,0,0,0.005911069118927199,-5.17064094543457,-0.045640990138053894,attack,No
4867,0,0,0.010986942306754304,-4.562042713165283,-0.062042683362960815,attack,No
4868,0,0,0.06754669489377622,-2.8731765747070312,-0.24817663431167603,attack,No
4869,0,0,0.025957358704815272,-3.720501184463501,-0.09550124406814575,attack,No
4870,0,0,0.02931222820745785,-3.6210291385650635,-0.12102904915809631,attack,No
4871,0,0,0.11920292202211755,-2.2546510696411133,-0.2546510696411133,attack,No
4872,0,0,0.00460957214518853,-5.450518608093262,-0.07551860064268112,attack,No
4873,0,0,0.003172683066336854,-5.787034511566162,-0.03703458234667778,attack,No
4874,0,0,0.010986942873472344,-4.618424415588379,-0.1184244379401207,attack,No
4875,0,0,0.06008664512463808,-2.919095754623413,-0.16909566521644592,attack,No
4876,0,0,0.00970847841552572,-4.68785285949707,-0.06285306066274643,attack,No
4877,0,0,0.0024726230371847568,-6.060331344604492,-0.06033129617571831,attack,No
4878,0,0,0.006692849983179163,-5.071837902069092,-0.07183776050806046,attack,No
4879,0,0,0.00669285137007181,-5.058262825012207,-0.058262892067432404,attack,No
4880,0,0,0.008577486490816461,-4.850905895233154,-0.10090602189302444,attack,No
4881,0,0,0.03308598029553404,-3.4751389026641846,-0.10013896226882935,attack,No
4882,0,0,0.008577486490816461,-4.812923908233643,-0.06292403489351273,attack,No
4883,0,0,0.002472623119880922,-6.075690269470215,-0.07569025456905365,attack,No
4884,0,0,0.009708475693527207,-4.696773052215576,-0.0717729702591896,attack,No
4885,0,0,0.004609572965644868,-5.428535461425781,-0.05353563278913498,attack,No
4886,0,0,0.01590639229494851,-4.215023040771484,-0.09002307802438736,attack,No
4887,0,0,0.015906389262652993,-4.188358306884766,-0.06335815042257309,attack,No
4888,0,0,0.0008040860014762267,-7.164119720458984,-0.03911980241537094,attack,No
4889,0,0,0.03732688948593843,-3.6063950061798096,-0.35639506578445435,attack,No
4890,0,0,0.0040701381085151605,-5.564636707305908,-0.06463680416345596,attack,No
4891,0,0,0.0675466845698721,-2.787968158721924,-0.16296805441379547,attack,No
4892,0,0,0.0009110511435380747,-7.044432163238525,-0.044432107359170914,attack,No
4893,0,0,0.01798621364681958,-4.099928855895996,-0.09992906451225281,attack,No
4894,0,0,0.014063630039194294,-4.371689796447754,-0.12169001251459122,attack,No
4895,0,0,0.004609572726345088,-5.5113091468811035,-0.13630926609039307,attack,No
4896,0,0,0.017986213120429816,-4.078619956970215,-0.07862013578414917,attack,No
4897,0,0,0.020332352897435558,-3.9789512157440186,-0.10395119339227676,attack,No
4898,0,0,0.1329642281726931,-2.100965976715088,-0.22596587240695953,attack,No
4899,0,0,0.0035936027414893473,-5.671978950500488,-0.04697899520397186,attack,No
4900,0,0,0.037326884934594504,-3.3713185787200928,-0.1213185116648674,attack,No
4901,0,0,0.0019267345415425984,-6.297124862670898,-0.047124799340963364,attack,No
4902,0,1,0.7772998611746911,-0.3696720600128174,-1.6196720600128174,attack,Yes
4903,0,0,0.00359360194114313,-5.683584213256836,-0.05858403444290161,attack,No
4904,0,0,0.008577487061048297,-4.812158107757568,-0.06215830147266388,attack,No
4905,0,0,0.025957359081569886,-3.7450010776519775,-0.12000115215778351,attack,No
4906,0,0,0.004609572743437929,-5.429141998291016,-0.054142121225595474,attack,No
4907,0,0,0.01798621101487092,-4.150172710418701,-0.15017277002334595,attack,No
4908,0,0,0.025957356255910384,-3.737966775894165,-0.11296673864126205,attack,No
4909,0,0,0.0024726235149848627,-6.0547614097595215,-0.054761555045843124,attack,No
4910,0,0,0.0013250226045361775,-6.667084217071533,-0.042084358632564545,attack,No
4911,0,0,0.00669285057756169,-5.078131675720215,-0.07813162356615067,attack,No
4912,0,0,0.004609571734960417,-5.443474769592285,-0.0684746727347374,attack,No
4913,0,0,0.009708475335369565,-4.680754661560059,-0.05575454235076904,attack,No
4914,0,0,0.009708478630420372,-4.700463771820068,-0.07546399533748627,attack,No
4915,0,0,0.001501182133890216,-6.546164035797119,-0.046163953840732574,attack,No
4916,0,0,0.005911069753745469,-5.1841583251953125,-0.05915847793221474,attack,No
4917,0,0,0.0031726828307035233,-5.801017761230469,-0.05101775750517845,attack,No
4918,0,0,0.01590639054554718,-4.185915470123291,-0.060915395617485046,attack,No
4919,0,0,0.0021827167374313507,-6.188141822814941,-0.06314195692539215,attack,No
4920,0,0,0.0015011821841457139,-6.550551891326904,-0.05055184289813042,attack,No
4921,0,0,0.047425871831197425,-3.1325085163116455,-0.13250848650932312,attack,No
4922,0,0,0.00460957192298163,-5.414991855621338,-0.039991799741983414,attack,No
4923,0,0,0.0024726231474463114,-6.045779705047607,-0.04577970132231712,attack,No
4924,0,0,0.005220124881069698,-5.333366394042969,-0.08336623758077621,attack,No
4925,0,0,0.014063624047297284,-4.327661514282227,-0.07766129821538925,attack,No
4926,0,0,0.010986940201801838,-4.557283878326416,-0.05728365480899811,attack,No
4927,0,0,0.014063625080382796,-4.3618998527526855,-0.1118997111916542,attack,No
4928,0,0,0.007577240595535943,-4.951871871948242,-0.07687178254127502,attack,No
4929,0,0,0.004609571187989654,-5.429922580718994,-0.05492236465215683,attack,No
4930,0,0,0.005911069250268905,-5.1922807693481445,-0.0672808364033699,attack,No
4931,0,0,0.01590639357784294,-4.193338394165039,-0.06833851337432861,attack,No
4932,0,0,0.012431648749340125,-4.470639228820801,-0.09563905745744705,attack,No
4933,0,0,0.017986213910014467,-4.106526851654053,-0.10652707517147064,attack,No
4934,0,0,0.0035936024747072553,-5.6858367919921875,-0.06083676218986511,attack,No
4935,0,0,0.00669285075092327,-5.061360836029053,-0.061360809952020645,attack,No
4936,0,0,0.009708475335369565,-4.703057765960693,-0.07805764675140381,attack,No
4937,0,0,0.003593602021177744,-5.686117649078369,-0.061117492616176605,attack,No
4938,0,0,0.014063629625959938,-4.355208873748779,-0.10520906001329422,attack,No
4939,0,0,0.005220126854256756,-5.298912048339844,-0.04891227185726166,attack,No
4940,0,0,0.03308598053388778,-3.481288433074951,-0.10628850013017654,attack,No
4941,0,0,0.03732688654095113,-3.3686928749084473,-0.11869285255670547,attack,No
4942,0,0,0.003593602594759194,-5.6753411293029785,-0.050341133028268814,attack,No
4943,0,0,0.0028009264676790765,-5.919987678527832,-0.044987499713897705,attack,No
4944,0,0,0.003593603048288778,-5.6733927726745605,-0.04839290305972099,attack,No
4945,0,0,0.00247262289935782,-6.059172630310059,-0.05917252600193024,attack,No
4946,0,0,0.07585817793199003,-2.7513809204101562,-0.25138089060783386,attack,No
4947,0,0,0.004070138289723957,-5.569529056549072,-0.06952919811010361,attack,No
4948,0,0,0.04742587115801275,-3.1368138790130615,-0.13681383430957794,attack,No
4949,0,0,0.0675466911396291,-2.8082876205444336,-0.1832876205444336,attack,No
4950,0,0,0.012431650761714258,-4.434182643890381,-0.05918263643980026,attack,No
4951,0,0,0.0850990542883219,-2.7274656295776367,-0.35246574878692627,attack,No
4952,0,0,0.0031726824536902304,-5.790249824523926,-0.04024970158934593,attack,No
4953,0,0,0.0017007220066411306,-6.501239776611328,-0.12623953819274902,attack,No
4954,0,0,0.010986943359230686,-4.572012424468994,-0.07201249152421951,attack,No
4955,0,0,0.22270013882530884,-1.625491738319397,-0.375491738319397,attack,No
4956,0,0,0.004070137459183703,-5.547886848449707,-0.04788678511977196,attack,No
4957,0,0,0.29421497216298875,-1.3909157514572144,-0.5159157514572144,attack,No
4958,0,0,0.0015011820389631688,-6.546652317047119,-0.0466521717607975,attack,No
4959,0,0,0.020332355123551627,-3.9645211696624756,-0.08952125906944275,attack,No
4960,0,0,0.40733341443526055,-1.0365486145019531,-0.6615486741065979,attack,No
4961,0,1,0.7310585786300049,-0.4284156560897827,-1.4284156560897827,attack,Yes
4962,0,0,0.014063625183691352,-4.332404613494873,-0.0824044793844223,attack,No
4963,0,0,0.01243165140201519,-4.455336570739746,-0.08033661544322968,attack,No
4964,0,0,0.0031726826539785367,-5.8049702644348145,-0.05497020483016968,attack,No
4965,0,0,0.014063627869714051,-4.336506366729736,-0.0865064263343811,attack,No
4966,0,0,0.004609571871703117,-5.457180023193359,-0.082179956138134,attack,No
4967,0,0,0.025957359269947192,-3.729769468307495,-0.10476955026388168,attack,No
4968,0,0,0.004070137262874213,-5.615148067474365,-0.11514795571565628,attack,No
4969,0,0,0.01243164865786858,-4.440995693206787,-0.06599551439285278,attack,No
4970,0,0,0.004070137202471295,-5.566115379333496,-0.06611525267362595,attack,No
4971,0,0,0.001169510456529009,-6.780170440673828,-0.030170604586601257,attack,No
4972,0,0,0.0021827160558970152,-6.176591873168945,-0.051591694355010986,attack,No
4973,0,0,0.005911068505999277,-5.187592029571533,-0.06259196996688843,attack,No
4974,0,0,0.00857748598394375,-4.843231678009033,-0.09323174506425858,attack,No
4975,0,0,0.0017007225758829418,-6.437863826751709,-0.06286392360925674,attack,No
4976,0,0,0.010986943440190413,-4.570411682128906,-0.07041175663471222,attack,No
4977,0,0,0.0024726229177347444,-6.045316219329834,-0.045316122472286224,attack,No
4978,0,0,0.06754668550840877,-2.786257743835449,-0.16125765442848206,attack,No
4979,0,0,0.005911070038319199,-5.188401699066162,-0.06340190023183823,attack,No
4980,0,0,0.04742587856304458,-3.179299831390381,-0.1792999505996704,attack,No
4981,0,0,0.0015011825415181918,-6.539304733276367,-0.03930492326617241,attack,No
4982,0,0,0.02931222863144092,-3.604369878768921,-0.10436980426311493,attack,No
4983,0,0,0.022977368404675395,-3.827547311782837,-0.07754724472761154,attack,No
4984,0,0,0.010986940606600357,-4.582427501678467,-0.08242731541395187,attack,No
4985,0,0,0.02033235452992065,-3.950997829437256,-0.07599788904190063,attack,No
4986,0,0,0.007577241435942037,-4.988006114959717,-0.11300613731145859,attack,No
4987,0,0,0.0052201248036898296,-5.32183837890625,-0.07183820754289627,attack,No
4988,0,0,0.0011695102302421558,-6.788674831390381,-0.03867480158805847,attack,No
4989,0,0,0.1329642281726931,-2.1135621070861816,-0.23856200277805328,attack,No
4990,0,0,0.0035936027948457686,-5.688511371612549,-0.0635114312171936,attack,No
4991,0,0,0.00970847848715727,-4.7209954261779785,-0.09599563479423523,attack,No
4992,0,0,0.008577487092727844,-4.802631855010986,-0.05263205245137215,attack,No
4993,0,0,0.010986941659076578,-4.572113513946533,-0.07211342453956604,attack,No
4994,0,0,0.006692851716795015,-5.092499732971191,-0.09249985218048096,attack,No
4995,0,0,0.007577242388402388,-5.050299167633057,-0.17529931664466858,attack,No
4996,0,0,0.007577240259373531,-4.98734188079834,-0.1123417466878891,attack,No
4997,0,0,0.03308597743528921,-3.501621961593628,-0.12662193179130554,attack,No
4998,0,0,0.00247262333121558,-6.061607360839844,-0.06160743162035942,attack,No
4999,0,0,0.03732688895048618,-3.390875816345215,-0.14087586104869843,attack,No
5000,0,0,0.005220126506047222,-5.297928333282471,-0.04792848974466324,attack,No
5001,0,0,0.025957355125646668,-3.7248752117156982,-0.09987512975931168,attack,No
5002,0,0,0.24508502416032488,-1.692387580871582,-0.5673876404762268,attack,No
5003,0,0,0.017986207198546027,-4.109599590301514,-0.10959943383932114,attack,No
5004,0,0,0.09534946232842245,-2.4701809883117676,-0.2201809585094452,attack,No
5005,0,0,0.003593602181246977,-5.702327251434326,-0.07732713967561722,attack,No
5006,0,0,0.05340332829327471,-3.0322425365448,-0.15724250674247742,attack,No
5007,0,0,0.002800927331297412,-5.90648889541626,-0.03148902580142021,attack,No
5008,0,0,0.007577239643075814,-4.91975736618042,-0.04475715011358261,attack,No
5009,0,0,0.0031726835022585624,-5.853675365447998,-0.10367557406425476,attack,No
5010,0,0,0.18242551491653522,-1.8332386016845703,-0.33323854207992554,attack,No
5011,0,0,0.04742587654349034,-3.168973684310913,-0.16897375881671906,attack,No
5012,0,0,0.002182716818566405,-6.197445392608643,-0.07244556397199631,attack,No
5013,0,0,0.04208772491181671,-3.2979483604431152,-0.17294828593730927,attack,No
5014,0,0,0.006692849537392301,-5.132937431335449,-0.1329372227191925,attack,No
5015,0,0,0.01590639054554718,-4.206906795501709,-0.08190672099590302,attack,No
5016,0,0,0.012431649938470258,-4.458250045776367,-0.08324997127056122,attack,No
5017,0,0,0.008577487251125584,-4.8474578857421875,-0.09745810180902481,attack,No
5018,0,0,0.004070137051464004,-5.554843425750732,-0.05484326183795929,attack,No
5019,0,0,0.0040701380481122295,-5.541296005249023,-0.041296087205410004,attack,No
5020,0,0,0.05340332829327471,-3.0219573974609375,-0.1469573676586151,attack,No
5021,0,0,0.006692850478497932,-5.069850921630859,-0.069850854575634,attack,No
5022,0,0,0.005220126854256756,-5.305293083190918,-0.055293306708335876,attack,No
5023,0,0,0.001700722209038197,-6.418990612030029,-0.043990492820739746,attack,No
5024,0,0,0.002472623459854076,-6.033812999725342,-0.033813122659921646,attack,No
5025,0,0,0.014063626113468383,-4.347805023193359,-0.097804956138134,attack,No
5026,0,0,0.025957359081569886,-3.7759275436401367,-0.1509276181459427,attack,No
5027,0,0,0.0028009270919814614,-5.925358772277832,-0.05035881698131561,attack,No
5028,0,0,0.012431650395828029,-4.4571990966796875,-0.08219905942678452,attack,No
5029,0,0,0.01798621114646834,-4.080789566040039,-0.08078963309526443,attack,No
5030,0,0,0.006692849586924174,-5.051711559295654,-0.05171135812997818,attack,No
5031,0,0,0.0035936022346033897,-5.69528341293335,-0.07028331607580185,attack,No
5032,0,0,0.001926735093156515,-6.3021392822265625,-0.05213950574398041,attack,No
5033,0,0,0.037326887611855576,-3.348686456680298,-0.09868646413087845,attack,No
5034,0,0,0.00280092632200854,-5.92767333984375,-0.052673108875751495,attack,No
5035,0,0,0.006692851444369638,-5.055883884429932,-0.05588396266102791,attack,No
5036,0,0,0.005911067586607513,-5.180554389953613,-0.05555417388677597,attack,No
5037,0,0,0.004609571324732338,-5.414272785186768,-0.039272598922252655,attack,No
5038,0,0,0.02297736823741426,-3.844686508178711,-0.09468643367290497,attack,No
5039,0,0,0.005220126912291682,-5.309579849243164,-0.059580083936452866,attack,No
5040,0,0,0.012431650212884917,-4.491114139556885,-0.11611408740282059,attack,No
5041,0,0,0.0015011823293282728,-6.549466609954834,-0.049466658383607864,attack,No
5042,0,0,0.004070137700795395,-5.554101467132568,-0.05410146340727806,attack,No
5043,0,0,0.005220125596833546,-5.303738117218018,-0.053738098591566086,attack,No
5044,0,0,0.029312230751356316,-3.620709180831909,-0.12070918083190918,attack,No
5045,0,0,0.009708475407001092,-4.718700885772705,-0.09370077401399612,attack,No
5046,0,0,0.017986206803753842,-4.0584259033203125,-0.058425724506378174,attack,No
5047,0,0,0.02297736740110863,-3.828155994415283,-0.07815588265657425,attack,No
5048,0,0,0.1645164628965632,-1.9323384761810303,-0.3073384761810303,attack,No
5049,0,0,0.022977371917159397,-3.840386152267456,-0.09038624167442322,attack,No
5050,0,0,0.005220126641462038,-5.309865474700928,-0.05986565724015236,attack,No
5051,0,0,0.004609571564032047,-5.441622734069824,-0.06662259995937347,attack,No
5052,0,0,0.05340332377362639,-3.0290465354919434,-0.1540464162826538,attack,No
5053,0,0,0.03732688895048618,-3.39928936958313,-0.14928941428661346,attack,No
5054,0,0,0.10669058826486906,-2.3722305297851562,-0.24723047018051147,attack,No
5055,0,0,0.02931223244728875,-3.624511241912842,-0.12451130151748657,attack,No
5056,0,0,0.005911067936851978,-5.195418357849121,-0.07041820138692856,attack,No
5057,0,0,0.008577485603789237,-4.830398082733154,-0.08039810508489609,attack,No
5058,0,0,0.007577241099779587,-4.927985668182373,-0.052985645830631256,attack,No
5059,0,0,0.025957357009419556,-3.7328262329101562,-0.10782622545957565,attack,No
5060,0,0,0.009708474332528234,-4.682200908660889,-0.057200685143470764,attack,No
5061,0,0,0.01098694303539179,-4.5697455406188965,-0.06974557787179947,attack,No
5062,0,0,0.0028009266341596987,-5.907331466674805,-0.03233134746551514,attack,No
5063,0,0,0.006692850156540728,-5.061941623687744,-0.06194150820374489,attack,No
5064,0,0,0.00669285161773124,-5.070445537567139,-0.07044564187526703,attack,No
5065,0,0,0.008577487314484681,-4.85566520690918,-0.1056654304265976,attack,No
5066,0,0,0.0011695100431203676,-6.78257942199707,-0.03257923200726509,attack,No
5067,0,0,0.0059110692064883365,-5.2029128074646,-0.07791286706924438,attack,No
5068,0,0,0.008577483576298776,-4.811642169952393,-0.06164195388555527,attack,No
5069,0,0,0.004609573119480448,-5.417436122894287,-0.042436327785253525,attack,No
5070,0,0,0.02931223244728875,-3.5992074012756348,-0.09920746088027954,attack,No
5071,0,0,0.008577484590043946,-4.814873218536377,-0.0648731216788292,attack,No
5072,0,0,0.005911068943804928,-5.195152282714844,-0.07015229761600494,attack,No
5073,0,0,0.004070138168918091,-5.570930480957031,-0.0709305927157402,attack,No
5074,0,0,0.0024726227523424295,-6.039287090301514,-0.03928692638874054,attack,No
5075,0,0,0.00522012577093828,-5.302207946777344,-0.052207961678504944,attack,No
5076,0,0,0.0006263342583774798,-7.432462692260742,-0.05746285244822502,attack,No
5077,0,0,0.010986940363721243,-4.6502275466918945,-0.15022733807563782,attack,No
5078,0,0,0.0019267351218117874,-6.313145637512207,-0.06314587593078613,attack,No
5079,0,0,0.0021827159585349845,-6.161318302154541,-0.03631807863712311,attack,No
5080,0,0,0.005911069294049474,-5.177790641784668,-0.05279071629047394,attack,No
5081,0,0,0.005911069075146632,-5.191970348358154,-0.06697038561105728,attack,No
5082,0,0,0.14804721306746543,-2.0757265090942383,-0.32572662830352783,attack,No
5083,0,0,0.0006263340415186735,-7.406528949737549,-0.031528763473033905,attack,No
5084,0,0,0.0019267350788288787,-6.307014465332031,-0.05701468139886856,attack,No
5085,0,0,0.003593602901558612,-5.688858985900879,-0.06385907530784607,attack,No
5086,0,0,0.007577240427454735,-4.946081161499023,-0.07108104974031448,attack,No
5087,0,0,0.02595735945832451,-3.706422805786133,-0.08142289519309998,attack,No
5088,0,0,0.033085981487302796,-3.483381748199463,-0.10838184505701065,attack,No
5089,0,0,0.0017007224240851069,-6.436527729034424,-0.061527736485004425,attack,No
5090,0,0,0.003593603168340736,-5.690027236938477,-0.0650274008512497,attack,No
5091,0,0,0.005911069469171754,-5.215460300445557,-0.090460404753685,attack,No
5092,0,0,0.005911070169660925,-5.1727614402771,-0.04776166379451752,attack,No
5093,0,0,0.0046095724528596406,-5.430294036865234,-0.05529409646987915,attack,No
5094,0,0,0.015906389262652993,-4.217678546905518,-0.09267839044332504,attack,No
5095,0,0,0.007577240147319397,-4.9499101638793945,-0.07491001486778259,attack,No
5096,0,0,0.0035936027681675578,-5.69213342666626,-0.06713347882032394,attack,No
5097,0,0,0.017986208119727825,-4.181992530822754,-0.18199242651462555,attack,No
5098,0,0,0.0035936018611085183,-5.677165508270264,-0.052165307104587555,attack,No
5099,0,0,0.037326888415033926,-3.3787553310394287,-0.1287553608417511,attack,No
5100,0,0,0.009708474225080954,-4.68042516708374,-0.05542493239045143,attack,No
5101,0,0,0.006692852261645802,-5.080023288726807,-0.08002348989248276,attack,No
5102,0,0,0.005911069994538625,-5.168188571929932,-0.04318876564502716,attack,No
5103,0,0,0.0009110509977320548,-7.045769214630127,-0.04576899856328964,attack,No
5104,0,0,0.009708478308078396,-4.6758198738098145,-0.050820063799619675,attack,No
5105,0,0,0.00359360311498431,-5.695087909698486,-0.07008805871009827,attack,No
5106,0,0,0.0850990519679964,-2.539926767349243,-0.16492685675621033,attack,No
5107,0,0,0.0019267343337919433,-6.286158561706543,-0.03615839034318924,attack,No
5108,0,0,0.005911069600513468,-5.194714546203613,-0.06971467286348343,attack,No
5109,0,0,0.01098694441170717,-4.6426873207092285,-0.14268748462200165,attack,No
5110,0,0,0.004609572487045321,-5.468319416046143,-0.09331948310136795,attack,No
5111,0,0,0.012431651767901451,-4.445982933044434,-0.07098300755023956,attack,No
5112,0,0,0.0031726822180569445,-5.790973663330078,-0.040973465889692307,attack,No
5113,0,0,0.025957357009419556,-3.7147536277770996,-0.08975362032651901,attack,No
5114,0,0,0.3775406828054583,-1.0763931274414062,-0.576393187046051,attack,No
5115,0,0,0.34864513533394575,-1.3182035684585571,-0.6932035684585571,attack,No
5116,0,0,0.009708477555947162,-4.738898277282715,-0.1138983890414238,attack,No
5117,0,0,0.00247262333121558,-6.051054954528809,-0.051055025309324265,attack,No
5118,0,0,0.001032231151996555,-6.907888889312744,-0.032889001071453094,attack,No
5119,0,0,0.022977370913592487,-3.834303140640259,-0.08430318534374237,attack,No
5120,0,1,0.9399133557169234,-0.19310630857944489,-2.9431064128875732,attack,Yes
5121,0,0,0.2018132270610754,-1.7215561866760254,-0.3465562164783478,attack,No
5122,0,0,0.0373268852023206,-3.371116876602173,-0.12111681699752808,attack,No
5123,0,0,0.00757724303271387,-4.931251049041748,-0.05625128373503685,attack,No
5124,0,0,0.006692850156540728,-5.046356201171875,-0.04635608568787575,attack,No
5125,0,0,0.014063623943988737,-4.450628280639648,-0.20062805712223053,attack,No
5126,0,0,0.009708475621895678,-4.675932884216309,-0.05093279480934143,attack,No
5127,0,0,0.0028009274041327055,-5.913509368896484,-0.03850952535867691,attack,No
5128,0,0,0.0028009274873730438,-5.905091762542725,-0.030091948807239532,attack,No
5129,0,0,0.005220125654868455,-5.293545722961426,-0.043545715510845184,attack,No
5130,0,0,0.0008040858189004915,-7.167240619659424,-0.04224047437310219,attack,No
5131,0,0,0.012431651310543626,-4.433434009552002,-0.05843404680490494,attack,No
5132,0,0,0.002182716899701462,-6.198651313781738,-0.073651522397995,attack,No
5133,0,0,0.0031726828896118543,-5.826437950134277,-0.07643796503543854,attack,No
5134,0,0,0.0015011820277952813,-6.5422186851501465,-0.04221853241324425,attack,No
5135,0,0,0.009708475084659223,-4.677495002746582,-0.05249485746026039,attack,No
5136,0,0,0.0021827164291181723,-6.186039447784424,-0.06103944033384323,attack,No
5137,0,0,0.02931222905542399,-3.7465152740478516,-0.2465152144432068,attack,No
5138,0,0,0.007577241632036804,-4.935871601104736,-0.06087164953351021,attack,No
5139,0,0,0.22270013882530884,-1.6037564277648926,-0.3537564277648926,attack,No
5140,0,0,0.014063628386256938,-4.345221996307373,-0.0952220931649208,attack,No
5141,0,0,0.0015011823572479975,-6.548213481903076,-0.048213548958301544,attack,No
5142,0,0,0.0040701379424071035,-5.5461812019348145,-0.04618125781416893,attack,No
5143,0,0,0.0059110681119742174,-5.189414978027344,-0.0644148513674736,attack,No
5144,0,0,0.003593603341749127,-5.67954158782959,-0.054541800171136856,attack,No
5145,0,0,0.042087729117139754,-3.272519826889038,-0.14751985669136047,attack,No
5146,0,0,0.0420877273148584,-3.272291898727417,-0.1472918838262558,attack,No
5147,0,0,0.060086648490884395,-2.9145781993865967,-0.1645781695842743,attack,No
5148,0,0,0.007577241099779587,-4.937341690063477,-0.06234166771173477,attack,No
5149,0,0,0.0017007221015147523,-6.430840969085693,-0.055840786546468735,attack,No
5150,0,0,0.008577484336607643,-4.8057942390441895,-0.055794112384319305,attack,No
5151,0,0,0.04742587149460509,-3.1224238872528076,-0.12242384999990463,attack,No
5152,0,0,0.5,-0.9618890881538391,-0.9618890881538391,attack,No
5153,0,0,0.007577242052239898,-4.961454391479492,-0.08645449578762054,attack,No
5154,0,0,0.0031726835258219,-5.782960414886475,-0.03296063095331192,attack,No
5155,0,0,0.06754669489377622,-2.7632064819335938,-0.13820654153823853,attack,No
5156,0,0,0.002800927133601626,-5.95172643661499,-0.07672649621963501,attack,No
5157,0,0,0.0024726235976810437,-6.068403244018555,-0.06840342283248901,attack,No
5158,0,0,0.01798620588257211,-4.073441982269287,-0.0734417513012886,attack,No
5159,0,0,0.00757724009129233,-4.958473205566406,-0.08347304910421371,attack,No
5160,0,0,0.015906391128680933,-4.216897964477539,-0.09189792722463608,attack,No
5161,0,0,0.029312227783474795,-3.591658115386963,-0.09165801107883453,attack,No
5162,0,0,0.006692850032711038,-5.045208930969238,-0.04520879685878754,attack,No
5163,0,0,0.00857748636409828,-4.8121185302734375,-0.062118642032146454,attack,No
5164,0,0,0.03308598029553404,-3.4761364459991455,-0.10113650560379028,attack,No
5165,0,0,0.005911069994538625,-5.216597557067871,-0.09159775078296661,attack,No
5166,0,0,0.2018132270610754,-1.7527600526809692,-0.3777600824832916,attack,No
5167,0,0,0.005220126041767878,-5.30350923538208,-0.05350930243730545,attack,No
5168,0,0,0.0028009272376520377,-5.961240291595459,-0.08624038845300674,attack,No
5169,0,0,0.04208772851637929,-3.229968547821045,-0.10496856272220612,attack,No
5170,0,0,0.004609572281931243,-5.498743057250977,-0.12374307960271835,attack,No
5171,0,0,0.009708474475791274,-4.694887638092041,-0.0698874294757843,attack,No
5172,0,0,0.005911069250268905,-5.206562042236328,-0.0815621092915535,attack,No
5173,0,0,0.014063627973022628,-4.323298454284668,-0.07329852133989334,attack,No
5174,0,0,0.025957359646701823,-3.7366607189178467,-0.11166081577539444,attack,No
5175,0,0,0.007577240987725441,-4.982383728027344,-0.10738369077444077,attack,No
5176,0,0,0.0031726830309918535,-5.808109760284424,-0.058109819889068604,attack,No
5177,0,0,0.0017007222912620121,-6.417283058166504,-0.042282987385988235,attack,No
5178,0,0,0.2018132174596823,-1.7110704183578491,-0.33607038855552673,attack,No
5179,0,0,0.047425875197120895,-3.142176628112793,-0.14217667281627655,attack,No
5180,0,0,0.004609571153803984,-5.437966346740723,-0.06296612322330475,attack,No
5181,0,0,0.22270014398423357,-1.6427494287490845,-0.39274945855140686,attack,No
5182,0,0,0.0031726825479435495,-5.80861234664917,-0.05861225351691246,attack,No
5183,0,0,0.002182716526480224,-6.156199932098389,-0.031199969351291656,attack,No
5184,0,0,0.0011695104935182104,-6.780509948730469,-0.03051014430820942,attack,No
5185,0,0,0.04742587788985982,-3.17271089553833,-0.17271099984645844,attack,No
5186,0,0,0.06754668644694548,-2.7773969173431396,-0.15239684283733368,attack,No
5187,0,0,0.02033235363947422,-3.964181423187256,-0.08918143808841705,attack,No
5188,0,0,0.01243164902375476,-4.654892444610596,-0.27989229559898376,attack,No
5189,0,0,0.02033235542036712,-3.9750750064849854,-0.10007511079311371,attack,No
5190,0,0,0.025957355125646668,-3.711556911468506,-0.0865568295121193,attack,No
5191,0,0,0.0011695100300653603,-6.785297393798828,-0.03529719263315201,attack,No
5192,0,0,0.11920293297380237,-2.2418954372406006,-0.24189554154872894,attack,No
5193,0,0,0.006692851716795015,-5.0884318351745605,-0.0884319543838501,attack,No
5194,0,0,0.0017007220066411306,-6.4526824951171875,-0.0776822566986084,attack,No
5195,0,0,0.007577241211833736,-4.9590349197387695,-0.08403491228818893,attack,No
5196,0,0,0.0019267345415425984,-6.3079023361206055,-0.057902272790670395,attack,No
5197,0,0,0.005911068155754778,-5.195479869842529,-0.07047975063323975,attack,No
5198,0,0,0.004609572316116922,-5.464643955230713,-0.08964398503303528,attack,No
5199,0,0,0.017986208119727825,-4.171727180480957,-0.17172707617282867,attack,No
5200,0,0,0.0010322311289482067,-6.921881198883057,-0.046881288290023804,attack,No
5201,0,0,0.007577240651563013,-4.9278244972229,-0.052824415266513824,attack,No
5202,0,0,0.004070138138716626,-5.5619025230407715,-0.06190262734889984,attack,No
5203,0,0,0.025957359269947192,-3.7176856994628906,-0.09268578141927719,attack,No
5204,0,0,0.0035936023546553203,-5.675340175628662,-0.050340112298727036,attack,No
5205,0,0,0.14804720179063335,-1.9836604595184326,-0.233660489320755,attack,No
5206,0,0,0.004070138199119559,-5.621006011962891,-0.12100613117218018,attack,No
5207,0,0,0.053403329046549465,-3.010328531265259,-0.1353285163640976,attack,No
5208,0,1,0.9626731094431571,-0.2040468156337738,-3.4540467262268066,attack,Yes
5209,0,0,0.002800926873475611,-5.9167962074279785,-0.04179617390036583,attack,No
5210,0,0,0.0019267345200511502,-6.319748878479004,-0.06974880397319794,attack,No
5211,0,0,0.003593602394672632,-5.680659770965576,-0.05565971881151199,attack,No
5212,0,0,0.05340333055309901,-3.008002758026123,-0.13300277292728424,attack,No
5213,0,0,0.007577240595535943,-4.965662479400635,-0.0906623899936676,attack,No
5214,0,0,0.003172682983865187,-5.803706645965576,-0.05370669066905975,attack,No
5215,0,0,0.03308597624352061,-3.487825393676758,-0.11282532662153244,attack,No
5216,0,0,0.0035936022612815957,-5.681499481201172,-0.05649939179420471,attack,No
5217,0,0,0.0675466911396291,-2.8190908432006836,-0.1940908432006836,attack,No
5218,0,0,0.0015011825191824095,-6.55785608291626,-0.05785625800490379,attack,No
5219,0,0,0.010986940687560063,-4.569649696350098,-0.06964951753616333,attack,No
5220,0,0,0.06008664933244599,-2.884957790374756,-0.13495777547359467,attack,No
5221,0,0,0.0031726824890352242,-5.805173397064209,-0.05517328530550003,attack,No
5222,0,0,0.009708476553105604,-4.705910682678223,-0.08091069012880325,attack,No
5223,0,0,0.020332354678328394,-3.9687740802764893,-0.09377414733171463,attack,No
5224,0,1,0.9324533032291502,-0.2685874402523041,-2.893587350845337,attack,Yes
5225,0,0,0.0019267350501736068,-6.315648078918457,-0.06564828008413315,attack,No
5226,0,0,0.01590639101205418,-4.195710182189941,-0.07071013748645782,attack,No
5227,0,0,0.0028009266757798557,-5.946896553039551,-0.07189644873142242,attack,No
5228,0,0,0.003172682194493617,-5.799675941467285,-0.04967573657631874,attack,No
5229,0,0,0.006692851692029072,-5.061133861541748,-0.0611339770257473,attack,No
5230,0,0,0.010986943116351513,-4.578707695007324,-0.0787077397108078,attack,No
5231,0,0,0.006692850676625449,-5.0745368003845215,-0.0745367631316185,attack,No
5232,0,0,0.0035936017410566038,-5.68424129486084,-0.05924106016755104,attack,No
5233,0,0,0.009708475263738038,-4.709278106689453,-0.08427798002958298,attack,No
5234,0,0,0.0028009276122335546,-5.938297271728516,-0.06329750269651413,attack,No
5235,0,0,0.037326890021390696,-3.3783247470855713,-0.12832482159137726,attack,No
5236,0,0,0.01798621154126062,-4.0730767250061035,-0.07307681441307068,attack,No
5237,0,0,0.007577240875671297,-4.950925350189209,-0.0759252980351448,attack,No
5238,0,0,0.0066928493887966865,-5.084153175354004,-0.0841529443860054,attack,No
5239,0,0,0.0013250223925653976,-6.671801567077637,-0.046801548451185226,attack,No
5240,0,0,0.007577242052239898,-4.941582679748535,-0.06658278405666351,attack,No
5241,0,0,0.04208772791561884,-3.263624429702759,-0.1386244297027588,attack,No
5242,0,0,0.006692852261645802,-5.082855701446533,-0.08285590261220932,attack,No
5243,0,0,0.020332352155396922,-3.9417788982391357,-0.06677883863449097,attack,No
5244,0,0,0.007577243004700326,-4.957983493804932,-0.08298372477293015,attack,No
5245,0,0,0.01406362559692558,-4.321455478668213,-0.07145537436008453,attack,No
5246,0,0,0.015906394394230357,-4.207825660705566,-0.08282583206892014,attack,No
5247,0,0,0.006692850428966053,-5.0752058029174805,-0.0752057284116745,attack,No
5248,0,0,0.08509904152653235,-2.6107418537139893,-0.23574180901050568,attack,No
5249,0,0,0.004609571871703117,-5.430222988128662,-0.05522292107343674,attack,No
5250,0,0,0.01098694303539179,-4.580214023590088,-0.08021406084299088,attack,No
5251,0,0,0.008577484083171345,-4.814106464385986,-0.06410630792379379,attack,No
5252,0,0,0.004070138033011497,-5.534885406494141,-0.03488548472523689,attack,No
5253,0,0,0.004609571187989654,-5.419871807098389,-0.04487159103155136,attack,No
5254,0,0,0.007577242220321141,-4.955893516540527,-0.08089364320039749,attack,No
5255,0,0,0.0015011820780507757,-6.592283248901367,-0.09228312969207764,attack,No
5256,0,0,0.004609572914366343,-5.42280912399292,-0.047809284180402756,attack,No
5257,0,0,0.0028009263324135785,-5.918360233306885,-0.04336000606417656,attack,No
5258,0,0,0.0031726830074285195,-5.837750434875488,-0.08775048702955246,attack,No
5259,0,0,0.0015011825247663551,-6.543226718902588,-0.04322689771652222,attack,No
5260,0,0,0.0019267347206380085,-6.3166375160217285,-0.0666375458240509,attack,No
5261,0,0,0.025957359081569886,-3.7286603450775146,-0.10366041958332062,attack,No
5262,0,0,0.006692851518667466,-5.061498165130615,-0.0614982545375824,attack,No
5263,0,0,0.14804719051380197,-2.0079119205474854,-0.2579118609428406,attack,No
5264,0,0,0.0019267343337919433,-6.304254531860352,-0.05425436049699783,attack,No
5265,0,0,0.004070138078313694,-5.5697150230407715,-0.06971511244773865,attack,No
5266,0,0,0.0013250224467904776,-6.662234306335449,-0.03723432868719101,attack,No
5267,0,0,0.022977371248114782,-3.92024302482605,-0.17024308443069458,attack,No
5268,0,0,0.014063625390308462,-4.339120388031006,-0.08912026882171631,attack,No
5269,0,0,0.3208212878370535,-1.291170358657837,-0.5411702990531921,attack,No
5270,0,0,0.008577487124407394,-4.83636999130249,-0.08637019246816635,attack,No
5271,0,0,0.005911068659231251,-5.1873955726623535,-0.06239553913474083,attack,No
5272,0,0,0.009708475478632619,-4.690192699432373,-0.06519259512424469,attack,No
5273,0,0,0.001926735085992697,-6.3038177490234375,-0.05381796881556511,attack,No
5274,0,0,0.0474258704848281,-3.144742250442505,-0.1447421908378601,attack,No
5275,0,0,0.06754669207816587,-2.8217968940734863,-0.19679690897464752,attack,No
5276,0,0,0.047425867792089564,-3.1266818046569824,-0.12668168544769287,attack,No
5277,0,0,0.0019267348639143487,-6.2924275398254395,-0.04242764413356781,attack,No
5278,0,0,0.002182716185713063,-6.17777681350708,-0.05277669429779053,attack,No
5279,0,0,0.0019267346919827415,-6.301745414733887,-0.05174542963504791,attack,No
5280,0,0,0.04742587721667508,-3.142063856124878,-0.1420639455318451,attack,No
5281,0,0,0.07585817897661679,-2.6839778423309326,-0.18397782742977142,attack,No
5282,0,0,0.01098694441170717,-4.701469898223877,-0.20147006213665009,attack,No
5283,0,0,0.037326887344129464,-3.3964312076568604,-0.14643120765686035,attack,No
5284,0,0,0.0017007223355363758,-6.427865505218506,-0.05286546051502228,attack,No
5285,0,0,0.0028009265509193865,-5.933254718780518,-0.05825456976890564,attack,No
5286,0,0,0.010986945140344795,-4.586833477020264,-0.08683370798826218,attack,No
5287,0,0,0.008577486205700558,-4.805976867675781,-0.05597696080803871,attack,No
5288,0,0,0.017986210488481234,-4.098748207092285,-0.09874823689460754,attack,No
5289,0,0,0.0019267345415425984,-6.3053131103515625,-0.055313047021627426,attack,No
5290,0,0,0.006692852335943641,-5.0512542724609375,-0.05125448480248451,attack,No
5291,0,0,0.09534945590170514,-2.459061622619629,-0.20906151831150055,attack,No
5292,0,0,0.005220125306659001,-5.33594274520874,-0.08594267070293427,attack,No
5293,0,0,0.00857748598394375,-4.81486701965332,-0.06486708670854568,attack,No
5294,0,0,0.06008664512463808,-2.9612908363342285,-0.21129074692726135,attack,No
5295,0,0,0.0259573547488921,-3.728349447250366,-0.10334935039281845,attack,No
5296,0,0,0.0013250226094657313,-6.66489315032959,-0.039893295615911484,attack,No
5297,0,0,0.009708474619054318,-4.6932268142700195,-0.06822662055492401,attack,No
5298,0,0,0.0019267347421294588,-6.293456077575684,-0.04345611855387688,attack,No
5299,0,0,0.10669060530721626,-2.3183679580688477,-0.1933680772781372,attack,No
5300,0,1,0.6224593171945417,-0.7107909321784973,-1.2107908725738525,attack,Yes
5301,0,0,0.009708474977211935,-4.69990873336792,-0.07490857690572739,attack,No
5302,0,0,0.04742587654349034,-3.1350271701812744,-0.13502724468708038,attack,No
5303,0,0,0.10669058968506456,-2.3496031761169434,-0.22460313141345978,attack,No
5304,0,0,0.004070137882004175,-5.549964904785156,-0.04996494576334953,attack,No
5305,0,0,0.006692851716795015,-5.076700210571289,-0.07670032978057861,attack,No
5306,0,0,0.015906388912772775,-4.189773082733154,-0.06477290391921997,attack,No
5307,0,0,0.022977371582637088,-3.835967540740967,-0.08596761524677277,attack,No
5308,0,0,0.004609571222175325,-5.439807415008545,-0.06480720639228821,attack,No
5309,0,0,0.0035936030216105657,-5.67248010635376,-0.047480229288339615,attack,No
5310,0,0,0.006692850131774789,-5.076640605926514,-0.07664048671722412,attack,No
5311,0,0,0.00020342690077284183,-8.518714904785156,-0.018714524805545807,attack,No
5312,0,0,0.009708474833948886,-4.709066867828369,-0.08406669646501541,attack,No
5313,0,0,0.04208772611333754,-3.3119289875030518,-0.18692894279956818,attack,No
5314,0,0,0.01798621351522214,-4.105205535888672,-0.10520573705434799,attack,No
5315,0,0,0.0028009269463108925,-5.929356098175049,-0.05435609072446823,attack,No
5316,0,0,0.004070138289723957,-5.559398651123047,-0.05939879268407822,attack,No
5317,0,0,0.0028009275289932133,-5.944739818572998,-0.06974001973867416,attack,No
5318,0,0,0.020332350077688886,-4.005582332611084,-0.13058216869831085,attack,No
5319,0,0,0.007577242864632608,-4.913698673248291,-0.03869888558983803,attack,No
5320,0,1,0.9046505338155469,-0.20314909517765045,-2.4531490802764893,attack,Yes
5321,0,0,0.08509904848750824,-2.5435776710510254,-0.16857771575450897,attack,No
5322,0,0,0.007577242304361764,-4.930568695068359,-0.05556883290410042,attack,No
5323,0,0,0.0010322310482789923,-6.933567047119141,-0.05856705829501152,attack,No
5324,0,0,0.012431652957031865,-4.440876483917236,-0.06587665528059006,attack,No
5325,0,0,0.14804718675485834,-2.0841481685638428,-0.3341480791568756,attack,No
5326,0,0,0.020332352303804646,-3.9538369178771973,-0.07883686572313309,attack,No
5327,0,0,0.0021827167009205776,-6.149503231048584,-0.024503348395228386,attack,No
5328,0,0,0.0009110513266433421,-7.037578105926514,-0.03757825121283531,attack,No
5329,0,0,0.005220124648930093,-5.329031944274902,-0.07903174310922623,attack,No
5330,0,0,0.014063627146554044,-4.343911647796631,-0.09391165524721146,attack,No
5331,0,0,0.0015011822008975469,-6.559415340423584,-0.059415303170681,attack,No
5332,0,0,0.0031726825125985543,-5.804844379425049,-0.05484427511692047,attack,No
5333,0,0,0.0017007227909298973,-6.418017387390137,-0.043017610907554626,attack,No
5334,0,0,0.015906388562892566,-4.198156356811523,-0.07315615564584732,attack,No
5335,0,0,0.00857748702936875,-4.8101487159729,-0.06014890596270561,attack,No
5336,0,1,0.5312093733737563,-0.7337558269500732,-0.8587558269500732,attack,Yes
5337,0,0,0.0013250222890447963,-6.686418533325195,-0.06141843646764755,attack,No
5338,0,0,0.025957359081569886,-3.765148639678955,-0.14014871418476105,attack,No
5339,0,0,0.008577486680893736,-4.825634956359863,-0.07563510537147522,attack,No
5340,0,0,0.06754669301670263,-2.7641043663024902,-0.13910439610481262,attack,No
5341,0,0,0.002182716388550652,-6.168430805206299,-0.04343077912926674,attack,No
5342,0,0,0.025957359835079137,-3.7481253147125244,-0.12312541902065277,attack,No
5343,0,0,0.014063626733319769,-4.318532466888428,-0.06853244453668594,attack,No
5344,0,0,0.0259573547488921,-3.7369980812072754,-0.11199798434972763,attack,No
5345,0,0,0.005911069162707768,-5.192911624908447,-0.06791167706251144,attack,No
5346,0,0,0.007577242052239898,-4.9569854736328125,-0.08198557794094086,attack,No
5347,0,0,0.005911069009475778,-5.176906585693359,-0.051906611770391464,attack,No
5348,0,0,0.015906389146026254,-4.2188239097595215,-0.09382374584674835,attack,No
5349,0,0,0.003172683219498529,-5.909646034240723,-0.1596461534500122,attack,No
5350,0,0,0.020332351116542875,-3.96396541595459,-0.08896530419588089,attack,No
5351,0,0,0.0019267342334985317,-6.285559177398682,-0.03555895388126373,attack,No
5352,0,0,0.012431653322918172,-4.476985931396484,-0.10198613256216049,attack,No
5353,0,0,0.022977372084420553,-3.8635292053222656,-0.11352930217981339,attack,No
5354,0,0,0.08509904152653235,-2.604891300201416,-0.22989125549793243,attack,No
5355,0,0,0.001926734992863064,-6.300760746002197,-0.050760917365550995,attack,No
5356,0,0,0.02033235156176603,-4.202227592468262,-0.32722750306129456,attack,No
5357,0,0,0.004609572076817176,-5.45593786239624,-0.08093784004449844,attack,No
5358,0,0,0.014063624770457132,-4.334083080291748,-0.08408291637897491,attack,No
5359,0,0,0.006692850131774789,-5.078542232513428,-0.07854211330413818,attack,No
5360,0,0,0.006692852360709588,-5.066969394683838,-0.0669696107506752,attack,No
5361,0,0,0.007577240147319397,-5.0220417976379395,-0.14704164862632751,attack,No
5362,0,0,0.012431649846998705,-4.443553447723389,-0.0685533657670021,attack,No
5363,0,0,0.0013250225256633253,-6.659388065338135,-0.03438814729452133,attack,No
5364,0,0,0.007577241828131579,-4.967135429382324,-0.09213550388813019,attack,No
5365,0,0,0.006692850329902297,-5.060588359832764,-0.06058827042579651,attack,No
5366,0,0,0.0031726823476552492,-5.795535564422607,-0.045535407960414886,attack,No
5367,0,0,0.005220126506047222,-5.324009895324707,-0.07401005178689957,attack,No
5368,0,0,0.002182715926080975,-6.168695449829102,-0.04369521141052246,attack,No
5369,0,0,0.003593601994499539,-5.712993144989014,-0.08799298107624054,attack,No
5370,0,0,0.0066928498841154135,-5.068173885345459,-0.06817372888326645,attack,No
5371,0,0,0.015906388562892566,-4.246661186218262,-0.1216609850525856,attack,No
5372,0,1,0.5926665999540697,-0.7991677522659302,-1.1741677522659302,attack,Yes
5373,0,0,0.037326890021390696,-3.360351085662842,-0.11035116016864777,attack,No
5374,0,0,0.022977367902892003,-3.8483662605285645,-0.09836617112159729,attack,No
5375,0,0,0.0028009265197042697,-5.926393032073975,-0.051392871886491776,attack,No
5376,0,0,0.0075772417721044994,-4.966646194458008,-0.09164626151323318,attack,No
5377,0,0,0.0019267347421294588,-6.282894611358643,-0.03289465233683586,attack,No
5378,0,0,0.004070136870255261,-5.557523727416992,-0.057523518800735474,attack,No
5379,0,0,0.0019267347278018251,-6.302513599395752,-0.05251363292336464,attack,No
5380,0,0,0.008577486870971015,-4.804892063140869,-0.05489223450422287,attack,No
5381,0,0,0.005911068724902099,-5.2107319831848145,-0.08573196083307266,attack,No
5382,0,0,0.2689414096510108,-1.423781156539917,-0.4237810969352722,attack,No
5383,0,0,0.00522012654473717,-5.295753002166748,-0.04575316607952118,attack,No
5384,0,0,0.02595735757455145,-3.701774835586548,-0.07677485048770905,attack,No
5385,0,0,0.0013250222693265876,-6.676163196563721,-0.05116308480501175,attack,No
5386,0,0,0.014063624615494307,-4.309954643249512,-0.05995446816086769,attack,No
5387,0,0,0.001926735093156515,-6.356897354125977,-0.10689757764339447,attack,No
5388,0,0,0.008577486934330109,-4.8054070472717285,-0.05540722608566284,attack,No
5389,0,0,0.033085978388704126,-3.5939135551452637,-0.21891355514526367,attack,No
5390,0,0,0.0085774839564532,-4.824071884155273,-0.07407171279191971,attack,No
5391,0,0,0.053403329799824234,-3.0300045013427734,-0.15500450134277344,attack,No
5392,0,0,0.004070138168918091,-5.619922161102295,-0.11992227286100388,attack,No
5393,0,0,0.01243165222525929,-4.4652862548828125,-0.09028636664152145,attack,No
5394,0,0,0.014063626630011202,-4.424530029296875,-0.1745299994945526,attack,No
5395,0,0,0.0013250222643970352,-6.666042804718018,-0.041042689234018326,attack,No
5396,0,0,0.020332355717182622,-4.018826961517334,-0.14382708072662354,attack,No
5397,0,0,0.015906388562892566,-4.212306499481201,-0.08730629831552505,attack,No
5398,0,0,0.0021827169240419796,-6.171684265136719,-0.04668448492884636,attack,No
5399,0,0,0.01098694214483487,-4.677785396575928,-0.17778535187244415,attack,No
5400,0,0,0.22270013366638422,-1.5884108543395996,-0.3384108245372772,attack,No
5401,0,0,0.004609572657973725,-5.4278340339660645,-0.05283413827419281,attack,No
5402,0,0,0.006692851964454458,-5.066339015960693,-0.0663391724228859,attack,No
5403,0,0,0.002800927008741136,-5.944439888000488,-0.06943990290164948,attack,No
5404,0,0,0.00591107012588035,-5.208111763000488,-0.08311197906732559,attack,No
5405,0,0,0.1480471980316895,-2.051959991455078,-0.3019599914550781,attack,No
5406,0,0,0.002182716218167076,-6.220057010650635,-0.09505690634250641,attack,No
5407,0,0,0.0013250223038334533,-6.665564060211182,-0.040563974529504776,attack,No
5408,0,0,0.04742587385075148,-3.1524946689605713,-0.15249468386173248,attack,No
5409,0,0,0.03308598220236406,-3.6736936569213867,-0.29869377613067627,attack,No
5410,0,0,0.014063626423394072,-4.3636603355407715,-0.1136602908372879,attack,No
5411,0,0,0.18242551936144574,-1.8451530933380127,-0.3451530635356903,attack,No
5412,0,0,0.025957360023456458,-3.734015941619873,-0.109016053378582,attack,No
5413,0,0,0.0059110681119742174,-5.228385925292969,-0.1033857986330986,attack,No
5414,0,0,0.010986943683069595,-4.607063293457031,-0.10706339031457901,attack,No
5415,0,0,0.007577240259373531,-4.96213960647583,-0.08713947236537933,attack,No
5416,0,0,0.01098694190195572,-4.590591907501221,-0.09059184044599533,attack,No
5417,0,0,0.00970847490558041,-4.745185375213623,-0.12018521130084991,attack,No
5418,0,0,0.020332355123551627,-3.9586234092712402,-0.0836234986782074,attack,No
5419,0,0,0.009708476481474066,-4.7142863273620605,-0.08928632736206055,attack,No
5420,0,0,0.0008040858608031157,-7.1649489402771,-0.03994884714484215,attack,No
5421,0,0,0.003172682748231862,-5.8054046630859375,-0.05540463328361511,attack,No
5422,0,0,0.0005527785175525029,-7.571659564971924,-0.07165934890508652,attack,No
5423,0,0,0.06754668832401889,-2.8364572525024414,-0.21145720779895782,attack,No
5424,0,0,0.0013250221066513758,-6.652580261230469,-0.027580026537179947,attack,No
5425,0,0,0.004609571290546667,-5.437658786773682,-0.06265859305858612,attack,No
5426,0,0,0.0035936028215239795,-5.684277057647705,-0.05927712470293045,attack,No
5427,0,0,0.003593602394672632,-5.681256294250488,-0.0562562420964241,attack,No
5428,0,0,0.04742586913845881,-3.1392178535461426,-0.13921776413917542,attack,No
5429,0,0,0.002472622954488594,-6.055909633636475,-0.05590955168008804,attack,No
5430,0,0,0.0011695103825506096,-6.794778823852539,-0.04477892443537712,attack,No
5431,0,0,0.003172683466913557,-5.811893463134766,-0.061893660575151443,attack,No
5432,0,0,0.005220126370632409,-5.310090065002441,-0.06009019538760185,attack,No
5433,0,0,0.004609572008445822,-5.437197208404541,-0.06219717115163803,attack,No
5434,0,0,0.006692849512626365,-5.060489177703857,-0.06048896536231041,attack,No
5435,0,0,0.008577485920584663,-4.825428009033203,-0.0754280686378479,attack,No
5436,0,0,0.002182716331756125,-6.160203456878662,-0.03520340472459793,attack,No
5437,0,0,0.008577484209889493,-4.833327770233154,-0.08332762867212296,attack,No
5438,0,0,0.004609572709252247,-5.433955192565918,-0.05895530804991722,attack,No
5439,0,0,0.015906389962413444,-4.199924945831299,-0.07492483407258987,attack,No
5440,0,0,0.0124316506702427,-4.468399524688721,-0.09339950978755951,attack,No
5441,0,0,0.017986210751676075,-4.075587749481201,-0.07558779418468475,attack,No
5442,0,0,0.042087729717900216,-3.2558281421661377,-0.13082818686962128,attack,No
5443,0,0,0.0019267349212248879,-6.324409484863281,-0.074409618973732,attack,No
5444,0,0,0.00033535007801446126,-8.041126251220703,-0.04112609475851059,attack,No
5445,0,0,0.01798620890931226,-4.272552013397217,-0.272551953792572,attack,No
5446,0,0,0.001325022328481215,-6.661087512969971,-0.03608744591474533,attack,No
5447,0,0,0.006692849834583539,-5.075836181640625,-0.07583601772785187,attack,No
5448,0,0,0.004070137142068378,-5.562830924987793,-0.06283078342676163,attack,No
5449,0,0,0.06008665438181589,-2.9186365604400635,-0.16863663494586945,attack,No
5450,0,0,0.0031726828896118543,-5.897823333740234,-0.14782334864139557,attack,No
5451,0,0,0.012431650304356473,-4.453295707702637,-0.07829566299915314,attack,No
5452,0,0,0.037326884666868405,-3.3819549083709717,-0.1319548338651657,attack,No
5453,0,0,0.010986940525640651,-4.579603672027588,-0.07960347831249237,attack,No
5454,0,0,0.0028009274457528746,-5.923384666442871,-0.04838483780622482,attack,No
5455,0,0,0.14804720930852133,-2.1433911323547363,-0.3933912217617035,attack,No
5456,0,1,0.6791786861878392,-0.6399787068367004,-1.3899786472320557,attack,Yes
5457,0,0,0.0035936021412296677,-5.663331031799316,-0.03833090886473656,attack,No
5458,0,0,0.0046095723503026004,-5.4176459312438965,-0.04264596849679947,attack,No
5459,0,0,0.010986943683069595,-4.5879693031311035,-0.08796939998865128,attack,No
5460,0,0,0.0066928502556044805,-5.051149368286133,-0.051149267703294754,attack,No
5461,0,0,0.014063629006108426,-4.356253623962402,-0.10625376552343369,attack,No
5462,0,0,0.002182716283075103,-6.166961669921875,-0.04196159541606903,attack,No
5463,0,0,0.005220126776876857,-5.379502773284912,-0.12950298190116882,attack,No
5464,0,0,0.09534946104307897,-2.4575753211975098,-0.20757527649402618,attack,No
5465,0,0,0.0059110674990464,-5.169950008392334,-0.04494977742433548,attack,No
5466,0,0,0.009708477484315619,-4.764488220214844,-0.1394883245229721,attack,No
5467,0,0,0.0017007220825400275,-6.4214582443237305,-0.04645805060863495,attack,No
5468,0,0,0.0031726826186335402,-5.785213947296143,-0.03521387651562691,attack,No
5469,0,0,0.004609572059724338,-5.4167680740356445,-0.04176804795861244,attack,No
5470,0,0,0.3775406547908327,-1.1158885955810547,-0.6158885359764099,attack,No
5471,0,0,0.012431649755527152,-4.5228352546691895,-0.1478351652622223,attack,No
5472,0,0,0.0035936017810739075,-5.6943206787109375,-0.06932045519351959,attack,No
5473,0,0,0.00669285072615733,-5.198084354400635,-0.19808432459831238,attack,No
5474,0,0,0.002472622798284738,-6.050321102142334,-0.050320956856012344,attack,No
5475,0,0,0.0035936017410566038,-5.674928665161133,-0.04992843046784401,attack,No
5476,0,0,0.004609572384488282,-5.4206767082214355,-0.04567675292491913,attack,No
5477,0,0,0.0035936021545687705,-5.6836700439453125,-0.05866992473602295,attack,No
5478,0,0,0.010986941416197443,-4.555464744567871,-0.05546463280916214,attack,No
5479,0,0,0.003172683219498529,-5.825686931610107,-0.07568705081939697,attack,No
5480,0,0,0.0031726825950702097,-5.810799598693848,-0.06079952046275139,attack,No
5481,0,0,0.006692852261645802,-5.10324239730835,-0.10324259847402573,attack,No
5482,0,0,0.04208773121980142,-3.2359023094177246,-0.11090239137411118,attack,No
5483,0,0,0.0021827167293178456,-6.168529033660889,-0.04352916404604912,attack,No
5484,0,0,0.005911069753745469,-5.176463603973389,-0.05146375671029091,attack,No
5485,0,0,0.017986213120429816,-4.061613082885742,-0.061613261699676514,attack,No
5486,0,1,0.5926665999540697,-0.6735247373580933,-1.0485247373580933,attack,Yes
5487,0,0,0.0017007227909298973,-6.441558361053467,-0.0665585845708847,attack,No
5488,0,0,0.04208772491181671,-3.2674503326416016,-0.1424502581357956,attack,No
5489,0,0,0.0075772408196442265,-4.957983016967773,-0.08298295736312866,attack,No
5490,0,0,0.005220125442073787,-5.293832302093506,-0.04383225366473198,attack,No
5491,0,0,0.001926734505723518,-6.284409999847412,-0.03440991789102554,attack,No
5492,0,0,0.07585818315512395,-2.656019449234009,-0.15601949393749237,attack,No
5493,0,0,0.0024726234139117557,-6.049130439758301,-0.04913054406642914,attack,No
5494,0,0,0.017986208646117444,-4.082395553588867,-0.08239547908306122,attack,No
5495,0,0,0.01243164938964095,-4.475945472717285,-0.1009453535079956,attack,No
5496,0,0,0.0019267344913958867,-6.291713714599609,-0.04171362519264221,attack,No
5497,0,0,0.003172682866048522,-5.819742679595947,-0.06974268704652786,attack,No
5498,0,0,0.0035936028482021903,-5.721395969390869,-0.09639604389667511,attack,No
5499,0,0,0.0005527785998773944,-7.543186664581299,-0.043186597526073456,attack,No
5500,0,0,0.009708477627578704,-4.692699909210205,-0.06770002841949463,attack,No
5501,0,0,0.020332355271959375,-3.9626641273498535,-0.08766422420740128,attack,No
5502,0,0,0.02033235497514388,-3.962557554244995,-0.08755763620138168,attack,No
5503,0,1,0.6513548511303336,-0.6033032536506653,-1.2283031940460205,attack,Yes
5504,0,0,0.005220124997139505,-5.306036949157715,-0.0560368150472641,attack,No
5505,0,0,0.007577240035265265,-4.930780410766602,-0.05578024685382843,attack,No
5506,0,0,0.008577487251125584,-4.826651096343994,-0.07665131241083145,attack,No
5507,0,0,0.004070138365227625,-5.54949951171875,-0.049499671906232834,attack,No
5508,0,0,0.0035936026347765083,-5.701406478881836,-0.07640649378299713,attack,No
5509,0,0,0.037326887611855576,-3.369657039642334,-0.11965704709291458,attack,No
5510,0,0,0.0028009265509193865,-5.97183084487915,-0.09683069586753845,attack,No
5511,0,0,0.02931222863144092,-3.5999011993408203,-0.09990112483501434,attack,No
5512,0,0,0.012431648932283214,-4.466709613800049,-0.09170945733785629,attack,No
5513,0,0,0.0028009266965899346,-5.945779323577881,-0.0707792267203331,attack,No
5514,0,0,0.0024726234690425402,-6.042081832885742,-0.042081959545612335,attack,No
5515,0,0,0.009708475335369565,-4.7154541015625,-0.09045398235321045,attack,No
5516,0,0,0.0015011825917737032,-6.543025493621826,-0.04302571713924408,attack,No
5517,0,0,0.0017007222469876495,-6.418971538543701,-0.04397144168615341,attack,No
5518,0,0,0.02297736857193652,-3.857780694961548,-0.10778063535690308,attack,No
5519,0,0,0.004609572469952481,-5.431668758392334,-0.05666882172226906,attack,No
5520,0,0,0.008577487124407394,-4.834278106689453,-0.08427830785512924,attack,No
5521,0,0,0.008577486047302837,-4.820849895477295,-0.07084996998310089,attack,No
5522,0,0,0.01098694352115014,-4.581194877624512,-0.08119495958089828,attack,No
5523,0,0,0.0059110674990464,-5.175539493560791,-0.05053926259279251,attack,No
5524,0,0,0.04208773061904093,-3.2351138591766357,-0.11011392623186111,attack,No
5525,0,0,0.008577484463325792,-4.829859733581543,-0.07985962182283401,attack,No
5526,0,0,0.09534947004048376,-2.4413280487060547,-0.19132810831069946,attack,No
5527,0,0,0.00591106784929086,-5.212989330291748,-0.08798915892839432,attack,No
5528,0,0,0.0015011819217003541,-6.568915843963623,-0.06891562044620514,attack,No
5529,0,0,0.005911069688074611,-5.186728000640869,-0.06172814220190048,attack,No
5530,0,0,0.03308597552845946,-3.4580907821655273,-0.08309069275856018,attack,No
5531,0,0,0.3775406828054583,-1.1027038097381592,-0.602703869342804,attack,No
5532,0,0,0.012431652957031865,-4.46394157409668,-0.08894174546003342,attack,No
5533,0,0,0.025957359835079137,-3.7401490211486816,-0.11514912545681,attack,No
5534,0,0,0.008577487377843779,-4.8389716148376465,-0.08897184580564499,attack,No
5535,0,0,0.004609571324732338,-5.441746234893799,-0.0667460486292839,attack,No
5536,0,0,0.007577241323887885,-4.94828987121582,-0.07328987866640091,attack,No
5537,0,0,0.00218271607212402,-6.166381359100342,-0.04138118773698807,attack,No
5538,0,0,0.0015011822008975469,-6.551755428314209,-0.051755391061306,attack,No
5539,0,0,0.01798621101487092,-4.084110260009766,-0.0841103196144104,attack,No
5540,0,0,0.0028009266757798557,-5.945601940155029,-0.07060183584690094,attack,No
5541,0,0,0.014063628592874095,-4.32703161239624,-0.07703172415494919,attack,No
5542,0,1,0.8354835289107309,-0.32148104906082153,-1.9464809894561768,attack,Yes
5543,0,0,0.022977370746331334,-3.826484203338623,-0.07648424059152603,attack,No
5544,0,0,0.0021827162993021103,-6.215438365936279,-0.09043829888105392,attack,No
5545,0,0,0.0046095727605307705,-5.479960918426514,-0.10496104508638382,attack,No
5546,0,0,0.46879062662624377,-0.9411678314208984,-0.8161678314208984,attack,No
5547,0,0,0.010986942306754304,-4.571206092834473,-0.07120606303215027,attack,No
5548,0,0,0.16451647108926923,-1.9341115951538086,-0.30911165475845337,attack,No
5549,0,0,0.0028009270815764205,-5.931844711303711,-0.05684475228190422,attack,No
5550,0,0,0.0019267346346722098,-6.314024925231934,-0.0640249103307724,attack,No
5551,0,0,0.006692850602327629,-5.052524089813232,-0.05252404138445854,attack,No
5552,0,0,0.006692851097646446,-5.049269199371338,-0.04926922544836998,attack,No
5553,0,0,0.16451645880021026,-1.9169059991836548,-0.2919059693813324,attack,No
5554,0,0,0.009708477878289112,-4.6863579750061035,-0.061358120292425156,attack,No
5555,0,0,0.015906389146026254,-4.233628749847412,-0.10862858593463898,attack,No
5556,0,0,0.24508501313237172,-1.5421768426895142,-0.41717684268951416,attack,No
5557,0,0,0.002800927216841955,-5.9333696365356445,-0.058369725942611694,attack,No
5558,0,0,0.0600866476493228,-2.904099702835083,-0.15409965813159943,attack,No
5559,0,0,0.03732688895048618,-3.3941938877105713,-0.14419393241405487,attack,No
5560,0,0,0.08509904268669496,-2.5353567600250244,-0.16035673022270203,attack,No
5561,0,0,0.004609571769146091,-5.431458473205566,-0.05645838379859924,attack,No
5562,0,0,0.017986210751676075,-4.0899786949157715,-0.08997873961925507,attack,No
5563,0,0,0.007577239811157005,-4.936359882354736,-0.06135968863964081,attack,No
5564,0,0,0.0019267343982662822,-6.285891056060791,-0.03589091822504997,attack,No
5565,0,0,0.014063629316034177,-4.4443840980529785,-0.19438426196575165,attack,No
5566,0,0,0.029312227359491745,-3.882908821105957,-0.3829087018966675,attack,No
5567,0,0,0.010986940363721243,-4.579769134521484,-0.07976892590522766,attack,No
5568,0,0,0.0015011824075035027,-6.533215522766113,-0.03321562334895134,attack,No
5569,0,0,0.0021827163966641563,-6.168679714202881,-0.04367969185113907,attack,No
5570,0,0,0.13296424535145931,-2.092938184738159,-0.21793822944164276,attack,No
5571,0,0,0.012431652362466643,-4.433485984802246,-0.05848610773682594,attack,No
5572,0,0,0.03308597934211908,-3.497119903564453,-0.12211993336677551,attack,No
5573,0,0,0.0019267342693176065,-6.310576915740967,-0.06057671085000038,attack,No
5574,0,0,0.0052201262352176,-5.322663307189941,-0.07266341149806976,attack,No
5575,0,0,0.007577240483481804,-4.936555862426758,-0.061555758118629456,attack,No
5576,0,0,0.017986206145766886,-4.089688777923584,-0.08968856185674667,attack,No
5577,0,0,0.02931223244728875,-3.8068883419036865,-0.3068884015083313,attack,No
5578,0,0,0.22270013882530884,-1.6376290321350098,-0.38762903213500977,attack,No
5579,0,0,0.0028009271960318725,-5.944519996643066,-0.06952007859945297,attack,No
5580,0,0,0.010986941982915435,-4.575300216674805,-0.07530015707015991,attack,No
5581,0,0,0.002800927029551217,-5.9355998039245605,-0.06059982627630234,attack,No
5582,0,0,0.00522012654473717,-5.431227684020996,-0.18122784793376923,attack,No
5583,0,0,0.014063626733319769,-4.350752353668213,-0.1007523313164711,attack,No
5584,0,0,0.0009110512011823215,-7.069930553436279,-0.0699305608868599,attack,No
5585,0,0,0.0015011822008975469,-6.556629657745361,-0.056629620492458344,attack,No
5586,0,0,0.010986940444680947,-4.604615688323975,-0.10461548715829849,attack,No
5587,0,0,0.009708476409842532,-4.685565948486328,-0.06056594103574753,attack,No
5588,0,0,0.004070137353478592,-5.585068225860596,-0.08506813645362854,attack,No
5589,0,0,0.025957357951306048,-3.7162158489227295,-0.09121587872505188,attack,No
5590,0,0,0.003172683148808524,-5.834162712097168,-0.08416280895471573,attack,No
5591,0,0,0.00317268297208352,-5.802469253540039,-0.052469294518232346,attack,No
5592,0,0,0.005911068287096462,-5.1998419761657715,-0.07484187930822372,attack,No
5593,0,0,0.0075772403154006,-4.958173751831055,-0.08317362517118454,attack,No
5594,0,0,0.0035936019278040277,-5.672016143798828,-0.0470159612596035,attack,No
5595,0,0,0.0035936033550882348,-5.673511028289795,-0.04851124435663223,attack,No
5596,0,0,0.03308597529010575,-3.4802374839782715,-0.10523738712072372,attack,No
5597,0,0,0.010986943844989052,-4.576568603515625,-0.07656871527433395,attack,No
5598,0,0,0.014063624667148581,-4.333456993103027,-0.08345682173967361,attack,No
5599,0,0,0.29421497216298875,-1.3854936361312866,-0.5104936361312866,attack,No
5600,0,0,0.07585817584273653,-2.6609718799591064,-0.16097182035446167,attack,No
5601,0,0,0.2018132174596823,-1.6969122886657715,-0.3219122588634491,attack,No
5602,0,0,0.003593602167907874,-5.675814628601074,-0.050814513117074966,attack,No
5603,0,0,0.029312233083263427,-3.6034023761749268,-0.10340245813131332,attack,No
5604,0,0,0.006692849487860429,-5.083339691162109,-0.08333947509527206,attack,No
5605,0,0,0.0420877273148584,-3.2615833282470703,-0.13658331334590912,attack,No
5606,0,0,0.020332355123551627,-3.9409775733947754,-0.06597766280174255,attack,No
5607,0,0,0.000804085887740518,-7.161028861999512,-0.03602880239486694,attack,No
5608,0,0,0.003593602394672632,-5.6858086585998535,-0.06080860644578934,attack,No
5609,0,0,0.012431653688804487,-4.444876194000244,-0.06987642496824265,attack,No
5610,0,0,0.00522012579028325,-5.298923492431641,-0.04892351105809212,attack,No
5611,0,0,0.01098694327827096,-4.568536281585693,-0.06853634119033813,attack,No
5612,0,0,0.02595735456051482,-3.7459523677825928,-0.12095226347446442,attack,No
5613,0,0,0.04208772611333754,-3.2685203552246094,-0.1435203105211258,attack,No
5614,0,0,0.0017007226011825822,-6.443999290466309,-0.06899940222501755,attack,No
5615,0,0,0.0024726232760847976,-6.061710834503174,-0.06171088293194771,attack,No
5616,0,0,0.009708477914104884,-4.690783977508545,-0.06578412652015686,attack,No
5617,0,0,0.029312233295254994,-3.601989269256592,-0.10198935866355896,attack,No
5618,0,0,0.009708475836790268,-4.698001861572266,-0.07300179451704025,attack,No
5619,0,0,0.0028009265405143477,-5.923365116119385,-0.04836496338248253,attack,No
5620,0,0,0.006692849487860429,-5.102823734283447,-0.10282351821660995,attack,No
5621,0,0,0.02297737225168171,-3.88436222076416,-0.1343623250722885,attack,No
5622,0,0,0.03308597767364294,-3.472397565841675,-0.09739754348993301,attack,No
5623,0,0,0.0259573558791558,-3.7232747077941895,-0.09827465564012527,attack,No
5624,0,0,0.005911069337830043,-5.190807819366455,-0.06580790132284164,attack,No
5625,0,0,0.0028009264260589225,-5.93449592590332,-0.05949573218822479,attack,No
5626,0,0,0.0035936028482021903,-5.668680191040039,-0.04368026554584503,attack,No
5627,0,0,0.0024726236987541584,-6.0571746826171875,-0.05717490240931511,attack,No
5628,0,0,0.0021827161775995595,-6.171875953674316,-0.04687583073973656,attack,No
5629,0,0,0.006692851791092847,-5.056195259094238,-0.05619538947939873,attack,No
5630,0,0,0.003172682371218578,-5.81332540512085,-0.06332525610923767,attack,No
5631,0,0,0.0019267343696110198,-6.308037757873535,-0.05803760513663292,attack,No
5632,0,0,0.004070138063212962,-5.559886455535889,-0.059886541217565536,attack,No
5633,0,0,0.010986943116351513,-4.58480978012085,-0.08480982482433319,attack,No
5634,0,0,0.0031726821827119532,-5.817781448364258,-0.0677812397480011,attack,No
5635,0,0,0.007577241996212817,-4.948779106140137,-0.07377920299768448,attack,No
5636,0,0,0.0009110512961257951,-7.051848888397217,-0.05184900015592575,attack,No
5637,0,0,0.007577239811157005,-4.942214488983154,-0.06721429526805878,attack,No
5638,0,0,0.0031726831959351938,-5.787137508392334,-0.03713762015104294,attack,No
5639,0,0,0.029312231811314076,-3.6165993213653564,-0.11659935861825943,attack,No
5640,0,0,0.0031726833137518703,-5.8125996589660645,-0.06259980797767639,attack,No
5641,0,0,0.007577241099779587,-4.943887710571289,-0.06888768821954727,attack,No
5642,0,0,0.010986943359230686,-4.5860419273376465,-0.08604199439287186,attack,No
5643,0,0,0.02297736740110863,-3.846982717514038,-0.09698260575532913,attack,No
5644,0,0,0.00970847658892137,-4.675594329833984,-0.05059434100985527,attack,No
5645,0,0,0.0024726227890962764,-6.063563823699951,-0.06356367468833923,attack,No
5646,0,0,0.00591106995075805,-5.204630374908447,-0.07963056117296219,attack,No
5647,0,0,0.0031726824419085657,-5.79413366317749,-0.04413353651762009,attack,No
5648,0,0,0.00857748528699382,-4.816464900970459,-0.06646488606929779,attack,No
5649,0,0,0.012431649938470258,-4.455376625061035,-0.08037655055522919,attack,No
5650,0,0,0.001700722063565303,-6.431077480316162,-0.056077275425195694,attack,No
5651,0,0,0.008577484906839334,-4.854537487030029,-0.10453742742538452,attack,No
5652,0,0,0.02595736021183377,-3.719590663909912,-0.09459078311920166,attack,No
5653,0,0,0.005220125983732964,-5.3022027015686035,-0.05220275744795799,attack,No
5654,0,0,0.02297737258620403,-3.8930230140686035,-0.14302313327789307,attack,No
5655,0,0,0.005220124571550228,-5.296391010284424,-0.04639079421758652,attack,No
5656,0,0,0.0953494738965146,-2.411951780319214,-0.16195188462734222,attack,No
5657,0,0,0.008577484463325792,-4.821450710296631,-0.0714505985379219,attack,No
5658,0,0,0.02033235542036712,-3.951796054840088,-0.07679615914821625,attack,No
5659,0,0,0.005911068243315901,-5.198694705963135,-0.07369460165500641,attack,No
5660,0,0,0.009708474977211935,-4.687959671020508,-0.06295951455831528,attack,No
5661,0,0,0.004609572897273501,-5.44561767578125,-0.07061783224344254,attack,No
5662,0,0,0.003172683384441879,-5.843797206878662,-0.09379737824201584,attack,No
5663,0,0,0.0028009269879310543,-5.93987512588501,-0.06487513333559036,attack,No
5664,0,0,0.010986944735546109,-4.578603744506836,-0.07860393822193146,attack,No
5665,0,0,0.005911068790572947,-5.176889419555664,-0.05188940837979317,attack,No
5666,0,0,0.005220125809628221,-5.297638893127441,-0.0476389154791832,attack,No
5667,0,0,0.017986208646117444,-4.092177867889404,-0.09217779338359833,attack,No
5668,0,0,0.004609571786238929,-5.406143665313721,-0.03114357963204384,attack,No
5669,0,0,0.014063624253914378,-4.313782215118408,-0.06378201395273209,attack,No
5670,0,0,0.04742587317756679,-3.1408801078796387,-0.14088010787963867,attack,No
5671,0,0,0.008577486427457372,-4.80148458480835,-0.05148470401763916,attack,No
5672,0,0,0.014063624047297284,-4.332377910614014,-0.08237769454717636,attack,No
5673,0,0,0.005911069031366064,-5.198910713195801,-0.07391074299812317,attack,No
5674,0,0,0.037326887879581695,-3.4158875942230225,-0.16588760912418365,attack,No
5675,0,0,0.24508501313237172,-1.5224251747131348,-0.39742517471313477,attack,No
5676,0,0,0.01098694303539179,-4.592881202697754,-0.09288123995065689,attack,No
5677,0,0,0.008577486839291468,-4.804171085357666,-0.054171252995729446,attack,No
5678,0,0,0.015906391361934443,-4.200740337371826,-0.07574031502008438,attack,No
5679,0,0,0.0124316506702427,-4.448287010192871,-0.0732869952917099,attack,No
5680,0,0,0.009708475120474984,-4.668112754821777,-0.043112613260746,attack,No
5681,0,0,0.037326890021390696,-3.3488166332244873,-0.09881670773029327,attack,No
5682,0,0,0.2689414096510108,-1.4844110012054443,-0.48441094160079956,attack,No
5683,0,0,0.02595735682104226,-3.758317708969116,-0.13331769406795502,attack,No
5684,0,0,0.0015011819496200715,-6.5544281005859375,-0.054427895694971085,attack,No
5685,0,0,0.005911067586607513,-5.194839954376221,-0.06983973830938339,attack,No
5686,0,0,0.002182716461572189,-6.169201850891113,-0.04420185834169388,attack,No
5687,0,0,0.014063625183691352,-4.323860168457031,-0.0738600343465805,attack,No
5688,0,0,0.02297736773563088,-3.832946300506592,-0.08294620364904404,attack,No
5689,0,0,0.010986944249787705,-4.650354385375977,-0.1503545343875885,attack,No
5690,0,0,0.0021827166400692896,-6.167873859405518,-0.04287394881248474,attack,No
5691,0,0,0.006692850453731992,-5.046292304992676,-0.04629223421216011,attack,No
5692,0,0,0.09534947004048376,-2.444187879562378,-0.1941879391670227,attack,No
5693,0,0,0.007577242164294059,-4.956026554107666,-0.08102667331695557,attack,No
5694,0,0,0.001700722133139294,-6.427166938781738,-0.05216677486896515,attack,No
5695,0,0,0.11920291419948606,-2.245285987854004,-0.24528591334819794,attack,No
5696,0,0,0.0011695100735820523,-6.793321132659912,-0.04332096874713898,attack,No
5697,0,0,0.0031726831252451896,-5.8163557052612305,-0.06635579466819763,attack,No
5698,0,0,0.0009110510553762926,-7.0422186851501465,-0.04221853241324425,attack,No
5699,0,0,0.022977371917159397,-3.8467297554016113,-0.09672984480857849,attack,No
5700,0,0,0.004070138093414428,-5.5393548011779785,-0.03935489431023598,attack,No
5701,0,0,0.042087729117139754,-3.252668619155884,-0.12766864895820618,attack,No
5702,0,0,0.008577484906839334,-4.802256107330322,-0.05225604772567749,attack,No
5703,0,0,0.00970847841552572,-4.714495658874512,-0.08949586004018784,attack,No
5704,0,0,0.00857748528699382,-4.826388835906982,-0.07638882100582123,attack,No
5705,0,0,0.00591106763038807,-5.182271480560303,-0.05727127194404602,attack,No
5706,0,0,0.005220124648930093,-5.3202996253967285,-0.0702994242310524,attack,No
5707,0,0,0.0024726236160579735,-6.067100524902344,-0.06710071116685867,attack,No
5708,0,0,0.0035936033150709124,-5.68489408493042,-0.05989428982138634,attack,No
5709,0,0,0.015906392411575272,-4.226685047149658,-0.10168509185314178,attack,No
5710,0,1,0.6513548782017746,-0.5736441016197205,-1.1986441612243652,attack,Yes
5711,0,0,0.037326887879581695,-3.362239122390747,-0.11223913729190826,attack,No
5712,0,0,0.0031726832901885346,-5.820678234100342,-0.07067837566137314,attack,No
5713,0,0,0.09534946361376598,-2.4711976051330566,-0.22119759023189545,attack,No
5714,0,0,0.003172683219498529,-5.831799507141113,-0.08179962635040283,attack,No
5715,0,0,0.00669285191492257,-5.06652307510376,-0.0665232241153717,attack,No
5716,0,0,0.0019267347349656422,-6.293383598327637,-0.0433836355805397,attack,No
5717,0,0,0.11920293297380237,-2.232537031173706,-0.2325371354818344,attack,No
5718,0,0,0.0059110695567328965,-5.19486141204834,-0.0698615312576294,attack,No
5719,0,0,0.03732688868276005,-3.355762243270874,-0.10576228052377701,attack,No
5720,0,0,0.003593602688132928,-5.694042205810547,-0.06904223561286926,attack,No
5721,0,0,0.017986208119727825,-4.0970048904418945,-0.09700478613376617,attack,No
5722,0,1,0.731058584489497,-0.4124506413936615,-1.4124506711959839,attack,Yes
5723,0,0,0.010986941011398892,-4.578910827636719,-0.07891067862510681,attack,No
5724,0,0,0.042087728816759526,-3.213592767715454,-0.08859279006719589,attack,No
5725,0,0,0.010986941740036291,-4.587629795074463,-0.08762971311807632,attack,No
5726,0,0,0.0035936017810739075,-5.696263790130615,-0.07126356661319733,attack,No
5727,0,0,0.03308597886541159,-3.5268731117248535,-0.1518731266260147,attack,No
5728,0,0,0.0046095720939100145,-5.417843818664551,-0.04284380003809929,attack,No
5729,0,0,0.005220125113209313,-5.340186595916748,-0.09018648415803909,attack,No
5730,0,0,0.00970847841552572,-4.718749523162842,-0.09374972432851791,attack,No
5731,0,0,0.004070137353478592,-5.5643229484558105,-0.06432285904884338,attack,No
5732,0,0,0.01798620890931226,-4.090264320373535,-0.09026426076889038,attack,No
5733,0,0,0.006692851122412387,-5.077988147735596,-0.07798817753791809,attack,No
5734,0,0,0.02033235141335831,-3.9547030925750732,-0.07970299571752548,attack,No
5735,0,0,0.009708477770841793,-4.688185691833496,-0.06318582594394684,attack,No
5736,0,0,0.015906394160976806,-4.1927266120910645,-0.06772676855325699,attack,No
5737,0,0,0.005911069644294039,-5.18977165222168,-0.06477178633213043,attack,No
5738,0,0,0.0015011823739998322,-6.53876256942749,-0.0387626476585865,attack,No
5739,0,0,0.05340332829327471,-3.0385847091674805,-0.16358467936515808,attack,No
5740,0,0,0.0052201248423797645,-5.319651126861572,-0.06965096294879913,attack,No
5741,0,0,0.002182716242507586,-6.163917541503906,-0.03891744837164879,attack,No
5742,0,0,0.004070137262874213,-5.574570178985596,-0.07457006722688675,attack,No
5743,0,0,0.005220125190589188,-5.330034255981445,-0.08003415912389755,attack,No
5744,0,0,0.047425871831197425,-3.1401541233062744,-0.14015409350395203,attack,No
5745,0,0,0.01798620890931226,-4.067253589630127,-0.06725353002548218,attack,No
5746,0,0,0.04208772371029592,-3.2536566257476807,-0.1286565214395523,attack,No
5747,0,0,0.004609571187989654,-5.447825908660889,-0.07282569259405136,attack,No
5748,0,0,0.0021827169483824974,-6.180278301239014,-0.055278532207012177,attack,No
5749,0,0,0.03732689028911683,-3.3552582263946533,-0.10525830835103989,attack,No
5750,0,0,0.008577484621723485,-4.782247066497803,-0.03224697336554527,attack,No
5751,0,0,0.033085976005166884,-3.4707164764404297,-0.09571640193462372,attack,No
5752,0,0,0.004070138138716626,-5.632497310638428,-0.1324974149465561,attack,No
5753,0,0,0.0024726229912424434,-6.0457072257995605,-0.045707158744335175,attack,No
5754,0,0,0.0052201245328602945,-5.324075698852539,-0.07407547533512115,attack,No
5755,0,0,0.0008040859595735953,-7.191147804260254,-0.0661478340625763,attack,No
5756,0,0,0.003593602207925183,-5.688021183013916,-0.06302107870578766,attack,No
5757,0,0,0.01798620785653302,-4.091446876525879,-0.09144675731658936,attack,No
5758,0,0,0.00591107012588035,-5.188619613647461,-0.06361982971429825,attack,No
5759,0,0,0.005911067674168627,-5.197741985321045,-0.0727417841553688,attack,No
5760,0,0,0.09534945461636171,-2.444611072540283,-0.19461095333099365,attack,No
5761,0,0,0.0019267346275083932,-6.288698673248291,-0.03869865462183952,attack,No
5762,0,0,0.004070138229321024,-5.567498683929443,-0.06749881058931351,attack,No
5763,0,0,0.020332356310813628,-4.286983966827393,-0.4119841158390045,attack,No
5764,0,0,0.10669059252545564,-2.3506851196289062,-0.22568510472774506,attack,No
5765,0,0,0.003593603168340736,-5.690393447875977,-0.0653936117887497,attack,No
5766,0,0,0.015906393927723257,-4.212672710418701,-0.08767285197973251,attack,No
5767,0,0,0.010986943197311236,-4.60060977935791,-0.10060983151197433,attack,No
5768,0,0,0.0031726820884586454,-5.8107452392578125,-0.0607450008392334,attack,No
5769,0,0,0.04742587082142043,-3.120598077774048,-0.12059802561998367,attack,No
5770,0,0,0.0008040859176709661,-7.185449600219727,-0.06044957786798477,attack,No
5771,0,0,0.022977370746331334,-3.8618710041046143,-0.11187104135751724,attack,No
5772,0,0,0.02931222799546632,-3.6096103191375732,-0.10961022228002548,attack,No
5773,0,0,0.0021827162587345927,-6.17336368560791,-0.04836359992623329,attack,No
5774,0,0,0.006692850973816738,-5.085428714752197,-0.08542872220277786,attack,No
5775,0,0,0.004070137444082972,-5.572413921356201,-0.0724138543009758,attack,No
5776,0,0,0.0024726230647501447,-6.056272506713867,-0.0562724694609642,attack,No
5777,0,0,0.014063627146554044,-4.3382744789123535,-0.08827448636293411,attack,No
5778,0,0,0.02033235497514388,-3.991067409515381,-0.11606749147176743,attack,No
5779,0,0,0.0024726228074732,-6.043831825256348,-0.043831683695316315,attack,No
5780,0,0,0.014063625286999904,-4.317208290100098,-0.06720816344022751,attack,No
5781,0,0,0.2689414272294874,-1.4419206380844116,-0.441920667886734,attack,No
5782,0,0,0.04742587856304458,-3.142119884490967,-0.14212000370025635,attack,No
5783,0,0,0.002182716859133933,-6.165909767150879,-0.04090995714068413,attack,No
5784,0,0,0.24508502416032488,-1.5472238063812256,-0.42222386598587036,attack,No
5785,0,0,0.03308597481339833,-3.484449863433838,-0.10944975167512894,attack,No
5786,0,0,0.005911068505999277,-5.187245845794678,-0.06224578619003296,attack,No
5787,0,0,0.060086648490884395,-2.917050838470459,-0.1670508086681366,attack,No
5788,0,0,0.22270013882530884,-1.6200686693191528,-0.37006866931915283,attack,No
5789,0,0,0.006692849785051665,-5.071788787841797,-0.07178861647844315,attack,No
5790,0,0,0.005220126080457822,-5.337093830108643,-0.08709390461444855,attack,No
5791,0,0,0.0017007223165616484,-6.423521518707275,-0.048521462827920914,attack,No
5792,0,0,0.006692849537392301,-5.069175720214844,-0.06917551159858704,attack,No
5793,0,0,0.012431648474925493,-4.463730335235596,-0.08873014152050018,attack,No
5794,0,0,0.022977369408242194,-3.856581211090088,-0.1065811887383461,attack,No
5795,0,0,0.004070137564888817,-5.557607173919678,-0.05760713666677475,attack,No
5796,0,0,0.16451647108926923,-1.9144811630249023,-0.2894812226295471,attack,No
5797,0,0,0.010986943602109868,-4.712172508239746,-0.21217259764671326,attack,No
5798,0,0,0.0031726828778301875,-5.804381370544434,-0.05438138172030449,attack,No
5799,0,0,0.008577483829735057,-4.829854965209961,-0.07985477894544601,attack,No
5800,0,0,0.001501181999875563,-6.540755748748779,-0.04075557738542557,attack,No
5801,0,0,0.006692851221476155,-5.092598915100098,-0.09259895980358124,attack,No
5802,0,0,0.022977371917159397,-3.8487820625305176,-0.09878215193748474,attack,No
5803,0,0,0.009708477126157909,-4.718420505523682,-0.09342057257890701,attack,No
5804,0,0,0.00522012503582944,-5.312784671783447,-0.06278454512357712,attack,No
5805,0,0,0.012431653688804487,-4.471428394317627,-0.09642862528562546,attack,No
5806,0,0,0.010986941173318311,-4.584364891052246,-0.08436475694179535,attack,No
5807,0,0,0.0046095725554166815,-5.433985233306885,-0.05898531526327133,attack,No
5808,0,0,0.0021827167698853724,-6.164421558380127,-0.03942170739173889,attack,No
5809,0,0,0.008577485477071068,-4.818840503692627,-0.06884051114320755,attack,No
5810,0,0,0.017986209698896728,-4.152460098266602,-0.15246008336544037,attack,No
5811,0,0,0.00460957159821772,-5.448518753051758,-0.07351862639188766,attack,No
5812,0,0,0.06754668644694548,-2.7984986305236816,-0.17349855601787567,attack,No
5813,0,0,0.005911068046303376,-5.176527976989746,-0.05152783915400505,attack,No
5814,0,0,0.004070136960859632,-5.5563554763793945,-0.05635529011487961,attack,No
5815,0,0,0.04208772340991573,-3.2235381603240967,-0.09853804856538773,attack,No
5816,0,0,0.0019267345558702305,-6.292384624481201,-0.042384568601846695,attack,No
5817,0,0,0.0017007224430598356,-6.408313274383545,-0.033313293009996414,attack,No
5818,0,0,0.002182716583274756,-6.18686580657959,-0.06186586990952492,attack,No
5819,0,0,0.020332355717182622,-4.004183292388916,-0.12918341159820557,attack,No
5820,0,0,0.005911069250268905,-5.188805103302002,-0.06380517035722733,attack,No
5821,0,0,0.0024726234414771476,-6.041675090789795,-0.041675206273794174,attack,No
5822,0,0,0.0011695102998688749,-6.80753755569458,-0.057537585496902466,attack,No
5823,0,0,0.003593603341749127,-5.674208641052246,-0.049208853393793106,attack,No
5824,0,1,0.6791787121629466,-0.5926753878593445,-1.3426754474639893,attack,Yes
5825,0,0,0.0259573558791558,-3.7072646617889404,-0.08226460963487625,attack,No
5826,0,0,0.0675466911396291,-2.8085310459136963,-0.1835310459136963,attack,No
5827,0,0,0.002182716416947916,-6.151942253112793,-0.026942240074276924,attack,No
5828,0,0,0.0035936026214374037,-5.674488544464111,-0.049488555639982224,attack,No
5829,0,0,0.009708476409842532,-4.6912736892700195,-0.06627368181943893,attack,No
5830,0,0,0.009708475263738038,-4.691598415374756,-0.06659828871488571,attack,No
5831,0,0,0.005220126506047222,-5.3454084396362305,-0.095408596098423,attack,No
5832,0,0,0.0009110512350907039,-7.028689861297607,-0.028689906001091003,attack,No
5833,0,0,0.03732688975366457,-3.37119722366333,-0.12119729071855545,attack,No
5834,0,0,0.0017007226011825822,-6.423683166503906,-0.048683278262615204,attack,No
5835,0,0,0.006692849834583539,-5.0561676025390625,-0.05616743862628937,attack,No
5836,0,0,0.005911068943804928,-5.213435649871826,-0.08843566477298737,attack,No
5837,0,0,0.0024726232117655536,-6.03650426864624,-0.036504290997982025,attack,No
5838,0,0,0.005220124958449569,-5.315468788146973,-0.06546864658594131,attack,No
5839,0,0,0.06754668926255561,-2.7614383697509766,-0.13643833994865417,attack,No
5840,0,0,0.020332354678328394,-3.9470841884613037,-0.07208425551652908,attack,No
5841,0,0,0.004070137308176402,-5.550097942352295,-0.05009784176945686,attack,No
5842,0,0,0.022977371582637088,-3.8351547718048096,-0.08515484631061554,attack,No
5843,0,0,0.0019267346633274755,-6.315616130828857,-0.06561613082885742,attack,No
5844,0,0,0.004070138138716626,-5.59343957901001,-0.09343968331813812,attack,No
5845,0,0,0.02033235319425102,-3.9787757396698,-0.10377573221921921,attack,No
5846,0,0,0.020332353936289693,-3.9728446006774902,-0.09784463047981262,attack,No
5847,0,0,0.002800927216841955,-5.921049118041992,-0.04604920744895935,attack,No
5848,0,0,0.0052201248423797645,-5.3152360916137695,-0.0652359277009964,attack,No
5849,0,0,0.003593603275053591,-5.697965145111084,-0.0729653388261795,attack,No
5850,0,0,0.002182716802339394,-6.194284915924072,-0.0692850798368454,attack,No
5851,0,0,0.0075772422763482235,-4.931944847106934,-0.05694498121738434,attack,No
5852,0,0,0.015906390195666933,-4.211353778839111,-0.08635368198156357,attack,No
5853,0,0,0.014063627869714051,-4.341837406158447,-0.09183746576309204,attack,No
5854,0,0,0.0031726822651836004,-5.805191516876221,-0.05519133433699608,attack,No
5855,0,0,0.008577487377843779,-4.816636085510254,-0.06663631647825241,attack,No
5856,0,0,0.047425875197120895,-3.1475489139556885,-0.14754895865917206,attack,No
5857,0,0,0.0015011821673938809,-6.561538219451904,-0.06153815984725952,attack,No
5858,0,0,0.02033235319425102,-3.960174560546875,-0.0851745530962944,attack,No
5859,0,0,0.015906389962413444,-4.23110294342041,-0.1061028316617012,attack,No
5860,0,0,0.02033235319425102,-3.9982244968414307,-0.12322448939085007,attack,No
5861,0,0,0.0007096702511568873,-7.308653831481934,-0.05865362286567688,attack,No
5862,0,0,0.0035936031416625223,-5.6664042472839355,-0.04140440374612808,attack,No
5863,0,0,0.005220125074519377,-5.288722515106201,-0.03872239589691162,attack,No
5864,0,0,0.0011695103520889172,-6.790600299835205,-0.04060037434101105,attack,No
5865,0,0,0.060086646807761206,-3.1032094955444336,-0.3532094359397888,attack,No
5866,0,0,0.000626334291022898,-7.436739921569824,-0.06174013391137123,attack,No
5867,0,0,0.0017007222406627408,-6.419364929199219,-0.04436482861638069,attack,No
5868,0,0,0.006692851147178329,-5.035147666931152,-0.03514770045876503,attack,No
5869,0,0,0.015906394510857135,-4.218264579772949,-0.09326475858688354,attack,No
5870,0,0,0.020332351264950595,-3.9731435775756836,-0.09814347326755524,attack,No
5871,0,0,0.0013250226242543916,-6.687009811401367,-0.06200996786355972,attack,No
5872,0,0,0.004070138184018825,-5.554326057434082,-0.054326172918081284,attack,No
5873,0,0,0.004070136900456717,-5.548854351043701,-0.048854149878025055,attack,No
5874,0,0,0.006692852113050128,-5.072340488433838,-0.07234066724777222,attack,No
5875,0,0,0.005911067455265844,-5.193151473999023,-0.06815123558044434,attack,No
5876,0,0,0.012431651219072064,-4.45756196975708,-0.08256199955940247,attack,No
5877,0,0,0.1645164628965632,-1.8985587358474731,-0.27355873584747314,attack,No
5878,0,0,0.04208772491181671,-3.271415948867798,-0.14641587436199188,attack,No
5879,0,0,0.033085978388704126,-3.5004234313964844,-0.12542343139648438,attack,No
5880,0,0,0.0031726820884586454,-5.801369667053223,-0.051369428634643555,attack,No
5881,0,0,0.002182716461572189,-6.178390979766846,-0.0533909872174263,attack,No
5882,0,0,0.012431650212884917,-4.445353031158447,-0.07035297900438309,attack,No
5883,0,0,0.012431648474925493,-4.431217670440674,-0.05621747672557831,attack,No
5884,0,0,0.0024726227890962764,-6.063766956329346,-0.06376680731773376,attack,No
5885,0,0,0.0031726833726602103,-5.807924270629883,-0.05792443826794624,attack,No
5886,0,0,0.005911068768682665,-5.1934919357299805,-0.06849192082881927,attack,No
5887,0,0,0.006692849785051665,-5.08725118637085,-0.08725101500749588,attack,No
5888,0,0,0.008577487377843779,-4.845601558685303,-0.09560178965330124,attack,No
5889,0,0,0.0019267344806501625,-6.281132698059082,-0.03113260306417942,attack,No
5890,0,0,0.00522012503582944,-5.32319450378418,-0.07319437712430954,attack,No
5891,0,0,0.015906388446265834,-4.193723201751709,-0.06872299313545227,attack,No
5892,0,0,0.06754669207816587,-2.776520252227783,-0.1515202671289444,attack,No
5893,0,0,0.01406363034912007,-4.426996231079102,-0.17699646949768066,attack,No
5894,0,0,0.40733341443526055,-1.0183019638061523,-0.6433020234107971,attack,No
5895,0,0,0.01590638961253321,-4.22098970413208,-0.09598957002162933,attack,No
5896,0,0,0.017986213120429816,-4.211501121520996,-0.21150130033493042,attack,No
5897,0,0,0.022977370746331334,-3.8577325344085693,-0.10773257166147232,attack,No
5898,0,0,0.0028009268110453715,-5.922823429107666,-0.04782337322831154,attack,No
5899,0,0,0.009708475227922274,-4.68417501449585,-0.05917488411068916,attack,No
5900,0,0,0.003593601994499539,-5.688137531280518,-0.06313736736774445,attack,No
5901,0,0,0.0028009269359058524,-5.935514450073242,-0.06051443889737129,attack,No
5902,0,0,0.0024726228074732,-6.0651631355285645,-0.06516299396753311,attack,No
5903,0,0,0.06008665017400762,-2.912308692932129,-0.1623086929321289,attack,No
5904,0,0,0.0010322311097412504,-6.932681560516357,-0.05768163129687309,attack,No
5905,0,0,0.002472622936111669,-6.134768486022949,-0.13476839661598206,attack,No
5906,0,0,0.0028009266341596987,-5.948526382446289,-0.07352626323699951,attack,No
5907,0,0,0.008577486744252828,-4.825199604034424,-0.07519976049661636,attack,No
5908,0,0,0.005911067761729742,-5.1775665283203125,-0.05256634205579758,attack,No
5909,0,0,0.008577484336607643,-4.805577754974365,-0.05557762831449509,attack,No
5910,0,0,0.004070137595090279,-5.609073162078857,-0.10907313227653503,attack,No
5911,0,0,0.0850990519679964,-2.587672233581543,-0.21267232298851013,attack,No
5912,0,0,0.01590639229494851,-4.219730854034424,-0.09473089128732681,attack,No
5913,0,0,0.03308598029553404,-3.8197622299194336,-0.44476228952407837,attack,No
5914,0,0,0.053403329799824234,-3.0396173000335693,-0.16461730003356934,attack,No
5915,0,0,0.004070137625291741,-5.57794189453125,-0.07794187217950821,attack,No
5916,0,0,0.0021827164696856935,-6.175407886505127,-0.05040789768099785,attack,No
5917,0,0,0.0017007224240851069,-6.442956447601318,-0.06795645505189896,attack,No
5918,0,0,0.14804719051380197,-2.013688564300537,-0.26368850469589233,attack,No
5919,0,0,0.015906390195666933,-4.206597805023193,-0.0815977081656456,attack,No
5920,0,0,0.00757723953102169,-4.956114292144775,-0.08111406117677689,attack,No
5921,0,0,0.006692851419603695,-5.080186367034912,-0.08018644154071808,attack,No
5922,0,0,0.0011695104064847973,-6.7804083824157715,-0.030408503487706184,attack,No
5923,0,0,0.0013250221904537553,-6.6611714363098145,-0.036171264946460724,attack,No
5924,0,0,0.02033235542036712,-3.96787428855896,-0.09287439286708832,attack,No
5925,0,0,0.053403333566198224,-3.0267622470855713,-0.15176232159137726,attack,No
5926,0,0,0.003593602674793823,-5.674001693725586,-0.04900171980261803,attack,No
5927,0,0,0.006692851815858792,-5.068861961364746,-0.06886209547519684,attack,No
5928,0,0,0.0052201259256980485,-5.303509712219238,-0.05350975692272186,attack,No
5929,0,0,0.0031726834904768943,-5.799793720245361,-0.049793925136327744,attack,No
5930,0,0,0.004070138199119559,-5.565466403961182,-0.06546652317047119,attack,No
5931,0,0,0.004070137655493202,-5.588365077972412,-0.08836506307125092,attack,No
5932,0,0,0.00218271615325905,-6.244235515594482,-0.11923538148403168,attack,No
5933,0,0,0.0019267342764814216,-6.313962936401367,-0.06396273523569107,attack,No
5934,0,0,0.004609571427289355,-5.4222331047058105,-0.047232940793037415,attack,No
5935,0,0,0.006692851667263128,-5.08120584487915,-0.08120595663785934,attack,No
5936,0,0,0.004070137051464004,-5.5585246086120605,-0.058524444699287415,attack,No
5937,0,0,0.0009110511977914835,-7.038079738616943,-0.03807974234223366,attack,No
5938,0,0,0.06754669395523943,-2.8021647930145264,-0.17716483771800995,attack,No
5939,0,0,0.015906393344589397,-4.217132568359375,-0.09213267266750336,attack,No
5940,0,0,0.0066928493887966865,-5.073441982269287,-0.0734417513012886,attack,No
5941,0,0,0.010986945180824664,-4.562148094177246,-0.0621483288705349,attack,No
5942,0,0,0.006692851295773981,-5.046760082244873,-0.046760138124227524,attack,No
5943,0,0,0.029312228843432455,-3.6010773181915283,-0.10107725113630295,attack,No
5944,0,0,0.03732688332823794,-3.370711088180542,-0.12071097642183304,attack,No
5945,0,0,0.02297736823741426,-3.889216899871826,-0.1392168253660202,attack,No
5946,0,0,0.0046095719400744695,-5.443450450897217,-0.06845039874315262,attack,No
5947,0,0,0.0021827169159284736,-6.182014465332031,-0.05701468139886856,attack,No
5948,0,0,0.022977368070153135,-3.8465824127197266,-0.09658233076334,attack,No
5949,0,0,0.022977368739197652,-3.8264644145965576,-0.07646436244249344,attack,No
5950,0,0,0.0013250222348197228,-6.686434268951416,-0.06143413111567497,attack,No
5951,0,0,0.009708477484315619,-4.700381755828857,-0.07538186013698578,attack,No
5952,0,0,0.07585818419975078,-2.7202937602996826,-0.2202938199043274,attack,No
5953,0,0,0.009708478021552206,-4.680197715759277,-0.05519787594676018,attack,No
5954,0,0,0.0028009271648167487,-5.919737815856934,-0.044737886637449265,attack,No
5955,0,0,0.03308597552845946,-3.5214273929595947,-0.14642730355262756,attack,No
5956,0,0,0.0017007221015147523,-6.418728828430176,-0.04372864589095116,attack,No
5957,0,0,0.0013250223580585298,-6.664474010467529,-0.039473965764045715,attack,No
5958,0,0,0.004070137730996858,-5.5455217361450195,-0.04552173987030983,attack,No
5959,0,0,0.004609571700774742,-5.470555305480957,-0.09555520117282867,attack,No
5960,0,0,0.009708474260896714,-4.682093620300293,-0.057093389332294464,attack,No
5961,0,0,0.0031726833019702027,-5.798059463500977,-0.0480596087872982,attack,No
5962,0,0,0.004609571803331766,-5.4305644035339355,-0.05556432157754898,attack,No
5963,0,0,0.005911067980632537,-5.240409851074219,-0.11540970206260681,attack,No
5964,0,0,0.007577241323887885,-4.937777042388916,-0.06277704983949661,attack,No
5965,0,0,0.34864513533394575,-1.1420193910598755,-0.5170193910598755,attack,No
5966,0,0,0.007577242612510723,-4.940117359161377,-0.06511753797531128,attack,No
5967,0,0,0.02033235141335831,-3.97232723236084,-0.09732713550329208,attack,No
5968,0,0,0.0031726828071401915,-5.8016133308410645,-0.05161331966519356,attack,No
5969,0,0,0.008577484083171345,-4.848029613494873,-0.09802945703268051,attack,No
5970,0,0,0.0015011823125764385,-6.5676960945129395,-0.06769613176584244,attack,No
5971,0,0,0.008577485793866491,-4.814938545227051,-0.06493858993053436,attack,No
5972,0,1,0.9149009619539553,-0.289022833108902,-2.664022922515869,attack,Yes
5973,0,0,0.0052201246295851276,-5.300345420837402,-0.05034521594643593,attack,No
5974,0,0,0.0028009271960318725,-5.95244026184082,-0.07744034379720688,attack,No
5975,0,0,0.06754669583231304,-2.809257984161377,-0.18425805866718292,attack,No
5976,0,0,0.005220125693558397,-5.344175338745117,-0.09417533874511719,attack,No
5977,0,0,0.008577486490816461,-4.817346572875977,-0.06734669953584671,attack,No
5978,0,0,0.0028009270191461763,-5.920470237731934,-0.045470256358385086,attack,No
5979,0,0,0.0008040858907335628,-7.15291690826416,-0.02791685238480568,attack,No
5980,0,0,0.0019267348710781658,-6.302463531494141,-0.05246363952755928,attack,No
5981,0,0,0.060086656906500974,-2.8898134231567383,-0.13981354236602783,attack,No
5982,0,0,0.005220126409322355,-5.3013916015625,-0.05139173939824104,attack,No
5983,0,0,0.007577242556483638,-4.943861484527588,-0.06886165589094162,attack,No
5984,0,0,0.006692850032711038,-5.084588050842285,-0.08458791673183441,attack,No
5985,0,0,0.009708474404159754,-4.679116249084473,-0.054116033017635345,attack,No
5986,0,0,0.0052201245328602945,-5.3326191902160645,-0.08261896669864655,attack,No
5987,0,0,0.01798621259404007,-4.107198715209961,-0.10719886422157288,attack,No
5988,0,0,0.029312230751356316,-3.6339545249938965,-0.13395452499389648,attack,No
5989,0,0,0.008577487061048297,-4.829643249511719,-0.07964344322681427,attack,No
5990,0,0,0.0028009263636286927,-5.927829265594482,-0.05282904952764511,attack,No
5991,0,0,0.022977370077286757,-3.8703088760375977,-0.12030888348817825,attack,No
5992,0,0,0.029312229267415526,-3.592775583267212,-0.09277553111314774,attack,No
5993,0,0,0.0010322312826038706,-6.950103759765625,-0.0751039981842041,attack,No
5994,0,0,0.004609572828902135,-5.445655345916748,-0.07065548747777939,attack,No
5995,0,0,0.01243165140201519,-4.541894912719727,-0.16689495742321014,attack,No
5996,0,0,0.008577483703016914,-4.813185691833496,-0.06318549066781998,attack,No
5997,0,0,0.0035936019011258242,-5.679025650024414,-0.05402546003460884,attack,No
5998,0,0,0.0040701379877092995,-5.575061798095703,-0.0750618651509285,attack,No
5999,0,0,0.005220125887008106,-5.357117652893066,-0.10711769014596939,attack,No
