idx,y_true,y_pred,p_yes,lp_yes,lp_no,mode,raw_text
0,1,0,0.025957354937269386,-3.9623050689697266,-0.3373049795627594,attack,No
1,1,0,0.10669058826486906,-2.479851722717285,-0.3548516631126404,attack,No
2,1,0,0.37754066879814546,-1.2583240270614624,-0.7583240270614624,attack,No
3,1,0,0.029312233295254994,-3.7776880264282227,-0.2776881158351898,attack,No
4,1,0,0.0028009273833226214,-6.191688060760498,-0.31668820977211,attack,No
5,1,0,0.005911069906977476,-5.411622524261475,-0.28662270307540894,attack,No
6,1,0,0.32082130082460697,-1.527932047843933,-0.7779320478439331,attack,No
7,1,0,0.03308597886541159,-3.520052909851074,-0.1450529247522354,attack,No
8,1,1,0.9399133456181842,-0.18653519451618195,-2.936535120010376,attack,Yes
9,1,0,0.009708475908421797,-4.885599613189697,-0.2605995535850525,attack,No
10,1,0,0.0534033328129234,-3.0277740955352783,-0.1527741551399231,attack,No
11,1,0,0.11920292828022305,-2.490495204925537,-0.4904952645301819,attack,No
12,1,0,0.3775406828054583,-1.2887778282165527,-0.7887778878211975,attack,No
13,1,0,0.004609572589602362,-5.766086101531982,-0.3910861909389496,attack,No
14,1,0,0.24508500210441886,-1.5189459323883057,-0.3939458727836609,attack,No
15,1,0,0.0019267347206380085,-6.565598487854004,-0.3155985176563263,attack,No
16,1,0,0.014063626630011202,-4.648246765136719,-0.39824673533439636,attack,No
17,1,0,0.46879062662624377,-0.9112712740898132,-0.7862712740898132,attack,No
18,1,0,0.2942149597859341,-1.4314966201782227,-0.5564965605735779,attack,No
19,1,0,0.060086648490884395,-3.0305252075195312,-0.28052517771720886,attack,No
20,1,0,0.00522012615783771,-5.535993576049805,-0.28599366545677185,attack,No
21,1,0,0.2689414096510108,-1.452852487564087,-0.45285242795944214,attack,No
22,1,1,0.8175744673038221,-0.3378036618232727,-1.837803602218628,attack,Yes
23,1,0,0.00048785710825008404,-7.877506732940674,-0.25250670313835144,attack,No
24,1,1,0.9669140211345884,-0.09888841211795807,-3.473888397216797,attack,Yes
25,1,0,0.34864513533394575,-1.3124465942382812,-0.6874465942382812,attack,No
26,1,0,0.18242553269617778,-1.8674135208129883,-0.36741358041763306,attack,No
27,1,0,0.009708478200631072,-4.794644355773926,-0.1696445345878601,attack,No
28,1,0,0.025957358704815272,-3.9608588218688965,-0.33585888147354126,attack,No
29,1,1,0.9046505428129514,-0.19252100586891174,-2.442521095275879,attack,Yes
30,1,0,0.16451645880021026,-2.0375559329986572,-0.41255590319633484,attack,No
31,1,0,0.047425867792089564,-3.294343948364258,-0.29434382915496826,attack,No
32,1,0,0.29421497216298875,-1.4563090801239014,-0.5813090801239014,attack,No
33,1,1,0.9046505440982949,-0.17390717566013336,-2.4239072799682617,attack,Yes
34,1,0,0.03732688627322502,-3.595001459121704,-0.3450014293193817,attack,No
35,1,0,0.06754669677084987,-2.9376771450042725,-0.3126772344112396,attack,No
36,1,0,0.09534945975773548,-2.5643866062164307,-0.3143865466117859,attack,No
37,1,1,0.9770226322643691,-0.11517419666051865,-3.8651742935180664,attack,Yes
38,1,1,0.5926665855647394,-0.8061092495918274,-1.1811091899871826,attack,Yes
39,1,0,0.0008040860553510418,-7.512722969055176,-0.3877231180667877,attack,No
40,1,1,0.5621765008857981,-0.8740339279174805,-1.1240339279174805,attack,Yes
41,1,0,0.0010322310060236924,-7.224864482879639,-0.3498644530773163,attack,No
42,1,0,0.014063629109417006,-4.648009777069092,-0.39800992608070374,attack,No
43,1,0,0.0028009266341596987,-6.079546928405762,-0.20454680919647217,attack,No
44,1,0,0.012431653597332908,-4.529988765716553,-0.15498898923397064,attack,No
45,1,1,0.9399133439350607,-0.1600884050130844,-2.910088300704956,attack,Yes
46,1,0,0.0021827165751612514,-6.32866096496582,-0.2036610245704651,attack,No
47,1,0,0.01590639427760358,-4.3005595207214355,-0.17555968463420868,attack,No
48,1,0,0.00037998448928160003,-7.945806503295898,-0.07080643624067307,attack,No
49,1,0,0.09534947004048376,-2.5452754497528076,-0.2952755093574524,attack,No
50,1,0,0.037326884934594504,-3.3652472496032715,-0.11524718254804611,attack,No
51,1,1,0.9579122756889438,-0.1284104883670807,-3.253410577774048,attack,Yes
52,1,0,0.02033235096813516,-4.144922733306885,-0.2699226140975952,attack,No
53,1,0,0.2689414330889798,-1.5807981491088867,-0.5807982087135315,attack,No
54,1,1,0.9525741308615412,-0.14250722527503967,-3.142507314682007,attack,Yes
55,1,1,0.7310585903489892,-0.5423511862754822,-1.542351245880127,attack,Yes
56,1,0,0.00043055715828107903,-8.002741813659668,-0.2527419924736023,attack,No
57,1,0,0.0006263342327275096,-7.688936710357666,-0.31393682956695557,attack,No
58,1,0,0.22270014398423357,-1.7206000089645386,-0.47060003876686096,attack,No
59,1,0,0.0035936024747072553,-6.015270233154297,-0.3902702033519745,attack,No
60,1,0,0.010986941659076578,-4.89555549621582,-0.39555540680885315,attack,No
61,1,0,0.004609572042631499,-5.539619445800781,-0.16461941599845886,attack,No
62,1,0,0.010986942306754304,-4.736049175262451,-0.23604914546012878,attack,No
63,1,1,0.7981867777396212,-0.36357617378234863,-1.7385761737823486,attack,Yes
64,1,0,0.08509903804604459,-2.7300009727478027,-0.35500088334083557,attack,No
65,1,1,0.7310585786300049,-0.4864528179168701,-1.4864528179168701,attack,Yes
66,1,0,0.02931222905542399,-3.9512217044830322,-0.45122164487838745,attack,No
67,1,0,0.09534945975773548,-2.646803140640259,-0.396803081035614,attack,No
68,1,0,0.06008664596619963,-2.9686005115509033,-0.21860043704509735,attack,No
69,1,1,0.6513548511303336,-0.5972231030464172,-1.2222230434417725,attack,Yes
70,1,0,0.0028009268838806506,-6.1296281814575195,-0.25462815165519714,attack,No
71,1,0,0.0008040860792954051,-7.377777099609375,-0.2527772784233093,attack,No
72,1,1,0.9241418272911436,-0.1655682474374771,-2.6655683517456055,attack,Yes
73,1,0,0.053403325280175794,-3.3083081245422363,-0.43330803513526917,attack,No
74,1,0,0.0017007221078396608,-6.57849645614624,-0.2034962773323059,attack,No
75,1,0,0.004609571427289355,-5.539761543273926,-0.16476137936115265,attack,No
76,1,0,0.0009110513571608901,-7.314493179321289,-0.3144933581352234,attack,No
77,1,1,0.7310585903489892,-0.4857305884361267,-1.4857306480407715,attack,Yes
78,1,0,0.3775406828054583,-1.2525959014892578,-0.7525959610939026,attack,No
79,1,0,0.29421497216298875,-1.591629981994629,-0.7166299819946289,attack,No
80,1,1,0.6513548511303336,-0.7256656289100647,-1.35066556930542,attack,Yes
81,1,1,0.6224593312018546,-0.710914134979248,-1.210914134979248,attack,Yes
82,1,0,0.14804718675485834,-2.1425013542175293,-0.39250126481056213,attack,No
83,1,0,0.0021827161208050378,-6.254146575927734,-0.12914642691612244,attack,No
84,1,0,0.0017007227150309691,-6.689919948577881,-0.3149201273918152,attack,No
85,1,0,0.0124316506702427,-4.548191547393799,-0.17319153249263763,attack,No
86,1,0,0.11920292202211755,-2.5268783569335938,-0.5268783569335938,attack,No
87,1,0,0.007577242164294059,-5.083357810974121,-0.20835793018341064,attack,No
88,1,0,0.07585818002124356,-2.8214519023895264,-0.32145190238952637,attack,No
89,1,1,0.9399133456181842,-0.18275482952594757,-2.9327547550201416,attack,Yes
90,1,1,0.6224593312018546,-0.7923096418380737,-1.2923096418380737,attack,Yes
91,1,0,0.00013982204231581362,-9.188722610473633,-0.3137223720550537,attack,No
92,1,0,0.32082130082460697,-1.6095932722091675,-0.8595932722091675,attack,No
93,1,0,0.003593603061627884,-5.83002233505249,-0.20502246916294098,attack,No
94,1,1,0.679178699175393,-0.5479738712310791,-1.297973871231079,attack,Yes
95,1,0,0.020332352155396922,-3.9584624767303467,-0.0834624171257019,attack,No
96,1,0,0.0002611902976950966,-8.299070358276367,-0.04907027631998062,attack,No
97,1,0,0.4378234991142019,-1.0715584754943848,-0.8215584754943848,attack,No
98,1,0,0.01798621259404007,-4.401878833770752,-0.4018789827823639,attack,No
99,1,1,0.6513548782017746,-0.6023353934288025,-1.2273354530334473,attack,Yes
100,1,0,0.1066905911052601,-2.5045151710510254,-0.379515141248703,attack,No
101,1,0,0.0021827160234430044,-6.307463645935059,-0.18246345221996307,attack,No
102,1,0,0.005911070257222078,-5.35609245300293,-0.2310926914215088,attack,No
103,1,0,0.025957354183760273,-3.9294004440307617,-0.30440032482147217,attack,No
104,1,0,0.0017007220319407623,-6.537418365478516,-0.16241814196109772,attack,No
105,1,0,0.012431652499674001,-4.587769508361816,-0.21276964247226715,attack,No
106,1,0,0.0021827162506210893,-6.379124641418457,-0.25412455201148987,attack,No
107,1,0,0.03732689055684297,-3.508514165878296,-0.25851425528526306,attack,No
108,1,1,0.731058584489497,-0.458222359418869,-1.4582223892211914,attack,Yes
109,1,0,0.005911068330877026,-5.310328483581543,-0.1853283941745758,attack,No
110,1,0,0.3486451217982255,-1.338151454925537,-0.7131513953208923,attack,No
111,1,0,0.01798621364681958,-4.328289031982422,-0.3282892405986786,attack,No
112,1,0,0.006692850329902297,-5.207677841186523,-0.20767775177955627,attack,No
113,1,0,0.05340333431947304,-3.147735834121704,-0.27273592352867126,attack,No
114,1,0,0.037326888415033926,-3.6298298835754395,-0.37982991337776184,attack,No
115,1,0,0.22270012850745968,-1.881302833557129,-0.6313027739524841,attack,No
116,1,1,0.9820137863531804,-0.1092054545879364,-4.10920524597168,attack,Yes
117,1,0,0.24508500210441886,-1.580228328704834,-0.4552282691001892,attack,No
118,1,0,0.047425869811643456,-3.205397129058838,-0.20539705455303192,attack,No
119,1,1,0.7057850278370112,-0.558692216873169,-1.433692216873169,attack,Yes
120,1,0,0.00359360332841002,-5.976912498474121,-0.3519127070903778,attack,No
121,1,0,0.002800927133601626,-6.453222274780273,-0.5782223343849182,attack,No
122,1,0,0.01798621101487092,-4.328079700469971,-0.3280797600746155,attack,No
123,1,0,0.4378234844434674,-1.0910930633544922,-0.8410930037498474,attack,No
124,1,0,0.07585817166422973,-2.948643207550049,-0.4486430883407593,attack,No
125,1,1,0.9796676472509721,-0.07759258151054382,-3.952592611312866,attack,Yes
126,1,0,0.0024726232301424803,-6.203858375549316,-0.2038584053516388,attack,No
127,1,0,0.004070136870255261,-5.630897521972656,-0.13089731335639954,attack,No
128,1,0,0.004609572589602362,-5.580629825592041,-0.20562991499900818,attack,No
129,1,0,0.005220125384038879,-5.334619522094727,-0.08461946249008179,attack,No
130,1,0,0.014063628696182679,-4.543751239776611,-0.2937513589859009,attack,No
131,1,1,0.5926665999540697,-0.6802414655685425,-1.0552414655685425,attack,Yes
132,1,0,0.5,-0.8760020136833191,-0.8760020136833191,attack,No
133,1,1,0.679178699175393,-0.5780308246612549,-1.3280308246612549,attack,Yes
134,1,1,0.957912274487423,-0.12780755758285522,-3.2528076171875,attack,Yes
135,1,0,0.13296422989056964,-2.2256550788879395,-0.3506549894809723,attack,No
136,1,0,0.14804720930852133,-2.098203659057617,-0.34820374846458435,attack,No
137,1,0,0.46879062662624377,-1.2432883977890015,-1.1182883977890015,attack,No
138,1,0,0.006692852509305267,-5.287344932556152,-0.28734517097473145,attack,No
139,1,0,0.0006263342234002478,-7.536128997802734,-0.16112910211086273,attack,No
140,1,0,0.08509904268669496,-2.656949758529663,-0.2819497287273407,attack,No
141,1,0,0.46879062662624377,-1.0402737855911255,-0.9152737855911255,attack,No
142,1,0,0.24508501864634827,-1.5297750234603882,-0.40477505326271057,attack,No
143,1,0,0.060086648490884395,-3.0062849521636963,-0.2562849223613739,attack,No
144,1,0,0.002800926967120973,-6.103339195251465,-0.22833919525146484,attack,No
145,1,1,0.914900945711678,-0.33074820041656494,-2.7057480812072754,attack,Yes
146,1,0,0.11920291576401235,-2.3655686378479004,-0.3655685782432556,attack,No
147,1,0,0.007577241491969114,-5.133904457092285,-0.25890448689460754,attack,No
148,1,0,0.03308597648187432,-3.5857198238372803,-0.2107197642326355,attack,No
149,1,0,0.009708476768000214,-4.859522819519043,-0.23452284932136536,attack,No
150,1,0,0.002800927258462121,-6.038151264190674,-0.16315136849880219,attack,No
151,1,0,0.004070137353478592,-5.890532970428467,-0.39053288102149963,attack,No
152,1,1,0.5926665999540697,-0.7116074562072754,-1.0866074562072754,attack,Yes
153,1,1,0.8519528132451416,-0.3083876669406891,-2.0583877563476562,attack,Yes
154,1,0,0.16451646699291617,-1.987106204032898,-0.36210623383522034,attack,No
155,1,1,0.9525741274956179,-0.08510349690914154,-3.0851035118103027,attack,Yes
156,1,0,0.002800926592539542,-5.9781174659729,-0.10311733186244965,attack,No
157,1,0,0.02931223244728875,-3.75150728225708,-0.25150734186172485,attack,No
158,1,0,0.18242551936144574,-1.9078112840652466,-0.4078112542629242,attack,No
159,1,0,0.0040701374742844335,-5.755867958068848,-0.2558678984642029,attack,No
160,1,1,0.9525741241296944,-0.12574011087417603,-3.1257400512695312,attack,Yes
161,1,1,0.798186768138228,-0.5071828961372375,-1.8821828365325928,attack,Yes
162,1,0,0.3775406547908327,-1.2791705131530762,-0.7791704535484314,attack,No
163,1,0,0.010986941335237732,-4.761816024780273,-0.2618159055709839,attack,No
164,1,1,0.679178699175393,-0.47242987155914307,-1.222429871559143,attack,Yes
165,1,0,0.004070138501134231,-5.616879940032959,-0.1168801337480545,attack,No
166,1,0,0.004609572111002853,-5.6050124168396,-0.23001240193843842,attack,No
167,1,0,0.00026119035022390116,-8.563685417175293,-0.3136855363845825,attack,No
168,1,0,0.0010322312826038706,-7.12789249420166,-0.25289273262023926,attack,No
169,1,1,0.7549149868676283,-0.5430697202682495,-1.6680697202682495,attack,Yes
170,1,1,0.7981867729389246,-0.3990308344364166,-1.7740308046340942,attack,Yes
171,1,0,0.012431648474925493,-4.568089008331299,-0.1930888146162033,attack,No
172,1,0,0.01590639031229368,-4.300159931182861,-0.17515984177589417,attack,No
173,1,1,0.8670357649558007,-0.2111775428056717,-2.0861775875091553,attack,Yes
174,1,0,0.2689414213699951,-1.5606844425201416,-0.5606844425201416,attack,No
175,1,0,0.06008664512463808,-3.1497116088867188,-0.3997115194797516,attack,No
176,1,1,0.5312093585306514,-0.9274285435676575,-1.0524284839630127,attack,Yes
177,1,1,0.9525741244662869,-0.12476735562086105,-3.124767303466797,attack,Yes
178,1,0,0.07585818837825822,-2.750080108642578,-0.2500802278518677,attack,No
179,1,1,0.9399133494052115,-0.1232462003827095,-2.873246192932129,attack,Yes
180,1,0,0.01590638961253321,-4.364802837371826,-0.23980270326137543,attack,No
181,1,1,0.7549149923816048,-0.4076302945613861,-1.5326303243637085,attack,Yes
182,1,0,0.0850990519679964,-2.5867342948913574,-0.21173438429832458,attack,No
183,1,1,0.9046505261034853,-0.21406708657741547,-2.464066982269287,attack,Yes
184,1,0,0.0011695104043089619,-7.137916564941406,-0.3879166841506958,attack,No
185,1,0,0.02033235304584329,-4.094904899597168,-0.21990488469600677,attack,No
186,1,0,0.020332355717182622,-4.0211920738220215,-0.14619219303131104,attack,No
187,1,0,0.0006263341767639418,-7.476164817810059,-0.10116484761238098,attack,No
188,1,0,0.10669060246682488,-2.5020968914031982,-0.3770969808101654,attack,No
189,1,0,0.012431652865560293,-4.611418724060059,-0.23641888797283173,attack,No
190,1,0,0.042087731520181665,-3.3257339000701904,-0.2007339894771576,attack,No
191,1,0,0.0015011819440361278,-6.753658294677734,-0.25365808606147766,attack,No
192,1,0,0.01243165140201519,-4.612128734588623,-0.23712877929210663,attack,No
193,1,0,0.0008040859116848763,-7.327327728271484,-0.202327698469162,attack,No
194,1,0,0.16451646699291617,-2.0908803939819336,-0.465880423784256,attack,No
195,1,0,0.0008040857919630916,-7.701557159423828,-0.5765569806098938,attack,No
196,1,1,0.6513548782017746,-0.5844113230705261,-1.209411382675171,attack,Yes
197,1,0,0.022977371582637088,-3.9960408210754395,-0.24604089558124542,attack,No
198,1,0,0.017986213120429816,-4.330634117126465,-0.33063429594039917,attack,No
199,1,1,0.7310585786300049,-0.5551458597183228,-1.5551458597183228,attack,Yes
200,1,1,0.7057850278370112,-0.5973677635192871,-1.472367763519287,attack,Yes
201,1,0,0.0011695104739356916,-7.326930046081543,-0.5769302248954773,attack,No
202,1,0,0.014063625390308462,-4.6098551750183105,-0.359855055809021,attack,No
203,1,0,0.5,-0.9962406158447266,-0.9962406158447266,attack,No
204,1,0,0.03308597552845946,-3.6307408809661865,-0.25574079155921936,attack,No
205,1,1,0.6513548646660542,-0.5979481935501099,-1.2229481935501099,attack,Yes
206,1,0,0.5,-0.9463474750518799,-0.9463474750518799,attack,No
207,1,1,0.6513548646660542,-0.623508095741272,-1.248508095741272,attack,Yes
208,1,1,0.6224593452091672,-0.5208055377006531,-1.0208055973052979,attack,Yes
209,1,0,0.20181321265898594,-1.8037216663360596,-0.4287216067314148,attack,No
210,1,0,0.008577485413711986,-4.847996711730957,-0.09799671173095703,attack,No
211,1,1,0.9241418126663687,-0.1415616124868393,-2.641561508178711,attack,Yes
212,1,0,0.0373268852023206,-3.5087943077087402,-0.25879424810409546,attack,No
213,1,0,0.03308597791199666,-3.5853466987609863,-0.21034668385982513,attack,No
214,1,1,0.7057850154599563,-0.505883514881134,-1.3808834552764893,attack,Yes
215,1,0,0.13296422989056964,-2.2277026176452637,-0.3527025282382965,attack,No
216,1,1,0.9046505376715775,-0.22519490122795105,-2.4751949310302734,attack,Yes
217,1,1,0.9149009538328171,-0.19418646395206451,-2.5691864490509033,attack,Yes
218,1,0,0.006692850924284856,-5.25787353515625,-0.25787353515625,attack,No
219,1,0,0.005220125848318164,-5.568056106567383,-0.3180561363697052,attack,No
220,1,1,0.7981867777396212,-0.3535665273666382,-1.7285665273666382,attack,Yes
221,1,0,0.22270014914315833,-1.7488017082214355,-0.4988017678260803,attack,No
222,1,1,0.7772998508568416,-0.45939141511917114,-1.7093913555145264,attack,Yes
223,1,1,0.7549149813536518,-0.4423849880695343,-1.567384958267212,attack,Yes
224,1,0,0.0009110511401472368,-7.202493667602539,-0.2024936079978943,attack,No
225,1,0,0.012431647926096252,-4.698699951171875,-0.3236997127532959,attack,No
226,1,0,0.0009110511130205339,-7.101528167724609,-0.10152807831764221,attack,No
227,1,1,0.6791787121629466,-0.5407654643058777,-1.2907655239105225,attack,Yes
228,1,0,0.0534033328129234,-3.1741998195648193,-0.2991998791694641,attack,No
229,1,0,0.22270013882530884,-1.6787248849868774,-0.42872488498687744,attack,No
230,1,1,0.7057850278370112,-0.6424386501312256,-1.5174386501312256,attack,Yes
231,1,0,0.042087731520181665,-3.4746291637420654,-0.3496292531490326,attack,No
232,1,0,0.0031726835022585624,-6.066188335418701,-0.3161885440349579,attack,No
233,1,0,0.46879062662624377,-0.9653587341308594,-0.8403587341308594,attack,No
234,1,0,0.07585818419975078,-2.772184133529663,-0.27218419313430786,attack,No
235,1,1,0.9149009561531425,-0.15251658856868744,-2.5275166034698486,attack,Yes
236,1,0,0.020332356904444657,-4.095317840576172,-0.2203180193901062,attack,No
237,1,0,0.0004305571967593163,-8.137442588806152,-0.38744285702705383,attack,No
238,1,0,0.0021827168347934166,-6.6009602546691895,-0.4759604334831238,attack,No
239,1,0,0.0006263340834913398,-7.577111721038818,-0.2021116018295288,attack,No
240,1,0,0.01406363034912007,-4.51422119140625,-0.2642214298248291,attack,No
241,1,0,0.4073334000459302,-1.243192434310913,-0.8681924343109131,attack,No
242,1,0,0.005911068943804928,-5.3320441246032715,-0.20704413950443268,attack,No
243,1,1,0.9840936099209598,-0.13152064383029938,-4.256520748138428,attack,Yes
244,1,0,0.34864513533394575,-1.1560534238815308,-0.5310534238815308,attack,No
245,1,0,0.020332355123551627,-4.1731743812561035,-0.2981744706630707,attack,No
246,1,0,0.009708476051684862,-4.7778449058532715,-0.1528448611497879,attack,No
247,1,0,0.05340332377362639,-3.2689623832702637,-0.3939622640609741,attack,No
248,1,1,0.9046505286741726,-0.17990906536579132,-2.4299089908599854,attack,Yes
249,1,1,0.6224593452091672,-0.6440503001213074,-1.1440503597259521,attack,Yes
250,1,0,0.08509904500702024,-3.124692440032959,-0.749692440032959,attack,no
251,1,0,0.0019267343767748358,-6.378931045532227,-0.12893089652061462,attack,No
252,1,1,0.7772998611746911,-0.38412928581237793,-1.634129285812378,attack,Yes
253,1,0,0.006692849537392301,-5.258225917816162,-0.2582257091999054,attack,No
254,1,0,0.02297737258620403,-4.081641674041748,-0.3316417932510376,attack,No
255,1,0,0.0028009275498032983,-6.129961013793945,-0.254961222410202,attack,No
256,1,1,0.5312093733737563,-0.8654797077178955,-0.9904797077178955,attack,Yes
257,1,1,0.7549149923816048,-0.3706763684749603,-1.4956763982772827,attack,Yes
258,1,1,0.8519528057272543,-0.26837918162345886,-2.0183792114257812,attack,Yes
259,1,0,0.003593603408444664,-5.7418036460876465,-0.11680387705564499,attack,No
260,1,1,0.6513548511303336,-0.7497568726539612,-1.3747568130493164,attack,Yes
261,1,0,0.00857748414653042,-5.1443400382995605,-0.3943398892879486,attack,No
262,1,0,0.03308597934211908,-3.6554675102233887,-0.28046754002571106,attack,No
263,1,0,0.22270013882530884,-1.8408293724060059,-0.5908293724060059,attack,No
264,1,1,0.9706877660687704,-0.08810912817716599,-3.588109016418457,attack,Yes
265,1,1,0.7310585669110203,-0.4506123661994934,-1.4506123065948486,attack,Yes
266,1,0,0.24508501313237172,-1.785246729850769,-0.660246729850769,attack,No
267,1,0,0.014063625390308462,-4.64867639541626,-0.3986762762069702,attack,No
268,1,0,0.002800927216841955,-6.190792560577393,-0.31579264998435974,attack,No
269,1,0,0.03732689055684297,-3.667379856109619,-0.4173799455165863,attack,No
270,1,0,0.0040701369910610885,-5.784874439239502,-0.2848742604255676,attack,No
271,1,1,0.9046505402422645,-0.19227474927902222,-2.442274808883667,attack,Yes
272,1,0,0.02033235660762914,-4.073495864868164,-0.1984960287809372,attack,No
273,1,1,0.8354835411997897,-0.36103829741477966,-1.986038327217102,attack,Yes
274,1,0,0.0850990357257195,-2.833662509918213,-0.45866239070892334,attack,No
275,1,0,0.3208212878370535,-1.5336573123931885,-0.7836572527885437,attack,No
276,1,0,0.11920291576401235,-2.4527082443237305,-0.4527081847190857,attack,No
277,1,1,0.9706877715805505,-0.0952095165848732,-3.5952095985412598,attack,Yes
278,1,0,0.0021827165751612514,-6.379395008087158,-0.254395067691803,attack,No
279,1,1,0.7057850278370112,-0.5166751146316528,-1.3916751146316528,attack,Yes
280,1,0,0.06754668738548215,-3.066795587539673,-0.4417955279350281,attack,No
281,1,0,0.00192673483525908,-6.477415084838867,-0.22741517424583435,attack,No
282,1,0,0.00023050674946534992,-8.5767183303833,-0.20171844959259033,attack,No
283,1,0,0.001325022131299134,-6.726708889007568,-0.10170867294073105,attack,No
284,1,1,0.9669140192277585,-0.08493192493915558,-3.4599318504333496,attack,Yes
285,1,0,0.0052201246876200265,-5.456319332122803,-0.20631913840770721,attack,No
286,1,0,0.010986941659076578,-4.790818214416504,-0.29081812500953674,attack,No
287,1,0,0.00407013711186692,-5.816845893859863,-0.31684574484825134,attack,No
288,1,0,0.0031726828424851893,-5.954688549041748,-0.20468854904174805,attack,No
289,1,0,0.010986940849479477,-4.735264778137207,-0.2352646142244339,attack,No
290,1,0,0.02595735813968335,-3.7393033504486084,-0.11430338770151138,attack,No
291,1,0,0.033085978388704126,-3.8295114040374756,-0.4545114040374756,attack,No
292,1,0,0.022977370913592487,-3.932314395904541,-0.1823144406080246,attack,No
293,1,0,0.009708474762317362,-4.859796047210693,-0.23479586839675903,attack,No
294,1,0,0.4378235137849365,-1.0641193389892578,-0.8141193985939026,attack,No
295,1,0,0.0005527787274810003,-7.5799994468688965,-0.07999961078166962,attack,No
296,1,0,0.0010322308062713872,-7.077672958374023,-0.20267273485660553,attack,No
297,1,0,0.0035936027948457686,-5.829916954040527,-0.20491701364517212,attack,No
298,1,1,0.9820137863531804,-0.06812116503715515,-4.068120956420898,attack,Yes
299,1,0,0.005220125848318164,-5.36808443069458,-0.11808446049690247,attack,No
300,1,0,0.0373268852023206,-3.534872531890869,-0.28487247228622437,attack,No
301,1,0,0.060086646807761206,-3.186514377593994,-0.43651431798934937,attack,No
302,1,1,0.8519527906914787,-0.30120548605918884,-2.0512053966522217,attack,Yes
303,1,0,0.0017007226644316852,-6.6031975746154785,-0.22819772362709045,attack,No
304,1,1,0.9241418126663687,-0.12518511712551117,-2.625185012817383,attack,Yes
305,1,0,0.001501182301408549,-6.75361967086792,-0.2536197006702423,attack,No
306,1,0,0.0005527785875286599,-7.781909465789795,-0.28190937638282776,attack,No
307,1,0,0.16451644651115205,-2.2181472778320312,-0.5931471586227417,attack,no
308,1,0,0.004609572042631499,-5.692931175231934,-0.3179311454296112,attack,No
309,1,0,0.01590639171181471,-4.451797962188721,-0.3267979621887207,attack,No
310,1,0,0.010986942954432066,-4.6376237869262695,-0.13762381672859192,attack,No
311,1,1,0.9149009480320036,-0.17239341139793396,-2.547393321990967,attack,Yes
312,1,0,0.025957358704815272,-3.8514277935028076,-0.2264278531074524,attack,No
313,1,1,0.8354835330070839,-0.30992236733436584,-1.9349223375320435,attack,Yes
314,1,0,0.0006263340275277853,-7.577190399169922,-0.20219019055366516,attack,No
315,1,0,0.09534946232842245,-2.4845852851867676,-0.2345852553844452,attack,No
316,1,0,0.11920293140927592,-2.34257435798645,-0.34257444739341736,attack,No
317,1,0,0.06754669301670263,-2.99787974357605,-0.3728797733783722,attack,No
318,1,0,0.04742587654349034,-3.116780996322632,-0.1167810708284378,attack,No
319,1,0,0.03308597934211908,-3.655027151107788,-0.2800271809101105,attack,No
320,1,0,0.0002611904280443717,-8.502340316772461,-0.25234073400497437,attack,No
321,1,0,0.042087723109535534,-3.443917751312256,-0.3189176321029663,attack,No
322,1,0,0.0002034269841165697,-8.813542366027832,-0.3135423958301544,attack,No
323,1,0,0.007577242836619065,-5.267937660217285,-0.39293786883354187,attack,No
324,1,1,0.9149009642742806,-0.2893127202987671,-2.6643128395080566,attack,Yes
325,1,1,0.9859363760560114,-0.1288759857416153,-4.378876209259033,attack,Yes
326,1,0,0.1480471980316895,-2.304471731185913,-0.5544717311859131,attack,No
327,1,0,0.07585818628900447,-2.7722787857055664,-0.27227887511253357,attack,No
328,1,0,0.05340333582602272,-3.105422019958496,-0.23042213916778564,attack,No
329,1,0,0.0675466977093867,-2.805011034011841,-0.18001113831996918,attack,No
330,1,0,0.4073334000459302,-1.2794711589813232,-0.9044711589813232,attack,No
331,1,0,0.07585818002124356,-2.797684907913208,-0.297684907913208,attack,No
332,1,0,0.4073333856566001,-1.1182301044464111,-0.7432300448417664,attack,No
333,1,0,0.000804085887740518,-7.286404609680176,-0.161404550075531,attack,No
334,1,0,0.3208212878370535,-1.3184494972229004,-0.5684494376182556,attack,No
335,1,0,0.10669058400428263,-2.3576149940490723,-0.2326148897409439,attack,No
336,1,0,0.03308598220236406,-3.7520008087158203,-0.37700092792510986,attack,No
337,1,0,0.0009110513842876005,-7.282161712646484,-0.2821619212627411,attack,No
338,1,0,0.04208772611333754,-3.3440608978271484,-0.21906085312366486,attack,No
339,1,1,0.754914997895581,-0.44072026014328003,-1.5657203197479248,attack,Yes
340,1,1,0.9669140189894047,-0.08614524453878403,-3.4611451625823975,attack,Yes
341,1,0,0.025957363225871038,-4.119261741638184,-0.4942619800567627,attack,No
342,1,0,0.009708476911263291,-4.859420299530029,-0.23442034423351288,attack,No
343,1,0,0.5,-0.9277843236923218,-0.9277843236923218,attack,No
344,1,0,0.20181321265898594,-1.85099196434021,-0.4759919047355652,attack,No
345,1,0,0.0015011824354232285,-6.8885393142700195,-0.3885394334793091,attack,No
346,1,0,0.4073334000459302,-1.1708874702453613,-0.7958874702453613,attack,No
347,1,0,0.00857748478012118,-4.9008378982543945,-0.15083782374858856,attack,No
348,1,1,0.979667646731545,-0.051453109830617905,-3.926453113555908,attack,Yes
349,1,1,0.9890130548596552,-0.1017901822924614,-4.601789951324463,attack,Yes
350,1,0,0.2689414213699951,-1.5276910066604614,-0.5276910066604614,attack,No
351,1,0,0.22270014914315833,-1.6809656620025635,-0.43096572160720825,attack,No
352,1,0,0.0002959570870602814,-8.3772611618042,-0.25226107239723206,attack,No
353,1,0,0.042087729117139754,-3.585977077484131,-0.46097710728645325,attack,No
354,1,0,0.03732688306051187,-3.444777488708496,-0.19477736949920654,attack,No
355,1,1,0.8519527944504226,-0.2814691662788391,-2.0314691066741943,attack,Yes
356,1,0,0.020332352452212373,-4.094667911529541,-0.21966786682605743,attack,No
357,1,0,0.0007096703462635487,-7.452334880828857,-0.20233480632305145,attack,No
358,1,0,0.014063628696182679,-4.95182991027832,-0.7018300294876099,attack,no
359,1,0,0.24508502416032488,-1.7091786861419678,-0.5841787457466125,attack,No
360,1,1,0.8519528132451416,-0.25964227318763733,-2.0096423625946045,attack,Yes
361,1,1,0.9046505299595163,-0.2738080620765686,-2.523808002471924,attack,Yes
362,1,0,0.002182716380437148,-6.440350532531738,-0.3153505027294159,attack,No
363,1,0,0.0021827163155291175,-6.379208564758301,-0.254208505153656,attack,No
364,1,1,0.7310585903489892,-0.4712676405906677,-1.4712677001953125,attack,Yes
365,1,1,0.9149009619539553,-0.18239322304725647,-2.5573933124542236,attack,Yes
366,1,0,0.0953494674697966,-2.56526517868042,-0.3152652084827423,attack,No
367,1,1,0.7772998560157665,-0.42078593373298645,-1.670785903930664,attack,Yes
368,1,0,0.012431651219072064,-4.698787212371826,-0.32378724217414856,attack,No
369,1,0,0.042087725512577126,-3.4429163932800293,-0.3179163336753845,attack,No
370,1,0,0.0028009267174000135,-6.264261245727539,-0.3892611563205719,attack,No
371,1,1,0.731058584489497,-0.49627742171287537,-1.4962774515151978,attack,Yes
372,1,0,0.01798621259404007,-4.196963787078857,-0.19696393609046936,attack,No
373,1,0,0.002182716283075103,-6.328634262084961,-0.20363418757915497,attack,No
374,1,0,0.029312234143221275,-3.75192928314209,-0.2519294023513794,attack,No
375,1,0,0.10669059394565118,-2.45180082321167,-0.3268008232116699,attack,No
376,1,0,0.004070137776299053,-5.68380880355835,-0.1838088184595108,attack,No
377,1,0,0.00192673483525908,-6.725937366485596,-0.47593745589256287,attack,No
378,1,0,0.01590639427760358,-4.364607334136963,-0.23960749804973602,attack,No
379,1,0,0.06008664344151498,-3.030611038208008,-0.28061091899871826,attack,No
380,1,0,0.0006263340834913398,-7.577176094055176,-0.20217597484588623,attack,No
381,1,0,0.22270013882530884,-1.663617491722107,-0.41361749172210693,attack,No
382,1,0,0.020332351264950595,-4.073356628417969,-0.1983565241098404,attack,No
383,1,0,0.000804085887740518,-7.439070224761963,-0.3140701651573181,attack,No
384,1,0,0.01406362415060583,-4.610219955444336,-0.3602197468280792,attack,No
385,1,0,0.010986942954432066,-4.896329879760742,-0.3963299095630646,attack,No
386,1,0,0.004609572179374208,-5.807635307312012,-0.4326353073120117,attack,No
387,1,0,0.0011695101693187794,-6.813662528991699,-0.06366244703531265,attack,No
388,1,0,0.24508502416032488,-1.6866223812103271,-0.5616224408149719,attack,No
389,1,0,0.00218271670497733,-6.513709545135498,-0.3887096643447876,attack,No
390,1,0,0.010986945059385054,-4.711365222930908,-0.2113654464483261,attack,No
391,1,0,0.014063623943988737,-4.390327453613281,-0.14032723009586334,attack,No
392,1,0,0.047425871831197425,-3.2048676013946533,-0.20486757159233093,attack,No
393,1,1,0.9740426441208441,-0.09933299571275711,-3.7243330478668213,attack,Yes
394,1,0,0.009708476481474066,-4.777050495147705,-0.15205049514770508,attack,No
395,1,0,0.2942149845400438,-1.4193036556243896,-0.5443037152290344,attack,No
396,1,0,0.0031726822769652645,-6.328782081604004,-0.5787819027900696,attack,No
397,1,0,0.01406362415060583,-4.610831260681152,-0.36083105206489563,attack,No
398,1,0,0.004070137595090279,-5.7556633949279785,-0.25566336512565613,attack,No
399,1,0,0.3486451488696663,-1.3634934425354004,-0.7384935021400452,attack,No
400,1,0,0.34864513533394575,-1.4571257829666138,-0.8321257829666138,attack,No
401,1,0,0.05340332678672523,-3.174656867980957,-0.29965680837631226,attack,No
402,1,0,0.0031726821827119532,-6.0662641525268555,-0.31626394391059875,attack,No
403,1,0,0.1066905911052601,-2.508589029312134,-0.3835889995098114,attack,No
404,1,0,0.10669058826486906,-2.5674633979797363,-0.44246333837509155,attack,No
405,1,0,0.18242552825126704,-1.904386281967163,-0.4043863117694855,attack,No
406,1,0,0.006692852509305267,-5.257990837097168,-0.25799107551574707,attack,No
407,1,1,0.7772998508568416,-0.5695520043373108,-1.819551944732666,attack,Yes
408,1,0,0.03308597648187432,-3.6302342414855957,-0.2552341818809509,attack,No
409,1,0,0.006692852311177695,-5.287172317504883,-0.2871725261211395,attack,No
410,1,0,0.007577240595535943,-5.268107891082764,-0.3931078016757965,attack,No
411,1,1,0.5926665999540697,-0.8960878849029541,-1.271087884902954,attack,Yes
412,1,1,0.8519527982093668,-0.29071715474128723,-2.040717124938965,attack,Yes
413,1,0,0.007577242388402388,-5.1950483322143555,-0.3200484812259674,attack,No
414,1,0,0.2689414213699951,-1.6209737062454224,-0.6209737062454224,attack,No
415,1,0,0.01406362456384003,-4.51481819152832,-0.264818012714386,attack,No
416,1,0,0.08509904268669496,-2.677501916885376,-0.3025018870830536,attack,No
417,1,0,0.2942149597859341,-1.6388916969299316,-0.7638916373252869,attack,No
418,1,1,0.7057850278370112,-0.596898078918457,-1.471898078918457,attack,Yes
419,1,0,0.22270013366638422,-1.5520061254501343,-0.3020060956478119,attack,No
420,1,0,0.005911068856243796,-5.3104567527771,-0.1854567527770996,attack,No
421,1,0,0.05340332452690107,-3.104849100112915,-0.22984899580478668,attack,No
422,1,0,0.0006263341208003788,-7.577381610870361,-0.20238155126571655,attack,No
423,1,0,0.014063627663096904,-4.405848503112793,-0.15584854781627655,attack,No
424,1,0,0.0015011819440361278,-6.81470251083374,-0.3147023022174835,attack,No
425,1,0,0.020332349780873466,-4.240189552307129,-0.3651893734931946,attack,No
426,1,0,0.004070137595090279,-5.705507755279541,-0.20550772547721863,attack,No
427,1,1,0.5926665999540697,-0.6802414655685425,-1.0552414655685425,attack,Yes
428,1,0,0.006692849537392301,-5.318853378295898,-0.3188531696796417,attack,No
429,1,0,0.009708478200631072,-4.9815354347229,-0.3565356135368347,attack,No
430,1,0,0.00317268293673852,-5.88007116317749,-0.13007119297981262,attack,No
431,1,0,0.01406362601015982,-4.376677989959717,-0.12667791545391083,attack,No
432,1,1,0.9964063975119536,-0.030215714126825333,-5.655215740203857,attack,Yes
433,1,0,0.007577241940185738,-5.009305953979492,-0.13430604338645935,attack,No
434,1,0,0.008577486554175553,-4.840757846832275,-0.09075798094272614,attack,No
435,1,1,0.9770226279155795,-0.08189354091882706,-3.8318934440612793,attack,Yes
436,1,0,0.02931222905542399,-3.6547579765319824,-0.15475791692733765,attack,No
437,1,0,0.4378234991142019,-1.070016860961914,-0.8200168609619141,attack,No
438,1,0,0.020332355123551627,-4.144964218139648,-0.2699643075466156,attack,No
439,1,0,0.06008665101556925,-2.967691421508789,-0.21769143640995026,attack,No
440,1,0,0.053403325280175794,-3.2035961151123047,-0.3285960257053375,attack,No
441,1,0,0.32082130082460697,-1.484914779663086,-0.7349147796630859,attack,No
442,1,0,0.0013250227129863572,-6.76931619644165,-0.1443164199590683,attack,No
443,1,0,0.37754066879814546,-1.2967342138290405,-0.7967342138290405,attack,No
444,1,0,0.0035936024213508388,-5.788844108581543,-0.1638440638780594,attack,No
445,1,1,0.5926666143433998,-0.6298567652702332,-1.004856824874878,attack,Yes
446,1,0,0.09534947004048376,-2.683262825012207,-0.4332628846168518,attack,No
447,1,0,0.46879062662624377,-0.987727165222168,-0.862727165222168,attack,No
448,1,0,0.01098694327827096,-4.735753059387207,-0.2357531189918518,attack,No
449,1,0,0.0003353502303751044,-8.349079132080078,-0.349079430103302,attack,No
450,1,0,0.005220126854256756,-5.416163444519043,-0.16616366803646088,attack,No
451,1,0,0.022977367902892003,-3.971750497817993,-0.221750408411026,attack,No
452,1,0,0.0019267342621537913,-6.7258687019348145,-0.47586849331855774,attack,No
453,1,0,0.04742587250438209,-3.2448830604553223,-0.24488304555416107,attack,No
454,1,0,0.4378234991142019,-1.091569423675537,-0.8415694236755371,attack,No
455,1,0,0.2942149845400438,-1.5181589126586914,-0.6431589722633362,attack,No
456,1,0,0.037326884131416216,-3.5634207725524902,-0.31342068314552307,attack,No
457,1,0,0.005220124764999895,-5.50663948059082,-0.256639301776886,attack,No
458,1,0,0.05340333431947304,-3.3055009841918945,-0.4305010735988617,attack,No
459,1,1,0.9706877675527112,-0.07647496461868286,-3.576474905014038,attack,Yes
460,1,1,0.5621765008857981,-0.7365919947624207,-0.9865919947624207,attack,Yes
461,1,0,0.16451645880021026,-1.8980190753936768,-0.27301904559135437,attack,No
462,1,0,0.0007096703251287339,-7.411182880401611,-0.16118277609348297,attack,No
463,1,0,0.24508500761839525,-1.5329376459121704,-0.407937616109848,attack,No
464,1,0,0.46879062662624377,-0.9806438684463501,-0.8556438684463501,attack,No
465,1,0,0.22270013882530884,-1.8131425380706787,-0.5631425380706787,attack,No
466,1,0,0.0021827166400692896,-6.35256814956665,-0.22756823897361755,attack,No
467,1,0,0.0035936022612815957,-5.789035797119141,-0.16403570771217346,attack,No
468,1,0,0.00012339455024729633,-9.201618194580078,-0.2016179859638214,attack,No
469,1,0,0.005220126776876857,-5.603021144866943,-0.3530213534832001,attack,No
470,1,0,0.008577483386221569,-5.143368721008301,-0.3933684825897217,attack,No
471,1,0,0.003593603221697163,-5.94162654876709,-0.31662672758102417,attack,No
472,1,0,0.4378234991142019,-1.1412370204925537,-0.8912370204925537,attack,No
473,1,0,0.07585818211049715,-2.8473353385925293,-0.3473353683948517,attack,No
474,1,1,0.7310585786300049,-0.5690643787384033,-1.5690643787384033,attack,Yes
475,1,1,0.8354835330070839,-0.28531089425086975,-1.9103108644485474,attack,Yes
476,1,0,0.008577485033557495,-4.95999002456665,-0.2099899798631668,attack,No
477,1,0,0.1066905911052601,-2.532587766647339,-0.4075877368450165,attack,No
478,1,0,0.0008040859595735953,-7.306194305419922,-0.18119433522224426,attack,No
479,1,0,0.02931222947940706,-3.706812620162964,-0.20681257545948029,attack,No
480,1,1,0.9669140206578809,-0.17948177456855774,-3.5544817447662354,attack,Yes
481,1,1,0.5926665999540697,-0.6802414655685425,-1.0552414655685425,attack,Yes
482,1,0,0.24508500210441886,-1.649695873260498,-0.5246958136558533,attack,No
483,1,0,0.10669060246682488,-2.425750255584717,-0.30075034499168396,attack,No
484,1,0,0.0850990542883219,-2.874758243560791,-0.49975836277008057,attack,No
485,1,0,0.0009110511944006454,-7.387887001037598,-0.38788700103759766,attack,No
486,1,1,0.7549149923816048,-0.4085552394390106,-1.533555269241333,attack,Yes
487,1,0,0.0013250224960860068,-7.013021945953369,-0.3880220055580139,attack,No
488,1,1,0.893309411735131,-0.18463486433029175,-2.3096349239349365,attack,Yes
489,1,1,0.8519528170040853,-0.297265887260437,-2.0472660064697266,attack,Yes
490,1,0,0.02297737526238275,-4.022632598876953,-0.2726328372955322,attack,No
491,1,0,0.0019267346633274755,-6.725821018218994,-0.47582101821899414,attack,No
492,1,1,0.9046505376715775,-0.2114221751689911,-2.4614222049713135,attack,Yes
493,1,1,0.6513548646660542,-0.6536842584609985,-1.2786842584609985,attack,Yes
494,1,1,0.8807970748488297,-0.27529361844062805,-2.2752935886383057,attack,Yes
495,1,1,0.7310585669110203,-0.46749502420425415,-1.4674949645996094,attack,Yes
496,1,0,0.07585818628900447,-2.7708563804626465,-0.27085646986961365,attack,No
497,1,0,0.4378234991142019,-1.0573679208755493,-0.8073679208755493,attack,No
498,1,1,0.9149009497722478,-0.12305290251970291,-2.4980528354644775,attack,Yes
499,1,1,0.7057850278370112,-0.5265096426010132,-1.4015096426010132,attack,Yes
500,1,0,0.2018132270610754,-1.6921428442001343,-0.31714287400245667,attack,No
501,1,0,0.005220125538798635,-5.53572416305542,-0.28572413325309753,attack,No
502,1,0,0.46879062662624377,-0.9023692607879639,-0.7773692607879639,attack,No
503,1,0,0.0031726826539785367,-6.066287994384766,-0.31628793478012085,attack,No
504,1,0,0.3486451217982255,-1.259756326675415,-0.6347562670707703,attack,No
505,1,1,0.679178699175393,-0.5933961868286133,-1.3433961868286133,attack,Yes
506,1,0,0.02297736857193652,-4.117092132568359,-0.3670920729637146,attack,No
507,1,0,0.02595735719779685,-3.809065103530884,-0.1840651035308838,attack,No
508,1,1,0.5926665999540697,-0.7486636638641357,-1.1236636638641357,attack,Yes
509,1,0,0.020332352749027827,-4.204931259155273,-0.32993122935295105,attack,No
510,1,0,0.022977373924293353,-4.082186222076416,-0.33218640089035034,attack,No
511,1,0,0.24508501313237172,-1.7070517539978027,-0.5820517539978027,attack,No
512,1,0,0.004609571632403393,-5.954777717590332,-0.5797775983810425,attack,no
513,1,0,0.00015843627575476622,-9.137164115905762,-0.38716447353363037,attack,No
514,1,0,0.001032231251872736,-7.036254405975342,-0.1612546145915985,attack,No
515,1,1,0.5312093733737563,-0.8542168140411377,-0.9792168140411377,attack,Yes
516,1,0,0.0031726833137518703,-5.9545512199401855,-0.20455136895179749,attack,No
517,1,1,0.679178699175393,-0.4669123888015747,-1.2169123888015747,attack,Yes
518,1,0,0.004609572657973725,-5.580845832824707,-0.2058459371328354,attack,No
519,1,0,0.0009110512011823215,-7.072019577026367,-0.07201958447694778,attack,No
520,1,0,0.0046095728630878175,-5.72857666015625,-0.35357680916786194,attack,No
521,1,0,0.0003353499806035945,-8.387234687805176,-0.38723424077033997,attack,No
522,1,0,0.010986943602109868,-4.637739658355713,-0.13773974776268005,attack,No
523,1,1,0.7981867777396212,-0.4681929349899292,-1.8431929349899292,attack,Yes
524,1,0,0.0009110511265838854,-7.080877780914307,-0.08087770640850067,attack,No
525,1,0,0.0010322310674859476,-7.262907028198242,-0.3879070580005646,attack,No
526,1,1,0.9525741301883566,-0.1359378546476364,-3.1359379291534424,attack,Yes
527,1,1,0.880797071719777,-0.3291650414466858,-2.329164981842041,attack,Yes
528,1,1,0.8175744761936437,-0.4236375093460083,-1.9236375093460083,attack,Yes
529,1,0,0.000804086127184134,-7.377832412719727,-0.25283265113830566,attack,No
530,1,1,0.7057850402140659,-0.4540647864341736,-1.3290648460388184,attack,Yes
531,1,1,0.7057850278370112,-0.6394830942153931,-1.514483094215393,attack,Yes
532,1,0,0.32082130082460697,-1.532892107963562,-0.782892107963562,attack,No
533,1,1,0.8670357615200474,-0.21728728711605072,-2.092287302017212,attack,Yes
534,1,0,0.03308597934211908,-3.657578229904175,-0.2825782597064972,attack,No
535,1,0,0.025957357386174145,-3.7207345962524414,-0.095734603703022,attack,No
536,1,0,0.00591106981941633,-5.291277885437012,-0.16627804934978485,attack,No
537,1,0,0.5,-0.9938544631004333,-0.9938544631004333,attack,No
538,1,0,0.24508501313237172,-1.575792908668518,-0.45079290866851807,attack,No
539,1,0,0.04208773031866069,-3.5082895755767822,-0.383289635181427,attack,No
540,1,0,0.32082130082460697,-1.2980334758758545,-0.5480334758758545,attack,No
541,1,0,0.0031726824654718946,-6.0661420822143555,-0.3161419630050659,attack,No
542,1,1,0.6791786861878392,-0.7939794659614563,-1.5439794063568115,attack,Yes
543,1,0,0.24508501313237172,-1.6486951112747192,-0.5236951112747192,attack,No
544,1,1,0.5621765008857981,-0.7492284178733826,-0.9992284178733826,attack,Yes
545,1,1,0.7981867873410141,-0.41496580839157104,-1.7899658679962158,attack,Yes
546,1,1,0.7772998508568416,-0.4173341393470764,-1.6673340797424316,attack,Yes
547,1,1,0.7981867825403176,-0.43684515357017517,-1.8118451833724976,attack,Yes
548,1,0,0.34864513533394575,-1.2223618030548096,-0.5973618030548096,attack,No
549,1,1,0.7981867729389246,-0.35955265164375305,-1.7345526218414307,attack,Yes
550,1,0,0.0013250224172131609,-7.202137470245361,-0.5771374702453613,attack,No
551,1,0,0.0002611904280443717,-8.826245307922363,-0.5762457251548767,attack,No
552,1,1,0.880797068590724,-0.279167503118515,-2.279167413711548,attack,Yes
553,1,0,6.605216650680167e-05,-9.938410758972168,-0.31341108679771423,attack,No
554,1,1,0.798186768138228,-0.41605550050735474,-1.79105544090271,attack,Yes
555,1,1,0.880797081106935,-0.22813841700553894,-2.2281384468078613,attack,Yes
556,1,1,0.7549149868676283,-0.5591413974761963,-1.6841413974761963,attack,Yes
557,1,0,0.0013250224960860068,-6.786527633666992,-0.16152769327163696,attack,No
558,1,0,0.1066905911052601,-2.4290924072265625,-0.3040923774242401,attack,No
559,1,0,0.00037998459399269806,-8.076912879943848,-0.20191308856010437,attack,No
560,1,0,0.006692850329902297,-5.319659233093262,-0.31965914368629456,attack,No
561,1,0,0.01243164902375476,-4.58944845199585,-0.21444830298423767,attack,No
562,1,0,0.025957354183760273,-3.8739142417907715,-0.24891412258148193,attack,No
563,1,0,0.4073334000459302,-1.2246110439300537,-0.8496110439300537,attack,No
564,1,1,0.5926665999540697,-0.7116074562072754,-1.0866074562072754,attack,Yes
565,1,1,0.8354835330070839,-0.37418046593666077,-1.9991804361343384,attack,Yes
566,1,0,0.00857748680761192,-4.918430805206299,-0.16843096911907196,attack,No
567,1,0,0.11920292828022305,-2.418363571166992,-0.41836363077163696,attack,No
568,1,0,0.00970847504884346,-4.9147233963012695,-0.2897232472896576,attack,No
569,1,0,0.13296422989056964,-2.306163787841797,-0.4311636984348297,attack,No
570,1,0,0.0075772417721044994,-4.982517242431641,-0.107517309486866,attack,No
571,1,1,0.7772998714925403,-0.45853322744369507,-1.7085332870483398,attack,Yes
572,1,0,0.0046095714956607,-5.692276954650879,-0.31727680563926697,attack,No
573,1,1,0.7549149868676283,-0.505670428276062,-1.630670428276062,attack,Yes
574,1,0,0.02297736991002561,-4.242046356201172,-0.4920463562011719,attack,No
575,1,1,0.5926665999540697,-0.6979290246963501,-1.07292902469635,attack,Yes
576,1,0,0.03732689055684297,-3.5340335369110107,-0.2840336263179779,attack,No
577,1,0,0.008577483639657844,-5.038724422454834,-0.28872421383857727,attack,No
578,1,1,0.5926666143433998,-0.7658857703208923,-1.140885829925537,attack,Yes
579,1,0,0.014063625390308462,-4.514991283416748,-0.2649911642074585,attack,No
580,1,0,0.22270013882530884,-1.7195940017700195,-0.46959400177001953,attack,No
581,1,0,0.11920292515117029,-2.421400785446167,-0.4214008152484894,attack,No
582,1,1,0.5312093733737563,-0.773971676826477,-0.898971676826477,attack,Yes
583,1,1,0.7057850278370112,-0.4595754146575928,-1.3345754146575928,attack,Yes
584,1,1,0.7310585669110203,-0.4443517327308655,-1.4443516731262207,attack,Yes
585,1,1,0.8670357666736773,-0.3113803267478943,-2.186380386352539,attack,Yes
586,1,1,0.5312093733737563,-0.8137640953063965,-0.9387640953063965,attack,Yes
587,1,0,0.5,-0.8347212076187134,-0.8347212076187134,attack,No
588,1,0,0.4073334000459302,-1.1780661344528198,-0.8030661344528198,attack,No
589,1,0,0.009708478200631072,-4.813906669616699,-0.18890684843063354,attack,No
590,1,0,0.5,-0.8728419542312622,-0.8728419542312622,attack,No
591,1,0,0.0009110511401472368,-7.253053188323975,-0.25305312871932983,attack,No
592,1,1,0.679178699175393,-0.5479757785797119,-1.297975778579712,attack,Yes
593,1,0,0.0035936025814200896,-6.0150322914123535,-0.3900322914123535,attack,No
594,1,1,0.7057850402140659,-0.4895481467247009,-1.3645482063293457,attack,Yes
595,1,0,0.001501182301408549,-6.814801216125488,-0.31480124592781067,attack,No
596,1,1,0.9706877690366521,-0.08193231374025345,-3.581932306289673,attack,Yes
597,1,1,0.9669140206578809,-0.09095457196235657,-3.465954542160034,attack,Yes
598,1,0,0.004609571427289355,-5.55920934677124,-0.1842091828584671,attack,No
599,1,0,0.00020342701442338832,-8.701825141906738,-0.2018253207206726,attack,No
600,1,1,0.5926665855647394,-0.7772224545478821,-1.1522223949432373,attack,Yes
601,1,1,0.6513548646660542,-0.612922191619873,-1.237922191619873,attack,Yes
602,1,0,0.001501181899364581,-7.077040672302246,-0.577040433883667,attack,No
603,1,0,0.0031726830309918535,-6.066373348236084,-0.31637340784072876,attack,No
604,1,0,0.0019267350071906994,-6.503810882568359,-0.2538110613822937,attack,No
605,1,0,0.00037998442419093204,-8.07708740234375,-0.2020871639251709,attack,No
606,1,0,0.4378234991142019,-0.9902146458625793,-0.7402146458625793,attack,No
607,1,0,0.04208773212094217,-3.2922720909118652,-0.1672721952199936,attack,No
608,1,0,0.20181322226037882,-1.9681676626205444,-0.5931676626205444,attack,No
609,1,0,0.4378234844434674,-1.0647823810577393,-0.8147823214530945,attack,No
610,1,0,0.5,-1.1190354824066162,-1.1190354824066162,attack,No
611,1,0,0.0031726825597252145,-6.139550685882568,-0.3895505964756012,attack,No
612,1,0,0.00857748566714832,-5.009227752685547,-0.25922778248786926,attack,No
613,1,0,0.0009110509773870306,-7.202378273010254,-0.2023780345916748,attack,No
614,1,0,0.000804086031406679,-7.378015518188477,-0.2530156373977661,attack,No
615,1,0,0.22270013882530884,-1.8094677925109863,-0.5594677925109863,attack,No
616,1,0,0.00317268293673852,-6.004792213439941,-0.2547922432422638,attack,No
617,1,0,0.3208212878370535,-1.4008638858795166,-0.6508638262748718,attack,No
618,1,0,0.03308597743528921,-3.6295783519744873,-0.2545783221721649,attack,No
619,1,0,0.004609572042631499,-5.539619445800781,-0.16461941599845886,attack,No
620,1,0,0.004609572316116922,-5.692323207855225,-0.317323237657547,attack,No
621,1,1,0.7057850278370112,-0.49150550365448,-1.36650550365448,attack,Yes
622,1,1,0.8354835371034369,-0.28931450843811035,-1.9143145084381104,attack,Yes
623,1,1,0.6224593312018546,-0.5954307317733765,-1.0954307317733765,attack,Yes
624,1,0,0.11920291263495983,-2.4185068607330322,-0.41850677132606506,attack,No
625,1,0,0.0953494674697966,-2.650256633758545,-0.4002566635608673,attack,No
626,1,0,0.017986211804455476,-4.2180352210998535,-0.21803532540798187,attack,No
627,1,0,0.24508501313237172,-1.7092585563659668,-0.5842585563659668,attack,No
628,1,0,0.0019267349498801579,-6.503873825073242,-0.2538739740848541,attack,No
629,1,0,0.3775406828054583,-1.3961186408996582,-0.896118700504303,attack,No
630,1,0,0.0013250221805946513,-6.939720153808594,-0.3147199749946594,attack,No
631,1,0,0.0008040860074623171,-7.327725887298584,-0.20272597670555115,attack,No
632,1,0,0.0953494674697966,-2.617715835571289,-0.36771586537361145,attack,No
633,1,0,0.025957354937269386,-3.9612526893615723,-0.3362525999546051,attack,No
634,1,1,0.8933094145755219,-0.20163026452064514,-2.3266303539276123,attack,Yes
635,1,0,0.0046095728630878175,-5.6311354637146,-0.25613561272621155,attack,No
636,1,0,0.00857748414653042,-5.009424209594727,-0.2594240605831146,attack,No
637,1,0,0.2942149597859341,-1.5180549621582031,-0.6430549025535583,attack,No
638,1,0,0.0373268852023206,-3.4861361980438232,-0.23613613843917847,attack,No
639,1,0,0.46879062662624377,-1.0537896156311035,-0.9287896156311035,attack,No
640,1,1,0.7310585903489892,-0.5874406695365906,-1.5874407291412354,attack,Yes
641,1,0,0.0028009267174000135,-6.129566669464111,-0.25456658005714417,attack,No
642,1,1,0.8933094060543487,-0.38605260848999023,-2.5110526084899902,attack,Yes
643,1,0,0.20181322226037882,-1.7006866931915283,-0.3256866931915283,attack,No
644,1,1,0.9046505440982949,-0.19256152212619781,-2.442561626434326,attack,Yes
645,1,0,0.009708477770841793,-4.813982009887695,-0.18898214399814606,attack,No
646,1,1,0.9706877679766944,-0.07981900870800018,-3.5798189640045166,attack,Yes
647,1,1,0.5926665999540697,-0.7504556179046631,-1.125455617904663,attack,Yes
648,1,1,0.5926666143433998,-0.7406384348869324,-1.1156384944915771,attack,Yes
649,1,0,0.2018132174596823,-1.7839219570159912,-0.4089219272136688,attack,No
650,1,0,0.0010322310982170768,-7.349905490875244,-0.4749055504798889,attack,No
651,1,1,0.7772998508568416,-0.4746165871620178,-1.724616527557373,attack,Yes
652,1,0,0.005220124764999895,-5.456562042236328,-0.2065618634223938,attack,No
653,1,0,0.042087725512577126,-3.414454698562622,-0.2894546389579773,attack,No
654,1,0,0.0015011824800947912,-6.727123737335205,-0.22712388634681702,attack,No
655,1,0,0.0031726828424851893,-6.004920959472656,-0.25492095947265625,attack,No
656,1,1,0.5926665999540697,-0.6038864254951477,-0.9788864254951477,attack,Yes
657,1,0,0.002472623009619369,-6.2282023429870605,-0.22820228338241577,attack,No
658,1,0,0.020332349187242645,-4.146515846252441,-0.2715156376361847,attack,No
659,1,0,0.022977373924293353,-4.052502155303955,-0.3025023341178894,attack,No
660,1,0,0.3775406828054583,-1.1070375442504883,-0.6070376038551331,attack,No
661,1,0,0.005220126622117065,-5.568122386932373,-0.3181225657463074,attack,No
662,1,1,0.6791787121629466,-0.4836835265159607,-1.2336835861206055,attack,Yes
663,1,0,0.022977371582637088,-3.914931535720825,-0.16493161022663116,attack,No
664,1,0,0.008577486680893736,-5.070760726928711,-0.3207608759403229,attack,No
665,1,0,0.1192029188930649,-2.2951254844665527,-0.29512545466423035,attack,No
666,1,0,0.0015011822567369915,-7.024389743804932,-0.5243897438049316,attack,No
667,1,1,0.8807970795424088,-0.22588370740413666,-2.225883722305298,attack,Yes
668,1,1,0.7772998560157665,-0.4598664343357086,-1.7098664045333862,attack,Yes
669,1,0,0.1329642264548166,-2.2070069313049316,-0.3320068120956421,attack,No
670,1,1,0.7057850278370112,-0.5829503536224365,-1.4579503536224365,attack,Yes
671,1,0,0.46879062662624377,-0.8562461137771606,-0.7312461137771606,attack,No
672,1,0,0.00013982204023259414,-9.055257797241211,-0.18025754392147064,attack,No
673,1,0,0.06008665017400762,-3.005800724029541,-0.255800724029541,attack,No
674,1,0,0.0035936027948457686,-5.880247592926025,-0.25524765253067017,attack,No
675,1,0,0.0046095728630878175,-5.631053447723389,-0.2560535967350006,attack,No
676,1,1,0.9525741214369554,-0.14258825778961182,-3.1425881385803223,attack,Yes
677,1,0,0.00970847848715727,-4.79463005065918,-0.1696302592754364,attack,No
678,1,0,0.26894141551050293,-1.3703662157058716,-0.3703661859035492,attack,No
679,1,1,0.7057850278370112,-0.5203485488891602,-1.3953485488891602,attack,Yes
680,1,0,0.0035936021545687705,-5.976665019989014,-0.3516649007797241,attack,No
681,1,0,0.00048785732623285867,-8.318544387817383,-0.6935448050498962,attack,no
682,1,0,0.24508501313237172,-1.6783310174942017,-0.5533310174942017,attack,No
683,1,0,0.18242551936144574,-1.8606432676315308,-0.3606432378292084,attack,No
684,1,0,0.007577241716077422,-5.133775234222412,-0.2587752938270569,attack,No
685,1,0,0.00218271696460951,-6.328749656677246,-0.2037498950958252,attack,No
686,1,0,0.22270014914315833,-1.7003226280212402,-0.450322687625885,attack,No
687,1,0,0.4378234991142019,-1.1997214555740356,-0.9497214555740356,attack,No
688,1,0,0.0059110695567328965,-5.478957653045654,-0.35395777225494385,attack,No
689,1,0,0.003593603275053591,-5.788614749908447,-0.16361494362354279,attack,No
690,1,0,0.0850990357257195,-2.9240612983703613,-0.5490611791610718,attack,No
691,1,0,0.05340332829327471,-3.1761553287506104,-0.30115529894828796,attack,No
692,1,1,0.9149009468718409,-0.22763024270534515,-2.602630138397217,attack,Yes
693,1,1,0.5926665999540697,-0.7116074562072754,-1.0866074562072754,attack,Yes
694,1,0,0.012431651219072064,-4.66697359085083,-0.29197362065315247,attack,No
695,1,0,0.03732689162774753,-3.5092639923095703,-0.25926411151885986,attack,No
696,1,1,0.6513548646660542,-0.6722668409347534,-1.2972668409347534,attack,Yes
697,1,0,0.0052201259256980485,-5.456733226776123,-0.20673327147960663,attack,No
698,1,0,0.060086646807761206,-3.0840399265289307,-0.3340398669242859,attack,No
699,1,0,0.00023050667391677975,-8.50241470336914,-0.1274144947528839,attack,No
700,1,0,0.017986206277364275,-4.241620063781738,-0.24161985516548157,attack,No
701,1,1,0.9796676450248561,-0.11286600679159164,-3.987865924835205,attack,Yes
702,1,1,0.6513548646660542,-0.5795990228652954,-1.2045990228652954,attack,Yes
703,1,1,0.7310585786300049,-0.4736274480819702,-1.4736274480819702,attack,Yes
704,1,0,0.4073334000459302,-1.126603603363037,-0.7516036033630371,attack,No
705,1,0,0.0008040860074623171,-7.439058303833008,-0.314058393239975,attack,No
706,1,1,0.9399133481428692,-0.14931538701057434,-2.899315357208252,attack,Yes
707,1,0,0.015906393111335862,-4.391119956970215,-0.266120046377182,attack,No
708,1,0,0.037326888415033926,-3.5097310543060303,-0.25973108410835266,attack,No
709,1,1,0.5312093733737563,-0.8724901676177979,-0.9974901676177979,attack,Yes
710,1,0,0.0007096705259094992,-7.679538726806641,-0.42953890562057495,attack,No
711,1,0,0.10669060530721626,-2.4068045616149902,-0.2818046808242798,attack,No
712,1,0,0.03308597981882656,-3.5073530673980713,-0.13235311210155487,attack,No
713,1,0,0.22270013882530884,-1.812482476234436,-0.562482476234436,attack,No
714,1,1,0.8807970779778823,-0.29293107986450195,-2.292931079864502,attack,Yes
715,1,0,0.4378234991142019,-0.9314480423927307,-0.6814480423927307,attack,No
716,1,0,0.13296424019782924,-2.1680679321289062,-0.29306793212890625,attack,No
717,1,1,0.8354835289107309,-0.2742210030555725,-1.8992209434509277,attack,Yes
718,1,0,0.06008665354025422,-3.0565831661224365,-0.3065832257270813,attack,No
719,1,1,0.7981867825403176,-0.36042675375938416,-1.7354267835617065,attack,Yes
720,1,0,0.24508500210441886,-1.7107055187225342,-0.5857054591178894,attack,No
721,1,0,0.0003353502303751044,-8.201826095581055,-0.20182639360427856,attack,No
722,1,0,0.010986941982915435,-4.822786808013916,-0.32278674840927124,attack,No
723,1,0,0.01406362497707424,-4.575716018676758,-0.3257158696651459,attack,No
724,1,0,0.008577485160275657,-5.1437482833862305,-0.3937482535839081,attack,No
725,1,1,0.9740426448743534,-0.09854356199502945,-3.723543643951416,attack,Yes
726,1,0,0.1645164506075047,-2.1210834980010986,-0.49608340859413147,attack,No
727,1,0,0.03732689055684297,-3.464773416519165,-0.2147735059261322,attack,No
728,1,0,0.10669060104662924,-2.3726396560668945,-0.2476397305727005,attack,No
729,1,0,0.000626334204745725,-7.536044597625732,-0.1610446721315384,attack,No
730,1,0,0.0021827162506210893,-6.440200328826904,-0.31520023941993713,attack,No
731,1,0,0.03308597886541159,-3.5860073566436768,-0.21100737154483795,attack,No
732,1,0,0.24508501313237172,-1.5992321968078613,-0.47423219680786133,attack,No
733,1,0,0.009708474189265195,-4.813974380493164,-0.18897414207458496,attack,No
734,1,0,0.025957352676742106,-4.219791889190674,-0.5947917103767395,attack,No
735,1,0,0.053403329799824234,-3.1752169132232666,-0.3002169132232666,attack,No
736,1,0,0.2942149597859341,-1.4115290641784668,-0.536529004573822,attack,No
737,1,0,0.46879062662624377,-1.016982913017273,-0.891982913017273,attack,No
738,1,0,0.00043055699154209085,-8.063761711120605,-0.31376150250434875,attack,No
739,1,0,0.000552778760410968,-7.660817623138428,-0.16081784665584564,attack,No
740,1,0,0.22270014914315833,-1.656904697418213,-0.40690475702285767,attack,No
741,1,1,0.6791786861878392,-0.5170579552650452,-1.2670578956604004,attack,Yes
742,1,1,0.8354835391516132,-0.2484332174062729,-1.873433232307434,attack,Yes
743,1,0,8.481103666887762e-05,-9.688575744628906,-0.3135756850242615,attack,No
744,1,0,0.01798620890931226,-4.217661380767822,-0.2176613211631775,attack,No
745,1,0,0.20181322226037882,-1.88272225856781,-0.5077222585678101,attack,No
746,1,1,0.9149009596336303,-0.18498891592025757,-2.5599889755249023,attack,Yes
747,1,0,0.5,-0.8600885272026062,-0.8600885272026062,attack,No
748,1,0,0.14804718675485834,-2.1387789249420166,-0.38877883553504944,attack,No
749,1,0,0.029312230327373224,-3.641552209854126,-0.14155219495296478,attack,No
750,1,0,0.0015011823460801075,-6.814698696136475,-0.3146987557411194,attack,No
751,1,1,0.9046505402422645,-0.22031563520431519,-2.47031569480896,attack,Yes
752,1,0,0.000552778702783526,-7.781836032867432,-0.2818361520767212,attack,No
753,1,0,0.09534946232842245,-2.519608974456787,-0.2696089446544647,attack,No
754,1,0,0.0019267343194643127,-6.503939628601074,-0.2539394497871399,attack,No
755,1,0,0.24508500210441886,-1.70601487159729,-0.5810148119926453,attack,No
756,1,0,0.16451644651115205,-2.193856716156006,-0.5688565969467163,attack,No
757,1,0,0.01590639054554718,-4.171382904052734,-0.046382829546928406,attack,No
758,1,0,0.0600866518571309,-2.9488892555236816,-0.19888928532600403,attack,No
759,1,0,0.0007096704202354052,-7.5026936531066895,-0.25269368290901184,attack,No
760,1,1,0.8807970795424088,-0.22588370740413666,-2.225883722305298,attack,Yes
761,1,0,0.0015011824577590097,-6.661887168884277,-0.1618873029947281,attack,No
762,1,1,0.6513548782017746,-0.5674077868461609,-1.1924078464508057,attack,Yes
763,1,1,0.8354835371034369,-0.3135247230529785,-1.9385247230529785,attack,Yes
764,1,0,0.05340333205964859,-3.1249494552612305,-0.24994949996471405,attack,No
765,1,0,0.005220125693558397,-5.777205944061279,-0.5272059440612793,attack,No
766,1,0,0.07585818002124356,-2.7168033123016357,-0.21680331230163574,attack,No
767,1,0,0.06008664512463808,-3.0558927059173584,-0.30589261651039124,attack,No
768,1,0,0.20181323186177208,-1.8780038356781006,-0.5030038952827454,attack,No
769,1,0,0.5,-0.9462743997573853,-0.9462743997573853,attack,No
770,1,0,0.4378234991142019,-1.137592077255249,-0.887592077255249,attack,No
771,1,1,0.8933094074745443,-0.21553324162960052,-2.3405332565307617,attack,Yes
772,1,0,0.02297736857193652,-3.914557695388794,-0.16455763578414917,attack,No
773,1,0,0.0009110511401472368,-7.429551601409912,-0.42955154180526733,attack,No
774,1,1,0.9399133464597458,-0.18433886766433716,-2.9343388080596924,attack,Yes
775,1,0,0.0009110512215273508,-7.252962589263916,-0.2529626190662384,attack,No
776,1,1,0.9964063970851023,-0.05245504155755043,-5.677454948425293,attack,Yes
777,1,0,0.008577485413711986,-5.144205570220947,-0.39420557022094727,attack,No
778,1,0,0.20181322226037882,-1.8803050518035889,-0.5053050518035889,attack,No
779,1,0,0.32082130082460697,-1.4248988628387451,-0.6748988628387451,attack,No
780,1,0,0.0011695103694955987,-6.87977933883667,-0.12977942824363708,attack,No
781,1,0,0.37754066879814546,-1.499282717704773,-0.999282717704773,attack,No
782,1,0,0.017986206145766886,-4.081865310668945,-0.081865094602108,attack,No
783,1,0,0.0035936020478559492,-5.880172252655029,-0.25517210364341736,attack,No
784,1,0,0.0004878570791857214,-7.93906831741333,-0.3140682280063629,attack,No
785,1,0,0.009708475908421797,-4.8856520652771,-0.26065200567245483,attack,No
786,1,1,0.754914997895581,-0.47935742139816284,-1.6043574810028076,attack,Yes
787,1,0,0.04742587856304458,-3.322239875793457,-0.3222399950027466,attack,No
788,1,0,0.0017007225126338423,-6.76358699798584,-0.3885870575904846,attack,No
789,1,0,0.01590639544387138,-4.451448440551758,-0.3264486789703369,attack,No
790,1,0,0.00037998443551104746,-8.077033996582031,-0.20203378796577454,attack,No
791,1,0,0.2689414213699951,-1.5494662523269653,-0.5494662523269653,attack,No
792,1,0,0.007577239923211134,-5.1336212158203125,-0.2586210370063782,attack,No
793,1,1,0.754914997895581,-0.47935742139816284,-1.6043574810028076,attack,Yes
794,1,0,0.0031726824654718946,-6.066330432891846,-0.31633031368255615,attack,No
795,1,1,0.9579122705824801,-0.10168961435556412,-3.226689577102661,attack,Yes
796,1,0,0.0004878571518466312,-7.939051628112793,-0.31405168771743774,attack,No
797,1,1,0.6513548782017746,-0.7880443930625916,-1.4130444526672363,attack,Yes
798,1,1,0.7310585786300049,-0.5874407291412354,-1.5874407291412354,attack,Yes
799,1,0,0.006692849735519792,-5.258032321929932,-0.2580321431159973,attack,No
800,1,0,0.20181322226037882,-1.849706768989563,-0.474706768989563,attack,No
801,1,0,0.0019267345487064141,-6.638405799865723,-0.3884057402610779,attack,No
802,1,0,0.008577484653403024,-5.038707256317139,-0.2887071669101715,attack,No
803,1,1,0.5621765155565327,-0.7924553751945496,-1.0424554347991943,attack,Yes
804,1,0,0.008577484906839334,-5.230088233947754,-0.48008817434310913,attack,No
805,1,0,0.0005527787357134919,-7.8876166343688965,-0.3876168131828308,attack,No
806,1,0,0.34864513533394575,-1.375056266784668,-0.750056266784668,attack,No
807,1,0,0.006692852509305267,-5.257998466491699,-0.2579987049102783,attack,No
808,1,1,0.6224593312018546,-0.7923097610473633,-1.2923097610473633,attack,Yes
809,1,0,0.14804720930852133,-2.231452703475952,-0.4814527928829193,attack,No
810,1,0,0.4378234991142019,-0.8931564092636108,-0.6431564092636108,attack,No
811,1,0,0.0002959569988843134,-8.32688045501709,-0.2018800675868988,attack,No
812,1,0,0.08509904036636974,-2.6829328536987305,-0.3079327940940857,attack,No
813,1,0,0.060086656906500974,-3.114867687225342,-0.36486780643463135,attack,No
814,1,0,0.007577241267860811,-5.02522611618042,-0.15022611618041992,attack,No
815,1,0,0.4073334000459302,-1.1652933359146118,-0.7902933359146118,attack,No
816,1,0,0.0011695104478256675,-6.840649604797363,-0.09064976125955582,attack,No
817,1,0,0.006692852509305267,-5.231680870056152,-0.23168110847473145,attack,No
818,1,0,0.0046095728630878175,-5.6315507888793945,-0.25655093789100647,attack,No
819,1,0,0.01798621101487092,-4.268144130706787,-0.2681441903114319,attack,No
820,1,1,0.9975273765125805,-0.10293687880039215,-6.102936744689941,attack,Yes
821,1,0,0.03308597505175204,-3.548727035522461,-0.17372693121433258,attack,No
822,1,0,0.0019267343767748358,-6.638561725616455,-0.38856157660484314,attack,No
823,1,0,0.07585818419975078,-3.190659523010254,-0.6906595826148987,attack,No
824,1,0,0.16451646699291617,-1.949276328086853,-0.3242763578891754,attack,No
825,1,0,0.0009110510587671301,-7.25319766998291,-0.2531975209712982,attack,No
826,1,0,0.0035936027948457686,-6.014809608459473,-0.38980966806411743,attack,No
827,1,0,0.13296424019782924,-2.3074727058410645,-0.43247270584106445,attack,No
828,1,0,0.24508501313237172,-1.8565480709075928,-0.7315480709075928,attack,No
829,1,0,0.00669285052802981,-5.257808208465576,-0.2578081488609314,attack,No
830,1,1,0.798186768138228,-0.4293890595436096,-1.8043889999389648,attack,Yes
831,1,0,0.00669285072615733,-5.2584075927734375,-0.2584075629711151,attack,No
832,1,0,0.0474258704848281,-3.172323226928711,-0.17232316732406616,attack,No
833,1,0,0.0028009275498032983,-6.1909050941467285,-0.31590530276298523,attack,No
834,1,0,0.005911069731855184,-5.257501125335693,-0.1325012743473053,attack,No
835,1,0,0.0024726234139117557,-6.130043029785156,-0.1300431340932846,attack,No
836,1,1,0.6513548646660542,-0.6003401279449463,-1.2253401279449463,attack,Yes
837,1,0,0.002182716137032044,-6.228233814239502,-0.10323367267847061,attack,No
838,1,0,0.00043055714545500067,-8.13737678527832,-0.38737693428993225,attack,No
839,1,0,0.1480471980316895,-2.094932794570923,-0.34493279457092285,attack,No
840,1,0,0.03732688627322502,-3.534137487411499,-0.28413745760917664,attack,No
841,1,0,0.0002305066670487291,-8.951227188110352,-0.5762269496917725,attack,No
842,1,0,0.01798621154126062,-4.29672908782959,-0.296729177236557,attack,No
843,1,0,0.03308597791199666,-3.6063430309295654,-0.23134301602840424,attack,No
844,1,0,0.0035936024213508388,-5.72900915145874,-0.10400910675525665,attack,No
845,1,0,0.009708477341052534,-4.98125696182251,-0.35625705122947693,attack,No
846,1,0,0.0004305571839332368,-8.063858032226562,-0.3138582706451416,attack,No
847,1,0,0.22270014398423357,-1.744895577430725,-0.4948956072330475,attack,No
848,1,0,0.06008665017400762,-2.9860544204711914,-0.2360544204711914,attack,No
849,1,0,0.0015011824800947912,-6.888323783874512,-0.38832393288612366,attack,No
850,1,0,8.481107710651112e-05,-9.849226951599121,-0.4742273688316345,attack,No
851,1,0,0.006692850230838542,-5.207577228546143,-0.20757712423801422,attack,No
852,1,1,0.9991959141840925,-0.016945689916610718,-7.141945838928223,attack,Yes
853,1,0,0.2689414213699951,-1.65880286693573,-0.65880286693573,attack,No
854,1,0,0.13296424019782924,-2.252565622329712,-0.3775656223297119,attack,No
855,1,1,0.9902915229812893,-0.05376916751265526,-4.678769111633301,attack,Yes
856,1,0,0.0011695102302421558,-7.225071430206299,-0.47507140040397644,attack,No
857,1,0,0.4378234844434674,-1.115645408630371,-0.8656453490257263,attack,No
858,1,0,0.0011695101432087622,-6.878614902496338,-0.12861479818820953,attack,No
859,1,0,0.29421497216298875,-1.4096513986587524,-0.5346513986587524,attack,No
860,1,0,0.008577484399966718,-5.00943660736084,-0.2594364881515503,attack,No
861,1,0,0.08509904964767095,-2.6158156394958496,-0.24081569910049438,attack,No
862,1,1,0.89330940889474,-0.2859496772289276,-2.41094970703125,attack,Yes
863,1,0,0.010986944735546109,-4.690135955810547,-0.1901361495256424,attack,No
864,1,0,0.0003799846279530604,-8.127450942993164,-0.25245124101638794,attack,No
865,1,1,0.9669140204195272,-0.07888225466012955,-3.4538822174072266,attack,Yes
866,1,1,0.8807970826714613,-0.19965620338916779,-2.1996562480926514,attack,Yes
867,1,0,0.03308597648187432,-3.6560497283935547,-0.2810496687889099,attack,No
868,1,0,0.5,-0.9936168193817139,-0.9936168193817139,attack,No
869,1,0,0.0011695100735820523,-6.931490421295166,-0.18149025738239288,attack,No
870,1,0,0.037326887344129464,-3.666760206222534,-0.4167602062225342,attack,No
871,1,1,0.8519527869325346,-0.35250580310821533,-2.102505683898926,attack,Yes
872,1,0,0.0011695102302421558,-6.878782749176025,-0.128782719373703,attack,No
873,1,0,0.0015011820557150003,-6.70317268371582,-0.20317254960536957,attack,No
874,1,0,0.0006263342234002478,-7.536138534545898,-0.1611386388540268,attack,No
875,1,1,0.8933094032139576,-0.35741761326789856,-2.482417583465576,attack,Yes
876,1,0,0.46879061178313897,-1.0033454895019531,-0.8783454298973083,attack,No
877,1,0,0.0013250225749588576,-6.697506427764893,-0.07250654697418213,attack,No
878,1,0,0.0373268852023206,-3.707758903503418,-0.4577588438987732,attack,No
879,1,0,0.40733341443526055,-1.2086362838745117,-0.8336363434791565,attack,No
880,1,0,0.07585817584273653,-2.7722108364105225,-0.2722107768058777,attack,No
881,1,0,0.0028009274665629583,-6.02158260345459,-0.14658278226852417,attack,No
882,1,1,0.679178699175393,-0.6293737888336182,-1.3793737888336182,attack,Yes
883,1,0,0.34864513533394575,-1.2191880941390991,-0.5941880941390991,attack,No
884,1,0,0.002472622936111669,-6.315584182739258,-0.31558409333229065,attack,No
885,1,1,0.8354835207180245,-0.3980356454849243,-2.0230355262756348,attack,Yes
886,1,0,0.05340332377362639,-3.1483139991760254,-0.27331387996673584,attack,No
887,1,0,0.006692851518667466,-5.133716583251953,-0.1337166726589203,attack,No
888,1,1,0.9324533051062237,-0.19614654779434204,-2.8211464881896973,attack,Yes
889,1,1,0.7981867777396212,-0.3943217992782593,-1.7693217992782593,attack,Yes
890,1,0,0.37754066879814546,-1.1983596086502075,-0.6983596086502075,attack,No
891,1,1,0.7549149813536518,-0.43393388390541077,-1.5589338541030884,attack,Yes
892,1,0,0.012431651584958318,-4.771725177764893,-0.39672523736953735,attack,No
893,1,1,0.5926665855647394,-0.7836847901344299,-1.1586847305297852,attack,Yes
894,1,0,0.08509904268669496,-2.6358728408813477,-0.26087281107902527,attack,No
895,1,0,0.03308597743528921,-3.6295783519744873,-0.2545783221721649,attack,No
896,1,0,0.004070138199119559,-5.593105316162109,-0.09310543537139893,attack,No
897,1,0,0.0013250222594674832,-6.786620616912842,-0.16162049770355225,attack,No
898,1,0,0.06754668738548215,-2.9405477046966553,-0.3155476450920105,attack,No
899,1,0,0.009708476481474066,-4.85949182510376,-0.23449182510375977,attack,No
900,1,1,0.754914975839675,-0.41448909044265747,-1.5394890308380127,attack,Yes
901,1,0,0.2689414213699951,-1.528004765510559,-0.5280047655105591,attack,No
902,1,0,0.004070136870255261,-5.75541353225708,-0.25541332364082336,attack,No
903,1,1,0.9959298630693418,-0.08364181220531464,-5.58364200592041,attack,Yes
904,1,0,0.004609572316116922,-5.660655498504639,-0.28565552830696106,attack,No
905,1,0,0.042087725512577126,-3.637180805206299,-0.512180745601654,attack,no
906,1,1,0.9933071500415868,-0.0370086170732975,-5.037008762359619,attack,Yes
907,1,0,0.00015843614356623705,-8.877155303955078,-0.12715482711791992,attack,No
908,1,1,0.8354835289107309,-0.2743857502937317,-1.899385690689087,attack,Yes
909,1,1,0.754914997895581,-0.42500418424606323,-1.550004243850708,attack,Yes
910,1,1,0.5621765008857981,-0.7189398407936096,-0.9689398407936096,attack,Yes
911,1,1,0.7772998560157665,-0.3738401234149933,-1.623840093612671,attack,Yes
912,1,0,0.0015011819887076757,-6.753743648529053,-0.2537434697151184,attack,No
913,1,0,0.11920292828022305,-2.4191761016845703,-0.4191761612892151,attack,No
914,1,0,0.0373268852023206,-3.6294920444488525,-0.37949198484420776,attack,No
915,1,0,0.004609571632403393,-5.559521198272705,-0.18452107906341553,attack,No
916,1,0,0.002800927216841955,-6.352044105529785,-0.4770441949367523,attack,No
917,1,0,0.05340333582602272,-3.238414764404297,-0.3634148836135864,attack,No
918,1,1,0.8519528057272543,-0.38274118304252625,-2.1327412128448486,attack,Yes
919,1,0,0.18242553269617778,-2.0172605514526367,-0.5172606110572815,attack,No
920,1,1,0.5926665999540697,-0.6802414655685425,-1.0552414655685425,attack,Yes
921,1,0,0.0019267350645012428,-6.565110683441162,-0.3151108920574188,attack,No
922,1,1,0.7549149923816048,-0.42578384280204773,-1.5507838726043701,attack,Yes
923,1,0,0.4378234991142019,-1.2010570764541626,-0.9510570764541626,attack,No
924,1,0,0.03732688359596404,-3.375781536102295,-0.12578143179416656,attack,No
925,1,0,0.0009110513571608901,-7.314282417297363,-0.3142825961112976,attack,No
926,1,1,0.6224593171945417,-0.6315715909004211,-1.1315715312957764,attack,Yes
927,1,0,0.0035936024747072553,-5.9099931716918945,-0.28499314188957214,attack,No
928,1,1,0.9149009526726544,-0.1559334099292755,-2.530933380126953,attack,Yes
929,1,0,0.09534946875514017,-2.457990884780884,-0.20799092948436737,attack,No
930,1,0,0.0005527787521784759,-7.752718925476074,-0.25271913409233093,attack,No
931,1,0,0.004070136749449438,-5.890336036682129,-0.3903357982635498,attack,No
932,1,0,0.18242551936144574,-1.9269849061965942,-0.42698487639427185,attack,No
933,1,0,0.4073334000459302,-1.201103925704956,-0.826103925704956,attack,No
934,1,1,0.7057850402140659,-0.5870780348777771,-1.4620780944824219,attack,Yes
935,1,0,0.0015011823460801075,-6.81472635269165,-0.31472641229629517,attack,No
936,1,1,0.8933093989533708,-0.22555287182331085,-2.350552797317505,attack,Yes
937,1,0,0.0005527787439459839,-7.6609086990356445,-0.16090889275074005,attack,No
938,1,0,0.0015011824130874477,-6.726988315582275,-0.22698841989040375,attack,No
939,1,0,0.0004305568889335148,-8.137322425842285,-0.38732197880744934,attack,No
940,1,0,0.002472623524173327,-6.389425754547119,-0.3894259035587311,attack,No
941,1,0,0.34864513533394575,-1.2084290981292725,-0.5834290981292725,attack,No
942,1,0,0.22270014914315833,-1.6236963272094727,-0.37369638681411743,attack,No
943,1,0,0.00026119030353162996,-8.637273788452148,-0.38727372884750366,attack,No
944,1,0,0.008577486300739193,-4.90109920501709,-0.1510993093252182,attack,No
945,1,1,0.9914225141427745,-0.07115321606397629,-4.821153163909912,attack,Yes
946,1,0,0.2689414330889798,-1.5569007396697998,-0.5569007992744446,attack,No
947,1,0,0.2689414096510108,-1.6787643432617188,-0.678764283657074,attack,No
948,1,0,0.46879062662624377,-1.1646074056625366,-1.0396074056625366,attack,No
949,1,1,0.8354835330070839,-0.28893569111824036,-1.913935661315918,attack,Yes
950,1,1,0.9046505351008906,-0.232574462890625,-2.482574462890625,attack,Yes
951,1,0,0.020332355123551627,-3.9737372398376465,-0.09873732924461365,attack,No
952,1,1,0.9796676457668948,-0.08598785102367401,-3.9609878063201904,attack,Yes
953,1,1,0.7981867825403176,-0.30911216139793396,-1.6841121912002563,attack,Yes
954,1,0,0.20181323186177208,-1.9677860736846924,-0.5927861332893372,attack,No
955,1,0,0.014063626630011202,-4.649961471557617,-0.3999614417552948,attack,No
956,1,0,0.060086648490884395,-3.185482978820801,-0.4354829490184784,attack,No
957,1,0,0.007577239699102878,-5.2297587394714355,-0.35475853085517883,attack,No
958,1,0,0.16451645880021026,-2.089435577392578,-0.46443554759025574,attack,No
959,1,0,0.22270013882530884,-1.8616089820861816,-0.6116089820861816,attack,No
960,1,0,0.0011695101432087622,-6.976790904998779,-0.22679080069065094,attack,No
961,1,1,0.7310585786300049,-0.4603196382522583,-1.4603196382522583,attack,Yes
962,1,0,0.0031726830309918535,-5.954639911651611,-0.2046399712562561,attack,No
963,1,0,0.00192673483525908,-6.37900447845459,-0.129004567861557,attack,No
964,1,0,0.006692852509305267,-5.257896423339844,-0.25789666175842285,attack,No
965,1,1,0.9465966732132748,-0.26518338918685913,-3.140183448791504,attack,Yes
966,1,1,0.9046505299595163,-0.2657378315925598,-2.515737771987915,attack,Yes
967,1,1,0.5621765008857981,-0.6721431612968445,-0.9221431612968445,attack,Yes
968,1,0,5.144223520447346e-05,-10.18834114074707,-0.31334155797958374,attack,No
969,1,0,0.009708477914104884,-4.859275817871094,-0.2342759668827057,attack,No
970,1,0,0.14804720930852133,-2.119713306427002,-0.3697133958339691,attack,No
971,1,1,0.893309401793762,-0.19650821387767792,-2.3215081691741943,attack,Yes
972,1,0,0.4378234991142019,-0.8732357621192932,-0.6232357621192932,attack,No
973,1,0,0.002472623119880922,-6.162640571594238,-0.1626405566930771,attack,No
974,1,0,0.00522012577093828,-5.434983253479004,-0.1849832683801651,attack,No
975,1,1,0.7310585669110203,-0.4854586720466614,-1.4854586124420166,attack,Yes
976,1,0,0.0031726830309918535,-5.978816986083984,-0.22881704568862915,attack,No
977,1,0,0.009708476194947928,-4.859461307525635,-0.23446127772331238,attack,No
978,1,0,0.042087725512577126,-3.4141128063201904,-0.28911274671554565,attack,No
979,1,0,0.11920292202211755,-2.4542858600616455,-0.4542858600616455,attack,No
980,1,0,0.00857748566714832,-5.009637832641602,-0.25963786244392395,attack,No
981,1,0,0.0005527785957611495,-7.661027908325195,-0.16102783381938934,attack,No
982,1,0,0.0007096703356961413,-7.5640692710876465,-0.3140691816806793,attack,No
983,1,0,0.24508500210441886,-1.6252155303955078,-0.500215470790863,attack,No
984,1,0,0.10669059678604234,-2.5677173137664795,-0.4427173435688019,attack,No
985,1,0,0.009708477627578704,-5.0193352699279785,-0.39433538913726807,attack,No
986,1,0,0.29421497216298875,-1.3960288763046265,-0.5210288763046265,attack,No
987,1,1,0.977022630759019,-0.20991799235343933,-3.9599180221557617,attack,Yes
988,1,0,0.002472622936111669,-6.315516948699951,-0.315516859292984,attack,No
989,1,0,0.0850990357257195,-2.618957042694092,-0.24395692348480225,attack,No
990,1,0,0.00192673483525908,-6.600332736968994,-0.3503328263759613,attack,No
991,1,0,0.0005527786286911093,-7.702111721038818,-0.20211170613765717,attack,No
992,1,0,0.46879062662624377,-0.9232216477394104,-0.7982216477394104,attack,No
993,1,0,0.1329642436335826,-2.2058494091033936,-0.33084943890571594,attack,No
994,1,0,0.0008040859476014153,-7.327661037445068,-0.20266105234622955,attack,No
995,1,0,0.0028009268422604905,-6.038125991821289,-0.16312594711780548,attack,No
996,1,0,0.0013250226341134984,-6.753268241882324,-0.12826840579509735,attack,No
997,1,0,0.007577240595535943,-5.107390880584717,-0.23239079117774963,attack,No
998,1,0,0.0015011822344012133,-6.662095546722412,-0.16209553182125092,attack,No
999,1,0,0.0024726227523424295,-6.227893352508545,-0.2278931885957718,attack,No
1000,1,1,0.7772998611746911,-0.522845983505249,-1.772845983505249,attack,Yes
1001,1,1,0.7772998611746911,-0.4805471897125244,-1.7305471897125244,attack,Yes
1002,1,0,0.014063627043245474,-4.543318748474121,-0.2933187484741211,attack,No
1003,1,0,0.0008040858757683391,-7.305877208709717,-0.18087713420391083,attack,No
1004,1,1,0.8670357649558007,-0.24571247398853302,-2.1207125186920166,attack,Yes
1005,1,0,0.4073334000459302,-1.1369308233261108,-0.7619308233261108,attack,No
1006,1,0,0.20181323186177208,-1.7462782859802246,-0.3712783455848694,attack,No
1007,1,0,0.00020342704473021137,-8.752263069152832,-0.2522633969783783,attack,No
1008,1,1,0.8519528019683106,-0.3033943176269531,-2.053394317626953,attack,Yes
1009,1,1,0.9840936110872273,-0.09694701433181763,-4.221947193145752,attack,Yes
1010,1,0,0.01590639031229368,-4.390533924102783,-0.26553383469581604,attack,No
1011,1,0,0.004609571905888793,-5.605499267578125,-0.23049920797348022,attack,No
1012,1,1,0.9324533013520764,-0.13818514347076416,-2.7631850242614746,attack,Yes
1013,1,0,0.11920292202211755,-2.3887364864349365,-0.3887364864349365,attack,No
1014,1,0,0.015906390079040187,-4.31980562210083,-0.19480551779270172,attack,No
1015,1,1,0.8519528057272543,-0.19681736826896667,-1.946817398071289,attack,Yes
1016,1,0,0.2689414213699951,-1.470773458480835,-0.47077345848083496,attack,No
1017,1,1,0.6224593312018546,-0.7711838483810425,-1.2711838483810425,attack,Yes
1018,1,0,0.002800926415653884,-5.933269500732422,-0.058269303292036057,attack,No
1019,1,1,0.679178699175393,-0.7737321853637695,-1.5237321853637695,attack,Yes
1020,1,0,0.017986209435701905,-4.196667194366455,-0.1966671645641327,attack,No
1021,1,1,0.9740426435557125,-0.09843012690544128,-3.7234301567077637,attack,Yes
1022,1,1,0.8807970795424088,-0.22284482419490814,-2.2228448390960693,attack,Yes
1023,1,0,0.009708475335369565,-4.794439792633057,-0.1694396734237671,attack,No
1024,1,0,0.07585818002124356,-2.88065242767334,-0.38065242767333984,attack,No
1025,1,1,0.7981867777396212,-0.36984360218048096,-1.744843602180481,attack,Yes
1026,1,1,0.9046505286741726,-0.1801484376192093,-2.4301483631134033,attack,Yes
1027,1,0,0.014063628282948357,-4.575667858123779,-0.32566794753074646,attack,No
1028,1,0,0.29421497216298875,-1.441593050956726,-0.5665930509567261,attack,No
1029,1,0,0.03308598029553404,-3.7160112857818604,-0.3410113453865051,attack,No
1030,1,0,0.08509904268669496,-2.60009765625,-0.2250976264476776,attack,No
1031,1,0,0.0009110510045137297,-7.3877387046813965,-0.38773849606513977,attack,No
1032,1,0,0.0007096702722916998,-7.826569080352783,-0.5765689015388489,attack,No
1033,1,0,0.020332357498075698,-4.205615520477295,-0.33061572909355164,attack,No
1034,1,0,0.0066928512710080395,-5.077265739440918,-0.07726579159498215,attack,No
1035,1,0,0.03308598220236406,-3.585207939147949,-0.21020805835723877,attack,No
1036,1,0,0.03308598077224154,-3.6074588298797607,-0.2324589043855667,attack,No
1037,1,1,0.9971990734802957,-0.05802376940846443,-5.933023929595947,attack,Yes
1038,1,1,0.5926665999540697,-0.7403844594955444,-1.1153844594955444,attack,Yes
1039,1,1,0.9626731118526922,-0.10430385917425156,-3.3543038368225098,attack,Yes
1040,1,0,0.00150118227907277,-6.628531455993652,-0.12853147089481354,attack,No
1041,1,0,0.0021827160558970152,-6.182347774505615,-0.05734759569168091,attack,No
1042,1,0,0.04208772371029592,-3.3655364513397217,-0.24053634703159332,attack,No
1043,1,1,0.9399133464597458,-0.19789773225784302,-2.9478976726531982,attack,Yes
1044,1,0,0.1066905911052601,-2.4098308086395264,-0.284830778837204,attack,No
1045,1,0,0.0005527786863185436,-7.887481212615967,-0.38748130202293396,attack,No
1046,1,0,0.000295957122330676,-8.438667297363281,-0.31366732716560364,attack,No
1047,1,0,0.0011695100909887293,-7.0644378662109375,-0.31443771719932556,attack,No
1048,1,1,0.8519528019683106,-0.2454390525817871,-1.995439052581787,attack,Yes
1049,1,0,0.0024726227890962764,-6.350897312164307,-0.3508971631526947,attack,No
1050,1,1,0.7772998663336157,-0.39396950602531433,-1.6439695358276367,attack,Yes
1051,1,0,0.0024726225685732036,-6.28359317779541,-0.28359293937683105,attack,No
1052,1,0,0.0005527786204586191,-7.88746976852417,-0.38746973872184753,attack,No
1053,1,0,0.002800927133601626,-6.570080280303955,-0.6950803399085999,attack,no
1054,1,1,0.9796676468057489,-0.09201144427061081,-3.9670114517211914,attack,Yes
1055,1,0,0.0015011824800947912,-6.662139892578125,-0.16214004158973694,attack,No
1056,1,0,0.0009110510045137297,-7.387779712677002,-0.38777950406074524,attack,No
1057,1,0,0.3208212878370535,-1.3482029438018799,-0.5982028841972351,attack,No
1058,1,0,0.00317268293673852,-6.033910751342773,-0.2839107811450958,attack,No
1059,1,0,0.0024726225685732036,-6.254271507263184,-0.2542712688446045,attack,No
1060,1,0,0.3486451488696663,-1.3447389602661133,-0.7197390198707581,attack,No
1061,1,0,0.008577486427457372,-4.959827423095703,-0.20982754230499268,attack,No
1062,1,0,0.00669285191492257,-5.208025932312012,-0.20802608132362366,attack,No
1063,1,0,0.09534947261117097,-2.5878236293792725,-0.3378237187862396,attack,No
1064,1,1,0.9241418189341297,-0.21456171572208405,-2.714561700820923,attack,Yes
1065,1,0,0.02595736021183377,-4.167932987213135,-0.5429331064224243,attack,No
1066,1,0,0.08509904500702024,-2.9147825241088867,-0.5397825241088867,attack,No
1067,1,0,0.014063629935885703,-4.578524589538574,-0.32852479815483093,attack,no
1068,1,0,0.022977369240981062,-3.9971725940704346,-0.24717256426811218,attack,No
1069,1,0,0.05340333130637379,-3.1501946449279785,-0.2751946747303009,attack,No
1070,1,0,0.014063629109417006,-4.543027400970459,-0.2930275499820709,attack,No
1071,1,0,0.0007096702300220753,-7.502885818481445,-0.2528855800628662,attack,No
1072,1,0,0.010986940525640651,-4.711778163909912,-0.2117779701948166,attack,No
1073,1,0,0.0006263340648368211,-7.627639293670654,-0.25263914465904236,attack,No
1074,1,0,0.24508501313237172,-1.6491553783416748,-0.5241553783416748,attack,No
1075,1,0,0.000804086127184134,-7.2527875900268555,-0.12778782844543457,attack,No
1076,1,0,0.20181322226037882,-1.9797508716583252,-0.6047508716583252,attack,No
1077,1,0,0.18242551491653522,-1.9340596199035645,-0.4340595602989197,attack,No
1078,1,0,0.001926734577361679,-6.453318119049072,-0.20331807434558868,attack,No
1079,1,0,0.00407013711186692,-5.664124488830566,-0.16412433981895447,attack,No
1080,1,0,0.001700722360836013,-6.578139781951904,-0.2031397521495819,attack,No
1081,1,0,0.010986941011398892,-4.762514114379883,-0.2625139653682709,attack,No
1082,1,0,0.00037998435627024685,-8.127471923828125,-0.2524715065956116,attack,No
1083,1,0,0.047425871831197425,-3.293611526489258,-0.2936114966869354,attack,No
1084,1,0,0.37754066879814546,-1.2976688146591187,-0.7976688146591187,attack,No
1085,1,0,0.022977369240981062,-4.118276119232178,-0.36827608942985535,attack,No
1086,1,0,0.14804718675485834,-2.057464122772217,-0.30746403336524963,attack,No
1087,1,0,0.012431649206697853,-4.449913024902344,-0.074912890791893,attack,No
1088,1,1,0.8354835493924953,-0.41458454728126526,-2.0395846366882324,attack,Yes
1089,1,0,0.005911067542826956,-5.356269359588623,-0.23126913607120514,attack,No
1090,1,0,0.037326887344129464,-3.464327573776245,-0.21432757377624512,attack,No
1091,1,0,0.025957354937269386,-3.8994481563568115,-0.27444806694984436,attack,No
1092,1,0,0.2227001594610082,-2.0637049674987793,-0.8137050867080688,attack,No
1093,1,0,0.012431649755527152,-4.638269901275635,-0.2632698118686676,attack,No
1094,1,0,0.0015011822120654355,-6.662187099456787,-0.16218706965446472,attack,No
1095,1,0,0.0002034270386688464,-9.193714141845703,-0.693714439868927,attack,no
1096,1,0,0.009708476338210996,-4.835906028747559,-0.2109060138463974,attack,No
1097,1,0,0.0008040858039352692,-7.2692108154296875,-0.14421065151691437,attack,No
1098,1,0,0.004070138319925425,-5.81689977645874,-0.3168999254703522,attack,No
1099,1,0,0.010986944249787705,-4.637450695037842,-0.13745084404945374,attack,No
1100,1,0,0.11920292202211755,-2.3421738147735596,-0.34217381477355957,attack,No
1101,1,0,0.20181322226037882,-1.9787909984588623,-0.6037909984588623,attack,No
1102,1,1,0.6224593312018546,-0.6869337558746338,-1.1869337558746338,attack,Yes
1103,1,1,0.8354835452961425,-0.2855612635612488,-1.9105613231658936,attack,Yes
1104,1,0,0.00522012615783771,-5.5067596435546875,-0.25675973296165466,attack,No
1105,1,1,0.754914997895581,-0.38142699003219604,-1.5064270496368408,attack,Yes
1106,1,1,0.7310585903489892,-0.4368848204612732,-1.436884880065918,attack,Yes
1107,1,1,0.7310585786300049,-0.4764593839645386,-1.4764593839645386,attack,Yes
1108,1,0,0.16451644651115205,-2.126152515411377,-0.5011523962020874,attack,No
1109,1,0,0.0007096704942072693,-7.452497959136963,-0.20249809324741364,attack,No
1110,1,0,0.04208773212094217,-3.3435347080230713,-0.21853481233119965,attack,No
1111,1,1,0.8354835371034369,-0.2673879861831665,-1.8923879861831665,attack,Yes
1112,1,0,0.0009110514114143117,-7.252958297729492,-0.2529585361480713,attack,No
1113,1,1,0.9840936084048121,-0.09686564654111862,-4.221865653991699,attack,Yes
1114,1,0,0.0006263341581094201,-7.762574195861816,-0.3875741958618164,attack,No
1115,1,0,0.1645164506075047,-2.0911166667938232,-0.4661165773868561,attack,No
1116,1,0,0.40733341443526055,-1.115424633026123,-0.7404246926307678,attack,No
1117,1,1,0.7057850278370112,-0.5283011198043823,-1.4033011198043823,attack,Yes
1118,1,0,0.46879064146934857,-1.0057470798492432,-0.8807471394538879,attack,No
1119,1,0,0.5,-0.9093309640884399,-0.9093309640884399,attack,No
1120,1,0,0.0019267344913958867,-6.503844261169434,-0.25384417176246643,attack,No
1121,1,0,0.11920291263495983,-2.2980260848999023,-0.2980259954929352,attack,No
1122,1,0,0.24508501313237172,-1.650395393371582,-0.525395393371582,attack,No
1123,1,0,0.1824255415859996,-2.088113784790039,-0.5881139039993286,attack,No
1124,1,0,0.13296425394084313,-2.4120211601257324,-0.537021279335022,attack,No
1125,1,0,0.18242551936144574,-1.9550745487213135,-0.4550745189189911,attack,No
1126,1,1,0.8519528019683106,-0.20309674739837646,-1.9530967473983765,attack,Yes
1127,1,0,0.014063629109417006,-4.576652526855469,-0.3266526758670807,attack,No
1128,1,0,0.2689414330889798,-1.6776149272918701,-0.6776149868965149,attack,No
1129,1,0,0.01406362497707424,-4.464166641235352,-0.21416649222373962,attack,No
1130,1,1,0.5621765008857981,-0.7119829058647156,-0.9619829058647156,attack,Yes
1131,1,0,0.14804718675485834,-2.0771262645721436,-0.3271261751651764,attack,No
1132,1,0,0.0028009275914234687,-6.079185485839844,-0.20418570935726166,attack,No
1133,1,0,0.0005527786698535617,-7.752679824829102,-0.25267988443374634,attack,No
1134,1,0,0.2689414213699951,-1.6876581907272339,-0.6876581907272339,attack,No
1135,1,0,0.0031726826539785367,-6.101160049438477,-0.3511599898338318,attack,No
1136,1,0,0.0035936024213508388,-5.808274269104004,-0.18327422440052032,attack,No
1137,1,0,0.001700722436734926,-6.504019737243652,-0.12901975214481354,attack,No
1138,1,0,0.042087723109535534,-3.4134678840637207,-0.28846776485443115,attack,No
1139,1,0,0.006692849785051665,-5.119882583618164,-0.11988241225481033,attack,No
1140,1,0,0.2018132174596823,-1.7247204780578613,-0.34972044825553894,attack,No
1141,1,1,0.7057850154599563,-0.5572386384010315,-1.4322385787963867,attack,Yes
1142,1,1,0.5312093733737563,-0.8228580355644226,-0.9478580355644226,attack,Yes
1143,1,0,0.06754669677084987,-2.9672091007232666,-0.34220919013023376,attack,No
1144,1,1,0.952574130524949,-0.11627689749002457,-3.116276979446411,attack,Yes
1145,1,0,0.09534945718704857,-2.616177558898926,-0.3661774694919586,attack,No
1146,1,1,0.9241418147556224,-0.1570618897676468,-2.657061815261841,attack,Yes
1147,1,0,0.0028009266341596987,-6.0578789710998535,-0.18287885189056396,attack,No
1148,1,0,0.1066905854244781,-2.5666542053222656,-0.44165411591529846,attack,No
1149,1,0,0.0008040859835179557,-7.599964141845703,-0.4749642014503479,attack,No
1150,1,1,0.9770226295881911,-0.06822182983160019,-3.8182218074798584,attack,Yes
1151,1,0,0.0013250222791856916,-6.787077903747559,-0.16207779943943024,attack,No
1152,1,1,0.754914997895581,-0.4404579997062683,-1.565458059310913,attack,Yes
1153,1,1,0.9840936075884248,-0.08838896453380585,-4.213388919830322,attack,Yes
1154,1,0,0.0007096703145613268,-7.564000606536865,-0.3140004873275757,attack,No
1155,1,1,0.8670357598021706,-0.292433500289917,-2.167433500289917,attack,Yes
1156,1,1,0.5621765155565327,-0.7991442084312439,-1.0491442680358887,attack,Yes
1157,1,1,0.998498817436146,-0.027911867946386337,-6.52791166305542,attack,Yes
1158,1,0,0.34864513533394575,-1.3366180658340454,-0.7116180658340454,attack,No
1159,1,1,0.6224593312018546,-0.7395604848861694,-1.2395604848861694,attack,Yes
1160,1,0,0.00218271670497733,-6.287418842315674,-0.16241896152496338,attack,No
1161,1,1,0.7310585669110203,-0.48848778009414673,-1.488487720489502,attack,Yes
1162,1,1,0.7981867729389246,-0.4002588093280792,-1.7752587795257568,attack,Yes
1163,1,0,0.009708474332528234,-4.794341087341309,-0.16934086382389069,attack,No
1164,1,0,0.00043055692741172794,-8.063766479492188,-0.31376612186431885,attack,No
1165,1,0,0.0013250222989039011,-6.7868547439575195,-0.16185465455055237,attack,No
1166,1,0,0.4378234991142019,-1.0124590396881104,-0.7624590396881104,attack,No
1167,1,1,0.5621765008857981,-0.8643888235092163,-1.1143888235092163,attack,Yes
1168,1,1,0.6791787121629466,-0.5400936007499695,-1.2900936603546143,attack,Yes
1169,1,1,0.7981867873410141,-0.3435294032096863,-1.718529462814331,attack,Yes
1170,1,0,0.0019267348925696179,-6.725582122802734,-0.4755822420120239,attack,No
1171,1,0,0.34864513533394575,-1.3026137351989746,-0.6776137351989746,attack,No
1172,1,0,0.010986941335237732,-4.822606086730957,-0.3226059675216675,attack,No
1173,1,0,0.01590639171181471,-4.451805114746094,-0.32680511474609375,attack,No
1174,1,1,0.7981867873410141,-0.4972960352897644,-1.8722960948944092,attack,Yes
1175,1,0,0.0850990438468576,-2.615868091583252,-0.24086807668209076,attack,No
1176,1,0,0.03732688306051187,-3.535024642944336,-0.2850245237350464,attack,No
1177,1,0,0.0015011826141094868,-6.814957618713379,-0.314957857131958,attack,No
1178,1,0,0.004609571905888793,-5.692019462585449,-0.31701940298080444,attack,No
1179,1,0,0.002800926759020172,-6.057723522186279,-0.18272344768047333,attack,No
1180,1,1,0.9984988176846316,-0.02217964269220829,-6.52217960357666,attack,Yes
1181,1,0,0.01590639544387138,-4.610968589782715,-0.48596882820129395,attack,No
1182,1,0,0.0850990519679964,-2.6358847618103027,-0.2608848512172699,attack,No
1183,1,0,0.09534947004048376,-2.757455825805664,-0.5074558854103088,attack,No
1184,1,1,0.9046505440982949,-0.2102910429239273,-2.4602911472320557,attack,Yes
1185,1,0,0.047425871831197425,-3.1465342044830322,-0.14653417468070984,attack,No
1186,1,0,0.000295957113513077,-8.377348899841309,-0.2523488998413086,attack,No
1187,1,0,0.0019267344913958867,-6.53371000289917,-0.28370991349220276,attack,No
1188,1,0,0.01243164810903933,-4.547243118286133,-0.1722428947687149,attack,No
1189,1,1,0.8175744761936437,-0.3863884210586548,-1.8863884210586548,attack,Yes
1190,1,0,0.37754066879814546,-1.0883492231369019,-0.5883492231369019,attack,No
1191,1,0,0.10669059962643358,-2.5019617080688477,-0.37696176767349243,attack,No
1192,1,0,0.14804719427274565,-2.121727705001831,-0.37172767519950867,attack,No
1193,1,0,0.022977370746331334,-3.8611748218536377,-0.11117485910654068,attack,No
1194,1,0,0.0019267346633274755,-6.725539207458496,-0.4755392074584961,attack,No
1195,1,1,0.754914997895581,-0.47380298376083374,-1.5988030433654785,attack,Yes
1196,1,0,0.16451647108926923,-2.092073678970337,-0.4670737385749817,attack,No
1197,1,0,0.01243165231673086,-4.6677165031433105,-0.2927166223526001,attack,No
1198,1,1,0.851952809486198,-0.335582435131073,-2.0855824947357178,attack,Yes
1199,1,0,0.0059110692064883365,-5.705272674560547,-0.5802727341651917,attack,no
1200,1,1,0.7772998663336157,-0.4260288178920746,-1.676028847694397,attack,Yes
1201,1,1,0.6224593312018546,-0.5718125104904175,-1.0718125104904175,attack,Yes
1202,1,0,0.005220126892946706,-5.344593048095703,-0.09459327906370163,attack,No
1203,1,1,0.8670357494949105,-0.2720731198787689,-2.1470730304718018,attack,Yes
1204,1,1,0.5312093733737563,-0.8794600963592529,-1.004460096359253,attack,Yes
1205,1,0,0.09534945718704857,-2.648125648498535,-0.398125559091568,attack,No
1206,1,0,0.00026119021014711256,-8.502360343933105,-0.25235992670059204,attack,No
1207,1,1,0.5312093733737563,-0.8973015546798706,-1.0223015546798706,attack,Yes
1208,1,0,0.004609571700774742,-5.559098720550537,-0.18409861624240875,attack,No
1209,1,0,0.00522012445548043,-5.535883903503418,-0.28588366508483887,attack,No
1210,1,0,0.0534033328129234,-3.126300811767578,-0.2513008713722229,attack,No
1211,1,1,0.6513548511303336,-0.6059296727180481,-1.2309296131134033,attack,Yes
1212,1,0,0.20181323186177208,-1.6794078350067139,-0.30440789461135864,attack,No
1213,1,1,0.9740426456278624,-0.07738054543733597,-3.702380657196045,attack,Yes
1214,1,0,0.007577242612510723,-5.083252429962158,-0.20825260877609253,attack,No
1215,1,0,0.0006263340368550441,-7.57720422744751,-0.20220403373241425,attack,No
1216,1,0,0.5,-0.9757264256477356,-0.9757264256477356,attack,No
1217,1,1,0.7772998663336157,-0.4372635781764984,-1.6872636079788208,attack,Yes
1218,1,0,0.34864513533394575,-1.3365607261657715,-0.7115607261657715,attack,No
1219,1,0,0.0004878570210570014,-7.827208518981934,-0.20220831036567688,attack,No
1220,1,0,0.10669059394565118,-2.450308084487915,-0.32530808448791504,attack,No
1221,1,0,0.006692850032711038,-5.119438648223877,-0.11943851411342621,attack,No
1222,1,0,0.000709670377965772,-7.502758979797363,-0.2527589499950409,attack,No
1223,1,0,0.029312230751356316,-3.8380682468414307,-0.33806824684143066,attack,No
1224,1,0,0.0006263340834913398,-7.762603282928467,-0.38760316371917725,attack,No
1225,1,0,0.017986212330845203,-4.218658924102783,-0.21865905821323395,attack,No
1226,1,0,0.003593602901558612,-5.880616188049316,-0.25561627745628357,attack,No
1227,1,1,0.8519528019683106,-0.3263680934906006,-2.0763680934906006,attack,Yes
1228,1,0,0.0009110510045137297,-7.387998104095459,-0.38799789547920227,attack,No
1229,1,1,0.9933071486299283,-0.05042988806962967,-5.050429821014404,attack,Yes
1230,1,1,0.7057850278370112,-0.6559977531433105,-1.5309977531433105,attack,Yes
1231,1,0,0.2689414213699951,-1.5823724269866943,-0.5823724269866943,attack,No
1232,1,0,0.07585817584273653,-3.008903980255127,-0.5089039206504822,attack,no
1233,1,0,0.0009110509909503801,-7.180818557739258,-0.1808183342218399,attack,No
1234,1,1,0.9579122678790578,-0.13624487817287445,-3.261244773864746,attack,Yes
1235,1,1,0.9859363724918659,-0.048601184040308,-4.298601150512695,attack,Yes
1236,1,1,0.8519528057272543,-0.28662583231925964,-2.036625862121582,attack,Yes
1237,1,0,0.0019267349498801579,-6.503910064697266,-0.25391021370887756,attack,No
1238,1,0,0.05340332678672523,-3.1753458976745605,-0.30034583806991577,attack,No
1239,1,1,0.9959298627371258,-0.06625259667634964,-5.566252708435059,attack,Yes
1240,1,0,0.0017007226138324027,-6.628760814666748,-0.2537609338760376,attack,No
1241,1,0,0.14804721306746543,-2.1428098678588867,-0.39280998706817627,attack,No
1242,1,0,0.033085978388704126,-3.684865951538086,-0.30986595153808594,attack,No
1243,1,0,0.20181321265898594,-1.7768590450286865,-0.40185898542404175,attack,No
1244,1,0,0.11920291576401235,-2.295206069946289,-0.2952060103416443,attack,No
1245,1,0,0.004070138078313694,-5.729727268218994,-0.2297273576259613,attack,No
1246,1,1,0.5621764862150634,-0.7762885689735413,-1.0262885093688965,attack,Yes
1247,1,0,0.37754066879814546,-1.1775532960891724,-0.6775532960891724,attack,No
1248,1,0,0.06008665017400762,-3.0299689769744873,-0.2799689769744873,attack,No
1249,1,1,0.9149009526726544,-0.18767049908638,-2.5626704692840576,attack,Yes
1250,1,1,0.8670357598021706,-0.25269246101379395,-2.127692461013794,attack,Yes
1251,1,0,0.0005527786039936393,-7.702280044555664,-0.2022799849510193,attack,No
1252,1,1,0.7310585786300049,-0.4601752758026123,-1.4601752758026123,attack,Yes
1253,1,0,0.2689414096510108,-1.5860216617584229,-0.5860216021537781,attack,No
1254,1,1,0.6224593312018546,-0.7241454124450684,-1.2241454124450684,attack,Yes
1255,1,0,0.0007096702987102162,-7.329924583435059,-0.07992444187402725,attack,No
1256,1,0,0.0420877273148584,-3.32475209236145,-0.199752077460289,attack,No
1257,1,1,0.754914975839675,-0.4543963074684143,-1.5793962478637695,attack,Yes
1258,1,0,0.0017007227150309691,-6.503758430480957,-0.12875860929489136,attack,No
1259,1,0,0.0035936024747072553,-5.977150917053223,-0.35215088725090027,attack,No
1260,1,0,0.005911068418438151,-5.290727615356445,-0.16572754085063934,attack,No
1261,1,0,0.0010322311289482067,-7.224848747253418,-0.34984883666038513,attack,No
1262,1,0,0.004609572931459185,-5.540030002593994,-0.16503016650676727,attack,No
1263,1,1,0.798186768138228,-0.36344271898269653,-1.7384426593780518,attack,Yes
1264,1,1,0.9399133498259924,-0.17071223258972168,-2.9207122325897217,attack,Yes
1265,1,1,0.97068777009661,-0.1342928111553192,-3.6342928409576416,attack,Yes
1266,1,0,0.0003353502203842404,-8.313737869262695,-0.3137381374835968,attack,No
1267,1,0,0.0005527785648893139,-7.539440631866455,-0.03944050148129463,attack,No
1268,1,0,0.1066905825840872,-2.685657024383545,-0.5606569051742554,attack,No
1269,1,1,0.9149009596336303,-0.2610284686088562,-2.636028528213501,attack,Yes
1270,1,0,0.01243165304850344,-4.667106628417969,-0.2921068072319031,attack,No
1271,1,0,0.0001795279693467774,-9.012219429016113,-0.3872194290161133,attack,No
1272,1,1,0.7310585669110203,-0.4966796040534973,-1.4966795444488525,attack,Yes
1273,1,0,0.18242550602671442,-2.0452375411987305,-0.5452374219894409,attack,No
1274,1,0,0.00033535013046647816,-8.313825607299805,-0.3138256072998047,attack,No
1275,1,0,0.0019267347206380085,-6.564935207366943,-0.31493523716926575,attack,No
1276,1,1,0.5621765008857981,-0.6552060842514038,-0.9052060842514038,attack,Yes
1277,1,0,0.0013250224960860068,-6.878249645233154,-0.2532497048377991,attack,No
1278,1,1,0.7549149868676283,-0.46952056884765625,-1.5945205688476562,attack,Yes
1279,1,0,0.1329642333263228,-2.3073675632476807,-0.4323675036430359,attack,No
1280,1,0,0.005911067980632537,-5.257891654968262,-0.13289150595664978,attack,No
1281,1,0,0.005911068681121534,-5.444288730621338,-0.3192887008190155,attack,No
1282,1,0,0.11920290950590741,-2.3152923583984375,-0.31529223918914795,attack,No
1283,1,0,0.0010322311904104695,-7.189907073974609,-0.3149072229862213,attack,No
1284,1,0,0.32082130082460697,-1.5832723379135132,-0.8332723379135132,attack,No
1285,1,0,0.007577242836619065,-4.961657524108887,-0.08665773272514343,attack,No
1286,1,1,0.6224593312018546,-0.5972592830657959,-1.097259283065796,attack,Yes
1287,1,1,0.6513548646660542,-0.870482325553894,-1.495482325553894,attack,Yes
1288,1,0,0.24508500210441886,-1.7472419738769531,-0.6222419142723083,attack,No
1289,1,0,0.0031726830309918535,-6.034008979797363,-0.28400903940200806,attack,No
1290,1,1,0.9324533088603709,-0.19179081916809082,-2.816790819168091,attack,Yes
1291,1,1,0.9046505261034853,-0.1872607320547104,-2.437260627746582,attack,Yes
1292,1,1,0.9669140192277585,-0.1407991200685501,-3.515799045562744,attack,Yes
1293,1,0,0.004609571734960417,-5.458592891693115,-0.08359279483556747,attack,No
1294,1,0,0.02931223287127187,-3.6700031757354736,-0.1700032502412796,attack,No
1295,1,1,0.9626731099786093,-0.1833701878786087,-3.4333701133728027,attack,Yes
1296,1,1,0.9669140187510509,-0.11509451270103455,-3.4900944232940674,attack,Yes
1297,1,0,0.012431650487299585,-4.772870063781738,-0.3978700339794159,attack,No
1298,1,0,0.09534945461636171,-2.4856386184692383,-0.23563849925994873,attack,No
1299,1,0,0.02595735569077852,-4.121469974517822,-0.4964699149131775,attack,No
1300,1,0,0.003593602207925183,-5.755618572235107,-0.13061846792697906,attack,No
1301,1,1,0.679178699175393,-0.5600483417510986,-1.3100483417510986,attack,Yes
1302,1,0,0.03308597457504463,-3.684201717376709,-0.30920159816741943,attack,No
1303,1,0,0.00033535024036596866,-8.201800346374512,-0.20180067420005798,attack,No
1304,1,0,0.009708474475791274,-4.885227203369141,-0.2602269947528839,attack,No
1305,1,0,0.03308597457504463,-3.750485897064209,-0.37548577785491943,attack,No
1306,1,0,0.0006263341487821595,-7.577111721038818,-0.20211170613765717,attack,No
1307,1,1,0.98409360595565,-0.11922374367713928,-4.244223594665527,attack,Yes
1308,1,0,0.015906394977364253,-4.391063213348389,-0.2660634219646454,attack,No
1309,1,0,0.025957354937269386,-3.873613119125366,-0.24861302971839905,attack,No
1310,1,0,0.012431650487299585,-4.667079925537109,-0.292079895734787,attack,No
1311,1,0,0.3775406547908327,-1.3961188793182373,-0.8961188197135925,attack,No
1312,1,0,0.007577240371427665,-4.982546329498291,-0.10754621028900146,attack,No
1313,1,0,0.07585818211049715,-2.796332836151123,-0.29633286595344543,attack,No
1314,1,0,0.18242552825126704,-1.883862853050232,-0.3838628828525543,attack,No
1315,1,0,0.015906394510857135,-4.420191287994385,-0.2951914668083191,attack,No
1316,1,1,0.9706877692486436,-0.11292457580566406,-3.612924575805664,attack,Yes
1317,1,1,0.7549149813536518,-0.44678547978401184,-1.5717854499816895,attack,Yes
1318,1,0,0.20181322226037882,-1.8195096254348755,-0.4445096254348755,attack,No
1319,1,1,0.7981867777396212,-0.34497857093811035,-1.7199785709381104,attack,Yes
1320,1,0,0.0011695102302421558,-7.0645012855529785,-0.31450125575065613,attack,No
1321,1,0,0.004070138561537168,-5.785193920135498,-0.28519412875175476,attack,No
1322,1,0,0.0758581737534831,-2.772264003753662,-0.27226391434669495,attack,No
1323,1,0,0.00970847504884346,-4.814198970794678,-0.1891988217830658,attack,No
1324,1,0,0.08509904500702024,-2.7643861770629883,-0.3893861770629883,attack,No
1325,1,0,0.015906388446265834,-4.451820373535156,-0.32682016491889954,attack,No
1326,1,0,0.0031726823240919213,-5.933042526245117,-0.18304236233234406,attack,No
1327,1,1,0.5926665999540697,-0.7425346374511719,-1.1175346374511719,attack,Yes
1328,1,0,0.0011695102998688749,-6.952694892883301,-0.20269492268562317,attack,No
1329,1,0,0.03308598172565655,-3.568195343017578,-0.19319544732570648,attack,No
1330,1,0,0.29421497216298875,-1.5239105224609375,-0.6489105224609375,attack,No
1331,1,0,0.000379984582672578,-8.07709789276123,-0.2020980715751648,attack,No
1332,1,0,0.3208212878370535,-1.59096360206604,-0.8409635424613953,attack,No
1333,1,0,0.0006263341581094201,-7.627658843994141,-0.2526588439941406,attack,No
1334,1,1,0.904650536386234,-0.16415832936763763,-2.414158344268799,attack,Yes
1335,1,0,0.0011695101432087622,-6.878288745880127,-0.1282886415719986,attack,No
1336,1,1,0.8519527982093668,-0.2813005745410919,-2.0313005447387695,attack,Yes
1337,1,0,0.0015011820333792252,-6.888631820678711,-0.388631671667099,attack,No
1338,1,0,0.0007096703568309563,-7.564152240753174,-0.31415218114852905,attack,No
1339,1,0,0.007577239699102878,-5.1948418617248535,-0.3198416531085968,attack,No
1340,1,0,0.0009110510587671301,-7.101400375366211,-0.101400226354599,attack,No
1341,1,0,0.00017952804423825133,-8.785587310791016,-0.16058772802352905,attack,No
1342,1,0,0.000709670377965772,-7.531983852386475,-0.2819838225841522,attack,No
1343,1,0,0.22270012850745968,-1.7017428874969482,-0.45174282789230347,attack,No
1344,1,0,0.0015011821003865517,-6.601802349090576,-0.10180224478244781,attack,No
1345,1,0,0.06008665101556925,-2.9666435718536377,-0.2166435867547989,attack,No
1346,1,1,0.9399133456181842,-0.1588633805513382,-2.9088633060455322,attack,Yes
1347,1,0,0.01798620706694863,-4.241287708282471,-0.24128754436969757,attack,No
1348,1,0,0.04742587317756679,-3.509314775466919,-0.509314775466919,attack,No
1349,1,0,0.0075772403154006,-4.945160865783691,-0.07016073912382126,attack,No
1350,1,1,0.6513548646660542,-0.6064324378967285,-1.2314324378967285,attack,Yes
1351,1,0,0.053403329799824234,-3.1499576568603516,-0.27495765686035156,attack,No
1352,1,0,0.18242553269617778,-2.196653127670288,-0.6966531872749329,attack,No
1353,1,0,0.005220125693558397,-5.829584121704102,-0.5795841217041016,attack,No
1354,1,0,0.008577486934330109,-5.144218921661377,-0.3942191004753113,attack,No
1355,1,0,0.03308597981882656,-3.6064791679382324,-0.231479212641716,attack,No
1356,1,1,0.8519528057272543,-0.308026522397995,-2.0580265522003174,attack,Yes
1357,1,0,0.0019267347779485435,-6.564952850341797,-0.31495290994644165,attack,No
1358,1,0,0.04208773212094217,-3.3664798736572266,-0.24147997796535492,attack,No
1359,1,0,0.06754668926255561,-2.8678574562072754,-0.242857426404953,attack,No
1360,1,1,0.7310585903489892,-0.4368848204612732,-1.436884880065918,attack,Yes
1361,1,1,0.5926665999540697,-0.713158130645752,-1.088158130645752,attack,Yes
1362,1,1,0.7057850402140659,-0.7811185717582703,-1.656118631362915,attack,Yes
1363,1,0,0.03308598029553404,-3.7165558338165283,-0.3415558934211731,attack,No
1364,1,0,0.16451644651115205,-2.0097146034240723,-0.3847144842147827,attack,No
1365,1,0,0.02297737225168171,-3.931670904159546,-0.18167100846767426,attack,No
1366,1,0,0.07585818211049715,-2.911018133163452,-0.41101816296577454,attack,No
1367,1,0,0.060086646807761206,-3.0304524898529053,-0.2804524302482605,attack,No
1368,1,1,0.6791786861878392,-0.5313959717750549,-1.2813959121704102,attack,Yes
1369,1,1,0.9525741251394714,-0.10708288103342056,-3.1070828437805176,attack,Yes
1370,1,1,0.9964063973118672,-0.046969443559646606,-5.671969413757324,attack,Yes
1371,1,0,0.0013250226143952844,-6.878218173980713,-0.25321832299232483,attack,No
1372,1,1,0.9324533116759811,-0.17783375084400177,-2.8028337955474854,attack,Yes
1373,1,0,0.022977364557669702,-4.082475662231445,-0.3324754238128662,attack,No
1374,1,0,0.00218271615325905,-6.328671455383301,-0.20367132127285004,attack,No
1375,1,0,0.005220125422728816,-5.325870990753174,-0.07587093859910965,attack,No
1376,1,0,0.00043055704925942556,-7.877504825592041,-0.12750475108623505,attack,No
1377,1,1,0.5312093733737563,-0.831443190574646,-0.956443190574646,attack,Yes
1378,1,0,0.3208213138121609,-1.3052895069122314,-0.5552895665168762,attack,No
1379,1,0,0.11920292828022305,-2.52982497215271,-0.5298250317573547,attack,No
1380,1,0,0.010986941011398892,-4.7908735275268555,-0.29087337851524353,attack,No
1381,1,0,0.001032230890781973,-6.976521968841553,-0.10152182728052139,attack,No
1382,1,0,0.1645164628965632,-2.2402498722076416,-0.6152498722076416,attack,No
1383,1,1,0.679178699175393,-0.6004853248596191,-1.3504853248596191,attack,Yes
1384,1,1,0.9149009607937928,-0.17953507602214813,-2.554535150527954,attack,Yes
1385,1,0,0.005220126389977382,-5.3978657722473145,-0.1478659063577652,attack,No
1386,1,1,0.8670357701094303,-0.2910691797733307,-2.166069269180298,attack,Yes
1387,1,0,0.46879062662624377,-0.8931880593299866,-0.7681880593299866,attack,No
1388,1,0,0.0028009270919814614,-6.0578179359436035,-0.1828179806470871,attack,No
1389,1,0,0.13296422989056964,-2.1492748260498047,-0.2742747366428375,attack,No
1390,1,0,0.006692851518667466,-5.318946838378906,-0.3189469277858734,attack,No
1391,1,0,0.0008040858278796249,-7.268895149230957,-0.1438950151205063,attack,No
1392,1,1,0.9525741301883566,-0.14144746959209442,-3.1414475440979004,attack,Yes
1393,1,0,0.3775406547908327,-1.177255630493164,-0.6772555708885193,attack,No
1394,1,0,0.04742587317756679,-3.508974552154541,-0.508974552154541,attack,No
1395,1,0,0.0017007221078396608,-6.657907009124756,-0.28290683031082153,attack,No
1396,1,0,0.0007096704836398597,-7.564226150512695,-0.31422626972198486,attack,No
1397,1,0,0.01098694327827096,-4.82230281829834,-0.3223028779029846,attack,No
1398,1,1,0.7772998560157665,-0.3755641281604767,-1.6255640983581543,attack,Yes
1399,1,0,0.00218271670497733,-6.287318706512451,-0.16231882572174072,attack,No
1400,1,0,0.02931223244728875,-3.9099695682525635,-0.40996962785720825,attack,No
1401,1,0,0.3208212878370535,-1.4018635749816895,-0.6518635153770447,attack,No
1402,1,1,0.9840936091045726,-0.043374963104724884,-4.168375015258789,attack,Yes
1403,1,1,0.9579122723847614,-0.0955185815691948,-3.2205185890197754,attack,Yes
1404,1,0,0.18242551936144574,-1.9300858974456787,-0.4300858676433563,attack,No
1405,1,0,0.02297736991002561,-4.345739841461182,-0.5957398414611816,attack,No
1406,1,1,0.9840936045561286,-0.06620049476623535,-4.191200256347656,attack,Yes
1407,1,0,0.007577240483481804,-5.042623996734619,-0.16762389242649078,attack,No
1408,1,0,0.13296422989056964,-2.306163787841797,-0.4311636984348297,attack,No
1409,1,0,0.0002611903463328782,-8.31263542175293,-0.06263552606105804,attack,No
1410,1,0,0.007577239474994629,-5.194646835327148,-0.31964659690856934,attack,No
1411,1,0,0.006692850924284856,-5.287403106689453,-0.2874031066894531,attack,No
1412,1,1,0.6224593452091672,-0.7579595446586609,-1.2579596042633057,attack,Yes
1413,1,0,0.006692852509305267,-5.2316694259643555,-0.23166966438293457,attack,No
1414,1,0,0.34864513533394575,-1.2534245252609253,-0.6284245252609253,attack,No
1415,1,0,0.0017007225632331216,-6.763334274291992,-0.38833436369895935,attack,No
1416,1,1,0.7057850278370112,-0.5070135593414307,-1.3820135593414307,attack,Yes
1417,1,0,0.5,-0.9205913543701172,-0.9205913543701172,attack,No
1418,1,1,0.9770226280828407,-0.12565097212791443,-3.8756508827209473,attack,Yes
1419,1,1,0.6224593312018546,-0.7021771669387817,-1.2021771669387817,attack,Yes
1420,1,0,0.06754668550840877,-2.888664960861206,-0.2636648714542389,attack,No
1421,1,0,0.2689414096510108,-1.6829967498779297,-0.6829966902732849,attack,No
1422,1,0,0.012431652865560293,-4.566486835479736,-0.19148699939250946,attack,No
1423,1,0,0.022977364557669702,-4.051840782165527,-0.30184054374694824,attack,No
1424,1,1,0.9626731158685837,-0.18805232644081116,-3.4380524158477783,attack,Yes
1425,1,1,0.89330940889474,-0.23674961924552917,-2.3617496490478516,attack,Yes
1426,1,0,0.002472622936111669,-6.254240036010742,-0.254239946603775,attack,No
1427,1,0,0.0021827161208050378,-6.378929615020752,-0.25392946600914,attack,No
1428,1,1,0.7310585727705126,-0.42161622643470764,-1.4216161966323853,attack,Yes
1429,1,0,0.002472623009619369,-6.283431053161621,-0.2834309935569763,attack,No
1430,1,0,0.29421497216298875,-1.4834059476852417,-0.6084059476852417,attack,No
1431,1,0,0.02297737258620403,-4.244766712188721,-0.49476683139801025,attack,no
1432,1,1,0.7549149923816048,-0.4245935380458832,-1.5495935678482056,attack,Yes
1433,1,0,0.00970847519210651,-4.859276294708252,-0.2342761605978012,attack,No
1434,1,0,0.0035936022612815957,-5.829956531524658,-0.20495644211769104,attack,No
1435,1,0,0.24508502416032488,-1.5610072612762451,-0.4360073208808899,attack,No
1436,1,0,0.001700722310236739,-6.690239429473877,-0.3152393698692322,attack,No
1437,1,0,0.0019267342621537913,-6.4774627685546875,-0.2274625599384308,attack,No
1438,1,0,0.014063623943988737,-4.4647650718688965,-0.21476484835147858,attack,No
1439,1,0,0.000911051248654057,-7.226469039916992,-0.22646909952163696,attack,No
1440,1,0,0.01243164865786858,-4.611386775970459,-0.23638659715652466,attack,No
1441,1,0,0.010986943844989052,-4.600381374359131,-0.10038148611783981,attack,No
1442,1,1,0.8354835371034369,-0.27389979362487793,-1.898899793624878,attack,Yes
1443,1,0,0.37754066879814546,-1.135656714439392,-0.6356567144393921,attack,No
1444,1,0,0.00015843623326558412,-9.002113342285156,-0.2521134316921234,attack,No
1445,1,0,0.5,-0.9754626750946045,-0.9754626750946045,attack,No
1446,1,0,0.03308597934211908,-3.685544013977051,-0.31054404377937317,attack,No
1447,1,0,0.11920293453832885,-2.3142452239990234,-0.314245343208313,attack,No
1448,1,0,0.003593603168340736,-5.854715347290039,-0.2297155112028122,attack,No
1449,1,1,0.9890130557502124,-0.06721273064613342,-4.5672125816345215,attack,Yes
1450,1,0,0.04742587587030561,-3.29268479347229,-0.2926848530769348,attack,No
1451,1,0,0.014063623737371644,-4.463903427124023,-0.21390318870544434,attack,No
1452,1,1,0.7310585786300049,-0.4668210744857788,-1.4668210744857788,attack,Yes
1453,1,1,0.7057850278370112,-0.5613690614700317,-1.4363690614700317,attack,Yes
1454,1,0,0.037326884131416216,-3.508981227874756,-0.2589811384677887,attack,No
1455,1,1,0.6224593312018546,-0.669564962387085,-1.169564962387085,attack,Yes
1456,1,0,0.004070138561537168,-5.756065845489502,-0.25606605410575867,attack,No
1457,1,1,0.8933094174159129,-0.20670545101165771,-2.3317055702209473,attack,Yes
1458,1,0,0.002182716932155486,-6.352911949157715,-0.22791217267513275,attack,No
1459,1,1,0.817574471748733,-0.3592686951160431,-1.8592686653137207,attack,Yes
1460,1,0,0.020332353936289693,-4.2779541015625,-0.4029541313648224,attack,No
1461,1,0,0.0011695102998688749,-7.138057708740234,-0.38805773854255676,attack,No
1462,1,0,0.001032230959927003,-7.003286838531494,-0.12828676402568817,attack,No
1463,1,1,0.7772998714925403,-0.3695468306541443,-1.619546890258789,attack,Yes
1464,1,1,0.9241418272911436,-0.2216731458902359,-2.7216732501983643,attack,Yes
1465,1,0,0.0019267347349656422,-6.352241516113281,-0.10224155336618423,attack,No
1466,1,0,0.004609573136573289,-5.766188621520996,-0.3911888301372528,attack,No
1467,1,0,0.22270013882530884,-1.8165704011917114,-0.5665704011917114,attack,No
1468,1,0,0.002800927341702454,-6.020462989807129,-0.14546312391757965,attack,No
1469,1,0,0.042087729117139754,-3.3892319202423096,-0.26423195004463196,attack,No
1470,1,0,0.5,-0.9196840524673462,-0.9196840524673462,attack,No
1471,1,1,0.8670357598021706,-0.29267168045043945,-2.1676716804504395,attack,Yes
1472,1,1,0.7310585669110203,-0.5074089169502258,-1.507408857345581,attack,Yes
1473,1,0,0.4378235137849365,-1.1583869457244873,-0.9083870053291321,attack,No
1474,1,0,0.07585817793199003,-2.7317681312561035,-0.23176810145378113,attack,No
1475,1,0,0.0028009269255008114,-6.079031467437744,-0.20403145253658295,attack,No
1476,1,1,0.7772998663336157,-0.45605847239494324,-1.7060585021972656,attack,Yes
1477,1,0,0.07585818002124356,-2.9885683059692383,-0.4885683059692383,attack,No
1478,1,1,0.7981867729389246,-0.3164805471897125,-1.6914805173873901,attack,Yes
1479,1,1,0.9525741227833249,-0.13529571890830994,-3.1352956295013428,attack,Yes
1480,1,0,0.005220125616178516,-5.4561028480529785,-0.20610283315181732,attack,No
1481,1,0,0.3486451488696663,-1.4373915195465088,-0.8123915791511536,attack,No
1482,1,0,0.0004305570941506913,-8.063870429992676,-0.31387045979499817,attack,No
1483,1,1,0.9241418231126367,-0.20356960594654083,-2.7035696506500244,attack,Yes
1484,1,1,0.7057850278370112,-0.6613696813583374,-1.5363696813583374,attack,Yes
1485,1,0,0.04742587452393617,-3.224804401397705,-0.22480443120002747,attack,No
1486,1,1,0.5312093733737563,-0.8024207353591919,-0.9274207353591919,attack,Yes
1487,1,0,0.0007096704202354052,-7.637907028198242,-0.3879070580005646,attack,No
1488,1,0,0.009708477484315619,-4.777185440063477,-0.15218554437160492,attack,No
1489,1,0,0.3486451488696663,-1.3697590827941895,-0.7447591423988342,attack,No
1490,1,0,0.00048785714458053967,-7.75263786315918,-0.12763790786266327,attack,No
1491,1,0,0.001032230898464754,-7.077672958374023,-0.2026728242635727,attack,No
1492,1,1,0.8354835452961425,-0.35338419675827026,-1.978384256362915,attack,Yes
1493,1,0,0.11920292515117029,-2.391695976257324,-0.3916960060596466,attack,No
1494,1,1,0.9875683476832692,-0.10346662998199463,-4.478466510772705,attack,Yes
1495,1,0,0.11920290950590741,-2.525038719177246,-0.5250385999679565,attack,No
1496,1,0,0.3486451217982255,-1.256737232208252,-0.6317371726036072,attack,No
1497,1,1,0.9740426435557125,-0.09084627032279968,-3.715846300125122,attack,Yes
1498,1,0,0.11920291576401235,-2.3141732215881348,-0.31417316198349,attack,No
1499,1,0,0.11920291263495983,-2.363433361053467,-0.36343327164649963,attack,No
1500,1,0,0.004070138199119559,-6.196309566497803,-0.6963096857070923,attack,no
1501,1,0,0.24508501313237172,-1.6788774728775024,-0.5538774728775024,attack,No
1502,1,0,0.06754669301670263,-3.029381513595581,-0.40438154339790344,attack,No
1503,1,0,0.06754668550840877,-2.816817283630371,-0.19181719422340393,attack,No
1504,1,0,0.2689414096510108,-1.7281513214111328,-0.728151261806488,attack,No
1505,1,0,0.0019267343194643127,-6.726032733917236,-0.476032555103302,attack,No
1506,1,0,0.004609572999830552,-5.506543159484863,-0.1315433382987976,attack,No
1507,1,0,0.0021827161208050378,-6.328502655029297,-0.20350250601768494,attack,No
1508,1,0,0.006692852212113911,-5.23171854019165,-0.2317187339067459,attack,No
1509,1,0,0.020332353342658753,-4.278777599334717,-0.4037775993347168,attack,No
1510,1,0,0.46879062662624377,-0.9776401519775391,-0.8526401519775391,attack,No
1511,1,0,0.02033235096813516,-4.144757270812988,-0.26975715160369873,attack,No
1512,1,0,0.5,-0.908862829208374,-0.908862829208374,attack,No
1513,1,1,0.8519528019683106,-0.2916388511657715,-2.0416388511657715,attack,Yes
1514,1,0,0.0031726823240919213,-5.880133628845215,-0.1301334649324417,attack,No
1515,1,0,0.46879062662624377,-0.9238932728767395,-0.7988932728767395,attack,No
1516,1,0,0.053403329799824234,-3.1490352153778076,-0.2740352153778076,attack,No
1517,1,0,0.005220125384038879,-5.641504764556885,-0.39150470495224,attack,No
1518,1,0,0.007577242612510723,-5.083525657653809,-0.20852583646774292,attack,No
1519,1,0,0.0019267346346722098,-6.43202543258667,-0.18202541768550873,attack,No
1520,1,0,0.10669060246682488,-2.415055990219116,-0.2900560796260834,attack,No
1521,1,1,0.7549149813536518,-0.43545570969581604,-1.5604556798934937,attack,Yes
1522,1,1,0.7057850402140659,-0.6482097506523132,-1.523209810256958,attack,Yes
1523,1,1,0.8354835330070839,-0.28539934754371643,-1.910399317741394,attack,Yes
1524,1,0,0.00522012615783771,-5.567759037017822,-0.31775912642478943,attack,No
1525,1,0,0.13296424019782924,-2.247854232788086,-0.37285423278808594,attack,No
1526,1,0,0.0028009273833226214,-6.079050064086914,-0.204050213098526,attack,No
1527,1,0,0.0015011826141094868,-6.888556480407715,-0.38855671882629395,attack,No
1528,1,1,0.7549149923816048,-0.43138381838798523,-1.5563838481903076,attack,Yes
1529,1,0,0.08509903804604459,-2.617856025695801,-0.24285593628883362,attack,No
1530,1,0,0.24508501313237172,-1.7373907566070557,-0.6123907566070557,attack,No
1531,1,0,0.4378234991142019,-1.1654717922210693,-0.9154717922210693,attack,No
1532,1,0,0.0040701384407312935,-5.755679607391357,-0.25567978620529175,attack,No
1533,1,1,0.817574471748733,-0.3859774172306061,-1.8859773874282837,attack,Yes
1534,1,0,0.0005527787521784759,-7.702081203460693,-0.20208141207695007,attack,No
1535,1,0,0.37754066879814546,-1.1749528646469116,-0.6749528646469116,attack,No
1536,1,1,0.7057850402140659,-0.5870780348777771,-1.4620780944824219,attack,Yes
1537,1,0,0.009708476194947928,-4.915257930755615,-0.29025790095329285,attack,No
1538,1,0,0.2689414096510108,-1.4497761726379395,-0.4497761130332947,attack,No
1539,1,0,0.2942149597859341,-1.5503642559051514,-0.6753641963005066,attack,No
1540,1,0,0.00857748566714832,-5.143564701080322,-0.39356473088264465,attack,No
1541,1,0,0.007577242052239898,-5.042512893676758,-0.16751299798488617,attack,No
1542,1,0,0.015906388679519302,-4.365004062652588,-0.24000386893749237,attack,No
1543,1,1,0.9241418252018903,-0.18991701304912567,-2.6899170875549316,attack,Yes
1544,1,0,0.40733341443526055,-1.170922040939331,-0.7959221005439758,attack,No
1545,1,0,0.0675466911396291,-2.910092830657959,-0.285092830657959,attack,No
1546,1,0,0.02931223159932252,-3.8373985290527344,-0.33739855885505676,attack,No
1547,1,0,0.13296424019782924,-2.31335711479187,-0.4383571147918701,attack,No
1548,1,0,0.3208213138121609,-1.3052895069122314,-0.5552895665168762,attack,No
1549,1,1,0.8519527982093668,-0.3388383686542511,-2.0888383388519287,attack,Yes
1550,1,0,0.3208212878370535,-1.344975471496582,-0.5949754118919373,attack,No
1551,1,0,0.10669059962643358,-2.4752037525177,-0.35020381212234497,attack,No
1552,1,0,0.00857748478012118,-4.923098564147949,-0.17309848964214325,attack,No
1553,1,1,0.9626731142622272,-0.11129303276538849,-3.361293077468872,attack,Yes
1554,1,0,0.0015011824800947912,-6.81481409072876,-0.3148142397403717,attack,No
1555,1,0,0.0075772408196442265,-5.19482421875,-0.3198241591453552,attack,No
1556,1,0,0.0031726835022585624,-6.004878997802734,-0.2548792064189911,attack,No
1557,1,1,0.5926666143433998,-0.7956129908561707,-1.1706130504608154,attack,Yes
1558,1,0,0.16451645880021026,-1.9685176610946655,-0.34351763129234314,attack,No
1559,1,0,0.015906392878082327,-4.3662590980529785,-0.24125917255878448,attack,No
1560,1,1,0.996406396925033,-0.02710213139653206,-5.652101993560791,attack,Yes
1561,1,0,0.0031726835965119127,-6.0052337646484375,-0.2552340030670166,attack,No
1562,1,0,0.0059110693816106135,-5.331912517547607,-0.20691260695457458,attack,No
1563,1,1,0.9770226312608022,-0.07294649630784988,-3.822946548461914,attack,Yes
1564,1,0,0.0035936024213508388,-5.788862228393555,-0.1638621836900711,attack,No
1565,1,0,0.16451645880021026,-2.0615432262420654,-0.43654319643974304,attack,No
1566,1,0,0.01243164810903933,-4.588499546051025,-0.21349932253360748,attack,No
1567,1,0,0.022977371917159397,-4.083235740661621,-0.33323583006858826,attack,No
1568,1,0,0.14804721306746543,-2.268319606781006,-0.5183197259902954,attack,No
1569,1,0,0.017986207330143424,-4.2174224853515625,-0.21742233633995056,attack,No
1570,1,0,0.009708474762317362,-4.885583400726318,-0.26058322191238403,attack,No
1571,1,1,0.5312093733737563,-0.835243284702301,-0.960243284702301,attack,Yes
1572,1,0,0.002182716185713063,-6.440273761749268,-0.315273642539978,attack,No
1573,1,0,0.0028009268838806506,-6.158794403076172,-0.2837943732738495,attack,No
1574,1,1,0.8354835411997897,-0.34196075797080994,-1.9669607877731323,attack,Yes
1575,1,0,0.005911067893071419,-5.310408592224121,-0.18540842831134796,attack,No
1576,1,0,0.0015011822120654355,-6.814668655395508,-0.3146686255931854,attack,No
1577,1,0,0.010986945059385054,-4.638187408447266,-0.13818763196468353,attack,No
1578,1,0,0.0028009268838806506,-6.190793037414551,-0.3157930076122284,attack,No
1579,1,0,0.004070138380328358,-5.729406356811523,-0.22940652072429657,attack,No
1580,1,0,0.012431652682617146,-4.734130382537842,-0.35913053154945374,attack,No
1581,1,1,0.924141814233309,-0.12289341539144516,-2.6228933334350586,attack,Yes
1582,1,1,0.8670357683915538,-0.2276887148618698,-2.102688789367676,attack,Yes
1583,1,0,0.08509903804604459,-2.65525221824646,-0.2802521288394928,attack,No
1584,1,0,0.02297737225168171,-3.9960193634033203,-0.24601946771144867,attack,No
1585,1,0,0.08509904500702024,-2.600844621658325,-0.2258446216583252,attack,No
1586,1,1,0.867035763237924,-0.311036080121994,-2.1860361099243164,attack,Yes
1587,1,1,0.9770226289191464,-0.07418041676282883,-3.8241803646087646,attack,Yes
1588,1,0,0.001032231251872736,-7.128062725067139,-0.2530629336833954,attack,No
1589,1,0,0.01798620706694863,-4.241607666015625,-0.24160750210285187,attack,No
1590,1,0,0.004609571358918011,-5.954625606536865,-0.5796254277229309,attack,No
1591,1,1,0.9964063975519709,-0.04191061109304428,-5.666910648345947,attack,Yes
1592,1,0,0.0003799845147518645,-8.188882827758789,-0.31388282775878906,attack,No
1593,1,0,0.14804719427274565,-2.1494486331939697,-0.39944860339164734,attack,No
1594,1,0,0.002800926384438769,-6.129553318023682,-0.2545531094074249,attack,No
1595,1,0,0.24508502416032488,-1.6499581336975098,-0.5249581933021545,attack,No
1596,1,1,0.8933094145755219,-0.26721325516700745,-2.3922133445739746,attack,Yes
1597,1,0,0.03308598029553404,-3.630268096923828,-0.2552681565284729,attack,No
1598,1,0,0.0028009270503612984,-6.190788269042969,-0.31578829884529114,attack,No
1599,1,0,0.008577486427457372,-5.143465042114258,-0.39346516132354736,attack,No
1600,1,0,0.005220125229279126,-5.6408467292785645,-0.3908466398715973,attack,No
1601,1,0,0.0850990519679964,-2.6573965549468994,-0.2823966443538666,attack,No
1602,1,0,0.0046095728630878175,-5.580915451049805,-0.20591560006141663,attack,No
1603,1,0,0.0019267349498801579,-6.453429698944092,-0.20342984795570374,attack,No
1604,1,1,0.8354835371034369,-0.2977670431137085,-1.9227670431137085,attack,Yes
1605,1,0,0.017986209435701905,-4.145218849182129,-0.14521881937980652,attack,No
1606,1,0,0.006692849537392301,-5.207701206207275,-0.20770099759101868,attack,No
1607,1,0,0.0013250225749588576,-6.753442764282227,-0.1284428834915161,attack,No
1608,1,1,0.9947798745192362,-0.048769909888505936,-5.298769950866699,attack,Yes
1609,1,1,0.7057850402140659,-0.6584751009941101,-1.5334751605987549,attack,Yes
1610,1,0,0.0013250224172131609,-6.878875255584717,-0.2538752555847168,attack,No
1611,1,1,0.817574471748733,-0.40963390469551086,-1.9096338748931885,attack,Yes
1612,1,1,0.8175744806385543,-0.4328642785549164,-1.9328643083572388,attack,Yes
1613,1,0,0.0017007220825400275,-6.578281402587891,-0.2032812088727951,attack,No
1614,1,0,0.005220125074519377,-5.53572416305542,-0.28572404384613037,attack,No
1615,1,0,0.06754668550840877,-2.9107723236083984,-0.2857722342014313,attack,No
1616,1,1,0.7057850154599563,-0.5375614762306213,-1.4125614166259766,attack,Yes
1617,1,0,0.0040701384407312935,-5.817065238952637,-0.31706541776657104,attack,No
1618,1,0,0.0015011823460801075,-6.75347375869751,-0.25347381830215454,attack,No
1619,1,1,0.9859363702707314,-0.1591608077287674,-4.409160614013672,attack,Yes
1620,1,0,0.4378234991142019,-1.1258633136749268,-0.8758633136749268,attack,No
1621,1,0,0.03308597934211908,-3.7162787914276123,-0.3412788212299347,attack,No
1622,1,1,0.5312093733737563,-0.8369244933128357,-0.9619244933128357,attack,Yes
1623,1,0,0.09534947004048376,-2.5901031494140625,-0.3401032090187073,attack,No
1624,1,0,0.37754066879814546,-1.2840194702148438,-0.7840194702148438,attack,No
1625,1,0,0.0028009267174000135,-6.079492092132568,-0.2044920027256012,attack,No
1626,1,0,0.16451647518562237,-2.032808780670166,-0.4078088700771332,attack,No
1627,1,0,0.0006263340834913398,-7.577111721038818,-0.2021116018295288,attack,No
1628,1,1,0.7981867825403176,-0.4374919831752777,-1.8124920129776,attack,Yes
1629,1,1,0.7057850402140659,-0.4598159193992615,-1.3348159790039062,attack,Yes
1630,1,0,0.1645164506075047,-2.0342462062835693,-0.4092461168766022,attack,No
1631,1,0,0.0019267350071906994,-6.565104007720947,-0.3151041865348816,attack,No
1632,1,0,0.0021827162506210893,-6.440220832824707,-0.31522074341773987,attack,No
1633,1,0,0.0005527785216687471,-7.781777381896973,-0.28177717328071594,attack,No
1634,1,0,0.08509904500702024,-2.7015388011932373,-0.3265388011932373,attack,No
1635,1,1,0.9820137910906878,-0.06848758459091187,-4.068487644195557,attack,Yes
1636,1,0,0.03308597648187432,-3.6072986125946045,-0.23229855298995972,attack,No
1637,1,1,0.754914975839675,-0.4087288975715637,-1.533728837966919,attack,Yes
1638,1,1,0.914900945711678,-0.20817101001739502,-2.5831708908081055,attack,Yes
1639,1,0,0.0019267345487064141,-6.412509918212891,-0.16250985860824585,attack,No
1640,1,0,0.002800927133601626,-6.129818439483643,-0.25481849908828735,attack,No
1641,1,0,0.13296424019782924,-2.2776498794555664,-0.4026498794555664,attack,No
1642,1,0,0.02595735719779685,-3.9602789878845215,-0.3352789878845215,attack,No
1643,1,0,0.0008040859356292355,-7.599768161773682,-0.47476816177368164,attack,No
1644,1,0,0.46879062662624377,-0.9657082557678223,-0.8407082557678223,attack,No
1645,1,0,0.10669059678604234,-2.5330252647399902,-0.4080252945423126,attack,No
1646,1,0,0.0003799845487122197,-8.18901538848877,-0.3140154778957367,attack,No
1647,1,0,0.34864513533394575,-1.4049477577209473,-0.7799477577209473,attack,No
1648,1,0,0.0031726825597252145,-6.101196765899658,-0.35119667649269104,attack,No
1649,1,0,0.015906392061694984,-4.229415416717529,-0.10441543906927109,attack,No
1650,1,0,0.0474258704848281,-3.3535661697387695,-0.35356611013412476,attack,No
1651,1,1,0.7772998560157665,-0.40741434693336487,-1.6574143171310425,attack,Yes
1652,1,0,0.5,-0.8142297863960266,-0.8142297863960266,attack,No
1653,1,0,0.005220126776876857,-5.535863399505615,-0.28586360812187195,attack,No
1654,1,1,0.5621765008857981,-1.0154203176498413,-1.2654203176498413,attack,Yes
1655,1,1,0.7772998508568416,-0.3252437710762024,-1.5752437114715576,attack,Yes
1656,1,0,0.042087725512577126,-3.4427943229675293,-0.3177942633628845,attack,No
1657,1,0,0.004609571427289355,-5.539822101593018,-0.16482193768024445,attack,No
1658,1,0,0.0002959572413682887,-8.326760292053223,-0.20176072418689728,attack,No
1659,1,0,0.29421497216298875,-1.5550881624221802,-0.6800881624221802,attack,No
1660,1,0,0.001501182301408549,-6.702998638153076,-0.20299866795539856,attack,No
1661,1,1,0.9902915236976048,-0.04874322935938835,-4.67374324798584,attack,Yes
1662,1,1,0.952574129515172,-0.14435046911239624,-3.144350528717041,attack,Yes
1663,1,0,0.000552778571063681,-7.702111721038818,-0.2021116018295288,attack,No
1664,1,0,0.0035936028482021903,-5.830389022827148,-0.2053890973329544,attack,No
1665,1,0,0.1066905825840872,-2.5342965126037598,-0.4092963933944702,attack,No
1666,1,1,0.8519528057272543,-0.30386921763420105,-2.0538692474365234,attack,Yes
1667,1,1,0.7310585903489892,-0.4368848204612732,-1.436884880065918,attack,Yes
1668,1,0,0.000911051248654057,-7.252920150756836,-0.2529202103614807,attack,No
1669,1,0,0.16451644651115205,-2.1976590156555176,-0.572658896446228,attack,No
1670,1,0,0.004609573273316032,-5.808109283447266,-0.4331095218658447,attack,No
1671,1,0,0.002800926967120973,-6.129387855529785,-0.25438785552978516,attack,No
1672,1,0,0.04742587317756679,-3.3551580905914307,-0.35515809059143066,attack,No
1673,1,0,0.0005527786863185436,-7.752604961395264,-0.25260505080223083,attack,No
1674,1,0,0.4073334000459302,-1.2007322311401367,-0.8257322311401367,attack,No
1675,1,0,0.02931223159932252,-3.8388149738311768,-0.33881500363349915,attack,No
1676,1,1,0.7981867729389246,-0.42927244305610657,-1.8042724132537842,attack,Yes
1677,1,0,0.08509904732734556,-2.516300678253174,-0.14130070805549622,attack,No
1678,1,1,0.8354835289107309,-0.3034883141517639,-1.9284882545471191,attack,Yes
1679,1,0,0.0009110513707242452,-7.06300163269043,-0.06300182640552521,attack,No
1680,1,0,0.02595735569077852,-3.995288848876953,-0.37028878927230835,attack,No
1681,1,0,0.0028009273833226214,-6.129800796508789,-0.254800945520401,attack,No
1682,1,0,0.18242552380635632,-1.8449710607528687,-0.34497106075286865,attack,No
1683,1,0,0.008577484399966718,-5.279469966888428,-0.5294698476791382,attack,No
1684,1,0,0.02595735682104226,-3.809135913848877,-0.18413589894771576,attack,No
1685,1,0,0.24508500210441886,-1.6557939052581787,-0.5307938456535339,attack,No
1686,1,1,0.6224593312018546,-0.703184962272644,-1.203184962272644,attack,Yes
1687,1,1,0.8175744673038221,-0.32148391008377075,-1.821483850479126,attack,Yes
1688,1,1,0.9465966694469009,-0.16141296923160553,-3.0364129543304443,attack,Yes
1689,1,0,0.0007096703356961413,-7.637876987457275,-0.3878768980503082,attack,No
1690,1,0,0.002182715926080975,-6.378938674926758,-0.2539384365081787,attack,No
1691,1,0,0.06754669489377622,-3.1091814041137695,-0.4841814637184143,attack,No
1692,1,1,0.8354835371034369,-0.3686401844024658,-1.9936401844024658,attack,Yes
1693,1,0,0.015906393111335862,-4.340908527374268,-0.21590861678123474,attack,No
1694,1,0,0.0009110510858938316,-7.2528886795043945,-0.252888560295105,attack,No
1695,1,0,0.0010322311289482067,-7.1284637451171875,-0.25346383452415466,attack,No
1696,1,0,0.16451645880021026,-1.9667820930480957,-0.3417820632457733,attack,No
1697,1,1,0.9820137870111676,-0.07485073059797287,-4.074850559234619,attack,Yes
1698,1,1,0.5926665999540697,-0.8472034931182861,-1.2222034931182861,attack,Yes
1699,1,0,0.005911068243315901,-5.290650367736816,-0.16565026342868805,attack,No
1700,1,0,0.06754668550840877,-2.936304807662964,-0.3113047182559967,attack,No
1701,1,0,0.3486451488696663,-1.3046948909759521,-0.6796949505805969,attack,No
1702,1,0,0.03308598220236406,-3.685194492340088,-0.31019461154937744,attack,No
1703,1,1,0.8519527982093668,-0.2557547390460968,-2.0057547092437744,attack,Yes
1704,1,0,0.004070138017910765,-5.664071559906006,-0.16407163441181183,attack,No
1705,1,0,0.24508500761839525,-1.5169175863265991,-0.39191755652427673,attack,No
1706,1,1,0.7057850278370112,-0.5980972051620483,-1.4730972051620483,attack,Yes
1707,1,0,0.02931222905542399,-3.6406660079956055,-0.1406659483909607,attack,No
1708,1,0,0.00017952796667208246,-8.82682991027832,-0.20182989537715912,attack,No
1709,1,0,0.006692852311177695,-5.2579755783081055,-0.2579757869243622,attack,No
1710,1,0,0.00015843616717132347,-9.063538551330566,-0.31353822350502014,attack,No
1711,1,0,0.24508501313237172,-1.6320432424545288,-0.5070432424545288,attack,No
1712,1,0,0.0019267343767748358,-6.565001010894775,-0.31500086188316345,attack,No
1713,1,1,0.6224593312018546,-0.5743935108184814,-1.0743935108184814,attack,Yes
1714,1,0,0.0019267349498801579,-6.378979682922363,-0.12897983193397522,attack,No
1715,1,0,0.16451647108926923,-2.091108798980713,-0.46610885858535767,attack,No
1716,1,0,0.22270014914315833,-1.7187776565551758,-0.46877771615982056,attack,No
1717,1,0,0.0017007227656302545,-6.7634453773498535,-0.38844558596611023,attack,No
1718,1,0,0.010986940039882433,-4.653899192810059,-0.1538989543914795,attack,No
1719,1,1,0.7549149813536518,-0.3880976736545563,-1.5130976438522339,attack,Yes
1720,1,0,0.007577239474994629,-5.162606239318848,-0.28760600090026855,attack,No
1721,1,0,0.3208212878370535,-1.4317858219146729,-0.6817857623100281,attack,No
1722,1,1,0.5926665999540697,-0.62103670835495,-0.99603670835495,attack,Yes
1723,1,0,0.08509904268669496,-2.6371359825134277,-0.26213595271110535,attack,No
1724,1,0,0.000804085887740518,-7.377892971038818,-0.2528929114341736,attack,No
1725,1,1,0.9241418137109955,-0.18228444457054138,-2.682284355163574,attack,Yes
1726,1,0,0.007577240595535943,-5.194913864135742,-0.319913774728775,attack,No
1727,1,1,0.5926665999540697,-0.7264683246612549,-1.1014683246612549,attack,Yes
1728,1,0,0.007577242836619065,-5.134251117706299,-0.25925132632255554,attack,No
1729,1,1,0.984093609804333,-0.060274504125118256,-4.185274600982666,attack,Yes
1730,1,0,0.2227001594610082,-2.0637049674987793,-0.8137050867080688,attack,No
1731,1,0,0.18242552380635632,-1.8469696044921875,-0.3469696044921875,attack,No
1732,1,0,0.0021827165751612514,-6.32866096496582,-0.2036610245704651,attack,No
1733,1,1,0.7981867873410141,-0.4031493067741394,-1.7781493663787842,attack,Yes
1734,1,0,0.0028009270503612984,-6.1296257972717285,-0.2546258270740509,attack,No
1735,1,0,0.10669059678604234,-2.4262304306030273,-0.30123046040534973,attack,No
1736,1,0,0.014063628282948357,-4.5431413650512695,-0.2931414544582367,attack,No
1737,1,0,0.0028009267174000135,-6.264129161834717,-0.38912907242774963,attack,No
1738,1,0,0.00026119029964060775,-8.451777458190918,-0.201777383685112,attack,No
1739,1,0,0.008577484399966718,-4.983133792877197,-0.23313367366790771,attack,No
1740,1,0,0.0009110513029074721,-7.252839088439941,-0.25283920764923096,attack,No
1741,1,0,0.0009110512757807642,-7.161266803741455,-0.16126689314842224,attack,No
1742,1,0,0.0028009263011984638,-6.129563331604004,-0.2545630931854248,attack,No
1743,1,0,0.3486451488696663,-1.3184740543365479,-0.6934741139411926,attack,No
1744,1,0,0.11920293453832885,-2.4527125358581543,-0.45271265506744385,attack,No
1745,1,0,0.5,-0.9471195936203003,-0.9471195936203003,attack,No
1746,1,0,0.020332356310813628,-4.118757247924805,-0.24375739693641663,attack,No
1747,1,0,0.05340332678672523,-3.1745896339416504,-0.2995895743370056,attack,No
1748,1,1,0.679178699175393,-0.5805341005325317,-1.3305341005325317,attack,Yes
1749,1,0,0.02595735757455145,-3.8505568504333496,-0.2255568653345108,attack,No
1750,1,0,0.020332349484058054,-4.094911098480225,-0.2199109047651291,attack,No
1751,1,0,0.24508501313237172,-1.6208134889602661,-0.4958134889602661,attack,No
1752,1,0,0.4378234844434674,-1.0222020149230957,-0.7722019553184509,attack,No
1753,1,0,0.37754066879814546,-1.169087529182434,-0.6690875291824341,attack,No
1754,1,0,0.00013982203398293596,-9.002192497253418,-0.1271921992301941,attack,No
1755,1,0,0.3486451488696663,-1.5383379459381104,-0.9133380055427551,attack,No
1756,1,1,0.8354835330070839,-0.2854415476322174,-1.910441517829895,attack,Yes
1757,1,0,0.3486451217982255,-1.1980633735656738,-0.573063313961029,attack,No
1758,1,0,0.001700722158438928,-6.578157901763916,-0.20315775275230408,attack,No
1759,1,1,0.9241418241572634,-0.17782706022262573,-2.6778271198272705,attack,Yes
1760,1,0,0.04742587654349034,-3.159794330596924,-0.1597944051027298,attack,No
1761,1,0,0.07585818002124356,-2.751176357269287,-0.2511763572692871,attack,No
1762,1,0,0.04208772851637929,-3.2918386459350586,-0.1668386608362198,attack,No
1763,1,1,0.7981867777396212,-0.349084734916687,-1.724084734916687,attack,Yes
1764,1,0,0.012431651584958318,-4.698676109313965,-0.3236761689186096,attack,No
1765,1,0,0.02033235601399812,-4.054418087005615,-0.17941822111606598,attack,No
1766,1,0,0.03732688627322502,-3.4870052337646484,-0.23700520396232605,attack,No
1767,1,0,0.014063627869714051,-4.514001846313477,-0.26400190591812134,attack,No
1768,1,0,0.008577485413711986,-5.1436920166015625,-0.3936920166015625,attack,No
1769,1,0,0.0015011823907516671,-6.814924716949463,-0.31492480635643005,attack,No
1770,1,0,0.11920292828022305,-2.4191761016845703,-0.4191761612892151,attack,No
1771,1,0,0.10669059394565118,-2.5671932697296143,-0.44219326972961426,attack,No
1772,1,0,0.000430557273715801,-8.063980102539062,-0.3139805495738983,attack,No
1773,1,1,0.9579122672782973,-0.11685669422149658,-3.241856575012207,attack,Yes
1774,1,0,0.014063625390308462,-4.406321048736572,-0.15632092952728271,attack,No
1775,1,1,0.9324533060447605,-0.15862731635570526,-2.7836272716522217,attack,Yes
1776,1,0,0.037326888415033926,-3.5351693630218506,-0.285169392824173,attack,No
1777,1,0,0.0009110513300341806,-7.314477443695068,-0.3144775927066803,attack,No
1778,1,0,0.04208773031866069,-3.4142005443573,-0.2892006039619446,attack,No
1779,1,1,0.8175744806385543,-0.3481604754924774,-1.8481605052947998,attack,Yes
1780,1,1,0.5926665855647394,-0.7321003079414368,-1.107100248336792,attack,Yes
1781,1,0,0.008577487187766488,-5.070984840393066,-0.3209850490093231,attack,No
1782,1,0,0.0015011825247663551,-6.814664363861084,-0.3146645426750183,attack,No
1783,1,0,0.3208213138121609,-1.5061218738555908,-0.7561219334602356,attack,No
1784,1,0,0.017986210751676075,-4.144115447998047,-0.14411549270153046,attack,No
1785,1,1,0.6513548646660542,-0.5328245162963867,-1.1578245162963867,attack,Yes
1786,1,1,0.8519528057272543,-0.26334163546562195,-2.0133416652679443,attack,Yes
1787,1,0,0.0013250225158042191,-6.827986717224121,-0.20298679172992706,attack,No
1788,1,1,0.9525741308615412,-0.14275994896888733,-3.1427600383758545,attack,Yes
1789,1,0,0.2689414213699951,-1.655139684677124,-0.655139684677124,attack,No
1790,1,0,0.09534945975773548,-2.6804065704345703,-0.43040651082992554,attack,No
1791,1,0,0.0035936024747072553,-5.880280017852783,-0.2552799880504608,attack,No
1792,1,1,0.9579122699817195,-0.09523563832044601,-3.220235586166382,attack,Yes
1793,1,0,0.0009110511672739408,-7.144268989562988,-0.1442689597606659,attack,No
1794,1,0,0.37754066879814546,-1.155813217163086,-0.6558132171630859,attack,No
1795,1,1,0.7981867729389246,-0.32299795746803284,-1.6979979276657104,attack,Yes
1796,1,0,0.005220126815566807,-5.335209369659424,-0.08520958572626114,attack,No
1797,1,0,0.006692851419603695,-5.207681655883789,-0.20768173038959503,attack,No
1798,1,0,0.00037998437891047395,-8.077073097229004,-0.20207273960113525,attack,No
1799,1,0,0.2942149783515162,-1.3222249746322632,-0.44722500443458557,attack,No
1800,1,0,0.0953494648991095,-2.953923463821411,-0.7039234638214111,attack,no
1801,1,0,0.0015011821115544397,-6.6144118309021,-0.11441173404455185,attack,No
1802,1,0,0.001926734606016944,-6.565546035766602,-0.3155460059642792,attack,No
1803,1,0,0.24508500210441886,-1.5340814590454102,-0.4090813994407654,attack,No
1804,1,1,0.990291521297948,-0.06531309336423874,-4.69031286239624,attack,Yes
1805,1,1,0.990291524879525,-0.08940396457910538,-4.714404106140137,attack,Yes
1806,1,1,0.5926666143433998,-0.6677703261375427,-1.0427703857421875,attack,Yes
1807,1,1,0.5926665999540697,-0.7036266326904297,-1.0786266326904297,attack,Yes
1808,1,0,0.008577486174021013,-5.070346355438232,-0.3203464448451996,attack,No
1809,1,0,0.0013250226538317129,-6.878438949584961,-0.25343912839889526,attack,No
1810,1,1,0.977022631929847,-0.09409276396036148,-3.844092845916748,attack,Yes
1811,1,0,0.012431651219072064,-4.530152797698975,-0.155152827501297,attack,No
1812,1,0,0.004070137353478592,-5.664277076721191,-0.16427698731422424,attack,No
1813,1,0,0.4073334000459302,-1.1780661344528198,-0.8030661344528198,attack,No
1814,1,0,0.012431653414389749,-4.733900547027588,-0.3589007556438446,attack,No
1815,1,0,0.01798620785653302,-4.267502784729004,-0.26750266551971436,attack,No
1816,1,0,0.0005527785628311917,-7.702120304107666,-0.20212016999721527,attack,No
1817,1,0,0.0007096702934265129,-7.724721908569336,-0.474721759557724,attack,No
1818,1,0,0.001700722209038197,-6.5197649002075195,-0.14476478099822998,attack,No
1819,1,1,0.5621765008857981,-0.825234055519104,-1.075234055519104,attack,Yes
1820,1,0,0.4073334000459302,-1.2504262924194336,-0.8754262924194336,attack,No
1821,1,0,0.0675466911396291,-3.0308268070220947,-0.4058268070220947,attack,No
1822,1,1,0.6224593312018546,-0.8631950616836548,-1.3631950616836548,attack,Yes
1823,1,0,0.012431650304356473,-4.484671592712402,-0.10967154800891876,attack,No
1824,1,0,0.13296422989056964,-2.091911554336548,-0.2169114649295807,attack,No
1825,1,0,0.0004305569017595855,-8.224602699279785,-0.47460228204727173,attack,No
1826,1,0,0.24508500761839525,-1.561740756034851,-0.4367407262325287,attack,No
1827,1,0,0.08509904268669496,-2.6565794944763184,-0.28157946467399597,attack,No
1828,1,0,0.03308597981882656,-3.566495418548584,-0.19149546325206757,attack,No
1829,1,0,0.18242552380635632,-1.8152899742126465,-0.3152899742126465,attack,No
1830,1,0,0.015906389379279733,-4.300342082977295,-0.17534193396568298,attack,No
1831,1,0,0.4073334000459302,-1.2283275127410889,-0.8533275127410889,attack,No
1832,1,0,0.02033235452992065,-4.008198261260986,-0.1331983208656311,attack,No
1833,1,0,0.0013250222594674832,-6.907508373260498,-0.2825082540512085,attack,No
1834,1,0,0.004609571290546667,-5.581538200378418,-0.20653800666332245,attack,No
1835,1,0,8.48110543603399e-05,-9.688444137573242,-0.3134442865848541,attack,No
1836,1,0,0.006692849735519792,-5.257943630218506,-0.25794345140457153,attack,No
1837,1,0,0.11920293140927592,-2.341357707977295,-0.3413577973842621,attack,No
1838,1,0,0.0009110513029074721,-7.2528862953186035,-0.25288641452789307,attack,No
1839,1,1,0.7981867873410141,-0.46199101209640503,-1.8369910717010498,attack,Yes
1840,1,0,0.000552778702783526,-7.814141273498535,-0.3141413927078247,attack,No
1841,1,1,0.5312093733737563,-0.8087802529335022,-0.9337802529335022,attack,Yes
1842,1,1,0.9796676466573412,-0.09418010711669922,-3.969180107116699,attack,Yes
1843,1,0,0.015906389146026254,-4.3005547523498535,-0.17555458843708038,attack,No
1844,1,1,0.5926666143433998,-0.737066924571991,-1.1120669841766357,attack,Yes
1845,1,1,0.8807970842359877,-0.2286176085472107,-2.2286176681518555,attack,Yes
1846,1,0,0.07585818211049715,-2.775254487991333,-0.2752545177936554,attack,No
1847,1,0,0.0013250224566495835,-6.878244876861572,-0.25324490666389465,attack,No
1848,1,0,0.025957356444287677,-3.7766544818878174,-0.151654452085495,attack,No
1849,1,0,0.0035936022612815957,-5.830450534820557,-0.20545044541358948,attack,No
1850,1,0,0.10669060530721626,-2.50462007522583,-0.37962019443511963,attack,No
1851,1,1,0.7981867729389246,-0.37443283200263977,-1.7494328022003174,attack,Yes
1852,1,0,0.0021827160558970152,-6.650177955627441,-0.5251777768135071,attack,No
1853,1,0,0.0035936021545687705,-5.880642414093018,-0.255642294883728,attack,No
1854,1,0,0.3486451217982255,-1.2630996704101562,-0.6380996108055115,attack,No
1855,1,0,0.005220125074519377,-5.728175163269043,-0.4781750440597534,attack,No
1856,1,0,0.008577484653403024,-4.8287763595581055,-0.0787762701511383,attack,No
1857,1,0,0.004609571905888793,-5.5067458152771,-0.13174575567245483,attack,No
1858,1,0,0.00013982204439903312,-8.9541654586792,-0.07916523516178131,attack,No
1859,1,1,0.9324533060447605,-0.14854411780834198,-2.7735440731048584,attack,Yes
1860,1,1,0.6224593312018546,-0.6092712879180908,-1.1092712879180908,attack,Yes
1861,1,0,0.0005527785545987024,-7.752686977386475,-0.25268682837486267,attack,No
1862,1,1,0.9149009607937928,-0.20120279490947723,-2.576202869415283,attack,Yes
1863,1,0,0.0009110511944006454,-7.090657711029053,-0.09065771102905273,attack,No
1864,1,0,0.46879062662624377,-0.9222452640533447,-0.7972452640533447,attack,No
1865,1,0,0.04208772431105632,-3.255380630493164,-0.1303805410861969,attack,No
1866,1,0,0.033085981248949035,-3.656792640686035,-0.2817927300930023,attack,No
1867,1,0,0.16451644651115205,-2.0906386375427246,-0.46563851833343506,attack,No
1868,1,0,0.0017007227150309691,-6.725421905517578,-0.35042208433151245,attack,No
1869,1,0,0.37754066879814546,-1.1106352806091309,-0.6106352806091309,attack,No
1870,1,0,0.22270013882530884,-1.9616243839263916,-0.7116243839263916,attack,No
1871,1,0,0.02931222820745785,-3.910092830657959,-0.4100927412509918,attack,No
1872,1,0,0.00033535023537053653,-8.201876640319824,-0.2018769532442093,attack,No
1873,1,0,0.13296423676207594,-2.3393166065216064,-0.46431657671928406,attack,No
1874,1,0,0.40733341443526055,-1.0807163715362549,-0.7057164311408997,attack,No
1875,1,1,0.8175744850834649,-0.3054637312889099,-1.8054637908935547,attack,Yes
1876,1,0,0.2689414213699951,-1.5782541036605835,-0.5782541036605835,attack,No
1877,1,0,0.37754066879814546,-1.1920936107635498,-0.6920936107635498,attack,No
1878,1,1,0.8354835371034369,-0.25675809383392334,-1.8817580938339233,attack,Yes
1879,1,0,0.18242552380635632,-2.05417799949646,-0.55417799949646,attack,No
1880,1,1,0.8354835371034369,-0.2667708396911621,-1.891770839691162,attack,Yes
1881,1,0,0.0006263342327275096,-7.502773761749268,-0.12777388095855713,attack,No
1882,1,1,0.8807970904940926,-0.25183284282684326,-2.251832962036133,attack,Yes
1883,1,1,0.8519528057272543,-0.2713308036327362,-2.0213308334350586,attack,Yes
1884,1,0,0.04742587317756679,-3.508924722671509,-0.5089247226715088,attack,No
1885,1,0,0.060086649753226806,-2.873288154602051,-0.12328814715147018,attack,No
1886,1,1,0.9399133531922388,-0.2510032057762146,-3.0010032653808594,attack,Yes
1887,1,1,0.8933093975331751,-0.23142823576927185,-2.3564281463623047,attack,Yes
1888,1,0,0.005220125074519377,-5.457095623016357,-0.20709550380706787,attack,No
1889,1,0,0.2689414330889798,-1.4560673236846924,-0.45606738328933716,attack,No
1890,1,1,0.5926665999540697,-0.7020300626754761,-1.077030062675476,attack,Yes
1891,1,0,0.0017007222596374673,-6.763708114624023,-0.3887080252170563,attack,No
1892,1,1,0.7981867777396212,-0.3958170413970947,-1.7708170413970947,attack,Yes
1893,1,1,0.5312093733737563,-0.7985982894897461,-0.9235982894897461,attack,Yes
1894,1,1,0.9046505261034853,-0.2141789048910141,-2.4641788005828857,attack,Yes
1895,1,1,0.9241418116217418,-0.2038184404373169,-2.7038183212280273,attack,Yes
1896,1,1,0.7772998714925403,-0.5227765440940857,-1.7727766036987305,attack,Yes
1897,1,0,0.0015011820333792252,-6.975480079650879,-0.47547993063926697,attack,No
1898,1,0,0.0021827159585349845,-6.328577518463135,-0.20357729494571686,attack,No
1899,1,0,0.004070137564888817,-5.617788791656494,-0.11778875440359116,attack,No
1900,1,0,0.009708478773683474,-4.777117729187012,-0.15211796760559082,attack,No
1901,1,0,0.0013250221805946513,-6.80661153793335,-0.18161135911941528,attack,No
1902,1,1,0.9465966754730989,-0.1492873579263687,-3.024287462234497,attack,Yes
1903,1,1,0.7057850278370112,-0.5823200941085815,-1.4573200941085815,attack,Yes
1904,1,0,0.01243165231673086,-4.9083123207092285,-0.5333124399185181,attack,No
1905,1,1,0.7310585727705126,-0.39976170659065247,-1.39976167678833,attack,Yes
1906,1,0,0.13296425394084313,-2.349091053009033,-0.47409117221832275,attack,No
1907,1,0,0.05340332829327471,-3.1485607624053955,-0.2735607326030731,attack,No
1908,1,0,0.0010322309445614404,-7.077740669250488,-0.20274057984352112,attack,No
1909,1,1,0.8354835411997897,-0.2624393403530121,-1.8874393701553345,attack,Yes
1910,1,0,0.32082130731838393,-1.2445733547210693,-0.4945733845233917,attack,No
1911,1,1,0.754914997895581,-0.47935742139816284,-1.6043574810028076,attack,Yes
1912,1,0,0.11920293140927592,-2.421233654022217,-0.42123374342918396,attack,No
1913,1,0,0.002800926592539542,-6.037874698638916,-0.16287456452846527,attack,No
1914,1,0,0.02931222905542399,-3.599029064178467,-0.09902900457382202,attack,No
1915,1,0,0.16451647108926923,-2.1171107292175293,-0.4921107888221741,attack,No
1916,1,1,0.679178699175393,-0.5409286022186279,-1.290928602218628,attack,Yes
1917,1,1,0.9859363745063829,-0.05331266671419144,-4.3033127784729,attack,Yes
1918,1,0,0.46879062662624377,-1.0046424865722656,-0.8796424865722656,attack,No
1919,1,0,0.0028009265509193865,-6.1296257972717285,-0.2546256482601166,attack,No
1920,1,0,0.00970847490558041,-4.794096946716309,-0.16909678280353546,attack,No
1921,1,0,0.16451647108926923,-1.994946002960205,-0.36994606256484985,attack,No
1922,1,0,0.08509904500702024,-2.7049152851104736,-0.32991528511047363,attack,No
1923,1,0,0.042087729117139754,-3.4140195846557617,-0.2890196144580841,attack,No
1924,1,0,0.00970847848715727,-4.813746452331543,-0.18874666094779968,attack,No
1925,1,0,0.0004305571198028453,-7.877525329589844,-0.1275254189968109,attack,No
1926,1,0,0.005220125538798635,-5.53572416305542,-0.28572413325309753,attack,No
1927,1,0,0.014063627043245474,-4.837741851806641,-0.5877418518066406,attack,no
1928,1,0,0.0021827160558970152,-6.440187454223633,-0.3151872754096985,attack,No
1929,1,0,0.4073334000459302,-1.1641165018081665,-0.7891165018081665,attack,No
1930,1,0,0.4378234844434674,-1.10624098777771,-0.8562409281730652,attack,No
1931,1,1,0.8175744673038221,-0.4327850937843323,-1.9327850341796875,attack,Yes
1932,1,0,0.0035936020478559492,-5.85368537902832,-0.22868523001670837,attack,No
1933,1,1,0.9964063965915553,-0.05907892435789108,-5.684078693389893,attack,Yes
1934,1,0,0.01590639171181471,-4.391019821166992,-0.2660198211669922,attack,No
1935,1,0,0.002472623671188763,-6.315511703491211,-0.31551191210746765,attack,No
1936,1,0,0.34864513533394575,-1.3046282529830933,-0.6796282529830933,attack,No
1937,1,0,0.0008040858398518034,-7.600241184234619,-0.4752410650253296,attack,No
1938,1,0,0.00026119031131367456,-8.563726425170898,-0.31372639536857605,attack,No
1939,1,0,0.04208773031866069,-3.546074867248535,-0.42107492685317993,attack,No
1940,1,1,0.5621765008857981,-0.7349905967712402,-0.9849905967712402,attack,Yes
1941,1,0,0.2689414213699951,-1.5321017503738403,-0.5321017503738403,attack,No
1942,1,0,0.003172683219498529,-5.954867839813232,-0.20486795902252197,attack,No
1943,1,0,0.005220126467357275,-5.56794548034668,-0.3179456293582916,attack,No
1944,1,0,0.2689414213699951,-1.5059863328933716,-0.5059863328933716,attack,No
1945,1,0,0.0600866518571309,-2.986313819885254,-0.2363138496875763,attack,No
1946,1,0,0.007577240707590084,-5.0835280418396,-0.20852796733379364,attack,No
1947,1,0,0.022977371917159397,-3.931600332260132,-0.181600421667099,attack,No
1948,1,0,0.004609572931459185,-5.506665229797363,-0.1316653937101364,attack,No
1949,1,0,0.015906394510857135,-4.391524314880371,-0.2665244936943054,attack,No
1950,1,1,0.9525741308615412,-0.12503448128700256,-3.1250345706939697,attack,Yes
1951,1,0,0.005220126622117065,-5.456249713897705,-0.2062498927116394,attack,No
1952,1,1,0.679178699175393,-0.5410071611404419,-1.291007161140442,attack,Yes
1953,1,0,0.020332352155396922,-4.277957916259766,-0.40295785665512085,attack,No
1954,1,0,0.002800926967120973,-6.0380859375,-0.1630859375,attack,No
1955,1,1,0.5621765008857981,-0.8158878087997437,-1.0658878087997437,attack,Yes
1956,1,0,0.00132502237777674,-7.013331890106201,-0.3883318603038788,attack,No
1957,1,0,0.002182716380437148,-6.4081196784973145,-0.28311964869499207,attack,No
1958,1,0,0.0028009264676790765,-6.191006660461426,-0.31600648164749146,attack,No
1959,1,0,0.012431653231446594,-4.513779163360596,-0.13877935707569122,attack,No
1960,1,0,0.24508502416032488,-1.7738873958587646,-0.6488874554634094,attack,No
1961,1,0,0.0013250221904537553,-6.705589771270752,-0.08058959990739822,attack,No
1962,1,1,0.9859363697541884,-0.041258566081523895,-4.291258335113525,attack,Yes
1963,1,0,0.11920290950590741,-2.4191761016845703,-0.41917598247528076,attack,No
1964,1,0,0.06008665354025422,-3.0068140029907227,-0.25681406259536743,attack,No
1965,1,0,0.0006263343073456077,-7.424455642700195,-0.049455881118774414,attack,No
1966,1,0,0.0015011820780507757,-6.564413070678711,-0.06441295146942139,attack,No
1967,1,0,0.0005527787521784759,-7.752616882324219,-0.25261709094047546,attack,No
1968,1,0,0.0675466977093867,-2.868407726287842,-0.24340783059597015,attack,No
1969,1,0,0.008577486427457372,-5.070379734039307,-0.3203798532485962,attack,No
1970,1,0,0.03308598220236406,-3.7156147956848145,-0.340614914894104,attack,No
1971,1,0,0.000804086127184134,-7.407445907592773,-0.28244614601135254,attack,No
1972,1,0,0.006692851716795015,-5.207634925842285,-0.2076350450515747,attack,No
1973,1,0,0.004070138138716626,-5.705597400665283,-0.20559750497341156,attack,No
1974,1,0,0.0002959572545946931,-8.438560485839844,-0.31356096267700195,attack,No
1975,1,1,0.8519528038477825,-0.22538350522518158,-1.9753835201263428,attack,Yes
1976,1,1,0.8933094032139576,-0.1936817467212677,-2.3186817169189453,attack,Yes
1977,1,1,0.7310585727705126,-0.4228213131427765,-1.422821283340454,attack,Yes
1978,1,0,0.00970847848715727,-4.914649963378906,-0.28965017199516296,attack,No
1979,1,1,0.7310585727705126,-0.4677042067050934,-1.467704176902771,attack,Yes
1980,1,1,0.9933071492243107,-0.04092071205377579,-5.040920734405518,attack,Yes
1981,1,0,0.042087730919421175,-3.3652961254119873,-0.24029619991779327,attack,No
1982,1,0,0.012431651950844584,-4.611395835876465,-0.236395925283432,attack,No
1983,1,0,0.3486451217982255,-1.28708815574646,-0.6620880961418152,attack,No
1984,1,0,0.0013250222200310669,-6.878760814666748,-0.2537606656551361,attack,No
1985,1,0,0.008577487187766488,-4.884953498840332,-0.13495370745658875,attack,No
1986,1,0,0.0013250221411582371,-6.827915668487549,-0.20291545987129211,attack,No
1987,1,0,0.02931222905542399,-3.8376052379608154,-0.33760517835617065,attack,No
1988,1,0,0.005911068681121534,-5.5169196128845215,-0.3919195830821991,attack,No
1989,1,0,0.0024726227890962764,-6.315904140472412,-0.31590399146080017,attack,No
1990,1,0,0.4378235137849365,-1.0921361446380615,-0.8421362042427063,attack,No
1991,1,0,0.0007096703568309563,-7.724875450134277,-0.47487539052963257,attack,No
1992,1,0,0.00013982204439903312,-9.00219440460205,-0.12719418108463287,attack,No
1993,1,0,0.07585818002124356,-2.847323417663574,-0.3473234176635742,attack,No
1994,1,1,0.754914975839675,-0.3999527096748352,-1.5249526500701904,attack,Yes
1995,1,0,0.033085978388704126,-3.7880804538726807,-0.41308045387268066,attack,No
1996,1,0,0.09534947004048376,-2.9554316997528076,-0.7054317593574524,attack,No
1997,1,0,0.007577242612510723,-5.230864524841309,-0.3558647036552429,attack,No
1998,1,0,0.012431651950844584,-4.699174880981445,-0.3241749703884125,attack,No
1999,1,0,0.0006263341954184638,-7.446457862854004,-0.07145792245864868,attack,No
2000,1,0,0.0015011825247663551,-7.077331066131592,-0.5773312449455261,attack,No
2001,1,0,0.037326888415033926,-3.6662356853485107,-0.41623571515083313,attack,No
2002,1,0,0.4073334000459302,-1.1780658960342407,-0.8030658960342407,attack,No
2003,1,1,0.7981867873410141,-0.4286276698112488,-1.8036277294158936,attack,Yes
2004,1,1,0.880797071719777,-0.30299288034439087,-2.302992820739746,attack,Yes
2005,1,1,0.7057850278370112,-0.673237681388855,-1.548237681388855,attack,Yes
2006,1,0,0.01590639427760358,-4.365183353424072,-0.2401835173368454,attack,No
2007,1,0,0.01098694263059318,-5.083515644073486,-0.5835156440734863,attack,No
2008,1,1,0.754914975839675,-0.5175257325172424,-1.6425256729125977,attack,Yes
2009,1,0,0.05340332678672523,-3.10756516456604,-0.23256510496139526,attack,No
2010,1,0,0.0028009267174000135,-6.129805564880371,-0.25480547547340393,attack,No
2011,1,0,0.009708476768000214,-4.713546276092529,-0.08854630589485168,attack,No
2012,1,0,0.012431647926096252,-4.6394147872924805,-0.26441454887390137,attack,No
2013,1,0,0.0009110509773870306,-7.226641654968262,-0.22664141654968262,attack,No
2014,1,1,0.6224593171945417,-0.6438670754432678,-1.143867015838623,attack,Yes
2015,1,0,0.5,-0.9396263360977173,-0.9396263360977173,attack,No
2016,1,0,0.0010322308216369478,-7.077617645263672,-0.20261743664741516,attack,No
2017,1,1,0.9046505415276079,-0.16679255664348602,-2.416792631149292,attack,Yes
2018,1,1,0.6224593312018546,-0.7573126554489136,-1.2573126554489136,attack,Yes
2019,1,0,0.06754668926255561,-2.888288974761963,-0.2632889449596405,attack,No
2020,1,0,0.32082130082460697,-1.3385956287384033,-0.5885956287384033,attack,No
2021,1,0,0.0004305570171942387,-8.002527236938477,-0.2525270879268646,attack,No
2022,1,0,0.20181322226037882,-1.8795503377914429,-0.5045503377914429,attack,No
2023,1,0,0.0035936022612815957,-5.829956531524658,-0.20495644211769104,attack,No
2024,1,1,0.5926665999540697,-0.7116074562072754,-1.0866074562072754,attack,Yes
2025,1,0,0.04208773031866069,-3.4134981632232666,-0.2884982228279114,attack,No
2026,1,0,0.24508501313237172,-1.628053903579712,-0.5030539035797119,attack,No
2027,1,0,0.0002034269659324807,-8.813544273376465,-0.31354421377182007,attack,No
2028,1,0,0.00407013783670198,-5.755758762359619,-0.25575879216194153,attack,No
2029,1,1,0.8933094174159129,-0.2020934820175171,-2.3270936012268066,attack,Yes
2030,1,0,0.00048785735529723593,-8.012502670288086,-0.38750314712524414,attack,No
2031,1,0,0.007577241267860811,-5.229679107666016,-0.3546791076660156,attack,No
2032,1,1,0.9840936102708402,-0.07959257811307907,-4.204592704772949,attack,Yes
2033,1,0,0.2689414330889798,-1.7850985527038574,-0.7850986123085022,attack,No
2034,1,1,0.6224593312018546,-0.7108163833618164,-1.2108163833618164,attack,Yes
2035,1,1,0.8175744850834649,-0.35978883504867554,-1.8597888946533203,attack,Yes
2036,1,0,0.0007096704413702227,-7.637568950653076,-0.38756901025772095,attack,No
2037,1,0,0.0024726225685732036,-6.476323127746582,-0.47632288932800293,attack,No
2038,1,0,0.004609572726345088,-5.765876770019531,-0.3908768892288208,attack,No
2039,1,1,0.5621765008857981,-0.8041080236434937,-1.0541080236434937,attack,Yes
2040,1,0,0.004609572521231,-5.539809226989746,-0.16480930149555206,attack,No
2041,1,1,0.7310585786300049,-0.4861549139022827,-1.4861549139022827,attack,Yes
2042,1,1,0.6224593312018546,-0.6643960475921631,-1.164396047592163,attack,Yes
2043,1,0,0.46879062662624377,-1.1887973546981812,-1.0637973546981812,attack,No
2044,1,0,0.012431649938470258,-4.611422061920166,-0.23642198741436005,attack,No
2045,1,1,0.867035752930664,-0.38613802194595337,-2.2611379623413086,attack,Yes
2046,1,0,0.13296422989056964,-2.3077714443206787,-0.43277135491371155,attack,No
2047,1,0,0.029312227359491745,-3.9951515197753906,-0.4951514005661011,attack,No
2048,1,1,0.8354835452961425,-0.433402955532074,-2.0584030151367188,attack,Yes
2049,1,1,0.5621765008857981,-0.6643819808959961,-0.9143819808959961,attack,Yes
2050,1,1,0.7310585786300049,-0.6470481157302856,-1.6470481157302856,attack,Yes
2051,1,0,0.0015011822344012133,-6.661795139312744,-0.16179512441158295,attack,No
2052,1,0,0.020332356310813628,-4.145520210266113,-0.2705203592777252,attack,No
2053,1,1,0.7057850402140659,-0.7493748068809509,-1.6243748664855957,attack,Yes
2054,1,0,0.00043055714545500067,-8.002802848815918,-0.2528029978275299,attack,No
2055,1,0,0.0028009270711713795,-5.978330612182617,-0.10333064943552017,attack,No
2056,1,0,0.0007096702722916998,-7.637596607208252,-0.3875964283943176,attack,No
2057,1,1,0.7772998508568416,-0.42632538080215454,-1.6763253211975098,attack,Yes
2058,1,0,0.20181323186177208,-2.026580572128296,-0.6515806317329407,attack,No
2059,1,0,0.02033235067131973,-4.037489414215088,-0.16248928010463715,attack,No
2060,1,0,0.0007096703145613268,-7.564000606536865,-0.3140004873275757,attack,No
2061,1,0,0.09534945461636171,-2.5896873474121094,-0.3396872282028198,attack,No
2062,1,0,0.02595735719779685,-3.960265874862671,-0.3352658748626709,attack,No
2063,1,0,0.004070137353478592,-5.664148807525635,-0.1641487181186676,attack,No
2064,1,0,0.09534947518185825,-2.4348535537719727,-0.1848536729812622,attack,No
2065,1,0,0.22270014398423357,-1.5906509160995483,-0.3406509459018707,attack,No
2066,1,1,0.7549149868676283,-0.45168304443359375,-1.5766830444335938,attack,Yes
2067,1,0,0.022977370244547896,-3.995938539505005,-0.24593855440616608,attack,No
2068,1,0,0.00037998450909180554,-8.077066421508789,-0.20206640660762787,attack,No
2069,1,0,0.017986213120429816,-4.1965837478637695,-0.19658392667770386,attack,No
2070,1,0,0.13296422989056964,-2.306163787841797,-0.4311636984348297,attack,No
2071,1,0,0.005220125190589188,-5.334084987640381,-0.0840848907828331,attack,No
2072,1,0,0.2942149845400438,-1.5130462646484375,-0.6380463242530823,attack,No
2073,1,1,0.9579122732859019,-0.16019555926322937,-3.2851955890655518,attack,Yes
2074,1,0,0.004609573136573289,-5.631436824798584,-0.2564370334148407,attack,No
2075,1,0,0.020332353342658753,-4.173494338989258,-0.2984943389892578,attack,No
2076,1,0,0.007577239811157005,-4.971461296081543,-0.09646110236644745,attack,No
2077,1,1,0.5312093733737563,-0.9909673929214478,-1.1159673929214478,attack,Yes
2078,1,0,0.0010322309445614404,-7.1280293464660645,-0.2530292570590973,attack,No
2079,1,1,0.6224593452091672,-0.6746315360069275,-1.1746315956115723,attack,Yes
2080,1,0,0.015906394044350028,-4.340941905975342,-0.21594205498695374,attack,No
2081,1,0,0.01406362497707424,-4.442639350891113,-0.19263920187950134,attack,No
2082,1,0,0.16451647108926923,-2.093665838241577,-0.4686658978462219,attack,No
2083,1,0,0.09534945718704857,-2.5422306060791016,-0.2922305166721344,attack,No
2084,1,0,0.3775406547908327,-1.2574996948242188,-0.757499635219574,attack,No
2085,1,1,0.8354835411997897,-0.32038089632987976,-1.9453809261322021,attack,Yes
2086,1,1,0.9992903296537365,-0.11358825862407684,-7.363588333129883,attack,Yes
2087,1,0,0.04742586913845881,-3.134692430496216,-0.13469234108924866,attack,No
2088,1,0,0.01590639077880068,-4.487277507781982,-0.36227744817733765,attack,No
2089,1,0,0.0015011826141094868,-6.814855575561523,-0.31485581398010254,attack,No
2090,1,1,0.7981867777396212,-0.331856369972229,-1.706856369972229,attack,Yes
2091,1,1,0.904650536386234,-0.2017211765050888,-2.45172119140625,attack,Yes
2092,1,0,0.4073334000459302,-1.271496295928955,-0.8964962959289551,attack,No
2093,1,0,0.0006263342886910823,-7.688850402832031,-0.31385061144828796,attack,No
2094,1,1,0.6513548646660542,-0.7153815031051636,-1.3403815031051636,attack,Yes
2095,1,0,0.004609572179374208,-5.580979347229004,-0.2059793472290039,attack,No
2096,1,0,0.04742587587030561,-3.224560022354126,-0.22456008195877075,attack,No
2097,1,0,0.0011695100213620223,-6.931177139282227,-0.18117693066596985,attack,No
2098,1,1,0.8519528057272543,-0.24611517786979675,-1.9961152076721191,attack,Yes
2099,1,0,0.2942149597859341,-1.4696710109710693,-0.5946709513664246,attack,No
2100,1,0,0.3208212878370535,-1.339137077331543,-0.5891370177268982,attack,No
2101,1,1,0.8354835371034369,-0.32038116455078125,-1.9453811645507812,attack,Yes
2102,1,1,0.8354835330070839,-0.3298877775669098,-1.9548877477645874,attack,Yes
2103,1,0,0.009708477627578704,-4.947081565856934,-0.32208168506622314,attack,No
2104,1,0,0.24508501313237172,-1.678606629371643,-0.5536066293716431,attack,No
2105,1,0,0.0009110510858938316,-7.2527899742126465,-0.25278985500335693,attack,No
2106,1,0,0.08509904036636974,-2.8722753524780273,-0.49727529287338257,attack,No
2107,1,1,0.9770226277483183,-0.05431996285915375,-3.8043198585510254,attack,Yes
2108,1,0,0.3208213138121609,-1.3879663944244385,-0.6379664540290833,attack,No
2109,1,0,0.1645164628965632,-2.4070816040039062,-0.7820816040039062,attack,no
2110,1,1,0.6513548511303336,-0.6728914380073547,-1.29789137840271,attack,Yes
2111,1,0,0.0850990519679964,-2.7637953758239746,-0.3887954652309418,attack,No
2112,1,0,0.14804721306746543,-2.401822566986084,-0.6518226861953735,attack,No
2113,1,1,0.798186768138228,-0.3531723618507385,-1.7281723022460938,attack,Yes
2114,1,0,0.01098694263059318,-4.857765197753906,-0.35776519775390625,attack,No
2115,1,1,0.9399133498259924,-0.21654653549194336,-2.9665465354919434,attack,Yes
2116,1,0,0.0008040858398518034,-7.377954959869385,-0.2529548406600952,attack,No
2117,1,0,0.1480472055495773,-2.1186180114746094,-0.36861807107925415,attack,No
2118,1,0,0.0006263341208003788,-7.689247131347656,-0.3142470717430115,attack,No
2119,1,0,0.00023050674946534992,-8.445298194885254,-0.07029831409454346,attack,No
2120,1,1,0.6513548782017746,-0.5954160094261169,-1.2204160690307617,attack,Yes
2121,1,0,0.03308597886541159,-3.4973840713500977,-0.12238408625125885,attack,No
2122,1,0,0.020332352155396922,-4.2052154541015625,-0.3302153944969177,attack,No
2123,1,0,0.3775406828054583,-1.277296543121338,-0.7772966027259827,attack,No
2124,1,0,0.04208772791561884,-3.4426426887512207,-0.3176426887512207,attack,No
2125,1,0,0.002182716380437148,-6.37908935546875,-0.2540893256664276,attack,No
2126,1,0,0.5,-0.9021897315979004,-0.9021897315979004,attack,No
2127,1,0,0.37754066879814546,-1.2470816373825073,-0.7470816373825073,attack,No
2128,1,1,0.9046505415276079,-0.1962060183286667,-2.4462060928344727,attack,Yes
2129,1,0,0.005220125384038879,-5.829381942749023,-0.5793818831443787,attack,No
2130,1,1,0.9953904278889971,-0.05351732671260834,-5.4285173416137695,attack,Yes
2131,1,0,0.0024726237446964848,-6.389815330505371,-0.3898155689239502,attack,No
2132,1,1,0.8519528132451416,-0.4685327112674713,-2.2185328006744385,attack,Yes
2133,1,1,0.6513548646660542,-0.6208295822143555,-1.2458295822143555,attack,Yes
2134,1,1,0.7549149923816048,-0.49288639426231384,-1.6178864240646362,attack,Yes
2135,1,0,0.0017007227403306115,-6.556552410125732,-0.18155260384082794,attack,No
2136,1,1,0.7772998714925403,-0.4461438059806824,-1.6961438655853271,attack,Yes
2137,1,1,0.679178699175393,-0.4785395860671997,-1.2285395860671997,attack,Yes
2138,1,0,0.007577241491969114,-5.107377529144287,-0.2323775589466095,attack,No
2139,1,1,0.9669140211345884,-0.20683051645755768,-3.5818305015563965,attack,Yes
2140,1,0,0.001032230898464754,-7.077672958374023,-0.2026728242635727,attack,No
2141,1,1,0.6791786861878392,-0.5918043255805969,-1.3418042659759521,attack,Yes
2142,1,0,0.02297737057907019,-3.8988051414489746,-0.148805171251297,attack,No
2143,1,1,0.9465966686936261,-0.1495218575000763,-3.024521827697754,attack,Yes
2144,1,0,0.4378235137849365,-1.043771505355835,-0.7937715649604797,attack,No
2145,1,0,0.22270013882530884,-1.812928318977356,-0.562928318977356,attack,No
2146,1,0,0.015906393111335862,-4.300249099731445,-0.17524918913841248,attack,No
2147,1,0,0.22270014398423357,-1.6862543821334839,-0.4362544119358063,attack,No
2148,1,1,0.5312093882168609,-0.8965198397636414,-1.0215198993682861,attack,Yes
2149,1,0,0.001032231251872736,-7.189363956451416,-0.31436416506767273,attack,No
2150,1,1,0.7057850278370112,-0.6568989753723145,-1.5318989753723145,attack,Yes
2151,1,0,0.24508501313237172,-1.6748533248901367,-0.5498533248901367,attack,No
2152,1,0,0.1329642333263228,-2.226017475128174,-0.35101741552352905,attack,No
2153,1,0,0.4073334000459302,-1.3321614265441895,-0.9571614265441895,attack,No
2154,1,0,0.04742587250438209,-3.0950117111206055,-0.09501169621944427,attack,No
2155,1,1,0.8933094003735664,-0.18092089891433716,-2.3059208393096924,attack,Yes
2156,1,0,0.007577241716077422,-5.162838935852051,-0.28783899545669556,attack,No
2157,1,0,0.0010322310982170768,-7.128017902374268,-0.25301796197891235,attack,No
2158,1,0,0.010986940039882433,-4.762270927429199,-0.2622706890106201,attack,No
2159,1,0,0.02033235452992065,-3.9736905097961426,-0.09869056940078735,attack,No
2160,1,0,0.002182716380437148,-6.514005661010742,-0.3890056312084198,attack,No
2161,1,0,0.060086646807761206,-3.4302713871002197,-0.680271327495575,attack,No
2162,1,0,0.015906394510857135,-4.6107282638549805,-0.4857284426689148,attack,No
2163,1,1,0.7981867825403176,-0.4145793616771698,-1.7895793914794922,attack,Yes
2164,1,1,0.9241418231126367,-0.2307881861925125,-2.730788230895996,attack,Yes
2165,1,0,0.0013250222791856916,-6.786721706390381,-0.1617216020822525,attack,No
2166,1,0,0.04742587654349034,-3.172163248062134,-0.17216332256793976,attack,No
2167,1,0,0.00012339462011013352,-9.201666831970215,-0.2016671895980835,attack,No
2168,1,1,0.7310585786300049,-0.3957192897796631,-1.395719289779663,attack,Yes
2169,1,0,0.2689414330889798,-1.7339057922363281,-0.7339058518409729,attack,No
2170,1,1,0.5312093882168609,-0.8848373293876648,-1.0098373889923096,attack,Yes
2171,1,0,0.0006263340461823029,-7.849740982055664,-0.47474080324172974,attack,No
2172,1,0,0.0035936022612815957,-5.880177021026611,-0.25517693161964417,attack,No
2173,1,0,0.0010322310213892558,-7.0363240242004395,-0.16132400929927826,attack,No
2174,1,0,0.0004305571005637297,-7.952023506164551,-0.20202355086803436,attack,No
2175,1,0,0.3208213138121609,-1.349463701248169,-0.5994637608528137,attack,No
2176,1,0,0.003172682371218578,-6.066022872924805,-0.31602272391319275,attack,No
2177,1,0,0.015906394977364253,-4.299766540527344,-0.17476674914360046,attack,No
2178,1,0,0.4073334000459302,-1.3237897157669067,-0.9487897157669067,attack,No
2179,1,0,0.0011695101606154403,-7.137958526611328,-0.38795843720436096,attack,No
2180,1,1,0.7549149923816048,-0.4267883002758026,-1.551788330078125,attack,Yes
2181,1,0,0.4073334000459302,-1.2431925535202026,-0.8681925535202026,attack,No
2182,1,0,0.0046095718375174415,-5.580780029296875,-0.20577995479106903,attack,No
2183,1,0,0.006692849339264817,-5.257634162902832,-0.25763392448425293,attack,No
2184,1,0,0.04208772491181671,-3.2921488285064697,-0.16714875400066376,attack,No
2185,1,0,0.0010322312211416022,-7.262828350067139,-0.387828528881073,attack,No
2186,1,0,0.0013250222200310669,-7.013713359832764,-0.38871321082115173,attack,No
2187,1,0,0.01798620575097472,-4.443181037902832,-0.44318079948425293,attack,No
2188,1,0,0.0010322311750449035,-7.077718734741211,-0.20271886885166168,attack,No
2189,1,0,0.0850990519679964,-2.731220245361328,-0.3562203347682953,attack,No
2190,1,1,0.9706877684006775,-0.12532952427864075,-3.6253294944763184,attack,Yes
2191,1,1,0.914900945711678,-0.19417154788970947,-2.56917142868042,attack,Yes
2192,1,0,0.00037998442419093204,-8.035687446594238,-0.16068720817565918,attack,No
2193,1,0,0.14804718675485834,-2.0568344593048096,-0.3068343698978424,attack,No
2194,1,0,0.4073334000459302,-1.1214039325714111,-0.7464039325714111,attack,No
2195,1,0,0.4378234844434674,-1.051551342010498,-0.8015512824058533,attack,No
2196,1,0,0.006692849933647288,-5.28711462020874,-0.2871144711971283,attack,No
2197,1,1,0.9914225146496473,-0.0581507608294487,-4.808150768280029,attack,Yes
2198,1,0,0.20181322226037882,-1.953595519065857,-0.5785955190658569,attack,No
2199,1,1,0.7057850154599563,-0.6738172173500061,-1.5488171577453613,attack,Yes
2200,1,1,0.6791786861878392,-0.6012828946113586,-1.3512828350067139,attack,Yes
2201,1,0,0.0015011819663719016,-6.6617841720581055,-0.16178397834300995,attack,No
2202,1,0,0.0005527786039936393,-7.752555847167969,-0.252555787563324,attack,No
2203,1,0,0.0005527786863185436,-7.752473831176758,-0.252473920583725,attack,No
2204,1,0,0.003593602207925183,-5.755478382110596,-0.13047827780246735,attack,No
2205,1,0,0.0003799845515422494,-7.954792499542236,-0.07979259639978409,attack,No
2206,1,0,0.020332352452212373,-3.9839677810668945,-0.10896773636341095,attack,No
2207,1,1,0.6513548646660542,-0.5315850973129272,-1.1565850973129272,attack,Yes
2208,1,1,0.6224593312018546,-0.6879968643188477,-1.1879968643188477,attack,Yes
2209,1,0,0.025957354183760273,-3.777179718017578,-0.15217959880828857,attack,No
2210,1,1,0.679178699175393,-0.6531052589416504,-1.4031052589416504,attack,Yes
2211,1,0,0.1329642333263228,-2.14814829826355,-0.27314823865890503,attack,No
2212,1,0,0.24508502416032488,-1.7738873958587646,-0.6488874554634094,attack,No
2213,1,0,0.1329642333263228,-2.2479562759399414,-0.37295621633529663,attack,No
2214,1,1,0.9626731134590488,-0.11467144638299942,-3.364671468734741,attack,Yes
2215,1,0,0.007577241716077422,-5.1944756507873535,-0.3194757103919983,attack,No
2216,1,0,0.24508501313237172,-1.6740459203720093,-0.5490459203720093,attack,No
2217,1,0,0.022977367902892003,-4.050919055938721,-0.30091896653175354,attack,No
2218,1,0,0.03732688306051187,-3.7532496452331543,-0.5032495260238647,attack,No
2219,1,1,0.5621765008857981,-1.0815489292144775,-1.3315489292144775,attack,Yes
2220,1,0,0.00029595697684032553,-8.30527114868164,-0.18027068674564362,attack,No
2221,1,0,0.037326887344129464,-3.509430408477783,-0.2594304084777832,attack,No
2222,1,0,0.2689414213699951,-1.6169400215148926,-0.6169400215148926,attack,No
2223,1,0,0.24508501313237172,-1.581917643547058,-0.4569176435470581,attack,No
2224,1,0,0.005220125074519377,-5.53572416305542,-0.28572404384613037,attack,No
2225,1,0,0.22270012850745968,-1.6593832969665527,-0.40938323736190796,attack,No
2226,1,0,0.1824255415859996,-2.0987887382507324,-0.598788857460022,attack,No
2227,1,0,0.002800926384438769,-6.191030502319336,-0.3160302937030792,attack,No
2228,1,0,0.03308597648187432,-3.5191354751586914,-0.14413541555404663,attack,No
2229,1,0,0.07585817584273653,-2.8471479415893555,-0.3471478819847107,attack,No
2230,1,1,0.9525741298517642,-0.11599700897932053,-3.115997076034546,attack,Yes
2231,1,1,0.7057850154599563,-0.6771596074104309,-1.5521595478057861,attack,Yes
2232,1,0,0.02033235452992065,-4.14508581161499,-0.270085871219635,attack,No
2233,1,1,0.6224593452091672,-0.6632618308067322,-1.163261890411377,attack,Yes
2234,1,0,0.16451645880021026,-1.9695274829864502,-0.3445274531841278,attack,No
2235,1,0,0.22270012850745968,-1.8401226997375488,-0.590122640132904,attack,No
2236,1,0,0.0013250224566495835,-6.878601551055908,-0.2536015808582306,attack,No
2237,1,1,0.7549149868676283,-0.44213366508483887,-1.5671336650848389,attack,Yes
2238,1,0,0.0011695103694955987,-6.952660083770752,-0.20266017317771912,attack,No
2239,1,1,0.7549149923816048,-0.4423898160457611,-1.5673898458480835,attack,Yes
2240,1,0,0.0005527786286911093,-7.702111721038818,-0.20211170613765717,attack,No
2241,1,0,0.2689414213699951,-1.5545352697372437,-0.5545352697372437,attack,No
2242,1,1,0.9820137929330514,-0.06831057369709015,-4.068310737609863,attack,Yes
2243,1,0,0.0019267347779485435,-6.503714084625244,-0.2537141442298889,attack,No
2244,1,0,0.00522012615783771,-5.641201972961426,-0.39120206236839294,attack,No
2245,1,0,0.06754669489377622,-3.0663340091705322,-0.441334068775177,attack,No
2246,1,0,0.006692851221476155,-5.095629692077637,-0.0956297367811203,attack,No
2247,1,0,0.0008040857440743825,-7.439268112182617,-0.3142678737640381,attack,No
2248,1,0,0.03732689162774753,-3.5954251289367676,-0.34542524814605713,attack,No
2249,1,0,0.0019267350645012428,-6.565056324005127,-0.31505653262138367,attack,No
2250,1,0,0.0004878570355891808,-7.725790023803711,-0.10078984498977661,attack,No
2251,1,0,0.03308598220236406,-3.6565451622009277,-0.2815452814102173,attack,No
2252,1,0,0.14804720930852133,-2.0948286056518555,-0.34482869505882263,attack,No
2253,1,0,0.00020342704927623522,-8.600739479064941,-0.10073982924222946,attack,No
2254,1,0,0.3486451217982255,-1.2191228866577148,-0.5941228270530701,attack,No
2255,1,0,0.09534947261117097,-2.502776622772217,-0.25277671217918396,attack,No
2256,1,0,0.2018132174596823,-1.7591406106948853,-0.38414058089256287,attack,No
2257,1,0,0.0028009275498032983,-6.264171123504639,-0.3891713321208954,attack,No
2258,1,0,0.01098694327827096,-4.761617183685303,-0.2616172432899475,attack,No
2259,1,0,0.012431650121413363,-4.7717766761779785,-0.39677661657333374,attack,No
2260,1,0,0.05340332678672523,-3.0411758422851562,-0.16617578268051147,attack,No
2261,1,0,0.0017007227150309691,-6.577996730804443,-0.20299690961837769,attack,No
2262,1,1,0.5312093733737563,-0.7899378538131714,-0.9149378538131714,attack,Yes
2263,1,0,0.03308598029553404,-3.9768264293670654,-0.6018264889717102,attack,no
2264,1,1,0.8519528019683106,-0.22271192073822021,-1.9727119207382202,attack,Yes
2265,1,0,0.02297736991002561,-3.898728847503662,-0.1487288475036621,attack,No
2266,1,1,0.754914997895581,-0.47935742139816284,-1.6043574810028076,attack,Yes
2267,1,0,0.34864513533394575,-1.2415838241577148,-0.6165838241577148,attack,No
2268,1,0,0.0028009274665629583,-6.037985801696777,-0.16298598051071167,attack,No
2269,1,0,0.0031726833137518703,-5.954457759857178,-0.20445790886878967,attack,No
2270,1,0,0.005911069731855184,-5.443271160125732,-0.31827130913734436,attack,No
2271,1,0,0.0028009274665629583,-6.40045690536499,-0.5254570841789246,attack,No
2272,1,0,0.004070138199119559,-5.755736351013184,-0.25573647022247314,attack,No
2273,1,0,0.002472623303650189,-6.389103412628174,-0.3891034722328186,attack,No
2274,1,1,0.9980732655300955,-0.04505576565861702,-6.295055866241455,attack,Yes
2275,1,0,0.3486451488696663,-1.306095838546753,-0.6810958981513977,attack,No
2276,1,0,0.00359360194114313,-5.853875160217285,-0.22887498140335083,attack,No
2277,1,0,0.005911070257222078,-5.382410049438477,-0.25741028785705566,attack,No
2278,1,0,0.37754066879814546,-1.1517502069473267,-0.6517502069473267,attack,No
2279,1,1,0.754914997895581,-0.43411964178085327,-1.559119701385498,attack,Yes
2280,1,0,0.0021827165751612514,-6.270047187805176,-0.14504724740982056,attack,No
2281,1,0,0.00023050670825703587,-8.627266883850098,-0.2522668242454529,attack,No
2282,1,0,0.0003799843675903602,-8.035674095153809,-0.16067370772361755,attack,No
2283,1,0,0.37754066879814546,-1.500176191329956,-1.000176191329956,attack,no
2284,1,1,0.7549149813536518,-0.3950439989566803,-1.520043969154358,attack,Yes
2285,1,0,0.2942149597859341,-1.4380240440368652,-0.5630239844322205,attack,No
2286,1,0,0.34864513533394575,-1.3211959600448608,-0.6961959600448608,attack,No
2287,1,1,0.851952809486198,-0.2754341959953308,-2.0254342555999756,attack,Yes
2288,1,0,0.01243165213378772,-4.487773895263672,-0.11277399957180023,attack,No
2289,1,1,0.7310585669110203,-0.489044725894928,-1.4890446662902832,attack,Yes
2290,1,1,0.9324533097989077,-0.16765736043453217,-2.7926573753356934,attack,Yes
2291,1,0,0.22270013882530884,-1.8908302783966064,-0.6408302783966064,attack,No
2292,1,1,0.9770226295881911,-0.1049964651465416,-3.8549964427948,attack,Yes
2293,1,1,0.9770226314280634,-0.09674185514450073,-3.8467419147491455,attack,Yes
2294,1,0,0.0031726830309918535,-5.933162212371826,-0.18316227197647095,attack,No
2295,1,1,0.9984988178996135,-0.06361378729343414,-6.5636138916015625,attack,Yes
2296,1,0,0.010986944897465581,-4.671176433563232,-0.17117664217948914,attack,No
2297,1,0,0.00407013711186692,-5.817101001739502,-0.31710085272789,attack,No
2298,1,0,0.012431652911296078,-4.430647373199463,-0.05564754083752632,attack,No
2299,1,0,0.05340332829327471,-3.2325079441070557,-0.3575079143047333,attack,No
2300,1,0,0.01243165231673086,-4.734038352966309,-0.35903847217559814,attack,No
2301,1,0,0.34864513533394575,-1.3246185779571533,-0.6996185779571533,attack,No
2302,1,1,0.7772998663336157,-0.3392673432826996,-1.589267373085022,attack,Yes
2303,1,0,0.002472623009619369,-6.2545905113220215,-0.2545904517173767,attack,No
2304,1,0,0.24508500210441886,-1.9185256958007812,-0.7935256361961365,attack,No
2305,1,0,0.37754066879814546,-1.1000828742980957,-0.6000828742980957,attack,No
2306,1,1,0.904650527388829,-0.28121671080589294,-2.531216621398926,attack,Yes
2307,1,0,0.04208772671409796,-3.548153877258301,-0.4231538474559784,attack,No
2308,1,1,0.9324533069832973,-0.204715758562088,-2.8297157287597656,attack,Yes
2309,1,0,0.003593602954915036,-5.7553911209106445,-0.1303912252187729,attack,No
2310,1,1,0.5312093733737563,-0.7907628417015076,-0.9157628417015076,attack,Yes
2311,1,0,0.0035936020478559492,-5.9414286613464355,-0.3164285123348236,attack,No
2312,1,0,0.0021827163155291175,-6.5143585205078125,-0.3893584609031677,attack,No
2313,1,1,0.6513548646660542,-0.9353485107421875,-1.5603485107421875,attack,Yes
2314,1,0,0.0011695100561753752,-7.326833724975586,-0.5768335461616516,attack,no
2315,1,0,0.0011695101258020842,-6.952754020690918,-0.20275390148162842,attack,No
2316,1,1,0.679178699175393,-0.694514274597168,-1.444514274597168,attack,Yes
2317,1,0,0.0031726835493852378,-5.913557529449463,-0.1635577529668808,attack,No
2318,1,0,0.014063628696182679,-4.463798522949219,-0.2137986421585083,attack,No
2319,1,0,0.005220126854256756,-5.434983253479004,-0.18498347699642181,attack,No
2320,1,0,0.0021827167698853724,-6.440211296081543,-0.3152114450931549,attack,No
2321,1,0,0.00359360194114313,-5.788942813873291,-0.1639426350593567,attack,No
2322,1,1,0.7310585786300049,-0.5874407291412354,-1.5874407291412354,attack,Yes
2323,1,1,0.9914225147763652,-0.08858678489923477,-4.838586807250977,attack,Yes
2324,1,0,0.46879062662624377,-1.1611816883087158,-1.0361816883087158,attack,No
2325,1,0,0.03308597886541159,-3.5661795139312744,-0.1911795288324356,attack,No
2326,1,0,0.007577240427454735,-4.98292875289917,-0.10792864114046097,attack,No
2327,1,0,0.002472622678834738,-6.163198947906494,-0.16319875419139862,attack,No
2328,1,1,0.5621765008857981,-0.8668590784072876,-1.1168590784072876,attack,Yes
2329,1,0,0.20181322226037882,-1.9632139205932617,-0.5882139205932617,attack,No
2330,1,0,0.08509904964767095,-2.677639961242676,-0.30264002084732056,attack,No
2331,1,1,0.679178699175393,-0.5581467151641846,-1.3081467151641846,attack,Yes
2332,1,1,0.9770226289191464,-0.07398658245801926,-3.823986530303955,attack,Yes
2333,1,0,0.34864513533394575,-1.2648528814315796,-0.6398528814315796,attack,No
2334,1,0,0.004609571187989654,-5.428832530975342,-0.053832314908504486,attack,No
2335,1,0,0.000261190340496344,-8.329941749572754,-0.07994183152914047,attack,No
2336,1,0,0.0008040858637961602,-7.3780198097229,-0.2530197203159332,attack,No
2337,1,0,0.06754668738548215,-3.1073222160339355,-0.48232215642929077,attack,No
2338,1,0,0.007577240595535943,-4.990999221801758,-0.11599913239479065,attack,No
2339,1,1,0.5926666143433998,-0.6596617102622986,-1.0346617698669434,attack,Yes
2340,1,1,0.9046505286741726,-0.1804712563753128,-2.430471181869507,attack,Yes
2341,1,0,0.0019267351218117874,-6.565005302429199,-0.3150055408477783,attack,No
2342,1,0,0.01590639031229368,-4.34108304977417,-0.21608296036720276,attack,No
2343,1,1,0.6513548646660542,-0.5386987924575806,-1.1636987924575806,attack,Yes
2344,1,0,0.11920291263495983,-2.31369948387146,-0.3136993944644928,attack,No
2345,1,1,0.9399133464597458,-0.24848872423171997,-2.998488664627075,attack,Yes
2346,1,0,0.1066905854244781,-2.4505136013031006,-0.3255135118961334,attack,No
2347,1,0,0.14804721306746543,-2.144702434539795,-0.3947025537490845,attack,No
2348,1,0,0.20181322226037882,-1.8837690353393555,-0.5087690353393555,attack,No
2349,1,0,0.0024726230831270705,-6.2040863037109375,-0.2040862739086151,attack,No
2350,1,0,0.003172683219498529,-6.140317916870117,-0.39031803607940674,attack,No
2351,1,0,0.0046095718375174415,-5.559304237365723,-0.1843041628599167,attack,No
2352,1,0,0.22270014914315833,-1.6818749904632568,-0.4318750500679016,attack,No
2353,1,0,0.0046095724528596406,-5.604659557342529,-0.22965961694717407,attack,No
2354,1,0,0.0009110513571608901,-7.474909782409668,-0.4749099612236023,attack,No
2355,1,0,0.0007096703145613268,-7.564000606536865,-0.3140004873275757,attack,No
2356,1,1,0.9465966709534505,-0.17487095296382904,-3.0498709678649902,attack,Yes
2357,1,1,0.9890130591505206,-0.06042702496051788,-4.560427188873291,attack,Yes
2358,1,0,0.4378234991142019,-1.2314846515655518,-0.9814846515655518,attack,No
2359,1,1,0.974042644685976,-0.10875241458415985,-3.733752489089966,attack,Yes
2360,1,0,0.08509904964767095,-2.705801486968994,-0.3308015465736389,attack,No
2361,1,1,0.7310585786300049,-0.5550171136856079,-1.555017113685608,attack,Yes
2362,1,0,0.02931223244728875,-3.7782373428344727,-0.27823740243911743,attack,No
2363,1,0,0.4073334000459302,-1.1780661344528198,-0.8030661344528198,attack,No
2364,1,0,0.07585818106587033,-2.731133460998535,-0.23113347589969635,attack,No
2365,1,0,0.008577487187766488,-4.983251571655273,-0.23325178027153015,attack,No
2366,1,0,0.006692850131774789,-5.581395149230957,-0.5813950300216675,attack,No
2367,1,0,0.0373268852023206,-3.8558645248413086,-0.6058644652366638,attack,no
2368,1,0,0.0009110511265838854,-7.128175258636475,-0.12817518413066864,attack,No
2369,1,0,0.037326884131416216,-3.7114851474761963,-0.4614850580692291,attack,No
2370,1,0,0.0028009274665629583,-6.159119606018066,-0.28411978483200073,attack,No
2371,1,0,0.004609571358918011,-5.580499649047852,-0.20549947023391724,attack,No
2372,1,0,0.1480471829959148,-2.347677230834961,-0.5976771116256714,attack,No
2373,1,0,0.0040701377460975905,-5.59287166595459,-0.09287167340517044,attack,No
2374,1,1,0.7772998560157665,-0.3444632589817047,-1.5944632291793823,attack,Yes
2375,1,0,0.042087725512577126,-3.4141128063201904,-0.28911274671554565,attack,No
2376,1,0,0.010986941820996006,-4.735264778137207,-0.23526470363140106,attack,No
2377,1,1,0.9706877698846185,-0.08762381225824356,-3.5876238346099854,attack,Yes
2378,1,1,0.9796676466573412,-0.10366988182067871,-3.9786698818206787,attack,Yes
2379,1,0,0.02595735945832451,-3.9301600456237793,-0.30516013503074646,attack,No
2380,1,0,0.14804720179063335,-2.201160430908203,-0.4511604607105255,attack,No
2381,1,1,0.7057850278370112,-0.5737613439559937,-1.4487613439559937,attack,Yes
2382,1,0,0.0007096704308028138,-7.411005973815918,-0.16100601851940155,attack,No
2383,1,1,0.7057850278370112,-0.5702106952667236,-1.4452106952667236,attack,Yes
2384,1,0,0.24508502416032488,-1.7738873958587646,-0.6488874554634094,attack,No
2385,1,0,0.3486451217982255,-1.3043699264526367,-0.6793698668479919,attack,No
2386,1,0,0.03732688627322502,-3.4852182865142822,-0.23521825671195984,attack,No
2387,1,0,0.14804721306746543,-2.1673903465270996,-0.41739046573638916,attack,No
2388,1,0,0.13296422989056964,-2.306163787841797,-0.4311636984348297,attack,No
2389,1,0,0.3775406828054583,-1.296957015991211,-0.7969570755958557,attack,No
2390,1,1,0.9740426435557125,-0.13028427958488464,-3.755284309387207,attack,Yes
2391,1,0,0.0031726835258219,-5.853428363800049,-0.10342857986688614,attack,No
2392,1,1,0.679178699175393,-0.568760871887207,-1.318760871887207,attack,Yes
2393,1,0,0.29421497216298875,-1.723471760749817,-0.8484717607498169,attack,No
2394,1,0,0.08509904964767095,-2.7649378776550293,-0.3899379372596741,attack,No
2395,1,0,0.04742587250438209,-3.245388984680176,-0.2453889697790146,attack,No
2396,1,1,0.8670357598021706,-0.2615854740142822,-2.1365854740142822,attack,Yes
2397,1,0,0.00359360311498431,-5.880145072937012,-0.25514522194862366,attack,No
2398,1,0,0.03308597743528921,-3.5858466625213623,-0.21084663271903992,attack,No
2399,1,0,0.5,-0.9113154411315918,-0.9113154411315918,attack,No
2400,1,0,0.007577242612510723,-5.355385780334473,-0.480385959148407,attack,No
2401,1,0,0.005911068505999277,-5.443341255187988,-0.3183411955833435,attack,No
2402,1,0,0.008577487187766488,-5.009450435638428,-0.25945064425468445,attack,No
2403,1,1,0.6224593452091672,-0.6624690890312195,-1.1624691486358643,attack,Yes
2404,1,0,0.06008665438181589,-2.9856157302856445,-0.2356158047914505,attack,No
2405,1,0,0.3486451217982255,-1.410374402999878,-0.7853743433952332,attack,No
2406,1,0,0.06754669489377622,-3.0326545238494873,-0.4076545834541321,attack,No
2407,1,1,0.9046505312448597,-0.17520646750926971,-2.425206422805786,attack,Yes
2408,1,1,0.9626731121204184,-0.1224527508020401,-3.372452735900879,attack,Yes
2409,1,1,0.6513548646660542,-0.7478206157684326,-1.3728206157684326,attack,Yes
2410,1,0,0.009708474762317362,-4.94663143157959,-0.3216312527656555,attack,No
2411,1,1,0.5312093733737563,-0.9969499111175537,-1.1219499111175537,attack,Yes
2412,1,1,0.5926666143433998,-0.6794175505638123,-1.054417610168457,attack,Yes
2413,1,0,0.2689414213699951,-1.6082885265350342,-0.6082885265350342,attack,No
2414,1,0,0.004609572042631499,-5.539619445800781,-0.16461941599845886,attack,No
2415,1,0,0.09534945718704857,-2.5208840370178223,-0.2708839476108551,attack,No
2416,1,0,0.02595735719779685,-3.873494863510132,-0.24849486351013184,attack,No
2417,1,0,0.34864513533394575,-1.219054937362671,-0.5940549373626709,attack,No
2418,1,0,0.0005527785381337246,-7.7023115158081055,-0.20231133699417114,attack,No
2419,1,0,0.000552778571063681,-7.752764701843262,-0.25276458263397217,attack,No
2420,1,0,0.03308597743528921,-3.6306040287017822,-0.25560399889945984,attack,No
2421,1,0,0.042087725512577126,-3.4140844345092773,-0.28908437490463257,attack,No
2422,1,1,0.754914997895581,-0.5185789465904236,-1.6435790061950684,attack,Yes
2423,1,1,0.7310585669110203,-0.46799570322036743,-1.4679956436157227,attack,Yes
2424,1,1,0.6791787121629466,-0.735757052898407,-1.4857571125030518,attack,Yes
2425,1,0,0.1192029188930649,-2.3141872882843018,-0.31418725848197937,attack,No
2426,1,1,0.5621765008857981,-0.6928684711456299,-0.9428684711456299,attack,Yes
2427,1,1,0.7772998714925403,-0.4179484248161316,-1.6679484844207764,attack,Yes
2428,1,0,0.03308597743528921,-3.684285879135132,-0.30928584933280945,attack,No
2429,1,0,0.002800926967120973,-6.038451671600342,-0.1634516716003418,attack,No
2430,1,0,0.4073334000459302,-1.2431925535202026,-0.8681925535202026,attack,No
2431,1,0,0.004609572521231,-5.580623149871826,-0.20562322437763214,attack,No
2432,1,1,0.9324533107374443,-0.22561165690422058,-2.850611686706543,attack,Yes
2433,1,1,0.8670357494949105,-0.2523976266384125,-2.1273975372314453,attack,Yes
2434,1,0,0.0373268852023206,-3.4849026203155518,-0.23490256071090698,attack,No
2435,1,0,0.0035936018344303144,-5.755539894104004,-0.1305396854877472,attack,No
2436,1,0,0.0011695100909887293,-6.9115705490112305,-0.16157039999961853,attack,No
2437,1,1,0.9890130571670076,-0.060565490275621414,-4.56056547164917,attack,Yes
2438,1,0,6.605213304438521e-05,-9.877105712890625,-0.2521055340766907,attack,No
2439,1,0,0.0031726835965119127,-6.139612197875977,-0.38961243629455566,attack,No
2440,1,0,0.2689414330889798,-1.6125810146331787,-0.6125810742378235,attack,No
2441,1,1,0.851952809486198,-0.26768630743026733,-2.017686367034912,attack,Yes
2442,1,1,0.5926665999540697,-0.7404729127883911,-1.1154729127883911,attack,Yes
2443,1,1,0.8933093989533708,-0.20391304790973663,-2.3289129734039307,attack,Yes
2444,1,0,0.4378234991142019,-0.95492023229599,-0.70492023229599,attack,No
2445,1,1,0.867035752930664,-0.26650768518447876,-2.141507625579834,attack,Yes
2446,1,0,0.012431650487299585,-4.733687877655029,-0.3586878478527069,attack,No
2447,1,0,0.09534945461636171,-2.7583565711975098,-0.5083564519882202,attack,No
2448,1,0,0.04742587587030561,-3.6086721420288086,-0.6086722016334534,attack,No
2449,1,1,0.5621765008857981,-0.742378830909729,-0.992378830909729,attack,Yes
2450,1,0,0.29421497216298875,-1.4387779235839844,-0.5637779235839844,attack,No
2451,1,0,0.0006263341860912028,-7.577092170715332,-0.2020922154188156,attack,No
2452,1,0,0.0024726230831270705,-6.254409313201904,-0.2544092833995819,attack,No
2453,1,0,0.0019267342191709017,-6.36546516418457,-0.11546493321657181,attack,No
2454,1,0,0.04208773031866069,-3.4149749279022217,-0.28997498750686646,attack,No
2455,1,0,0.29421497216298875,-1.446296215057373,-0.571296215057373,attack,No
2456,1,0,0.0007096703145613268,-7.564000606536865,-0.3140004873275757,attack,No
2457,1,1,0.9740426418603167,-0.07759908586740494,-3.702599048614502,attack,Yes
2458,1,0,0.4073333856566001,-1.1471552848815918,-0.772155225276947,attack,No
2459,1,1,0.9324533116759811,-0.1884750872850418,-2.8134751319885254,attack,Yes
2460,1,0,0.0758581737534831,-2.821800708770752,-0.3218006193637848,attack,No
2461,1,0,0.10669058826486906,-2.389616012573242,-0.2646159529685974,attack,No
2462,1,0,0.0017007227656302545,-6.578089237213135,-0.20308944582939148,attack,No
2463,1,0,0.3775406828054583,-1.2293193340301514,-0.7293193936347961,attack,No
2464,1,1,0.7981867825403176,-0.28688713908195496,-1.6618871688842773,attack,Yes
2465,1,0,0.005911068856243796,-5.382724761962891,-0.2577247619628906,attack,No
2466,1,0,0.2689414330889798,-1.5283515453338623,-0.5283516049385071,attack,No
2467,1,0,0.07585818419975078,-2.7156195640563965,-0.21561962366104126,attack,No
2468,1,0,0.24508500210441886,-1.601064682006836,-0.47606462240219116,attack,No
2469,1,0,0.1645164506075047,-2.0616085529327393,-0.4366084635257721,attack,No
2470,1,0,0.0009110510587671301,-7.3141093254089355,-0.3141091763973236,attack,No
2471,1,1,0.7057850278370112,-0.5837093591690063,-1.4587093591690063,attack,Yes
2472,1,0,0.5,-0.837006151676178,-0.837006151676178,attack,No
2473,1,0,0.006692849735519792,-5.287041664123535,-0.28704148530960083,attack,No
2474,1,1,0.5312093733737563,-0.8079527616500854,-0.9329527616500854,attack,Yes
2475,1,0,0.0008040858398518034,-7.32745361328125,-0.20245349407196045,attack,No
2476,1,0,0.014063627456479755,-4.5432844161987305,-0.29328444600105286,attack,No
2477,1,0,0.007577242668537808,-4.952803611755371,-0.07780379801988602,attack,No
2478,1,0,0.32082130082460697,-1.305289626121521,-0.555289626121521,attack,No
2479,1,0,0.004070137051464004,-5.6169562339782715,-0.11695607006549835,attack,No
2480,1,1,0.7310585786300049,-0.46884262561798096,-1.468842625617981,attack,Yes
2481,1,0,0.07585818628900447,-2.7955565452575684,-0.2955566346645355,attack,No
2482,1,0,0.0021827167374313507,-6.328625202178955,-0.20362533628940582,attack,No
2483,1,0,0.0019267346633274755,-6.453554630279541,-0.20355463027954102,attack,No
2484,1,0,0.002182716283075103,-6.307092666625977,-0.1820925921201706,attack,No
2485,1,0,0.4073333856566001,-1.0859994888305664,-0.7109994292259216,attack,No
2486,1,1,0.7057850402140659,-0.5870780348777771,-1.4620780944824219,attack,Yes
2487,1,0,0.11920292828022305,-2.524815559387207,-0.5248156189918518,attack,No
2488,1,0,0.07585817584273653,-2.7541146278381348,-0.25411456823349,attack,No
2489,1,0,0.3486451488696663,-1.2017905712127686,-0.5767906308174133,attack,No
2490,1,0,0.46879062662624377,-1.0252727270126343,-0.9002727270126343,attack,No
2491,1,0,0.0028009264676790765,-6.265235424041748,-0.3902352452278137,attack,No
2492,1,0,0.0008040858637961602,-7.439300537109375,-0.31430044770240784,attack,No
2493,1,1,0.7772998611746911,-0.5113840103149414,-1.7613840103149414,attack,Yes
2494,1,0,0.0021827160558970152,-6.440467834472656,-0.3154676556587219,attack,No
2495,1,0,0.005911067980632537,-5.4433393478393555,-0.31833919882774353,attack,No
2496,1,1,0.932453304167687,-0.13172371685504913,-2.756723642349243,attack,Yes
2497,1,0,0.4073334000459302,-1.1473997831344604,-0.7723997831344604,attack,No
2498,1,1,0.7057850402140659,-0.5870780348777771,-1.4620780944824219,attack,Yes
2499,1,1,0.8519527869325346,-0.3595367670059204,-2.109536647796631,attack,Yes
2500,1,0,0.02297737225168171,-3.89910888671875,-0.14910899102687836,attack,No
2501,1,1,0.9947798738808522,-0.06785019487142563,-5.317850112915039,attack,Yes
2502,1,1,0.6224593312018546,-0.6851248741149902,-1.1851248741149902,attack,Yes
2503,1,0,0.37754066879814546,-1.1785649061203003,-0.6785649061203003,attack,No
2504,1,0,0.5,-0.8601635694503784,-0.8601635694503784,attack,No
2505,1,0,0.16451644651115205,-2.011873245239258,-0.38687312602996826,attack,No
2506,1,0,0.3208213138121609,-1.395723819732666,-0.6457238793373108,attack,No
2507,1,1,0.8670357563664174,-0.33234623074531555,-2.207346200942993,attack,Yes
2508,1,0,0.1329642436335826,-2.165649652481079,-0.2906496822834015,attack,No
2509,1,0,0.022977369575503337,-3.9722795486450195,-0.22227953374385834,attack,No
2510,1,0,0.014063630142502889,-4.442594528198242,-0.1925947517156601,attack,No
2511,1,0,0.042087723109535534,-3.3649768829345703,-0.23997676372528076,attack,No
2512,1,0,0.0019267350645012428,-6.503841400146484,-0.2538416087627411,attack,No
2513,1,0,0.0031726825597252145,-5.95582914352417,-0.20582905411720276,attack,No
2514,1,0,0.03308597934211908,-3.629578113555908,-0.2545781433582306,attack,No
2515,1,1,0.984093609804333,-0.05117645114660263,-4.17617654800415,attack,Yes
2516,1,0,0.0015011824800947912,-6.644918918609619,-0.14491906762123108,attack,No
2517,1,0,0.1645164628965632,-2.3401100635528564,-0.7151100635528564,attack,no
2518,1,0,0.053403325280175794,-3.2036819458007812,-0.3286818563938141,attack,No
2519,1,0,0.0474258704848281,-3.323474645614624,-0.32347458600997925,attack,No
2520,1,0,0.29421497216298875,-1.5862765312194824,-0.7112765312194824,attack,No
2521,1,0,0.004609571905888793,-5.631040096282959,-0.2560400366783142,attack,No
2522,1,1,0.7310585786300049,-0.5099331140518188,-1.5099331140518188,attack,Yes
2523,1,0,0.0028009266757798557,-6.0380449295043945,-0.16304482519626617,attack,No
2524,1,0,0.002472622862603971,-6.476685047149658,-0.47668492794036865,attack,No
2525,1,0,0.0017007220066411306,-6.689969062805176,-0.3149688243865967,attack,No
2526,1,0,0.22270013882530884,-1.9371317625045776,-0.6871317625045776,attack,No
2527,1,1,0.5312093733737563,-1.0122849941253662,-1.1372849941253662,attack,Yes
2528,1,1,0.6513548646660542,-0.7475458383560181,-1.372545838356018,attack,Yes
2529,1,1,0.9525741261492485,-0.20512987673282623,-3.205129861831665,attack,Yes
2530,1,0,0.014063629109417006,-4.543672561645508,-0.29367271065711975,attack,No
2531,1,0,0.002472623009619369,-6.315975666046143,-0.3159756064414978,attack,No
2532,1,1,0.6513548782017746,-0.7172741293907166,-1.3422741889953613,attack,Yes
2533,1,1,0.6224593171945417,-0.7526052594184875,-1.2526051998138428,attack,Yes
2534,1,0,0.0006263342700365574,-7.6889119148254395,-0.3139120936393738,attack,No
2535,1,0,0.033085981248949035,-3.6308014392852783,-0.2558015286922455,attack,No
2536,1,0,0.00043055708132461493,-7.910826683044434,-0.1608266830444336,attack,No
2537,1,0,0.08509904268669496,-2.7595529556274414,-0.384552925825119,attack,No
2538,1,0,0.18242551936144574,-1.9855259656906128,-0.4855259358882904,attack,No
2539,1,0,0.0008040859116848763,-7.378015041351318,-0.25301501154899597,attack,No
2540,1,0,0.004070138319925425,-5.816894054412842,-0.31689420342445374,attack,No
2541,1,0,0.0046095714956607,-5.63142204284668,-0.25642189383506775,attack,No
2542,1,0,0.0024726230463732192,-6.162696838378906,-0.16269679367542267,attack,No
2543,1,0,0.5,-0.9676280617713928,-0.9676280617713928,attack,No
2544,1,0,0.5,-0.903616726398468,-0.903616726398468,attack,No
2545,1,0,0.005220125577488575,-5.355281829833984,-0.10528180748224258,attack,No
2546,1,0,0.0003799846902137325,-8.035673141479492,-0.1606736034154892,attack,No
2547,1,0,0.5,-0.8655217885971069,-0.8655217885971069,attack,No
2548,1,0,0.06008665354025422,-3.1145124435424805,-0.36451250314712524,attack,No
2549,1,0,0.4378234991142019,-1.1146637201309204,-0.8646637201309204,attack,No
2550,1,1,0.6513548782017746,-0.5764250159263611,-1.2014250755310059,attack,Yes
2551,1,0,0.1645164792819756,-2.098357677459717,-0.47335779666900635,attack,No
2552,1,1,0.990291524592999,-0.08986128121614456,-4.7148613929748535,attack,Yes
2553,1,1,0.8807970748488297,-0.25489047169685364,-2.2548904418945312,attack,Yes
2554,1,0,0.001700722234337832,-6.53773832321167,-0.16273821890354156,attack,No
2555,1,0,0.005911068155754778,-5.382440090179443,-0.2574399709701538,attack,No
2556,1,0,0.09534947518185825,-2.678534507751465,-0.4285346269607544,attack,No
2557,1,0,0.01798620785653302,-4.446638107299805,-0.44663798809051514,attack,no
2558,1,0,0.0011695102302421558,-6.84067440032959,-0.09067437052726746,attack,No
2559,1,0,0.042087729117139754,-3.4141480922698975,-0.28914812207221985,attack,No
2560,1,1,0.9875683487351923,-0.05126241222023964,-4.426262378692627,attack,Yes
2561,1,0,0.047425871831197425,-3.2942750453948975,-0.2942750155925751,attack,No
2562,1,0,0.007577240035265265,-5.042341232299805,-0.16734106838703156,attack,No
2563,1,0,0.022977365895758564,-4.022768974304199,-0.2727687954902649,attack,No
2564,1,0,0.0008040858757683391,-7.305877208709717,-0.18087713420391083,attack,No
2565,1,0,0.003172683408005215,-6.0662665367126465,-0.3162667155265808,attack,No
2566,1,1,0.6513548646660542,-0.5540971755981445,-1.1790971755981445,attack,Yes
2567,1,0,0.00407013783670198,-5.75596284866333,-0.25596287846565247,attack,No
2568,1,0,0.34864513533394575,-1.1983879804611206,-0.5733879804611206,attack,No
2569,1,0,0.0013250222594674832,-6.9397077560424805,-0.3147076368331909,attack,No
2570,1,0,0.014063627456479755,-4.543116092681885,-0.29311612248420715,attack,No
2571,1,0,0.0600866518571309,-3.0067954063415527,-0.2567954361438751,attack,No
2572,1,0,0.01798621154126062,-4.401175022125244,-0.4011751115322113,attack,No
2573,1,0,0.11920292984474948,-2.2317936420440674,-0.23179371654987335,attack,No
2574,1,1,0.9241418241572634,-0.32610243558883667,-2.8261024951934814,attack,Yes
2575,1,1,0.8807970670261975,-0.22298036515712738,-2.222980260848999,attack,Yes
2576,1,0,0.06754668550840877,-2.937612771987915,-0.3126126825809479,attack,No
2577,1,0,0.2689414330889798,-1.438922643661499,-0.4389227032661438,attack,No
2578,1,1,0.8519528019683106,-0.2717101573944092,-2.021710157394409,attack,Yes
2579,1,0,0.014063626216776943,-4.575716018676758,-0.32571595907211304,attack,No
2580,1,0,0.006692849834583539,-5.207592487335205,-0.20759232342243195,attack,No
2581,1,0,0.000335350090503036,-8.313618659973145,-0.313618540763855,attack,No
2582,1,0,0.053403329799824234,-3.4369702339172363,-0.5619702339172363,attack,No
2583,1,1,0.5926666143433998,-0.784254252910614,-1.1592543125152588,attack,Yes
2584,1,0,0.03308597934211908,-3.629578113555908,-0.2545781433582306,attack,No
2585,1,1,0.5621765008857981,-0.9070407152175903,-1.1570407152175903,attack,Yes
2586,1,1,0.6513548646660542,-0.603691816329956,-1.228691816329956,attack,Yes
2587,1,0,0.0017007226138324027,-6.628835201263428,-0.2538353204727173,attack,No
2588,1,1,0.817574471748733,-0.34386661648750305,-1.8438665866851807,attack,Yes
2589,1,0,0.11920292828022305,-2.4191761016845703,-0.4191761612892151,attack,No
2590,1,0,0.11920291576401235,-2.4199554920196533,-0.41995543241500854,attack,No
2591,1,1,0.5312093733737563,-0.9826352596282959,-1.107635259628296,attack,Yes
2592,1,0,0.02297736991002561,-3.9512436389923096,-0.20124363899230957,attack,No
2593,1,1,0.817574471748733,-0.32404962182044983,-1.8240495920181274,attack,Yes
2594,1,1,0.5926665999540697,-0.8351975679397583,-1.2101975679397583,attack,Yes
2595,1,0,0.11920292515117029,-2.3130314350128174,-0.31303146481513977,attack,No
2596,1,1,0.9046505261034853,-0.23190413415431976,-2.4819040298461914,attack,Yes
2597,1,0,0.4378235137849365,-1.0651013851165771,-0.8151014447212219,attack,No
2598,1,0,0.005911068856243796,-5.31094217300415,-0.1859421730041504,attack,No
2599,1,0,0.00359360194114313,-6.320400238037109,-0.695400059223175,attack,no
2600,1,0,0.0009110509909503801,-7.202355861663818,-0.20235563814640045,attack,No
2601,1,0,0.2018132174596823,-1.8032915592193604,-0.42829152941703796,attack,No
2602,1,0,0.32082130082460697,-1.401050329208374,-0.651050329208374,attack,No
2603,1,0,0.0021827168347934166,-6.600992679595947,-0.4759928584098816,attack,No
2604,1,0,0.14804720930852133,-2.076909303665161,-0.3269093930721283,attack,No
2605,1,0,0.22270013882530884,-1.728573203086853,-0.478573203086853,attack,No
2606,1,0,0.029312233295254994,-3.777787446975708,-0.27778753638267517,attack,No
2607,1,1,0.7057850278370112,-0.54884934425354,-1.42384934425354,attack,Yes
2608,1,0,0.0013250221214400305,-6.828052997589111,-0.20305277407169342,attack,No
2609,1,1,0.9875683515250744,-0.09272174537181854,-4.467721939086914,attack,Yes
2610,1,0,0.00043055708132461493,-7.952053070068359,-0.20205307006835938,attack,No
2611,1,0,0.4378234991142019,-1.070016860961914,-0.8200168609619141,attack,No
2612,1,1,0.5312093733737563,-0.830502986907959,-0.955502986907959,attack,Yes
2613,1,1,0.9399133439350607,-0.2044759839773178,-2.9544758796691895,attack,Yes
2614,1,0,0.0046095728630878175,-5.631427764892578,-0.25642791390419006,attack,No
2615,1,0,0.010986940687560063,-4.857291221618652,-0.357291042804718,attack,No
2616,1,0,0.000487857180910998,-8.09968090057373,-0.47468101978302,attack,No
2617,1,0,0.002182716932155486,-6.2877044677734375,-0.1627046912908554,attack,No
2618,1,0,0.0017007220319407623,-6.578067302703857,-0.20306707918643951,attack,No
2619,1,0,0.07585818628900447,-2.87697696685791,-0.3769770562648773,attack,No
2620,1,0,0.07585818419975078,-2.8192317485809326,-0.3192318081855774,attack,No
2621,1,0,0.002472623671188763,-6.254344940185547,-0.2543451488018036,attack,No
2622,1,0,0.017986212067650338,-4.241292476654053,-0.24129259586334229,attack,No
2623,1,1,0.7310585903489892,-0.5551099181175232,-1.555109977722168,attack,Yes
2624,1,0,0.006692850924284856,-5.207614898681641,-0.20761489868164062,attack,No
2625,1,0,0.03308598029553404,-3.6570138931274414,-0.2820139527320862,attack,No
2626,1,1,0.6513548646660542,-0.849250316619873,-1.474250316619873,attack,Yes
2627,1,0,0.017986210751676075,-4.241642475128174,-0.2416425198316574,attack,No
2628,1,0,0.3208212878370535,-1.4880938529968262,-0.7380937933921814,attack,No
2629,1,0,0.017986209698896728,-4.248549461364746,-0.2485494464635849,attack,no
2630,1,0,0.0075772408196442265,-5.310279846191406,-0.4352797865867615,attack,No
2631,1,1,0.880797076413356,-0.23861242830753326,-2.238612413406372,attack,Yes
2632,1,1,0.6224593312018546,-0.5808306932449341,-1.080830693244934,attack,Yes
2633,1,0,0.00037998447796148304,-7.937431812286377,-0.06243171542882919,attack,No
2634,1,0,0.0159063879797589,-4.453551292419434,-0.3285510540008545,attack,No
2635,1,1,0.6224593452091672,-0.6968831419944763,-1.196883201599121,attack,Yes
2636,1,0,0.2942149845400438,-1.4591305255889893,-0.584130585193634,attack,No
2637,1,0,0.34864513533394575,-1.4040719270706177,-0.7790719270706177,attack,No
2638,1,0,0.0021827167698853724,-6.3075079917907715,-0.18250814080238342,attack,No
2639,1,1,0.5621765008857981,-0.7985801696777344,-1.0485801696777344,attack,Yes
2640,1,0,0.46879062662624377,-0.8452452421188354,-0.7202452421188354,attack,No
2641,1,0,0.0534033328129234,-3.3067824840545654,-0.4317825436592102,attack,No
2642,1,1,0.8519528132451416,-0.32638779282569885,-2.076387882232666,attack,Yes
2643,1,0,0.08509904268669496,-2.734992742538452,-0.35999271273612976,attack,No
2644,1,0,0.4073334000459302,-1.138424277305603,-0.763424277305603,attack,No
2645,1,0,0.014063626630011202,-4.575693607330322,-0.3256935775279999,attack,No
2646,1,1,0.8807970842359877,-0.3032669425010681,-2.303267002105713,attack,Yes
2647,1,0,0.004070138410529827,-5.616912841796875,-0.11691301316022873,attack,No
2648,1,0,0.014063629935885703,-4.515041828155518,-0.2650420367717743,attack,No
2649,1,0,0.001700722411435288,-6.850521564483643,-0.4755215644836426,attack,No
2650,1,0,0.04208772611333754,-3.3069868087768555,-0.1819867640733719,attack,No
2651,1,0,0.32082130082460697,-1.4902610778808594,-0.7402610778808594,attack,No
2652,1,0,0.0028009273833226214,-6.1588664054870605,-0.2838665544986725,attack,No
2653,1,0,0.0003353502603476981,-8.387214660644531,-0.3872150480747223,attack,No
2654,1,1,0.7772998663336157,-0.38961049914360046,-1.6396105289459229,attack,Yes
2655,1,0,0.3208212878370535,-1.3022923469543457,-0.5522922873497009,attack,No
2656,1,0,0.03308597743528921,-3.6069087982177734,-0.23190876841545105,attack,No
2657,1,0,0.06008665354025422,-3.008800983428955,-0.25880104303359985,attack,No
2658,1,1,0.7981867777396212,-0.40703094005584717,-1.7820309400558472,attack,Yes
2659,1,0,0.0474258704848281,-3.2943618297576904,-0.29436177015304565,attack,No
2660,1,0,0.0008040857799909139,-7.327282905578613,-0.20228271186351776,attack,No
2661,1,0,0.1329642264548166,-2.340385913848877,-0.4653857946395874,attack,No
2662,1,0,0.14804720930852133,-2.0964462757110596,-0.34644636511802673,attack,No
2663,1,0,0.32082130082460697,-1.4532579183578491,-0.7032579183578491,attack,No
2664,1,1,0.9990889489785322,-0.03077535703778267,-7.030775547027588,attack,Yes
2665,1,0,0.02931223159932252,-3.728116750717163,-0.22811678051948547,attack,No
2666,1,0,0.001700722310236739,-6.439094066619873,-0.06409400701522827,attack,No
2667,1,1,0.5621765008857981,-0.7032487988471985,-0.9532487988471985,attack,Yes
2668,1,1,0.5312093733737563,-0.8540580868721008,-0.9790580868721008,attack,Yes
2669,1,0,0.00970847848715727,-4.794622898101807,-0.16962310671806335,attack,No
2670,1,1,0.8670357460591569,-0.2973085641860962,-2.1723084449768066,attack,Yes
2671,1,0,0.06754669489377622,-2.9115259647369385,-0.28652602434158325,attack,No
2672,1,0,0.2689414096510108,-1.5567724704742432,-0.5567724108695984,attack,No
2673,1,0,0.029312234143221275,-3.727853775024414,-0.2278538942337036,attack,No
2674,1,0,0.34864513533394575,-1.2195147275924683,-0.5945147275924683,attack,No
2675,1,0,0.0004305571198028453,-8.137529373168945,-0.3875294625759125,attack,No
2676,1,0,0.001700722209038197,-6.8507399559021,-0.47573983669281006,attack,No
2677,1,0,0.0007096704413702227,-7.531966209411621,-0.28196626901626587,attack,No
2678,1,0,0.06754669489377622,-2.9099957942962646,-0.2849958539009094,attack,No
2679,1,0,0.1645164792819756,-2.0871219635009766,-0.4621220827102661,attack,No
2680,1,0,0.0007096703145613268,-7.452291488647461,-0.2022913694381714,attack,No
2681,1,1,0.6791787121629466,-0.6023978590965271,-1.3523979187011719,attack,Yes
2682,1,0,0.20181322226037882,-1.7446352243423462,-0.3696352243423462,attack,No
2683,1,0,0.004609572999830552,-5.539619445800781,-0.16461962461471558,attack,No
2684,1,0,0.02297736857193652,-4.050819396972656,-0.3008193373680115,attack,No
2685,1,1,0.6513548646660542,-0.6336609125137329,-1.258660912513733,attack,Yes
2686,1,0,0.0009110510180770795,-7.161386489868164,-0.16138629615306854,attack,No
2687,1,0,0.07585817166422973,-2.750981330871582,-0.2509812116622925,attack,No
2688,1,0,0.042087725512577126,-3.413687229156494,-0.28868716955184937,attack,No
2689,1,0,0.01243165140201519,-4.566871166229248,-0.19187121093273163,attack,No
2690,1,1,0.6224593312018546,-0.8400070667266846,-1.3400070667266846,attack,Yes
2691,1,0,0.00857748680761192,-4.871039867401123,-0.12104003131389618,attack,No
2692,1,1,0.9149009491921662,-0.190922811627388,-2.565922737121582,attack,Yes
2693,1,0,0.009708475478632619,-4.859375476837158,-0.23437537252902985,attack,No
2694,1,0,0.0017007225126338423,-6.725144386291504,-0.3501444458961487,attack,No
2695,1,0,0.0010322310674859476,-7.1281538009643555,-0.25315383076667786,attack,No
2696,1,0,0.07585817793199003,-2.7960941791534424,-0.29609414935112,attack,No
2697,1,0,0.01798620706694863,-4.241587162017822,-0.24158699810504913,attack,No
2698,1,0,0.03308597886541159,-3.486565589904785,-0.11156560480594635,attack,No
2699,1,0,0.00023050680440978017,-8.627313613891602,-0.2523139715194702,attack,No
2700,1,0,0.005911070082099775,-5.382183074951172,-0.2571832835674286,attack,No
2701,1,1,0.932453304167687,-0.18391545116901398,-2.808915376663208,attack,Yes
2702,1,0,0.0028009275081831283,-6.057797431945801,-0.1827976256608963,attack,No
2703,1,0,0.002472622862603971,-6.103206157684326,-0.10320603847503662,attack,No
2704,1,0,0.24508501313237172,-1.6790674924850464,-0.5540674924850464,attack,No
2705,1,0,0.08509903804604459,-2.6578786373138428,-0.2828785479068756,attack,No
2706,1,0,0.037326884131416216,-3.4641518592834473,-0.2141517698764801,attack,No
2707,1,0,0.00037998460531281857,-8.349499702453613,-0.4744999408721924,attack,No
2708,1,1,0.7981867729389246,-0.35193851590156555,-1.7269384860992432,attack,Yes
2709,1,0,0.020332352749027827,-4.144601345062256,-0.26960131525993347,attack,No
2710,1,0,0.0003353501804207875,-8.313693046569824,-0.31369319558143616,attack,No
2711,1,0,0.0010322308216369478,-7.1283087730407715,-0.25330856442451477,attack,No
2712,1,1,0.6513548646660542,-0.6880725622177124,-1.3130725622177124,attack,Yes
2713,1,1,0.9840936046727554,-0.07269977778196335,-4.197699546813965,attack,Yes
2714,1,0,0.18242550602671442,-2.0521903038024902,-0.5521901845932007,attack,No
2715,1,0,0.06754668926255561,-2.9646472930908203,-0.3396472632884979,attack,No
2716,1,0,0.017986212857234944,-4.176937580108643,-0.1769377440214157,attack,No
2717,1,0,0.0015011820333792252,-6.753686904907227,-0.2536867558956146,attack,No
2718,1,1,0.851952809486198,-0.35295242071151733,-2.102952480316162,attack,Yes
2719,1,0,0.3486451217982255,-1.450024127960205,-0.8250240683555603,attack,No
2720,1,1,0.8807970795424088,-0.22588370740413666,-2.225883722305298,attack,Yes
2721,1,0,0.07585818837825822,-2.7745895385742188,-0.2745896577835083,attack,No
2722,1,0,0.01406362952265135,-4.5143656730651855,-0.2643658518791199,attack,No
2723,1,0,0.16451645470385742,-2.0887017250061035,-0.46370166540145874,attack,No
2724,1,0,0.0373268852023206,-3.4854390621185303,-0.2354390025138855,attack,No
2725,1,0,0.07585818419975078,-2.988342761993408,-0.488342821598053,attack,No
2726,1,0,0.008577485793866491,-4.9832305908203125,-0.23323063552379608,attack,No
2727,1,1,0.8354835411997897,-0.35363563895225525,-1.9786356687545776,attack,Yes
2728,1,1,0.7981867729389246,-0.4286459982395172,-1.8036459684371948,attack,Yes
2729,1,1,0.5926665855647394,-0.8032742142677307,-1.178274154663086,attack,Yes
2730,1,0,0.012431653414389749,-4.698503017425537,-0.3235032260417938,attack,No
2731,1,0,0.24508501313237172,-1.660456895828247,-0.5354568958282471,attack,No
2732,1,0,0.07585817793199003,-2.820427656173706,-0.32042762637138367,attack,No
2733,1,0,0.1480471829959148,-2.1159095764160156,-0.3659094572067261,attack,No
2734,1,0,0.5,-1.0448534488677979,-1.0448534488677979,attack,No
2735,1,0,0.14804720179063335,-2.1693992614746094,-0.41939929127693176,attack,No
2736,1,0,0.04742587788985982,-3.1873579025268555,-0.18735800683498383,attack,No
2737,1,0,0.02297736991002561,-4.1174845695495605,-0.36748456954956055,attack,No
2738,1,1,0.6224593171945417,-0.7123308777809143,-1.2123308181762695,attack,Yes
2739,1,0,0.06008665017400762,-3.186577558517456,-0.43657755851745605,attack,No
2740,1,0,0.020332349187242645,-4.144867420196533,-0.2698672115802765,attack,No
2741,1,0,0.11920293140927592,-2.3359577655792236,-0.3359578549861908,attack,No
2742,1,1,0.8933093975331751,-0.2556482255458832,-2.380648136138916,attack,Yes
2743,1,0,0.00522012654473717,-5.415243148803711,-0.16524331271648407,attack,No
2744,1,0,0.008577486934330109,-5.143896579742432,-0.39389675855636597,attack,No
2745,1,0,0.1066905854244781,-2.449004650115967,-0.32400456070899963,attack,No
2746,1,1,0.9579122732859019,-0.1388985812664032,-3.2638986110687256,attack,Yes
2747,1,0,0.0031726825125985543,-5.932949542999268,-0.18294943869113922,attack,No
2748,1,0,0.14804720179063335,-2.169450283050537,-0.4194503128528595,attack,No
2749,1,0,0.03308598029553404,-3.9235057830810547,-0.5485058426856995,attack,No
2750,1,0,0.025957358704815272,-3.929053783416748,-0.3040538430213928,attack,No
2751,1,0,0.10669060246682488,-2.4265332221984863,-0.3015333116054535,attack,No
2752,1,0,0.022977367902892003,-4.050565719604492,-0.300565630197525,attack,No
2753,1,0,0.0017007227656302545,-6.62875509262085,-0.2537553012371063,attack,No
2754,1,0,0.000230506756333403,-8.502243995666504,-0.12724414467811584,attack,No
2755,1,1,0.5621765008857981,-0.956865668296814,-1.206865668296814,attack,Yes
2756,1,1,0.9399133498259924,-0.14190673828125,-2.89190673828125,attack,Yes
2757,1,1,0.5312093733737563,-0.8789368867874146,-1.0039368867874146,attack,Yes
2758,1,1,0.817574471748733,-0.4153994619846344,-1.915399432182312,attack,Yes
2759,1,0,0.0019267345200511502,-6.431707859039307,-0.18170778453350067,attack,No
2760,1,0,0.2689414213699951,-1.5055570602416992,-0.5055570602416992,attack,No
2761,1,0,0.0021827161208050378,-6.378910541534424,-0.2539103925228119,attack,No
2762,1,0,0.000626334102145859,-7.627893447875977,-0.2528933584690094,attack,No
2763,1,0,0.1329642264548166,-2.342038154602051,-0.46703803539276123,attack,No
2764,1,1,0.5621764862150634,-0.7839751839637756,-1.0339751243591309,attack,Yes
2765,1,0,0.001700722360836013,-6.725225448608398,-0.35022541880607605,attack,No
2766,1,0,0.5,-0.880473256111145,-0.880473256111145,attack,No
2767,1,0,0.005911068068193657,-5.2735915184021,-0.14859138429164886,attack,No
2768,1,0,0.00015843620729997842,-8.910548210144043,-0.160548135638237,attack,No
2769,1,0,0.0008040860792954051,-7.407057285308838,-0.2820574641227722,attack,No
2770,1,0,0.0011695100561753752,-7.003805160522461,-0.2538049817085266,attack,No
2771,1,1,0.5621765008857981,-0.7548961639404297,-1.0048961639404297,attack,Yes
2772,1,0,0.010986940201801838,-4.637485980987549,-0.13748575747013092,attack,No
2773,1,0,0.0010322308062713872,-7.077672958374023,-0.20267273485660553,attack,No
2774,1,0,0.0019267345487064141,-6.504026889801025,-0.2540268301963806,attack,No
2775,1,0,0.008577485033557495,-4.88502311706543,-0.1350230723619461,attack,No
2776,1,0,0.0075772422763482235,-5.083581924438477,-0.2085820585489273,attack,No
2777,1,1,0.7057850402140659,-0.4667171835899353,-1.34171724319458,attack,Yes
2778,1,1,0.7772998611746911,-0.35789287090301514,-1.6078928709030151,attack,Yes
2779,1,1,0.7057850278370112,-0.5959571599960327,-1.4709571599960327,attack,Yes
2780,1,0,0.007577242612510723,-5.268096923828125,-0.3930971026420593,attack,No
2781,1,0,0.0015011820222113376,-6.601909637451172,-0.10190948098897934,attack,No
2782,1,0,0.03308597552845946,-3.5333685874938965,-0.15836849808692932,attack,No
2783,1,0,0.5,-0.9392529726028442,-0.9392529726028442,attack,No
2784,1,0,0.002182715926080975,-6.440329551696777,-0.31532931327819824,attack,No
2785,1,0,0.01798621114646834,-4.096496105194092,-0.09649617224931717,attack,No
2786,1,0,0.0011695100126586841,-6.8301873207092285,-0.0801871046423912,attack,No
2787,1,0,0.08509903804604459,-2.835909605026245,-0.46090951561927795,attack,No
2788,1,0,0.015906391070367558,-4.184085369110107,-0.05908532813191414,attack,No
2789,1,1,0.6791786861878392,-0.5398507714271545,-1.2898507118225098,attack,Yes
2790,1,0,0.0021827168347934166,-6.440241813659668,-0.3152419924736023,attack,No
2791,1,1,0.9740426425196371,-0.05084181949496269,-3.675841808319092,attack,Yes
2792,1,0,0.20181323186177208,-1.77940034866333,-0.40440040826797485,attack,No
2793,1,1,0.6513548646660542,-0.6476999521255493,-1.2726999521255493,attack,Yes
2794,1,0,0.46879062662624377,-0.9782892465591431,-0.8532892465591431,attack,No
2795,1,1,0.6791786861878392,-0.5090413689613342,-1.2590413093566895,attack,Yes
2796,1,1,0.679178699175393,-0.6732326745986938,-1.4232326745986938,attack,Yes
2797,1,0,0.0015011824354232285,-6.644812107086182,-0.1448122262954712,attack,No
2798,1,1,0.8933094145755219,-0.2426077425479889,-2.367607831954956,attack,Yes
2799,1,0,0.18242551936144574,-1.8659062385559082,-0.3659062087535858,attack,No
2800,1,0,0.0015011826141094868,-6.888111114501953,-0.3881113529205322,attack,No
2801,1,1,0.7981867777396212,-0.38448798656463623,-1.7594879865646362,attack,Yes
2802,1,0,0.5,-1.0172908306121826,-1.0172908306121826,attack,No
2803,1,0,0.022977370913592487,-3.950996160507202,-0.20099620521068573,attack,No
2804,1,0,0.02931222820745785,-3.7775402069091797,-0.2775401175022125,attack,No
2805,1,0,0.0019267351218117874,-6.565159797668457,-0.31516003608703613,attack,No
2806,1,1,0.9902915253809457,-0.04025726020336151,-4.665257453918457,attack,Yes
2807,1,0,0.01798621022528639,-4.241172790527344,-0.24117280542850494,attack,No
2808,1,0,0.0006263340461823029,-7.627671718597412,-0.2526715397834778,attack,No
2809,1,0,0.060086646807761206,-2.9675045013427734,-0.21750444173812866,attack,No
2810,1,1,0.7772998560157665,-0.3830297291278839,-1.6330296993255615,attack,Yes
2811,1,1,0.7549149813536518,-0.4220344126224518,-1.5470343828201294,attack,Yes
2812,1,0,0.006692849537392301,-5.257833957672119,-0.2578337490558624,attack,No
2813,1,0,0.005220125538798635,-5.536102771759033,-0.2861027419567108,attack,No
2814,1,0,0.0004305569979551276,-7.877511978149414,-0.12751178443431854,attack,No
2815,1,0,0.5,-0.9194341897964478,-0.9194341897964478,attack,No
2816,1,0,0.34864513533394575,-1.2576255798339844,-0.6326255798339844,attack,No
2817,1,0,0.24508501313237172,-1.6809360980987549,-0.5559360980987549,attack,No
2818,1,0,0.010986941740036291,-4.600419521331787,-0.10041943937540054,attack,No
2819,1,0,0.0017007222596374673,-6.628796100616455,-0.2537960112094879,attack,No
2820,1,0,0.008577484653403024,-5.009366035461426,-0.2593659460544586,attack,No
2821,1,1,0.7057850340255386,-0.4672904908657074,-1.3422905206680298,attack,Yes
2822,1,0,0.0024726231566347748,-6.162941932678223,-0.16294193267822266,attack,No
2823,1,0,0.0013250222594674832,-6.878408432006836,-0.2534083127975464,attack,No
2824,1,0,0.012431647926096252,-4.734393119812012,-0.3593928813934326,attack,No
2825,1,0,0.16451645880021026,-2.0658676624298096,-0.4408676326274872,attack,No
2826,1,0,0.14804721306746543,-2.1430535316467285,-0.39305365085601807,attack,No
2827,1,0,0.0006263342140729864,-7.76261043548584,-0.387610524892807,attack,No
2828,1,0,0.007577241379914961,-5.107471466064453,-0.23247148096561432,attack,No
2829,1,0,0.3775406547908327,-1.1191771030426025,-0.6191770434379578,attack,No
2830,1,0,0.1480472055495773,-2.1472532749176025,-0.3972533345222473,attack,No
2831,1,0,0.34864513533394575,-1.2895498275756836,-0.6645498275756836,attack,No
2832,1,1,0.754914997895581,-0.47020047903060913,-1.595200538635254,attack,Yes
2833,1,0,0.007577240427454735,-4.962212562561035,-0.0872124508023262,attack,No
2834,1,0,0.02595735719779685,-3.7765932083129883,-0.15159320831298828,attack,No
2835,1,0,0.3208213138121609,-1.621534824371338,-0.8715348839759827,attack,No
2836,1,0,0.020332355123551627,-4.205297470092773,-0.3302975594997406,attack,No
2837,1,0,0.0031726826775418677,-5.832608699798584,-0.0826086476445198,attack,No
2838,1,0,0.46879062662624377,-0.9295240640640259,-0.8045240640640259,attack,No
2839,1,0,0.007577242164294059,-5.267854690551758,-0.39285480976104736,attack,No
2840,1,0,0.008577486680893736,-5.185726165771484,-0.4357263147830963,attack,No
2841,1,0,0.06754669489377622,-2.8885204792022705,-0.2635205388069153,attack,No
2842,1,0,0.40733341443526055,-1.0737862586975098,-0.6987863183021545,attack,No
2843,1,0,0.025957356444287677,-4.032758712768555,-0.4077586829662323,attack,No
2844,1,0,0.003593602181246977,-5.729433059692383,-0.10443294793367386,attack,No
2845,1,0,0.09534947261117097,-2.6182665824890137,-0.36826667189598083,attack,No
2846,1,0,0.0009110510858938316,-7.387829780578613,-0.38782966136932373,attack,No
2847,1,0,0.0011695102650555148,-7.137959003448486,-0.38795900344848633,attack,No
2848,1,0,0.0015011822344012133,-6.628504753112793,-0.12850473821163177,attack,No
2849,1,0,0.0009110513503792127,-7.101322174072266,-0.10132234543561935,attack,No
2850,1,0,0.017986212857234944,-4.1305060386657715,-0.13050620257854462,attack,No
2851,1,0,0.14804719051380197,-2.3529694080352783,-0.6029693484306335,attack,No
2852,1,0,0.0015011820780507757,-6.702829360961914,-0.2028292417526245,attack,No
2853,1,1,0.7310585727705126,-0.49699071049690247,-1.49699068069458,attack,Yes
2854,1,1,0.5926665999540697,-0.7367144823074341,-1.111714482307434,attack,Yes
2855,1,0,0.24508501313237172,-1.7808129787445068,-0.6558129787445068,attack,No
2856,1,0,0.3208212878370535,-1.4723875522613525,-0.7223874926567078,attack,No
2857,1,0,0.03732688627322502,-3.3760287761688232,-0.12602874636650085,attack,No
2858,1,0,0.5,-0.9466793537139893,-0.9466793537139893,attack,No
2859,1,0,0.13296425394084313,-2.1841320991516113,-0.3091322183609009,attack,No
2860,1,0,0.0013250223186221102,-6.827840805053711,-0.20284073054790497,attack,No
2861,1,1,0.9902915230529209,-0.053682852536439896,-4.678682804107666,attack,Yes
2862,1,0,0.3486451488696663,-1.265629529953003,-0.6406295895576477,attack,No
2863,1,0,0.0007096702405894811,-7.393513202667236,-0.14351297914981842,attack,No
2864,1,0,0.03308597648187432,-3.7161507606506348,-0.34115070104599,attack,No
2865,1,1,0.7057850278370112,-0.48066627979278564,-1.3556662797927856,attack,Yes
2866,1,0,0.01243165304850344,-4.66737174987793,-0.292371928691864,attack,No
2867,1,0,0.10669060530721626,-2.5359582901000977,-0.4109584093093872,attack,No
2868,1,0,0.46879062662624377,-0.9148956537246704,-0.7898956537246704,attack,No
2869,1,0,0.3208212878370535,-1.3685815334320068,-0.6185814738273621,attack,No
2870,1,1,0.8670357563664174,-0.2527296841144562,-2.127729654312134,attack,Yes
2871,1,0,0.13296424706933604,-2.3467061519622803,-0.47170621156692505,attack,No
2872,1,0,0.04208772791561884,-3.388561487197876,-0.263561487197876,attack,No
2873,1,0,0.09534945461636171,-2.4252142906188965,-0.17521417140960693,attack,No
2874,1,0,0.00970847519210651,-4.859276294708252,-0.2342761605978012,attack,No
2875,1,0,0.000626334298018345,-7.577316761016846,-0.2023169845342636,attack,No
2876,1,1,0.5926665999540697,-0.7515840530395508,-1.1265840530395508,attack,Yes
2877,1,0,0.4073334000459302,-0.9905480146408081,-0.6155480146408081,attack,No
2878,1,1,0.7772998560157665,-0.39906802773475647,-1.649067997932434,attack,Yes
2879,1,0,0.0028009270503612984,-6.190776348114014,-0.31577637791633606,attack,No
2880,1,0,0.008577484019812273,-4.918606281280518,-0.16860611736774445,attack,No
2881,1,0,0.18242552380635632,-1.9632376432418823,-0.4632376432418823,attack,No
2882,1,1,0.8354835411997897,-0.2603242099285126,-1.885324239730835,attack,Yes
2883,1,1,0.7310585669110203,-0.4761055111885071,-1.4761054515838623,attack,Yes
2884,1,0,0.0028009263428186164,-6.020769119262695,-0.1457688957452774,attack,No
2885,1,0,0.5,-0.8180009126663208,-0.8180009126663208,attack,No
2886,1,0,0.02595735719779685,-3.900297164916992,-0.2752971649169922,attack,No
2887,1,0,0.037326888415033926,-3.5346767902374268,-0.28467682003974915,attack,No
2888,1,0,0.004609573204944661,-5.581066131591797,-0.20606635510921478,attack,No
2889,1,1,0.9525741281688026,-0.14248105883598328,-3.1424810886383057,attack,Yes
2890,1,0,0.04742587587030561,-3.26725435256958,-0.26725441217422485,attack,No
2891,1,1,0.893309411735131,-0.24231213331222534,-2.36731219291687,attack,Yes
2892,1,1,0.7310585786300049,-0.556567907333374,-1.556567907333374,attack,Yes
2893,1,0,0.017986207330143424,-4.0877814292907715,-0.08778128027915955,attack,No
2894,1,0,0.06008664512463808,-3.185710906982422,-0.4357108175754547,attack,No
2895,1,1,0.7981867777396212,-0.34907305240631104,-1.724073052406311,attack,Yes
2896,1,1,0.5312093733737563,-0.8548786640167236,-0.9798786640167236,attack,Yes
2897,1,0,0.37754066879814546,-1.2017978429794312,-0.7017978429794312,attack,No
2898,1,0,0.0002611904241533476,-8.451939582824707,-0.20193998515605927,attack,No
2899,1,0,0.04742587317756679,-3.3543193340301514,-0.35431933403015137,attack,No
2900,1,0,0.13296424019782924,-2.227461576461792,-0.352461576461792,attack,No
2901,1,1,0.817574471748733,-0.3183927834033966,-1.8183927536010742,attack,Yes
2902,1,0,0.0021827160234430044,-6.328555107116699,-0.2035549134016037,attack,No
2903,1,0,0.10669060246682488,-2.4502835273742676,-0.32528361678123474,attack,No
2904,1,1,0.6513548646660542,-0.5471105575561523,-1.1721105575561523,attack,Yes
2905,1,0,0.4378235137849365,-1.125354290008545,-0.8753543496131897,attack,No
2906,1,0,0.14804719051380197,-2.196528673171997,-0.4465286135673523,attack,No
2907,1,0,0.0004305568889335148,-8.063764572143555,-0.31376412510871887,attack,No
2908,1,0,0.29421497216298875,-1.4924291372299194,-0.6174291372299194,attack,No
2909,1,0,0.0011695104913423747,-6.952750205993652,-0.20275039970874786,attack,No
2910,1,0,0.03308598005718029,-3.477505683898926,-0.10250573605298996,attack,No
2911,1,1,0.679178699175393,-0.5172199010848999,-1.2672199010849,attack,Yes
2912,1,0,0.0010322312211416022,-7.262900352478027,-0.38790053129196167,attack,No
2913,1,0,0.0002611901965285399,-8.329313278198242,-0.07931280881166458,attack,No
2914,1,0,0.00020342688410410035,-8.701759338378906,-0.20175887644290924,attack,No
2915,1,0,0.11920293453832885,-2.260774612426758,-0.26077473163604736,attack,No
2916,1,0,0.32082130082460697,-1.322155475616455,-0.5721554756164551,attack,No
2917,1,0,0.0017007220825400275,-6.476937770843506,-0.10193757712841034,attack,No
2918,1,0,0.0024726232301424803,-6.145621299743652,-0.14562132954597473,attack,No
2919,1,0,0.022977365895758564,-4.021653652191162,-0.2716534733772278,attack,No
2920,1,0,0.11920290950590741,-2.261112689971924,-0.2611125707626343,attack,No
2921,1,1,0.9525741298517642,-0.0927535817027092,-3.0927536487579346,attack,Yes
2922,1,1,0.8807970779778823,-0.2211315631866455,-2.2211315631866455,attack,Yes
2923,1,0,0.24508501313237172,-1.6476953029632568,-0.5226953029632568,attack,No
2924,1,0,0.009708478200631072,-5.061410903930664,-0.4364110827445984,attack,No
2925,1,1,0.9399133439350607,-0.13229452073574066,-2.8822944164276123,attack,Yes
2926,1,0,0.002800926488489154,-5.9403862953186035,-0.06538612395524979,attack,No
2927,1,1,0.9933071477383542,-0.045409880578517914,-5.045409679412842,attack,Yes
2928,1,1,0.7981867729389246,-0.3541863262653351,-1.7291862964630127,attack,Yes
2929,1,1,0.9046505338155469,-0.20913483202457428,-2.459134817123413,attack,Yes
2930,1,0,0.24508500210441886,-1.8175487518310547,-0.6925486922264099,attack,No
2931,1,0,0.2018132174596823,-1.7849547863006592,-0.4099547564983368,attack,No
2932,1,0,0.08509904964767095,-2.682621479034424,-0.3076215386390686,attack,No
2933,1,0,0.042087731520181665,-3.388338327407837,-0.2633384168148041,attack,No
2934,1,0,0.008577487441202876,-5.00944709777832,-0.2594473361968994,attack,No
2935,1,0,0.0008040859116848763,-7.512743949890137,-0.38774392008781433,attack,No
2936,1,0,0.0031726828424851893,-6.066386699676514,-0.31638669967651367,attack,No
2937,1,0,0.00023050669452093277,-8.535612106323242,-0.16061198711395264,attack,No
2938,1,0,0.0019267344340853601,-6.565361499786377,-0.3153613805770874,attack,No
2939,1,1,0.8175744761936437,-0.4327436685562134,-1.9327436685562134,attack,Yes
2940,1,0,0.033085978388704126,-3.5336718559265137,-0.15867185592651367,attack,No
2941,1,0,0.32082130082460697,-1.302354335784912,-0.5523543357849121,attack,No
2942,1,0,0.11920291576401235,-2.529934883117676,-0.529934823513031,attack,No
2943,1,0,0.2689414330889798,-1.6451404094696045,-0.6451404690742493,attack,No
2944,1,1,0.9324533046369554,-0.11098582297563553,-2.73598575592041,attack,Yes
2945,1,1,0.8519528019683106,-0.37476444244384766,-2.1247644424438477,attack,Yes
2946,1,1,0.5312093733737563,-0.8145107626914978,-0.9395107626914978,attack,Yes
2947,1,0,0.0953494648991095,-2.6151435375213623,-0.3651435375213623,attack,No
2948,1,0,0.20181321265898594,-1.725867509841919,-0.35086745023727417,attack,No
2949,1,0,0.0015011820333792252,-6.6289873123168945,-0.1289871633052826,attack,No
2950,1,0,0.009708475335369565,-4.835696220397949,-0.21069610118865967,attack,No
2951,1,0,0.10669060246682488,-2.4088284969329834,-0.28382858633995056,attack,No
2952,1,0,0.10669059678604234,-2.532933473587036,-0.4079335033893585,attack,No
2953,1,0,0.012431652088051937,-4.4258856773376465,-0.05088577792048454,attack,No
2954,1,0,0.0006263344565818308,-8.068862915039062,-0.6938633918762207,attack,no
2955,1,0,0.34864513533394575,-1.5990926027297974,-0.9740926027297974,attack,no
2956,1,1,0.9953904285043392,-0.10587820410728455,-5.4808783531188965,attack,Yes
2957,1,0,0.0006263341674366807,-7.555913925170898,-0.18091394007205963,attack,No
2958,1,0,0.001700722158438928,-6.628464698791504,-0.25346454977989197,attack,No
2959,1,0,0.008577484653403024,-5.143495559692383,-0.39349547028541565,attack,No
2960,1,0,0.03732688306051187,-3.5945587158203125,-0.34455859661102295,attack,No
2961,1,0,0.11920292202211755,-2.361562490463257,-0.36156249046325684,attack,No
2962,1,0,0.0046095728630878175,-5.580605983734131,-0.2056061327457428,attack,No
2963,1,0,0.00043055712300936466,-7.850778102874756,-0.10077819973230362,attack,No
2964,1,0,0.20181323186177208,-1.8339941501617432,-0.45899420976638794,attack,No
2965,1,0,0.16451647518562237,-2.0597076416015625,-0.43470773100852966,attack,No
2966,1,0,0.0007096703356961413,-7.411138534545898,-0.16113844513893127,attack,No
2967,1,1,0.9046505338155469,-0.22849704325199127,-2.47849702835083,attack,Yes
2968,1,0,0.18242553269617778,-1.9533674716949463,-0.45336753129959106,attack,No
2969,1,1,0.5621765008857981,-0.8578798770904541,-1.107879877090454,attack,Yes
2970,1,0,0.025957357951306048,-3.809661388397217,-0.18466141819953918,attack,No
2971,1,0,0.004609571358918011,-5.631617546081543,-0.25661736726760864,attack,No
2972,1,0,0.24508501313237172,-1.6777423620224,-0.5527423620223999,attack,No
2973,1,1,0.7310585727705126,-0.4356664717197418,-1.4356664419174194,attack,Yes
2974,1,0,0.0008040858757683391,-7.305877208709717,-0.18087713420391083,attack,No
2975,1,0,0.00359360311498431,-5.880159854888916,-0.25516000390052795,attack,No
2976,1,0,0.4378234991142019,-1.0477122068405151,-0.7977122068405151,attack,No
2977,1,0,0.025957355314023947,-3.7501766681671143,-0.1251765936613083,attack,No
2978,1,0,0.002800926384438769,-6.079082012176514,-0.20408180356025696,attack,No
2979,1,0,0.033085978388704126,-3.60721492767334,-0.23221492767333984,attack,No
2980,1,1,0.9924227590122746,-0.0783204659819603,-4.953320503234863,attack,Yes
2981,1,0,0.0011695101780221189,-6.9312849044799805,-0.1812848299741745,attack,No
2982,1,0,0.004609572179374208,-5.692256927490234,-0.3172569274902344,attack,No
2983,1,0,0.0021827161208050378,-6.475723743438721,-0.35072359442710876,attack,No
2984,1,0,0.5,-0.9536482095718384,-0.9536482095718384,attack,No
2985,1,0,0.002800926967120973,-6.129581928253174,-0.25458192825317383,attack,No
2986,1,0,0.1066905825840872,-2.4499874114990234,-0.3249872922897339,attack,No
2987,1,0,0.008577485413711986,-4.938006401062012,-0.18800640106201172,attack,No
2988,1,0,0.033085978388704126,-3.685397148132324,-0.3103971481323242,attack,No
2989,1,1,0.9241418189341297,-0.1759345680475235,-2.6759345531463623,attack,Yes
2990,1,0,0.0001233945989674286,-9.101097106933594,-0.10109729319810867,attack,No
2991,1,0,0.0031726822769652645,-6.066234588623047,-0.31623440980911255,attack,No
2992,1,0,0.37754066879814546,-1.1127175092697144,-0.6127175092697144,attack,No
2993,1,0,0.20181321265898594,-1.9539353847503662,-0.5789353251457214,attack,No
2994,1,1,0.7057850216484838,-0.41375866532325745,-1.288758635520935,attack,Yes
2995,1,0,0.004609571427289355,-5.580959320068359,-0.20595915615558624,attack,No
2996,1,0,0.0015011821673938809,-6.753585338592529,-0.2535852789878845,attack,No
2997,1,0,0.20181322226037882,-1.9800504446029663,-0.6050504446029663,attack,No
2998,1,0,0.0031726828424851893,-5.9544196128845215,-0.20441961288452148,attack,No
2999,1,0,0.001926734204843272,-6.378796577453613,-0.12879633903503418,attack,No
3000,0,0,0.0007096702722916998,-7.638092517852783,-0.3880923390388489,attack,no
3001,0,0,0.07585818002124356,-3.1381242275238037,-0.6381242275238037,attack,no
3002,0,0,0.0001795279158528865,-9.148508071899414,-0.5235077738761902,attack,No
3003,0,0,0.00359360194114313,-6.152286052703857,-0.5272858738899231,attack,No
3004,0,0,0.10669059394565118,-2.7049317359924316,-0.5799317359924316,attack,no
3005,0,0,0.0031726821827119532,-6.1400346755981445,-0.3900344669818878,attack,no
3006,0,0,0.0019267348925696179,-6.828263759613037,-0.5782638788223267,attack,no
3007,0,0,0.004070138199119559,-6.079614639282227,-0.5796147584915161,attack,No
3008,0,0,0.0159063898457867,-4.661099433898926,-0.5360993146896362,attack,No
3009,0,0,0.0011695101606154403,-7.138823509216309,-0.38882341980934143,attack,No
3010,0,0,0.24508499107646636,-2.0098490715026855,-0.884848952293396,attack,no
3011,0,0,0.0019267350071906994,-6.640253067016602,-0.3902532458305359,attack,No
3012,0,0,0.005911068505999277,-5.822843551635742,-0.6978434920310974,attack,no
3013,0,0,0.0024726231566347748,-6.636310577392578,-0.6363105773925781,attack,No
3014,0,0,0.0017007220066411306,-7.009599685668945,-0.6345994472503662,attack,No
3015,0,0,0.00012339459069419723,-9.090033531188965,-0.0900336503982544,attack,No
3016,0,0,0.0075772430607274135,-5.514026641845703,-0.6390268802642822,attack,no
3017,0,0,0.0021827163155291175,-6.820707321166992,-0.6957072615623474,attack,no
3018,0,0,0.0007096702722916998,-7.9443135261535645,-0.6943133473396301,attack,no
3019,0,0,0.0021827164453451808,-6.651331901550293,-0.526331901550293,attack,no
3020,0,0,0.2942149597859341,-1.702697992324829,-0.8276979327201843,attack,No
3021,0,0,0.015906389379279733,-4.612383842468262,-0.4873836934566498,attack,No
3022,0,0,0.0015011825247663551,-7.077648162841797,-0.5776483416557312,attack,No
3023,0,0,0.009708476481474066,-5.265625476837158,-0.6406254768371582,attack,No
3024,0,0,0.0035936023679944244,-6.321372032165527,-0.6963719725608826,attack,no
3025,0,0,0.0019267343194643127,-6.884353160858154,-0.63435298204422,attack,no
3026,0,0,0.0015011820780507757,-7.077815532684326,-0.5778154134750366,attack,No
3027,0,0,0.0004878570065248225,-7.827110290527344,-0.20211005210876465,attack,No
3028,0,0,0.00043055726088971926,-8.22528076171875,-0.4752811789512634,attack,no
3029,0,0,0.07585818002124356,-2.988151788711548,-0.48815178871154785,attack,No
3030,0,0,0.0010322308523680697,-7.569502830505371,-0.6945026516914368,attack,no
3031,0,0,0.002182715926080975,-6.703019142150879,-0.5780189037322998,attack,No
3032,0,0,0.04208773272170267,-3.680164337158203,-0.5551644563674927,attack,No
3033,0,0,0.005220126312597491,-5.728439807891846,-0.47843992710113525,attack,No
3034,0,0,0.003593603008271459,-6.321888446807861,-0.6968885660171509,attack,no
3035,0,0,0.006692849537392301,-5.4367475509643555,-0.43674734234809875,attack,no
3036,0,0,0.01590639171181471,-4.662608623504639,-0.5376086235046387,attack,no
3037,0,0,0.004070137715896127,-5.978636741638184,-0.4786367416381836,attack,no
3038,0,0,0.0010322310060236924,-7.350734233856201,-0.4757342040538788,attack,no
3039,0,0,0.007577240371427665,-5.573418617248535,-0.6984184980392456,attack,no
3040,0,0,0.0013250221805946513,-7.202275276184082,-0.5772750973701477,attack,No
3041,0,0,0.0004878571627457685,-7.704565525054932,-0.0795656070113182,attack,No
3042,0,0,0.00020342701745407042,-8.613783836364746,-0.11378403007984161,attack,No
3043,0,0,0.01798621101487092,-4.536628723144531,-0.536628782749176,attack,No
3044,0,0,0.0019267351218117874,-6.8861846923828125,-0.6361849308013916,attack,no
3045,0,0,0.004609571905888793,-5.855014324188232,-0.48001426458358765,attack,No
3046,0,0,0.007577242612510723,-5.310849189758301,-0.4358493685722351,attack,No
3047,0,0,0.01798620785653302,-4.5899152755737305,-0.5899151563644409,attack,No
3048,0,0,0.0002305067769375634,-8.951591491699219,-0.5765917301177979,attack,No
3049,0,0,0.0021827168347934166,-6.75986909866333,-0.6348692774772644,attack,no
3050,0,0,0.000804086127184134,-7.702469825744629,-0.577470064163208,attack,No
3051,0,1,0.7057850402140659,-0.7153462767601013,-1.590346336364746,attack,Yes
3052,0,1,0.7057850402140659,-0.6604391932487488,-1.5354392528533936,attack,Yes
3053,0,0,0.0007096705259094992,-7.7251739501953125,-0.4751741290092468,attack,No
3054,0,0,0.002182715990988994,-6.440782070159912,-0.3157818615436554,attack,no
3055,0,0,0.02931223244728875,-4.213008403778076,-0.713008463382721,attack,no
3056,0,0,0.008577486427457372,-5.33268928527832,-0.5826894044876099,attack,no
3057,0,0,0.0008040859356292355,-7.649204730987549,-0.5242047309875488,attack,No
3058,0,0,0.004609572999830552,-6.012821674346924,-0.6378218531608582,attack,no
3059,0,0,0.0013250224172131609,-7.319985389709473,-0.6949853897094727,attack,no
3060,0,0,0.004609572179374208,-6.071230888366699,-0.6962308883666992,attack,no
3061,0,0,0.16451644651115205,-2.3891263008117676,-0.764126181602478,attack,no
3062,0,0,0.0011695102650555148,-7.3842997550964355,-0.6342997550964355,attack,no
3063,0,0,0.0040701374742844335,-6.080333709716797,-0.5803336501121521,attack,No
3064,0,0,0.16451645470385742,-2.387881278991699,-0.7628812193870544,attack,no
3065,0,0,0.004070137715896127,-6.02786922454834,-0.5278692245483398,attack,no
3066,0,0,0.000911051248654057,-7.349781036376953,-0.3497810959815979,attack,no
3067,0,0,0.033085978388704126,-3.9788522720336914,-0.6038522720336914,attack,no
3068,0,0,0.0028009266341596987,-6.570784091949463,-0.6957839727401733,attack,no
3069,0,0,0.1066905825840872,-2.840062141418457,-0.7150620222091675,attack,no
3070,0,0,0.012431651584958318,-4.960599899291992,-0.585599958896637,attack,No
3071,0,0,0.0015011820780507757,-7.077357769012451,-0.5773576498031616,attack,no
3072,0,0,0.0013250222594674832,-7.014034748077393,-0.389034628868103,attack,no
3073,0,0,0.002472622715588583,-6.635763168334961,-0.6357629895210266,attack,no
3074,0,0,0.0008040860553510418,-7.439485549926758,-0.31448569893836975,attack,no
3075,0,0,0.0003353500705213166,-8.57650375366211,-0.576503574848175,attack,No
3076,0,0,0.0005527786369235996,-7.975314617156982,-0.4753146171569824,attack,No
3077,0,0,0.01590639357784294,-4.828439712524414,-0.7034398317337036,attack,no
3078,0,0,0.0031726820884586454,-6.2760114669799805,-0.5260112285614014,attack,No
3079,0,0,0.014063623737371644,-4.893584251403809,-0.6435840129852295,attack,no
3080,0,0,0.004609572179374208,-6.073400020599365,-0.6984000205993652,attack,no
3081,0,0,0.0015011824354232285,-7.195169925689697,-0.6951700448989868,attack,no
3082,0,0,0.1329642264548166,-2.617471218109131,-0.7424710988998413,attack,no
3083,0,0,0.010986941982915435,-5.200740814208984,-0.7007407546043396,attack,no
3084,0,0,0.02297737258620403,-4.197470664978027,-0.4474707841873169,attack,No
3085,0,0,0.00023050669452093277,-8.84974479675293,-0.47474467754364014,attack,No
3086,0,0,0.006692852113050128,-5.698186874389648,-0.6981870532035828,attack,no
3087,0,0,0.0017007221078396608,-6.805795192718506,-0.43079501390457153,attack,no
3088,0,0,0.0031726830309918535,-6.330042362213135,-0.5800424218177795,attack,no
3089,0,0,0.22270013882530884,-1.961054801940918,-0.711054801940918,attack,No
3090,0,0,0.0009110513571608901,-7.475346565246582,-0.47534674406051636,attack,No
3091,0,0,0.0035936027948457686,-6.261548042297363,-0.6365481019020081,attack,no
3092,0,0,0.2942149845400438,-1.7499935626983643,-0.874993622303009,attack,no
3093,0,0,0.04208772791561884,-3.788719654083252,-0.663719654083252,attack,No
3094,0,0,0.000804086031406679,-7.702212333679199,-0.5772124528884888,attack,No
3095,0,0,0.0015011822567369915,-7.077653408050537,-0.5776534080505371,attack,no
3096,0,0,0.001700722816229541,-6.953037261962891,-0.5780375003814697,attack,no
3097,0,0,0.004070138682343046,-6.196490287780762,-0.6964905261993408,attack,no
3098,0,0,0.5,-1.0740540027618408,-1.0740540027618408,attack,No
3099,0,0,0.025957358704815272,-3.9029476642608643,-0.27794772386550903,attack,No
3100,0,0,0.033085978388704126,-3.752267360687256,-0.37726736068725586,attack,No
3101,0,0,0.1480471980316895,-2.556384325027466,-0.8063843250274658,attack,no
3102,0,0,0.0015011821227223277,-6.888894557952881,-0.3888944685459137,attack,no
3103,0,0,0.033085981248949035,-3.874615430831909,-0.49961552023887634,attack,No
3104,0,0,0.022977367233847502,-4.290531635284424,-0.5405315160751343,attack,No
3105,0,0,0.0010322310982170768,-7.452676773071289,-0.5776768326759338,attack,no
3106,0,0,0.0017007222596374673,-6.8511247634887695,-0.47612467408180237,attack,no
3107,0,0,0.0008040858398518034,-7.600629806518555,-0.47562968730926514,attack,no
3108,0,0,0.02033235452992065,-4.581575393676758,-0.7065754532814026,attack,no
3109,0,0,0.0035936027948457686,-6.015862464904785,-0.39086252450942993,attack,no
3110,0,0,0.0007096703145613268,-7.827014446258545,-0.5770143270492554,attack,no
3111,0,0,0.0021827160558970152,-6.759637355804443,-0.634637176990509,attack,No
3112,0,0,0.00218271670497733,-6.75990104675293,-0.6349011659622192,attack,no
3113,0,0,0.001032230913830316,-7.452180862426758,-0.5771807432174683,attack,no
3114,0,0,0.0015011823907516671,-6.8885273933410645,-0.3885274827480316,attack,No
3115,0,0,0.009708475908421797,-5.108572959899902,-0.48357290029525757,attack,no
3116,0,0,0.005911068155754778,-5.762558460235596,-0.6375583410263062,attack,no
3117,0,0,0.009708477914104884,-5.061501979827881,-0.4365021288394928,attack,No
3118,0,0,0.022977371248114782,-4.399369239807129,-0.6493692994117737,attack,no
3119,0,0,0.0009110513571608901,-7.314517021179199,-0.31451719999313354,attack,no
3120,0,0,0.0019267345487064141,-6.828024864196777,-0.5780248045921326,attack,no
3121,0,0,0.00522012445548043,-5.729885101318359,-0.4798848628997803,attack,No
3122,0,0,0.004609573273316032,-6.011775970458984,-0.6367762088775635,attack,No
3123,0,0,0.0019267350645012428,-6.60120964050293,-0.3512098491191864,attack,No
3124,0,0,0.0009110511401472368,-7.633872985839844,-0.633872926235199,attack,no
3125,0,0,0.001700722310236739,-6.953366279602051,-0.578366219997406,attack,no
3126,0,0,0.002800927133601626,-6.571013450622559,-0.6960135102272034,attack,no
3127,0,0,0.09534945975773548,-2.900089979171753,-0.6500899195671082,attack,No
3128,0,0,0.11920292828022305,-2.7210776805877686,-0.7210777401924133,attack,No
3129,0,1,0.8519528132451416,-0.45176902413368225,-2.2017691135406494,attack,Yes
3130,0,0,0.0015011822567369915,-6.975667953491211,-0.47566795349121094,attack,no
3131,0,0,0.005220125384038879,-5.53803014755249,-0.28803008794784546,attack,No
3132,0,0,0.0028009266341596987,-6.454648017883301,-0.5796478986740112,attack,No
3133,0,0,0.0015011826141094868,-7.194530487060547,-0.694530725479126,attack,no
3134,0,0,0.002800926800640331,-6.572011470794678,-0.697011411190033,attack,no
3135,0,0,0.0021827166400692896,-6.514750003814697,-0.38975009322166443,attack,no
3136,0,0,0.16451644651115205,-2.3277106285095215,-0.7027105093002319,attack,No
3137,0,0,0.0028009273000822866,-6.454136848449707,-0.5791369676589966,attack,no
3138,0,0,0.0024726235976810437,-6.695119857788086,-0.6951200366020203,attack,no
3139,0,0,0.0019267350071906994,-6.8285932540893555,-0.5785934329032898,attack,no
3140,0,0,0.005220126931636656,-5.7777509689331055,-0.5277512073516846,attack,no
3141,0,0,0.00033535001057616586,-8.57650089263916,-0.5765005350112915,attack,No
3142,0,0,0.008577484653403024,-5.231538772583008,-0.48153868317604065,attack,no
3143,0,0,0.000911051248654057,-7.577964782714844,-0.5779648423194885,attack,No
3144,0,0,0.0010322311904104695,-7.190628528594971,-0.31562867760658264,attack,no
3145,0,0,0.0015011819440361278,-6.81567907333374,-0.3156788647174835,attack,no
3146,0,0,0.0028009273000822866,-6.571038246154785,-0.6960383653640747,attack,no
3147,0,0,0.0007096703991005882,-7.600014686584473,-0.35001468658447266,attack,no
3148,0,0,0.0011695100561753752,-7.275310516357422,-0.5253103375434875,attack,No
3149,0,0,0.0019267343194643127,-6.829708576202393,-0.5797083973884583,attack,no
3150,0,0,0.0024726234506656126,-6.695577621459961,-0.6955777406692505,attack,no
3151,0,0,0.008577486934330109,-5.333473205566406,-0.5834733843803406,attack,No
3152,0,0,0.003172682536161884,-5.796451091766357,-0.04645099490880966,attack,No
3153,0,0,0.0021827162506210893,-6.514002799987793,-0.3890027105808258,attack,No
3154,0,0,0.1329642264548166,-2.5582661628723145,-0.6832660436630249,attack,No
3155,0,0,0.002472623671188763,-6.35180139541626,-0.3518016040325165,attack,No
3156,0,0,0.01590639217832175,-4.615887641906738,-0.49088767170906067,attack,no
3157,0,0,0.0040701384407312935,-5.891385078430176,-0.3913852572441101,attack,no
3158,0,0,0.0013250225749588576,-7.101287364959717,-0.47628748416900635,attack,No
3159,0,0,0.0013250223383403197,-7.100479602813721,-0.4754795432090759,attack,no
3160,0,0,0.0059110695567328965,-5.605484485626221,-0.48048460483551025,attack,No
3161,0,0,0.06754669864792355,-3.306854248046875,-0.6818543672561646,attack,No
3162,0,0,0.0024726235976810437,-6.528824329376221,-0.528824508190155,attack,no
3163,0,0,0.002800927133601626,-6.510329246520996,-0.6353293061256409,attack,no
3164,0,0,0.0031726825597252145,-6.068208694458008,-0.31820860505104065,attack,no
3165,0,0,0.0011695099865486702,-7.384779930114746,-0.634779691696167,attack,no
3166,0,0,0.0019267347206380085,-6.726129531860352,-0.47612956166267395,attack,No
3167,0,0,0.053403329799824234,-3.3901054859161377,-0.5151054859161377,attack,No
3168,0,0,0.0010322309752925658,-7.350632190704346,-0.4756321310997009,attack,no
3169,0,0,0.01243165304850344,-5.076488494873047,-0.7014886736869812,attack,no
3170,0,0,0.0015011826141094868,-7.077726364135742,-0.5777266025543213,attack,No
3171,0,0,0.014063628696182679,-4.8397216796875,-0.5897217988967896,attack,no
3172,0,0,0.0010322310674859476,-7.158087730407715,-0.28308776021003723,attack,no
3173,0,0,0.0031726822769652645,-6.445620536804199,-0.6956203579902649,attack,no
3174,0,0,0.0011695102650555148,-7.327504634857178,-0.5775046348571777,attack,No
3175,0,0,0.03308597648187432,-3.874014377593994,-0.49901431798934937,attack,No
3176,0,0,0.009708476768000214,-4.917756080627441,-0.2927561104297638,attack,No
3177,0,0,0.001501182133890216,-6.564027786254883,-0.06402770429849625,attack,No
3178,0,0,0.0003799845968227282,-7.975924015045166,-0.10092423111200333,attack,No
3179,0,0,0.0008040859116848763,-7.6002960205078125,-0.4752959907054901,attack,no
3180,0,0,0.008577485413711986,-5.389490127563477,-0.6394901275634766,attack,no
3181,0,0,0.005911068505999277,-5.764115333557129,-0.6391152739524841,attack,no
3182,0,0,0.0031726830309918535,-6.445934295654297,-0.6959343552589417,attack,no
3183,0,0,0.0009110513029074721,-7.05682897567749,-0.056829094886779785,attack,No
3184,0,0,0.0005527784393438672,-8.077805519104004,-0.5778051614761353,attack,no
3185,0,0,0.005220125074519377,-5.947823524475098,-0.6978234052658081,attack,no
3186,0,0,0.29421497216298875,-1.6277215480804443,-0.7527215480804443,attack,No
3187,0,0,0.0953494648991095,-2.8457837104797363,-0.5957837104797363,attack,No
3188,0,0,0.0017007226138324027,-7.009640693664551,-0.6346408128738403,attack,No
3189,0,0,0.006692849537392301,-5.321503639221191,-0.3215034306049347,attack,no
3190,0,0,0.0035936025814200896,-6.321425914764404,-0.6964259147644043,attack,no
3191,0,0,0.01798620785653302,-4.537150859832764,-0.5371507406234741,attack,No
3192,0,0,0.09534945975773548,-2.956162691116333,-0.7061626315116882,attack,no
3193,0,0,0.005911069075146632,-5.225438594818115,-0.10043863207101822,attack,No
3194,0,0,0.0010322311596793377,-7.56978178024292,-0.6947818994522095,attack,no
3195,0,0,0.017986213120429816,-4.645914554595947,-0.6459147334098816,attack,No
3196,0,0,0.01098694263059318,-5.086428165435791,-0.586428165435791,attack,no
3197,0,0,0.0004305568761074445,-8.326446533203125,-0.5764460563659668,attack,no
3198,0,0,0.0028009264676790765,-6.352701187133789,-0.47770100831985474,attack,no
3199,0,0,0.04742587587030561,-3.6668429374694824,-0.6668429970741272,attack,No
3200,0,0,0.0017007221078396608,-7.069666385650635,-0.6946662068367004,attack,no
3201,0,0,0.00048785706465354084,-7.938867092132568,-0.3138669729232788,attack,no
3202,0,0,0.0021827161208050378,-6.601304531097412,-0.47630438208580017,attack,no
3203,0,0,0.0011695101954287976,-7.226215362548828,-0.47621530294418335,attack,no
3204,0,0,0.0007096705681791412,-7.827166557312012,-0.5771667957305908,attack,No
3205,0,0,0.0011695103346822365,-7.327811241149902,-0.5778113007545471,attack,no
3206,0,0,0.009708478773683474,-5.3253278732299805,-0.7003281116485596,attack,no
3207,0,0,0.000487856977460466,-8.3193941116333,-0.6943938136100769,attack,no
3208,0,0,0.0019267343194643127,-6.639769554138184,-0.38976937532424927,attack,no
3209,0,1,0.9324533126145177,-0.2786495089530945,-2.9036495685577393,attack,Yes
3210,0,0,0.006692850924284856,-5.581507682800293,-0.581507682800293,attack,No
3211,0,0,0.0019267342621537913,-6.565732955932617,-0.3157327473163605,attack,No
3212,0,0,0.002800926967120973,-6.352110385894775,-0.4771103858947754,attack,no
3213,0,0,0.002472623671188763,-6.390174865722656,-0.39017507433891296,attack,no
3214,0,0,0.0021827160558970152,-6.651240348815918,-0.5262401700019836,attack,no
3215,0,0,0.002182716510253215,-6.476909160614014,-0.35190919041633606,attack,no
3216,0,0,0.0031726826539785367,-6.276360034942627,-0.5263599753379822,attack,no
3217,0,0,0.04742587587030561,-3.5647215843200684,-0.5647216439247131,attack,no
3218,0,0,0.007577242612510723,-5.4570441246032715,-0.5820443034172058,attack,No
3219,0,0,0.004609572999830552,-6.013062000274658,-0.6380621790885925,attack,No
3220,0,1,0.679178699175393,-0.8392810821533203,-1.5892810821533203,attack,Yes
3221,0,0,0.0040701374742844335,-6.196403980255127,-0.6964039206504822,attack,no
3222,0,0,0.015906392644828796,-4.5261688232421875,-0.4011688828468323,attack,no
3223,0,1,0.7310585903489892,-0.6479935050010681,-1.647993564605713,attack,Yes
3224,0,0,0.0019267343194643127,-6.944818496704102,-0.6948183178901672,attack,no
3225,0,0,0.009708477054526368,-5.266991138458252,-0.6419911980628967,attack,no
3226,0,0,0.0035936023679944244,-6.321677207946777,-0.6966771483421326,attack,no
3227,0,0,0.002472623524173327,-6.433420658111572,-0.4334208071231842,attack,No
3228,0,0,0.00048785735529723593,-8.318689346313477,-0.6936898231506348,attack,no
3229,0,0,0.0010322310367548194,-7.569673538208008,-0.6946735382080078,attack,no
3230,0,0,0.015906394510857135,-4.6625800132751465,-0.5375801920890808,attack,no
3231,0,0,0.010986944573626636,-5.032914161682129,-0.5329143404960632,attack,no
3232,0,0,0.003172683408005215,-6.386157989501953,-0.6361581683158875,attack,no
3233,0,0,0.0019267346633274755,-6.829879283905029,-0.5798792839050293,attack,No
3234,0,0,0.0019267346633274755,-6.827884197235107,-0.5778841972351074,attack,no
3235,0,0,0.00026119027240345376,-8.56399917602539,-0.3139989972114563,attack,no
3236,0,0,0.0019267350071906994,-6.884410381317139,-0.634410560131073,attack,No
3237,0,0,0.000804086127184134,-7.702014923095703,-0.5770151615142822,attack,No
3238,0,0,0.00218271670497733,-6.761248588562012,-0.6362487077713013,attack,no
3239,0,0,0.002800927133601626,-6.570806503295898,-0.6958065629005432,attack,no
3240,0,0,0.008577486174021013,-5.2356743812561035,-0.4856744706630707,attack,No
3241,0,0,0.017986213120429816,-4.590023040771484,-0.5900232195854187,attack,No
3242,0,0,0.0013250225749588576,-7.014509201049805,-0.38950932025909424,attack,no
3243,0,0,0.0017007226138324027,-6.8999552726745605,-0.5249553918838501,attack,no
3244,0,0,0.017986213120429816,-4.644654273986816,-0.6446544528007507,attack,No
3245,0,0,0.005911068155754778,-5.705678939819336,-0.5806788206100464,attack,no
3246,0,0,0.0017007227656302545,-6.851734161376953,-0.47673436999320984,attack,No
3247,0,0,0.0009110510045137297,-7.31473445892334,-0.31473425030708313,attack,No
3248,0,0,0.0013250224172131609,-7.202789783477783,-0.5777897834777832,attack,no
3249,0,0,0.015906392644828796,-4.714672565460205,-0.5896726250648499,attack,No
3250,0,1,0.754914997895581,-0.6250726580619812,-1.750072717666626,attack,Yes
3251,0,0,0.06754669301670263,-2.965709686279297,-0.34070971608161926,attack,No
3252,0,0,0.001700722209038197,-7.070043087005615,-0.6950429677963257,attack,no
3253,0,0,0.0002959571840538766,-8.60023021697998,-0.47523045539855957,attack,No
3254,0,0,0.00037998440155070234,-8.189151763916016,-0.31415146589279175,attack,no
3255,0,0,0.0028009274665629583,-6.3071980476379395,-0.4321982264518738,attack,no
3256,0,0,0.03732689162774753,-3.8533554077148438,-0.6033555269241333,attack,No
3257,0,0,0.0009110511944006454,-7.633471488952637,-0.6334714889526367,attack,No
3258,0,0,0.002472623303650189,-6.63533353805542,-0.6353335976600647,attack,No
3259,0,0,0.004070137715896127,-6.0269951820373535,-0.5269951820373535,attack,no
3260,0,0,0.0015011825694379204,-6.93097448348999,-0.43097469210624695,attack,no
3261,0,0,0.0009110513029074721,-7.524251937866211,-0.5242520570755005,attack,No
3262,0,0,0.001700722310236739,-7.009478569030762,-0.6344785094261169,attack,no
3263,0,0,0.0035936027948457686,-6.058178901672363,-0.43317896127700806,attack,no
3264,0,0,0.002182715926080975,-6.7036027908325195,-0.5786025524139404,attack,No
3265,0,0,0.0011695102650555148,-7.0327959060668945,-0.28279590606689453,attack,no
3266,0,0,0.0007096703568309563,-7.827078819274902,-0.5770787596702576,attack,no
3267,0,0,0.0015011821673938809,-7.19487190246582,-0.6948718428611755,attack,no
3268,0,0,0.015906388912772775,-4.712430477142334,-0.5874302983283997,attack,No
3269,0,0,0.0015011824354232285,-6.976125240325928,-0.4761253595352173,attack,No
3270,0,0,0.0011695104043089619,-7.327755928039551,-0.5777560472488403,attack,No
3271,0,0,0.00359360194114313,-6.204060077667236,-0.579059898853302,attack,no
3272,0,0,0.005911067805510302,-5.825037002563477,-0.7000368237495422,attack,no
3273,0,0,0.0031726833137518703,-6.142636299133301,-0.3926364481449127,attack,no
3274,0,0,0.09534947518185825,-2.9498839378356934,-0.6998840570449829,attack,No
3275,0,0,0.0474258704848281,-3.667177200317383,-0.667177140712738,attack,no
3276,0,0,0.01243164938964095,-4.860292434692383,-0.48529231548309326,attack,no
3277,0,0,0.000335350090503036,-8.577010154724121,-0.5770100355148315,attack,no
3278,0,0,0.00026119041442578764,-8.314011573791504,-0.06401193886995316,attack,No
3279,0,0,0.0015011820333792252,-6.754054069519043,-0.25405392050743103,attack,no
3280,0,0,0.0015011822567369915,-7.078151702880859,-0.5781517028808594,attack,no
3281,0,0,0.0040701384407312935,-5.891899585723877,-0.3918997645378113,attack,No
3282,0,0,0.0021827165751612514,-6.601367473602295,-0.4763675332069397,attack,no
3283,0,0,0.03732688306051187,-3.7529144287109375,-0.502914309501648,attack,No
3284,0,0,0.0015011821673938809,-7.025520324707031,-0.5255202651023865,attack,no
3285,0,0,0.0011695099865486702,-7.27447509765625,-0.5244748592376709,attack,No
3286,0,0,0.0010322310367548194,-7.569547653198242,-0.6945476531982422,attack,no
3287,0,0,0.0031726824654718946,-6.328939914703369,-0.5789397954940796,attack,No
3288,0,0,0.06754668738548215,-3.30643892288208,-0.6814388632774353,attack,No
3289,0,0,0.007577241716077422,-5.356212139129639,-0.48121219873428345,attack,no
3290,0,0,0.020332358091706755,-4.522940635681152,-0.6479408740997314,attack,no
3291,0,0,0.01098694327827096,-5.085073471069336,-0.5850735306739807,attack,No
3292,0,0,0.0006263342140729864,-7.690718650817871,-0.31571874022483826,attack,No
3293,0,0,0.0006263343446546602,-8.069055557250977,-0.6940558552742004,attack,no
3294,0,0,0.0010322310060236924,-7.351131439208984,-0.476131409406662,attack,no
3295,0,0,0.0011695101954287976,-7.384164333343506,-0.6341642737388611,attack,no
3296,0,0,0.001501182502430573,-6.6444993019104,-0.14449946582317352,attack,No
3297,0,0,0.0010322310367548194,-7.509169101715088,-0.6341691017150879,attack,No
3298,0,0,0.010986941659076578,-4.985329627990723,-0.4853295385837555,attack,no
3299,0,0,0.03732689162774753,-3.853919506072998,-0.6039196252822876,attack,No
3300,0,0,0.01590639544387138,-4.772024154663086,-0.647024393081665,attack,no
3301,0,0,0.04742587856304458,-3.6688709259033203,-0.6688710451126099,attack,no
3302,0,0,0.009708476481474066,-5.208553314208984,-0.5835533142089844,attack,no
3303,0,0,0.0017007220066411306,-7.009916305541992,-0.6349160671234131,attack,no
3304,0,0,0.0028009274665629583,-6.453648090362549,-0.5786482691764832,attack,no
3305,0,0,0.0013250223383403197,-7.203159809112549,-0.578159749507904,attack,No
3306,0,0,0.0005527787192485087,-7.929773807525635,-0.4297739565372467,attack,no
3307,0,0,0.0028009274665629583,-6.5113205909729,-0.6363207697868347,attack,no
3308,0,0,0.02033235452992065,-4.364129543304443,-0.48912960290908813,attack,No
3309,0,0,0.004609571632403393,-5.954991340637207,-0.5799912214279175,attack,no
3310,0,0,0.006692851320539924,-5.637617111206055,-0.6376171708106995,attack,No
3311,0,0,0.010986944573626636,-5.084228515625,-0.5842286944389343,attack,No
3312,0,0,0.004609571358918011,-6.0117716789245605,-0.6367715001106262,attack,No
3313,0,0,0.11920293453832885,-2.7180323600769043,-0.7180324792861938,attack,No
3314,0,0,0.0013250226538317129,-7.150056838989258,-0.5250570178031921,attack,no
3315,0,0,0.008577485920584663,-5.333242893218994,-0.5832429528236389,attack,no
3316,0,0,0.009708475621895678,-5.106567859649658,-0.48156777024269104,attack,No
3317,0,0,0.0006263340182005267,-7.477207660675049,-0.10220743715763092,attack,No
3318,0,0,0.002182715926080975,-6.650738716125488,-0.5257384777069092,attack,No
3319,0,0,0.0017007225126338423,-6.952566623687744,-0.5775666832923889,attack,No
3320,0,0,0.0019267344913958867,-6.504456520080566,-0.25445643067359924,attack,no
3321,0,0,0.005220126622117065,-5.948887348175049,-0.6988875269889832,attack,no
3322,0,0,0.0005527787521784759,-7.887930393218994,-0.38793060183525085,attack,No
3323,0,0,0.002182716380437148,-6.515503883361816,-0.390503853559494,attack,no
3324,0,1,0.5312093733737563,-1.0323941707611084,-1.1573941707611084,attack,Yes
3325,0,0,0.0011695100909887293,-7.226618766784668,-0.47661861777305603,attack,No
3326,0,0,0.00037998442419093204,-8.451620101928711,-0.5766198635101318,attack,No
3327,0,0,0.0019267344340853601,-6.775134086608887,-0.5251339673995972,attack,no
3328,0,0,0.0011695100561753752,-7.383947849273682,-0.6339476704597473,attack,no
3329,0,0,0.000487857180910998,-7.938939571380615,-0.3139396905899048,attack,No
3330,0,0,0.004609572726345088,-5.853987693786621,-0.47898781299591064,attack,No
3331,0,0,0.000203426893196141,-9.076483726501465,-0.5764833092689514,attack,No
3332,0,0,0.0017007225126338423,-7.009985446929932,-0.6349855065345764,attack,No
3333,0,0,0.0031726835965119127,-6.276639938354492,-0.5266401767730713,attack,no
3334,0,0,0.0021827160558970152,-6.650304794311523,-0.5253046154975891,attack,No
3335,0,0,0.0005527787357134919,-8.077131271362305,-0.577131450176239,attack,No
3336,0,0,0.0028009266341596987,-6.453658103942871,-0.5786579847335815,attack,no
3337,0,0,0.004070137957507836,-5.977964878082275,-0.47796493768692017,attack,No
3338,0,0,0.0019267346633274755,-6.885197639465332,-0.635197639465332,attack,no
3339,0,0,0.012431653780276067,-5.077073097229004,-0.702073335647583,attack,no
3340,0,0,0.0007096705047746792,-7.67979621887207,-0.42979636788368225,attack,no
3341,0,0,0.004070138199119559,-6.0798139572143555,-0.579814076423645,attack,no
3342,0,0,0.006692850131774789,-5.529395580291748,-0.5293954610824585,attack,no
3343,0,0,0.005220124764999895,-5.947277545928955,-0.6972773671150208,attack,no
3344,0,0,0.0007096703145613268,-7.637925148010254,-0.38792502880096436,attack,no
3345,0,0,0.003172683408005215,-6.329340934753418,-0.5793411135673523,attack,No
3346,0,0,0.005220125384038879,-5.8309407234191895,-0.5809406638145447,attack,No
3347,0,0,0.0006263342327275096,-7.95208215713501,-0.5770822763442993,attack,No
3348,0,0,0.008577484399966718,-5.389545917510986,-0.6395457983016968,attack,No
3349,0,0,0.0011695101954287976,-7.1807756423950195,-0.43077558279037476,attack,no
3350,0,0,0.0019267350071906994,-6.726053714752197,-0.4760538935661316,attack,No
3351,0,0,0.008577485413711986,-5.283479690551758,-0.5334796905517578,attack,No
3352,0,0,0.0019267346633274755,-6.828227519989014,-0.5782275199890137,attack,no
3353,0,0,0.0024726230831270705,-6.431917190551758,-0.4319171607494354,attack,no
3354,0,0,0.0019267343767748358,-6.601629257202148,-0.3516291081905365,attack,no
3355,0,0,0.005220126003077935,-5.888837814331055,-0.6388378739356995,attack,no
3356,0,0,0.0019267345487064141,-6.828007698059082,-0.5780076384544373,attack,no
3357,0,0,0.005220125074519377,-5.77894926071167,-0.5289491415023804,attack,No
3358,0,0,0.0017007220066411306,-6.805598258972168,-0.43059802055358887,attack,no
3359,0,0,0.0019267345487064141,-6.726019859313965,-0.47601979970932007,attack,No
3360,0,0,0.10669059394565118,-2.8381166458129883,-0.7131166458129883,attack,No
3361,0,0,0.005220124764999895,-5.7779059410095215,-0.5279057621955872,attack,No
3362,0,0,0.0021827163155291175,-6.601903438568115,-0.47690337896347046,attack,No
3363,0,0,0.00015843626041144913,-8.807440757751465,-0.057441018521785736,attack,No
3364,0,0,0.07585818837825822,-3.035348415374756,-0.5353485345840454,attack,No
3365,0,0,0.042087725512577126,-3.6816768646240234,-0.5566768050193787,attack,no
3366,0,0,0.0028009273000822866,-6.453396320343018,-0.5783964395523071,attack,no
3367,0,0,0.0028009273000822866,-6.571148872375488,-0.6961489915847778,attack,no
3368,0,0,0.0015011819887076757,-6.975982666015625,-0.4759824872016907,attack,no
3369,0,0,0.00192673483525908,-6.534958362579346,-0.28495845198631287,attack,no
3370,0,0,0.029312227359491745,-4.157565593719482,-0.6575654745101929,attack,No
3371,0,0,0.002472623303650189,-6.578442096710205,-0.5784421563148499,attack,No
3372,0,0,0.0010322309752925658,-7.3511199951171875,-0.4761199355125427,attack,no
3373,0,0,0.0007096705259094992,-7.680447101593018,-0.4304472804069519,attack,no
3374,0,0,0.0015011820780507757,-7.024816036224365,-0.5248159170150757,attack,no
3375,0,0,0.03308597266821503,-4.0310516357421875,-0.6560514569282532,attack,No
3376,0,0,0.012431650853185818,-4.909607887268066,-0.5346078872680664,attack,No
3377,0,0,0.0006263342327275096,-7.850102424621582,-0.4751025438308716,attack,no
3378,0,0,0.06754668738548215,-3.2531769275665283,-0.6281768679618835,attack,no
3379,0,0,0.0009110510858938316,-7.524319171905518,-0.524319052696228,attack,no
3380,0,0,0.008577486427457372,-5.2803544998168945,-0.5303546190261841,attack,No
3381,0,0,0.005220124764999895,-5.948720932006836,-0.6987207531929016,attack,no
3382,0,0,0.002472623303650189,-6.389701843261719,-0.3897019028663635,attack,no
3383,0,0,0.0021827163155291175,-6.7030229568481445,-0.5780228972434998,attack,no
3384,0,0,0.24508501313237172,-1.9601688385009766,-0.8351688385009766,attack,No
3385,0,0,0.000804085887740518,-7.475096702575684,-0.3500966429710388,attack,no
3386,0,0,0.022977373924293353,-4.342229843139648,-0.5922300219535828,attack,No
3387,0,0,0.009708475335369565,-5.265466213226318,-0.6404660940170288,attack,no
3388,0,0,0.0007096703991005882,-7.944152355194092,-0.6941523551940918,attack,no
3389,0,0,0.0019267346633274755,-6.726214408874512,-0.4762144088745117,attack,no
3390,0,0,0.0019267347779485435,-6.600712776184082,-0.3507128357887268,attack,no
3391,0,0,0.004070138199119559,-6.027291297912598,-0.5272914171218872,attack,No
3392,0,0,0.0040701384407312935,-6.196686744689941,-0.6966869235038757,attack,no
3393,0,0,0.00192673483525908,-6.726583003997803,-0.4765830934047699,attack,no
3394,0,0,0.002182716899701462,-6.5147223472595215,-0.3897225558757782,attack,No
3395,0,0,0.1066905825840872,-2.784599781036377,-0.6595996618270874,attack,No
3396,0,0,0.009708478702051923,-4.691242218017578,-0.06624244898557663,attack,No
3397,0,0,0.005220126312597491,-5.88883113861084,-0.6388312578201294,attack,no
3398,0,0,0.005220126312597491,-5.779403209686279,-0.5294033288955688,attack,no
3399,0,0,9.61024119197241e-05,-9.320354461669922,-0.07035442441701889,attack,No
3400,0,0,0.1645164628965632,-2.3471245765686035,-0.7221245765686035,attack,no
3401,0,0,0.004609572179374208,-5.954799175262451,-0.5797991752624512,attack,No
3402,0,0,0.20181322226037882,-2.1215388774871826,-0.7465388774871826,attack,no
3403,0,0,0.0028009266341596987,-6.454501152038574,-0.5795010328292847,attack,no
3404,0,0,9.610244055772655e-05,-9.329365730285645,-0.07936599105596542,attack,No
3405,0,0,0.0021827165751612514,-6.7034454345703125,-0.5784454941749573,attack,no
3406,0,0,0.1645164628965632,-2.3867275714874268,-0.7617275714874268,attack,No
3407,0,0,0.0024726235976810437,-6.476190567016602,-0.4761907458305359,attack,no
3408,0,0,0.0019267345487064141,-6.72760009765625,-0.4776000380516052,attack,No
3409,0,0,0.004609571632403393,-5.955917835235596,-0.5809177160263062,attack,no
3410,0,0,0.0035936023679944244,-6.151821136474609,-0.5268210768699646,attack,no
3411,0,0,0.22270013882530884,-2.1363818645477295,-0.8863818645477295,attack,no
3412,0,0,0.002182715926080975,-6.556593894958496,-0.431593656539917,attack,No
3413,0,0,0.0011695105435624257,-7.383856773376465,-0.633857011795044,attack,no
3414,0,0,0.004609571905888793,-5.956427097320557,-0.5814270377159119,attack,No
3415,0,0,0.004609572999830552,-5.902847766876221,-0.527847945690155,attack,no
3416,0,0,0.0017007227656302545,-6.806267738342285,-0.43126794695854187,attack,No
3417,0,0,0.0019267348925696179,-6.725728988647461,-0.4757291078567505,attack,No
3418,0,0,0.008577483386221569,-5.280646324157715,-0.5306460857391357,attack,No
3419,0,0,0.0005527786533885804,-7.887624740600586,-0.3876247704029083,attack,no
3420,0,0,0.0024726231566347748,-6.476448059082031,-0.47644805908203125,attack,No
3421,0,0,0.002472623009619369,-6.57791805267334,-0.5779179930686951,attack,no
3422,0,0,0.006692850924284856,-5.530420303344727,-0.5304203033447266,attack,no
3423,0,0,0.0008040859835179557,-7.44020938873291,-0.31520944833755493,attack,no
3424,0,0,0.0009110510858938316,-7.694778919219971,-0.6947788000106812,attack,no
3425,0,0,0.0010322310982170768,-7.569587230682373,-0.6945872902870178,attack,no
3426,0,0,0.0028009273000822866,-6.509920597076416,-0.6349207162857056,attack,No
3427,0,0,0.00026119033465980986,-8.826663970947266,-0.5766640305519104,attack,No
3428,0,0,0.0017007220572403947,-6.764900207519531,-0.38989999890327454,attack,no
3429,0,0,0.007577242164294059,-5.51437520980835,-0.6393753290176392,attack,No
3430,0,0,0.0003353500705213166,-8.576571464538574,-0.5765712857246399,attack,No
3431,0,0,0.18242552380635632,-2.0103323459625244,-0.5103323459625244,attack,No
3432,0,0,0.0159063898457867,-4.830597877502441,-0.7055977582931519,attack,no
3433,0,0,0.0015011824354232285,-6.975830078125,-0.47583019733428955,attack,no
3434,0,0,0.0004878570210570014,-7.878177165985107,-0.2531769573688507,attack,no
3435,0,0,0.01590639077880068,-4.713852882385254,-0.5888528227806091,attack,no
3436,0,0,0.0007096704836398597,-7.599695205688477,-0.3496953248977661,attack,no
3437,0,0,0.0019267344340853601,-6.726166248321533,-0.47616612911224365,attack,no
3438,0,0,0.08509904036636974,-3.0693869590759277,-0.694386899471283,attack,No
3439,0,0,0.01243164829198241,-4.815742492675781,-0.44074228405952454,attack,no
3440,0,0,0.11920291263495983,-2.4199910163879395,-0.4199909269809723,attack,No
3441,0,0,0.01098694327827096,-5.2023162841796875,-0.7023163437843323,attack,no
3442,0,0,0.003593603008271459,-6.320599555969238,-0.6955996751785278,attack,no
3443,0,0,0.0002959570165195049,-8.40689468383789,-0.28189435601234436,attack,no
3444,0,0,0.02033235096813516,-4.522952556610107,-0.6479524374008179,attack,No
3445,0,0,0.005220126003077935,-5.830564975738525,-0.5805650353431702,attack,no
3446,0,0,0.008577483386221569,-5.3890886306762695,-0.6390883922576904,attack,no
3447,0,0,0.0028009264676790765,-6.265213966369629,-0.3902137875556946,attack,no
3448,0,0,0.004609573273316032,-5.955169677734375,-0.5801699161529541,attack,No
3449,0,0,0.0028009273000822866,-6.454246997833252,-0.5792471170425415,attack,No
3450,0,0,0.004609571905888793,-6.071572780609131,-0.6965727210044861,attack,no
3451,0,0,0.0010322310367548194,-7.569122314453125,-0.694122314453125,attack,no
3452,0,0,0.001700722816229541,-6.850948333740234,-0.4759485721588135,attack,No
3453,0,0,0.01098694263059318,-5.032607555389404,-0.5326075553894043,attack,No
3454,0,0,0.0850990542883219,-2.9178037643432617,-0.5428038835525513,attack,No
3455,0,0,0.0015011824354232285,-7.134119033813477,-0.6341191530227661,attack,No
3456,0,0,0.015906389379279733,-4.612400531768799,-0.4874003827571869,attack,No
3457,0,0,0.0021827168347934166,-6.409850597381592,-0.2848507761955261,attack,no
3458,0,0,0.0013250224960860068,-7.100982189178467,-0.4759822487831116,attack,No
3459,0,0,0.0021827163155291175,-6.556241989135742,-0.4312419295310974,attack,No
3460,0,0,0.01243165231673086,-4.960714340209961,-0.5857144594192505,attack,No
3461,0,0,0.05340332678672523,-3.4399046897888184,-0.5649046301841736,attack,No
3462,0,0,0.037326887344129464,-3.752676010131836,-0.5026760101318359,attack,No
3463,0,0,0.0019267347779485435,-6.884251117706299,-0.6342511773109436,attack,No
3464,0,0,0.004609571358918011,-6.011435031890869,-0.6364348530769348,attack,No
3465,0,0,0.0031726824654718946,-6.227473258972168,-0.4774731397628784,attack,No
3466,0,0,0.0004878569483961112,-8.318819999694824,-0.6938196420669556,attack,no
3467,0,0,0.005911068505999277,-5.654451847076416,-0.5294517874717712,attack,no
3468,0,0,0.0017007226138324027,-6.557464122772217,-0.18246424198150635,attack,No
3469,0,0,0.0010322310060236924,-7.305798530578613,-0.4307985007762909,attack,No
3470,0,0,0.0010322312826038706,-7.569967269897461,-0.69496750831604,attack,no
3471,0,0,0.16451647108926923,-2.2878618240356445,-0.6628618836402893,attack,No
3472,0,0,0.00023050674946534992,-8.951850891113281,-0.5768510103225708,attack,no
3473,0,0,0.006692850924284856,-5.58126163482666,-0.5812616348266602,attack,No
3474,0,1,0.6513548782017746,-0.8050574660301208,-1.4300575256347656,attack,Yes
3475,0,0,0.0007096705259094992,-7.826889991760254,-0.5768901705741882,attack,no
3476,0,0,0.0031726826539785367,-6.275700569152832,-0.5257005095481873,attack,no
3477,0,0,0.0019267351218117874,-6.827913284301758,-0.5779135227203369,attack,no
3478,0,0,0.005220125384038879,-5.947576522827148,-0.6975764632225037,attack,no
3479,0,0,0.005911068856243796,-5.823662281036377,-0.698662281036377,attack,no
3480,0,0,0.3208212878370535,-1.6074981689453125,-0.8574981093406677,attack,No
3481,0,0,0.0010322309752925658,-7.399361610412598,-0.5243615508079529,attack,no
3482,0,0,0.020332356904444657,-4.415500640869141,-0.540500819683075,attack,no
3483,0,0,0.0075772430607274135,-5.458069801330566,-0.5830700397491455,attack,No
3484,0,0,0.0019267350071906994,-6.945563793182373,-0.6955639719963074,attack,no
3485,0,0,0.0010322310290720375,-6.931802749633789,-0.056802742183208466,attack,No
3486,0,0,0.002472622862603971,-6.695958137512207,-0.6959580183029175,attack,no
3487,0,0,0.0024726231566347748,-6.526013374328613,-0.5260133743286133,attack,No
3488,0,0,0.003593603008271459,-6.204246520996094,-0.5792466402053833,attack,No
3489,0,0,0.0040701369910610885,-6.136208534240723,-0.6362083554267883,attack,no
3490,0,0,0.0013250224172131609,-7.202362537384033,-0.5773625373840332,attack,No
3491,0,0,0.012431653414389749,-4.859832763671875,-0.4848329722881317,attack,No
3492,0,0,0.014063627869714051,-4.736098289489746,-0.48609834909439087,attack,no
3493,0,0,0.0004305572095853961,-8.225007057189941,-0.4750073552131653,attack,No
3494,0,0,0.20181324146316565,-2.1799707412719727,-0.8049708604812622,attack,no
3495,0,0,0.005220125384038879,-5.8884077072143555,-0.6384076476097107,attack,No
3496,0,0,0.001700722411435288,-6.851620674133301,-0.4766206741333008,attack,No
3497,0,0,0.0009110510858938316,-7.63400936126709,-0.6340092420578003,attack,no
3498,0,0,0.0028009273833226214,-6.265510559082031,-0.3905107080936432,attack,No
3499,0,0,0.0013250224172131609,-7.203023433685303,-0.5780234336853027,attack,No
3500,0,0,0.0031726824654718946,-6.329651832580566,-0.5796517133712769,attack,No
3501,0,0,0.0009110511130205339,-7.429912567138672,-0.4299124777317047,attack,No
3502,0,0,0.0013250222200310669,-7.05632209777832,-0.4313219487667084,attack,No
3503,0,0,0.001700722209038197,-6.952617645263672,-0.5776175260543823,attack,no
3504,0,0,0.0021827168347934166,-6.650881290435791,-0.5258814692497253,attack,no
3505,0,1,0.6224593452091672,-0.9624378085136414,-1.4624378681182861,attack,Yes
3506,0,0,0.0024726225685732036,-6.580843925476074,-0.5808436870574951,attack,No
3507,0,0,0.0013250225355224317,-7.055610179901123,-0.4306102693080902,attack,no
3508,0,0,0.07585818419975078,-3.0836689472198486,-0.5836690068244934,attack,No
3509,0,0,0.0019267350071906994,-6.8283891677856445,-0.5783893465995789,attack,no
3510,0,0,0.08509904036636974,-2.964362621307373,-0.5893625617027283,attack,No
3511,0,0,0.0024726237446964848,-6.635296821594238,-0.6352970600128174,attack,no
3512,0,0,0.1066905911052601,-2.567976236343384,-0.4429762065410614,attack,No
3513,0,0,0.005911068330877026,-5.174221992492676,-0.04922190308570862,attack,No
3514,0,0,0.004070137232672753,-6.02778959274292,-0.5277894735336304,attack,No
3515,0,0,0.0059110695567328965,-5.822477340698242,-0.6974774599075317,attack,no
3516,0,0,0.0035936034351228795,-6.20469856262207,-0.5796988010406494,attack,no
3517,0,0,0.0004305570941506913,-8.138011932373047,-0.38801196217536926,attack,no
3518,0,0,0.014063625390308462,-4.953124046325684,-0.703123927116394,attack,no
3519,0,0,0.004609572042631499,-5.633167266845703,-0.25816723704338074,attack,No
3520,0,0,0.0013250223383403197,-7.1500043869018555,-0.5250043272972107,attack,no
3521,0,0,0.0021827164453451808,-6.555872440338135,-0.43087244033813477,attack,no
3522,0,0,0.0031726822769652645,-6.446444511413574,-0.6964443325996399,attack,no
3523,0,0,0.0040701384407312935,-6.079723834991455,-0.5797240138053894,attack,no
3524,0,0,0.005911070257222078,-5.51932430267334,-0.39432454109191895,attack,no
3525,0,0,0.0021827164453451808,-6.601650238037109,-0.4766502380371094,attack,No
3526,0,0,0.0028009273000822866,-6.511377811431885,-0.6363779306411743,attack,No
3527,0,0,0.0015011820780507757,-6.930996417999268,-0.430996298789978,attack,no
3528,0,1,0.5926665999540697,-0.9810572862625122,-1.3560572862625122,attack,Yes
3529,0,0,0.002800926967120973,-6.401283264160156,-0.5262832641601562,attack,no
3530,0,0,0.003593603008271459,-6.15263557434082,-0.5276356935501099,attack,no
3531,0,0,0.009708474762317362,-5.209129810333252,-0.5841296315193176,attack,no
3532,0,0,0.01098694392594878,-5.0847296714782715,-0.584729790687561,attack,no
3533,0,0,0.006692849339264817,-5.637579917907715,-0.6375796794891357,attack,no
3534,0,0,0.0059110692064883365,-5.6540141105651855,-0.5290141701698303,attack,no
3535,0,0,0.01098694327827096,-5.141263484954834,-0.6412635445594788,attack,no
3536,0,0,0.005220126622117065,-5.728831768035889,-0.478831946849823,attack,No
3537,0,0,0.0021827164453451808,-6.650989532470703,-0.5259895324707031,attack,no
3538,0,0,0.003593603221697163,-6.20443058013916,-0.5794307589530945,attack,No
3539,0,0,0.004609571358918011,-6.072418212890625,-0.6974180340766907,attack,no
3540,0,1,0.9324533069832973,-0.21500900387763977,-2.8400089740753174,attack,Yes
3541,0,0,0.042087725512577126,-3.6809194087982178,-0.555919349193573,attack,No
3542,0,0,0.0007096703356961413,-7.724917888641357,-0.47491779923439026,attack,no
3543,0,0,0.0031726825597252145,-6.183014392852783,-0.43301430344581604,attack,No
3544,0,0,0.010986944573626636,-4.984645366668701,-0.4846455454826355,attack,no
3545,0,0,0.2689414330889798,-1.8545801639556885,-0.8545802235603333,attack,No
3546,0,0,0.003172683219498529,-6.385436534881592,-0.6354366540908813,attack,no
3547,0,0,0.29421497216298875,-1.7552258968353271,-0.8802258968353271,attack,No
3548,0,0,0.0013250225749588576,-7.149845123291016,-0.5248452425003052,attack,no
3549,0,0,0.0013250221017218242,-7.203100204467773,-0.5780999660491943,attack,No
3550,0,0,0.0040701384407312935,-6.197068691253662,-0.6970688700675964,attack,no
3551,0,0,0.0006263341208003788,-7.6572465896606445,-0.28224653005599976,attack,no
3552,0,0,0.0019267344340853601,-6.827781677246094,-0.5777815580368042,attack,no
3553,0,0,0.0007096704202354052,-7.726059913635254,-0.4760599434375763,attack,No
3554,0,0,0.0003799846619134258,-8.189030647277832,-0.31403103470802307,attack,no
3555,0,0,0.0002611901945830296,-8.724939346313477,-0.47493886947631836,attack,no
3556,0,0,0.0015011821673938809,-7.194640159606934,-0.6946401000022888,attack,no
3557,0,0,0.0028009267174000135,-6.191956043243408,-0.31695595383644104,attack,No
3558,0,0,0.00033535000058530843,-8.47475528717041,-0.4747548997402191,attack,No
3559,0,0,0.001501182066882888,-6.602476596832275,-0.10247647017240524,attack,No
3560,0,0,0.5,-0.7667258381843567,-0.7667258381843567,attack,No
3561,0,0,0.004609572999830552,-6.013634204864502,-0.6386343836784363,attack,No
3562,0,0,0.0009110510316404296,-7.253419399261475,-0.2534192204475403,attack,no
3563,0,0,0.0013250221805946513,-7.202539920806885,-0.5775397419929504,attack,no
3564,0,0,0.004609571905888793,-5.853434085845947,-0.4784340262413025,attack,No
3565,0,0,0.001700722411435288,-6.95264196395874,-0.5776419639587402,attack,No
3566,0,0,0.1329642333263228,-2.5030205249786377,-0.6280204653739929,attack,No
3567,0,0,0.002472622862603971,-6.695680618286133,-0.6956804990768433,attack,no
3568,0,0,0.00218271696460951,-6.760021209716797,-0.635021448135376,attack,No
3569,0,0,0.005220124764999895,-5.88697624206543,-0.6369760632514954,attack,no
3570,0,0,0.003172683408005215,-6.386450290679932,-0.636450469493866,attack,no
3571,0,0,0.0024726231566347748,-6.477503299713135,-0.47750329971313477,attack,No
3572,0,0,0.0017007225126338423,-7.070254802703857,-0.6952548623085022,attack,no
3573,0,0,0.006692850131774789,-5.698512077331543,-0.6985119581222534,attack,no
3574,0,0,0.0035936027948457686,-6.320801258087158,-0.695801317691803,attack,no
3575,0,0,0.004609572999830552,-6.073366641998291,-0.6983668208122253,attack,no
3576,0,0,0.005911068856243796,-5.605875015258789,-0.48087501525878906,attack,No
3577,0,0,0.014063628696182679,-4.7359771728515625,-0.48597729206085205,attack,no
3578,0,0,0.0031726826539785367,-6.385531902313232,-0.6355318427085876,attack,No
3579,0,0,0.0019267345487064141,-6.639243125915527,-0.38924306631088257,attack,No
3580,0,0,0.0006263342327275096,-7.850381851196289,-0.4753819704055786,attack,No
3581,0,0,0.008577483386221569,-5.3900556564331055,-0.6400554180145264,attack,No
3582,0,0,0.09534945461636171,-2.8010454177856445,-0.551045298576355,attack,No
3583,0,0,0.005911070082099775,-5.5597004890441895,-0.43470069766044617,attack,no
3584,0,0,0.0009110514114143117,-7.693958282470703,-0.6939585208892822,attack,no
3585,0,0,0.004070138682343046,-6.079898834228516,-0.5798990726470947,attack,no
3586,0,1,0.9149009619539553,-0.4003414213657379,-2.775341510772705,attack,Yes
3587,0,0,0.0059110695567328965,-5.518551826477051,-0.39355194568634033,attack,No
3588,0,0,0.0024726237446964848,-6.635336875915527,-0.6353371143341064,attack,no
3589,0,0,0.004609571632403393,-6.013110160827637,-0.6381100416183472,attack,No
3590,0,0,0.0013250223383403197,-7.055191993713379,-0.43019193410873413,attack,no
3591,0,0,0.0013250223383403197,-7.259188652038574,-0.6341885924339294,attack,No
3592,0,0,0.004070136749449438,-6.136477470397949,-0.6364772319793701,attack,no
3593,0,0,0.001700722310236739,-6.8506317138671875,-0.4756316542625427,attack,no
3594,0,0,0.005911070257222078,-5.653281211853027,-0.5282814502716064,attack,No
3595,0,0,0.005220126931636656,-5.887816429138184,-0.6378166675567627,attack,no
3596,0,0,0.000804086127184134,-7.758686065673828,-0.6336863040924072,attack,No
3597,0,0,0.0009110511944006454,-7.694360256195068,-0.6943602561950684,attack,no
3598,0,0,0.005220126622117065,-5.948062896728516,-0.69806307554245,attack,no
3599,0,0,0.002800926800640331,-6.453722953796387,-0.5787228941917419,attack,No
3600,0,0,0.001700722816229541,-7.069985389709473,-0.6949856281280518,attack,no
3601,0,0,0.002800927133601626,-6.510458469390869,-0.6354585289955139,attack,no
3602,0,0,2.4300231781479373e-05,-10.68741226196289,-0.06241189315915108,attack,No
3603,0,0,0.00029595715760107484,-8.327211380004883,-0.20221152901649475,attack,no
3604,0,0,0.01798621154126062,-4.329995155334473,-0.3299952447414398,attack,No
3605,0,0,0.07585818002124356,-3.1922006607055664,-0.6922006607055664,attack,No
3606,0,0,0.0035936022612815957,-5.941934585571289,-0.3169344961643219,attack,No
3607,0,0,6.605213698113921e-05,-10.099209785461426,-0.47420966625213623,attack,No
3608,0,0,0.11920291576401235,-2.6736233234405518,-0.673623263835907,attack,no
3609,0,0,0.010986940687560063,-5.031294822692871,-0.5312946438789368,attack,No
3610,0,0,0.0031726824654718946,-6.38625955581665,-0.6362594366073608,attack,no
3611,0,0,0.006692852113050128,-5.529329299926758,-0.5293294787406921,attack,No
3612,0,0,0.0004878571954431821,-7.877920627593994,-0.2529207766056061,attack,No
3613,0,0,0.0015011820780507757,-6.889165878295898,-0.3891657590866089,attack,no
3614,0,0,0.002472622862603971,-6.431735992431641,-0.4317358732223511,attack,No
3615,0,0,0.009708476481474066,-5.325099945068359,-0.7000999450683594,attack,no
3616,0,0,0.0035936025814200896,-6.204130172729492,-0.5791301727294922,attack,no
3617,0,0,0.0024726235976810437,-6.695742607116699,-0.6957427859306335,attack,no
3618,0,0,0.0024726234506656126,-6.578821659088135,-0.5788217782974243,attack,no
3619,0,0,0.0013250222594674832,-7.320164203643799,-0.6951640844345093,attack,no
3620,0,0,0.0019267351218117874,-6.827898025512695,-0.5778982639312744,attack,no
3621,0,0,0.06754669864792355,-3.305510997772217,-0.6805111169815063,attack,No
3622,0,0,0.006692851518667466,-5.393556118011475,-0.3935562074184418,attack,no
3623,0,0,0.0008040859595735953,-7.600774765014648,-0.4757747948169708,attack,No
3624,0,0,0.004070136749449438,-6.136361122131348,-0.6363608837127686,attack,No
3625,0,0,0.0059110692064883365,-5.605796813964844,-0.4807968735694885,attack,no
3626,0,0,0.001700722310236739,-7.00934362411499,-0.6343435645103455,attack,no
3627,0,0,0.10669059394565118,-2.7041220664978027,-0.5791220664978027,attack,no
3628,0,0,0.0011695104739356916,-7.2746429443359375,-0.5246431231498718,attack,no
3629,0,0,0.0015011825247663551,-7.078292369842529,-0.5782925486564636,attack,no
3630,0,0,0.01798620785653302,-4.7045674324035645,-0.7045673131942749,attack,no
3631,0,0,0.01798620785653302,-4.645360946655273,-0.6453608274459839,attack,No
3632,0,0,0.0035936018344303144,-6.05851411819458,-0.43351390957832336,attack,No
3633,0,0,0.08509904500702024,-3.010345458984375,-0.635345458984375,attack,No
3634,0,0,0.008577484906839334,-5.233198642730713,-0.4831985831260681,attack,No
3635,0,0,0.001700722209038197,-6.851408958435059,-0.47640883922576904,attack,No
3636,0,0,0.0008040858398518034,-7.702429294586182,-0.5774291753768921,attack,no
3637,0,0,0.004609572726345088,-6.073792934417725,-0.6987930536270142,attack,no
3638,0,0,0.03308597648187432,-3.922386407852173,-0.5473863482475281,attack,No
3639,0,0,0.03732688306051187,-3.8530445098876953,-0.6030443906784058,attack,No
3640,0,0,0.00010889692949672061,-9.174176216125488,-0.04917639493942261,attack,No
3641,0,0,0.0031726822769652645,-6.226869106292725,-0.4768689274787903,attack,no
3642,0,0,0.0015011824354232285,-7.19489049911499,-0.6948906183242798,attack,no
3643,0,0,0.0015011822567369915,-7.194967746734619,-0.6949677467346191,attack,no
3644,0,0,0.001032230913830316,-7.509263515472412,-0.6342633962631226,attack,No
3645,0,0,0.020332352155396922,-4.522562503814697,-0.6475624442100525,attack,no
3646,0,0,0.001700722816229541,-7.009982109069824,-0.6349823474884033,attack,no
3647,0,0,0.2689414213699951,-1.854270100593567,-0.8542701005935669,attack,No
3648,0,0,0.00359360194114313,-6.261232376098633,-0.6362321972846985,attack,No
3649,0,0,0.00012339463114111144,-9.127586364746094,-0.12758681178092957,attack,No
3650,0,0,0.005911068155754778,-5.706689357757568,-0.5816892385482788,attack,No
3651,0,0,0.0031726822769652645,-6.227830410003662,-0.4778302311897278,attack,no
3652,0,0,0.0024726231566347748,-6.47699499130249,-0.47699499130249023,attack,No
3653,0,0,0.002472622862603971,-6.635956287384033,-0.6359561681747437,attack,no
3654,0,0,0.014063625390308462,-4.953348636627197,-0.7033485174179077,attack,no
3655,0,0,0.0059110692064883365,-5.70613956451416,-0.5811396241188049,attack,No
3656,0,0,0.002800926967120973,-6.453617095947266,-0.5786170959472656,attack,No
3657,0,0,0.11920292828022305,-2.529356002807617,-0.529356062412262,attack,No
3658,0,0,0.0007096702722916998,-7.884002685546875,-0.6340025067329407,attack,No
3659,0,0,0.1480472055495773,-2.4171855449676514,-0.6671856045722961,attack,no
3660,0,0,0.01243165231673086,-5.078475475311279,-0.7034755945205688,attack,no
3661,0,0,0.0006263342700365574,-7.7629008293151855,-0.3879010081291199,attack,no
3662,0,0,0.025957363225871038,-4.27583122253418,-0.6508314609527588,attack,no
3663,0,0,0.0021827168347934166,-6.60189151763916,-0.4768916964530945,attack,no
3664,0,0,0.0009110513029074721,-7.524655818939209,-0.5246559381484985,attack,No
3665,0,0,0.20077386312945644,,-0.22411134839057922,attack,No
3666,0,0,0.0028009264676790765,-6.571675777435303,-0.6966755986213684,attack,no
3667,0,0,0.004609572179374208,-5.9015936851501465,-0.5265936851501465,attack,No
3668,0,0,0.0011695101258020842,-7.138215065002441,-0.38821494579315186,attack,No
3669,0,0,0.0028009273000822866,-6.454226493835449,-0.5792266130447388,attack,no
3670,0,0,0.0007096705259094992,-7.725344657897949,-0.47534483671188354,attack,no
3671,0,0,0.0028009266341596987,-6.510486602783203,-0.6354864835739136,attack,No
3672,0,0,0.022977367233847502,-4.458457946777344,-0.7084578275680542,attack,no
3673,0,0,0.0013250224172131609,-7.0141730308532715,-0.3891730308532715,attack,no
3674,0,0,0.004070138199119559,-6.08087158203125,-0.5808717012405396,attack,No
3675,0,0,0.0017007221078396608,-6.952961444854736,-0.577961266040802,attack,No
3676,0,0,0.0035936027948457686,-6.203974723815918,-0.5789747834205627,attack,no
3677,0,0,0.0011695100213620223,-7.225318431854248,-0.47531822323799133,attack,no
3678,0,0,0.060086646807761206,-3.427299737930298,-0.6772996783256531,attack,No
3679,0,0,0.34864513533394575,-1.3935346603393555,-0.7685346603393555,attack,No
3680,0,0,0.0031726822769652645,-6.276638507843018,-0.5266383290290833,attack,no
3681,0,0,0.001032230913830316,-7.39940881729126,-0.5244086980819702,attack,no
3682,0,0,0.003593603221697163,-6.20419454574585,-0.5791947245597839,attack,no
3683,0,0,0.0028009264676790765,-6.352323532104492,-0.47732335329055786,attack,No
3684,0,0,0.010986943602109868,-4.938600063323975,-0.4386001527309418,attack,no
3685,0,0,0.01798621101487092,-4.364593505859375,-0.3645935654640198,attack,No
3686,0,0,0.0019267346633274755,-6.884751319885254,-0.6347513198852539,attack,no
3687,0,0,0.0010322309445614404,-7.305863380432129,-0.43086329102516174,attack,no
3688,0,0,0.2689414096510108,-1.8659236431121826,-0.8659235835075378,attack,no
3689,0,0,0.042087725512577126,-3.7878170013427734,-0.6628169417381287,attack,no
3690,0,0,0.000804086031406679,-7.702229976654053,-0.5772300958633423,attack,No
3691,0,0,0.00218271670497733,-6.760146617889404,-0.6351467370986938,attack,No
3692,0,0,0.007577241716077422,-5.514151573181152,-0.6391516327857971,attack,no
3693,0,0,0.0028009273000822866,-6.401265621185303,-0.5262657403945923,attack,no
3694,0,0,0.01243164938964095,-4.90968656539917,-0.5346864461898804,attack,no
3695,0,0,0.0009110511944006454,-7.577765941619873,-0.577765941619873,attack,no
3696,0,0,0.0009110513029074721,-7.525050640106201,-0.5250507593154907,attack,no
3697,0,0,0.0021827164453451808,-6.820828914642334,-0.695828914642334,attack,no
3698,0,0,0.04208773272170267,-3.683577537536621,-0.5585776567459106,attack,no
3699,0,1,0.7057850278370112,-0.6262260675430298,-1.5012260675430298,attack,Yes
3700,0,0,0.0007096704202354052,-7.725006580352783,-0.4750066101551056,attack,no
3701,0,0,9.610237182653504e-05,-9.339499473571777,-0.08949901908636093,attack,No
3702,0,0,0.37754066879814546,-1.5638024806976318,-1.0638024806976318,attack,no
3703,0,0,0.0028009274665629583,-6.510321140289307,-0.635321319103241,attack,no
3704,0,0,0.0013250223383403197,-7.319394111633301,-0.694394052028656,attack,no
3705,0,0,0.0028009265509193865,-6.351676940917969,-0.4766767919063568,attack,No
3706,0,0,0.002472622862603971,-6.57900857925415,-0.5790084600448608,attack,no
3707,0,0,0.0019267344340853601,-6.776159286499023,-0.5261591672897339,attack,No
3708,0,0,0.014063623737371644,-4.693490982055664,-0.44349074363708496,attack,No
3709,0,0,0.007577242164294059,-5.574820518493652,-0.6998206377029419,attack,no
3710,0,0,0.037326887344129464,-3.752910614013672,-0.5029106140136719,attack,No
3711,0,1,0.7310585786300049,-0.745552659034729,-1.745552659034729,attack,Yes
3712,0,0,0.002800926967120973,-6.351956367492676,-0.4769563674926758,attack,No
3713,0,0,0.0024726235976810437,-6.5784430503845215,-0.5784432291984558,attack,No
3714,0,0,0.006692852113050128,-5.699089527130127,-0.6990897059440613,attack,no
3715,0,0,0.008577486934330109,-5.38942289352417,-0.6394230723381042,attack,no
3716,0,0,0.002800926967120973,-6.454893589019775,-0.5798935890197754,attack,no
3717,0,0,0.0031726820884586454,-6.385377883911133,-0.6353776454925537,attack,no
3718,0,0,0.0002959570958778797,-8.81851863861084,-0.6935185790061951,attack,no
3719,0,0,0.0031726824654718946,-6.140291213989258,-0.39029109477996826,attack,no
3720,0,0,0.005911068681121534,-5.517346382141113,-0.3923463523387909,attack,No
3721,0,0,0.0009110511401472368,-7.634705543518066,-0.6347054839134216,attack,No
3722,0,0,0.0007096705681791412,-7.725144386291504,-0.475144624710083,attack,No
3723,0,0,0.16451647108926923,-2.386589527130127,-0.7615895867347717,attack,no
3724,0,0,0.03732688948593843,-3.8584442138671875,-0.6084442734718323,attack,no
3725,0,0,0.0028009264676790765,-6.401156902313232,-0.5261567234992981,attack,no
3726,0,0,0.01243164865786858,-4.908692359924316,-0.5336921811103821,attack,No
3727,0,0,0.001169510508749058,-7.0653204917907715,-0.3153207004070282,attack,no
3728,0,0,0.0031726825597252145,-6.182263374328613,-0.4322632849216461,attack,no
3729,0,0,0.0040701369910610885,-6.079222679138184,-0.5792225003242493,attack,No
3730,0,0,0.008577485413711986,-5.389694690704346,-0.6396946907043457,attack,no
3731,0,0,0.0007096702934265129,-7.503365516662598,-0.2533653676509857,attack,no
3732,0,0,0.0031726830309918535,-6.44609260559082,-0.6960926651954651,attack,no
3733,0,0,0.01590639357784294,-4.769204616546631,-0.6442047357559204,attack,no
3734,0,0,0.00218271696460951,-6.703873634338379,-0.578873872756958,attack,No
3735,0,0,0.0035936025814200896,-6.26083517074585,-0.6358351707458496,attack,no
3736,0,0,0.010986942954432066,-4.986333847045898,-0.4863338768482208,attack,no
3737,0,0,0.001032230913830316,-7.452320575714111,-0.5773204565048218,attack,no
3738,0,0,0.00218271670497733,-6.6015801429748535,-0.47658026218414307,attack,No
3739,0,0,0.08509904500702024,-2.9180402755737305,-0.5430402755737305,attack,No
3740,0,0,0.004070138199119559,-6.1968231201171875,-0.696823239326477,attack,no
3741,0,0,0.00033535021039337676,-8.57676887512207,-0.5767691135406494,attack,no
3742,0,0,0.0004305569947486092,-7.863983154296875,-0.11398295313119888,attack,No
3743,0,0,0.0007096702722916998,-7.827152252197266,-0.5771520733833313,attack,No
3744,0,0,0.01590639077880068,-4.660666465759277,-0.5356664061546326,attack,No
3745,0,0,0.0031726824654718946,-6.035874843597412,-0.28587472438812256,attack,no
3746,0,0,0.0028009273000822866,-6.571230411529541,-0.6962305307388306,attack,no
3747,0,0,0.08509904964767095,-2.9153265953063965,-0.5403266549110413,attack,No
3748,0,0,0.002472622862603971,-6.476661205291748,-0.4766610860824585,attack,no
3749,0,0,0.005911069906977476,-5.70613956451416,-0.5811397433280945,attack,no
3750,0,0,0.005911067805510302,-5.763821125030518,-0.6388209462165833,attack,No
3751,0,0,0.03308597648187432,-3.976041316986084,-0.6010412573814392,attack,no
3752,0,0,0.0005527787357134919,-8.076803207397461,-0.5768033862113953,attack,no
3753,0,0,0.0019267347492932755,-6.478667736053467,-0.22866778075695038,attack,no
3754,0,0,0.0010322308216369478,-7.263515472412109,-0.38851526379585266,attack,no
3755,0,0,0.0008040860014762267,-7.196725845336914,-0.07172592729330063,attack,No
3756,0,0,0.0017007226138324027,-6.953216552734375,-0.5782166719436646,attack,no
3757,0,0,0.006692849735519792,-5.638151168823242,-0.6381509900093079,attack,no
3758,0,0,0.0013250226538317129,-7.202394962310791,-0.5773951411247253,attack,No
3759,0,0,0.002182716185713063,-6.650944709777832,-0.5259445905685425,attack,No
3760,0,1,0.9740426409184302,-0.1587110310792923,-3.7837109565734863,attack,Yes
3761,0,0,0.005220125384038879,-5.83092737197876,-0.580927312374115,attack,No
3762,0,0,0.003593603008271459,-6.323666095733643,-0.6986662149429321,attack,no
3763,0,0,0.00043055708132461493,-8.326868057250977,-0.5768680572509766,attack,No
3764,0,0,0.01243165304850344,-4.7350077629089355,-0.3600079417228699,attack,No
3765,0,0,0.0046095714956607,-5.8538498878479,-0.47884973883628845,attack,no
3766,0,0,0.004609572999830552,-6.0123677253723145,-0.6373679041862488,attack,No
3767,0,0,0.003172682748231862,-6.1397881507873535,-0.38978812098503113,attack,No
3768,0,0,0.00013982208814664943,-9.077296257019043,-0.20229634642601013,attack,no
3769,0,0,0.004070138682343046,-6.135934829711914,-0.6359350681304932,attack,No
3770,0,0,0.007577242164294059,-5.51427698135376,-0.6392771005630493,attack,no
3771,0,0,0.0011695104043089619,-7.327376842498779,-0.5773769617080688,attack,No
3772,0,0,0.0075772430607274135,-5.45805549621582,-0.5830557346343994,attack,no
3773,0,0,0.0019267351218117874,-6.829054832458496,-0.5790550708770752,attack,No
3774,0,0,0.0024726234506656126,-6.578238010406494,-0.5782381296157837,attack,no
3775,0,0,0.005220124610240159,-5.730164051055908,-0.4801638424396515,attack,no
3776,0,0,0.0013250224960860068,-7.1006035804748535,-0.4756036400794983,attack,No
3777,0,0,0.0008040857530535153,-7.175649642944336,-0.05064941570162773,attack,No
3778,0,0,0.0005527788345034023,-8.077073097229004,-0.5770734548568726,attack,no
3779,0,0,0.0008040859835179557,-7.649278163909912,-0.5242782235145569,attack,no
3780,0,0,0.002472623009619369,-6.578054428100586,-0.5780543684959412,attack,No
3781,0,0,0.24508501313237172,-1.95183265209198,-0.82683265209198,attack,No
3782,0,0,0.01798621101487092,-4.705746650695801,-0.7057467103004456,attack,no
3783,0,0,0.001700722411435288,-6.900651454925537,-0.5256514549255371,attack,No
3784,0,1,0.5312093585306514,-0.9636555314064026,-1.0886554718017578,attack,Yes
3785,0,1,0.679178699175393,-0.7806053161621094,-1.5306053161621094,attack,Yes
3786,0,0,0.0028009264676790765,-6.306746959686279,-0.43174678087234497,attack,no
3787,0,0,0.004070138319925425,-5.892984390258789,-0.392984539270401,attack,No
3788,0,0,0.0006263342513820332,-7.656919479370117,-0.2819196283817291,attack,no
3789,0,0,0.002800926800640331,-6.454245090484619,-0.5792450308799744,attack,no
3790,0,0,0.00013982208814664943,-8.955415725708008,-0.08041581511497498,attack,No
3791,0,0,0.005911067980632537,-5.604415416717529,-0.47941526770591736,attack,no
3792,0,0,0.0015011821673938809,-7.077631950378418,-0.5776318907737732,attack,no
3793,0,0,0.010986941659076578,-4.896343231201172,-0.3963431417942047,attack,No
3794,0,0,0.0035936023679944244,-6.015942096710205,-0.3909420371055603,attack,No
3795,0,0,0.008577484399966718,-5.335522651672363,-0.5855225324630737,attack,no
3796,0,0,0.0009110511944006454,-7.476963520050049,-0.47696352005004883,attack,No
3797,0,0,0.0013250224960860068,-7.319634437561035,-0.6946344971656799,attack,no
3798,0,0,0.008577484399966718,-5.3332929611206055,-0.5832928419113159,attack,No
3799,0,0,0.0004305569787160175,-8.224844932556152,-0.47484469413757324,attack,no
3800,0,0,0.29421497216298875,-1.673963189125061,-0.798963189125061,attack,No
3801,0,0,0.0534033328129234,-3.4905881881713867,-0.6155882477760315,attack,No
3802,0,0,0.001700722411435288,-7.0707316398620605,-0.6957316398620605,attack,no
3803,0,0,0.0009110512215273508,-7.475268840789795,-0.4752688705921173,attack,No
3804,0,0,0.0008040859835179557,-7.513375759124756,-0.38837581872940063,attack,no
3805,0,0,0.0028009273833226214,-6.266035079956055,-0.3910352289676666,attack,No
3806,0,0,0.004609572179374208,-6.0728254318237305,-0.6978254318237305,attack,no
3807,0,0,0.0005527787686434603,-7.849289894104004,-0.349290132522583,attack,no
3808,0,1,0.7981867873410141,-0.49321264028549194,-1.8682126998901367,attack,Yes
3809,0,0,0.00048785722450755167,-8.054533958435059,-0.4295341670513153,attack,No
3810,0,0,0.0024726231566347748,-6.695738792419434,-0.6957387924194336,attack,no
3811,0,0,0.015906388912772775,-4.83171272277832,-0.706712543964386,attack,no
3812,0,0,0.0035936025814200896,-6.26132869720459,-0.6363286972045898,attack,No
3813,0,0,0.0035936021545687705,-6.151888370513916,-0.5268882513046265,attack,no
3814,0,0,0.0015011824354232285,-7.078060626983643,-0.5780607461929321,attack,No
3815,0,0,0.09534947004048376,-2.9003593921661377,-0.6503594517707825,attack,No
3816,0,0,0.0031726830309918535,-6.329186916351318,-0.5791869759559631,attack,no
3817,0,0,0.06754668738548215,-3.109373092651367,-0.4843730330467224,attack,No
3818,0,0,0.0005527786863185436,-7.9751667976379395,-0.4751668870449066,attack,no
3819,0,0,0.000804086019434498,-7.188344955444336,-0.0633450597524643,attack,No
3820,0,0,0.0009110511944006454,-7.694346904754639,-0.6943469047546387,attack,no
3821,0,0,0.0013250227327045727,-7.1009016036987305,-0.47590184211730957,attack,No
3822,0,0,0.017986213120429816,-4.592382907867432,-0.592383086681366,attack,No
3823,0,0,0.004070137715896127,-6.08034086227417,-0.5803408622741699,attack,No
3824,0,0,0.0010322310367548194,-7.509171009063721,-0.6341710090637207,attack,no
3825,0,0,0.009708475908421797,-5.156716823577881,-0.5317167639732361,attack,no
3826,0,0,0.29421497216298875,-1.6581439971923828,-0.7831439971923828,attack,no
3827,0,0,0.037326887344129464,-3.9131920337677,-0.6631920337677002,attack,no
3828,0,0,0.006692849735519792,-5.638571739196777,-0.638571560382843,attack,no
3829,0,0,0.0009110512215273508,-7.475809574127197,-0.47580960392951965,attack,no
3830,0,0,0.0021827167698853724,-6.5573835372924805,-0.4323836863040924,attack,no
3831,0,0,0.05340332678672523,-3.4885313510894775,-0.6135312914848328,attack,No
3832,0,0,0.009708474762317362,-5.156782150268555,-0.5317819714546204,attack,No
3833,0,0,5.144218959717212e-05,-9.945535659790039,-0.07053519040346146,attack,No
3834,0,0,0.005220124764999895,-5.88802433013916,-0.6380241513252258,attack,no
3835,0,0,0.005911068681121534,-5.559205532073975,-0.4342055022716522,attack,No
3836,0,0,0.0004305572352375569,-8.224607467651367,-0.47460782527923584,attack,No
3837,0,0,0.000804085887740518,-7.819169998168945,-0.6941699385643005,attack,no
3838,0,0,0.0017007221078396608,-7.0101237297058105,-0.6351235508918762,attack,No
3839,0,0,0.0031726826539785367,-6.276405334472656,-0.5264052748680115,attack,no
3840,0,0,0.0021827165751612514,-6.441013813018799,-0.3160138726234436,attack,No
3841,0,0,0.012431650121413363,-4.960792064666748,-0.5857920050621033,attack,No
3842,0,0,0.03308597457504463,-3.9245553016662598,-0.5495551824569702,attack,no
3843,0,0,0.0013250224960860068,-7.202449798583984,-0.5774498581886292,attack,No
3844,0,0,0.053403329799824234,-3.390765905380249,-0.515765905380249,attack,No
3845,0,0,0.009708475335369565,-5.208047389984131,-0.5830472707748413,attack,No
3846,0,0,0.0008040859356292355,-7.701953411102295,-0.5769534111022949,attack,no
3847,0,0,0.004609571905888793,-6.01127290725708,-0.6362728476524353,attack,No
3848,0,0,0.0015011823460801075,-7.0257110595703125,-0.5257111191749573,attack,No
3849,0,0,0.007577242612510723,-5.513589382171631,-0.6385895609855652,attack,No
3850,0,0,0.005220124764999895,-5.829978942871094,-0.5799787640571594,attack,No
3851,0,0,0.0019267346633274755,-6.775012493133545,-0.5250124931335449,attack,No
3852,0,0,0.0035936018344303144,-6.0585784912109375,-0.4335782825946808,attack,no
3853,0,0,0.0019267344340853601,-6.8282647132873535,-0.578264594078064,attack,no
3854,0,0,0.0009110510316404296,-7.6348676681518555,-0.6348674893379211,attack,No
3855,0,0,0.001700722816229541,-6.9524030685424805,-0.5774033069610596,attack,no
3856,0,0,0.022977367902892003,-4.11878776550293,-0.3687876760959625,attack,No
3857,0,0,0.0015011825247663551,-7.134342670440674,-0.6343428492546082,attack,No
3858,0,0,0.0013250221411582371,-6.908130168914795,-0.2831299602985382,attack,No
3859,0,0,0.002472622715588583,-6.579314231872559,-0.5793140530586243,attack,No
3860,0,0,0.007577240371427665,-5.575332164764404,-0.7003320455551147,attack,no
3861,0,0,0.0013250224172131609,-7.203074932098389,-0.5780749320983887,attack,No
3862,0,0,0.0019267351218117874,-6.8290557861328125,-0.5790560245513916,attack,no
3863,0,0,0.037326887344129464,-3.969728469848633,-0.7197284698486328,attack,no
3864,0,1,0.7981867873410141,-0.5349485278129578,-1.9099485874176025,attack,Yes
3865,0,0,0.005911068505999277,-5.705761432647705,-0.5807613730430603,attack,No
3866,0,0,0.008577486934330109,-5.389403343200684,-0.6394035220146179,attack,no
3867,0,0,0.014063626216776943,-4.8384175300598145,-0.5884174704551697,attack,No
3868,0,0,0.012431649755527152,-4.816888809204102,-0.4418887197971344,attack,no
3869,0,0,0.0028009266341596987,-6.57110595703125,-0.6961058378219604,attack,no
3870,0,0,0.003593603008271459,-6.151667594909668,-0.5266677141189575,attack,no
3871,0,0,0.04208773272170267,-3.788144588470459,-0.6631447076797485,attack,No
3872,0,0,0.002182716185713063,-6.702682971954346,-0.5776828527450562,attack,No
3873,0,0,0.0059110692064883365,-5.763798236846924,-0.6387982964515686,attack,No
3874,0,0,0.009708476481474066,-4.981600284576416,-0.356600284576416,attack,No
3875,0,0,0.0009110511401472368,-7.577256679534912,-0.5772566199302673,attack,no
3876,0,0,0.0031726826539785367,-6.446004390716553,-0.696004331111908,attack,no
3877,0,0,0.0006263341837593872,-7.419587135314941,-0.04458717629313469,attack,No
3878,0,0,0.0024726232301424803,-6.351656913757324,-0.3516569435596466,attack,no
3879,0,0,0.0035936025814200896,-6.204016208648682,-0.5790162086486816,attack,No
3880,0,0,0.0159063879797589,-4.61569881439209,-0.49069857597351074,attack,no
3881,0,0,0.0019267350071906994,-6.828696250915527,-0.5786964297294617,attack,No
3882,0,0,0.4073334000459302,-1.4475990533828735,-1.0725990533828735,attack,no
3883,0,0,0.0019267350645012428,-6.600894927978516,-0.35089513659477234,attack,No
3884,0,0,0.005911067980632537,-5.605458736419678,-0.4804585874080658,attack,No
3885,0,0,0.0031726826539785367,-6.1404218673706055,-0.3904218077659607,attack,no
3886,0,0,0.0017007227150309691,-6.953383922576904,-0.5783841013908386,attack,no
3887,0,0,0.0035936021545687705,-6.103318214416504,-0.47831809520721436,attack,No
3888,0,0,0.0373268852023206,-3.4464011192321777,-0.19640105962753296,attack,No
3889,0,0,0.0003799846279530604,-8.263068199157715,-0.3880684971809387,attack,no
3890,0,1,0.6513548782017746,-0.7174252867698669,-1.3424253463745117,attack,Yes
3891,0,0,0.0009110511944006454,-7.388385772705078,-0.3883857727050781,attack,no
3892,0,0,0.04742587317756679,-3.6661181449890137,-0.6661181449890137,attack,No
3893,0,0,0.00043055714545500067,-8.137890815734863,-0.3878909647464752,attack,No
3894,0,0,0.01590639171181471,-4.568037509918213,-0.4430375099182129,attack,No
3895,0,0,0.0015011820780507757,-7.134391784667969,-0.6343916654586792,attack,no
3896,0,0,0.0019267351218117874,-6.828472137451172,-0.578472375869751,attack,No
3897,0,0,0.0021827164453451808,-6.759800434112549,-0.6348004341125488,attack,No
3898,0,0,0.0013250221805946513,-7.319789886474609,-0.694789707660675,attack,no
3899,0,0,0.004070137232672753,-6.080264091491699,-0.5802639722824097,attack,No
3900,0,0,0.0006263341954184638,-7.850264072418213,-0.47526413202285767,attack,No
3901,0,0,0.0021827168347934166,-6.6015753746032715,-0.4765755534172058,attack,no
3902,0,0,0.13296424706933604,-2.6131036281585693,-0.7381036877632141,attack,no
3903,0,0,0.0010322311596793377,-7.399456024169922,-0.5244561433792114,attack,No
3904,0,0,0.00280092763304364,-6.570996284484863,-0.6959965229034424,attack,no
3905,0,0,0.0015011822567369915,-7.078110218048096,-0.5781102180480957,attack,No
3906,0,0,0.006692852113050128,-5.528474807739258,-0.5284749865531921,attack,No
3907,0,0,0.0015011822567369915,-7.024608135223389,-0.5246081352233887,attack,no
3908,0,0,0.0028009273000822866,-6.570483207702637,-0.6954833269119263,attack,no
3909,0,0,0.009708476481474066,-5.265137672424316,-0.6401376724243164,attack,No
3910,0,0,0.0002959570517898911,-8.43883991241455,-0.31383970379829407,attack,no
3911,0,0,0.005911070257222078,-5.822229385375977,-0.6972296237945557,attack,no
3912,0,0,0.001032231251872736,-7.350826740264893,-0.4758269488811493,attack,no
3913,0,0,0.005220125693558397,-5.830433368682861,-0.5804333686828613,attack,no
3914,0,0,0.020332358091706755,-4.320618629455566,-0.4456188678741455,attack,No
3915,0,0,0.0005527785052037703,-8.194541931152344,-0.6945416927337646,attack,no
3916,0,0,0.00012339459161344514,-9.0498046875,-0.04980481415987015,attack,No
3917,0,0,0.0028009265509193865,-6.264780521392822,-0.3897803723812103,attack,no
3918,0,0,0.012431647926096252,-5.0761613845825195,-0.7011611461639404,attack,no
3919,0,0,0.004609571632403393,-6.011837959289551,-0.6368378400802612,attack,no
3920,0,0,0.009708477054526368,-5.108708381652832,-0.4837084412574768,attack,No
3921,0,0,0.0013250224566495835,-7.102116584777832,-0.4771166145801544,attack,No
3922,0,0,0.006692852509305267,-5.529339790344238,-0.5293400287628174,attack,No
3923,0,0,0.0035936021545687705,-6.204742431640625,-0.5797423124313354,attack,No
3924,0,0,0.0019267345487064141,-6.827704906463623,-0.5777048468589783,attack,no
3925,0,0,0.0075772430607274135,-5.574077606201172,-0.699077844619751,attack,no
3926,0,0,0.002800926800640331,-6.352400779724121,-0.4774007201194763,attack,no
3927,0,0,0.0010322312211416022,-7.350433826446533,-0.47543400526046753,attack,no
3928,0,0,0.0004878572390397371,-8.258665084838867,-0.6336653232574463,attack,no
3929,0,0,0.008577483893094128,-5.333676338195801,-0.5836761593818665,attack,no
3930,0,0,0.004609572179374208,-6.011106967926025,-0.6361069679260254,attack,No
3931,0,0,0.010986941335237732,-4.98484468460083,-0.4848445653915405,attack,No
3932,0,0,0.0005527785052037703,-7.85036563873291,-0.35036540031433105,attack,No
3933,0,0,0.0009110510316404296,-7.577483654022217,-0.5774834752082825,attack,No
3934,0,0,0.18242551491653522,-2.3247954845428467,-0.8247954249382019,attack,no
3935,0,0,0.002800926967120973,-6.401716709136963,-0.5267167091369629,attack,No
3936,0,0,0.000552778571063681,-7.975444793701172,-0.4754446744918823,attack,no
3937,0,0,0.0028009273000822866,-6.401095390319824,-0.5260955095291138,attack,no
3938,0,0,0.0010322307909058268,-7.453076362609863,-0.5780761241912842,attack,No
3939,0,0,0.01098694327827096,-5.032265663146973,-0.5322657227516174,attack,No
3940,0,0,0.042087723109535534,-3.732357978820801,-0.6073578596115112,attack,No
3941,0,0,0.015906394510857135,-4.771409034729004,-0.6464092135429382,attack,no
3942,0,0,0.00017952795597330317,-8.72610092163086,-0.1011008471250534,attack,No
3943,0,0,0.000804085815907447,-7.268891334533691,-0.14389118552207947,attack,No
3944,0,0,0.005220125384038879,-5.946479797363281,-0.6964797377586365,attack,no
3945,0,0,0.0040701369910610885,-6.197811603546143,-0.6978114247322083,attack,no
3946,0,0,0.11920292202211755,-2.5718576908111572,-0.5718576908111572,attack,No
3947,0,0,0.005220125384038879,-5.729544639587402,-0.47954457998275757,attack,No
3948,0,0,0.007577242612510723,-5.457201957702637,-0.582202136516571,attack,No
3949,0,0,0.0004305572095853961,-8.444090843200684,-0.6940911412239075,attack,no
3950,0,0,0.0028009274665629583,-6.2273850440979,-0.3523852229118347,attack,no
3951,0,0,0.0010322309752925658,-7.351336479187012,-0.47633641958236694,attack,No
3952,0,0,0.002182716185713063,-6.601599216461182,-0.4765990972518921,attack,no
3953,0,0,0.002182716185713063,-6.651383399963379,-0.5263832807540894,attack,no
3954,0,0,5.829127608382254e-05,-9.877483367919922,-0.1274835467338562,attack,No
3955,0,0,0.037326888415033926,-3.7099125385284424,-0.45991256833076477,attack,No
3956,0,0,0.005220125384038879,-5.729161262512207,-0.47916120290756226,attack,no
3957,0,0,0.0010322311596793377,-7.4524688720703125,-0.577468991279602,attack,no
3958,0,0,0.0011695104739356916,-7.444398403167725,-0.6943985819816589,attack,no
3959,0,0,0.0024726225685732036,-6.694821357727051,-0.6948211193084717,attack,no
3960,0,0,0.0046095728630878175,-5.76730489730835,-0.39230504631996155,attack,No
3961,0,0,0.08509904036636974,-3.0122411251068115,-0.6372410655021667,attack,No
3962,0,0,0.00280092763304364,-6.4545392990112305,-0.5795395374298096,attack,No
3963,0,0,0.0019267348925696179,-6.94522762298584,-0.6952277421951294,attack,no
3964,0,0,0.0015011824354232285,-7.134293556213379,-0.6342936754226685,attack,No
3965,0,0,0.0035936017277175022,-6.204954147338867,-0.5799539089202881,attack,No
3966,0,0,0.05340333582602272,-3.546718120574951,-0.6717182397842407,attack,No
3967,0,0,0.0006263343446546602,-8.068744659423828,-0.693744957447052,attack,no
3968,0,0,0.3208213138121609,-1.6586380004882812,-0.908638060092926,attack,No
3969,0,0,0.01243164938964095,-5.0178937911987305,-0.6428936719894409,attack,no
3970,0,0,0.0019267349498801579,-6.640726566314697,-0.3907267153263092,attack,no
3971,0,0,0.010986941335237732,-5.1421799659729,-0.6421798467636108,attack,No
3972,0,0,0.0017007226644316852,-6.806404113769531,-0.4314042627811432,attack,no
3973,0,0,0.009708476481474066,-5.20885705947876,-0.5838570594787598,attack,no
3974,0,0,0.0017007222596374673,-6.806038856506348,-0.4310387670993805,attack,No
3975,0,0,0.10669059962643358,-2.894641637802124,-0.7696416974067688,attack,no
3976,0,0,0.0013250226538317129,-7.32012939453125,-0.6951295733451843,attack,no
3977,0,0,0.01098694263059318,-5.08559513092041,-0.5855951309204102,attack,No
3978,0,0,0.060086646807761206,-3.486257553100586,-0.7362574934959412,attack,no
3979,0,0,0.0008040858398518034,-7.407499313354492,-0.28249919414520264,attack,no
3980,0,1,0.5621765008857981,-1.0614619255065918,-1.3114619255065918,attack,Yes
3981,0,0,0.00020342705079157657,-9.193611145019531,-0.6936115026473999,attack,no
3982,0,0,0.0009110510045137297,-7.388643264770508,-0.3886430561542511,attack,no
3983,0,0,0.16451647108926923,-2.1976237297058105,-0.5726237893104553,attack,No
3984,0,0,0.06754668363133542,-3.2016077041625977,-0.5766075849533081,attack,No
3985,0,0,0.1480472055495773,-2.551344633102417,-0.8013446927070618,attack,no
3986,0,0,0.0031726822769652645,-6.445789337158203,-0.6957891583442688,attack,no
3987,0,0,0.006692851716795015,-5.697701930999756,-0.6977020502090454,attack,no
3988,0,0,0.005911067805510302,-5.652927875518799,-0.5279276967048645,attack,No
3989,0,0,0.01243164865786858,-4.73529052734375,-0.3602903485298157,attack,No
3990,0,0,0.004070137715896127,-6.1370344161987305,-0.6370344161987305,attack,No
3991,0,0,0.4073334000459302,-1.4614791870117188,-1.0864791870117188,attack,no
3992,0,0,0.0159063898457867,-4.769242286682129,-0.6442421674728394,attack,No
3993,0,0,0.029312237535086605,-4.1002702713012695,-0.6002705097198486,attack,no
3994,0,0,0.0021827163155291175,-6.820849418640137,-0.6958493590354919,attack,no
3995,0,0,0.0015011822567369915,-6.976387023925781,-0.47638702392578125,attack,No
3996,0,0,0.1645164628965632,-2.33270263671875,-0.70770263671875,attack,No
3997,0,0,0.0024726235976810437,-6.578775882720947,-0.5787760615348816,attack,No
3998,0,0,0.0040701384407312935,-6.027442932128906,-0.5274431109428406,attack,no
3999,0,0,0.0011695101258020842,-7.444438934326172,-0.6944388151168823,attack,no
4000,0,0,0.005220125384038879,-5.778289794921875,-0.5282897353172302,attack,No
4001,0,0,0.0024726231566347748,-6.526736736297607,-0.5267367362976074,attack,No
4002,0,0,0.0007096704413702227,-7.8269782066345215,-0.5769782662391663,attack,no
4003,0,0,0.005911067455265844,-5.763391494750977,-0.6383912563323975,attack,No
4004,0,0,0.2689414213699951,-1.6809027194976807,-0.6809027194976807,attack,No
4005,0,0,0.03732689162774753,-3.8575987815856934,-0.6075989007949829,attack,No
4006,0,0,0.0013250227327045727,-7.056108474731445,-0.4311087131500244,attack,no
4007,0,0,0.00218271670497733,-6.602257251739502,-0.4772573709487915,attack,no
4008,0,0,0.0024726227890962764,-6.38928747177124,-0.3892873227596283,attack,no
4009,0,1,0.679178699175393,-0.7391245365142822,-1.4891245365142822,attack,Yes
4010,0,1,0.8807970654616711,-0.2901993989944458,-2.2901992797851562,attack,Yes
4011,0,0,0.0011695104739356916,-7.2254638671875,-0.4754640460014343,attack,No
4012,0,0,0.0006263341954184638,-8.068926811218262,-0.6939268708229065,attack,no
4013,0,0,0.03308598029553404,-3.97393536567688,-0.5989354252815247,attack,No
4014,0,0,0.047425867792089564,-3.665374755859375,-0.6653746366500854,attack,No
4015,0,0,0.002800927008741136,-6.080084323883057,-0.20508433878421783,attack,no
4016,0,0,0.002472622678834738,-6.204558849334717,-0.20455865561962128,attack,no
4017,0,0,0.004609571358918011,-6.0112996101379395,-0.6362994313240051,attack,no
4018,0,0,0.004609572726345088,-6.012007713317871,-0.6370078325271606,attack,no
4019,0,0,0.004070137957507836,-5.890514850616455,-0.39051491022109985,attack,No
4020,0,0,0.0005527787192485087,-7.814976692199707,-0.31497684121131897,attack,no
4021,0,0,0.029312230751356316,-4.098402500152588,-0.5984025001525879,attack,no
4022,0,0,0.02297736991002561,-4.156221866607666,-0.406221866607666,attack,No
4023,0,0,0.0031726824654718946,-6.44581413269043,-0.6958140134811401,attack,no
4024,0,0,0.002472623009619369,-6.4319682121276855,-0.43196815252304077,attack,no
4025,0,0,0.0011695102650555148,-7.225723743438721,-0.4757237434387207,attack,no
4026,0,0,0.02931222905542399,-3.998683452606201,-0.4986833930015564,attack,No
4027,0,0,0.16451644651115205,-2.383701801300049,-0.7587016820907593,attack,no
4028,0,0,0.002472622715588583,-6.635040283203125,-0.6350401043891907,attack,No
4029,0,0,0.00359360194114313,-6.3218488693237305,-0.6968486905097961,attack,no
4030,0,0,0.029312227359491745,-4.155797481536865,-0.6557973623275757,attack,No
4031,0,0,0.0015011821673938809,-6.888983726501465,-0.38898366689682007,attack,no
4032,0,0,0.0019267342621537913,-6.639043807983398,-0.3890435993671417,attack,No
4033,0,0,0.0024726235976810437,-6.4771528244018555,-0.4771530032157898,attack,no
4034,0,0,0.001926734204843272,-6.8290863037109375,-0.5790860652923584,attack,No
4035,0,0,0.0040701384407312935,-6.079577445983887,-0.579577624797821,attack,No
4036,0,0,0.0040701374742844335,-5.980876922607422,-0.4808768630027771,attack,no
4037,0,0,0.02931223244728875,-3.7527925968170166,-0.2527926564216614,attack,No
4038,0,0,0.004609572179374208,-5.955665111541748,-0.580665111541748,attack,no
4039,0,0,0.22270012850745968,-1.9643704891204834,-0.7143704295158386,attack,No
4040,0,0,0.0013250223383403197,-7.202573776245117,-0.5775737166404724,attack,No
4041,0,0,0.29421497216298875,-1.6753833293914795,-0.8003833293914795,attack,no
4042,0,0,0.005220125693558397,-5.777975082397461,-0.5279750823974609,attack,no
4043,0,0,0.00218271696460951,-6.703583717346191,-0.5785839557647705,attack,No
4044,0,0,0.0013250221017218242,-7.319347381591797,-0.6943471431732178,attack,no
4045,0,0,0.01098694392594878,-5.142505645751953,-0.6425057649612427,attack,no
4046,0,0,0.0004305568761074445,-8.327159881591797,-0.5771594047546387,attack,No
4047,0,0,0.002182716185713063,-6.70397424697876,-0.5789741277694702,attack,no
4048,0,0,0.022977373924293353,-4.345946788787842,-0.5959469676017761,attack,no
4049,0,0,0.003593603008271459,-6.152275085449219,-0.5272752046585083,attack,no
4050,0,0,0.00010889689866895912,-9.196016311645508,-0.07101620733737946,attack,No
4051,0,0,0.006692849735519792,-5.582070827484131,-0.5820706486701965,attack,no
4052,0,0,0.003593603008271459,-6.204959869384766,-0.5799599885940552,attack,no
4053,0,0,0.0021827163155291175,-6.703083038330078,-0.5780829787254333,attack,no
4054,0,0,0.0013250221017218242,-7.259052276611328,-0.634052038192749,attack,No
4055,0,0,0.4073334000459302,-1.3863296508789062,-1.0113296508789062,attack,No
4056,0,0,0.04742587587030561,-3.6642069816589355,-0.6642070412635803,attack,No
4057,0,0,0.002182716185713063,-6.602677345275879,-0.47767722606658936,attack,no
4058,0,0,0.0028009274665629583,-6.45401668548584,-0.5790168642997742,attack,No
4059,0,0,0.0005527786081098843,-7.563540458679199,-0.06354040652513504,attack,No
4060,0,0,0.0015011823460801075,-7.195296764373779,-0.6952968239784241,attack,no
4061,0,0,0.0013250224172131609,-7.319146633148193,-0.6941466331481934,attack,no
4062,0,0,0.008577485413711986,-5.3338847160339355,-0.5838847160339355,attack,no
4063,0,0,0.01243164938964095,-4.9076080322265625,-0.532607913017273,attack,No
4064,0,0,0.0024726231566347748,-6.695210933685303,-0.6952109336853027,attack,no
4065,0,0,0.0009110509773870306,-7.633614540100098,-0.6336143016815186,attack,no
4066,0,0,0.0024726234506656126,-6.635680198669434,-0.6356803178787231,attack,no
4067,0,0,0.00218271670497733,-6.703526020050049,-0.5785261392593384,attack,No
4068,0,0,0.0035936027948457686,-6.204155921936035,-0.5791559815406799,attack,No
4069,0,0,0.0024726231566347748,-6.635654449462891,-0.6356544494628906,attack,No
4070,0,0,0.00192673483525908,-6.681437015533447,-0.43143710494041443,attack,no
4071,0,0,0.005220126312597491,-5.888418197631836,-0.6384183168411255,attack,No
4072,0,0,0.005911067455265844,-5.604703903198242,-0.4797036647796631,attack,no
4073,0,0,0.0009110511944006454,-7.577569484710693,-0.5775694847106934,attack,No
4074,0,0,0.0011695105435624257,-7.2260894775390625,-0.4760897159576416,attack,No
4075,0,0,0.006692849735519792,-5.638914108276367,-0.6389139294624329,attack,No
4076,0,0,0.07585817166422973,-2.9707255363464355,-0.470725417137146,attack,no
4077,0,0,0.002472623009619369,-6.578404426574707,-0.5784043669700623,attack,No
4078,0,0,0.00043055717110715777,-8.137771606445312,-0.3877718150615692,attack,no
4079,0,0,0.001501181899364581,-7.078105926513672,-0.5781056880950928,attack,no
4080,0,0,0.01590639544387138,-4.771247863769531,-0.6462481021881104,attack,no
4081,0,0,0.13296424019782924,-2.139995574951172,-0.2649955749511719,attack,No
4082,0,0,0.004609573273316032,-6.073799133300781,-0.6987993717193604,attack,no
4083,0,0,0.0013250222594674832,-7.202824115753174,-0.5778239965438843,attack,No
4084,0,0,0.010986940039882433,-5.032271385192871,-0.532271146774292,attack,No
4085,0,0,0.0035936034351228795,-6.1030120849609375,-0.4780123233795166,attack,no
4086,0,0,0.0017007227656302545,-6.806243896484375,-0.4312441051006317,attack,no
4087,0,0,0.1645164792819756,-2.3203864097595215,-0.695386528968811,attack,No
4088,0,0,0.005911069906977476,-5.560983180999756,-0.4359833598136902,attack,no
4089,0,1,0.9046505248181417,-0.3382517099380493,-2.5882515907287598,attack,Yes
4090,0,0,0.0534033328129234,-3.5439887046813965,-0.6689887642860413,attack,No
4091,0,0,0.0001584362869671912,-8.805717468261719,-0.05571789667010307,attack,No
4092,0,0,0.0035936021545687705,-6.151016712188721,-0.5260165929794312,attack,No
4093,0,0,0.00043055692741172794,-8.443817138671875,-0.6938167810440063,attack,no
4094,0,0,0.03308598029553404,-3.9768850803375244,-0.6018851399421692,attack,No
4095,0,0,0.0021827164453451808,-6.556751728057861,-0.43175172805786133,attack,no
4096,0,0,0.0024726235976810437,-6.636281490325928,-0.6362816691398621,attack,No
4097,0,0,0.004070137957507836,-5.933028697967529,-0.4330287575721741,attack,no
4098,0,0,0.005220125693558397,-5.778415679931641,-0.5284156799316406,attack,No
4099,0,0,0.16451645470385742,-2.304196834564209,-0.6791967749595642,attack,no
4100,0,0,0.012431650853185818,-5.018040657043457,-0.643040657043457,attack,no
4101,0,0,0.04208772431105632,-3.556053876876831,-0.4310537874698639,attack,no
4102,0,0,0.008577486427457372,-5.334336757659912,-0.5843368768692017,attack,No
4103,0,0,0.0035936022612815957,-6.01637601852417,-0.39137592911720276,attack,No
4104,0,0,0.012431653780276067,-4.85903263092041,-0.48403286933898926,attack,No
4105,0,0,0.003172683219498529,-6.27655029296875,-0.5265504121780396,attack,no
4106,0,0,0.008577485160275657,-5.144314765930176,-0.3943147361278534,attack,No
4107,0,0,0.01406363034912007,-4.8937225341796875,-0.6437227725982666,attack,no
4108,0,0,0.0159063898457867,-4.61167573928833,-0.4866756200790405,attack,No
4109,0,0,0.0015011819887076757,-6.977128028869629,-0.4771278500556946,attack,No
4110,0,0,0.0021827160558970152,-6.651320934295654,-0.52632075548172,attack,no
4111,0,0,0.0002611904280443717,-8.724817276000977,-0.47481769323349,attack,no
4112,0,0,3.535624810759159e-05,-10.377617835998535,-0.1276177614927292,attack,No
4113,0,0,0.00218271670497733,-6.759926795959473,-0.6349269151687622,attack,No
4114,0,0,0.002182716185713063,-6.556511402130127,-0.4315112829208374,attack,No
4115,0,0,0.0075772408196442265,-5.457635402679443,-0.5826353430747986,attack,no
4116,0,0,9.610244914912895e-05,-9.33980655670166,-0.08980690687894821,attack,No
4117,0,0,0.0031726835965119127,-6.27652645111084,-0.526526689529419,attack,No
4118,0,1,0.5312093733737563,-1.0725417137145996,-1.1975417137145996,attack,Yes
4119,0,0,0.0028009273000822866,-6.570779800415039,-0.6957799196243286,attack,no
4120,0,0,0.0006263342327275096,-7.9516921043396,-0.5766922235488892,attack,no
4121,0,0,0.0007096702722916998,-7.9439544677734375,-0.6939542889595032,attack,no
4122,0,0,0.001700722209038197,-6.901052951812744,-0.5260528326034546,attack,No
4123,0,0,0.008577487441202876,-5.450048446655273,-0.7000486850738525,attack,no
4124,0,0,0.014063627043245474,-4.894294261932373,-0.644294261932373,attack,No
4125,0,0,5.8291285637951085e-05,-9.839653015136719,-0.08965335786342621,attack,No
4126,0,0,0.004609571905888793,-5.954916000366211,-0.5799159407615662,attack,No
4127,0,0,0.0015011822567369915,-7.026540279388428,-0.5265402793884277,attack,No
4128,0,1,0.8933093975331751,-0.30093035101890564,-2.4259302616119385,attack,Yes
4129,0,0,0.002472623303650189,-6.390693187713623,-0.3906932473182678,attack,No
4130,0,0,0.0031726826539785367,-6.3293023109436035,-0.5793022513389587,attack,No
4131,0,0,0.004609571905888793,-5.954577445983887,-0.5795773863792419,attack,No
4132,0,1,0.6224593312018546,-0.7913303375244141,-1.291330337524414,attack,Yes
4133,0,0,0.001032230913830316,-7.225531101226807,-0.3505309820175171,attack,no
4134,0,0,0.0021827168347934166,-6.7041015625,-0.5791017413139343,attack,No
4135,0,0,0.00048785691933175807,-8.201644897460938,-0.5766444802284241,attack,No
4136,0,0,0.46879062662624377,-1.2560811042785645,-1.1310811042785645,attack,no
4137,0,0,0.0021827164453451808,-6.759946346282959,-0.634946346282959,attack,No
4138,0,0,0.13296423676207594,-2.3420863151550293,-0.4670862853527069,attack,No
4139,0,0,0.01243164865786858,-5.016931533813477,-0.6419313549995422,attack,No
4140,0,0,0.053403329799824234,-3.6047394275665283,-0.7297394275665283,attack,no
4141,0,0,0.002182716185713063,-6.514564037322998,-0.3895639181137085,attack,no
4142,0,0,0.0011695101606154403,-7.10015344619751,-0.3501533567905426,attack,No
4143,0,0,0.22270013882530884,-2.070344924926758,-0.8203449249267578,attack,no
4144,0,0,0.007577240371427665,-5.457150459289551,-0.5821503400802612,attack,No
4145,0,0,0.060086646807761206,-3.4275295734405518,-0.677529513835907,attack,no
4146,0,0,0.007577242612510723,-5.405148506164551,-0.5301486849784851,attack,no
4147,0,0,0.004070137957507836,-6.197268962860107,-0.6972690224647522,attack,no
4148,0,0,0.020332355717182622,-4.4160542488098145,-0.541054368019104,attack,no
4149,0,0,0.0019267344340853601,-6.88439416885376,-0.6343940496444702,attack,no
4150,0,0,0.0013250226538317129,-7.31926965713501,-0.6942698359489441,attack,no
4151,0,0,0.001700722209038197,-6.953699111938477,-0.578698992729187,attack,no
4152,0,0,0.0010322312211416022,-7.452417850494385,-0.5774180293083191,attack,No
4153,0,0,0.008577486934330109,-5.332268238067627,-0.5822684168815613,attack,No
4154,0,0,0.0035936027948457686,-6.3210577964782715,-0.6960578560829163,attack,no
4155,0,0,0.033085978388704126,-4.031386852264404,-0.6563868522644043,attack,No
4156,0,0,0.0013250224172131609,-6.908213138580322,-0.28321313858032227,attack,No
4157,0,0,0.0003353501904116503,-8.576347351074219,-0.5763475298881531,attack,no
4158,0,0,0.0008040860792954051,-7.8189544677734375,-0.6939546465873718,attack,no
4159,0,0,0.0010322311289482067,-7.189897060394287,-0.3148971498012543,attack,No
4160,0,0,0.01798620890931226,-4.331186294555664,-0.3311862349510193,attack,No
4161,0,0,0.04742587587030561,-3.6654763221740723,-0.665476381778717,attack,no
4162,0,0,0.0031726830309918535,-6.329531192779541,-0.5795312523841858,attack,No
4163,0,0,0.0010322312211416022,-7.452432155609131,-0.5774323344230652,attack,No
4164,0,0,0.004070137957507836,-6.197275638580322,-0.697275698184967,attack,no
4165,0,0,0.001700722411435288,-6.95327615737915,-0.5782761573791504,attack,no
4166,0,0,0.0046095710854326425,-5.95530891418457,-0.5803086757659912,attack,No
4167,0,0,0.014063628696182679,-4.893028259277344,-0.6430283784866333,attack,No
4168,0,0,0.020332349780873466,-4.366234302520752,-0.4912341237068176,attack,no
4169,0,0,0.005911068856243796,-5.654331207275391,-0.5293312072753906,attack,No
4170,0,0,0.0013250221017218242,-7.014501571655273,-0.38950133323669434,attack,No
4171,0,0,0.03308597648187432,-3.9786882400512695,-0.6036881804466248,attack,no
4172,0,0,0.005220125074519377,-5.728961944580078,-0.4789618253707886,attack,no
4173,0,0,0.000552778571063681,-7.887766361236572,-0.3877662420272827,attack,no
4174,0,0,0.07585818002124356,-3.0887463092803955,-0.5887463092803955,attack,No
4175,0,0,0.0031726822769652645,-6.329026699066162,-0.5790265202522278,attack,No
4176,0,0,0.008577485160275657,-5.107077121734619,-0.35707709193229675,attack,No
4177,0,0,0.003593603008271459,-6.015503883361816,-0.39050400257110596,attack,No
4178,0,0,0.060086646807761206,-3.372570276260376,-0.6225702166557312,attack,No
4179,0,0,0.0005527785216687471,-7.887975692749023,-0.3879754841327667,attack,no
4180,0,0,0.02297736991002561,-4.398634433746338,-0.6486344337463379,attack,No
4181,0,0,0.0013250223383403197,-7.20318078994751,-0.578180730342865,attack,no
4182,0,0,0.006692850131774789,-5.434320449829102,-0.434320330619812,attack,No
4183,0,0,0.020332349187242645,-4.321290969848633,-0.4462907612323761,attack,No
4184,0,0,0.006692850924284856,-5.529098033905029,-0.5290980339050293,attack,no
4185,0,0,0.007577242164294059,-5.516486644744873,-0.6414867639541626,attack,no
4186,0,0,0.0015011820780507757,-6.9758195877075195,-0.47581946849823,attack,no
4187,0,0,0.0040701369910610885,-6.197415351867676,-0.6974151730537415,attack,no
4188,0,0,0.02595735719779685,-4.278594970703125,-0.653594970703125,attack,no
4189,0,0,0.002472623303650189,-6.634997844696045,-0.6349979043006897,attack,no
4190,0,0,0.004609571632403393,-5.902812480926514,-0.5278123617172241,attack,No
4191,0,0,0.10669059962643358,-2.686903715133667,-0.5619037747383118,attack,No
4192,0,0,0.0008040859595735953,-7.407621383666992,-0.2826214134693146,attack,No
4193,0,0,0.0019267350071906994,-6.639873027801514,-0.389873206615448,attack,no
4194,0,0,0.00048785691933175807,-8.149209976196289,-0.5242095589637756,attack,No
4195,0,0,0.0019267344340853601,-6.775313377380371,-0.5253132581710815,attack,no
4196,0,0,0.0031726822769652645,-6.446065425872803,-0.6960652470588684,attack,no
4197,0,0,0.0035936025814200896,-6.152316093444824,-0.5273160934448242,attack,No
4198,0,0,0.0019267350071906994,-6.885217189788818,-0.6352173686027527,attack,No
4199,0,0,0.03308597648187432,-3.9770665168762207,-0.6020664572715759,attack,No
4200,0,0,0.0009110513029074721,-7.634254455566406,-0.6342545747756958,attack,No
4201,0,0,0.0031726820884586454,-5.9351654052734375,-0.1851651668548584,attack,No
4202,0,0,0.06754669864792355,-3.3641090393066406,-0.7391091585159302,attack,no
4203,0,0,0.004070137715896127,-5.9780755043029785,-0.4780755043029785,attack,no
4204,0,0,0.0159063898457867,-4.661316871643066,-0.5363167524337769,attack,No
4205,0,0,0.0009110510858938316,-7.578074932098389,-0.5780748128890991,attack,no
4206,0,0,0.02595735719779685,-4.122992515563965,-0.49799251556396484,attack,no
4207,0,0,0.001032230913830316,-7.452183723449707,-0.5771836042404175,attack,No
4208,0,0,0.0019267343194643127,-6.885998725891113,-0.635998547077179,attack,no
4209,0,0,0.0010322312826038706,-7.3510332107543945,-0.47603344917297363,attack,No
4210,0,0,0.0017007227150309691,-6.764401912689209,-0.3894020915031433,attack,no
4211,0,0,0.0002305068181458898,-8.656789779663086,-0.28179019689559937,attack,no
4212,0,0,0.0850990357257195,-2.79799747467041,-0.4229973554611206,attack,No
4213,0,0,0.010986945221304533,-5.084198951721191,-0.5841991901397705,attack,No
4214,0,0,0.0028009264676790765,-6.454577445983887,-0.5795772671699524,attack,no
4215,0,0,0.0003353502428636848,-8.063986778259277,-0.0639871135354042,attack,No
4216,0,1,0.7549149868676283,-0.6273305416107178,-1.7523305416107178,attack,Yes
4217,0,0,0.001032230913830316,-7.399831771850586,-0.5248316526412964,attack,No
4218,0,0,0.0035936027948457686,-6.102409839630127,-0.47740989923477173,attack,no
4219,0,0,0.20181321265898594,-1.9770421981811523,-0.6020421385765076,attack,No
4220,0,0,0.0008040858398518034,-7.8192291259765625,-0.694229006767273,attack,no
4221,0,0,0.0011695100561753752,-7.384616851806641,-0.6346166729927063,attack,no
4222,0,0,0.0040701369910610885,-6.136559009552002,-0.6365588307380676,attack,No
4223,0,0,0.0005527783734839722,-8.076738357543945,-0.5767378807067871,attack,No
4224,0,0,0.002472623009619369,-6.526546001434326,-0.5265459418296814,attack,no
4225,0,0,0.0040701374742844335,-6.0274763107299805,-0.5274762511253357,attack,no
4226,0,0,0.0028009266341596987,-6.510693073272705,-0.6356929540634155,attack,no
4227,0,0,0.0011695103346822365,-7.445019721984863,-0.6950197815895081,attack,no
4228,0,0,0.0017007221078396608,-6.851433753967285,-0.47643357515335083,attack,no
4229,0,0,0.0007096704413702227,-7.944079875946045,-0.6940799355506897,attack,no
4230,0,0,0.04208772791561884,-3.474618673324585,-0.34961867332458496,attack,No
4231,0,0,0.000430557273715801,-8.00301742553711,-0.2530178725719452,attack,no
4232,0,0,0.006692851716795015,-5.480231285095215,-0.4802314043045044,attack,No
4233,0,0,0.0017007220572403947,-6.851286888122559,-0.4762866795063019,attack,No
4234,0,0,0.0010322307909058268,-7.352024078369141,-0.4770238399505615,attack,No
4235,0,0,0.005911068155754778,-5.762088775634766,-0.6370886564254761,attack,no
4236,0,0,0.0019267350071906994,-6.827770233154297,-0.5777704119682312,attack,No
4237,0,0,0.0031726821827119532,-6.102115631103516,-0.3521154224872589,attack,no
4238,0,0,0.0035936017277175022,-6.26155948638916,-0.636559247970581,attack,no
4239,0,0,0.0031726828424851893,-6.38581657409668,-0.6358165740966797,attack,No
4240,0,0,0.0024726235976810437,-6.635181427001953,-0.6351816058158875,attack,No
4241,0,0,0.0035936021545687705,-6.15276575088501,-0.5277656316757202,attack,No
4242,0,0,0.04208772671409796,-3.5534145832061768,-0.42841455340385437,attack,no
4243,0,0,0.03308597457504463,-3.924215316772461,-0.5492151975631714,attack,No
4244,0,0,0.01098694263059318,-5.143621444702148,-0.6436214447021484,attack,no
4245,0,0,0.0019267344340853601,-6.726138114929199,-0.47613799571990967,attack,no
4246,0,0,0.0009110513571608901,-7.475563049316406,-0.4755632281303406,attack,No
4247,0,0,0.0017007225126338423,-6.899881839752197,-0.524881899356842,attack,no
4248,0,0,0.0009110513300341806,-7.389148712158203,-0.38914886116981506,attack,no
4249,0,0,0.00522012615783771,-5.683419704437256,-0.433419793844223,attack,No
4250,0,0,0.014063628696182679,-4.838358402252197,-0.5883585214614868,attack,no
4251,0,0,0.004609571905888793,-5.809399604797363,-0.4343995451927185,attack,No
4252,0,0,0.03732688948593843,-3.6681406497955322,-0.418140709400177,attack,No
4253,0,0,0.003593602688132928,-6.058623313903809,-0.433623343706131,attack,No
4254,0,0,0.0021827165751612514,-6.7045183181762695,-0.5795183777809143,attack,No
4255,0,0,0.02033235096813516,-4.526948928833008,-0.6519488096237183,attack,no
4256,0,0,0.0006263344192727715,-8.068890571594238,-0.6938909888267517,attack,no
4257,0,0,0.46879062662624377,-1.1799978017807007,-1.0549978017807007,attack,No
4258,0,0,0.0010322310982170768,-7.509774208068848,-0.6347742676734924,attack,No
4259,0,0,0.003172683219498529,-6.3293046951293945,-0.5793048143386841,attack,no
4260,0,0,0.00280092763304364,-6.511176109313965,-0.636176347732544,attack,no
4261,0,0,0.03308597457504463,-3.9765329360961914,-0.6015328168869019,attack,No
4262,0,0,0.0013250222594674832,-7.150276184082031,-0.5252760648727417,attack,No
4263,0,0,0.05340332678672523,-3.548072338104248,-0.6730722784996033,attack,no
4264,0,0,0.042087729117139754,-3.5882701873779297,-0.4632702171802521,attack,No
4265,0,0,0.012431653780276067,-5.018568992614746,-0.6435692310333252,attack,No
4266,0,0,0.005911068505999277,-5.518397808074951,-0.3933977484703064,attack,No
4267,0,0,0.000804085887740518,-7.649884223937988,-0.5248841643333435,attack,no
4268,0,0,0.0059110692064883365,-5.653033256530762,-0.5280333161354065,attack,No
4269,0,0,0.0028009266341596987,-6.510174751281738,-0.6351746320724487,attack,no
4270,0,0,0.005220126622117065,-5.88758659362793,-0.637586772441864,attack,No
4271,0,0,0.01243165304850344,-4.961197853088379,-0.5861980319023132,attack,No
4272,0,0,0.0031726822769652645,-6.387354850769043,-0.6373546719551086,attack,No
4273,0,0,0.006692851716795015,-5.58168363571167,-0.5816837549209595,attack,no
4274,0,0,0.004609571905888793,-6.014092445373535,-0.6390923857688904,attack,No
4275,0,0,0.37754066879814546,-1.1331779956817627,-0.6331779956817627,attack,No
4276,0,0,0.001700722209038197,-7.009773254394531,-0.6347731351852417,attack,No
4277,0,0,0.0019267348925696179,-6.827801704406738,-0.5778018236160278,attack,No
4278,0,0,0.0005527787521784759,-7.814023017883301,-0.3140232264995575,attack,no
4279,0,0,0.015906392644828796,-4.768957138061523,-0.6439571976661682,attack,no
4280,0,0,0.01098694392594878,-5.202073574066162,-0.7020736932754517,attack,no
4281,0,0,0.007577242164294059,-5.357395648956299,-0.4823957681655884,attack,no
4282,0,0,0.34864513533394575,-1.641869306564331,-1.016869306564331,attack,no
4283,0,0,0.0009110511944006454,-7.63395357131958,-0.6339535713195801,attack,no
4284,0,0,0.003593603221697163,-6.015631198883057,-0.39063137769699097,attack,No
4285,0,0,0.18242551491653522,-2.2869467735290527,-0.786946713924408,attack,no
4286,0,0,0.008577485160275657,-5.231736660003662,-0.4817366302013397,attack,No
4287,0,1,0.5621765008857981,-1.0522534847259521,-1.3022534847259521,attack,Yes
4288,0,0,0.008577485920584663,-5.332828044891357,-0.5828281044960022,attack,No
4289,0,0,0.0010322310982170768,-7.5104660987854,-0.6354661583900452,attack,No
4290,0,0,0.0024726225685732036,-6.695721626281738,-0.6957213878631592,attack,no
4291,0,0,0.0035936027948457686,-6.3214030265808105,-0.6964030861854553,attack,no
4292,0,0,0.0010322308523680697,-7.453343391418457,-0.5783432126045227,attack,No
4293,0,0,0.003593603221697163,-6.20467472076416,-0.5796748995780945,attack,No
4294,0,0,0.07585818419975078,-3.2446556091308594,-0.7446556687355042,attack,no
4295,0,0,0.0028009264676790765,-6.571362018585205,-0.6963618397712708,attack,no
4296,0,0,0.006692852113050128,-5.583458423614502,-0.5834586024284363,attack,No
4297,0,0,0.005220126622117065,-5.831448078155518,-0.5814482569694519,attack,No
4298,0,0,0.003593602688132928,-6.0186052322387695,-0.3936052620410919,attack,No
4299,0,0,0.002800927133601626,-6.35252571105957,-0.4775257706642151,attack,no
4300,0,0,0.0017007226138324027,-6.9002556800842285,-0.5252557992935181,attack,No
4301,0,0,0.005220125074519377,-5.728665351867676,-0.47866523265838623,attack,No
4302,0,0,0.00048785691933175807,-8.202546119689941,-0.577545702457428,attack,no
4303,0,1,0.991422514522929,-0.07126045972108841,-4.821260452270508,attack,Yes
4304,0,0,0.0007096703991005882,-7.725302219390869,-0.47530221939086914,attack,No
4305,0,0,0.08509904500702024,-3.0119943618774414,-0.6369943618774414,attack,No
4306,0,0,0.002472622862603971,-6.635509490966797,-0.6355093717575073,attack,no
4307,0,0,0.0019267347779485435,-6.681820869445801,-0.43182092905044556,attack,no
4308,0,0,0.06008665354025422,-3.425062656402588,-0.6750627160072327,attack,no
4309,0,0,0.0035936021545687705,-6.261781692504883,-0.6367815732955933,attack,No
4310,0,0,0.025957351169724027,-4.168011665344238,-0.5430114269256592,attack,No
4311,0,0,0.022977364557669702,-4.399722099304199,-0.6497218608856201,attack,No
4312,0,0,0.07585818419975078,-3.1898603439331055,-0.6898604035377502,attack,No
4313,0,0,0.0013250222989039011,-7.100697994232178,-0.47569790482521057,attack,No
4314,0,0,0.0021827160558970152,-6.651203155517578,-0.5262029767036438,attack,no
4315,0,0,0.004609572726345088,-6.012108325958252,-0.6371084451675415,attack,no
4316,0,0,0.0024726234506656126,-6.636563777923584,-0.6365638971328735,attack,no
4317,0,0,0.0019267348925696179,-6.82850456237793,-0.5785046815872192,attack,no
4318,0,0,0.022977365895758564,-4.3428215980529785,-0.5928214192390442,attack,No
4319,0,0,0.01098694263059318,-5.142842769622803,-0.6428427696228027,attack,no
4320,0,0,0.0021827168347934166,-6.820250988006592,-0.6952511668205261,attack,no
4321,0,0,0.004070138199119559,-5.853278160095215,-0.3532782793045044,attack,no
4322,0,0,0.0021827164453451808,-6.760026454925537,-0.6350264549255371,attack,no
4323,0,0,0.1480471980316895,-2.3434300422668457,-0.5934300422668457,attack,No
4324,0,0,0.0011695104739356916,-7.444576263427734,-0.6945764422416687,attack,no
4325,0,0,0.24508500210441886,-2.0133605003356934,-0.8883604407310486,attack,no
4326,0,0,0.32082130082460697,-1.53411066532135,-0.7841106653213501,attack,No
4327,0,0,0.0019267348925696179,-6.884628772735596,-0.6346288919448853,attack,No
4328,0,0,0.00037998453739210097,-8.568718910217285,-0.6937189698219299,attack,no
4329,0,0,0.001700722310236739,-6.952658176422119,-0.5776581168174744,attack,no
4330,0,0,0.005911067455265844,-5.705574035644531,-0.5805737972259521,attack,No
4331,0,0,0.0031726820884586454,-6.3866729736328125,-0.6366727352142334,attack,no
4332,0,0,0.017986209962091555,-4.592381000518799,-0.5923810005187988,attack,No
4333,0,0,0.004609571905888793,-6.011574745178223,-0.6365746855735779,attack,no
4334,0,0,0.0031726830309918535,-6.27606725692749,-0.526067316532135,attack,no
4335,0,0,0.029312229903390143,-3.999284505844116,-0.4992844760417938,attack,no
4336,0,0,0.0024726235976810437,-6.476439476013184,-0.4764396548271179,attack,No
4337,0,0,0.001032230913830316,-7.263681411743164,-0.3886812925338745,attack,No
4338,0,0,0.005911070257222078,-5.6048126220703125,-0.4798128604888916,attack,no
4339,0,0,0.007577240595535943,-5.355849742889404,-0.48084965348243713,attack,no
4340,0,0,0.00048785706465354084,-8.202195167541504,-0.5771950483322144,attack,No
4341,0,0,0.00029595717303187557,-8.205073356628418,-0.08007355779409409,attack,No
4342,0,0,0.0011695101258020842,-7.384319305419922,-0.6343191862106323,attack,No
4343,0,0,0.03732689162774753,-3.8012733459472656,-0.5512734651565552,attack,No
4344,0,0,0.0028009273000822866,-6.453319072723389,-0.5783191919326782,attack,No
4345,0,0,0.0009110511672739408,-7.314767360687256,-0.31476733088493347,attack,no
4346,0,0,0.0015011825247663551,-7.19514274597168,-0.695142924785614,attack,no
4347,0,0,0.001501182301408549,-6.888974666595459,-0.38897469639778137,attack,no
4348,0,0,0.017986209435701905,-4.368955612182617,-0.3689555823802948,attack,no
4349,0,0,0.0019267345487064141,-6.945252895355225,-0.6952528357505798,attack,no
4350,0,0,0.0002959570297458992,-8.255287170410156,-0.13028688728809357,attack,No
4351,0,0,0.1480472055495773,-2.3913769721984863,-0.6413770318031311,attack,No
4352,0,0,0.0005527784393438672,-8.025284767150879,-0.5252844095230103,attack,No
4353,0,0,0.0019267351218117874,-6.726798057556152,-0.47679829597473145,attack,no
4354,0,0,0.004609572179374208,-5.853084087371826,-0.47808408737182617,attack,No
4355,0,0,0.0031726826539785367,-6.44600772857666,-0.6960076689720154,attack,no
4356,0,0,0.007577240371427665,-5.230606555938721,-0.35560643672943115,attack,No
4357,0,0,0.0008040860792954051,-7.702054500579834,-0.5770546793937683,attack,no
4358,0,0,0.0024726231566347748,-6.635838508605957,-0.635838508605957,attack,No
4359,0,0,0.01798620890931226,-4.536179065704346,-0.5361790060997009,attack,No
4360,0,0,0.001700722209038197,-6.900885105133057,-0.5258849859237671,attack,no
4361,0,0,0.18242553269617778,-2.1797728538513184,-0.6797729134559631,attack,No
4362,0,0,0.001926734204843272,-6.827883720397949,-0.5778834819793701,attack,no
4363,0,0,0.002182715990988994,-6.601962566375732,-0.4769623577594757,attack,no
4364,0,0,0.0015011820780507757,-7.078256130218506,-0.5782560110092163,attack,no
4365,0,0,0.004609571632403393,-5.903802871704102,-0.528802752494812,attack,No
4366,0,0,0.007577241267860811,-5.457588195800781,-0.5825881958007812,attack,No
4367,0,0,0.0028009273000822866,-6.453793048858643,-0.5787931680679321,attack,No
4368,0,0,0.01798620575097472,-4.645288467407227,-0.6452882289886475,attack,no
4369,0,0,0.005220126003077935,-5.887009143829346,-0.6370092034339905,attack,No
4370,0,0,0.008577483893094128,-5.3903703689575195,-0.6403701901435852,attack,No
4371,0,0,0.0035936022612815957,-6.057600975036621,-0.43260088562965393,attack,No
4372,0,0,0.0009110511130205339,-7.430521488189697,-0.4305213987827301,attack,no
4373,0,0,0.017986209962091555,-4.446998119354248,-0.44699811935424805,attack,no
4374,0,0,0.0005527788015734301,-8.076836585998535,-0.576836884021759,attack,no
4375,0,0,8.481101202720415e-05,-9.425773620605469,-0.050773270428180695,attack,No
4376,0,0,0.20181321265898594,-2.1241557598114014,-0.7491557002067566,attack,no
4377,0,0,0.0008040858398518034,-7.702337265014648,-0.5773371458053589,attack,No
4378,0,0,0.005220126312597491,-5.9473981857299805,-0.69739830493927,attack,no
4379,0,0,0.001032230913830316,-7.569426536560059,-0.694426417350769,attack,no
4380,0,0,0.0015011824354232285,-7.02503776550293,-0.5250378847122192,attack,No
4381,0,0,0.0017007227150309691,-6.763866901397705,-0.3888670802116394,attack,no
4382,0,0,0.00023050668593586877,-8.414278030395508,-0.03927787393331528,attack,No
4383,0,0,0.0028009266341596987,-6.401413440704346,-0.5264133214950562,attack,no
4384,0,0,0.004609572316116922,-5.854560852050781,-0.47956088185310364,attack,No
4385,0,0,0.0010322311289482067,-7.2632598876953125,-0.38825997710227966,attack,no
4386,0,0,0.002800926967120973,-6.353555202484131,-0.47855520248413086,attack,No
4387,0,0,0.037326888415033926,-3.6784911155700684,-0.42849114537239075,attack,no
4388,0,0,0.003172683219498529,-6.329356670379639,-0.5793567895889282,attack,No
4389,0,0,0.014063627043245474,-4.893104076385498,-0.643104076385498,attack,no
4390,0,0,0.02595735569077852,-4.07945442199707,-0.45445436239242554,attack,no
4391,0,0,0.06754668363133542,-3.307734489440918,-0.6827343702316284,attack,no
4392,0,0,0.0019267344340853601,-6.828456401824951,-0.5784562826156616,attack,No
4393,0,0,0.010986941335237732,-5.1418657302856445,-0.641865611076355,attack,No
4394,0,0,0.20181324146316565,-2.230386257171631,-0.8553863763809204,attack,no
4395,0,0,0.014063629935885703,-4.690736770629883,-0.4407369792461395,attack,No
4396,0,0,0.01406363034912007,-4.835691452026367,-0.5856916904449463,attack,No
4397,0,0,0.0953494648991095,-2.9485385417938232,-0.6985385417938232,attack,No
4398,0,0,0.015906394510857135,-4.828529357910156,-0.7035295367240906,attack,no
4399,0,0,0.0006263342280638786,-7.43863582611084,-0.0636359378695488,attack,No
4400,0,0,0.0028009266341596987,-6.400432109832764,-0.5254319906234741,attack,No
4401,0,0,0.0013250224960860068,-7.150283336639404,-0.5252833962440491,attack,no
4402,0,0,0.007577239923211134,-5.457046985626221,-0.5820468068122864,attack,No
4403,0,0,0.005220126003077935,-5.887575149536133,-0.6375752091407776,attack,No
4404,0,0,0.0021827164453451808,-6.650732517242432,-0.5257325172424316,attack,no
4405,0,0,0.0009110511944006454,-7.577184200286865,-0.5771842002868652,attack,no
4406,0,0,0.008577486934330109,-5.231803894042969,-0.4818040728569031,attack,No
4407,0,0,0.0019267344340853601,-6.7264909744262695,-0.47649085521698,attack,no
4408,0,0,0.0031726828424851893,-6.385765552520752,-0.635765552520752,attack,no
4409,0,0,0.010986941335237732,-5.140951156616211,-0.6409510374069214,attack,no
4410,0,0,0.0017007221078396608,-7.0699567794799805,-0.6949566006660461,attack,no
4411,0,0,0.22270013882530884,-1.9588299989700317,-0.7088299989700317,attack,No
4412,0,0,0.014063627869714051,-4.894113063812256,-0.6441131234169006,attack,No
4413,0,0,0.005911067980632537,-5.412078380584717,-0.28707823157310486,attack,no
4414,0,0,0.37754066879814546,-1.4827522039413452,-0.9827522039413452,attack,No
4415,0,0,0.007577241267860811,-5.514874458312988,-0.6398744583129883,attack,no
4416,0,0,0.029312230751356316,-4.001026153564453,-0.5010261535644531,attack,no
4417,0,0,0.005911067805510302,-5.7061285972595215,-0.5811284184455872,attack,No
4418,0,0,0.053403325280175794,-3.306403875350952,-0.431403785943985,attack,No
4419,0,0,0.0017007226138324027,-7.009678840637207,-0.6346789598464966,attack,no
4420,0,0,0.00010889690029147266,-9.205756187438965,-0.08075609803199768,attack,No
4421,0,0,0.006692852311177695,-5.393736362457275,-0.3937365710735321,attack,No
4422,0,0,0.02297736991002561,-4.399509429931641,-0.6495094299316406,attack,No
4423,0,0,0.004070137232672753,-5.853333473205566,-0.35333335399627686,attack,no
4424,0,0,0.002800926967120973,-6.4018874168396,-0.5268874168395996,attack,no
4425,0,0,0.0015011823907516671,-6.9756646156311035,-0.4756647050380707,attack,No
4426,0,0,0.001700722411435288,-6.952945709228516,-0.5779457092285156,attack,no
4427,0,0,0.00218271696460951,-6.556157112121582,-0.43115735054016113,attack,No
4428,0,0,0.005911068681121534,-5.5596818923950195,-0.43468186259269714,attack,no
4429,0,0,0.004609572726345088,-5.903483867645264,-0.5284839868545532,attack,no
4430,0,0,0.004609572999830552,-5.69307279586792,-0.31807297468185425,attack,No
4431,0,0,0.02595736021183377,-4.221546649932861,-0.5965467691421509,attack,No
4432,0,0,0.005911069906977476,-5.706094741821289,-0.5810949206352234,attack,No
4433,0,0,0.0017007220066411306,-6.763765335083008,-0.3887650966644287,attack,no
4434,0,0,0.0028009264676790765,-6.400766372680664,-0.5257661938667297,attack,No
4435,0,0,0.007577240371427665,-5.513737201690674,-0.6387370824813843,attack,No
4436,0,0,0.0011695099865486702,-7.384675025939941,-0.6346747875213623,attack,no
4437,0,0,0.0017007227656302545,-6.763759613037109,-0.3887598216533661,attack,no
4438,0,0,0.005911068856243796,-5.705846786499023,-0.5808467864990234,attack,No
4439,0,0,0.0017007226138324027,-6.952921390533447,-0.5779215097427368,attack,No
4440,0,0,0.0024726225685732036,-6.69521427154541,-0.695214033126831,attack,no
4441,0,0,0.009708476481474066,-5.210397720336914,-0.5853977203369141,attack,no
4442,0,0,0.0474258704848281,-3.6651363372802734,-0.6651362776756287,attack,No
4443,0,0,0.015906389379279733,-4.420053005218506,-0.2950528562068939,attack,No
4444,0,0,0.009708477627578704,-5.209033966064453,-0.5840340852737427,attack,No
4445,0,0,0.0004878570355891808,-7.675312519073486,-0.050312340259552,attack,No
4446,0,0,0.0017007221078396608,-6.901223182678223,-0.5262230038642883,attack,no
4447,0,0,0.0019267350071906994,-6.82809591293335,-0.5780960917472839,attack,no
4448,0,0,0.0028009273000822866,-6.454336166381836,-0.5793362855911255,attack,no
4449,0,0,0.2942149845400438,-1.7508890628814697,-0.8758891224861145,attack,No
4450,0,0,0.002472623671188763,-6.477581024169922,-0.4775812327861786,attack,No
4451,0,0,0.0019267347779485435,-6.776762008666992,-0.526762068271637,attack,no
4452,0,0,0.005220126003077935,-5.728974342346191,-0.4789744019508362,attack,No
4453,0,0,0.004070137232672753,-6.079370498657227,-0.579370379447937,attack,No
4454,0,0,0.005911069731855184,-5.51746940612793,-0.3924695551395416,attack,no
4455,0,0,0.00037998443551104746,-8.304430961608887,-0.42943075299263,attack,No
4456,0,0,0.0010322312826038706,-7.3997802734375,-0.5247805118560791,attack,no
4457,0,0,0.004609571905888793,-6.012966632843018,-0.6379665732383728,attack,no
4458,0,0,0.033085978388704126,-3.977229595184326,-0.6022295951843262,attack,no
4459,0,0,0.004609572999830552,-5.955829620361328,-0.5808297991752625,attack,No
4460,0,0,0.005220125384038879,-5.642053604125977,-0.3920535445213318,attack,No
4461,0,0,0.08509904964767095,-3.069180965423584,-0.6941810250282288,attack,No
4462,0,0,0.0015011821673938809,-7.077783584594727,-0.5777835249900818,attack,no
4463,0,0,0.006692850924284856,-5.637487411499023,-0.6374874114990234,attack,no
4464,0,0,0.004609572726345088,-5.954662322998047,-0.5796624422073364,attack,No
4465,0,0,0.0015011824354232285,-6.850490570068359,-0.3504906892776489,attack,No
4466,0,0,0.005911068155754778,-5.706530570983887,-0.5815304517745972,attack,No
4467,0,0,0.0373268852023206,-3.8569247722625732,-0.6069247126579285,attack,no
4468,0,0,0.08509904964767095,-3.0127451419830322,-0.637745201587677,attack,No
4469,0,0,0.0009110513029074721,-7.5768256187438965,-0.576825737953186,attack,No
4470,0,0,0.0011695103346822365,-7.3276591300964355,-0.5776591897010803,attack,no
4471,0,0,0.0015011821673938809,-6.975891590118408,-0.4758915305137634,attack,No
4472,0,0,0.0028009273000822866,-6.453799724578857,-0.578799843788147,attack,No
4473,0,0,0.0011695105435624257,-7.327089309692383,-0.5770895481109619,attack,No
4474,0,0,0.008577486427457372,-5.279806137084961,-0.5298062562942505,attack,No
4475,0,0,0.00048785732623285867,-8.100045204162598,-0.4750456213951111,attack,no
4476,0,0,0.20181323186177208,-2.22491455078125,-0.8499146103858948,attack,no
4477,0,0,0.004609572179374208,-5.9026408195495605,-0.5276408195495605,attack,no
4478,0,0,0.08509904500702024,-2.9625320434570312,-0.5875320434570312,attack,No
4479,0,0,0.0009110509773870306,-7.524279594421387,-0.5242793560028076,attack,No
4480,0,0,0.047425867792089564,-3.7270259857177734,-0.7270258665084839,attack,no
4481,0,0,0.009708478773683474,-5.156508445739746,-0.5315086841583252,attack,No
4482,0,0,0.020332349780873466,-4.5803046226501465,-0.7053044438362122,attack,no
4483,0,0,0.0031726828424851893,-6.140367031097412,-0.3903670310974121,attack,No
4484,0,0,0.022977367233847502,-4.45900821685791,-0.7090080976486206,attack,no
4485,0,0,0.003172683408005215,-6.447414398193359,-0.6974145770072937,attack,no
4486,0,0,0.006692851716795015,-5.638194561004639,-0.6381946802139282,attack,No
4487,0,0,0.0021827160558970152,-6.703469753265381,-0.5784695744514465,attack,no
4488,0,0,0.006692850131774789,-5.5817131996154785,-0.581713080406189,attack,no
4489,0,0,0.0024726233771578993,-6.316849231719971,-0.31684932112693787,attack,no
4490,0,1,0.851952809486198,-0.46109408140182495,-2.2110941410064697,attack,Yes
4491,0,0,0.017986206803753842,-4.705018997192383,-0.7050188183784485,attack,no
4492,0,0,0.16451644651115205,-2.380124092102051,-0.7551239728927612,attack,No
4493,0,0,0.005220126622117065,-5.831246852874756,-0.5812470316886902,attack,no
4494,0,0,0.009708477054526368,-5.208352565765381,-0.5833526253700256,attack,No
4495,0,0,0.0059110693816106135,-5.444360256195068,-0.3193603456020355,attack,No
4496,0,0,0.006692852113050128,-5.581313133239746,-0.5813133120536804,attack,No
4497,0,0,0.0011695104043089619,-7.226062297821045,-0.4760624170303345,attack,No
4498,0,0,0.0011695101258020842,-7.326861381530762,-0.5768612623214722,attack,No
4499,0,0,0.005220125074519377,-5.946961402893066,-0.6969612836837769,attack,no
4500,0,0,0.005911068856243796,-5.763671875,-0.638671875,attack,No
4501,0,0,0.0019267349498801579,-6.504737854003906,-0.2547380030155182,attack,no
4502,0,0,0.0028009273000822866,-6.352604389190674,-0.4776045083999634,attack,No
4503,0,0,0.000804086127184134,-7.649260520935059,-0.5242607593536377,attack,No
4504,0,0,0.004609571632403393,-5.956059455871582,-0.5810593366622925,attack,no
4505,0,0,0.02297737258620403,-4.293890476226807,-0.5438905954360962,attack,No
4506,0,0,0.005911068856243796,-5.764064311981201,-0.6390643119812012,attack,No
4507,0,0,0.000552778571063681,-8.133665084838867,-0.6336649656295776,attack,no
4508,0,0,0.0013250227327045727,-7.203008651733398,-0.5780088901519775,attack,no
4509,0,0,0.002472622642080892,-6.389358043670654,-0.3893578350543976,attack,no
4510,0,0,0.0024726237446964848,-6.389591217041016,-0.3895914554595947,attack,no
4511,0,0,0.0015011825247663551,-7.078255653381348,-0.578255832195282,attack,No
4512,0,0,0.3775406547908327,-1.4433040618896484,-0.9433040022850037,attack,No
4513,0,0,0.0019267343194643127,-6.884984970092773,-0.6349847912788391,attack,no
4514,0,0,0.0010322310060236924,-7.1901726722717285,-0.31517264246940613,attack,no
4515,0,0,7.484624423879647e-05,-9.579720497131348,-0.07972072064876556,attack,No
4516,0,0,0.0019267350071906994,-6.565590858459473,-0.315591037273407,attack,no
4517,0,0,0.06008665354025422,-3.424036979675293,-0.6740370392799377,attack,no
4518,0,0,0.5,-1.1355794668197632,-1.1355794668197632,attack,no
4519,0,0,0.000709670396458736,-7.307572364807129,-0.05757236108183861,attack,No
4520,0,0,0.0035936023679944244,-6.261148452758789,-0.6361483931541443,attack,no
4521,0,0,0.01590639357784294,-4.612709999084473,-0.4877101182937622,attack,No
4522,0,0,0.1645164792819756,-2.2392992973327637,-0.6142994165420532,attack,No
4523,0,0,0.005220126003077935,-5.831032752990723,-0.5810328125953674,attack,No
4524,0,0,0.06008664344151498,-3.368910312652588,-0.6189101934432983,attack,No
4525,0,0,0.03308597457504463,-4.08947229385376,-0.7144721746444702,attack,no
4526,0,0,0.0015011822567369915,-7.07783842086792,-0.5778384208679199,attack,No
4527,0,0,0.0015011824800947912,-6.930455207824707,-0.43045535683631897,attack,no
4528,0,0,0.004070137232672753,-5.852738857269287,-0.35273873805999756,attack,No
4529,0,0,0.0017007225126338423,-7.070193290710449,-0.695193350315094,attack,no
4530,0,0,0.007577240371427665,-5.355265140533447,-0.4802650213241577,attack,No
4531,0,0,0.0013250226538317129,-7.320247650146484,-0.6952478289604187,attack,no
4532,0,0,0.020332355717182622,-4.41422176361084,-0.5392218828201294,attack,No
4533,0,0,0.009708476481474066,-5.109140396118164,-0.48414039611816406,attack,No
4534,0,0,0.0011695101606154403,-7.138264179229736,-0.38826408982276917,attack,no
4535,0,0,0.0006263342327275096,-7.849780082702637,-0.47478020191192627,attack,No
4536,0,0,0.0015011820780507757,-6.977347373962402,-0.4773472547531128,attack,no
4537,0,0,0.006692852311177695,-5.4360761642456055,-0.4360763728618622,attack,no
4538,0,1,0.754914975839675,-0.6077936291694641,-1.7327935695648193,attack,Yes
4539,0,0,0.0046095724528596406,-6.01181173324585,-0.6368117928504944,attack,No
4540,0,0,0.00033535006552588696,-8.12758731842041,-0.12758712470531464,attack,No
4541,0,0,0.06008665017400762,-3.380392551422119,-0.6303925514221191,attack,no
4542,0,0,0.01590639031229368,-4.525099277496338,-0.4000991880893707,attack,No
4543,0,0,0.1480472055495773,-2.446126699447632,-0.6961267590522766,attack,no
4544,0,0,0.005220126312597491,-5.830175399780273,-0.580175518989563,attack,no
4545,0,1,0.5312093733737563,-1.0296540260314941,-1.1546540260314941,attack,Yes
4546,0,0,0.0010322310367548194,-7.158120632171631,-0.28312063217163086,attack,no
4547,0,0,0.0019267345487064141,-6.884843826293945,-0.6348437666893005,attack,No
4548,0,0,0.000261190202365071,-8.564094543457031,-0.31409409642219543,attack,no
4549,0,0,0.00522012445548043,-5.778648376464844,-0.5286481380462646,attack,no
4550,0,0,0.014063628696182679,-4.838727951049805,-0.5887280702590942,attack,no
4551,0,0,0.04742587587030561,-3.725578784942627,-0.7255788445472717,attack,no
4552,0,0,0.0002959572259374844,-8.21526050567627,-0.09026088565587997,attack,No
4553,0,0,0.010986944573626636,-4.861416816711426,-0.3614169955253601,attack,no
4554,0,0,0.004070137715896127,-6.196928977966309,-0.6969289779663086,attack,no
4555,0,0,0.000804086031406679,-7.702117919921875,-0.5771180391311646,attack,no
4556,0,0,0.0005527785216687471,-7.887563705444336,-0.3875634968280792,attack,No
4557,0,0,0.2227001594610082,-2.1080079078674316,-0.8580080270767212,attack,no
4558,0,0,0.0011695103346822365,-7.225159168243408,-0.475159227848053,attack,No
4559,0,0,0.009708474762317362,-5.107661247253418,-0.48266106843948364,attack,No
4560,0,0,0.005220125074519377,-5.94816780090332,-0.6981676816940308,attack,no
4561,0,0,0.004609571632403393,-6.012949466705322,-0.6379493474960327,attack,no
4562,0,0,0.010986940687560063,-5.031658172607422,-0.5316579937934875,attack,No
4563,0,0,0.0019267348925696179,-6.885161876678467,-0.6351619958877563,attack,No
4564,0,0,0.01590639357784294,-4.660675048828125,-0.5356751680374146,attack,No
4565,0,0,0.006692852509305267,-5.528946876525879,-0.528947114944458,attack,No
4566,0,0,0.004609571905888793,-6.072298526763916,-0.6972984671592712,attack,no
4567,0,0,0.0017007221078396608,-6.953001976013184,-0.5780017971992493,attack,no
4568,0,0,0.005911069906977476,-5.706571102142334,-0.5815712809562683,attack,no
4569,0,0,0.02595735719779685,-4.333949089050293,-0.708949089050293,attack,no
4570,0,0,0.004070138319925425,-5.932453155517578,-0.43245330452919006,attack,No
4571,0,0,0.0059110692064883365,-5.8226799964904785,-0.6976800560951233,attack,no
4572,0,0,0.003593603008271459,-6.016971111297607,-0.391971230506897,attack,no
4573,0,0,0.24508501313237172,-1.8923324346542358,-0.7673324346542358,attack,No
4574,0,0,0.00012339455300503912,-9.071146965026855,-0.07114677876234055,attack,No
4575,0,0,0.005911068155754778,-5.708530426025391,-0.5835303068161011,attack,no
4576,0,0,0.001700722209038197,-7.009271621704102,-0.634271502494812,attack,No
4577,0,0,0.0017007227150309691,-7.069656848907471,-0.694657027721405,attack,no
4578,0,0,0.0003799845713524582,-8.15700912475586,-0.2820092737674713,attack,no
4579,0,0,0.004609572179374208,-5.854554176330566,-0.4795541763305664,attack,no
4580,0,0,0.002182716899701462,-6.601387977600098,-0.47638818621635437,attack,no
4581,0,0,0.0006263341394548992,-7.724678039550781,-0.34967800974845886,attack,No
4582,0,0,0.003172683408005215,-6.387588024139404,-0.6375882029533386,attack,No
4583,0,0,0.0017007220572403947,-6.805805683135986,-0.4308054745197296,attack,no
4584,0,0,0.0013250223383403197,-7.31995153427124,-0.6949514746665955,attack,no
4585,0,0,0.0015011819887076757,-6.975769996643066,-0.4757698178291321,attack,no
4586,0,0,0.0031726824654718946,-6.446110725402832,-0.6961106061935425,attack,no
4587,0,0,0.002182716380437148,-6.4763593673706055,-0.3513593375682831,attack,no
4588,0,0,0.000804086127184134,-7.702335357666016,-0.5773355960845947,attack,no
4589,0,0,0.0019267345487064141,-6.726546287536621,-0.4765462279319763,attack,No
4590,0,0,0.001700722816229541,-7.0094804763793945,-0.6344807147979736,attack,no
4591,0,0,0.005911069906977476,-5.705852508544922,-0.5808526873588562,attack,No
4592,0,0,0.005911068505999277,-5.7627272605896,-0.6377272009849548,attack,no
4593,0,0,0.0009110511944006454,-7.635007381439209,-0.635007381439209,attack,No
4594,0,0,0.008577486427457372,-5.3896589279174805,-0.63965904712677,attack,No
4595,0,0,0.0013250224172131609,-7.320324420928955,-0.6953244209289551,attack,no
4596,0,0,0.11920292828022305,-2.6190555095672607,-0.6190555691719055,attack,no
4597,0,0,0.24508500210441886,-1.773381233215332,-0.6483811736106873,attack,No
4598,0,0,0.022977365895758564,-4.458771705627441,-0.7087715268135071,attack,no
4599,0,0,0.0075772408196442265,-5.573231220245361,-0.6982311606407166,attack,no
4600,0,0,0.0007096704836398597,-7.724970817565918,-0.4749709367752075,attack,No
4601,0,0,0.0011695104043089619,-7.383976936340332,-0.6339770555496216,attack,no
4602,0,0,0.004070137715896127,-6.13632345199585,-0.6363234519958496,attack,no
4603,0,0,0.0010322310367548194,-7.508886814117432,-0.6338868141174316,attack,no
4604,0,0,0.4073334000459302,-1.3458446264266968,-0.9708446264266968,attack,no
4605,0,0,0.009708475908421797,-5.209164142608643,-0.5841640830039978,attack,No
4606,0,0,0.0031726835965119127,-6.384925842285156,-0.6349260807037354,attack,No
4607,0,0,0.006692849339264817,-5.582048416137695,-0.5820481777191162,attack,No
4608,0,0,0.004609572999830552,-6.07267951965332,-0.6976796984672546,attack,no
4609,0,0,0.0004878568902674067,-8.201553344726562,-0.5765528678894043,attack,no
4610,0,0,0.001700722209038197,-6.805646896362305,-0.43064677715301514,attack,no
4611,0,0,0.0006263340088732682,-7.804773330688477,-0.42977309226989746,attack,no
4612,0,0,0.000295957007701909,-8.438787460327148,-0.3137871026992798,attack,No
4613,0,0,0.009708474189265195,-5.264531135559082,-0.6395308971405029,attack,no
4614,0,0,0.029312227359491745,-4.212592124938965,-0.7125920057296753,attack,no
4615,0,0,0.005220126003077935,-5.948223114013672,-0.6982231736183167,attack,no
4616,0,0,0.0040701384407312935,-6.0274248123168945,-0.5274249911308289,attack,no
4617,0,0,0.0007096704836398597,-7.774844646453857,-0.524844765663147,attack,no
4618,0,0,0.0028009267174000135,-6.308098793029785,-0.433098703622818,attack,no
4619,0,0,0.053403329799824234,-3.4388771057128906,-0.5638771057128906,attack,No
4620,0,1,0.679178699175393,-0.7762523889541626,-1.5262523889541626,attack,Yes
4621,0,0,0.002472623303650189,-6.578285217285156,-0.578285276889801,attack,No
4622,0,0,0.0011695103346822365,-7.225886344909668,-0.47588640451431274,attack,no
4623,0,0,0.004609571632403393,-5.63121223449707,-0.25621211528778076,attack,No
4624,0,0,0.002800927133601626,-6.510132789611816,-0.6351328492164612,attack,no
4625,0,0,0.0031726822769652645,-6.328493595123291,-0.5784934163093567,attack,No
4626,0,0,0.0028009264676790765,-6.453547954559326,-0.5785477757453918,attack,no
4627,0,0,0.0040701369910610885,-6.027095317840576,-0.5270951390266418,attack,no
4628,0,0,0.009708477627578704,-5.064255714416504,-0.43925583362579346,attack,no
4629,0,0,0.0013250225749588576,-7.20327615737915,-0.5782762765884399,attack,No
4630,0,0,0.0019267343194643127,-6.726524353027344,-0.4765241742134094,attack,no
4631,0,0,9.610238686147898e-05,-9.410560607910156,-0.16056030988693237,attack,no
4632,0,0,0.004609571632403393,-5.955921173095703,-0.5809210538864136,attack,no
4633,0,1,0.798186768138228,-0.5020650029182434,-1.8770649433135986,attack,Yes
4634,0,0,0.0024726237446964848,-6.695772171020508,-0.6957724094390869,attack,no
4635,0,0,0.0035936021545687705,-6.103534698486328,-0.4785345792770386,attack,No
4636,0,0,0.009708474189265195,-5.210393905639648,-0.5853936672210693,attack,No
4637,0,0,0.008577486934330109,-5.451653957366943,-0.7016541361808777,attack,no
4638,0,0,0.01798621259404007,-4.402594566345215,-0.4025947153568268,attack,No
4639,0,0,0.0017007225126338423,-6.952570915222168,-0.5775709748268127,attack,no
4640,0,0,0.0013250221017218242,-6.907988548278809,-0.2829883098602295,attack,no
4641,0,0,0.0021827164453451808,-6.703728675842285,-0.5787286758422852,attack,No
4642,0,0,0.0031726820884586454,-6.227085113525391,-0.4770848751068115,attack,no
4643,0,0,0.0007096704413702227,-7.774288654327393,-0.5242887139320374,attack,no
4644,0,0,0.00013982201835879179,-8.930834770202637,-0.05583436042070389,attack,No
4645,0,0,0.0028009273000822866,-6.35292387008667,-0.4779239892959595,attack,no
4646,0,0,0.0040701374742844335,-6.19718074798584,-0.6971806883811951,attack,no
4647,0,0,0.0013250221805946513,-7.319817066192627,-0.6948168873786926,attack,no
4648,0,0,0.033085978388704126,-3.9755260944366455,-0.6005260944366455,attack,No
4649,0,0,0.0019267350645012428,-6.725876808166504,-0.4758770167827606,attack,no
4650,0,0,0.008577486934330109,-5.388769149780273,-0.6387693285942078,attack,No
4651,0,0,0.0015011821673938809,-6.888533115386963,-0.3885330557823181,attack,no
4652,0,0,0.13296424019782924,-2.6610448360443115,-0.7860448360443115,attack,no
4653,0,0,0.008577486427457372,-5.188736438751221,-0.43873655796051025,attack,No
4654,0,0,0.0059110692064883365,-5.823039531707764,-0.6980395913124084,attack,no
4655,0,0,0.0011695104043089619,-7.2749528884887695,-0.5249530076980591,attack,No
4656,0,0,0.007577240371427665,-5.516717910766602,-0.641717791557312,attack,no
4657,0,0,0.000911051248654057,-7.577035903930664,-0.5770359635353088,attack,No
4658,0,0,0.0021827164453451808,-6.652342796325684,-0.5273427963256836,attack,No
4659,0,0,0.0015011824354232285,-7.077771186828613,-0.5777713060379028,attack,no
4660,0,0,0.0010322308523680697,-7.508957862854004,-0.6339576840400696,attack,no
4661,0,0,0.007577241828131579,-4.909865379333496,-0.03486545383930206,attack,No
4662,0,0,0.20181321265898594,-2.120854377746582,-0.7458543181419373,attack,no
4663,0,0,0.015906394510857135,-4.76882266998291,-0.6438228487968445,attack,No
4664,0,0,0.009708477054526368,-5.157268524169922,-0.5322685837745667,attack,no
4665,0,0,0.001032230913830316,-7.4527506828308105,-0.577750563621521,attack,no
4666,0,0,0.0017007220066411306,-7.009718894958496,-0.634718656539917,attack,no
4667,0,0,0.0013250224172131609,-7.203695774078369,-0.5786957740783691,attack,No
4668,0,0,0.0028009274665629583,-6.571372032165527,-0.6963722109794617,attack,no
4669,0,0,0.02033235096813516,-4.278629779815674,-0.4036296606063843,attack,No
4670,0,0,0.004070138199119559,-6.080109119415283,-0.5801092386245728,attack,no
4671,0,0,0.0011695103346822365,-7.225598335266113,-0.47559839487075806,attack,no
4672,0,0,0.0017007220066411306,-6.690223693847656,-0.31522345542907715,attack,no
4673,0,0,0.0015011822567369915,-7.194854259490967,-0.6948542594909668,attack,no
4674,0,0,0.025957363225871038,-4.276578903198242,-0.6515791416168213,attack,No
4675,0,0,0.003172682371218578,-6.102431297302246,-0.35243114829063416,attack,no
4676,0,0,0.0015011822567369915,-7.134337425231934,-0.6343374252319336,attack,no
4677,0,0,0.002472622715588583,-6.579694747924805,-0.5796945691108704,attack,No
4678,0,0,0.0013250221805946513,-7.259359359741211,-0.6343591809272766,attack,No
4679,0,0,0.0004878572681041092,-8.318927764892578,-0.693928062915802,attack,no
4680,0,0,0.003593603008271459,-6.152387619018555,-0.5273877382278442,attack,No
4681,0,0,0.047425867792089564,-3.185777187347412,-0.18577706813812256,attack,No
4682,0,0,0.014063626216776943,-4.954569339752197,-0.7045692801475525,attack,no
4683,0,0,0.0011695104043089619,-7.38395357131958,-0.6339536905288696,attack,No
4684,0,0,0.020332349780873466,-4.467932224273682,-0.5929320454597473,attack,No
4685,0,0,0.01243164865786858,-4.738104343414307,-0.3631041646003723,attack,No
4686,0,0,0.0009110510316404296,-7.52479887008667,-0.5247986912727356,attack,No
4687,0,0,0.003593603008271459,-6.204658508300781,-0.5796586275100708,attack,No
4688,0,0,0.005220125074519377,-5.777838230133057,-0.5278381109237671,attack,No
4689,0,0,0.0040701374742844335,-6.079962730407715,-0.5799626708030701,attack,No
4690,0,0,4.539787005533491e-05,-10.127400398254395,-0.12740042805671692,attack,No
4691,0,0,0.0019267346633274755,-6.828270435333252,-0.578270435333252,attack,No
4692,0,0,0.0021827163155291175,-6.820001125335693,-0.6950010657310486,attack,no
4693,0,0,0.0013250221411582371,-7.013946533203125,-0.3889463245868683,attack,No
4694,0,0,0.01243165231673086,-4.960169792175293,-0.5851699113845825,attack,no
4695,0,0,0.02297736991002561,-4.398565292358398,-0.6485652923583984,attack,No
4696,0,0,0.0035936034351228795,-6.204401016235352,-0.5794012546539307,attack,No
4697,0,0,0.09534945975773548,-2.860433340072632,-0.6104332804679871,attack,no
4698,0,0,0.0017007220066411306,-6.805558204650879,-0.4305579662322998,attack,No
4699,0,0,0.002182716185713063,-6.703577518463135,-0.5785773992538452,attack,no
4700,0,0,0.0035936021545687705,-6.103736877441406,-0.4787367582321167,attack,No
4701,0,0,0.00033535017042992505,-8.576729774475098,-0.5767298936843872,attack,no
4702,0,0,0.00218271696460951,-6.760227203369141,-0.6352274417877197,attack,No
4703,0,0,0.0031726835965119127,-6.228143692016602,-0.47814393043518066,attack,no
4704,0,0,0.009708476481474066,-5.107240200042725,-0.4822402000427246,attack,No
4705,0,0,0.009708474762317362,-5.32556676864624,-0.7005665898323059,attack,no
4706,0,0,0.0021827165751612514,-6.602611064910889,-0.47761112451553345,attack,No
4707,0,0,0.0850990542883219,-3.0155177116394043,-0.6405178308486938,attack,No
4708,0,0,0.00218271670497733,-6.704520225524902,-0.5795203447341919,attack,no
4709,0,0,0.005220126622117065,-5.778783798217773,-0.5287839770317078,attack,No
4710,0,0,0.0019267343194643127,-6.680774211883545,-0.4307740330696106,attack,No
4711,0,0,0.0011695105435624257,-7.3843584060668945,-0.6343586444854736,attack,no
4712,0,0,0.0007096703991005882,-7.7252373695373535,-0.4752373695373535,attack,No
4713,0,0,0.0021827166400692896,-6.601574420928955,-0.47657451033592224,attack,No
4714,0,0,0.0002959571840538766,-8.599691390991211,-0.47469162940979004,attack,No
4715,0,0,0.3208212878370535,-1.554734706878662,-0.8047346472740173,attack,no
4716,0,0,0.042087723109535534,-3.6329731941223145,-0.5079730749130249,attack,No
4717,0,0,0.022977371917159397,-4.084536075592041,-0.3345361649990082,attack,No
4718,0,0,0.003172683408005215,-6.329225540161133,-0.5792257189750671,attack,No
4719,0,0,0.004609571905888793,-5.902467250823975,-0.5274671912193298,attack,no
4720,0,0,0.0008040858398518034,-7.648866653442383,-0.5238665342330933,attack,No
4721,0,0,0.20181321265898594,-2.067526340484619,-0.6925262808799744,attack,No
4722,0,0,0.0013250226932681422,-7.013782024383545,-0.38878223299980164,attack,no
4723,0,0,0.005220126931636656,-5.829967498779297,-0.579967737197876,attack,No
4724,0,0,0.007577241267860811,-5.406068801879883,-0.5310688018798828,attack,no
4725,0,0,0.0046095727605307705,-5.492763519287109,-0.11776364594697952,attack,No
4726,0,0,0.00522012445548043,-5.886723518371582,-0.6367232799530029,attack,no
4727,0,0,0.009708474475791274,-5.0203680992126465,-0.39536789059638977,attack,no
4728,0,0,0.003172682371218578,-6.035876750946045,-0.285876601934433,attack,no
4729,0,0,0.01406362456384003,-4.736369609832764,-0.48636943101882935,attack,No
4730,0,0,0.0007096704625050409,-7.599618911743164,-0.3496190011501312,attack,no
4731,0,0,0.004609572999830552,-5.955105781555176,-0.5801059603691101,attack,no
4732,0,0,0.0006263341394548992,-7.850031852722168,-0.4750318229198456,attack,No
4733,0,0,0.002472623524173327,-6.065061092376709,-0.06506124138832092,attack,No
4734,0,0,0.008577486934330109,-5.333050727844238,-0.5830509066581726,attack,No
4735,0,0,0.0021827164453451808,-6.703207492828369,-0.5782074928283691,attack,No
4736,0,0,0.0015011825694379204,-6.889328956604004,-0.3893291652202606,attack,No
4737,0,0,0.004070138199119559,-6.197641849517822,-0.6976419687271118,attack,no
4738,0,0,0.005220125384038879,-5.8888373374938965,-0.6388372778892517,attack,no
4739,0,0,0.0035936017277175022,-6.261272430419922,-0.6362721920013428,attack,no
4740,0,0,0.0028009264676790765,-6.4534149169921875,-0.5784147381782532,attack,no
4741,0,0,0.0159063879797589,-4.488129615783691,-0.3631293773651123,attack,No
4742,0,0,0.006692850131774789,-5.580993175506592,-0.5809930562973022,attack,no
4743,0,0,0.012431653780276067,-4.960503578186035,-0.5855038166046143,attack,No
4744,0,0,0.0031726824654718946,-6.329818248748779,-0.5798181295394897,attack,no
4745,0,1,0.8175744939732856,-0.5597485303878784,-2.059748649597168,attack,Yes
4746,0,0,0.007577241940185738,-5.230453968048096,-0.35545405745506287,attack,No
4747,0,0,0.0035936021545687705,-5.881930828094482,-0.25693070888519287,attack,No
4748,0,0,0.005911068505999277,-5.706290245056152,-0.5812901854515076,attack,no
4749,0,0,0.0017007225126338423,-6.952558994293213,-0.5775590538978577,attack,no
4750,0,0,0.014063627869714051,-4.785921096801758,-0.5359211564064026,attack,no
4751,0,0,0.003172683219498529,-6.328984260559082,-0.5789843797683716,attack,No
4752,0,0,0.009708477627578704,-5.020617485046387,-0.39561760425567627,attack,No
4753,0,0,0.006692850924284856,-5.698790073394775,-0.6987900733947754,attack,no
4754,0,0,0.0021827168347934166,-6.8210039138793945,-0.6960040926933289,attack,no
4755,0,0,0.0010322308830991924,-7.30580997467041,-0.4308098256587982,attack,no
4756,0,0,0.006692852113050128,-5.58172607421875,-0.5817262530326843,attack,No
4757,0,0,0.0010322308216369478,-7.2641072273254395,-0.38910701870918274,attack,no
4758,0,0,0.0028009264676790765,-6.402960777282715,-0.5279605984687805,attack,No
4759,0,0,0.2689414213699951,-1.9148255586624146,-0.9148255586624146,attack,no
4760,0,0,0.005220125074519377,-5.830108642578125,-0.5801085233688354,attack,no
4761,0,0,0.00359360332841002,-6.015202522277832,-0.39020273089408875,attack,No
4762,0,0,0.16451647108926923,-2.3160834312438965,-0.6910834908485413,attack,no
4763,0,0,0.0019267343194643127,-6.827739238739014,-0.5777390599250793,attack,no
4764,0,0,0.005911067455265844,-5.7645978927612305,-0.6395976543426514,attack,No
4765,0,1,0.5312093733737563,-1.088855504989624,-1.213855504989624,attack,Yes
4766,0,0,0.0007096704836398597,-7.944235801696777,-0.6942359209060669,attack,no
4767,0,0,0.004070137232672753,-6.136112689971924,-0.6361125707626343,attack,No
4768,0,0,0.004609571358918011,-5.956920623779297,-0.5819204449653625,attack,no
4769,0,0,0.003172682748231862,-6.227273464202881,-0.47727343440055847,attack,No
4770,0,0,0.11920292202211755,-2.593674898147583,-0.593674898147583,attack,no
4771,0,0,0.0953494648991095,-3.0108931064605713,-0.7608931064605713,attack,no
4772,0,0,0.0059110692064883365,-5.762910842895508,-0.6379109025001526,attack,No
4773,0,0,0.002472623009619369,-6.695562362670898,-0.6955623030662537,attack,no
4774,0,0,0.0024726235976810437,-6.696514129638672,-0.6965143084526062,attack,no
4775,0,0,0.004070137595090279,-5.932915210723877,-0.43291518092155457,attack,No
4776,0,0,0.06008665354025422,-3.3700571060180664,-0.6200571656227112,attack,No
4777,0,0,0.014063626216776943,-4.836548805236816,-0.5865487456321716,attack,No
4778,0,0,0.0019267344340853601,-6.315102577209473,-0.0651024580001831,attack,No
4779,0,0,0.0017007226138324027,-7.009298324584961,-0.6342984437942505,attack,No
4780,0,0,0.005220125848318164,-5.642572402954102,-0.39257243275642395,attack,No
4781,0,0,0.006692849537392301,-5.480709075927734,-0.48070886731147766,attack,no
4782,0,0,0.005220125693558397,-5.832265853881836,-0.5822658538818359,attack,no
4783,0,0,0.0059110692064883365,-5.822250843048096,-0.6972509026527405,attack,no
4784,0,0,0.4073334000459302,-1.31365966796875,-0.93865966796875,attack,No
4785,0,0,0.006692852113050128,-5.580967426300049,-0.5809676051139832,attack,no
4786,0,0,0.02595736171885236,-4.277167320251465,-0.6521674990653992,attack,no
4787,0,0,0.0007096704413702227,-7.724968910217285,-0.47496896982192993,attack,No
4788,0,0,0.00218271670497733,-6.601776123046875,-0.47677624225616455,attack,no
4789,0,0,0.04742587317756679,-3.510941982269287,-0.5109419822692871,attack,No
4790,0,1,0.754914997895581,-0.5917143225669861,-1.7167143821716309,attack,Yes
4791,0,0,0.02297737258620403,-4.399524211883545,-0.6495243310928345,attack,No
4792,0,0,0.1480472055495773,-2.4460647106170654,-0.6960647702217102,attack,no
4793,0,0,0.0006263343073456077,-7.9519243240356445,-0.5769245624542236,attack,no
4794,0,0,0.0010322311596793377,-7.3997015953063965,-0.524701714515686,attack,No
4795,0,0,0.05340332377362639,-3.5484914779663086,-0.673491358757019,attack,No
4796,0,0,0.002800926800640331,-6.5111846923828125,-0.6361846327781677,attack,No
4797,0,0,0.00280092763304364,-6.454570770263672,-0.579571008682251,attack,No
4798,0,0,0.0035936027948457686,-6.261306285858154,-0.6363063454627991,attack,no
4799,0,0,0.0040701384407312935,-6.1962127685546875,-0.6962129473686218,attack,no
4800,0,0,0.001169510439122326,-7.13829231262207,-0.38829246163368225,attack,No
4801,0,0,0.003172683219498529,-6.278149604797363,-0.5281497240066528,attack,No
4802,0,0,0.18242550602671442,-2.267972946166992,-0.7679728269577026,attack,No
4803,0,0,0.002472622862603971,-6.578507900238037,-0.5785077810287476,attack,No
4804,0,0,0.0015011820780507757,-7.077995777130127,-0.5779956579208374,attack,No
4805,0,0,0.0017007225126338423,-6.658404350280762,-0.2834044098854065,attack,No
4806,0,0,0.0009110510858938316,-7.388506889343262,-0.38850677013397217,attack,no
4807,0,0,0.0010322308523680697,-7.189813613891602,-0.31481343507766724,attack,no
4808,0,0,0.00037998467323354827,-8.451904296875,-0.5769047141075134,attack,no
4809,0,0,0.033085981248949035,-3.6893625259399414,-0.31436261534690857,attack,No
4810,0,0,0.005220125693558397,-5.6845574378967285,-0.4345574378967285,attack,No
4811,0,0,0.0013250224960860068,-7.14959192276001,-0.5245919823646545,attack,No
4812,0,1,0.6224593452091672,-0.7707666754722595,-1.2707667350769043,attack,Yes
4813,0,0,0.009708477054526368,-5.155939102172852,-0.5309391617774963,attack,No
4814,0,0,0.017986209962091555,-4.645676136016846,-0.6456761360168457,attack,no
4815,0,0,0.0019267343767748358,-6.7267351150512695,-0.4767349660396576,attack,no
4816,0,0,0.0035936021545687705,-6.152534008026123,-0.5275338888168335,attack,No
4817,0,0,0.0013250226932681422,-7.100754737854004,-0.4757549464702606,attack,no
4818,0,0,0.0009110511944006454,-7.577608585357666,-0.577608585357666,attack,No
4819,0,0,0.0013250226538317129,-7.258986473083496,-0.6339866518974304,attack,No
4820,0,0,0.0011695101258020842,-7.327971935272217,-0.5779718160629272,attack,No
4821,0,0,0.0008040859835179557,-7.600651741027832,-0.4756518006324768,attack,No
4822,0,0,0.0009110511401472368,-7.634867191314697,-0.6348671317100525,attack,No
4823,0,0,0.005220126931636656,-5.780063629150391,-0.5300638675689697,attack,No
4824,0,0,0.2689414213699951,-1.8325685262680054,-0.8325685262680054,attack,no
4825,0,0,0.0024726231566347748,-6.577646732330322,-0.5776467323303223,attack,No
4826,0,0,0.042087723109535534,-3.7326364517211914,-0.6076363325119019,attack,No
4827,0,0,0.0024726235976810437,-6.696432113647461,-0.6964322924613953,attack,no
4828,0,0,0.020332358091706755,-4.4677629470825195,-0.5927631855010986,attack,No
4829,0,0,0.0031726830309918535,-6.445713043212891,-0.6957131028175354,attack,no
4830,0,0,0.020332349780873466,-4.36769437789917,-0.4926941990852356,attack,No
4831,0,0,0.0017007221078396608,-6.95332145690918,-0.5783212780952454,attack,no
4832,0,0,0.004609572726345088,-5.954806804656982,-0.579806923866272,attack,No
4833,0,0,0.004609572999830552,-6.072524070739746,-0.6975242495536804,attack,no
4834,0,0,0.01098694263059318,-5.0316081047058105,-0.5316081047058105,attack,No
4835,0,0,0.0007096704836398597,-7.774479866027832,-0.5244799852371216,attack,No
4836,0,0,0.02595736171885236,-4.27839994430542,-0.6534001231193542,attack,no
4837,0,0,0.0031726824654718946,-6.447822570800781,-0.6978224515914917,attack,no
4838,0,0,0.0011695105435624257,-7.444151878356934,-0.6941521167755127,attack,no
4839,0,0,0.0031726826539785367,-6.446094512939453,-0.6960944533348083,attack,no
4840,0,1,0.6224593312018546,-0.9721742868423462,-1.4721742868423462,attack,Yes
4841,0,0,0.0005527785052037703,-8.076991081237793,-0.5769908428192139,attack,No
4842,0,0,0.007577240371427665,-5.573838710784912,-0.6988385915756226,attack,no
4843,0,0,0.0046095714956607,-5.808757305145264,-0.43375715613365173,attack,no
4844,0,0,0.00023050668765288156,-8.723993301391602,-0.3489931523799896,attack,no
4845,0,0,0.11920293453832885,-2.566643714904785,-0.5666438341140747,attack,No
4846,0,0,0.0028009263011984638,-6.570812225341797,-0.6958119869232178,attack,no
4847,0,0,0.007577242388402388,-5.311808109283447,-0.4368082582950592,attack,No
4848,0,0,0.010986944573626636,-5.031546592712402,-0.5315467715263367,attack,No
4849,0,0,0.002182716185713063,-6.703632831573486,-0.5786327123641968,attack,No
4850,0,0,0.001700722411435288,-6.852745532989502,-0.47774553298950195,attack,no
4851,0,0,0.014063626216776943,-4.892546653747559,-0.6425465941429138,attack,No
4852,0,0,0.005911068505999277,-5.6538166999816895,-0.5288166403770447,attack,no
4853,0,0,0.006692850924284856,-5.581420421600342,-0.5814204216003418,attack,No
4854,0,0,0.00043055715828107903,-8.137796401977539,-0.3877965807914734,attack,no
4855,0,0,0.00280092763304364,-6.510414123535156,-0.6354143619537354,attack,No
4856,0,0,0.0031726822769652645,-6.276406288146973,-0.5264061093330383,attack,no
4857,0,0,0.006692851716795015,-5.638115406036377,-0.6381155252456665,attack,no
4858,0,0,0.06008665354025422,-3.484868049621582,-0.7348681092262268,attack,no
4859,0,0,0.06008665354025422,-2.9115793704986572,-0.161579430103302,attack,No
4860,0,0,0.0031726830309918535,-6.329353332519531,-0.579353392124176,attack,no
4861,0,0,0.006692850131774789,-5.580952167510986,-0.5809520483016968,attack,No
4862,0,0,0.017986212067650338,-4.589552879333496,-0.5895529985427856,attack,No
4863,0,0,0.0006263342700365574,-7.899681568145752,-0.5246817469596863,attack,no
4864,0,0,0.00026119038524311,-8.350979804992676,-0.10098005831241608,attack,No
4865,0,0,0.0011695102650555148,-7.102046012878418,-0.35204601287841797,attack,No
4866,0,0,0.008577484399966718,-5.333189010620117,-0.5831888914108276,attack,no
4867,0,0,0.020332356904444657,-4.521891117095947,-0.6468912959098816,attack,No
4868,0,0,0.020332352749027827,-4.2062530517578125,-0.3312530219554901,attack,No
4869,0,0,0.006692852509305267,-5.435074806213379,-0.435075044631958,attack,No
4870,0,0,0.06754669489377622,-3.0662295818328857,-0.4412296414375305,attack,No
4871,0,0,0.025957351169724027,-4.2235822677612305,-0.5985820293426514,attack,no
4872,0,0,0.0004305570556724632,-8.327120780944824,-0.5771207213401794,attack,No
4873,0,0,0.003593603221697163,-6.261353492736816,-0.6363536715507507,attack,No
4874,0,0,0.005220125074519377,-5.830943584442139,-0.5809434652328491,attack,no
4875,0,0,0.20181323186177208,-2.113253355026245,-0.7382534146308899,attack,No
4876,0,0,0.006692849339264817,-5.4805908203125,-0.4805905818939209,attack,no
4877,0,0,0.0011695102650555148,-7.3279266357421875,-0.5779266357421875,attack,no
4878,0,0,0.000158436181334377,-9.326773643493652,-0.5767734050750732,attack,No
4879,0,0,0.0024726225685732036,-6.635354995727539,-0.63535475730896,attack,No
4880,0,0,0.0059110692064883365,-5.707733154296875,-0.5827332139015198,attack,no
4881,0,0,0.020332356904444657,-4.522080898284912,-0.6470810770988464,attack,No
4882,0,0,0.0017007225126338423,-7.0102434158325195,-0.6352434754371643,attack,No
4883,0,0,0.007577242612510723,-5.574213027954102,-0.6992132067680359,attack,no
4884,0,0,0.0015011822567369915,-7.077770233154297,-0.5777702331542969,attack,no
4885,0,0,0.0024726230831270705,-6.478009223937988,-0.4780091941356659,attack,No
4886,0,0,0.008577485413711986,-5.232150554656982,-0.4821505546569824,attack,No
4887,0,0,0.0474258704848281,-3.6093058586120605,-0.6093057990074158,attack,No
4888,0,0,0.0010322312211416022,-7.263307571411133,-0.38830775022506714,attack,no
4889,0,0,0.0040701384407312935,-6.08209228515625,-0.5820924639701843,attack,no
4890,0,0,0.003593603008271459,-6.204018592834473,-0.5790187120437622,attack,No
4891,0,0,0.07585817166422973,-3.132838726043701,-0.6328386068344116,attack,No
4892,0,0,0.00023050680440978017,-8.898946762084961,-0.5239471197128296,attack,no
4893,0,0,0.01406362952265135,-4.836389541625977,-0.5863897204399109,attack,No
4894,0,0,0.005220126003077935,-5.887716293334961,-0.6377163529396057,attack,No
4895,0,0,0.0008040860792954051,-7.649356365203857,-0.5243565440177917,attack,no
4896,0,0,0.0040701369910610885,-6.13629150390625,-0.6362913250923157,attack,No
4897,0,0,0.012431650853185818,-5.076678276062012,-0.7016782760620117,attack,no
4898,0,0,0.03308597266821503,-4.091425895690918,-0.7164257168769836,attack,no
4899,0,0,0.004070138682343046,-5.934340476989746,-0.4343407154083252,attack,no
4900,0,0,0.020332353342658753,-4.526104927062988,-0.6511049270629883,attack,No
4901,0,0,0.0007096702300220753,-7.826789855957031,-0.5767896175384521,attack,No
4902,0,1,0.7772998611746911,-0.5366250276565552,-1.7866250276565552,attack,Yes
4903,0,0,0.0017007226644316852,-6.850863456726074,-0.47586360573768616,attack,no
4904,0,0,0.0015011819887076757,-7.195132255554199,-0.6951320767402649,attack,no
4905,0,0,0.01406362456384003,-4.89259147644043,-0.6425912976264954,attack,No
4906,0,0,0.0005527788015734301,-8.076757431030273,-0.5767577290534973,attack,no
4907,0,0,0.0019267346633274755,-6.776025772094727,-0.5260257720947266,attack,no
4908,0,0,0.0009110511944006454,-7.6943182945251465,-0.6943182945251465,attack,no
4909,0,0,0.0019267346633274755,-6.601808547973633,-0.3518085479736328,attack,no
4910,0,0,0.0013250226538317129,-7.202733516693115,-0.5777336955070496,attack,no
4911,0,0,0.010986941982915435,-5.141135215759277,-0.6411351561546326,attack,no
4912,0,0,0.0024726231566347748,-6.635101795196533,-0.6351017951965332,attack,No
4913,0,0,0.0013250224172131609,-7.202352046966553,-0.5773520469665527,attack,No
4914,0,0,0.0015011825247663551,-7.077608585357666,-0.5776087641716003,attack,No
4915,0,0,0.0059110695567328965,-5.825132369995117,-0.7001324892044067,attack,no
4916,0,0,9.610238757742874e-05,-9.293941497802734,-0.043941207230091095,attack,No
4917,0,0,0.0017007226138324027,-6.953007698059082,-0.5780078172683716,attack,No
4918,0,0,0.009708476481474066,-5.155982494354248,-0.530982494354248,attack,no
4919,0,0,0.0004878569338639344,-8.012809753417969,-0.3878093659877777,attack,no
4920,0,0,0.0024726235976810437,-6.476996898651123,-0.4769970774650574,attack,No
4921,0,0,0.06754669489377622,-3.304774045944214,-0.6797741055488586,attack,No
4922,0,0,0.0035936034351228795,-6.321040153503418,-0.6960403919219971,attack,no
4923,0,0,0.0024726231566347748,-6.695539474487305,-0.6955394744873047,attack,no
4924,0,0,0.0031726833137518703,-6.140650272369385,-0.3906504213809967,attack,no
4925,0,0,0.004070137715896127,-6.079799652099609,-0.5797996520996094,attack,no
4926,0,0,0.005220126622117065,-5.777586936950684,-0.5275871157646179,attack,No
4927,0,0,0.005220126312597491,-5.729956150054932,-0.4799562692642212,attack,no
4928,0,0,0.004070137232672753,-6.079817295074463,-0.5798171758651733,attack,No
4929,0,0,0.0031726830309918535,-6.386733055114746,-0.6367331147193909,attack,no
4930,0,0,0.004070137595090279,-5.933285713195801,-0.4332856833934784,attack,No
4931,0,0,0.004070138682343046,-6.080448150634766,-0.5804483890533447,attack,no
4932,0,0,0.0007096704202354052,-7.564545631408691,-0.3145456612110138,attack,no
4933,0,0,0.0007096702300220753,-7.564593315124512,-0.3145930767059326,attack,No
4934,0,0,0.001700722816229541,-6.763736724853516,-0.3887369632720947,attack,no
4935,0,0,0.0024726237446964848,-6.578021049499512,-0.5780212879180908,attack,no
4936,0,0,0.004609572726345088,-5.902522087097168,-0.5275222063064575,attack,No
4937,0,0,0.0005527786039936393,-7.9751296043396,-0.47512954473495483,attack,No
4938,0,0,0.0009110510858938316,-7.25384521484375,-0.25384509563446045,attack,No
4939,0,0,0.0024726231566347748,-6.525774002075195,-0.5257740020751953,attack,no
4940,0,0,0.04742587721667508,-3.3259024620056152,-0.3259025514125824,attack,No
4941,0,0,0.004609571905888793,-5.954859733581543,-0.5798596739768982,attack,No
4942,0,0,0.0009110513029074721,-7.694237232208252,-0.6942373514175415,attack,no
4943,0,0,0.005220126003077935,-5.777954578399658,-0.527954638004303,attack,No
4944,0,0,0.006692850131774789,-5.581636428833008,-0.5816363096237183,attack,No
4945,0,0,0.0035936034351228795,-6.260898590087891,-0.6358988285064697,attack,No
4946,0,0,0.02595735569077852,-4.21873140335083,-0.5937313437461853,attack,No
4947,0,0,0.014063623737371644,-4.836888313293457,-0.5868880748748779,attack,No
4948,0,0,0.02931223244728875,-4.15505838394165,-0.6550584435462952,attack,No
4949,0,0,0.06008665354025422,-3.4257075786590576,-0.6757076382637024,attack,No
4950,0,0,0.009708477627578704,-5.2085747718811035,-0.5835748910903931,attack,no
4951,0,0,0.008577485540430151,-4.942075252532959,-0.19207526743412018,attack,No
4952,0,0,0.0035936021545687705,-6.151466369628906,-0.5264662504196167,attack,no
4953,0,0,0.0019267348925696179,-6.82891321182251,-0.5789133310317993,attack,no
4954,0,0,0.0021827160558970152,-6.703019142150879,-0.5780189633369446,attack,no
4955,0,1,0.6513548646660542,-0.6281954050064087,-1.2531954050064087,attack,Yes
4956,0,0,0.00407013711186692,-5.890985012054443,-0.3909848630428314,attack,No
4957,0,0,0.11920292202211755,-2.720397472381592,-0.7203974723815918,attack,No
4958,0,0,0.0040701384407312935,-5.933925151824951,-0.4339253306388855,attack,no
4959,0,0,0.004070137232672753,-6.19926118850708,-0.6992610692977905,attack,no
4960,0,1,0.7549149868676283,-0.5364691019058228,-1.6614691019058228,attack,Yes
4961,0,1,0.6224593312018546,-0.9524201154708862,-1.4524201154708862,attack,Yes
4962,0,0,0.01798621417320936,-4.4916486740112305,-0.49164891242980957,attack,no
4963,0,0,0.0159063898457867,-4.77046537399292,-0.6454652547836304,attack,no
4964,0,0,0.0021827165751612514,-6.760236740112305,-0.6352367997169495,attack,no
4965,0,0,0.007577242612510723,-5.311747074127197,-0.4367472529411316,attack,no
4966,0,0,0.0013250226538317129,-6.975184917449951,-0.3501850962638855,attack,no
4967,0,0,0.02595736171885236,-4.278034210205078,-0.6530343890190125,attack,no
4968,0,0,0.001700722360836013,-6.764499664306641,-0.38949963450431824,attack,no
4969,0,0,0.025957363225871038,-4.170137405395508,-0.5451376438140869,attack,No
4970,0,0,0.009708478200631072,-5.265413284301758,-0.6404134631156921,attack,no
4971,0,0,0.0010322307909058268,-7.225164413452148,-0.35016417503356934,attack,no
4972,0,0,0.0011695105435624257,-7.327622413635254,-0.577622652053833,attack,No
4973,0,0,0.0021827163155291175,-6.557484149932861,-0.43248409032821655,attack,no
4974,0,0,0.11920291576401235,-2.488037347793579,-0.4880372881889343,attack,No
4975,0,0,0.010986941982915435,-5.084449291229248,-0.5844492316246033,attack,No
4976,0,0,0.0019267348925696179,-6.828348159790039,-0.5783482789993286,attack,No
4977,0,0,0.001032230913830316,-7.3054656982421875,-0.43046557903289795,attack,no
4978,0,0,0.06754668363133542,-3.3064889907836914,-0.6814888715744019,attack,no
4979,0,0,0.0006263340461823029,-7.951836109161377,-0.5768359303474426,attack,no
4980,0,0,0.014063626216776943,-4.83778715133667,-0.5877870917320251,attack,no
4981,0,0,0.0004878572826362959,-8.099739074707031,-0.4747394025325775,attack,No
4982,0,0,0.005911070257222078,-5.823877334594727,-0.6988775730133057,attack,no
4983,0,0,0.009708477627578704,-5.209122180938721,-0.5841223001480103,attack,no
4984,0,0,0.0017007221078396608,-6.76398229598999,-0.3889821171760559,attack,no
4985,0,0,0.0031726830309918535,-6.328965663909912,-0.5789657235145569,attack,No
4986,0,0,0.002182716185713063,-6.703280448913574,-0.5782803297042847,attack,No
4987,0,0,0.001032230913830316,-7.399682998657227,-0.524682879447937,attack,no
4988,0,0,0.0011695102650555148,-6.977160930633545,-0.22716093063354492,attack,no
4989,0,0,0.042087723109535534,-3.731449604034424,-0.6064494848251343,attack,No
4990,0,0,0.0008040857440743825,-7.819146156311035,-0.694145917892456,attack,no
4991,0,0,0.0031726822769652645,-6.445894241333008,-0.6958940625190735,attack,no
4992,0,0,0.020332352749027827,-4.244397163391113,-0.3693971335887909,attack,no
4993,0,0,0.0004305572480636379,-8.137568473815918,-0.387568861246109,attack,no
4994,0,0,0.003172682748231862,-6.229452133178711,-0.47945210337638855,attack,No
4995,0,0,0.0006263340834913398,-7.489388465881348,-0.1143883466720581,attack,No
4996,0,0,0.01243165304850344,-5.078306198120117,-0.7033063769340515,attack,no
4997,0,0,0.012431651584958318,-4.909707069396973,-0.5347071290016174,attack,No
4998,0,0,0.0011695099865486702,-7.445548057556152,-0.6955478191375732,attack,no
4999,0,0,0.02297737526238275,-4.289902687072754,-0.539902925491333,attack,No
5000,0,0,0.00218271670497733,-6.704679489135742,-0.5796796083450317,attack,No
5001,0,0,0.009708478200631072,-5.326019287109375,-0.7010194659233093,attack,no
5002,0,0,0.07585818002124356,-3.1832680702209473,-0.6832680702209473,attack,No
5003,0,0,0.0017007226138324027,-6.900145530700684,-0.5251456499099731,attack,no
5004,0,0,0.16451647108926923,-2.4018545150756836,-0.7768545746803284,attack,No
5005,0,0,0.0031726830309918535,-6.447604656219482,-0.6976047158241272,attack,no
5006,0,0,0.14804719051380197,-2.495182991027832,-0.7451829314231873,attack,No
5007,0,0,0.0031726830309918535,-6.329514980316162,-0.5795150399208069,attack,No
5008,0,0,0.005220125538798635,-5.729144096374512,-0.47914406657218933,attack,no
5009,0,0,0.0007096704413702227,-7.638640403747559,-0.38864046335220337,attack,no
5010,0,0,0.22270013882530884,-1.9601945877075195,-0.7101945877075195,attack,No
5011,0,0,0.16451647108926923,-2.279428005218506,-0.6544280648231506,attack,No
5012,0,0,0.002472623303650189,-6.695189952850342,-0.6951900124549866,attack,no
5013,0,0,0.04742587317756679,-3.6101183891296387,-0.6101183891296387,attack,No
5014,0,0,0.0013250222594674832,-7.013449668884277,-0.3884495496749878,attack,No
5015,0,0,0.00037998460531281857,-8.451701164245605,-0.5767014026641846,attack,No
5016,0,0,0.014063628696182679,-4.836877346038818,-0.5868774652481079,attack,No
5017,0,0,0.003593603221697163,-6.320886135101318,-0.6958863139152527,attack,no
5018,0,0,0.0031726824654718946,-6.277215957641602,-0.527215838432312,attack,No
5019,0,0,0.0035936024747072553,-6.102620601654053,-0.47762057185173035,attack,no
5020,0,0,0.009708476481474066,-5.264681339263916,-0.639681339263916,attack,No
5021,0,0,0.0007096704413702227,-7.725197792053223,-0.47519785165786743,attack,No
5022,0,0,0.0003353501104847565,-8.474609375,-0.4746093153953552,attack,no
5023,0,0,0.0010322311596793377,-7.305817127227783,-0.43081724643707275,attack,no
5024,0,0,0.0035936027948457686,-6.321296215057373,-0.6962962746620178,attack,no
5025,0,0,0.0046095724528596406,-5.853181838989258,-0.4781818985939026,attack,no
5026,0,0,0.01243164865786858,-4.814216136932373,-0.4392159581184387,attack,No
5027,0,0,0.0021827164453451808,-6.601902484893799,-0.47690248489379883,attack,no
5028,0,0,0.006692852113050128,-5.480043888092041,-0.48004406690597534,attack,No
5029,0,0,0.0040701369910610885,-6.196649551391602,-0.6966493725776672,attack,no
5030,0,0,0.0035936034351228795,-6.321533203125,-0.6965334415435791,attack,no
5031,0,0,0.0008040859356292355,-7.5550007820129395,-0.43000078201293945,attack,no
5032,0,0,0.001700722411435288,-6.76435661315918,-0.3893566131591797,attack,no
5033,0,0,0.05340332678672523,-3.6027743816375732,-0.7277743220329285,attack,no
5034,0,0,0.002472622862603971,-6.389736175537109,-0.3897360563278198,attack,no
5035,0,0,0.00218271670497733,-6.55626916885376,-0.4312692880630493,attack,No
5036,0,0,0.0021827160558970152,-6.759976863861084,-0.6349766850471497,attack,no
5037,0,0,0.002472623303650189,-6.579009532928467,-0.5790095925331116,attack,No
5038,0,0,0.007577239923211134,-5.458262920379639,-0.5832627415657043,attack,no
5039,0,0,0.010986940039882433,-5.083547592163086,-0.5835473537445068,attack,No
5040,0,0,0.0028009274665629583,-6.453787803649902,-0.5787879824638367,attack,No
5041,0,0,0.0007096704836398597,-7.944211959838867,-0.6942120790481567,attack,no
5042,0,0,0.009708477054526368,-5.156290531158447,-0.531290590763092,attack,no
5043,0,0,0.004070136749449438,-6.027105331420898,-0.5271050930023193,attack,no
5044,0,0,0.007577240595535943,-5.268730640411377,-0.3937305510044098,attack,No
5045,0,0,0.0008040859835179557,-7.758720874786377,-0.6337209343910217,attack,No
5046,0,0,0.02595735719779685,-4.075596332550049,-0.45059633255004883,attack,No
5047,0,0,0.01243165304850344,-4.908692836761475,-0.5336930155754089,attack,no
5048,0,0,0.4378234991142019,-1.2618865966796875,-1.0118865966796875,attack,No
5049,0,0,0.012431650121413363,-4.8144850730896,-0.43948501348495483,attack,No
5050,0,0,0.0019267346633274755,-6.639352321624756,-0.38935232162475586,attack,No
5051,0,0,0.0008040858398518034,-7.512998580932617,-0.38799846172332764,attack,no
5052,0,0,0.017986209962091555,-4.491607666015625,-0.491607666015625,attack,no
5053,0,0,0.01798621101487092,-4.402613162994385,-0.40261322259902954,attack,No
5054,0,0,0.012431652591145573,-4.469844818115234,-0.09484495967626572,attack,No
5055,0,0,0.015906388912772775,-4.8292341232299805,-0.7042339444160461,attack,no
5056,0,0,0.0007096704836398597,-7.77394437789917,-0.5239444971084595,attack,no
5057,0,0,0.0010322310367548194,-7.3506269454956055,-0.47562694549560547,attack,no
5058,0,0,0.00132502237777674,-7.0144243240356445,-0.38942429423332214,attack,no
5059,0,0,0.0019267344340853601,-6.7767720222473145,-0.5267719030380249,attack,no
5060,0,0,0.012431650121413363,-4.771990776062012,-0.39699071645736694,attack,No
5061,0,0,0.0007096704836398597,-7.637706279754639,-0.3877063989639282,attack,No
5062,0,0,0.00218271670497733,-6.601301670074463,-0.47630178928375244,attack,no
5063,0,0,0.0002959572193242827,-8.64873218536377,-0.5237325429916382,attack,no
5064,0,0,0.0021827165751612514,-6.601673126220703,-0.4766731858253479,attack,no
5065,0,0,9.610245702458182e-05,-9.301559448242188,-0.05155988037586212,attack,No
5066,0,0,0.007577242612510723,-5.45815372467041,-0.5831539034843445,attack,no
5067,0,0,0.0021827168347934166,-6.6020097732543945,-0.47700995206832886,attack,No
5068,0,0,0.0005527785052037703,-7.975167274475098,-0.47516703605651855,attack,No
5069,0,0,0.0019267350071906994,-6.944991588592529,-0.6949917674064636,attack,no
5070,0,0,0.005220125848318164,-5.68401575088501,-0.43401578068733215,attack,No
5071,0,0,0.001032230959927003,-7.036830902099609,-0.1618308275938034,attack,No
5072,0,0,0.003172683408005215,-6.329205513000488,-0.5792056918144226,attack,no
5073,0,0,0.00026119033465980986,-8.724658966064453,-0.4746590256690979,attack,no
5074,0,0,0.0011695105435624257,-7.275867462158203,-0.5258677005767822,attack,no
5075,0,0,0.004070137957507836,-6.196750164031982,-0.6967502236366272,attack,no
5076,0,0,0.0028009273000822866,-6.51084041595459,-0.6358405351638794,attack,no
5077,0,0,0.0159063879797589,-4.711948394775391,-0.5869481563568115,attack,No
5078,0,0,0.0024726225685732036,-6.579326629638672,-0.5793263912200928,attack,no
5079,0,0,0.0009110513300341806,-7.429965972900391,-0.42996612191200256,attack,no
5080,0,0,0.0011695102650555148,-7.384224891662598,-0.6342248916625977,attack,No
5081,0,0,0.0010322309752925658,-7.570122718811035,-0.6951226592063904,attack,no
5082,0,0,0.025957363225871038,-4.274275779724121,-0.6492760181427002,attack,No
5083,0,0,0.0021827164453451808,-6.703066825866699,-0.5780668258666992,attack,no
5084,0,0,0.0009110510858938316,-7.475527763366699,-0.47552764415740967,attack,no
5085,0,0,0.0031726828424851893,-6.329652309417725,-0.5796523094177246,attack,no
5086,0,0,0.0035936025814200896,-6.057924747467041,-0.432924747467041,attack,no
5087,0,0,0.03308597648187432,-3.976177930831909,-0.6011778712272644,attack,No
5088,0,0,0.09534945461636171,-2.738776206970215,-0.4887760877609253,attack,no
5089,0,0,0.0010322311596793377,-7.263815402984619,-0.3888155221939087,attack,No
5090,0,0,0.00033534999059445133,-8.47480583190918,-0.47480541467666626,attack,No
5091,0,0,0.0021827165751612514,-6.64993953704834,-0.5249395966529846,attack,No
5092,0,0,0.001700722310236739,-7.069736957550049,-0.694736897945404,attack,no
5093,0,0,0.0015011820780507757,-7.134605407714844,-0.6346052885055542,attack,no
5094,0,0,0.012431651584958318,-5.076694488525391,-0.7016945481300354,attack,no
5095,0,0,0.007577241267860811,-5.514190673828125,-0.639190673828125,attack,no
5096,0,0,0.0046095724528596406,-6.011977195739746,-0.6369772553443909,attack,no
5097,0,0,0.002472622605327048,-6.082425117492676,-0.08242489397525787,attack,No
5098,0,0,0.0010322312211416022,-7.4001054763793945,-0.5251056551933289,attack,no
5099,0,0,0.012431650853185818,-4.960896968841553,-0.5858969688415527,attack,No
5100,0,0,0.004609571905888793,-5.955263137817383,-0.580263078212738,attack,no
5101,0,0,0.0059110695567328965,-5.706264972686768,-0.5812650918960571,attack,No
5102,0,0,0.0035936024747072553,-6.103621482849121,-0.4786214530467987,attack,No
5103,0,0,3.1201903955084134e-05,-10.951054573059082,-0.5760543346405029,attack,No
5104,0,0,0.014063628696182679,-4.952761173248291,-0.7027612924575806,attack,no
5105,0,0,0.0035936022612815957,-6.057922840118408,-0.43292275071144104,attack,no
5106,0,0,0.02595736171885236,-4.277375221252441,-0.6523754000663757,attack,no
5107,0,0,0.0024726225685732036,-6.63492488861084,-0.6349246501922607,attack,No
5108,0,0,0.0024726234506656126,-6.695481777191162,-0.6954818964004517,attack,no
5109,0,0,0.005911068155754778,-5.653912544250488,-0.5289124250411987,attack,No
5110,0,0,0.00359360194114313,-5.943057537078857,-0.3180573582649231,attack,No
5111,0,0,0.004609571632403393,-6.012569904327393,-0.637569785118103,attack,no
5112,0,0,0.004609571905888793,-5.902887344360352,-0.5278872847557068,attack,no
5113,0,0,0.02297737258620403,-4.40008020401001,-0.6500803232192993,attack,no
5114,0,0,0.18242552380635632,-2.1521658897399902,-0.6521658897399902,attack,no
5115,0,0,0.3486451488696663,-1.480020523071289,-0.8550205826759338,attack,No
5116,0,0,0.0010322308216369478,-7.2249908447265625,-0.3499906361103058,attack,no
5117,0,0,0.0007096703145613268,-7.72542667388916,-0.4754265546798706,attack,no
5118,0,0,0.0006263340834913398,-7.850310802459717,-0.47531068325042725,attack,No
5119,0,0,0.0534033328129234,-3.4916396141052246,-0.6166396737098694,attack,No
5120,0,1,0.7772998508568416,-0.5888980031013489,-1.838897943496704,attack,Yes
5121,0,0,0.015906394510857135,-4.773247718811035,-0.6482478976249695,attack,No
5122,0,0,0.009708477054526368,-5.265161037445068,-0.6401610970497131,attack,No
5123,0,0,0.002800926800640331,-6.35317325592041,-0.4781731963157654,attack,No
5124,0,0,0.0028009270503612984,-6.191439151763916,-0.3164391815662384,attack,no
5125,0,0,0.0024726231566347748,-6.479123592376709,-0.479123592376709,attack,No
5126,0,0,0.0474258704848281,-3.269566774368286,-0.26956671476364136,attack,No
5127,0,0,0.0013250225749588576,-7.101161003112793,-0.4761611223220825,attack,No
5128,0,0,0.006692851518667466,-5.3551483154296875,-0.35514840483665466,attack,No
5129,0,0,0.004609572179374208,-6.0717644691467285,-0.6967644691467285,attack,no
5130,0,0,0.0011695101258020842,-7.327130317687988,-0.5771301984786987,attack,no
5131,0,0,0.009708474762317362,-5.325564384460449,-0.7005642056465149,attack,no
5132,0,0,0.002182716185713063,-6.819825172424316,-0.6948250532150269,attack,no
5133,0,0,0.00218271696460951,-6.760038375854492,-0.6350386142730713,attack,no
5134,0,0,0.0024726234506656126,-6.578711986541748,-0.5787121057510376,attack,No
5135,0,0,0.009708478773683474,-5.158328056335449,-0.5333282947540283,attack,No
5136,0,0,0.0017007220066411306,-6.953216552734375,-0.5782163143157959,attack,no
5137,0,0,0.014063626216776943,-4.787259101867676,-0.537259042263031,attack,no
5138,0,0,0.0015011823460801075,-7.134030342102051,-0.6340304017066956,attack,no
5139,0,0,0.24508501313237172,-1.9613596200942993,-0.8363596200942993,attack,No
5140,0,0,0.0013250221017218242,-7.3196868896484375,-0.6946866512298584,attack,no
5141,0,0,0.0009110513300341806,-7.43035364151001,-0.4303537905216217,attack,No
5142,0,0,0.0017007226138324027,-6.80584192276001,-0.4308420419692993,attack,No
5143,0,0,0.0009110513029074721,-7.4756083488464355,-0.4756084680557251,attack,no
5144,0,0,0.0003353502203842404,-8.474693298339844,-0.47469356656074524,attack,no
5145,0,0,0.014063625390308462,-4.893402099609375,-0.6434019804000854,attack,No
5146,0,0,0.006692850924284856,-5.393277645111084,-0.393277645111084,attack,No
5147,0,0,0.009708474762317362,-5.264825820922852,-0.6398256421089172,attack,No
5148,0,0,0.003593603221697163,-6.3208394050598145,-0.6958395838737488,attack,no
5149,0,0,0.00033535025035683324,-8.576597213745117,-0.5765975713729858,attack,No
5150,0,0,0.002800926967120973,-6.571275234222412,-0.6962752342224121,attack,no
5151,0,0,0.0159063879797589,-4.712884902954102,-0.5878846645355225,attack,No
5152,0,0,0.4378234991142019,-0.8916056752204895,-0.6416056752204895,attack,No
5153,0,0,0.00280092763304364,-6.2645416259765625,-0.3895418643951416,attack,No
5154,0,0,0.0019267344340853601,-6.829072952270508,-0.5790728330612183,attack,No
5155,0,0,0.025957351923233056,-4.1209397315979,-0.4959395229816437,attack,No
5156,0,0,0.0015011823460801075,-7.078423500061035,-0.5784235596656799,attack,No
5157,0,0,0.0011695100561753752,-7.276008605957031,-0.5260084271430969,attack,no
5158,0,0,0.03308597648187432,-3.8737664222717285,-0.49876636266708374,attack,No
5159,0,0,0.002182715926080975,-6.759840965270996,-0.634840726852417,attack,No
5160,0,0,0.010986940687560063,-5.031766891479492,-0.5317667126655579,attack,no
5161,0,0,0.04208772791561884,-3.786954402923584,-0.661954402923584,attack,no
5162,0,0,0.003172683219498529,-6.329473495483398,-0.579473614692688,attack,No
5163,0,0,0.0021827168347934166,-6.601897716522217,-0.4768978953361511,attack,No
5164,0,0,0.008577485413711986,-5.281994819641113,-0.5319948196411133,attack,No
5165,0,0,0.005911067805510302,-5.654170513153076,-0.5291703343391418,attack,no
5166,0,0,0.1480471980316895,-2.5196285247802734,-0.7696285247802734,attack,no
5167,0,0,0.0031726820884586454,-6.329561233520508,-0.5795609951019287,attack,no
5168,0,0,0.0006263342327275096,-7.850372791290283,-0.47537291049957275,attack,No
5169,0,0,0.010986944249787705,-4.861078262329102,-0.3610784113407135,attack,no
5170,0,0,0.0003799845628623686,-7.9650726318359375,-0.09007275849580765,attack,No
5171,0,0,0.006692851716795015,-5.5288190841674805,-0.52881920337677,attack,No
5172,0,0,0.0035936021545687705,-5.882198810577393,-0.257198691368103,attack,no
5173,0,0,0.02595736247236169,-4.118844985961914,-0.4938451945781708,attack,No
5174,0,0,0.1480472055495773,-2.5553226470947266,-0.8053227066993713,attack,no
5175,0,0,0.0010322307909058268,-7.452108383178711,-0.5771081447601318,attack,No
5176,0,0,0.004609572726345088,-5.955197334289551,-0.5801974534988403,attack,No
5177,0,0,0.009708476481474066,-5.2655029296875,-0.6405029296875,attack,No
5178,0,1,0.7310585903489892,-0.7250975966453552,-1.72509765625,attack,Yes
5179,0,0,0.0953494648991095,-2.8458762168884277,-0.5958762168884277,attack,No
5180,0,0,0.008577484399966718,-5.332900524139404,-0.5829004049301147,attack,no
5181,0,0,0.20181322226037882,-2.2210049629211426,-0.8460049629211426,attack,no
5182,0,0,0.0015011822567369915,-7.13477087020874,-0.6347708702087402,attack,no
5183,0,0,0.0013250222989039011,-7.0569167137146,-0.43191662430763245,attack,No
5184,0,0,0.0019267350071906994,-6.827841758728027,-0.5778419375419617,attack,No
5185,0,0,0.10669059962643358,-2.6636922359466553,-0.5386922955513,attack,no
5186,0,0,0.18242552380635632,-2.0891361236572266,-0.5891361236572266,attack,No
5187,0,0,0.010986945221304533,-5.143654823303223,-0.6436550617218018,attack,no
5188,0,0,0.0003799845317320417,-7.946004390716553,-0.07100443542003632,attack,No
5189,0,0,0.02931222905542399,-4.096643924713135,-0.59664386510849,attack,no
5190,0,0,0.008577485160275657,-5.144424915313721,-0.3944248855113983,attack,No
5191,0,0,0.0011695101954287976,-7.064860820770264,-0.3148607611656189,attack,no
5192,0,0,0.06754669864792355,-3.2020936012268066,-0.5770937204360962,attack,no
5193,0,0,0.0040701384407312935,-6.080743312835693,-0.5807434916496277,attack,no
5194,0,0,0.0031726822769652645,-6.227715969085693,-0.47771579027175903,attack,no
5195,0,0,0.01098694263059318,-5.0859150886535645,-0.5859150886535645,attack,No
5196,0,0,0.0009110510858938316,-7.576962947845459,-0.5769628286361694,attack,no
5197,0,0,0.004609571905888793,-6.011135101318359,-0.6361350417137146,attack,No
5198,0,0,0.001032230913830316,-7.452696323394775,-0.5776962041854858,attack,No
5199,0,0,0.000552778702783526,-7.887738227844238,-0.38773834705352783,attack,no
5200,0,0,0.0021827160558970152,-6.761672496795654,-0.63667231798172,attack,no
5201,0,0,0.002472623303650189,-6.635389804840088,-0.6353898644447327,attack,no
5202,0,0,0.0024726234506656126,-6.636529445648193,-0.6365295648574829,attack,no
5203,0,0,0.06754668738548215,-3.1985552310943604,-0.5735551714897156,attack,No
5204,0,0,0.001032230913830316,-7.350503921508789,-0.4755038022994995,attack,No
5205,0,0,0.24508501313237172,-1.90951669216156,-0.7845166921615601,attack,No
5206,0,0,0.00280092763304364,-6.510449409484863,-0.6354496479034424,attack,No
5207,0,0,0.03732689162774753,-3.667019844055176,-0.41701996326446533,attack,No
5208,0,1,0.9770226310935413,-0.1284136325120926,-3.878413677215576,attack,Yes
5209,0,0,0.00218271670497733,-6.6018452644348145,-0.476845383644104,attack,No
5210,0,0,0.0005527787357134919,-8.077062606811523,-0.5770627856254578,attack,no
5211,0,0,0.0040701384407312935,-6.1963982582092285,-0.6963984370231628,attack,no
5212,0,0,0.029312230751356316,-3.9589035511016846,-0.45890355110168457,attack,no
5213,0,0,0.004609571632403393,-6.011173725128174,-0.6361736059188843,attack,no
5214,0,0,0.0017007226138324027,-7.009863376617432,-0.6348634958267212,attack,no
5215,0,0,0.033085978388704126,-3.9249675273895264,-0.5499675273895264,attack,no
5216,0,0,0.009708477627578704,-5.207876205444336,-0.5828763246536255,attack,No
5217,0,0,0.022977373924293353,-4.400169372558594,-0.6501695513725281,attack,no
5218,0,0,0.002472623009619369,-6.35174036026001,-0.351740300655365,attack,No
5219,0,0,0.008577484906839334,-5.390018463134766,-0.6400184035301208,attack,no
5220,0,0,0.004609571632403393,-5.955678939819336,-0.5806788206100464,attack,No
5221,0,0,0.0019267350071906994,-6.945348262786865,-0.6953484416007996,attack,no
5222,0,0,0.003172683219498529,-6.386205196380615,-0.6362053155899048,attack,no
5223,0,0,0.009708477627578704,-5.208571910858154,-0.5835720300674438,attack,No
5224,0,1,0.8807970654616711,-0.3174806833267212,-2.3174805641174316,attack,Yes
5225,0,0,0.002800927133601626,-6.4560160636901855,-0.5810161232948303,attack,No
5226,0,0,0.009708477627578704,-5.208569526672363,-0.5835696458816528,attack,No
5227,0,0,0.00037998437891047395,-8.452028274536133,-0.5770279169082642,attack,No
5228,0,0,0.0003799844921116293,-8.30478572845459,-0.42978566884994507,attack,no
5229,0,0,0.0075772408196442265,-5.45815372467041,-0.5831536650657654,attack,no
5230,0,0,0.004609572179374208,-6.071527481079102,-0.6965274810791016,attack,no
5231,0,0,0.002472623009619369,-6.636307716369629,-0.6363076567649841,attack,no
5232,0,0,0.0007096703568309563,-7.943896293640137,-0.6938962340354919,attack,no
5233,0,0,0.0015011823460801075,-6.9763102531433105,-0.4763103127479553,attack,No
5234,0,0,0.0015011825247663551,-7.077513217926025,-0.5775133967399597,attack,No
5235,0,0,0.32082130082460697,-1.6603989601135254,-0.9103989601135254,attack,No
5236,0,0,0.04208773031866069,-3.7877614498138428,-0.6627615094184875,attack,no
5237,0,0,0.006692849339264817,-5.7006072998046875,-0.7006070613861084,attack,no
5238,0,0,0.0013250225749588576,-7.149762153625488,-0.5247622728347778,attack,no
5239,0,0,0.001926734204843272,-6.944772720336914,-0.694772481918335,attack,no
5240,0,0,0.0009110513029074721,-7.524973392486572,-0.5249735116958618,attack,No
5241,0,0,0.06754669864792355,-3.1991353034973145,-0.574135422706604,attack,No
5242,0,0,0.005911068155754778,-5.60598611831665,-0.48098599910736084,attack,no
5243,0,0,0.005220125229279126,-5.728612899780273,-0.4786128103733063,attack,no
5244,0,0,0.003172682748231862,-6.102202892303467,-0.3522028625011444,attack,no
5245,0,0,0.005220126622117065,-5.946909427642822,-0.6969096064567566,attack,no
5246,0,0,0.0031726822769652645,-6.276950359344482,-0.5269501805305481,attack,No
5247,0,0,0.005911068505999277,-5.762416839599609,-0.6374167799949646,attack,No
5248,0,0,0.03732688306051187,-3.9093379974365234,-0.6593378782272339,attack,No
5249,0,0,0.0021827164453451808,-6.650728225708008,-0.5257282257080078,attack,No
5250,0,0,0.0017007220066411306,-6.953252792358398,-0.5782525539398193,attack,No
5251,0,0,0.003593603221697163,-6.151130676269531,-0.5261308550834656,attack,No
5252,0,0,0.005220124764999895,-5.948063850402832,-0.6980636715888977,attack,no
5253,0,0,0.0031726824654718946,-6.329312801361084,-0.5793126821517944,attack,No
5254,0,0,0.005220125693558397,-5.831260681152344,-0.5812606811523438,attack,No
5255,0,0,0.0008040858398518034,-7.7587127685546875,-0.633712649345398,attack,no
5256,0,0,0.0024726234506656126,-6.526890754699707,-0.5268908739089966,attack,no
5257,0,0,0.004070137715896127,-6.081204414367676,-0.5812044143676758,attack,no
5258,0,0,0.01590639077880068,-4.772466659545898,-0.6474665999412537,attack,No
5259,0,0,0.0007096702722916998,-7.943922519683838,-0.6939223408699036,attack,no
5260,0,0,0.00522012445548043,-5.831835746765137,-0.5818355083465576,attack,No
5261,0,0,0.004070137232672753,-6.196111679077148,-0.6961115598678589,attack,no
5262,0,0,0.0013250224960860068,-7.100698947906494,-0.4756990075111389,attack,No
5263,0,0,0.20181320305759334,-2.122743606567383,-0.7477434873580933,attack,No
5264,0,0,0.0008040859356292355,-7.701995849609375,-0.576995849609375,attack,No
5265,0,0,0.0031726830309918535,-6.067420482635498,-0.3174205422401428,attack,no
5266,0,0,0.00048785710825008404,-8.054863929748535,-0.42986389994621277,attack,no
5267,0,0,0.0021827162506210893,-6.441083908081055,-0.3160838186740875,attack,no
5268,0,0,0.0019267349498801579,-6.727174758911133,-0.47717490792274475,attack,No
5269,0,0,0.0474258704848281,-3.3568344116210938,-0.356834352016449,attack,No
5270,0,0,0.0005527788345034023,-8.076672554016113,-0.5766729116439819,attack,No
5271,0,0,0.002800926967120973,-6.510556221008301,-0.6355562210083008,attack,no
5272,0,0,0.002472622715588583,-6.52594518661499,-0.5259450078010559,attack,No
5273,0,0,0.00026119041248027575,-8.826491355895996,-0.5764917135238647,attack,no
5274,0,0,0.01798620785653302,-4.591482162475586,-0.5914820432662964,attack,No
5275,0,0,0.033085978388704126,-3.9232535362243652,-0.5482535362243652,attack,No
5276,0,0,0.033085978388704126,-4.03097677230835,-0.6559767723083496,attack,no
5277,0,0,0.0028009273000822866,-6.570674419403076,-0.6956745386123657,attack,no
5278,0,0,0.0013250227327045727,-7.100974082946777,-0.47597432136535645,attack,No
5279,0,0,0.0035936021545687705,-6.321628093719482,-0.6966279745101929,attack,no
5280,0,0,0.017986212067650338,-4.704608917236328,-0.7046090364456177,attack,no
5281,0,0,0.0028009263011984638,-5.993952751159668,-0.11895251274108887,attack,No
5282,0,0,0.0019267343982662822,-6.286244869232178,-0.03624473139643669,attack,No
5283,0,0,0.025957358704815272,-4.3352203369140625,-0.7102203965187073,attack,no
5284,0,0,0.0017007221078396608,-7.009890556335449,-0.6348903775215149,attack,no
5285,0,0,0.0017007220066411306,-7.0705976486206055,-0.6955974102020264,attack,no
5286,0,0,0.014063628696182679,-4.836767673492432,-0.5867677927017212,attack,no
5287,0,0,0.004609572726345088,-5.902529716491699,-0.5275298357009888,attack,No
5288,0,0,0.01098694392594878,-5.143027305603027,-0.6430274248123169,attack,no
5289,0,0,0.002800926967120973,-6.354893207550049,-0.47989320755004883,attack,no
5290,0,0,0.010986941335237732,-4.93827486038208,-0.4382747411727905,attack,No
5291,0,0,0.14804721306746543,-2.4554271697998047,-0.7054272890090942,attack,no
5292,0,0,0.004609571358918011,-5.9023003578186035,-0.5273001790046692,attack,No
5293,0,0,0.0040701369910610885,-6.197033405303955,-0.6970332264900208,attack,no
5294,0,0,0.1480472055495773,-2.3486738204956055,-0.5986738801002502,attack,no
5295,0,0,0.0024726231566347748,-6.695528507232666,-0.695528507232666,attack,no
5296,0,0,0.0013250224960860068,-7.202218055725098,-0.5772181153297424,attack,no
5297,0,0,0.0015011820780507757,-7.194461822509766,-0.6944617033004761,attack,no
5298,0,0,0.0035936021545687705,-6.015895366668701,-0.3908952474594116,attack,No
5299,0,0,0.24508503518827837,-2.0166168212890625,-0.891616940498352,attack,no
5300,0,1,0.679178699175393,-0.8373388051986694,-1.5873388051986694,attack,Yes
5301,0,0,0.0008040858398518034,-7.758633136749268,-0.633633017539978,attack,no
5302,0,0,0.0015011824354232285,-6.977424621582031,-0.4774247407913208,attack,No
5303,0,0,0.04208772791561884,-3.7874557971954346,-0.6624557971954346,attack,No
5304,0,0,0.004070138682343046,-6.0798797607421875,-0.5798799991607666,attack,No
5305,0,0,0.005220125074519377,-5.888373851776123,-0.6383737325668335,attack,no
5306,0,0,0.0011695103346822365,-7.138220310211182,-0.3882203698158264,attack,No
5307,0,0,0.017986209962091555,-4.536820888519287,-0.5368208885192871,attack,No
5308,0,0,0.0013250221017218242,-7.321930885314941,-0.6969306468963623,attack,no
5309,0,0,0.003172683219498529,-6.445902347564697,-0.6959024667739868,attack,no
5310,0,0,0.00359360194114313,-6.151829719543457,-0.5268295407295227,attack,No
5311,0,0,0.0019267346633274755,-6.726140975952148,-0.47614097595214844,attack,no
5312,0,0,0.0028009266341596987,-6.454379558563232,-0.5793794393539429,attack,No
5313,0,0,0.0031726826539785367,-6.44625997543335,-0.6962599158287048,attack,no
5314,0,0,0.02595736021183377,-4.277535438537598,-0.6525355577468872,attack,No
5315,0,0,0.0035936021545687705,-6.204076766967773,-0.5790766477584839,attack,No
5316,0,0,0.0017007227656302545,-6.852090358734131,-0.4770905673503876,attack,no
5317,0,0,0.0010322312211416022,-7.263457775115967,-0.3884579539299011,attack,no
5318,0,0,0.003172683219498529,-6.329113483428955,-0.5791136026382446,attack,no
5319,0,0,0.022977373924293353,-4.458954334259033,-0.7089545130729675,attack,no
5320,0,1,0.9525741315347259,-0.20421399176120758,-3.204214096069336,attack,Yes
5321,0,0,0.10669059962643358,-2.8897705078125,-0.7647705674171448,attack,no
5322,0,0,0.03308598220236406,-3.8764185905456543,-0.5014187097549438,attack,No
5323,0,0,0.0007096703991005882,-7.944853782653809,-0.6948537826538086,attack,no
5324,0,0,0.0019267345487064141,-6.72633695602417,-0.47633689641952515,attack,No
5325,0,0,0.02297737258620403,-4.197563171386719,-0.4475632905960083,attack,No
5326,0,0,0.014063626216776943,-4.892374515533447,-0.6423744559288025,attack,no
5327,0,0,0.002182715926080975,-6.703215599060059,-0.5782153606414795,attack,no
5328,0,0,0.004070138199119559,-6.136877059936523,-0.636877179145813,attack,no
5329,0,0,0.0019267347779485435,-6.827947616577148,-0.5779476761817932,attack,No
5330,0,0,0.0015011821673938809,-7.077678203582764,-0.5776781439781189,attack,no
5331,0,0,0.0028009265509193865,-6.264800548553467,-0.38980039954185486,attack,No
5332,0,0,0.0017007220066411306,-6.952582359313965,-0.5775821208953857,attack,No
5333,0,0,0.002472623303650189,-6.5781168937683105,-0.5781169533729553,attack,No
5334,0,0,0.01798620890931226,-4.644845962524414,-0.6448459029197693,attack,No
5335,0,0,0.025957358704815272,-4.1678996086120605,-0.5428996682167053,attack,No
5336,0,1,0.5312093733737563,-1.088306188583374,-1.213306188583374,attack,Yes
5337,0,0,0.0028009266341596987,-6.5705366134643555,-0.6955364942550659,attack,no
5338,0,0,0.0013250227327045727,-7.258983612060547,-0.633983850479126,attack,no
5339,0,0,0.020332355717182622,-4.52292013168335,-0.6479202508926392,attack,no
5340,0,0,0.053403325280175794,-3.303290843963623,-0.4282907545566559,attack,No
5341,0,0,0.0024726234506656126,-6.579950332641602,-0.5799504518508911,attack,No
5342,0,0,0.005220124764999895,-5.683893203735352,-0.43389302492141724,attack,No
5343,0,0,0.0031726830309918535,-6.140334129333496,-0.39033418893814087,attack,no
5344,0,0,0.003593603221697163,-6.321690559387207,-0.6966907382011414,attack,no
5345,0,0,0.004609572726345088,-6.0115509033203125,-0.636551022529602,attack,no
5346,0,0,0.0474258704848281,-3.5143513679504395,-0.5143513083457947,attack,No
5347,0,0,0.005911067455265844,-5.6534576416015625,-0.5284574031829834,attack,no
5348,0,0,0.009708475908421797,-5.107079029083252,-0.4820789694786072,attack,No
5349,0,0,5.144222140730241e-05,-9.976133346557617,-0.10113349556922913,attack,No
5350,0,0,0.004609572726345088,-5.954730033874512,-0.5797301530838013,attack,No
5351,0,0,0.0010322312211416022,-7.3507843017578125,-0.4757844805717468,attack,No
5352,0,0,0.0015011824354232285,-7.195442199707031,-0.6954423189163208,attack,no
5353,0,0,0.01098694392594878,-5.201346397399902,-0.7013465166091919,attack,no
5354,0,0,0.05340333582602272,-3.6034750938415527,-0.7284752130508423,attack,no
5355,0,0,0.00015843627103374547,-9.224355697631836,-0.4743560254573822,attack,no
5356,0,0,0.00017952803353946743,-8.7526273727417,-0.12762773036956787,attack,No
5357,0,0,0.0013250221805946513,-7.2592453956604,-0.6342452168464661,attack,no
5358,0,0,0.006692851716795015,-5.481196403503418,-0.4811965227127075,attack,No
5359,0,0,0.004609571905888793,-5.956954479217529,-0.5819544196128845,attack,no
5360,0,0,0.0007096703568309563,-7.599391460418701,-0.3493914008140564,attack,no
5361,0,0,9.61023861455292e-05,-9.3130464553833,-0.06304614990949631,attack,No
5362,0,0,0.0028009273000822866,-6.570861339569092,-0.6958614587783813,attack,no
5363,0,0,0.005911068505999277,-5.8227925300598145,-0.6977924704551697,attack,no
5364,0,0,0.0021827168347934166,-6.601183891296387,-0.47618407011032104,attack,no
5365,0,0,0.001926734204843272,-6.775357246398926,-0.5253570079803467,attack,No
5366,0,0,0.003172683219498529,-6.385456562042236,-0.6354566812515259,attack,no
5367,0,0,0.0028009266341596987,-6.351689338684082,-0.4766892194747925,attack,No
5368,0,0,0.0010322310060236924,-7.350459575653076,-0.4754595458507538,attack,no
5369,0,0,0.000804085887740518,-7.555141448974609,-0.4301413893699646,attack,no
5370,0,0,0.0010322312211416022,-7.508637428283691,-0.6336376070976257,attack,No
5371,0,0,0.0024726231566347748,-6.6953887939453125,-0.6953887939453125,attack,no
5372,0,1,0.5926666143433998,-0.8729104399681091,-1.247910499572754,attack,Yes
5373,0,0,0.01798621259404007,-4.447148323059082,-0.44714847207069397,attack,no
5374,0,0,0.008577483893094128,-5.232007026672363,-0.48200684785842896,attack,No
5375,0,0,0.0010322312826038706,-7.399448394775391,-0.5244486331939697,attack,no
5376,0,0,0.005220125693558397,-5.729543685913086,-0.47954368591308594,attack,No
5377,0,0,0.0011695103346822365,-7.225400447845459,-0.47540050745010376,attack,No
5378,0,0,0.0010322312826038706,-7.351229667663574,-0.4762299060821533,attack,No
5379,0,0,0.0019267343767748358,-6.600966453552246,-0.35096630454063416,attack,no
5380,0,0,0.01406362456384003,-4.8360137939453125,-0.5860136151313782,attack,No
5381,0,0,0.0040701369910610885,-5.978492259979248,-0.4784920811653137,attack,no
5382,0,0,0.14804720930852133,-2.191986560821533,-0.44198665022850037,attack,No
5383,0,0,0.0019267343194643127,-6.72587251663208,-0.47587233781814575,attack,No
5384,0,0,0.0019267344340853601,-6.77492094039917,-0.5249208211898804,attack,No
5385,0,0,0.0010322308523680697,-7.4528398513793945,-0.5778396725654602,attack,no
5386,0,0,0.005911068505999277,-5.6548662185668945,-0.5298661589622498,attack,no
5387,0,0,0.000487857122782266,-8.149087905883789,-0.5240879058837891,attack,no
5388,0,0,0.014063627869714051,-4.954455852508545,-0.7044559121131897,attack,no
5389,0,0,0.0024726228717924337,-6.051965236663818,-0.05196512117981911,attack,No
5390,0,0,0.005911069731855184,-5.605148792266846,-0.48014894127845764,attack,No
5391,0,0,0.0035936021545687705,-5.977590560913086,-0.3525904417037964,attack,no
5392,0,0,0.0008040857919630916,-7.351838111877441,-0.22683793306350708,attack,no
5393,0,0,0.002800927216841955,-6.264821529388428,-0.3898216187953949,attack,No
5394,0,0,0.00015843621674201637,-8.86352825164795,-0.11352823674678802,attack,No
5395,0,0,0.0015011824354232285,-7.07823371887207,-0.5782338380813599,attack,No
5396,0,0,0.00043055722241147626,-8.13741397857666,-0.3874143064022064,attack,no
5397,0,0,0.0031726826539785367,-6.328713893890381,-0.5787138342857361,attack,No
5398,0,0,0.004070137957507836,-6.08009147644043,-0.5800915360450745,attack,No
5399,0,0,0.01243164865786858,-4.960170745849609,-0.585170567035675,attack,no
5400,0,0,0.34864513533394575,-1.5623782873153687,-0.9373782873153687,attack,No
5401,0,0,0.0031726830309918535,-6.385185718536377,-0.6351857781410217,attack,No
5402,0,0,0.0010322310060236924,-7.158227443695068,-0.28322741389274597,attack,no
5403,0,0,0.0040701384407312935,-6.196479797363281,-0.6964799761772156,attack,no
5404,0,0,0.0019267343194643127,-6.828474521636963,-0.5784743428230286,attack,No
5405,0,0,0.03308597648187432,-3.8816795349121094,-0.5066794753074646,attack,no
5406,0,0,0.0035936025814200896,-6.205796718597412,-0.5807967185974121,attack,no
5407,0,0,0.003593603221697163,-6.016407012939453,-0.39140719175338745,attack,no
5408,0,0,0.06754668550840877,-2.9174022674560547,-0.2924021780490875,attack,No
5409,0,0,0.0015011822232333244,-6.551211357116699,-0.05121133476495743,attack,No
5410,0,0,0.001501181899364581,-6.9305925369262695,-0.43059229850769043,attack,No
5411,0,0,0.16451644651115205,-2.333859920501709,-0.7088598012924194,attack,No
5412,0,0,0.01590639077880068,-4.828832149505615,-0.7038320899009705,attack,no
5413,0,0,0.0031726828424851893,-6.182096481323242,-0.4320964813232422,attack,No
5414,0,0,0.0008040857440743825,-7.6004133224487305,-0.47541308403015137,attack,no
5415,0,0,0.0017007224620345643,-6.6912760734558105,-0.31627610325813293,attack,No
5416,0,0,0.0019267345487064141,-6.944883823394775,-0.6948837637901306,attack,no
5417,0,0,0.00029595720168907913,-8.599642753601074,-0.4746430516242981,attack,no
5418,0,0,0.020332356904444657,-4.52101469039917,-0.6460148692131042,attack,no
5419,0,0,0.000804086031406679,-7.474619388580322,-0.3496195077896118,attack,no
5420,0,0,0.0015011825247663551,-6.9762187004089355,-0.4762188792228699,attack,no
5421,0,0,0.0009110511944006454,-7.634528160095215,-0.6345281600952148,attack,No
5422,0,0,0.0003353500205670236,-8.429908752441406,-0.42990842461586,attack,no
5423,0,0,0.053403325280175794,-3.306711196899414,-0.4317111074924469,attack,No
5424,0,0,0.003593603221697163,-6.261098861694336,-0.6360990405082703,attack,no
5425,0,0,0.009708477054526368,-5.02154541015625,-0.3965454697608948,attack,no
5426,0,0,0.002182716185713063,-6.516972064971924,-0.3919719457626343,attack,no
5427,0,0,0.006692851716795015,-5.581069469451904,-0.5810695886611938,attack,No
5428,0,0,0.11920290950590741,-2.6325364112854004,-0.6325362920761108,attack,no
5429,0,0,0.0019267344913958867,-6.681421756744385,-0.4314216673374176,attack,no
5430,0,0,0.0024726234506656126,-6.390264511108398,-0.390264630317688,attack,no
5431,0,0,0.0024726231566347748,-6.39014196395874,-0.39014196395874023,attack,no
5432,0,0,0.0024726225685732036,-6.635046005249023,-0.6350457668304443,attack,No
5433,0,0,0.004609572999830552,-6.012177467346191,-0.6371776461601257,attack,No
5434,0,0,0.0015011823907516671,-6.976239204406738,-0.47623929381370544,attack,no
5435,0,0,0.001926734204843272,-6.828803062438965,-0.5788028240203857,attack,No
5436,0,0,0.003593602688132928,-6.103588104248047,-0.47858813405036926,attack,no
5437,0,0,0.0046095710854326425,-5.853232383728027,-0.47823214530944824,attack,no
5438,0,0,0.0006263340088732682,-7.628119468688965,-0.25311923027038574,attack,no
5439,0,0,0.014063626216776943,-4.786825656890869,-0.5368255972862244,attack,no
5440,0,0,0.0013250226538317129,-7.013613700866699,-0.38861387968063354,attack,no
5441,0,0,0.022977367233847502,-4.290731430053711,-0.5407313108444214,attack,No
5442,0,0,0.07585818002124356,-3.135458469390869,-0.6354584693908691,attack,No
5443,0,0,0.002182715990988994,-6.556393623352051,-0.43139341473579407,attack,no
5444,0,0,0.0002305067906736714,-8.951654434204102,-0.5766547322273254,attack,no
5445,0,0,0.00013982211991576043,-8.913993835449219,-0.03899415209889412,attack,No
5446,0,0,0.0008040858637961602,-7.514149188995361,-0.38914909958839417,attack,no
5447,0,0,0.007577242164294059,-5.457486629486084,-0.5824867486953735,attack,No
5448,0,0,0.0031726828424851893,-6.331697463989258,-0.5816974639892578,attack,no
5449,0,0,0.03308598220236406,-3.921566963195801,-0.5465670824050903,attack,No
5450,0,0,0.0010322307909058268,-7.350465774536133,-0.4754655361175537,attack,no
5451,0,0,0.001700722310236739,-6.690791130065918,-0.3157910704612732,attack,No
5452,0,0,0.029312233295254994,-3.9120869636535645,-0.4120870530605316,attack,No
5453,0,0,0.0007096702511568873,-7.532344341278076,-0.28234413266181946,attack,no
5454,0,0,0.005911067805510302,-5.653264045715332,-0.5282638669013977,attack,no
5455,0,0,0.07585817166422973,-3.0098514556884766,-0.509851336479187,attack,no
5456,0,0,0.29421497216298875,-1.7002482414245605,-0.8252482414245605,attack,No
5457,0,0,0.003172683408005215,-6.0670952796936035,-0.31709545850753784,attack,no
5458,0,0,0.0011695105435624257,-7.225948333740234,-0.4759485721588135,attack,No
5459,0,0,0.0019267350071906994,-6.828612804412842,-0.5786129832267761,attack,No
5460,0,0,0.009708478200631072,-5.108464241027832,-0.48346441984176636,attack,No
5461,0,0,0.007577242164294059,-5.573818206787109,-0.6988183259963989,attack,no
5462,0,0,0.002472623009619369,-6.635101318359375,-0.6351012587547302,attack,no
5463,0,0,0.000804086031406679,-7.513182640075684,-0.38818275928497314,attack,no
5464,0,0,0.4073334000459302,-1.356877088546753,-0.9818770885467529,attack,no
5465,0,0,0.0006263340648368211,-7.689184188842773,-0.3141840398311615,attack,No
5466,0,0,0.00033535008425874846,-8.049437522888184,-0.04943738505244255,attack,No
5467,0,0,0.003172683219498529,-6.329547882080078,-0.5795480012893677,attack,No
5468,0,0,0.0008040859356292355,-7.7024383544921875,-0.5774383544921875,attack,No
5469,0,0,0.004609571358918011,-5.955533027648926,-0.5805328488349915,attack,no
5470,0,1,0.5926665999540697,-0.8403351306915283,-1.2153351306915283,attack,Yes
5471,0,0,0.00359360194114313,-6.0156660079956055,-0.39066582918167114,attack,no
5472,0,0,0.001700722816229541,-7.069762229919434,-0.6947624683380127,attack,no
5473,0,0,0.0007096705523280251,-7.341721534729004,-0.09172175079584122,attack,No
5474,0,0,0.005220126003077935,-5.683650016784668,-0.43365007638931274,attack,no
5475,0,0,0.0008040860792954051,-7.701956272125244,-0.5769564509391785,attack,no
5476,0,0,0.0046095710854326425,-5.955378532409668,-0.5803782939910889,attack,no
5477,0,0,0.0013250222594674832,-7.202945232391357,-0.5779451131820679,attack,No
5478,0,0,0.0031726835965119127,-6.276529312133789,-0.5265295505523682,attack,no
5479,0,0,0.0007096705259094992,-7.827023506164551,-0.5770236849784851,attack,no
5480,0,0,0.00043055692741172794,-8.326594352722168,-0.5765939950942993,attack,No
5481,0,0,0.0008040857919630916,-7.439983367919922,-0.31498318910598755,attack,no
5482,0,0,0.13296424706933604,-2.5036327838897705,-0.6286328434944153,attack,No
5483,0,0,0.004070137715896127,-6.196863174438477,-0.6968631744384766,attack,no
5484,0,0,0.0031726828424851893,-6.1402668952941895,-0.39026689529418945,attack,no
5485,0,0,0.005911069906977476,-5.604959487915039,-0.4799596667289734,attack,No
5486,0,1,0.8354835371034369,-0.4328794479370117,-2.0578794479370117,attack,Yes
5487,0,0,0.0007096702722916998,-7.826911926269531,-0.5769117474555969,attack,no
5488,0,0,0.1329642333263228,-2.5263755321502686,-0.6513754725456238,attack,no
5489,0,0,0.003172683408005215,-6.101567268371582,-0.35156744718551636,attack,no
5490,0,0,0.002800926967120973,-6.454498767852783,-0.5794987678527832,attack,No
5491,0,0,0.0021827165751612514,-6.7032470703125,-0.5782471299171448,attack,no
5492,0,0,0.04208772791561884,-3.6347453594207764,-0.5097453594207764,attack,no
5493,0,0,0.0008040860792954051,-7.649247646331787,-0.5242478251457214,attack,No
5494,0,0,0.017986213120429816,-4.644669532775879,-0.6446697115898132,attack,No
5495,0,0,0.0040701374742844335,-6.080649375915527,-0.5806493163108826,attack,no
5496,0,0,0.0024726237446964848,-6.390214920043945,-0.3902151584625244,attack,No
5497,0,0,0.005220126622117065,-5.888916015625,-0.6389161944389343,attack,no
5498,0,0,0.002472623009619369,-6.432605743408203,-0.43260568380355835,attack,No
5499,0,0,0.0013250223383403197,-7.149858474731445,-0.5248584151268005,attack,No
5500,0,0,0.006692849735519792,-5.63922643661499,-0.6392262578010559,attack,no
5501,0,0,0.06008665017400762,-3.4855682849884033,-0.7355682849884033,attack,no
5502,0,0,0.01098694263059318,-5.03318977355957,-0.5331897735595703,attack,no
5503,0,1,0.6224593171945417,-0.8390615582466125,-1.3390614986419678,attack,Yes
5504,0,0,0.0035936017277175022,-6.2041215896606445,-0.5791213512420654,attack,No
5505,0,0,0.006692852509305267,-5.6386823654174805,-0.6386826038360596,attack,no
5506,0,0,0.0007096705259094992,-7.724990367889404,-0.4749905467033386,attack,no
5507,0,0,0.0021827163155291175,-6.703924179077148,-0.5789241194725037,attack,No
5508,0,0,0.002800926967120973,-6.4540791511535645,-0.5790791511535645,attack,No
5509,0,0,0.020332356904444657,-4.4132466316223145,-0.5382468104362488,attack,No
5510,0,0,0.0031726825597252145,-6.182421684265137,-0.43242159485816956,attack,no
5511,0,0,0.08509904036636974,-3.073991537094116,-0.6989914774894714,attack,no
5512,0,0,0.0015011826141094868,-6.975948333740234,-0.4759485721588135,attack,no
5513,0,0,0.000911051248654057,-7.5772223472595215,-0.5772224068641663,attack,No
5514,0,0,0.005220125074519377,-5.728987216949463,-0.47898709774017334,attack,No
5515,0,0,0.020332353342658753,-4.521576881408691,-0.6465768814086914,attack,No
5516,0,0,0.0017007225126338423,-6.95272159576416,-0.5777216553688049,attack,No
5517,0,0,0.0007096703145613268,-7.943826675415039,-0.6938265562057495,attack,no
5518,0,0,0.0293122256635596,-4.2117133140563965,-0.7117131352424622,attack,no
5519,0,0,0.00218271670497733,-6.761807918548584,-0.6368080377578735,attack,No
5520,0,0,0.0019267350071906994,-6.726741313934326,-0.4767414927482605,attack,no
5521,0,0,0.00218271670497733,-6.8200364112854,-0.6950365304946899,attack,no
5522,0,0,0.0028009274665629583,-6.454031944274902,-0.5790321230888367,attack,No
5523,0,0,0.010986941335237732,-5.143888473510742,-0.6438883543014526,attack,No
5524,0,0,0.007577241267860811,-5.456881999969482,-0.5818819999694824,attack,No
5525,0,0,0.00359360194114313,-5.978288650512695,-0.353288471698761,attack,no
5526,0,0,0.022977371917159397,-3.848113775253296,-0.09811386466026306,attack,No
5527,0,0,0.0021827164453451808,-6.601681232452393,-0.4766812324523926,attack,no
5528,0,0,0.001700722411435288,-6.851318836212158,-0.4763188362121582,attack,no
5529,0,0,0.004609572316116922,-5.767289161682129,-0.3922891914844513,attack,no
5530,0,0,0.14804719051380197,-2.3915390968322754,-0.6415390372276306,attack,No
5531,0,1,0.7057850402140659,-0.5988990664482117,-1.4738991260528564,attack,Yes
5532,0,0,0.002800927216841955,-6.264867305755615,-0.3898673951625824,attack,No
5533,0,0,0.0015011821673938809,-7.13390588760376,-0.633905827999115,attack,No
5534,0,0,0.0019267348925696179,-6.945098876953125,-0.6950989961624146,attack,no
5535,0,0,0.0040701369910610885,-6.079732894897461,-0.5797327160835266,attack,no
5536,0,0,0.0008040859835179557,-7.701964378356934,-0.5769644379615784,attack,no
5537,0,0,0.0021827165751612514,-6.7032551765441895,-0.5782552361488342,attack,No
5538,0,0,0.0024726237446964848,-6.695341110229492,-0.6953413486480713,attack,no
5539,0,0,0.004609572999830552,-6.071934700012207,-0.6969348788261414,attack,no
5540,0,0,0.004070137957507836,-6.08041524887085,-0.5804153084754944,attack,no
5541,0,0,0.0003799846279530604,-8.188722610473633,-0.3137229084968567,attack,No
5542,0,1,0.7057850402140659,-0.5247940421104431,-1.399794101715088,attack,Yes
5543,0,0,0.014063625390308462,-4.8374223709106445,-0.587422251701355,attack,No
5544,0,0,0.0011695101258020842,-7.327322959899902,-0.5773228406906128,attack,no
5545,0,0,0.000295957007701909,-8.701494216918945,-0.5764938592910767,attack,no
5546,0,0,0.4378234991142019,-1.3488869667053223,-1.0988869667053223,attack,no
5547,0,0,0.0035936027948457686,-6.205255508422852,-0.5802555680274963,attack,No
5548,0,0,0.20181323186177208,-2.0678160190582275,-0.6928160786628723,attack,No
5549,0,0,0.0013250225749588576,-7.151203155517578,-0.5262032747268677,attack,no
5550,0,0,0.001700722360836013,-6.8516106605529785,-0.47661063075065613,attack,no
5551,0,0,0.009708475335369565,-5.265236854553223,-0.6402367353439331,attack,no
5552,0,0,0.0019267350071906994,-6.944859504699707,-0.6948596835136414,attack,no
5553,0,0,0.22270012850745968,-2.0056116580963135,-0.7556115984916687,attack,No
5554,0,0,0.0040701374742844335,-6.136353492736816,-0.6363534331321716,attack,no
5555,0,0,0.007577242164294059,-5.5141143798828125,-0.639114499092102,attack,No
5556,0,0,0.1480472055495773,-2.4280412197113037,-0.6780412793159485,attack,no
5557,0,0,0.0035936021545687705,-6.102678298950195,-0.47767817974090576,attack,No
5558,0,0,0.020332352155396922,-4.414103031158447,-0.5391029715538025,attack,No
5559,0,0,0.0675466911396291,-3.251225233078003,-0.6262252330780029,attack,No
5560,0,0,0.11920292828022305,-2.721349000930786,-0.7213490605354309,attack,no
5561,0,0,0.0006263341954184638,-7.849970817565918,-0.47497087717056274,attack,No
5562,0,0,0.005220125384038879,-5.886690139770508,-0.636690080165863,attack,No
5563,0,0,0.006692851122412387,-5.480138301849365,-0.4801383316516876,attack,no
5564,0,0,0.008577484399966718,-5.333586692810059,-0.583586573600769,attack,No
5565,0,0,0.005911068856243796,-5.823021411895752,-0.698021411895752,attack,no
5566,0,0,5.8291267615391735e-05,-9.800044059753418,-0.050044093281030655,attack,No
5567,0,0,0.01243165304850344,-5.077877044677734,-0.7028772234916687,attack,no
5568,0,0,0.003593603008271459,-6.204643726348877,-0.5796438455581665,attack,no
5569,0,0,0.005911068856243796,-5.706058979034424,-0.5810589790344238,attack,no
5570,0,0,0.014063623737371644,-4.893113136291504,-0.6431128978729248,attack,No
5571,0,0,0.0015011826141094868,-7.19451904296875,-0.6945192813873291,attack,no
5572,0,0,0.042087723109535534,-3.845552921295166,-0.7205528020858765,attack,no
5573,0,0,0.0024726234506656126,-6.57886266708374,-0.5788627862930298,attack,No
5574,0,0,0.0031726824654718946,-6.446120262145996,-0.6961201429367065,attack,no
5575,0,0,0.008577484906839334,-5.334446430206299,-0.584446370601654,attack,No
5576,0,0,0.004609571905888793,-5.903051376342773,-0.5280513167381287,attack,No
5577,0,0,0.00017952801147322762,-8.674260139465332,-0.049260374158620834,attack,No
5578,0,0,0.2689414213699951,-1.8665602207183838,-0.8665602207183838,attack,no
5579,0,0,0.0009110514114143117,-7.694332122802734,-0.6943323612213135,attack,no
5580,0,0,0.002800926967120973,-6.351941108703613,-0.4769411087036133,attack,no
5581,0,0,0.001700722411435288,-6.899919033050537,-0.5249190330505371,attack,no
5582,0,0,0.01406362952265135,-4.651524066925049,-0.40152424573898315,attack,no
5583,0,0,0.033085981248949035,-3.7924396991729736,-0.4174397885799408,attack,no
5584,0,0,6.605214337836495e-05,-9.7264404296875,-0.10144040733575821,attack,No
5585,0,0,0.0006263339715642358,-8.068740844726562,-0.6937405467033386,attack,no
5586,0,0,0.0028009274665629583,-6.265089988708496,-0.3900901675224304,attack,No
5587,0,0,0.0040701369910610885,-6.02696418762207,-0.526964008808136,attack,No
5588,0,0,0.004070137715896127,-6.081026554107666,-0.581026554107666,attack,no
5589,0,0,0.009708474189265195,-5.326013565063477,-0.7010133266448975,attack,no
5590,0,0,0.000552778702783526,-8.133649826049805,-0.6336499452590942,attack,no
5591,0,0,0.008577485920584663,-5.3919453620910645,-0.6419454216957092,attack,no
5592,0,0,0.0019267343194643127,-6.945074081420898,-0.6950739026069641,attack,no
5593,0,0,0.003172683408005215,-6.44647216796875,-0.6964723467826843,attack,no
5594,0,0,0.008577486427457372,-5.4526896476745605,-0.7026897668838501,attack,no
5595,0,0,0.00359360194114313,-6.151599407196045,-0.5265992283821106,attack,No
5596,0,0,0.2689414213699951,-1.8599671125411987,-0.8599671125411987,attack,no
5597,0,0,0.0059110692064883365,-5.822634220123291,-0.6976342797279358,attack,no
5598,0,0,0.04208772791561884,-3.546952724456787,-0.4219527244567871,attack,No
5599,0,0,0.4378234991142019,-1.3343355655670166,-1.0843355655670166,attack,no
5600,0,0,0.09534945461636171,-3.0098142623901367,-0.7598141431808472,attack,no
5601,0,0,0.46879062662624377,-1.2312517166137695,-1.1062517166137695,attack,no
5602,0,0,0.0011695102650555148,-7.064998149871826,-0.31499814987182617,attack,no
5603,0,0,0.1480471829959148,-2.5478453636169434,-0.7978452444076538,attack,no
5604,0,0,0.0011695100561753752,-7.274631023406982,-0.5246308445930481,attack,no
5605,0,0,0.06754668363133542,-3.1555538177490234,-0.5305536985397339,attack,No
5606,0,0,0.002472623303650189,-6.476733207702637,-0.4767332673072815,attack,No
5607,0,0,0.0009110510045137297,-7.388434410095215,-0.38843420147895813,attack,no
5608,0,0,0.0028009264676790765,-6.510275840759277,-0.635275661945343,attack,No
5609,0,0,0.009708474762317362,-5.264735698699951,-0.6397355198860168,attack,No
5610,0,0,0.0008040857919630916,-7.649423122406006,-0.5244229435920715,attack,no
5611,0,0,0.009708475335369565,-5.324959754943848,-0.6999596357345581,attack,no
5612,0,0,0.002472623009619369,-6.634871482849121,-0.6348714232444763,attack,no
5613,0,0,0.042087725512577126,-3.7864632606506348,-0.66146320104599,attack,no
5614,0,0,0.0017007224620345643,-6.85100793838501,-0.47600796818733215,attack,No
5615,0,0,0.0011695099865486702,-7.327973365783691,-0.5779731273651123,attack,No
5616,0,0,0.04742587587030561,-3.6664390563964844,-0.6664391160011292,attack,No
5617,0,0,0.01243164938964095,-4.960301876068115,-0.5853017568588257,attack,No
5618,0,0,0.002472623009619369,-6.695367813110352,-0.6953677535057068,attack,no
5619,0,0,0.0011695101954287976,-7.225739002227783,-0.4757389426231384,attack,no
5620,0,0,4.539785010005637e-05,-10.089910507202148,-0.0899100974202156,attack,No
5621,0,0,0.002472623524173327,-6.476944446563721,-0.47694459557533264,attack,No
5622,0,0,0.10669059394565118,-2.687096357345581,-0.562096357345581,attack,No
5623,0,0,0.01098694263059318,-5.141391277313232,-0.6413912773132324,attack,No
5624,0,0,0.006692852113050128,-5.582989692687988,-0.5829898715019226,attack,no
5625,0,0,0.012431650853185818,-4.960441589355469,-0.5854415893554688,attack,No
5626,0,0,0.003172683219498529,-6.32922887802124,-0.5792289972305298,attack,no
5627,0,0,0.0009110510858938316,-7.57776403427124,-0.5777639150619507,attack,No
5628,0,0,0.0008040860553510418,-7.439241886138916,-0.31424203515052795,attack,no
5629,0,0,0.008577484906839334,-5.4489312171936035,-0.6989311575889587,attack,no
5630,0,0,0.0009110510858938316,-7.5246262550354,-0.5246261358261108,attack,no
5631,0,0,0.004070138561537168,-5.933133125305176,-0.4331333339214325,attack,no
5632,0,0,0.002472622715588583,-6.39036750793457,-0.390367329120636,attack,no
5633,0,0,0.009708476768000214,-5.0207200050354,-0.3957200348377228,attack,No
5634,0,0,0.00043055717110715777,-8.226000785827637,-0.47600099444389343,attack,no
5635,0,0,0.0031726828424851893,-6.329071521759033,-0.5790715217590332,attack,No
5636,0,0,0.00037998433363002117,-8.451826095581055,-0.5768256187438965,attack,No
5637,0,0,0.008577484906839334,-5.391448497772217,-0.641448438167572,attack,No
5638,0,0,0.00280092763304364,-6.570625305175781,-0.6956255435943604,attack,no
5639,0,0,0.022977365895758564,-4.4593825340271,-0.7093823552131653,attack,no
5640,0,0,0.0017007225126338423,-6.7270379066467285,-0.3520379662513733,attack,no
5641,0,0,0.007577241716077422,-5.1965837478637695,-0.3215838074684143,attack,No
5642,0,0,0.0019267349498801579,-6.7272772789001465,-0.4772774279117584,attack,No
5643,0,0,0.010986942306754304,-4.984004974365234,-0.484004944562912,attack,no
5644,0,0,0.0008040859835179557,-7.474646091461182,-0.3496461510658264,attack,No
5645,0,0,0.020332355717182622,-4.319906711578369,-0.4449068307876587,attack,No
5646,0,0,0.002182716380437148,-6.557624816894531,-0.43262478709220886,attack,No
5647,0,0,0.0021827163155291175,-6.601794242858887,-0.47679418325424194,attack,No
5648,0,0,0.0031726822769652645,-6.1403727531433105,-0.3903725743293762,attack,no
5649,0,0,0.0019267350071906994,-6.828370094299316,-0.5783702731132507,attack,No
5650,0,0,0.0019267346633274755,-6.681415557861328,-0.4314155578613281,attack,no
5651,0,0,0.01590639077880068,-4.829307556152344,-0.704307496547699,attack,no
5652,0,0,0.01798621417320936,-4.645988464355469,-0.6459887027740479,attack,No
5653,0,0,0.0021827166400692896,-6.556303024291992,-0.43130311369895935,attack,no
5654,0,0,0.005220126312597491,-5.781301975250244,-0.5313020944595337,attack,no
5655,0,0,0.0010322310060236924,-7.263272285461426,-0.3882722556591034,attack,no
5656,0,0,0.053403329799824234,-3.602571725845337,-0.7275717258453369,attack,no
5657,0,0,0.004070137232672753,-6.136183738708496,-0.6361836194992065,attack,No
5658,0,0,0.005220125693558397,-5.947171211242676,-0.6971712112426758,attack,no
5659,0,0,0.005911068681121534,-5.517679214477539,-0.3926791846752167,attack,no
5660,0,0,0.0015011820780507757,-7.077395439147949,-0.5773953199386597,attack,no
5661,0,0,0.0015011824354232285,-7.13460111618042,-0.6346012353897095,attack,no
5662,0,0,0.0019267343767748358,-6.56555700302124,-0.3155568540096283,attack,no
5663,0,0,0.0019267350071906994,-6.828556060791016,-0.57855623960495,attack,no
5664,0,0,0.0035936027948457686,-6.057415962219238,-0.43241602182388306,attack,No
5665,0,0,0.006692852509305267,-5.5295515060424805,-0.5295517444610596,attack,no
5666,0,0,0.014063625390308462,-4.838226795196533,-0.5882266759872437,attack,No
5667,0,0,0.03732688306051187,-3.911406993865967,-0.6614068746566772,attack,no
5668,0,0,0.000911051248654057,-7.577133655548096,-0.5771337151527405,attack,No
5669,0,0,0.0059110692064883365,-5.653688430786133,-0.5286884903907776,attack,no
5670,0,0,0.10669059394565118,-2.8345534801483154,-0.7095534801483154,attack,No
5671,0,0,0.0075772408196442265,-5.459070682525635,-0.58407062292099,attack,no
5672,0,0,0.025957363225871038,-4.336973190307617,-0.7119734287261963,attack,no
5673,0,0,0.0013250222594674832,-7.319427490234375,-0.6944273710250854,attack,no
5674,0,0,0.00015843623326558412,-8.850932121276855,-0.10093221068382263,attack,No
5675,0,0,0.08509904964767095,-3.019376039505005,-0.6443760991096497,attack,No
5676,0,0,0.0021827164453451808,-6.601489067077637,-0.4764890670776367,attack,no
5677,0,0,0.0028009274665629583,-6.45336389541626,-0.5783640742301941,attack,No
5678,0,0,0.004070137957507836,-6.080689430236816,-0.5806894898414612,attack,no
5679,0,0,0.0031726824654718946,-6.0670318603515625,-0.31703174114227295,attack,No
5680,0,0,0.0024726237446964848,-6.526007652282715,-0.526007890701294,attack,No
5681,0,0,0.0373268852023206,-3.9093456268310547,-0.6593455672264099,attack,No
5682,0,0,0.32082130082460697,-1.6538153886795044,-0.9038153886795044,attack,No
5683,0,0,0.015906388912772775,-4.712708473205566,-0.5877082943916321,attack,No
5684,0,0,0.002182716185713063,-6.5160651206970215,-0.39106500148773193,attack,No
5685,0,0,0.0008040859356292355,-7.758436679840088,-0.6334366798400879,attack,No
5686,0,0,0.001700722816229541,-6.851048469543457,-0.47604870796203613,attack,no
5687,0,0,0.009708477341052534,-5.107148170471191,-0.48214825987815857,attack,No
5688,0,0,0.0013250221805946513,-7.2024149894714355,-0.5774148106575012,attack,No
5689,0,0,0.0004878570900848571,-7.680936336517334,-0.05593626946210861,attack,No
5690,0,0,0.0010322310367548194,-7.452285289764404,-0.5772852897644043,attack,No
5691,0,0,0.00522012445548043,-5.643943786621094,-0.39394354820251465,attack,no
5692,0,0,0.24508501313237172,-1.924869179725647,-0.799869179725647,attack,no
5693,0,0,0.0031726828424851893,-6.3285298347473145,-0.5785298347473145,attack,no
5694,0,0,0.0031726826539785367,-6.385552883148193,-0.6355528235435486,attack,No
5695,0,0,0.2689414330889798,-1.6859865188598633,-0.6859865784645081,attack,No
5696,0,0,0.000804086031406679,-7.702643394470215,-0.5776435136795044,attack,No
5697,0,0,0.0004305571967593163,-8.137630462646484,-0.38763073086738586,attack,no
5698,0,0,0.0001795279158528865,-9.099595069885254,-0.47459477186203003,attack,No
5699,0,0,0.0159063898457867,-4.661202907562256,-0.5362027883529663,attack,No
5700,0,0,0.0028009273000822866,-6.453789710998535,-0.5787898302078247,attack,No
5701,0,0,0.02297737526238275,-4.243335723876953,-0.4933359622955322,attack,No
5702,0,0,0.0035936034351228795,-6.151766777038574,-0.5267670154571533,attack,No
5703,0,0,0.005911069906977476,-5.7059831619262695,-0.5809833407402039,attack,no
5704,0,0,0.009708476768000214,-5.061516761779785,-0.43651679158210754,attack,No
5705,0,0,0.0017007221078396608,-6.952931880950928,-0.5779317021369934,attack,no
5706,0,0,0.0013250223383403197,-7.014125823974609,-0.3891257643699646,attack,No
5707,0,0,0.001700722209038197,-6.953707218170166,-0.5787070989608765,attack,No
5708,0,0,0.0013250224172131609,-7.100563049316406,-0.47556304931640625,attack,no
5709,0,0,0.002472622862603971,-6.579214096069336,-0.5792139768600464,attack,no
5710,0,1,0.8175744673038221,-0.4601317048072815,-1.9601316452026367,attack,Yes
5711,0,0,0.033085978388704126,-3.92399001121521,-0.54899001121521,attack,No
5712,0,0,0.0015011822567369915,-7.195089340209961,-0.6950893402099609,attack,no
5713,0,0,0.32082130082460697,-1.7112888097763062,-0.9612888097763062,attack,no
5714,0,0,0.0019267343194643127,-6.776406288146973,-0.5264061093330383,attack,No
5715,0,0,0.0021827163155291175,-6.759730815887451,-0.6347307562828064,attack,no
5716,0,0,0.0019267346633274755,-6.827768325805664,-0.5777683258056641,attack,no
5717,0,0,0.04742587317756679,-3.608494281768799,-0.6084942817687988,attack,No
5718,0,0,0.0009110510858938316,-7.576905727386475,-0.5769056081771851,attack,no
5719,0,0,0.04742587317756679,-3.6082091331481934,-0.6082091331481934,attack,No
5720,0,0,0.005220124764999895,-5.729411602020264,-0.47941142320632935,attack,no
5721,0,0,0.001700722816229541,-7.069850921630859,-0.6948511600494385,attack,no
5722,0,1,0.679178699175393,-0.6874750852584839,-1.4374750852584839,attack,Yes
5723,0,0,0.0040701374742844335,-6.02664852142334,-0.5266484618186951,attack,No
5724,0,0,0.18242552380635632,-2.3200509548187256,-0.8200509548187256,attack,no
5725,0,0,0.0035936018344303144,-6.0578293800354,-0.4328291714191437,attack,No
5726,0,0,0.0013250224172131609,-7.150100231170654,-0.5251002311706543,attack,No
5727,0,0,0.002182716185713063,-6.82043981552124,-0.6954396963119507,attack,no
5728,0,0,0.005220124764999895,-5.887424945831299,-0.6374247670173645,attack,No
5729,0,0,0.0019267344340853601,-6.775813579559326,-0.5258134603500366,attack,No
5730,0,0,0.008577486427457372,-5.279969692230225,-0.5299698114395142,attack,No
5731,0,0,0.0006263340275277853,-7.8048014640808105,-0.42980125546455383,attack,no
5732,0,0,0.0010322308523680697,-7.305399417877197,-0.43039923906326294,attack,No
5733,0,0,0.0009110513029074721,-7.695396423339844,-0.6953965425491333,attack,no
5734,0,0,0.0031726824654718946,-6.445688724517822,-0.6956886053085327,attack,no
5735,0,0,0.003172683219498529,-6.446075439453125,-0.6960755586624146,attack,no
5736,0,0,0.01798620785653302,-4.646739482879639,-0.6467393636703491,attack,No
5737,0,0,0.015906392644828796,-4.713050842285156,-0.588050901889801,attack,no
5738,0,0,0.001700722411435288,-7.01026725769043,-0.6352672576904297,attack,no
5739,0,0,0.1066905825840872,-2.8956170082092285,-0.770616888999939,attack,no
5740,0,0,0.0005527785545987024,-7.9751129150390625,-0.47511276602745056,attack,no
5741,0,0,0.0017007221078396608,-6.952709674835205,-0.5777094960212708,attack,No
5742,0,0,0.0011695100213620223,-7.180134296417236,-0.4301340878009796,attack,no
5743,0,0,0.003593603008271459,-6.320784091949463,-0.6957842111587524,attack,no
5744,0,0,0.017986213120429816,-4.4899420738220215,-0.4899422526359558,attack,no
5745,0,0,0.007577242612510723,-5.457237243652344,-0.5822374224662781,attack,No
5746,0,0,0.4378234991142019,-1.3448059558868408,-1.0948059558868408,attack,no
5747,0,0,0.0013250224172131609,-7.149559020996094,-0.5245590209960938,attack,no
5748,0,0,0.00280092763304364,-6.571163177490234,-0.6961634159088135,attack,no
5749,0,0,0.1066905825840872,-2.89146089553833,-0.7664607763290405,attack,no
5750,0,0,0.0159063879797589,-4.828487396240234,-0.7034871578216553,attack,no
5751,0,0,0.004609571632403393,-6.01180362701416,-0.6368035078048706,attack,No
5752,0,0,0.0011695101606154403,-7.225826740264893,-0.4758266508579254,attack,no
5753,0,0,0.0001795279746961673,-9.012282371520996,-0.3872824013233185,attack,No
5754,0,0,0.0011695104043089619,-7.327573299407959,-0.5775734186172485,attack,no
5755,0,0,0.0015011819887076757,-7.134418487548828,-0.6344183087348938,attack,no
5756,0,0,0.002472623303650189,-6.477639675140381,-0.47763973474502563,attack,no
5757,0,0,0.025957358704815272,-4.119504928588867,-0.49450498819351196,attack,No
5758,0,0,0.0015011824354232285,-7.078125953674316,-0.578126072883606,attack,no
5759,0,0,0.0035936027948457686,-6.103669166564941,-0.4786692261695862,attack,No
5760,0,0,0.06754668363133542,-3.2538304328918457,-0.6288303136825562,attack,no
5761,0,0,0.0015011823460801075,-7.133997440338135,-0.6339974999427795,attack,no
5762,0,0,0.0015011825247663551,-6.9762163162231445,-0.47621649503707886,attack,No
5763,0,0,5.829124090727186e-05,-9.805749893188477,-0.05574946850538254,attack,No
5764,0,0,0.042087723109535534,-3.849010944366455,-0.7240108251571655,attack,no
5765,0,0,0.0021827164777991977,-6.330031394958496,-0.2050314098596573,attack,no
5766,0,0,0.0019267350071906994,-6.944858551025391,-0.694858729839325,attack,no
5767,0,0,0.0021827167698853724,-6.475863933563232,-0.35086408257484436,attack,No
5768,0,0,0.004070137232672753,-5.979162216186523,-0.4791620969772339,attack,no
5769,0,0,0.037326887344129464,-3.9657769203186035,-0.7157769203186035,attack,no
5770,0,0,0.0010322308830991924,-7.225341796875,-0.35034164786338806,attack,no
5771,0,0,0.004609571905888793,-5.767088890075684,-0.3920888304710388,attack,no
5772,0,0,0.014063625390308462,-4.897388458251953,-0.6473883390426636,attack,no
5773,0,0,0.000911051248654057,-7.694091320037842,-0.6940913796424866,attack,no
5774,0,0,0.002472623303650189,-6.578054428100586,-0.5780544877052307,attack,no
5775,0,0,0.0007096702934265129,-7.679850101470947,-0.4298499524593353,attack,no
5776,0,0,0.006692849735519792,-5.6379828453063965,-0.6379826664924622,attack,no
5777,0,0,0.004609571632403393,-5.955489158630371,-0.5804890394210815,attack,No
5778,0,0,0.005220126622117065,-5.778019905090332,-0.5280200839042664,attack,no
5779,0,0,0.0059110695567328965,-5.706425666809082,-0.5814257860183716,attack,no
5780,0,0,0.0013250225749588576,-7.2596435546875,-0.6346436738967896,attack,No
5781,0,0,0.20181320305759334,-2.17045259475708,-0.7954524755477905,attack,No
5782,0,0,0.03308597648187432,-4.090004920959473,-0.7150048613548279,attack,no
5783,0,0,0.00359360332841002,-5.942356109619141,-0.31735631823539734,attack,no
5784,0,0,0.029312234143221275,-4.102092266082764,-0.6020923852920532,attack,no
5785,0,0,0.0031726826539785367,-6.446054458618164,-0.6960543990135193,attack,no
5786,0,0,0.00218271670497733,-6.650881290435791,-0.5258814096450806,attack,No
5787,0,0,0.06008665354025422,-3.427182674407959,-0.6771827340126038,attack,No
5788,0,0,0.2689414213699951,-1.9057717323303223,-0.9057717323303223,attack,no
5789,0,0,0.0010322310367548194,-7.569253444671631,-0.6942534446716309,attack,no
5790,0,0,0.0010322308523680697,-7.452420234680176,-0.5774200558662415,attack,no
5791,0,0,0.0010322312826038706,-7.351269721984863,-0.4762699604034424,attack,no
5792,0,0,0.0019267348925696179,-6.827793121337891,-0.5777932405471802,attack,No
5793,0,0,0.00218271670497733,-6.651128768920898,-0.526128888130188,attack,No
5794,0,0,0.08509904500702024,-2.972477912902832,-0.597477912902832,attack,no
5795,0,0,0.0005527788015734301,-8.02420711517334,-0.5242074131965637,attack,no
5796,0,0,0.22270013882530884,-2.0532588958740234,-0.8032588958740234,attack,No
5797,0,0,0.0001795279265516634,-8.69755744934082,-0.07255721092224121,attack,No
5798,0,0,0.0011695100561753752,-7.327088832855225,-0.5770886540412903,attack,no
5799,0,0,0.004609573273316032,-5.956530570983887,-0.5815308094024658,attack,No
5800,0,0,0.001700722411435288,-7.009670734405518,-0.6346707344055176,attack,No
5801,0,0,0.002182716185713063,-6.703047752380371,-0.5780476331710815,attack,No
5802,0,0,0.029312227359491745,-4.047550201416016,-0.5475500822067261,attack,No
5803,0,0,0.0035936025814200896,-6.204274654388428,-0.5792746543884277,attack,no
5804,0,0,0.0028009266341596987,-6.454748153686523,-0.5797480344772339,attack,no
5805,0,0,0.0031726822769652645,-6.386209011077881,-0.6362088322639465,attack,No
5806,0,0,0.0031726824654718946,-6.2767109870910645,-0.5267108678817749,attack,No
5807,0,0,0.01243164865786858,-5.0761237144470215,-0.7011235356330872,attack,no
5808,0,0,0.0019267343194643127,-6.726080417633057,-0.4760802388191223,attack,no
5809,0,0,0.002182716185713063,-6.703558921813965,-0.5785588026046753,attack,No
5810,0,0,0.015906392644828796,-4.771293640136719,-0.6462936997413635,attack,No
5811,0,0,0.005911070257222078,-5.762930870056152,-0.6379311084747314,attack,no
5812,0,0,0.34864513533394575,-1.4394049644470215,-0.8144049644470215,attack,No
5813,0,0,0.0013250224960860068,-7.259255409240723,-0.6342554688453674,attack,no
5814,0,0,0.0011695100561753752,-7.275445938110352,-0.5254457592964172,attack,no
5815,0,0,0.025957358704815272,-4.335447311401367,-0.710447371006012,attack,no
5816,0,0,0.004070136870255261,-5.934720039367676,-0.43471983075141907,attack,No
5817,0,0,0.004070138199119559,-6.13665246963501,-0.6366525888442993,attack,No
5818,0,0,0.0019267344340853601,-6.944907188415527,-0.6949070692062378,attack,no
5819,0,0,0.010986944573626636,-4.9831953048706055,-0.4831954836845398,attack,No
5820,0,0,0.0059110692064883365,-5.706689834594727,-0.5816898941993713,attack,no
5821,0,0,6.605217438031387e-05,-9.973729133605957,-0.34872958064079285,attack,No
5822,0,0,0.0004878571954431821,-7.827507972717285,-0.2025081217288971,attack,No
5823,0,0,0.014063627043245474,-4.691465854644775,-0.4414658546447754,attack,No
5824,0,1,0.5312093733737563,-1.0726895332336426,-1.1976895332336426,attack,Yes
5825,0,0,0.006692849339264817,-5.581852912902832,-0.5818526744842529,attack,No
5826,0,0,0.020332355717182622,-4.325711250305176,-0.45071136951446533,attack,no
5827,0,0,0.0017007227150309691,-7.069646835327148,-0.6946470141410828,attack,no
5828,0,0,0.0019267346633274755,-6.884875297546387,-0.6348752975463867,attack,No
5829,0,0,0.0024726231566347748,-6.578487873077393,-0.5784878730773926,attack,no
5830,0,0,0.0008040858398518034,-7.377824783325195,-0.25282466411590576,attack,No
5831,0,0,0.0013250225355224317,-7.10105037689209,-0.476050466299057,attack,no
5832,0,0,0.0004305570043681645,-8.326927185058594,-0.5769270062446594,attack,no
5833,0,0,0.025957363225871038,-4.2188310623168945,-0.5938313007354736,attack,No
5834,0,0,0.0011695099865486702,-7.22617244720459,-0.47617220878601074,attack,No
5835,0,0,0.012431647926096252,-4.96107292175293,-0.5860726833343506,attack,No
5836,0,0,0.0013250223383403197,-7.319411277770996,-0.6944112181663513,attack,no
5837,0,0,0.0031726820884586454,-6.329229354858398,-0.5792291164398193,attack,no
5838,0,0,0.0009110512757807642,-7.475239276885986,-0.4752393662929535,attack,no
5839,0,0,0.004070136870255261,-5.932239055633545,-0.4322388470172882,attack,no
5840,0,0,0.022977367233847502,-4.3443708419799805,-0.5943707227706909,attack,No
5841,0,0,0.004609571905888793,-6.073434829711914,-0.6984347701072693,attack,no
5842,0,0,0.04208772791561884,-3.6806552410125732,-0.5556552410125732,attack,No
5843,0,0,0.0003353502303751044,-8.576889991760254,-0.5768902897834778,attack,No
5844,0,0,0.007577239474994629,-5.270468711853027,-0.39546847343444824,attack,no
5845,0,0,0.002800926967120973,-6.51053524017334,-0.6355352401733398,attack,No
5846,0,0,0.0373268852023206,-3.8550398349761963,-0.6050397753715515,attack,no
5847,0,0,0.0017007226138324027,-6.952579498291016,-0.5775796175003052,attack,No
5848,0,0,0.0021827168347934166,-6.759970188140869,-0.6349703669548035,attack,No
5849,0,0,0.0006263343073456077,-7.952467918395996,-0.5774681568145752,attack,no
5850,0,0,0.0021827163155291175,-6.760240077972412,-0.6352400183677673,attack,No
5851,0,0,0.0035936034351228795,-6.20406436920166,-0.5790646076202393,attack,no
5852,0,0,0.00522012615783771,-5.729628086090088,-0.47962817549705505,attack,no
5853,0,0,0.0009110513571608901,-7.388051986694336,-0.38805216550827026,attack,no
5854,0,0,0.0021827163155291175,-6.65038537979126,-0.525385320186615,attack,No
5855,0,0,0.0010322308830991924,-7.225666046142578,-0.3506658971309662,attack,No
5856,0,0,0.11920290950590741,-2.723186492919922,-0.7231863737106323,attack,No
5857,0,0,0.0013250222594674832,-7.320154190063477,-0.695154070854187,attack,no
5858,0,0,0.01243164938964095,-4.815107822418213,-0.44010770320892334,attack,No
5859,0,0,0.002472623303650189,-6.578427791595459,-0.5784278512001038,attack,No
5860,0,0,0.005220126312597491,-5.73065185546875,-0.48065197467803955,attack,no
5861,0,0,0.0015011820780507757,-6.8884453773498535,-0.38844525814056396,attack,No
5862,0,0,0.0015011825247663551,-7.077548980712891,-0.577549159526825,attack,No
5863,0,0,0.02297737526238275,-4.290621757507324,-0.5406219959259033,attack,No
5864,0,0,0.0007096704836398597,-7.725905418395996,-0.47590553760528564,attack,no
5865,0,0,0.00669285216258202,-5.120381832122803,-0.12038201838731766,attack,No
5866,0,0,0.0019267343194643127,-6.82801628112793,-0.5780161023139954,attack,no
5867,0,0,0.0075772430607274135,-5.405203819274902,-0.5302040576934814,attack,no
5868,0,0,0.005911070257222078,-5.822771072387695,-0.6977713108062744,attack,no
5869,0,0,0.007577240371427665,-5.514523983001709,-0.6395238637924194,attack,No
5870,0,0,0.008577483893094128,-5.231632232666016,-0.4816320538520813,attack,No
5871,0,0,0.0010322312826038706,-7.452425956726074,-0.5774261951446533,attack,No
5872,0,0,0.004609573273316032,-6.011835098266602,-0.6368353366851807,attack,no
5873,0,0,0.0040701374742844335,-6.079018592834473,-0.5790185332298279,attack,no
5874,0,0,0.0019267346633274755,-6.82778263092041,-0.5777826309204102,attack,no
5875,0,0,0.0024726234506656126,-6.635618209838867,-0.6356183290481567,attack,no
5876,0,0,0.002472623303650189,-6.284424304962158,-0.284424364566803,attack,no
5877,0,0,0.04742587317756679,-3.666942834854126,-0.666942834854126,attack,No
5878,0,0,0.007577242612510723,-5.458481311798096,-0.58348149061203,attack,No
5879,0,0,0.002800926967120973,-6.352670192718506,-0.47767019271850586,attack,no
5880,0,0,0.003172683219498529,-6.3292460441589355,-0.5792461633682251,attack,no
5881,0,0,0.0017007227150309691,-6.953219890594482,-0.5782200694084167,attack,No
5882,0,0,0.0013250225749588576,-7.202256202697754,-0.5772563219070435,attack,no
5883,0,0,0.025957358704815272,-4.277459144592285,-0.6524592041969299,attack,no
5884,0,0,0.0013250226538317129,-7.319589614868164,-0.6945897936820984,attack,no
5885,0,0,0.0028009266341596987,-6.227209091186523,-0.3522089719772339,attack,no
5886,0,0,0.00218271696460951,-6.820542335510254,-0.695542573928833,attack,no
5887,0,0,0.006692849339264817,-5.6379499435424805,-0.6379497051239014,attack,no
5888,0,0,0.001700722209038197,-7.009112358093262,-0.6341122388839722,attack,No
5889,0,0,0.0008040857919630916,-7.7023115158081055,-0.5773113369941711,attack,No
5890,0,0,0.0046095710854326425,-6.071664810180664,-0.696664571762085,attack,no
5891,0,0,0.004609572726345088,-6.012053966522217,-0.6370540857315063,attack,No
5892,0,0,0.08509904964767095,-2.8350839614868164,-0.4600840210914612,attack,No
5893,0,0,8.481107521099662e-05,-9.476116180419922,-0.10111657530069351,attack,No
5894,0,1,0.5312093733737563,-1.0902212858200073,-1.2152212858200073,attack,Yes
5895,0,0,0.0028009270503612984,-6.351361274719238,-0.47636130452156067,attack,No
5896,0,0,0.0035936022346033897,-5.718279838562012,-0.09327974170446396,attack,No
5897,0,0,0.014063627869714051,-4.953819274902344,-0.7038193345069885,attack,no
5898,0,0,0.0013250222594674832,-7.1005659103393555,-0.4755657911300659,attack,No
5899,0,0,0.005220125693558397,-5.830491065979004,-0.5804910659790039,attack,No
5900,0,0,0.0017007222596374673,-6.806455612182617,-0.43145552277565,attack,No
5901,0,0,0.00033535016043906285,-8.429346084594727,-0.4293461740016937,attack,No
5902,0,0,0.004070137232672753,-6.197534084320068,-0.6975339651107788,attack,no
5903,0,0,0.16451644651115205,-2.395054817199707,-0.7700546979904175,attack,no
5904,0,0,0.0024726234506656126,-6.5801591873168945,-0.5801593065261841,attack,no
5905,0,0,0.0006263341954184638,-7.851284980773926,-0.47628504037857056,attack,No
5906,0,0,0.0008040858398518034,-7.6002888679504395,-0.4752887487411499,attack,no
5907,0,0,0.005220125074519377,-5.8875603675842285,-0.637560248374939,attack,No
5908,0,0,0.0009110511944006454,-7.57705020904541,-0.5770502090454102,attack,No
5909,0,0,0.037326887344129464,-3.908886194229126,-0.658886194229126,attack,no
5910,0,0,0.001325022594677071,-6.853237628936768,-0.22823776304721832,attack,no
5911,0,0,0.02931222905542399,-3.999220132827759,-0.499220073223114,attack,No
5912,0,0,0.020332352155396922,-4.3646650314331055,-0.4896649718284607,attack,No
5913,0,0,0.0004305570909441722,-7.840415954589844,-0.09041597694158554,attack,No
5914,0,0,0.004609571222175325,-5.808341026306152,-0.43334081768989563,attack,No
5915,0,0,0.0017007221078396608,-6.900472640991211,-0.5254724621772766,attack,No
5916,0,0,0.0011695102650555148,-7.276060104370117,-0.5260601043701172,attack,No
5917,0,0,0.001926734204843272,-6.82908821105957,-0.5790879726409912,attack,no
5918,0,0,0.24508501313237172,-1.7091948986053467,-0.5841948986053467,attack,No
5919,0,0,0.0009110514114143117,-7.387876510620117,-0.3878767490386963,attack,No
5920,0,0,0.0019267348925696179,-6.77537202835083,-0.5253721475601196,attack,No
5921,0,0,0.007577241716077422,-5.457195281982422,-0.5821953415870667,attack,No
5922,0,0,0.0035936025814200896,-6.321465969085693,-0.6964659690856934,attack,no
5923,0,0,9.610237827008215e-05,-9.563545227050781,-0.3135448396205902,attack,No
5924,0,0,0.025957354183760273,-4.035048007965088,-0.41004788875579834,attack,No
5925,0,0,0.04742587317756679,-3.5598340034484863,-0.5598340034484863,attack,No
5926,0,0,0.0035936017277175022,-6.205060958862305,-0.5800607204437256,attack,No
5927,0,0,0.000911051248654057,-7.6940412521362305,-0.6940413117408752,attack,no
5928,0,0,0.0019267348925696179,-6.726125240325928,-0.4761253595352173,attack,No
5929,0,0,0.003172683219498529,-6.1830973625183105,-0.4330974817276001,attack,No
5930,0,0,0.0035936021545687705,-6.321951389312744,-0.6969512701034546,attack,no
5931,0,0,0.0006263340088732682,-8.008941650390625,-0.6339414119720459,attack,no
5932,0,0,0.001700722411435288,-7.009943962097168,-0.634943962097168,attack,no
5933,0,0,0.0011695104043089619,-7.327445983886719,-0.5774461030960083,attack,No
5934,0,0,0.00218271670497733,-6.820148944854736,-0.6951490640640259,attack,no
5935,0,0,0.0011695101258020842,-7.384169101715088,-0.6341689825057983,attack,No
5936,0,0,0.002800926967120973,-6.571523189544678,-0.6965231895446777,attack,no
5937,0,0,0.0031726824654718946,-6.182229518890381,-0.4322293996810913,attack,no
5938,0,0,0.015906388912772775,-4.661427974700928,-0.5364277958869934,attack,No
5939,0,0,0.0021827163155291175,-6.759942054748535,-0.6349419951438904,attack,no
5940,0,0,0.0015011823460801075,-6.976397514343262,-0.4763975739479065,attack,no
5941,0,0,0.01243164865786858,-5.076699733734131,-0.7016995549201965,attack,no
5942,0,0,0.006692849735519792,-5.6989521980285645,-0.6989520192146301,attack,no
5943,0,0,0.025957352676742106,-4.222280979156494,-0.5972808003425598,attack,No
5944,0,0,0.02033235096813516,-4.467469692230225,-0.5924695730209351,attack,no
5945,0,0,0.020332348593611837,-4.4144392013549805,-0.5394389629364014,attack,no
5946,0,0,0.0040701384407312935,-5.980749607086182,-0.48074978590011597,attack,no
5947,0,0,0.0006263341208003788,-7.850250244140625,-0.4752501845359802,attack,no
5948,0,0,0.22270013882530884,-2.0699615478515625,-0.8199615478515625,attack,no
5949,0,0,0.04208772791561884,-3.7891130447387695,-0.6641130447387695,attack,No
5950,0,0,0.0035936023679944244,-6.2611846923828125,-0.6361846327781677,attack,No
5951,0,0,0.004609572999830552,-6.011714458465576,-0.6367146372795105,attack,no
5952,0,0,0.017986206803753842,-4.6460418701171875,-0.6460416913032532,attack,No
5953,0,0,0.01243165304850344,-4.908046722412109,-0.5330469012260437,attack,No
5954,0,0,0.0004305571069767681,-8.44428539276123,-0.6942854523658752,attack,no
5955,0,0,0.004609571222175325,-5.766294479370117,-0.3912942707538605,attack,no
5956,0,0,0.008577483893094128,-5.333035945892334,-0.5830357670783997,attack,no
5957,0,0,0.007577241716077422,-5.515406131744385,-0.6404061913490295,attack,no
5958,0,0,0.0019267350071906994,-6.884822845458984,-0.6348230242729187,attack,No
5959,0,0,0.0035936017277175022,-6.320953369140625,-0.6959531307220459,attack,no
5960,0,0,0.004070138199119559,-6.026432037353516,-0.5264321565628052,attack,No
5961,0,0,0.003593603221697163,-6.015407085418701,-0.3904072642326355,attack,No
5962,0,0,0.002472623524173327,-6.284750938415527,-0.2847510874271393,attack,No
5963,0,0,0.0010322311596793377,-7.4519243240356445,-0.5769244432449341,attack,No
5964,0,0,0.01098694263059318,-5.032965660095215,-0.5329656600952148,attack,No
5965,0,1,0.835483553488848,-0.54381263256073,-2.1688127517700195,attack,Yes
5966,0,0,0.005911068155754778,-5.604912281036377,-0.4799121618270874,attack,No
5967,0,0,0.01098694392594878,-5.14209508895874,-0.6420952081680298,attack,No
5968,0,0,0.0010322309752925658,-7.263260364532471,-0.3882603049278259,attack,no
5969,0,0,0.0040701384407312935,-5.977551460266113,-0.4775516390800476,attack,no
5970,0,0,0.002800926967120973,-6.453219890594482,-0.5782198905944824,attack,No
5971,0,0,0.01098694392594878,-5.03529691696167,-0.5352970361709595,attack,No
5972,0,1,0.7981867777396212,-0.5511219501495361,-1.9261219501495361,attack,Yes
5973,0,0,0.0021827165751612514,-6.604726314544678,-0.4797263741493225,attack,No
5974,0,0,0.0035936025814200896,-6.261000633239746,-0.6360006332397461,attack,no
5975,0,0,0.006692849933647288,-5.355395317077637,-0.3553951680660248,attack,no
5976,0,0,0.004609572999830552,-6.012594699859619,-0.6375948786735535,attack,no
5977,0,0,0.0024726230831270705,-6.351780414581299,-0.35178038477897644,attack,No
5978,0,0,0.0024726237446964848,-6.634858131408691,-0.6348583698272705,attack,no
5979,0,0,0.0007096702300220753,-7.826716423034668,-0.5767161846160889,attack,no
5980,0,0,0.0031726826539785367,-6.3291707038879395,-0.5791706442832947,attack,no
5981,0,0,0.03732688306051187,-3.7171578407287598,-0.4671577215194702,attack,no
5982,0,0,0.00522012445548043,-5.77747917175293,-0.5274789333343506,attack,No
5983,0,0,0.005911068155754778,-5.76236629486084,-0.6373661756515503,attack,no
5984,0,0,0.0035936034351228795,-6.204904556274414,-0.5799047946929932,attack,no
5985,0,0,0.0031726824654718946,-6.385261535644531,-0.6352614164352417,attack,No
5986,0,0,0.00218271670497733,-6.703032970428467,-0.5780330896377563,attack,no
5987,0,0,0.0019267345487064141,-6.827756881713867,-0.5777568221092224,attack,No
5988,0,0,0.02931222820745785,-3.9550867080688477,-0.4550866186618805,attack,no
5989,0,0,0.007577241716077422,-5.457901477813721,-0.5829015374183655,attack,no
5990,0,0,0.0040701369910610885,-6.079564094543457,-0.5795639157295227,attack,No
5991,0,0,0.01243164938964095,-5.017149925231934,-0.642149806022644,attack,No
5992,0,0,0.037326887344129464,-3.908273220062256,-0.6582732200622559,attack,No
5993,0,0,0.001700722360836013,-6.805364608764648,-0.43036457896232605,attack,no
5994,0,0,0.002182716185713063,-6.650729656219482,-0.5257295370101929,attack,no
5995,0,0,0.002472622715588583,-6.433000087738037,-0.4329999089241028,attack,no
5996,0,0,0.0006263340088732682,-7.951869010925293,-0.5768687725067139,attack,no
5997,0,0,0.0011695104043089619,-7.327312469482422,-0.5773125886917114,attack,no
5998,0,0,0.0019267346633274755,-6.6397600173950195,-0.38976001739501953,attack,no
5999,0,0,0.0005527785381337246,-7.975040912628174,-0.4750407338142395,attack,No
